self,pid,command,shared_obj,symbol
3883247466.0,3709077,python,python,set_lookkey
3780447250.0,3708447,python,python,set_lookkey
3405192899.0,3708580,python,python,set_lookkey
3404169591.0,3708760,python,python,set_lookkey
3398204672.0,3708935,python,python,set_lookkey
3296695975.0,3709441,python,python,set_lookkey
3275259809.0,3709270,python,python,set_lookkey
2640403744.0,3709077,python,python,unicodekeys_lookup_unicode
2616949177.0,3708447,python,python,unicodekeys_lookup_unicode
2427471313.0,3708580,python,python,unicodekeys_lookup_unicode
2426123134.0,3708447,python,python,dictiter_iternextkey
2389195330.0,3708760,python,python,unicodekeys_lookup_unicode
2327505001.0,3708935,python,python,unicodekeys_lookup_unicode
2287751009.0,3709270,python,python,unicodekeys_lookup_unicode
2249748182.0,3709441,python,python,unicodekeys_lookup_unicode
2198877741.0,3709077,python,python,dictiter_iternextkey
2175912973.0,3708935,python,python,dictiter_iternextkey
2160137334.0,3708760,python,python,dictiter_iternextkey
2134614385.0,3708580,python,python,dictiter_iternextkey
2099255112.0,3709270,python,python,dictiter_iternextkey
2068826967.0,3709441,python,python,dictiter_iternextkey
455810768.0,3708447,python,python,_PyDict_Subscript
405862887.0,3709077,python,python,_PyDict_Subscript
397791168.0,3709077,python,python,set_lookkey
393356887.0,3709441,python,python,_PyDict_Subscript
381677714.0,3708580,python,python,_PyDict_Subscript
378866804.0,3709270,python,python,_PyDict_Subscript
370285755.0,3708760,python,python,_PyDict_Subscript
367562107.0,3708935,python,python,_PyDict_Subscript
342868335.0,3708580,python,python,set_lookkey
336403037.0,3708935,python,python,set_lookkey
323225609.0,3709270,python,python,set_lookkey
323103300.0,3708760,python,python,set_lookkey
295374770.0,3709077,python,python,unicodekeys_lookup_unicode
284128052.0,3709077,python,[JIT],0x0000f0f377c060cc
279271052.0,3708580,python,[JIT],0x0000f9c1c7c0b0cc
277275614.0,3708447,python,[JIT],0x0000e1f85713f0cc
270311532.0,3708935,python,[JIT],0x0000e5a3cd71f0cc
264414397.0,3708760,python,[JIT],0x0000fb7688bde0cc
259659086.0,3709441,python,[JIT],0x0000f934751980cc
251448728.0,3708935,python,python,unicodekeys_lookup_unicode
250143133.0,3708580,python,python,unicodekeys_lookup_unicode
247952978.0,3709270,python,[JIT],0x0000eaaffa1f10cc
243334137.0,3708760,python,python,unicodekeys_lookup_unicode
234157275.0,3709270,python,python,dictiter_iternextkey
229347254.0,3708935,python,python,dictiter_iternextkey
225878233.0,3709077,python,python,dictiter_iternextkey
220599257.0,3709270,python,python,unicodekeys_lookup_unicode
219371862.0,3708760,python,python,dictiter_iternextkey
216804007.0,3708580,python,python,dictiter_iternextkey
195417409.0,3708447,python,python,unicode_hash
189466033.0,3708580,python,python,unicode_hash
187368937.0,3708447,python,python,_PyEval_EvalFrameDefault
184522725.0,3708447,python,libc.so.6,memcmp
183258388.0,3709270,python,python,unicode_hash
180300792.0,3709441,python,python,unicode_hash
179317250.0,3708760,python,python,_PySet_Contains
178523884.0,3708760,python,python,unicode_hash
176564200.0,3708935,python,python,unicode_hash
175975572.0,3709270,python,libc.so.6,memcmp
175921669.0,3709270,python,python,_PySet_Contains
175575543.0,3708580,python,libc.so.6,memcmp
173263426.0,3709077,python,python,unicode_hash
172202869.0,3709270,python,python,_PyEval_EvalFrameDefault
171338021.0,3708935,python,libc.so.6,memcmp
170647431.0,3709441,python,libc.so.6,memcmp
169953825.0,3708935,python,python,_PyEval_EvalFrameDefault
168891294.0,3709077,python,python,_PySet_Contains
168387616.0,3708447,python,python,_PySet_Contains
167923872.0,3708760,python,libc.so.6,memcmp
165901423.0,3708760,python,python,_PyEval_EvalFrameDefault
164857121.0,3708935,python,python,_PySet_Contains
164850260.0,3708580,python,python,_PyEval_EvalFrameDefault
164241913.0,3709441,python,python,_PyEval_EvalFrameDefault
163736136.0,3708447,python,python,build_indices_unicode
161934147.0,3709077,python,libc.so.6,memcmp
160466568.0,3709441,python,python,_PySet_Contains
160208601.0,3709077,python,python,_PyEval_EvalFrameDefault
160019992.0,3709077,python,python,build_indices_unicode
159185143.0,3708580,python,python,_PySet_Contains
149892256.0,3708760,python,python,build_indices_unicode
149043692.0,3708935,python,python,build_indices_unicode
148644531.0,3708580,python,python,build_indices_unicode
143195234.0,3709441,python,python,build_indices_unicode
142661816.0,3709270,python,python,build_indices_unicode
130980900.0,3708447,python,python,set_dealloc
122799813.0,3709077,python,python,set_dealloc
120813232.0,3708760,python,python,set_dealloc
119236356.0,3708935,python,python,set_dealloc
118361986.0,3708580,python,python,set_dealloc
114600798.0,3709270,python,python,set_dealloc
112082926.0,3709441,python,python,set_dealloc
108853683.0,3708447,python,python,dictkeys_decref.part.0.constprop.0
106969627.0,3709077,python,python,dictkeys_decref.part.0.constprop.0
104152321.0,3708447,python,python,_Py_dict_lookup
99306260.0,3708935,python,python,dictkeys_decref.part.0.constprop.0
99047920.0,3708760,python,python,dictkeys_decref.part.0.constprop.0
98803529.0,3708580,python,python,dictkeys_decref.part.0.constprop.0
96275771.0,3709441,python,python,PyObject_Hash
94957468.0,3708580,python,python,PyObject_Hash
94722468.0,3709270,python,python,PyObject_Hash
94467371.0,3708447,python,python,PyObject_Hash
94062682.0,3709270,python,python,dictkeys_decref.part.0.constprop.0
93752507.0,3708935,python,python,PyObject_Hash
92991779.0,3709077,python,python,PyObject_Hash
91848461.0,3709441,python,python,dictkeys_decref.part.0.constprop.0
89367080.0,3708760,python,python,_Py_dict_lookup
89267796.0,3708760,python,python,PyObject_Hash
86548551.0,3709441,python,python,_Py_dict_lookup
86542228.0,3708447,python,python,list_dealloc
85115060.0,3708447,python,python,deque_clear.part.0
85041052.0,3709077,python,python,_Py_dict_lookup
81768609.0,3709077,python,python,list_dealloc
80676961.0,3709077,python,python,deque_clear.part.0
79600820.0,3708935,python,python,_Py_dict_lookup
78785895.0,3709270,python,python,_Py_dict_lookup
77552483.0,3708580,python,python,list_dealloc
77367677.0,3708935,python,python,list_dealloc
77018541.0,3708935,python,python,deque_clear.part.0
76969223.0,3708760,python,python,deque_clear.part.0
76877641.0,3708580,python,python,_Py_dict_lookup
75132246.0,3708760,python,python,list_dealloc
74968839.0,3709270,python,python,deque_clear.part.0
74702722.0,3708580,python,python,deque_clear.part.0
73627239.0,3709270,python,python,list_dealloc
73356735.0,3708447,python,python,_PyObject_Free
72789524.0,3709441,python,python,list_dealloc
72446988.0,3709441,python,python,insertdict
72379384.0,3708935,python,python,_PyObject_Free
71917918.0,3708580,python,python,insertdict
71421637.0,3708760,python,python,insertdict
70535589.0,3709441,python,python,deque_clear.part.0
69676510.0,3708447,python,python,insertdict
68941306.0,3709270,python,python,insertdict
68699625.0,3709441,python,python,_PyObject_Free
68682847.0,3709077,python,python,insertdict
68262155.0,3708447,python,python,set_table_resize
67901863.0,3709077,python,python,_PyObject_Free
64966384.0,3708447,python,python,_Py_Dealloc
64689504.0,3708760,python,python,_PyObject_Free
63834180.0,3709077,python,python,set_table_resize
63230034.0,3709270,python,python,_PyObject_Free
63084345.0,3708935,python,python,set_table_resize
62761779.0,3708935,python,python,insertdict
61983196.0,3708580,python,python,_PyObject_Free
61854406.0,3708580,python,python,set_table_resize
61510993.0,3708447,python,python,tuple_alloc
61102098.0,3709270,python,python,set_table_resize
60865699.0,3708760,python,python,set_table_resize
60352613.0,3709441,python,python,set_table_resize
57051626.0,3709441,python,python,_Py_Dealloc
57046876.0,3709270,python,python,_Py_Dealloc
56270325.0,3708447,python,python,set_add_entry_takeref
55242558.0,3709441,python,python,set_add_entry_takeref
54305865.0,3709270,python,python,tuple_dealloc
53569121.0,3708935,python,python,tuple_alloc
52589361.0,3708935,python,python,_PyJIT_Entry
52339050.0,3709077,python,python,_Py_Dealloc
51564765.0,3708935,python,python,_Py_Dealloc
51323308.0,3708447,python,python,merge_from_seq2_lock_held
51076070.0,3708447,python,python,tuple_dealloc
50352623.0,3708580,python,python,tuple_dealloc
49398050.0,3708935,python,python,set_add_entry_takeref
49349173.0,3709270,python,python,set_add_entry_takeref
49086421.0,3708760,python,python,_PyJIT_Entry
48861621.0,3708580,python,python,_Py_Dealloc
48797340.0,3709441,python,python,merge_from_seq2_lock_held
48618603.0,3708580,python,python,set_add_entry_takeref
48375619.0,3708760,python,python,_Py_Dealloc
48333497.0,3709077,python,python,tuple_dealloc
48116304.0,3709077,python,python,tuple_alloc
47342255.0,3708760,python,python,set_add_entry_takeref
47091817.0,3708935,python,python,tuple_dealloc
46848527.0,3708760,python,python,tuple_dealloc
46806265.0,3709077,python,python,set_add_entry_takeref
46379094.0,3708580,python,python,_PyDict_Subscript
45894902.0,3708580,python,python,tuple_alloc
45639169.0,3709441,python,python,tuple_alloc
44764431.0,3709270,python,python,merge_from_seq2_lock_held
43409396.0,3708580,python,python,_PyJIT_Entry
43180792.0,3709441,python,python,tuple_dealloc
42898963.0,3708447,python,python,_PyJIT_Entry
42412322.0,3709077,python,python,_PyJIT_Entry
42157546.0,3709270,python,python,_PyTuple_FromStackRefStealOnSuccess
41897112.0,3709441,python,python,_PyJIT_Entry
41636303.0,3709077,python,python,merge_from_seq2_lock_held
41134055.0,3708760,python,python,merge_from_seq2_lock_held
40667416.0,3708580,python,python,merge_from_seq2_lock_held
40425702.0,3708760,python,python,_PyDict_Subscript
39908039.0,3708935,python,python,merge_from_seq2_lock_held
39451838.0,3708760,python,python,tuple_alloc
39181397.0,3709270,python,python,_PyDict_Subscript
39156378.0,3708935,python,python,_PyTuple_FromStackRefStealOnSuccess
38990065.0,3709077,python,python,_PyTuple_FromStackRefStealOnSuccess
38942139.0,3709441,python,python,_PyTuple_FromStackRefStealOnSuccess
38695279.0,3708447,python,python,set_add
37690374.0,3708447,python,python,_PyTuple_FromStackRefStealOnSuccess
37664577.0,3708935,python,python,set_add
37472778.0,3708935,python,python,gen_iternext
36706022.0,3709270,python,python,gen_iternext
36291463.0,3708760,python,python,_PyTuple_FromStackRefStealOnSuccess
36204086.0,3709270,python,python,tuple_alloc
36153849.0,3709270,python,python,_PyJIT_Entry
35989200.0,3708760,python,python,gen_iternext
35962312.0,3709077,python,python,_PyDict_Subscript
35476601.0,3708580,python,python,_PyTuple_FromStackRefStealOnSuccess
35437342.0,3709270,python,python,set_add
35223040.0,3708447,python,python,_PyLong_FromMedium
35214479.0,3709270,python,python,_PyObject_GC_New
35181017.0,3708760,python,python,set_add
34977336.0,3708447,python,python,_PyObject_GC_New
34716809.0,3709077,python,python,gen_iternext
34706359.0,3709270,python,python,_PyLong_FromMedium
34703731.0,3708935,python,python,_Py_NewReference
34476055.0,3709441,python,python,_PyObject_GC_New
34223947.0,3708935,python,python,_PyDict_Subscript
33989033.0,3708447,python,python,_Py_NewReference
33977744.0,3709077,python,[JIT],0x0000f0f377c060cc
33966141.0,3709441,python,python,dict_iter
33957183.0,3708760,python,python,_PyLong_FromMedium
33738032.0,3709441,python,python,_PyLong_FromMedium
33467099.0,3708760,python,python,_PyObject_GC_New
33464239.0,3708580,python,python,_PyObject_GC_New
33251347.0,3708580,python,python,set_add
33219977.0,3709270,python,python,_Py_NewReference
32626408.0,3709441,python,python,_Py_NewReference
32481161.0,3708760,python,python,_Py_NewReference
32015348.0,3709441,python,python,gen_iternext
31999887.0,3708935,python,python,dict_iter
31997871.0,3708580,python,python,gen_iternext
31975974.0,3708447,python,python,find_empty_slot
31762876.0,3708447,python,python,gen_iternext
31501885.0,3709077,python,python,set_add
31007716.0,3708447,python,[kernel.kallsyms],_raw_spin_unlock_irqrestore
31002646.0,3709441,python,python,set_add
30755662.0,3709077,python,python,_PyLong_FromMedium
30499572.0,3708447,python,python,_PyLong_ExactDealloc
30266789.0,3708580,python,python,_Py_NewReference
30265032.0,3709441,python,[kernel.kallsyms],_raw_spin_unlock_irqrestore
29768883.0,3708447,python,python,dictiter_dealloc
29272631.0,3708580,python,python,dict_iter
29265444.0,3708447,python,python,_PyObject_Malloc
29033598.0,3709077,python,python,dictiter_dealloc
28763333.0,3708580,python,python,_PyLong_FromMedium
28512268.0,3708935,python,python,_PyLong_FromMedium
28509394.0,3709077,python,python,dict_iter
28281679.0,3708447,python,python,dict_iter
28016920.0,3709441,python,python,PyObject_GetIter
27777036.0,3709077,python,python,_PyObject_GC_New
27771559.0,3708935,python,python,_PyObject_GC_New
27527202.0,3709270,python,python,dict_iter
27290838.0,3709077,python,[kernel.kallsyms],_raw_spin_unlock_irqrestore
27289237.0,3708447,python,python,PyObject_GC_Del
27287515.0,3708760,python,python,dict_iter
27039298.0,3708580,python,python,_PyLong_ExactDealloc
27037108.0,3708580,python,python,PyObject_GC_Del
26789485.0,3708760,python,python,_PyLong_ExactDealloc
26781876.0,3708580,python,python,dictiter_dealloc
26537196.0,3708580,python,[JIT],0x0000f9c1c7c0b0cc
26290323.0,3709077,python,python,_Py_NewReference
26054927.0,3708935,python,python,PyObject_GetIter
26047277.0,3708760,python,python,PyObject_GC_Del
26025603.0,3708760,python,[JIT],0x0000fb7688bde0cc
26023221.0,3709077,python,python,_PyLong_ExactDealloc
25808084.0,3708447,python,libc.so.6,__memset_zva64
25781605.0,3708447,python,python,memcmp@plt
25553643.0,3708935,python,[kernel.kallsyms],_raw_spin_unlock_irqrestore
25310570.0,3709441,python,[kernel.kallsyms],__pi_clear_page
24810609.0,3708760,python,[kernel.kallsyms],_raw_spin_unlock_irqrestore
24803811.0,3709077,python,python,_PyObject_Malloc
24799252.0,3708447,python,python,PySequence_Fast
24796596.0,3709441,python,python,_PyLong_ExactDealloc
24535886.0,3708935,python,python,PyObject_GC_Del
24309769.0,3708580,python,python,find_empty_slot
24308675.0,3708580,python,python,PyObject_GetIter
24286159.0,3709270,python,python,_PyLong_ExactDealloc
24051185.0,3709270,python,python,memcmp@plt
23824242.0,3709077,python,[kernel.kallsyms],__pi_clear_page
23820134.0,3708935,python,[kernel.kallsyms],__pi_clear_page
23814750.0,3708447,python,python,PyObject_GetIter
23813944.0,3708935,python,[JIT],0x0000e5a3cd71f0cc
23813148.0,3709077,python,python,PyObject_GetIter
23811911.0,3708935,python,python,dictiter_dealloc
23808094.0,3708580,python,[kernel.kallsyms],_raw_spin_unlock_irqrestore
23787835.0,3709270,python,[kernel.kallsyms],_raw_spin_unlock_irqrestore
23569027.0,3709441,python,python,setitem_take2_lock_held
23565569.0,3708935,python,python,_PyLong_ExactDealloc
23541736.0,3709077,python,python,memcmp@plt
23071885.0,3709441,python,python,PyObject_GC_Del
23069901.0,3708760,python,python,_PyObject_Malloc
23055874.0,3708935,python,python,_PyObject_Malloc
23033771.0,3709270,python,[JIT],0x0000eaaffa1f10cc
22544163.0,3708935,python,python,find_empty_slot
22537473.0,3708580,python,python,memcmp@plt
22384052.0,3708580,python,python,_PyEval_EvalFrameDefault
22340420.0,3708447,python,[kernel.kallsyms],__pi_clear_page
22292133.0,3709441,python,python,memcmp@plt
22075021.0,3709270,python,libc.so.6,__memset_zva64
22071518.0,3709270,python,python,setitem_take2_lock_held
22047362.0,3709270,python,python,dictiter_dealloc
21828154.0,3708760,python,python,dictiter_dealloc
21579399.0,3708447,python,python,setitem_take2_lock_held
21577219.0,3708580,python,python,setitem_take2_lock_held
21577137.0,3709077,python,python,unicode_hash
21572615.0,3708935,python,python,memcmp@plt
21316818.0,3709441,python,python,_PyObject_Malloc
21083117.0,3709441,python,python,dictiter_dealloc
21079748.0,3709270,python,python,find_empty_slot
20842226.0,3708580,python,libc.so.6,__memset_zva64
20839062.0,3708447,python,python,PyLong_FromSsize_t
20836430.0,3708760,python,python,PySequence_Fast
20832833.0,3709270,python,python,PyObject_GC_Del
20828012.0,3709077,python,python,find_empty_slot
20598458.0,3708935,python,[kernel.kallsyms],el0_da
20589175.0,3708760,python,python,memcmp@plt
20449833.0,3708760,python,python,find_empty_slot
20354237.0,3708760,python,python,PyObject_GetIter
20345385.0,3709077,python,libc.so.6,__memset_zva64
20343271.0,3709441,python,libc.so.6,__memset_zva64
20340218.0,3708935,python,python,_PySet_Contains
20335376.0,3709270,python,python,_PyEval_EvalFrameDefault
20329873.0,3708760,python,python,setitem_take2_lock_held
20324527.0,3709270,python,python,_PyObject_Malloc
20090992.0,3708580,python,python,_PyObject_Malloc
20084089.0,3708760,python,python,_PySet_Contains
20083582.0,3708935,python,libc.so.6,__memset_zva64
20051694.0,3708760,python,python,_PyEval_EvalFrameDefault
19955436.0,3708760,python,libc.so.6,__memset_zva64
19952046.0,3709441,python,python,PySequence_Fast
19849581.0,3709270,python,[kernel.kallsyms],__pi_clear_page
19607544.0,3708760,python,[kernel.kallsyms],__pi_clear_page
19604312.0,3708580,python,[kernel.kallsyms],el0_da
19593291.0,3708935,python,python,_PyEval_EvalFrameDefault
19586589.0,3708580,python,python,PySequence_Fast
19346052.0,3709270,python,python,PySequence_Fast
19342809.0,3709270,python,python,unicode_hash
19340212.0,3709077,python,python,PyObject_GC_Del
19329980.0,3709077,python,python,setitem_take2_lock_held
19110802.0,3709441,python,[kernel.kallsyms],el0_da
19101793.0,3708935,python,python,setitem_take2_lock_held
19097666.0,3709077,python,python,PySequence_Fast
18847068.0,3709270,python,libc.so.6,memcmp
18593865.0,3708935,python,python,unicode_hash
18590954.0,3709270,python,python,PyLong_FromSsize_t
18587545.0,3708760,python,python,unicode_hash
18110212.0,3709441,python,python,find_empty_slot
18104621.0,3709077,python,libc.so.6,memcmp
17860532.0,3708935,python,python,PyLong_FromSsize_t
17610465.0,3708580,python,[JIT],0x0000f9c1c7c0d0cc
17608164.0,3709077,python,python,_PySet_Contains
17569201.0,3709077,python,python,_PyEval_EvalFrameDefault
17370361.0,3709270,python,[kernel.kallsyms],el0_da
17360016.0,3709270,python,python,_PySet_Contains
17335228.0,3709270,python,[JIT],0x0000eaaffa1f30cc
17116178.0,3708935,python,libc.so.6,memcmp
17114293.0,3709077,python,python,PyLong_FromSsize_t
16772703.0,3709077,python,python,build_indices_unicode
16380179.0,3709077,python,[kernel.kallsyms],el0_da
16352191.0,3708935,python,python,PySequence_Fast
16350151.0,3708760,python,python,PyLong_FromSsize_t
16124140.0,3709441,python,[JIT],0x0000f934751980c8
15876837.0,3708447,python,[kernel.kallsyms],el0_da
15873652.0,3708580,python,libc.so.6,memcmp
15659924.0,3708935,python,[JIT],0x0000e5a3cd7c20cc
15628431.0,3708447,python,[JIT],0x0000e1f8571e10bc
15592758.0,3709441,python,python,PyLong_FromSsize_t
15376201.0,3709270,python,python,PyObject_GetIter
15363601.0,3708935,python,python,build_indices_unicode
15344405.0,3709077,python,[JIT],0x0000f0f377c080cc
15140186.0,3708760,python,[kernel.kallsyms],el0_da
14883834.0,3708580,python,python,PyLong_FromSsize_t
14879121.0,3708760,python,libc.so.6,memcmp
14864131.0,3708580,python,python,build_indices_unicode
14858029.0,3709077,python,[JIT],0x0000f0f377c060c8
14616159.0,3708760,python,python,build_indices_unicode
14615477.0,3709270,python,python,build_indices_unicode
14385255.0,3708580,python,python,unicode_hash
14381261.0,3709441,python,[JIT],0x0000f934751990ac
14154364.0,3708760,python,python,PyIter_Next
14137215.0,3708447,python,[JIT],0x0000e1f8571e108c
14114838.0,3709270,python,python,deque_extend_impl
13889213.0,3709077,python,python,PyObject_Hash
13888975.0,3708760,python,[JIT],0x0000fb7688bde0c8
13888459.0,3708580,python,python,_PySet_Contains
13888022.0,3709441,python,[JIT],0x0000f9347519a0cc
13886044.0,3708447,python,python,PyIter_Next
13881838.0,3708580,python,python,PyIter_Next
13881099.0,3709441,python,python,PyIter_Next
13869559.0,3709077,python,python,deque_extend_impl
13644430.0,3708447,python,python,PyObject_Free
13643629.0,3708447,python,[JIT],0x0000e1f8571e116c
13642946.0,3708760,python,[JIT],0x0000fb7688c810cc
13642886.0,3708447,python,[JIT],0x0000e1f8571e1208
13401620.0,3708580,python,[kernel.kallsyms],__pi_clear_page
13395459.0,3708935,python,[JIT],0x0000e5a3cd7c1060
13394650.0,3708935,python,python,PyObject_Free
13394507.0,3708580,python,[JIT],0x0000f9c1c7c0b0c8
13366005.0,3708447,python,python,deque_extend_impl
13362297.0,3709077,python,[JIT],0x0000f0f377c07028
13150775.0,3709077,python,libc.so.6,__memcpy_generic
13148204.0,3708447,python,[JIT],0x0000e1f85713f0c8
13147362.0,3708580,python,[JIT],0x0000f9c1c7c0c080
12900353.0,3708447,python,[JIT],0x0000e1f8571e1060
12899916.0,3708935,python,python,PyObject_Size
12897141.0,3709441,python,python,PyObject_Free
12896535.0,3709077,python,[JIT],0x0000f0f377c07208
12896333.0,3709270,python,[JIT],0x0000eaaffa1f21fc
12895878.0,3709270,python,python,PyObject_Malloc
12892948.0,3708447,python,libc.so.6,__memcpy_generic
12652978.0,3708447,python,[JIT],0x0000e1f8571e1028
12652157.0,3709441,python,python,_PyObject_GC_Link
12650771.0,3708935,python,[JIT],0x0000e5a3cd7c1028
12633560.0,3708580,python,python,deque_extend_impl
12623769.0,3709077,python,python,set_dealloc
12404529.0,3708447,python,[JIT],0x0000e1f8571e1240
12403668.0,3708935,python,[JIT],0x0000e5a3cd7c1208
12158131.0,3709441,python,python,PyObject_Size
12156382.0,3708447,python,[JIT],0x0000e1f8571e11fc
12155409.0,3708760,python,[JIT],0x0000fb7688bdf1fc
12154613.0,3708760,python,[JIT],0x0000fb7688bdf028
12154572.0,3708580,python,python,PyObject_Free
12154572.0,3708935,python,[JIT],0x0000e5a3cd7c1080
12154494.0,3709441,python,[JIT],0x0000f93475199080
12125054.0,3708447,python,[JIT],0x0000e1f8571e10ac
11908534.0,3708447,python,[JIT],0x0000e1f8571e11dc
11906833.0,3709441,python,[JIT],0x0000f93475199060
11906148.0,3708580,python,[JIT],0x0000f9c1c7c0c0ac
11905538.0,3708760,python,[JIT],0x0000fb7688bdf208
11905193.0,3708935,python,[JIT],0x0000e5a3cd7c1038
11905169.0,3709077,python,[JIT],0x0000f0f377c07060
11904724.0,3709077,python,[JIT],0x0000f0f377c07038
11903986.0,3709270,python,[JIT],0x0000eaaffa1f20bc
11903604.0,3708935,python,[JIT],0x0000e5a3cd7c1070
11890909.0,3708935,python,[kernel.kallsyms],zap_pte_range
11872062.0,3709077,python,python,PyIter_Next
11658362.0,3709077,python,[JIT],0x0000f0f377c070bc
11658313.0,3708760,python,python,PyObject_Free
11655972.0,3709270,python,python,PyObject_Size
11650925.0,3708580,python,[JIT],0x0000f9c1c7c0c08c
11650529.0,3708760,python,[JIT],0x0000fb7688bdf0bc
11649565.0,3708447,python,[JIT],0x0000e1f85713f02c
11638866.0,3708935,python,python,set_dealloc
11635560.0,3709270,python,python,set_dealloc
11635522.0,3708580,python,python,set_dealloc
11632386.0,3709270,python,python,PyObject_Free
11632318.0,3708935,python,python,PyObject_Malloc
11557217.0,3709270,python,python,_Py_dict_lookup
11412907.0,3709270,python,libc.so.6,__memcpy_generic
11412397.0,3709441,python,[JIT],0x0000f934751990c8
11412300.0,3709441,python,[JIT],0x0000f93475199208
11412179.0,3708447,python,[JIT],0x0000e1f8571e1038
11411485.0,3708447,python,python,PyObject_Size
11411359.0,3708580,python,[JIT],0x0000f9c1c7c0c028
11409998.0,3709077,python,python,_PyObject_GC_Link
11409605.0,3709441,python,[JIT],0x0000f934751990bc
11409201.0,3708760,python,[JIT],0x0000fb7688bdf080
11399540.0,3709077,python,python,PyObject_Size
11385846.0,3708760,python,python,set_dealloc
11189614.0,3708935,python,[kernel.kallsyms],task_mm_cid_work
11167796.0,3708447,python,[JIT],0x0000e1f8571e20cc
11162664.0,3708580,python,[JIT],0x0000f9c1c7c0c0c8
11161994.0,3708447,python,[JIT],0x0000e1f8571e1160
11160197.0,3709270,python,[JIT],0x0000eaaffa1f2060
11145030.0,3708447,python,[JIT],0x0000e1f8571e11cc
11144623.0,3708447,python,[kernel.kallsyms],zap_pte_range
11143983.0,3708760,python,[kernel.kallsyms],zap_pte_range
11140883.0,3709077,python,[JIT],0x0000f0f377c070a0
11140389.0,3709077,python,python,dictkeys_decref.part.0.constprop.0
10916240.0,3709441,python,[JIT],0x0000f934751991fc
10914316.0,3708935,python,[JIT],0x0000e5a3cd7c108c
10912910.0,3709077,python,python,PyObject_Free
10911516.0,3708580,python,[JIT],0x0000f9c1c7c0c208
10897620.0,3709441,python,[kernel.kallsyms],zap_pte_range
10889877.0,3708580,python,[JIT],0x0000f9c1c7c0c070
10886228.0,3708760,python,[JIT],0x0000fb7688bdf08c
10710641.0,3708580,python,[kernel.kallsyms],task_mm_cid_work
10682265.0,3708935,python,python,dictkeys_decref.part.0.constprop.0
10667795.0,3709441,python,[JIT],0x0000f934751990a0
10667115.0,3708447,python,[JIT],0x0000e1f8571e1070
10667045.0,3709441,python,[JIT],0x0000f93475199230
10666487.0,3708580,python,[JIT],0x0000f9c1c7c0c19c
10666449.0,3708760,python,[JIT],0x0000fb7688bdf070
10665765.0,3709077,python,[JIT],0x0000f0f377c0716c
10664414.0,3709270,python,[JIT],0x0000eaaffa1f2240
10664410.0,3709270,python,[JIT],0x0000eaaffa1f216c
10659251.0,3709270,python,[JIT],0x0000eaaffa1f10c8
10651075.0,3709441,python,[JIT],0x0000f93475199028
10646619.0,3708580,python,[JIT],0x0000f9c1c7c0c0a0
10642257.0,3708447,python,[JIT],0x0000e1f8571e1080
10511821.0,3708935,python,libc.so.6,__memcpy_generic
10422182.0,3708580,python,libc.so.6,__memcpy_generic
10419419.0,3708760,python,[JIT],0x0000fb7688bdf0a0
10419376.0,3708760,python,[JIT],0x0000fb7688bdf1ec
10419215.0,3708447,python,[JIT],0x0000e1f8571e1260
10418628.0,3708580,python,[JIT],0x0000f9c1c7c0c240
10417936.0,3708935,python,[JIT],0x0000e5a3cd7c1230
10415619.0,3709077,python,[JIT],0x0000f0f377c071fc
10415350.0,3709270,python,[JIT],0x0000eaaffa1f20a0
10414736.0,3708935,python,python,_Py_dict_lookup
10402468.0,3709441,python,[JIT],0x0000f93475199070
10391740.0,3709441,python,[JIT],0x0000f9347519917c
10388982.0,3708760,python,[JIT],0x0000fb7688bdf038
10174484.0,3709441,python,libc.so.6,__memcpy_generic
10171771.0,3708935,python,[JIT],0x0000e5a3cd7c10bc
10171544.0,3708935,python,[JIT],0x0000e5a3cd7c11cc
10171176.0,3709441,python,[JIT],0x0000f93475199260
10170681.0,3708447,python,[JIT],0x0000e1f8571e1218
10170625.0,3708447,python,python,_PyObject_GC_Link
10170472.0,3708447,python,[JIT],0x0000e1f8571e10c8
10170357.0,3708580,python,python,PyObject_Size
10170077.0,3708760,python,python,_PyObject_GC_Link
10169989.0,3708580,python,python,_Py_dict_lookup
10167998.0,3709270,python,python,PyIter_Next
10163851.0,3709270,python,[JIT],0x0000eaaffa1f20ac
10157770.0,3708760,python,python,deque_extend_impl
10156483.0,3708935,python,python,deque_extend_impl
10143813.0,3708580,python,[JIT],0x0000f9c1c7c0c0bc
10123906.0,3709270,python,[JIT],0x0000eaaffa1f2220
10112900.0,3709441,python,python,PyObject_Malloc
9923313.0,3708760,python,python,PyObject_Malloc
9922681.0,3708447,python,[JIT],0x0000e1f8571e1230
9922666.0,3708935,python,[JIT],0x0000e5a3cd71f02c
9922483.0,3708935,python,[JIT],0x0000e5a3cd7c1240
9922268.0,3708580,python,[JIT],0x0000f9c1c7c0c1ac
9921327.0,3709077,python,[JIT],0x0000f0f377c070ac
9921141.0,3708760,python,python,PyObject_Hash
9920806.0,3709270,python,[JIT],0x0000eaaffa1f217c
9920674.0,3708760,python,[JIT],0x0000fb7688bdf16c
9920550.0,3709077,python,[JIT],0x0000f0f377c0602c
9919220.0,3709270,python,[JIT],0x0000eaaffa1f208c
9916308.0,3709270,python,[JIT],0x0000eaaffa1f20c8
9907499.0,3709441,python,python,deque_extend_impl
9905261.0,3709077,python,[kernel.kallsyms],zap_pte_range
9902363.0,3708760,python,python,dictkeys_decref.part.0.constprop.0
9899583.0,3709270,python,python,dictkeys_decref.part.0.constprop.0
9896170.0,3708760,python,[JIT],0x0000fb7688bde02c
9675669.0,3708580,python,[JIT],0x0000f9c1c7c0c060
9675430.0,3708760,python,[JIT],0x0000fb7688bdf1dc
9675319.0,3708760,python,libc.so.6,__memcpy_generic
9675099.0,3708760,python,python,PyObject_Size
9675048.0,3708935,python,[JIT],0x0000e5a3cd71f0c8
9674322.0,3709077,python,[JIT],0x0000f0f377c07240
9673886.0,3709077,python,[JIT],0x0000f0f377c0708c
9673784.0,3708447,python,[JIT],0x0000e1f8571e11ac
9673726.0,3708580,python,[JIT],0x0000f9c1c7c0c1ec
9654775.0,3708580,python,python,dictkeys_decref.part.0.constprop.0
9653743.0,3708580,python,[kernel.kallsyms],zap_pte_range
9432179.0,3708447,python,[kernel.kallsyms],handle_mm_fault
9427002.0,3708760,python,[JIT],0x0000fb7688bdf1bc
9426528.0,3709441,python,[JIT],0x0000f93475199220
9426397.0,3708580,python,[JIT],0x0000f9c1c7c0c220
9425786.0,3708580,python,[JIT],0x0000f9c1c7c0c16c
9425541.0,3708760,python,[JIT],0x0000fb7688bdf218
9425129.0,3708760,python,[JIT],0x0000fb7688bdf060
9424883.0,3708580,python,[JIT],0x0000f9c1c7c0c038
9424860.0,3709077,python,[JIT],0x0000f0f377c07080
9424679.0,3709270,python,[JIT],0x0000eaaffa1f21ec
9424253.0,3709270,python,[JIT],0x0000eaaffa1f102c
9424180.0,3708935,python,python,PyObject_Hash
9423436.0,3709077,python,[JIT],0x0000f0f377c07070
9422525.0,3708760,python,[JIT],0x0000fb7688bdf240
9410485.0,3708760,python,[JIT],0x0000fb7688bdf0c8
9179477.0,3708447,python,[JIT],0x0000e1f8571e119c
9179106.0,3709441,python,[JIT],0x0000f93475199038
9178691.0,3708935,python,[JIT],0x0000e5a3cd7c11bc
9178173.0,3708580,python,[JIT],0x0000f9c1c7c0c1bc
9177836.0,3708580,python,python,PyObject_Hash
9176178.0,3709270,python,[JIT],0x0000eaaffa1f2028
9175587.0,3709441,python,[JIT],0x0000f9347519916c
9174882.0,3708760,python,[JIT],0x0000fb7688bdf0ac
9168103.0,3709270,python,[JIT],0x0000eaaffa1f2070
9158864.0,3709270,python,[kernel.kallsyms],zap_pte_range
8930828.0,3708760,python,[JIT],0x0000fb7688bdf17c
8930567.0,3708580,python,[JIT],0x0000f9c1c7c0c1dc
8930086.0,3709441,python,[JIT],0x0000f934751991dc
8930061.0,3708935,python,[JIT],0x0000e5a3cd7c11fc
8929671.0,3708447,python,[JIT],0x0000e1f8571e1220
8929406.0,3709077,python,[JIT],0x0000f0f377c07260
8929317.0,3709077,python,[JIT],0x0000f0f377c070c8
8929315.0,3708935,python,[JIT],0x0000e5a3cd7c10c8
8925153.0,3709441,python,[JIT],0x0000f9347519802c
8920412.0,3709441,python,[JIT],0x0000f9347519919c
8856791.0,3708935,python,[JIT],0x0000e5a3cd7c119c
8685591.0,3709077,python,[kernel.kallsyms],handle_mm_fault
8683212.0,3709441,python,[JIT],0x0000f934751980d8
8682434.0,3708447,python,[JIT],0x0000e1f8571e10a0
8682267.0,3708935,python,[JIT],0x0000e5a3cd7c116c
8680562.0,3709270,python,[JIT],0x0000eaaffa1f2038
8680521.0,3708935,python,[JIT],0x0000e5a3cd7c1220
8676169.0,3708935,python,[JIT],0x0000e5a3cd7c10a0
8668580.0,3708935,python,[JIT],0x0000e5a3cd7c11ec
8434761.0,3708447,python,[JIT],0x0000e1f8571e117c
8433655.0,3708935,python,python,PyIter_Next
8433261.0,3708935,python,[JIT],0x0000e5a3cd7c10ac
8432153.0,3709270,python,python,_PyObject_GC_Link
8431844.0,3709270,python,[JIT],0x0000eaaffa1f21ac
8429365.0,3709077,python,[JIT],0x0000f0f377c071ac
8429092.0,3709077,python,python,list_dealloc
8423334.0,3708760,python,python,insertdict
8420253.0,3708935,python,python,deque_clear.part.0
8419571.0,3709077,python,[JIT],0x0000f0f377c071cc
8385197.0,3709270,python,python,_PyObject_Free
8206611.0,3708760,python,[kernel.kallsyms],task_mm_cid_work
8186172.0,3708580,python,python,_PyObject_GC_Link
8185236.0,3709270,python,[JIT],0x0000eaaffa1f2080
8184353.0,3709077,python,[JIT],0x0000f0f377c07230
8172871.0,3709077,python,python,deque_clear.part.0
8160077.0,3709441,python,[JIT],0x0000f9347519908c
7938719.0,3709441,python,[JIT],0x0000f934751991cc
7938557.0,3709441,python,[JIT],0x0000f934751991ec
7938196.0,3709441,python,python,PyObject_GC_UnTrack
7937823.0,3708935,python,[JIT],0x0000e5a3cd7c117c
7937812.0,3708760,python,[JIT],0x0000fb7688bdf19c
7937769.0,3709077,python,[JIT],0x0000f0f377c0717c
7937613.0,3708760,python,[JIT],0x0000fb7688bdf1cc
7937563.0,3709077,python,[JIT],0x0000f0f377c071dc
7937429.0,3708760,python,python,_Py_dict_lookup
7937235.0,3708760,python,[JIT],0x0000fb7688bdf230
7937226.0,3708447,python,python,PyObject_Malloc
7936982.0,3709270,python,[JIT],0x0000eaaffa1f219c
7936550.0,3709077,python,python,PyObject_Malloc
7936026.0,3708580,python,[JIT],0x0000f9c1c7c0c230
7936009.0,3708760,python,[JIT],0x0000fb7688bde0d8
7935460.0,3709270,python,[JIT],0x0000eaaffa1f2230
7935286.0,3708935,python,python,list_dealloc
7934547.0,3709270,python,python,PyObject_Hash
7934471.0,3708580,python,[JIT],0x0000f9c1c7c0c13c
7933956.0,3708580,python,python,list_dealloc
7933895.0,3708760,python,python,list_dealloc
7932771.0,3709270,python,python,list_dealloc
7928685.0,3708935,python,[JIT],0x0000e5a3cd71f0d8
7921318.0,3708760,python,python,deque_clear.part.0
7920252.0,3709270,python,python,deque_clear.part.0
7919671.0,3708447,python,[JIT],0x0000e1f8571e34dc
7913630.0,3708935,python,[JIT],0x0000e5a3cd7c11ac
7702114.0,3708447,python,[JIT],0x0000e1f85713f0d8
7692647.0,3709270,python,[kernel.kallsyms],handle_mm_fault
7690187.0,3708760,python,[JIT],0x0000fb7688bdf220
7690135.0,3708760,python,[JIT],0x0000fb7688bdf1ac
7689821.0,3708447,python,[JIT],0x0000e1f8571e10e0
7689329.0,3708760,python,[JIT],0x0000fb7688bdf0d0
7688760.0,3709077,python,[JIT],0x0000f0f377c071ec
7688661.0,3709077,python,[JIT],0x0000f0f377c0719c
7688397.0,3709077,python,[JIT],0x0000f0f377c071bc
7687303.0,3709270,python,[JIT],0x0000eaaffa1f10d8
7686686.0,3708935,python,[JIT],0x0000e5a3cd7c11dc
7677331.0,3708580,python,[JIT],0x0000f9c1c7c0c0d0
7674650.0,3708580,python,python,deque_clear.part.0
7663336.0,3708580,python,[JIT],0x0000f9c1c7c0b02c
7446437.0,3709441,python,[kernel.kallsyms],handle_mm_fault
7441716.0,3709441,python,[JIT],0x0000f93475199240
7441554.0,3708580,python,python,PyObject_Malloc
7441060.0,3708760,python,[JIT],0x0000fb7688bdf260
7440977.0,3709077,python,[JIT],0x0000f0f377c07160
7439946.0,3709077,python,[JIT],0x0000f0f377c060d8
7439941.0,3708580,python,[JIT],0x0000f9c1c7c0c1fc
7421566.0,3708447,python,[JIT],0x0000e1f8571e11bc
7198817.0,3708935,python,[kernel.kallsyms],handle_mm_fault
7198630.0,3708580,python,[kernel.kallsyms],percpu_counter_add_batch
7198456.0,3708760,python,[kernel.kallsyms],handle_mm_fault
7194494.0,3708447,python,[JIT],0x0000e1f8571e11ec
7193893.0,3708935,python,[JIT],0x0000e5a3cd7c1160
7193458.0,3708447,python,[JIT],0x0000e1f8571e10dc
7193183.0,3708580,python,[JIT],0x0000f9c1c7c0c260
7193045.0,3708580,python,[JIT],0x0000f9c1c7c0e4dc
7192374.0,3708935,python,python,_PyObject_Free
7192013.0,3709270,python,[JIT],0x0000eaaffa1bf050
7191869.0,3708935,python,[JIT],0x0000e5a3cd7c1260
7191766.0,3709077,python,[JIT],0x0000f0f377c07220
7191725.0,3709270,python,[JIT],0x0000eaaffa1f2208
7190783.0,3709077,python,[JIT],0x0000f0f377c07140
7188505.0,3708447,python,[kernel.kallsyms],__lruvec_stat_mod_folio
6946467.0,3708447,python,[JIT],0x0000e1f8571e14a0
6946097.0,3708447,python,python,set_len
6946032.0,3708935,python,[JIT],0x0000e5a3cd7c1218
6945824.0,3708580,python,[JIT],0x0000f9c1c7c0c1cc
6945647.0,3708580,python,[JIT],0x0000f9c1c7c0c218
6945384.0,3708580,python,[JIT],0x0000f9c1c7c0c17c
6945181.0,3709077,python,[JIT],0x0000f0f377c07218
6944830.0,3709077,python,[JIT],0x0000f0f377c07150
6944820.0,3708580,python,[JIT],0x0000f9c1c7c0c15c
6944404.0,3709077,python,[JIT],0x0000f0f377c040cc
6944059.0,3709270,python,[kernel.kallsyms],post_alloc_hook
6943851.0,3709270,python,[JIT],0x0000eaaffa1f44dc
6938961.0,3708935,python,python,set_len
6702858.0,3708447,python,[kernel.kallsyms],post_alloc_hook
6701673.0,3708760,python,[kernel.kallsyms],post_alloc_hook
6700560.0,3708760,python,[kernel.kallsyms],percpu_counter_add_batch
6700135.0,3709077,python,[kernel.kallsyms],percpu_counter_add_batch
6698740.0,3709441,python,[JIT],0x0000f934751991ac
6698229.0,3709441,python,[JIT],0x0000f934751991bc
6698111.0,3708447,python,[JIT],0x0000e1f8571e10d0
6697851.0,3708935,python,[JIT],0x0000e5a3cd7c114c
6697730.0,3708760,python,[JIT],0x0000fb7688bdf160
6697589.0,3709077,python,[JIT],0x0000f0f377c070d0
6697566.0,3708935,python,[JIT],0x0000e5a3cd7c14a0
6697130.0,3709441,python,[JIT],0x0000f93475199218
6696750.0,3708580,python,[JIT],0x0000f9c1c7c0c160
6696491.0,3708760,python,[JIT],0x0000fb7688c824dc
6696442.0,3708760,python,python,_PyObject_Free
6695714.0,3709270,python,[JIT],0x0000eaaffa1f2260
6695365.0,3709270,python,[JIT],0x0000eaaffa1f21bc
6695069.0,3709077,python,python,_Py_Dealloc
6692467.0,3708580,python,[JIT],0x0000f9c1c7c0c140
6675195.0,3709270,python,python,PyObject_GC_UnTrack
6505371.0,3709077,python,[kernel.kallsyms],task_mm_cid_work
6458008.0,3708935,python,python,set_table_resize
6457388.0,3709270,python,python,set_table_resize
6456961.0,3709077,python,python,set_table_resize
6449447.0,3708580,python,[JIT],0x0000f9c1c7c0b0d8
6449195.0,3708935,python,python,_PyObject_GC_Link
6448991.0,3708580,python,python,insertdict
6448804.0,3709270,python,python,tuple_alloc
6448500.0,3709270,python,python,_Py_Dealloc
6448461.0,3708760,python,[JIT],0x0000fb7688bdc0cc
6437219.0,3708935,python,python,insertdict
6223334.0,3709441,python,[kernel.kallsyms],task_mm_cid_work
6210455.0,3708760,python,python,set_table_resize
6204223.0,3708580,python,[kernel.kallsyms],__lruvec_stat_mod_folio
6203765.0,3708447,python,[kernel.kallsyms],mem_cgroup_commit_charge
6201991.0,3708447,python,python,PyObject_GC_UnTrack
6201972.0,3709441,python,[JIT],0x0000f93475199160
6201696.0,3708580,python,[JIT],0x0000f9c1c7c0c4a0
6200926.0,3708580,python,python,_PyObject_Free
6200136.0,3709270,python,[JIT],0x0000eaaffa1f214c
6199915.0,3708760,python,python,gen_iternext
6199192.0,3709270,python,[JIT],0x0000eaaffa1f20d0
6179198.0,3709077,python,python,_Py_dict_lookup
6134503.0,3708580,python,python,set_table_resize
6077480.0,3708580,python,python,_Py_Dealloc
5955363.0,3708760,python,[kernel.kallsyms],__lruvec_stat_mod_folio
5954501.0,3709441,python,[JIT],0x0000f93475199140
5953456.0,3709441,python,[JIT],0x0000f93475197050
5953332.0,3709441,python,[JIT],0x0000f934751990dc
5952672.0,3709270,python,[JIT],0x0000eaaffa1f2218
5952098.0,3709077,python,python,tuple_dealloc
5930496.0,3708935,python,[JIT],0x0000e5a3cd7c3388
5927121.0,3708760,python,python,tuple_dealloc
5919129.0,3708935,python,[JIT],0x0000e5a3cd7c115c
5889955.0,3709077,python,[JIT],0x0000f0f377c074a0
5709937.0,3708935,python,[kernel.kallsyms],__rmqueue_pcplist
5707933.0,3709441,python,[kernel.kallsyms],post_alloc_hook
5707420.0,3709077,python,[kernel.kallsyms],post_alloc_hook
5705980.0,3708760,python,python,set_len
5704764.0,3709077,python,[JIT],0x0000f0f377c0715c
5704755.0,3708760,python,[JIT],0x0000fb7688bdf0e0
5704663.0,3708760,python,[JIT],0x0000fb7688bdf15c
5704655.0,3708580,python,[JIT],0x0000f9c1c7c0c0dc
5704593.0,3708935,python,[JIT],0x0000e5a3cd7c1150
5704240.0,3709077,python,[kernel.kallsyms],percpu_ref_put_many.constprop.0
5703330.0,3709270,python,[JIT],0x0000eaaffa1f215c
5702966.0,3709270,python,[JIT],0x0000eaaffa1f21cc
5700703.0,3708760,python,[JIT],0x0000fb7688bdf4a0
5698837.0,3709270,python,[JIT],0x0000eaaffa1f213c
5487270.0,3708447,python,[kernel.kallsyms],task_mm_cid_work
5462811.0,3709441,python,[JIT],0x0000f93475198090
5461111.0,3708447,python,[kernel.kallsyms],__rmqueue_pcplist
5461057.0,3708760,python,[kernel.kallsyms],folio_add_lru
5460449.0,3708760,python,[kernel.kallsyms],__rmqueue_pcplist
5459090.0,3709270,python,[kernel.kallsyms],mem_cgroup_commit_charge
5458452.0,3708447,python,[JIT],0x0000e1f8571e1178
5458364.0,3708447,python,[JIT],0x0000e1f85713d0cc
5458032.0,3709441,python,[JIT],0x0000f9347519913c
5457784.0,3709441,python,python,set_len
5457768.0,3709441,python,[JIT],0x0000f9347519915c
5457572.0,3708447,python,[JIT],0x0000e1f8571e114c
5457118.0,3708935,python,[JIT],0x0000e5a3cd7c113c
5457007.0,3709441,python,[JIT],0x0000f93475199150
5456919.0,3708447,python,[JIT],0x0000e1f8571e31fc
5456760.0,3709077,python,python,_PyObject_Free
5456626.0,3708580,python,python,PyObject_GC_UnTrack
5456471.0,3709077,python,python,_PyTuple_FromStackRefStealOnSuccess
5456352.0,3709077,python,[JIT],0x0000f0f377c07188
5456161.0,3708447,python,[kernel.kallsyms],__mod_memcg_lruvec_state
5455494.0,3709270,python,python,set_len
5455073.0,3708760,python,python,_Py_Dealloc
5454752.0,3708935,python,[kernel.kallsyms],__mod_memcg_lruvec_state
5448615.0,3709270,python,[JIT],0x0000eaaffa1be0cc
5447337.0,3709270,python,[kernel.kallsyms],percpu_counter_add_batch
5439741.0,3708580,python,[JIT],0x0000f9c1c7c0e388
5405149.0,3709270,python,python,tuple_dealloc
5214519.0,3709441,python,[JIT],0x0000f9347519b1fc
5212585.0,3708447,python,[kernel.kallsyms],mas_walk
5209516.0,3708580,python,[JIT],0x0000f9c1c7c0e14c
5209453.0,3708935,python,[kernel.kallsyms],percpu_ref_put_many.constprop.0
5209323.0,3708935,python,[JIT],0x0000e5a3cd71e050
5209128.0,3709270,python,[JIT],0x0000eaaffa1f20dc
5208992.0,3708935,python,[JIT],0x0000e5a3cd71d0cc
5208821.0,3709077,python,[JIT],0x0000f0f377c070dc
5208793.0,3709077,python,[JIT],0x0000f0f377c0902c
5208606.0,3708760,python,python,PyObject_GC_UnTrack
5208499.0,3709270,python,[JIT],0x0000eaaffa1f2140
5208451.0,3709270,python,python,merge_from_seq2_lock_held
5208380.0,3709077,python,[JIT],0x0000f0f377c0714c
5208082.0,3709270,python,[JIT],0x0000eaaffa1f20e0
5208063.0,3709077,python,[JIT],0x0000f0f377c094dc
5207839.0,3709077,python,python,set_len
5207582.0,3708935,python,python,_PyTuple_FromStackRefStealOnSuccess
5207455.0,3709270,python,[JIT],0x0000eaaffa1f24a0
5207334.0,3709077,python,python,insertdict
5206674.0,3708580,python,[kernel.kallsyms],percpu_ref_put_many.constprop.0
5203297.0,3709441,python,[JIT],0x0000f9347519b4dc
4964623.0,3708580,python,[kernel.kallsyms],post_alloc_hook
4963924.0,3709270,python,[kernel.kallsyms],__rmqueue_pcplist
4963451.0,3708580,python,[kernel.kallsyms],handle_mm_fault
4963427.0,3708580,python,[kernel.kallsyms],mas_walk
4961474.0,3709441,python,[JIT],0x0000f934751990d0
4961352.0,3708935,python,[kernel.kallsyms],mem_cgroup_commit_charge
4961174.0,3708447,python,[JIT],0x0000e1f8571e115c
4960843.0,3709077,python,[JIT],0x0000f0f377c05050
4960767.0,3709077,python,python,set_add_entry_takeref
4960761.0,3708760,python,[kernel.kallsyms],percpu_ref_put_many.constprop.0
4960650.0,3709270,python,python,_PyJIT_Entry
4960574.0,3708760,python,[JIT],0x0000fb7688bdd16c
4960207.0,3709077,python,[JIT],0x0000f0f377c070e0
4960140.0,3708935,python,[JIT],0x0000e5a3cd7c1140
4960031.0,3709270,python,python,insertdict
4959801.0,3709270,python,python,PyObject_GetIter
4959469.0,3709270,python,[JIT],0x0000eaaffa1f1164
4956217.0,3709270,python,[kernel.kallsyms],__mod_memcg_lruvec_state
4953318.0,3708447,python,[JIT],0x0000e1f8571e3388
4937675.0,3709441,python,[JIT],0x0000f934751994a0
4935211.0,3708935,python,[JIT],0x0000e5a3cd7c10d0
4725309.0,3708760,python,[JIT],0x0000fb7688c820a4
4716118.0,3708935,python,[kernel.kallsyms],down_read_trylock
4715840.0,3708447,python,[kernel.kallsyms],folio_add_lru
4715242.0,3709270,python,[kernel.kallsyms],mas_walk
4713637.0,3708447,python,[JIT],0x0000e1f85713f8d0
4713388.0,3708447,python,[JIT],0x0000e1f85713f194
4713248.0,3708580,python,[JIT],0x0000f9c1c7c0b194
4713227.0,3708447,python,[JIT],0x0000e1f8571e1150
4713016.0,3708447,python,[JIT],0x0000e1f8571e316c
4712850.0,3708580,python,python,set_len
4712805.0,3709077,python,[JIT],0x0000f0f377c090dc
4712445.0,3708580,python,[JIT],0x0000f9c1c7c0e208
4712437.0,3709077,python,python,dict_iter
4711982.0,3709270,python,[JIT],0x0000eaaffa1f40dc
4709633.0,3709077,python,python,merge_from_seq2_lock_held
4709412.0,3708760,python,[JIT],0x0000fb7688bdf0dc
4707359.0,3708447,python,[JIT],0x0000e1f8571e3208
4704635.0,3708447,python,[JIT],0x0000e1f85713e050
4702489.0,3709441,python,[JIT],0x0000f9347519b16c
4693400.0,3709270,python,[JIT],0x0000eaaffa1f21dc
4650535.0,3709441,python,[kernel.kallsyms],mas_walk
4467674.0,3708447,python,[JIT],0x0000e1f8571e30dc
4467571.0,3708760,python,[kernel.kallsyms],mem_cgroup_commit_charge
4467500.0,3708935,python,[kernel.kallsyms],mas_walk
4467449.0,3709077,python,[kernel.kallsyms],mem_cgroup_commit_charge
4466561.0,3708935,python,[kernel.kallsyms],post_alloc_hook
4465987.0,3708447,python,[kernel.kallsyms],__rcu_read_unlock
4465972.0,3709270,python,[kernel.kallsyms],folio_add_lru
4465470.0,3708580,python,[JIT],0x0000f9c1c7c0a050
4465313.0,3709441,python,[kernel.kallsyms],__rmqueue_pcplist
4465236.0,3708447,python,[JIT],0x0000e1f8571e113c
4465140.0,3709270,python,[kernel.kallsyms],__lruvec_stat_mod_folio
4465089.0,3709270,python,[JIT],0x0000eaaffa1f4388
4465054.0,3709077,python,[JIT],0x0000f0f377c07164
4465023.0,3708580,python,[JIT],0x0000f9c1c7c0c0e0
4464724.0,3709441,python,[JIT],0x0000f9347519b14c
4464351.0,3709077,python,python,_PyObject_GC_New
4464069.0,3709270,python,[JIT],0x0000eaaffa1bf294
4463923.0,3709270,python,[JIT],0x0000eaaffa1f2160
4463610.0,3709077,python,[JIT],0x0000f0f377c0632c
4463164.0,3708760,python,python,set_add_entry_takeref
4462799.0,3709270,python,[JIT],0x0000eaaffa1f133c
4457032.0,3709441,python,[JIT],0x0000f9347519914c
4448676.0,3708447,python,[JIT],0x0000e1f8571e1140
4435984.0,3709270,python,[JIT],0x0000eaaffa1bf254
4220632.0,3709077,python,[kernel.kallsyms],__rmqueue_pcplist
4220271.0,3708935,python,[kernel.kallsyms],folio_add_lru
4220089.0,3708935,python,[kernel.kallsyms],__rcu_read_unlock
4219534.0,3708580,python,[kernel.kallsyms],_raw_spin_trylock
4218843.0,3708447,python,[kernel.kallsyms],percpu_counter_add_batch
4218627.0,3709077,python,[kernel.kallsyms],up_read
4218585.0,3708580,python,[kernel.kallsyms],get_mem_cgroup_from_mm
4217672.0,3708760,python,[JIT],0x0000fb7688bdf140
4217471.0,3709441,python,[JIT],0x0000f934751960cc
4217470.0,3708447,python,[JIT],0x0000e1f8571e30c4
4217406.0,3709441,python,[JIT],0x0000f9347519b064
4217382.0,3709441,python,[JIT],0x0000f9347519b1a8
4217355.0,3708447,python,[JIT],0x0000e1f85713f188
4217126.0,3708447,python,[JIT],0x0000e1f85713f3ec
4217050.0,3708447,python,[JIT],0x0000e1f8571e314c
4216982.0,3708935,python,[JIT],0x0000e5a3cd7c314c
4216974.0,3708760,python,[JIT],0x0000fb7688bdd050
4216952.0,3709441,python,[JIT],0x0000f9347519b02c
4216800.0,3708760,python,[JIT],0x0000fb7688c820c4
4216712.0,3708935,python,[JIT],0x0000e5a3cd7c11c8
4216511.0,3708760,python,[JIT],0x0000fb7688c8216c
4216488.0,3708760,python,[JIT],0x0000fb7688c820dc
4216485.0,3709077,python,[JIT],0x0000f0f377c05254
4216464.0,3709270,python,[JIT],0x0000eaaffa1bf16c
4216386.0,3708580,python,[JIT],0x0000f9c1c7c0e034
4216310.0,3709270,python,[JIT],0x0000eaaffa1f2150
4216301.0,3709077,python,[JIT],0x0000f0f377c068d0
4216190.0,3708580,python,[JIT],0x0000f9c1c7c0c14c
4215810.0,3708580,python,python,_PyJIT_Entry
4215603.0,3708580,python,[JIT],0x0000f9c1c7c0c164
4214523.0,3709270,python,[JIT],0x0000eaaffa1f416c
4214363.0,3708760,python,[JIT],0x0000fb7688c82088
4213527.0,3709077,python,[kernel.kallsyms],_raw_spin_unlock_irqrestore
4212044.0,3708580,python,[JIT],0x0000f9c1c7c0e02c
4210745.0,3709441,python,[JIT],0x0000f9347519a0d4
4204777.0,3709441,python,[kernel.kallsyms],__lruvec_stat_mod_folio
4194674.0,3708935,python,[JIT],0x0000e5a3cd71e120
4194164.0,3708580,python,python,tuple_dealloc
4189732.0,3708760,python,[JIT],0x0000fb7688c8214c
4170294.0,3709270,python,python,_PyTuple_FromStackRefStealOnSuccess
3972239.0,3709441,python,[kernel.kallsyms],down_read_trylock
3972181.0,3708935,python,[kernel.kallsyms],get_mem_cgroup_from_mm
3971796.0,3709077,python,[kernel.kallsyms],mas_walk
3971209.0,3708760,python,[kernel.kallsyms],do_anonymous_page
3970493.0,3709077,python,[kernel.kallsyms],get_mem_cgroup_from_mm
3970122.0,3708447,python,[JIT],0x0000e1f8571e313c
3969894.0,3709441,python,[JIT],0x0000f934751983ec
3969641.0,3708580,python,[JIT],0x0000f9c1c7c0a048
3969558.0,3709077,python,libc.so.6,__memset_zva64
3969400.0,3708935,python,[JIT],0x0000e5a3cd7c302c
3969353.0,3709441,python,[JIT],0x0000f934751990e0
3969222.0,3708447,python,[JIT],0x0000e1f8571e302c
3969201.0,3709441,python,[JIT],0x0000f9347519b388
3969186.0,3708447,python,[JIT],0x0000e1f8571e1164
3969171.0,3708447,python,[JIT],0x0000e1f8571e11d8
3969058.0,3708447,python,[JIT],0x0000e1f8571e3188
3968994.0,3708580,python,python,_PyLong_FromMedium
3968921.0,3708935,python,[JIT],0x0000e5a3cd7c3240
3968886.0,3708447,python,[JIT],0x0000e1f85713e064
3968872.0,3709077,python,[kernel.kallsyms],__lruvec_stat_mod_folio
3968866.0,3709270,python,[JIT],0x0000eaaffa1f415c
3968851.0,3708580,python,python,set_add_entry_takeref
3968817.0,3708935,python,python,_Py_Dealloc
3968808.0,3709077,python,[JIT],0x0000f0f377c071a8
3968753.0,3708760,python,python,tuple_alloc
3968701.0,3708760,python,[JIT],0x0000fb7688bdf150
3968658.0,3709270,python,[JIT],0x0000eaaffa1f13ec
3968631.0,3708760,python,[JIT],0x0000fb7688bdf1a8
3968509.0,3708760,python,[JIT],0x0000fb7688bdf13c
3968449.0,3709270,python,python,gen_iternext
3968388.0,3708760,python,[JIT],0x0000fb7688c82388
3968354.0,3709270,python,[JIT],0x0000eaaffa1f413c
3968349.0,3709077,python,[JIT],0x0000f0f377c09208
3968258.0,3708580,python,[JIT],0x0000f9c1c7c0b2cc
3968233.0,3708580,python,python,dict_iter
3968066.0,3709270,python,[JIT],0x0000eaaffa1bf2c8
3968051.0,3708760,python,[JIT],0x0000fb7688bdd254
3968009.0,3709077,python,[JIT],0x0000f0f377c071d8
3967743.0,3709077,python,python,PyObject_GC_UnTrack
3966813.0,3708935,python,[JIT],0x0000e5a3cd7c3208
3966099.0,3708760,python,[kernel.kallsyms],__mod_memcg_lruvec_state
3965807.0,3709441,python,[JIT],0x0000f9347519b088
3964167.0,3708580,python,[JIT],0x0000f9c1c7c0c340
3963339.0,3708760,python,[JIT],0x0000fb7688c824d8
3959959.0,3709270,python,[kernel.kallsyms],percpu_ref_get_many
3954919.0,3708935,python,python,PyObject_GC_UnTrack
3951015.0,3709077,python,python,set_add
3941016.0,3708935,python,[JIT],0x0000e5a3cd71e16c
3921328.0,3708760,python,python,merge_from_seq2_lock_held
3728076.0,3708580,python,[JIT],0x0000f9c1c7c0c150
3723845.0,3708760,python,[kernel.kallsyms],el0_da
3723505.0,3708447,python,[kernel.kallsyms],get_mem_cgroup_from_mm
3723208.0,3708580,python,[kernel.kallsyms],folio_add_lru
3723206.0,3708447,python,[kernel.kallsyms],percpu_ref_put_many.constprop.0
3722731.0,3708760,python,[kernel.kallsyms],__pi_clear_page
3722498.0,3709270,python,[kernel.kallsyms],__pi_clear_page
3722254.0,3708935,python,[kernel.kallsyms],percpu_counter_add_batch
3721995.0,3708447,python,[kernel.kallsyms],get_page_from_freelist
3721510.0,3708580,python,[kernel.kallsyms],mem_cgroup_commit_charge
3721427.0,3708447,python,[JIT],0x0000e1f85713f154
3721365.0,3708580,python,[JIT],0x0000f9c1c7c0e1a8
3721329.0,3709441,python,[JIT],0x0000f934751980e8
3721309.0,3708935,python,[JIT],0x0000e5a3cd71f174
3721241.0,3708447,python,[JIT],0x0000e1f8571e3214
3721213.0,3708935,python,[JIT],0x0000e5a3cd7c34dc
3721182.0,3708447,python,[JIT],0x0000e1f85713e2c8
3721046.0,3709441,python,[JIT],0x0000f93475197224
3721038.0,3709077,python,[JIT],0x0000f0f377c06164
3721022.0,3708935,python,python,_Py_NewReference
3721000.0,3708580,python,[JIT],0x0000f9c1c7c0b0e8
3720995.0,3708447,python,[JIT],0x0000e1f8571e315c
3720995.0,3708580,python,[JIT],0x0000f9c1c7c0c1b8
3720987.0,3708760,python,python,_PyJIT_Entry
3720983.0,3708580,python,[JIT],0x0000f9c1c7c0b3ec
3720978.0,3708760,python,[JIT],0x0000fb7688bdd004
3720941.0,3708447,python,[JIT],0x0000e1f85713e16c
3720937.0,3708935,python,[JIT],0x0000e5a3cd7c3374
3720923.0,3708760,python,[JIT],0x0000fb7688bde1f4
3720829.0,3708935,python,[JIT],0x0000e5a3cd7c1188
3720822.0,3709077,python,[JIT],0x0000f0f377c0914c
3720786.0,3708580,python,[JIT],0x0000f9c1c7c0b1d8
3720785.0,3708447,python,[JIT],0x0000e1f8571e3274
3720732.0,3708760,python,[JIT],0x0000fb7688bdf178
3720688.0,3708760,python,python,dict_iter
3720666.0,3708580,python,python,merge_from_seq2_lock_held
3720637.0,3708580,python,[JIT],0x0000f9c1c7c0e1b8
3720632.0,3708580,python,[JIT],0x0000f9c1c7c0e16c
3720617.0,3709441,python,[JIT],0x0000f934751981a0
3720610.0,3709077,python,[JIT],0x0000f0f377c0633c
3720610.0,3708935,python,[JIT],0x0000e5a3cd7c2044
3720537.0,3708760,python,python,setitem_take2_lock_held
3720470.0,3709077,python,[JIT],0x0000f0f377c06174
3720310.0,3708580,python,[JIT],0x0000f9c1c7c0c188
3720169.0,3708580,python,[JIT],0x0000f9c1c7c090cc
3720145.0,3709077,python,[kernel.kallsyms],__pi_clear_page
3720142.0,3708580,python,python,tuple_alloc
3720041.0,3708935,python,[JIT],0x0000e5a3cd7c1164
3719968.0,3709077,python,[JIT],0x0000f0f377c06114
3719845.0,3709441,python,[kernel.kallsyms],__mod_memcg_lruvec_state
3719822.0,3709270,python,python,dictiter_dealloc
3719818.0,3708580,python,[JIT],0x0000f9c1c7c091c8
3719665.0,3709270,python,[JIT],0x0000eaaffa1f132c
3719561.0,3709270,python,[JIT],0x0000eaaffa1bf1d0
3719515.0,3708935,python,[JIT],0x0000e5a3cd7c31fc
3716284.0,3709270,python,python,set_add_entry_takeref
3715585.0,3708580,python,[JIT],0x0000f9c1c7c0a2c8
3712828.0,3708447,python,[JIT],0x0000e1f85713f33c
3480784.0,3708760,python,[JIT],0x0000fb7688c810a8
3480293.0,3709441,python,[JIT],0x0000f9347519b4d8
3476276.0,3708935,python,[kernel.kallsyms],__pi_clear_page
3475694.0,3708447,python,[kernel.kallsyms],rmqueue
3475366.0,3708580,python,[kernel.kallsyms],__rmqueue_pcplist
3474916.0,3708760,python,[kernel.kallsyms],mas_walk
3474660.0,3709077,python,[kernel.kallsyms],folio_add_lru
3474557.0,3709077,python,[kernel.kallsyms],release_pages
3474481.0,3708760,python,[kernel.kallsyms],__rcu_read_unlock
3474436.0,3708580,python,[kernel.kallsyms],__alloc_pages
3473522.0,3708760,python,[JIT],0x0000fb7688bdd2c8
3473520.0,3709441,python,[JIT],0x0000f93475198114
3473474.0,3708760,python,[JIT],0x0000fb7688bde34c
3473449.0,3708935,python,[JIT],0x0000e5a3cd71e074
3473415.0,3708447,python,[JIT],0x0000e1f85713f32c
3473408.0,3709077,python,[JIT],0x0000f0f377c06410
3473387.0,3708447,python,[JIT],0x0000e1f85713e224
3473342.0,3708935,python,[JIT],0x0000e5a3cd7c30c4
3473262.0,3708447,python,[JIT],0x0000e1f85713e150
3473216.0,3709077,python,[kernel.kallsyms],_raw_spin_trylock
3473216.0,3708447,python,[JIT],0x0000e1f85713f34c
3473196.0,3708580,python,[JIT],0x0000f9c1c7c0e4d4
3473185.0,3709077,python,[JIT],0x0000f0f377c0915c
3473182.0,3708935,python,[JIT],0x0000e5a3cd7c10dc
3473135.0,3708447,python,[JIT],0x0000e1f85713d1c8
3473115.0,3708580,python,[JIT],0x0000f9c1c7c0b0f8
3473094.0,3709441,python,[JIT],0x0000f934751982cc
3473002.0,3709077,python,[JIT],0x0000f0f377c061a0
3472963.0,3709270,python,[kernel.kallsyms],_raw_spin_unlock_irqrestore
3472963.0,3708580,python,[JIT],0x0000f9c1c7c0b208
3472883.0,3708760,python,[JIT],0x0000fb7688bde0d4
3472868.0,3709441,python,[JIT],0x0000f934751991b8
3472866.0,3709441,python,[JIT],0x0000f934751971d0
3472843.0,3708760,python,[JIT],0x0000fb7688c821fc
3472841.0,3709077,python,[JIT],0x0000f0f377c0713c
3472835.0,3708760,python,[JIT],0x0000fb7688bde108
3472811.0,3708580,python,[JIT],0x0000f9c1c7c0b32c
3472808.0,3708580,python,python,dictiter_dealloc
3472765.0,3709077,python,[JIT],0x0000f0f377c05048
3472751.0,3709077,python,[JIT],0x0000f0f377c041c8
3472712.0,3708935,python,[JIT],0x0000e5a3cd7c30b8
3472704.0,3709077,python,[JIT],0x0000f0f377c09228
3472643.0,3708935,python,[JIT],0x0000e5a3cd7c3088
3472621.0,3708935,python,[JIT],0x0000e5a3cd7c315c
3472617.0,3709077,python,[JIT],0x0000f0f377c09388
3472545.0,3708760,python,[JIT],0x0000fb7688c8215c
3472258.0,3708935,python,python,_PyJIT_Entry
3472247.0,3709270,python,[JIT],0x0000eaaffa1f3040
3472143.0,3709077,python,python,_PyLong_ExactDealloc
3472131.0,3709077,python,[JIT],0x0000f0f377c06108
3472117.0,3709077,python,python,_PyJIT_Entry
3472091.0,3708935,python,[JIT],0x0000e5a3cd7c34d4
3472081.0,3708580,python,[JIT],0x0000f9c1c7c0a21c
3472020.0,3709077,python,[JIT],0x0000f0f377c0516c
3472020.0,3709077,python,[JIT],0x0000f0f377c091c8
3472013.0,3708580,python,[kernel.kallsyms],_raw_spin_unlock_irqrestore
3471984.0,3708935,python,[JIT],0x0000e5a3cd71e254
3471651.0,3708935,python,python,merge_from_seq2_lock_held
3471636.0,3708935,python,[JIT],0x0000e5a3cd71f1d8
3471459.0,3708760,python,python,_Py_NewReference
3471084.0,3708935,python,[JIT],0x0000e5a3cd71f3f8
3470958.0,3708580,python,[kernel.kallsyms],__mod_memcg_lruvec_state
3470720.0,3709270,python,[kernel.kallsyms],percpu_ref_put_many.constprop.0
3470589.0,3709441,python,[kernel.kallsyms],get_page_from_freelist
3469973.0,3708580,python,[JIT],0x0000f9c1c7c0e0dc
3468400.0,3709270,python,[JIT],0x0000eaaffa1f44d8
3468287.0,3708935,python,libc.so.6,_int_malloc
3467733.0,3709270,python,[JIT],0x0000eaaffa1f18d0
3466774.0,3708935,python,[JIT],0x0000e5a3cd71e24c
3465268.0,3708447,python,[JIT],0x0000e1f85713e098
3459677.0,3708580,python,[JIT],0x0000f9c1c7c0a16c
3456766.0,3709077,python,[JIT],0x0000f0f377c091fc
3455639.0,3709441,python,[kernel.kallsyms],percpu_counter_add_batch
3448593.0,3709441,python,[JIT],0x0000f9347519833c
3446511.0,3709270,python,[kernel.kallsyms],__rcu_read_unlock
3431368.0,3709441,python,[kernel.kallsyms],percpu_ref_put_many.constprop.0
3227857.0,3708935,python,[kernel.kallsyms],rmqueue
3227508.0,3708447,python,[kernel.kallsyms],percpu_ref_get_many
3226859.0,3708935,python,[kernel.kallsyms],el0_da
3226773.0,3708935,python,[kernel.kallsyms],_raw_spin_unlock
3226527.0,3708760,python,[kernel.kallsyms],_raw_spin_lock
3226490.0,3709441,python,[kernel.kallsyms],up_read
3226142.0,3709077,python,[kernel.kallsyms],el0_da
3226022.0,3708760,python,[kernel.kallsyms],rmqueue
3226003.0,3708760,python,[kernel.kallsyms],arch_local_irq_restore
3225726.0,3708447,python,[JIT],0x0000e1f85713f0d0
3225558.0,3709441,python,[JIT],0x0000f934751980d4
3225447.0,3708935,python,[JIT],0x0000e5a3cd7c30dc
3225405.0,3708760,python,[JIT],0x0000fb7688bdf1b8
3225391.0,3709441,python,[JIT],0x0000f934751988d0
3225253.0,3708447,python,[JIT],0x0000e1f8571e337c
3225172.0,3709441,python,[JIT],0x0000f9347519b0dc
3225147.0,3708447,python,[JIT],0x0000e1f85713f208
3225133.0,3708447,python,[JIT],0x0000e1f8571e10a8
3225129.0,3708935,python,[JIT],0x0000e5a3cd71e048
3225094.0,3708935,python,[JIT],0x0000e5a3cd7c11a8
3225044.0,3708580,python,[JIT],0x0000f9c1c7c0e1fc
3225006.0,3708760,python,[JIT],0x0000fb7688bdc1c8
3224944.0,3708935,python,python,set_add
3224931.0,3708760,python,[JIT],0x0000fb7688bdd1d0
3224911.0,3708760,python,[JIT],0x0000fb7688bde08c
3224909.0,3708447,python,[JIT],0x0000e1f8571e1344
3224907.0,3708760,python,[JIT],0x0000fb7688bde164
3224886.0,3708580,python,python,_PyObject_GC_New
3224882.0,3708760,python,[JIT],0x0000fb7688c821a8
3224872.0,3708580,python,[JIT],0x0000f9c1c7c0b8d0
3224863.0,3708447,python,[JIT],0x0000e1f8571e3284
3224852.0,3708447,python,[JIT],0x0000e1f8571e34d4
3224839.0,3708935,python,[JIT],0x0000e5a3cd71f144
3224807.0,3709441,python,[JIT],0x0000f9347519716c
3224796.0,3709441,python,[JIT],0x0000f9347519b13c
3224792.0,3708580,python,[JIT],0x0000f9c1c7c0e13c
3224789.0,3709441,python,[JIT],0x0000f93475199164
3224785.0,3708935,python,[kernel.kallsyms],__lruvec_stat_mod_folio
3224779.0,3708935,python,[JIT],0x0000e5a3cd7c309c
3224745.0,3709441,python,[JIT],0x0000f9347519b0ac
3224740.0,3708935,python,[JIT],0x0000e5a3cd71f0d0
3224709.0,3708760,python,[JIT],0x0000fb7688bdd240
3224560.0,3709270,python,[JIT],0x0000eaaffa1f414c
3224527.0,3708760,python,[kernel.kallsyms],_raw_spin_unlock_irqrestore
3224499.0,3708760,python,[JIT],0x0000fb7688bde430
3224475.0,3708760,python,[JIT],0x0000fb7688c8205c
3224445.0,3708580,python,[JIT],0x0000f9c1c7c0b038
3224444.0,3709077,python,[JIT],0x0000f0f377c071c8
3224421.0,3708580,python,[JIT],0x0000f9c1c7c0c1e8
3224414.0,3708580,python,[JIT],0x0000f9c1c7c0d044
3224388.0,3709441,python,[JIT],0x0000f93475198154
3224385.0,3709077,python,python,_Py_NewReference
3224365.0,3709270,python,python,_Py_NewReference
3224360.0,3708935,python,[JIT],0x0000e5a3cd71e064
3224339.0,3709077,python,[JIT],0x0000f0f377c0635c
3224260.0,3709270,python,[JIT],0x0000eaaffa1bf424
3224256.0,3708447,python,[JIT],0x0000e1f85713f144
3224250.0,3709270,python,python,_PyObject_GC_New
3224090.0,3708935,python,python,tuple_alloc
3224069.0,3709077,python,[JIT],0x0000f0f377c05264
3224034.0,3709270,python,python,dict_iter
3223975.0,3708760,python,python,_PyLong_FromMedium
3223953.0,3709077,python,python,gen_iternext
3223875.0,3709270,python,[JIT],0x0000eaaffa1f2164
3223795.0,3709270,python,[JIT],0x0000eaaffa1f10e8
3223789.0,3709077,python,[JIT],0x0000f0f377c094d8
3223661.0,3709270,python,python,PySequence_Fast
3223569.0,3709270,python,[JIT],0x0000eaaffa1f402c
3223527.0,3709270,python,[JIT],0x0000eaaffa1f1124
3223429.0,3709077,python,[JIT],0x0000f0f377c0905c
3223077.0,3709270,python,[JIT],0x0000eaaffa1f4208
3222807.0,3709270,python,[JIT],0x0000eaaffa1f1144
3222296.0,3709270,python,[kernel.kallsyms],__mod_node_page_state
3222076.0,3709077,python,[kernel.kallsyms],__mod_memcg_lruvec_state
3221854.0,3709270,python,[JIT],0x0000eaaffa1f4178
3221492.0,3709270,python,python,_PyLong_ExactDealloc
3221277.0,3709270,python,python,deque_extend_impl
3219852.0,3708935,python,[kernel.kallsyms],folio_remove_rmap_ptes
3217586.0,3709441,python,[kernel.kallsyms],get_mem_cgroup_from_mm
3216994.0,3709441,python,[JIT],0x0000f93475198108
3214926.0,3708935,python,python,tuple_dealloc
3212138.0,3708760,python,[JIT],0x0000fb7688bdf1c8
3210437.0,3709441,python,[JIT],0x0000f9347519b274
3209750.0,3708580,python,[JIT],0x0000f9c1c7c0e4d8
3206658.0,3709270,python,[JIT],0x0000eaaffa1f406c
3198796.0,3708760,python,[JIT],0x0000fb7688c8213c
2979875.0,3708935,python,[JIT],0x0000e5a3cd71e084
2979558.0,3708447,python,[kernel.kallsyms],up_read
2979133.0,3708580,python,[kernel.kallsyms],alloc_pages_mpol
2979117.0,3708935,python,libc.so.6,__memset_zva64
2978910.0,3708935,python,[kernel.kallsyms],lock_vma_under_rcu
2978659.0,3708447,python,[kernel.kallsyms],_raw_spin_trylock
2978201.0,3708580,python,[kernel.kallsyms],__handle_mm_fault
2978034.0,3708447,python,[JIT],0x0000e1f8571e2260
2977997.0,3708935,python,[kernel.kallsyms],_raw_spin_trylock
2977834.0,3708580,python,[kernel.kallsyms],percpu_ref_get_many
2977540.0,3709441,python,[JIT],0x0000f934751961c8
2977479.0,3708760,python,[kernel.kallsyms],up_read
2977469.0,3708447,python,[JIT],0x0000e1f85713f164
2977403.0,3708935,python,[kernel.kallsyms],do_anonymous_page
2977344.0,3708447,python,[JIT],0x0000e1f85713e120
2977306.0,3708760,python,[JIT],0x0000fb7688bdd198
2977158.0,3708447,python,[JIT],0x0000e1f8571e34d8
2977144.0,3708935,python,[JIT],0x0000e5a3cd7c34d0
2977096.0,3708447,python,[JIT],0x0000e1f85713e264
2977096.0,3709441,python,[JIT],0x0000f93475198124
2977094.0,3708580,python,[JIT],0x0000f9c1c7c0b174
2977054.0,3709077,python,[kernel.kallsyms],__rcu_read_unlock
2977017.0,3709441,python,[JIT],0x0000f93475198194
2976927.0,3709077,python,[JIT],0x0000f0f377c06194
2976922.0,3708447,python,[JIT],0x0000e1f8571e3220
2976904.0,3709077,python,[JIT],0x0000f0f377c0913c
2976895.0,3708935,python,[JIT],0x0000e5a3cd71e150
2976888.0,3709077,python,python,_PyLong_FromMedium
2976884.0,3709441,python,[JIT],0x0000f934751980f8
2976882.0,3708935,python,[JIT],0x0000e5a3cd7c3260
2976874.0,3708580,python,[JIT],0x0000f9c1c7c0b0d4
2976865.0,3708935,python,python,dict_iter
2976851.0,3708935,python,[JIT],0x0000e5a3cd7c3274
2976844.0,3708580,python,[JIT],0x0000f9c1c7c0b3ac
2976830.0,3708447,python,[JIT],0x0000e1f85713f430
2976827.0,3708580,python,[JIT],0x0000f9c1c7c0b070
2976825.0,3708580,python,[kernel.kallsyms],el0_da
2976822.0,3708580,python,[JIT],0x0000f9c1c7c0c248
2976818.0,3708760,python,python,find_empty_slot
2976812.0,3709077,python,[JIT],0x0000f0f377c09084
2976811.0,3708935,python,python,setitem_take2_lock_held
2976806.0,3708760,python,[kernel.kallsyms],get_mem_cgroup_from_mm
2976803.0,3708447,python,[JIT],0x0000e1f8571e11e8
2976800.0,3708447,python,[JIT],0x0000e1f85713f3a8
2976791.0,3709270,python,[JIT],0x0000eaaffa1f4004
2976787.0,3708760,python,[JIT],0x0000fb7688c82208
2976775.0,3709077,python,[JIT],0x0000f0f377c052c8
2976769.0,3709441,python,[JIT],0x0000f934751980c4
2976762.0,3708935,python,[JIT],0x0000e5a3cd7c10e0
2976759.0,3708760,python,python,set_add
2976754.0,3709441,python,[JIT],0x0000f934751991e8
2976742.0,3709441,python,[JIT],0x0000f93475197120
2976740.0,3708760,python,[JIT],0x0000fb7688bde144
2976735.0,3708935,python,[JIT],0x0000e5a3cd71f038
2976734.0,3709077,python,[JIT],0x0000f0f377c0916c
2976667.0,3708760,python,[JIT],0x0000fb7688bde124
2976631.0,3708760,python,[JIT],0x0000fb7688bde0d0
2976620.0,3709441,python,[JIT],0x0000f93475198450
2976612.0,3708760,python,[JIT],0x0000fb7688c821bc
2976606.0,3709077,python,[JIT],0x0000f0f377c07340
2976580.0,3708580,python,[JIT],0x0000f9c1c7c0e0b8
2976560.0,3708760,python,[JIT],0x0000fb7688c824d4
2976553.0,3708447,python,[JIT],0x0000e1f8571e31c8
2976552.0,3709270,python,[JIT],0x0000eaaffa1f4260
2976542.0,3709270,python,[JIT],0x0000eaaffa1f2188
2976536.0,3708447,python,[JIT],0x0000e1f85713f35c
2976520.0,3708760,python,[JIT],0x0000fb7688bdf14c
2976519.0,3709077,python,[JIT],0x0000f0f377c07178
2976510.0,3708935,python,[JIT],0x0000e5a3cd71d1c8
2976485.0,3708760,python,python,_PyTuple_FromStackRefStealOnSuccess
2976481.0,3708935,python,[JIT],0x0000e5a3cd71e274
2976479.0,3708760,python,[JIT],0x0000fb7688bde0f8
2976464.0,3708580,python,[JIT],0x0000f9c1c7c0b460
2976448.0,3708935,python,[JIT],0x0000e5a3cd71f2cc
2976435.0,3708580,python,[JIT],0x0000f9c1c7c0b164
2976424.0,3708447,python,[JIT],0x0000e1f8571e30b8
2976413.0,3709441,python,[JIT],0x0000f9347519b034
2976367.0,3709077,python,[JIT],0x0000f0f377c061e8
2976355.0,3708935,python,[JIT],0x0000e5a3cd71e234
2976343.0,3709270,python,[JIT],0x0000eaaffa1bf120
2976338.0,3708447,python,[JIT],0x0000e1f85713e048
2976319.0,3708580,python,[JIT],0x0000f9c1c7c0e240
2976296.0,3709270,python,[JIT],0x0000eaaffa1f11d8
2976296.0,3708580,python,[JIT],0x0000f9c1c7c0a254
2976295.0,3709077,python,python,tuple_alloc
2976274.0,3708935,python,[JIT],0x0000e5a3cd71f410
2976272.0,3709077,python,[JIT],0x0000f0f377c090c4
2976206.0,3709270,python,[JIT],0x0000eaaffa1f1174
2976103.0,3709270,python,[JIT],0x0000eaaffa1f44d4
2976086.0,3709077,python,[JIT],0x0000f0f377c060d4
2976073.0,3708760,python,[JIT],0x0000fb7688bde070
2976053.0,3709441,python,[JIT],0x0000f9347519a044
2975974.0,3709270,python,[JIT],0x0000eaaffa1f1194
2975932.0,3708760,python,[JIT],0x0000fb7688c82240
2975877.0,3708580,python,[JIT],0x0000f9c1c7c0e1c8
2975845.0,3709270,python,[JIT],0x0000eaaffa1bf274
2975633.0,3708935,python,[JIT],0x0000e5a3cd7c11b8
2975518.0,3708760,python,[JIT],0x0000fb7688c8202c
2975492.0,3709270,python,[JIT],0x0000eaaffa1f1188
2975440.0,3709270,python,[JIT],0x0000eaaffa1f1430
2975413.0,3708447,python,[JIT],0x0000e1f8571e30b0
2975240.0,3709270,python,[JIT],0x0000eaaffa1f405c
2974322.0,3708580,python,[JIT],0x0000f9c1c7c0e03c
2973304.0,3708447,python,[JIT],0x0000e1f8571e31e8
2971676.0,3709270,python,python,set_add
2965879.0,3708447,python,[JIT],0x0000e1f8571e1188
2964127.0,3709441,python,[kernel.kallsyms],folio_add_lru
2961279.0,3709441,python,[kernel.kallsyms],rmqueue
2960883.0,3708935,python,python,PyObject_GC_Del
2953884.0,3709270,python,[kernel.kallsyms],__rcu_read_lock
2948755.0,3708447,python,[JIT],0x0000e1f85713f0e8
2946477.0,3709441,python,[kernel.kallsyms],percpu_ref_get_many
2944869.0,3709441,python,[JIT],0x0000f9347519832c
2935723.0,3708580,python,python,PyObject_GetIter
2732324.0,3708447,python,[JIT],0x0000e1f8571e21c8
2731071.0,3709270,python,libc.so.6,__memset_zva64
2730899.0,3709441,python,[kernel.kallsyms],do_page_fault
2730539.0,3709270,python,[kernel.kallsyms],el0_da
2730500.0,3709441,python,[kernel.kallsyms],arch_local_irq_restore
2730402.0,3709077,python,[kernel.kallsyms],__rcu_read_lock
2730392.0,3708935,python,[kernel.kallsyms],__alloc_pages
2730335.0,3708447,python,[kernel.kallsyms],do_anonymous_page
2730243.0,3708760,python,[kernel.kallsyms],get_page_from_freelist
2730138.0,3709077,python,[kernel.kallsyms],arch_local_irq_restore
2729614.0,3708935,python,[kernel.kallsyms],__rcu_read_lock
2729581.0,3708447,python,[JIT],0x0000e1f8571e10c0
2729482.0,3708760,python,[kernel.kallsyms],down_read_trylock
2729449.0,3708447,python,[JIT],0x0000e1f85713d02c
2729349.0,3708580,python,[JIT],0x0000f9c1c7c0e088
2729335.0,3708447,python,[JIT],0x0000e1f8571e2048
2729324.0,3709441,python,[JIT],0x0000f9347519834c
2729304.0,3709270,python,[kernel.kallsyms],up_read
2729290.0,3708935,python,[JIT],0x0000e5a3cd71f08c
2729214.0,3708447,python,[JIT],0x0000e1f85713e0e8
2729189.0,3709441,python,[JIT],0x0000f934751980b4
2729186.0,3708580,python,[JIT],0x0000f9c1c7c0b154
2729178.0,3708447,python,[JIT],0x0000e1f85713f0b4
2729147.0,3708447,python,[JIT],0x0000e1f85713f450
2729120.0,3708580,python,[JIT],0x0000f9c1c7c0b090
2729097.0,3708935,python,[JIT],0x0000e5a3cd71f0d4
2729079.0,3708935,python,[JIT],0x0000e5a3cd71f124
2729054.0,3708935,python,[JIT],0x0000e5a3cd71e058
2729038.0,3708760,python,[JIT],0x0000fb7688c82090
2729032.0,3708760,python,[JIT],0x0000fb7688c82084
2729012.0,3708447,python,[JIT],0x0000e1f8571e3074
2729009.0,3708760,python,[JIT],0x0000fb7688c82074
2728977.0,3709077,python,[JIT],0x0000f0f377c094d4
2728957.0,3709077,python,[JIT],0x0000f0f377c08040
2728934.0,3708580,python,[JIT],0x0000f9c1c7c0d048
2728905.0,3708760,python,[JIT],0x0000fb7688bde038
2728854.0,3708447,python,[JIT],0x0000e1f8571e11a8
2728853.0,3708447,python,[JIT],0x0000e1f8571e1340
2728844.0,3709441,python,[JIT],0x0000f93475199178
2728835.0,3708760,python,[JIT],0x0000fb7688bdd0ac
2728834.0,3708580,python,[JIT],0x0000f9c1c7c0b474
2728816.0,3708935,python,[JIT],0x0000e5a3cd71f1a0
2728801.0,3708447,python,[JIT],0x0000e1f85713f3f8
2728794.0,3708935,python,[JIT],0x0000e5a3cd7c2008
2728792.0,3708760,python,[JIT],0x0000fb7688bde2cc
2728778.0,3708935,python,python,_PyLong_ExactDealloc
2728778.0,3708760,python,[JIT],0x0000fb7688c82260
2728766.0,3708447,python,[JIT],0x0000e1f8571e3088
2728764.0,3708447,python,[JIT],0x0000e1f85713f36c
2728758.0,3708935,python,[JIT],0x0000e5a3cd7c3238
2728740.0,3708935,python,[JIT],0x0000e5a3cd7c31c8
2728731.0,3708447,python,[JIT],0x0000e1f8571e3240
2728730.0,3708935,python,[JIT],0x0000e5a3cd71e224
2728727.0,3709441,python,[JIT],0x0000f9347519835c
2728725.0,3708447,python,[JIT],0x0000e1f85713e240
2728687.0,3708447,python,[JIT],0x0000e1f85713f1a0
2728679.0,3708760,python,[JIT],0x0000fb7688bde420
2728666.0,3708760,python,[JIT],0x0000fb7688bdd21c
2728660.0,3708580,python,[JIT],0x0000f9c1c7c0e274
2728647.0,3709441,python,[JIT],0x0000f9347519b05c
2728642.0,3709441,python,[JIT],0x0000f934751972c8
2728638.0,3709441,python,[JIT],0x0000f9347519b0c4
2728635.0,3708935,python,[JIT],0x0000e5a3cd7c303c
2728633.0,3709077,python,[JIT],0x0000f0f377c060b4
2728618.0,3709441,python,[JIT],0x0000f9347519b1c8
2728609.0,3708580,python,[JIT],0x0000f9c1c7c0e19c
2728607.0,3708935,python,[JIT],0x0000e5a3cd71f090
2728606.0,3708760,python,[JIT],0x0000fb7688bdd120
2728576.0,3708935,python,[JIT],0x0000e5a3cd7c20c8
2728570.0,3709077,python,[JIT],0x0000f0f377c06208
2728553.0,3709441,python,[JIT],0x0000f934751991d8
2728546.0,3708580,python,python,gen_iternext
2728543.0,3709077,python,[JIT],0x0000f0f377c063ec
2728540.0,3708760,python,[JIT],0x0000fb7688bde1a8
2728528.0,3708935,python,python,_PyLong_FromMedium
2728516.0,3708760,python,[JIT],0x0000fb7688bde154
2728516.0,3708760,python,[JIT],0x0000fb7688c81040
2728511.0,3709077,python,[JIT],0x0000f0f377c07074
2728488.0,3709077,python,[JIT],0x0000f0f377c080c8
2728449.0,3708935,python,python,dictiter_dealloc
2728439.0,3708580,python,[JIT],0x0000f9c1c7c0a120
2728434.0,3708447,python,[JIT],0x0000e1f85713f29c
2728405.0,3709441,python,[JIT],0x0000f9347519b030
2728387.0,3709077,python,[JIT],0x0000f0f377c090ac
2728386.0,3708760,python,[JIT],0x0000fb7688bdd168
2728374.0,3708935,python,[JIT],0x0000e5a3cd7c3034
2728371.0,3709077,python,[JIT],0x0000f0f377c05098
2728348.0,3709441,python,[JIT],0x0000f9347519b1e8
2728329.0,3708935,python,[JIT],0x0000e5a3cd7c11d8
2728318.0,3709077,python,[JIT],0x0000f0f377c091b8
2728308.0,3708935,python,[JIT],0x0000e5a3cd7c1030
2728264.0,3708935,python,[JIT],0x0000e5a3cd7c3090
2728246.0,3709077,python,[JIT],0x0000f0f377c09274
2728239.0,3708580,python,[JIT],0x0000f9c1c7c0a240
2728225.0,3709077,python,[JIT],0x0000f0f377c062cc
2728211.0,3708580,python,[JIT],0x0000f9c1c7c0a274
2728166.0,3708935,python,[JIT],0x0000e5a3cd7c20b8
2728152.0,3708580,python,[JIT],0x0000f9c1c7c0a2a8
2728148.0,3709270,python,[JIT],0x0000eaaffa1f21d8
2728132.0,3708447,python,[JIT],0x0000e1f8571e303c
2728125.0,3709270,python,[JIT],0x0000eaaffa1f42ac
2728100.0,3708935,python,python,memcmp@plt
2728061.0,3709077,python,[JIT],0x0000f0f377c09260
2728048.0,3709077,python,python,PyObject_GetIter
2728026.0,3708935,python,[JIT],0x0000e5a3cd7c316c
2727996.0,3708935,python,[JIT],0x0000e5a3cd7c30ac
2727964.0,3709270,python,[JIT],0x0000eaaffa1f2214
2727941.0,3709077,python,[JIT],0x0000f0f377c063b8
2727935.0,3708935,python,[JIT],0x0000e5a3cd71f8d0
2727875.0,3708760,python,python,memcmp@plt
2727769.0,3708580,python,[JIT],0x0000f9c1c7c0b3dc
2727767.0,3709077,python,[JIT],0x0000f0f377c091d8
2727756.0,3708760,python,[JIT],0x0000fb7688bdd274
2727685.0,3708447,python,[JIT],0x0000e1f8571e2100
2727668.0,3708935,python,[JIT],0x0000e5a3cd7c134c
2727527.0,3709270,python,[JIT],0x0000eaaffa1bf048
2727443.0,3709270,python,[JIT],0x0000eaaffa1f40b0
2726868.0,3709270,python,[JIT],0x0000eaaffa1be1c8
2726516.0,3708447,python,[JIT],0x0000e1f8571e30c0
2726353.0,3709077,python,[JIT],0x0000f0f377c071e8
2726073.0,3708935,python,[JIT],0x0000e5a3cd71e2c8
2725389.0,3708935,python,python,gen_iternext
2725022.0,3708580,python,python,_PyTuple_FromStackRefStealOnSuccess
2724762.0,3708760,python,[JIT],0x0000fb7688bde8d0
2724669.0,3709077,python,[JIT],0x0000f0f377c060e8
2720938.0,3708760,python,[JIT],0x0000fb7688bdd188
2718169.0,3708580,python,[JIT],0x0000f9c1c7c0e178
2716991.0,3708935,python,[JIT],0x0000e5a3cd71f34c
2716810.0,3709441,python,[JIT],0x0000f93475197250
2713965.0,3708447,python,[JIT],0x0000e1f8571e20c8
2712716.0,3708935,python,[JIT],0x0000e5a3cd71f460
2708444.0,3709441,python,[JIT],0x0000f93475199214
2705553.0,3708935,python,[JIT],0x0000e5a3cd7c313c
2700659.0,3708447,python,[JIT],0x0000e1f8571e202c
2700395.0,3708580,python,python,find_empty_slot
2492931.0,3709077,python,[JIT],0x0000f0f377c05150
2489660.0,3709441,python,[JIT],0x0000f9347519a09c
2482737.0,3708935,python,[kernel.kallsyms],up_read
2482358.0,3709441,python,[kernel.kallsyms],__handle_mm_fault
2482113.0,3708760,python,[kernel.kallsyms],_raw_spin_trylock
2482075.0,3709270,python,[kernel.kallsyms],alloc_pages_mpol
2482028.0,3708447,python,[kernel.kallsyms],alloc_pages_mpol
2482016.0,3709441,python,[kernel.kallsyms],lock_vma_under_rcu
2481944.0,3709077,python,[kernel.kallsyms],get_page_from_freelist
2481843.0,3708580,python,[kernel.kallsyms],arch_local_irq_restore
2481788.0,3708447,python,[kernel.kallsyms],do_page_fault
2481659.0,3709077,python,[kernel.kallsyms],percpu_ref_get_many
2481636.0,3708935,python,[JIT],0x0000e5a3cd7c149c
2481587.0,3709077,python,[JIT],0x0000f0f377c0907c
2481497.0,3709077,python,[JIT],0x0000f0f377c09230
2481482.0,3708580,python,[kernel.kallsyms],down_read_trylock
2481387.0,3709441,python,[JIT],0x0000f9347519b208
2481357.0,3708447,python,[JIT],0x0000e1f85713e294
2481317.0,3709441,python,[JIT],0x0000f93475198004
2481219.0,3708580,python,[JIT],0x0000f9c1c7c0a0d8
2481151.0,3708447,python,[JIT],0x0000e1f85713e058
2481099.0,3708760,python,[JIT],0x0000fb7688bde32c
2481075.0,3709441,python,[JIT],0x0000f9347519a060
2481042.0,3708760,python,[JIT],0x0000fb7688c81260
2481035.0,3709441,python,[JIT],0x0000f93475197058
2481031.0,3708447,python,[JIT],0x0000e1f8571e32ac
2480999.0,3708447,python,[JIT],0x0000e1f8571e20d4
2480984.0,3708447,python,[JIT],0x0000e1f8571e22a0
2480955.0,3708580,python,[JIT],0x0000f9c1c7c0c0a4
2480953.0,3708447,python,[JIT],0x0000e1f8571e3230
2480910.0,3708760,python,[JIT],0x0000fb7688bde3f8
2480902.0,3708447,python,[JIT],0x0000e1f8571e307c
2480870.0,3708760,python,[JIT],0x0000fb7688bdf1e8
2480861.0,3708580,python,[JIT],0x0000f9c1c7c0a250
2480854.0,3708580,python,[JIT],0x0000f9c1c7c0e17c
2480846.0,3708760,python,[JIT],0x0000fb7688bde0e8
2480831.0,3708447,python,[JIT],0x0000e1f85713f350
2480817.0,3708935,python,[JIT],0x0000e5a3cd71e0c4
2480805.0,3709441,python,[JIT],0x0000f93475197240
2480804.0,3709441,python,[JIT],0x0000f93475199188
2480796.0,3708447,python,[JIT],0x0000e1f85713e0d8
2480792.0,3709441,python,[kernel.kallsyms],__rcu_read_unlock
2480791.0,3708447,python,[JIT],0x0000e1f8571e31ac
2480790.0,3709441,python,[JIT],0x0000f9347519b164
2480782.0,3708935,python,[JIT],0x0000e5a3cd71e0f4
2480739.0,3708760,python,[JIT],0x0000fb7688bdf214
2480736.0,3708760,python,[JIT],0x0000fb7688bde3ec
2480717.0,3708760,python,[JIT],0x0000fb7688bde3c8
2480707.0,3708760,python,[JIT],0x0000fb7688c82214
2480700.0,3708580,python,[JIT],0x0000f9c1c7c0a198
2480697.0,3709441,python,[JIT],0x0000f93475198164
2480684.0,3709441,python,[JIT],0x0000f93475198410
2480670.0,3708580,python,[JIT],0x0000f9c1c7c0e164
2480668.0,3709077,python,[JIT],0x0000f0f377c060b0
2480667.0,3708760,python,[JIT],0x0000fb7688bdd294
2480655.0,3708447,python,[JIT],0x0000e1f8571e11b8
2480638.0,3708935,python,[JIT],0x0000e5a3cd7c2040
2480634.0,3708447,python,[JIT],0x0000e1f8571e11c8
2480626.0,3709270,python,[kernel.kallsyms],rmqueue
2480613.0,3708760,python,[JIT],0x0000fb7688bdd264
2480588.0,3709077,python,[JIT],0x0000f0f377c050e8
2480539.0,3708447,python,[JIT],0x0000e1f85713f174
2480520.0,3708580,python,[JIT],0x0000f9c1c7c0a058
2480517.0,3708935,python,[JIT],0x0000e5a3cd7c10c8
2480516.0,3708760,python,[JIT],0x0000fb7688c82284
2480510.0,3708580,python,[JIT],0x0000f9c1c7c0c1d8
2480489.0,3708580,python,[JIT],0x0000f9c1c7c0a084
2480469.0,3708580,python,[JIT],0x0000f9c1c7c0e1bc
2480467.0,3709441,python,[JIT],0x0000f9347519a2a0
2480438.0,3708580,python,[JIT],0x0000f9c1c7c0e07c
2480432.0,3708447,python,[JIT],0x0000e1f85713e1d0
2480428.0,3708580,python,[JIT],0x0000f9c1c7c0c094
2480425.0,3709441,python,[JIT],0x0000f93475199074
2480413.0,3708760,python,[JIT],0x0000fb7688c82230
2480409.0,3708580,python,[JIT],0x0000f9c1c7c0a224
2480404.0,3709441,python,[JIT],0x0000f9347519934c
2480400.0,3708580,python,[JIT],0x0000f9c1c7c0a0f4
2480393.0,3708935,python,[JIT],0x0000e5a3cd71f1b8
2480391.0,3709077,python,[JIT],0x0000f0f377c091a8
2480387.0,3709077,python,[JIT],0x0000f0f377c0502c
2480385.0,3709077,python,[JIT],0x0000f0f377c09188
2480382.0,3709441,python,[JIT],0x0000f93475197038
2480381.0,3709077,python,[JIT],0x0000f0f377c0903c
2480380.0,3708935,python,[JIT],0x0000e5a3cd71e294
2480371.0,3708580,python,[JIT],0x0000f9c1c7c0b35c
2480341.0,3708580,python,[JIT],0x0000f9c1c7c0b420
2480335.0,3708580,python,[JIT],0x0000f9c1c7c0e0ac
2480324.0,3709077,python,[JIT],0x0000f0f377c05294
2480313.0,3708760,python,[JIT],0x0000fb7688bde474
2480292.0,3709077,python,[JIT],0x0000f0f377c09214
2480278.0,3708760,python,[JIT],0x0000fb7688c81044
2480265.0,3709441,python,[JIT],0x0000f9347519b230
2480262.0,3708580,python,[JIT],0x0000f9c1c7c0e37c
2480255.0,3709270,python,[JIT],0x0000eaaffa1bf224
2480251.0,3709077,python,[JIT],0x0000f0f377c07234
2480234.0,3708580,python,[JIT],0x0000f9c1c7c0d0c8
2480232.0,3709270,python,[JIT],0x0000eaaffa1f2000
2480231.0,3708447,python,[JIT],0x0000e1f8571e3090
2480201.0,3708580,python,python,PyObject_GC_Del
2480193.0,3709077,python,[JIT],0x0000f0f377c07060
2480180.0,3708760,python,[JIT],0x0000fb7688bde090
2480175.0,3708447,python,[JIT],0x0000e1f85713f114
2480160.0,3709077,python,[JIT],0x0000f0f377c080d8
2480155.0,3708760,python,[JIT],0x0000fb7688c8207c
2480154.0,3708935,python,[JIT],0x0000e5a3cd7c3030
2480141.0,3708760,python,python,PySequence_Fast
2480140.0,3709077,python,[JIT],0x0000f0f377c091e8
2480106.0,3708580,python,python,_PyObject_Malloc
2480081.0,3708580,python,[JIT],0x0000f9c1c7c0b34c
2480074.0,3709441,python,[JIT],0x0000f9347519a040
2480055.0,3708580,python,[JIT],0x0000f9c1c7c0c178
2480040.0,3709270,python,[JIT],0x0000eaaffa1f4088
2480034.0,3709270,python,[JIT],0x0000eaaffa1f2340
2479977.0,3709077,python,[JIT],0x0000f0f377c0629c
2479951.0,3709270,python,[JIT],0x0000eaaffa1f20c4
2479893.0,3709077,python,[JIT],0x0000f0f377c06080
2479889.0,3709270,python,[JIT],0x0000eaaffa1f4188
2479874.0,3708935,python,[JIT],0x0000e5a3cd71e0d8
2479866.0,3709270,python,[JIT],0x0000eaaffa1bf1a8
2479861.0,3709077,python,[JIT],0x0000f0f377c09284
2479857.0,3709441,python,[JIT],0x0000f93475197048
2479837.0,3709270,python,[JIT],0x0000eaaffa1f212c
2479820.0,3709270,python,[JIT],0x0000eaaffa1f13a8
2479765.0,3708580,python,[JIT],0x0000f9c1c7c0b33c
2479726.0,3708580,python,[kernel.kallsyms],__rcu_read_unlock
2479701.0,3708760,python,python,PyObject_Free
2479700.0,3709270,python,[JIT],0x0000eaaffa1f21c8
2479618.0,3709270,python,[JIT],0x0000eaaffa1f10d0
2479541.0,3708580,python,[JIT],0x0000f9c1c7c0d0cc
2479437.0,3709441,python,[JIT],0x0000f93475198144
2479106.0,3709270,python,[JIT],0x0000eaaffa1f407c
2478454.0,3709270,python,[JIT],0x0000eaaffa1f419c
2478376.0,3708447,python,[JIT],0x0000e1f85713f090
2478256.0,3709077,python,[JIT],0x0000f0f377c05120
2477920.0,3708580,python,[JIT],0x0000f9c1c7c0e248
2477832.0,3708760,python,[kernel.kallsyms],free_unref_page_prepare
2477791.0,3708447,python,[kernel.kallsyms],free_unref_page_prepare
2477456.0,3709441,python,[JIT],0x0000f9347519b06c
2477445.0,3708935,python,[JIT],0x0000e5a3cd71f0f8
2476779.0,3709077,python,[JIT],0x0000f0f377c05084
2475896.0,3709077,python,[kernel.kallsyms],folio_remove_rmap_ptes
2475858.0,3708760,python,[kernel.kallsyms],folio_remove_rmap_ptes
2473208.0,3708760,python,[JIT],0x0000fb7688bdd084
2472702.0,3708580,python,[JIT],0x0000f9c1c7c0b3a8
2466897.0,3709077,python,[JIT],0x0000f0f377c09064
2466275.0,3709077,python,[JIT],0x0000f0f377c05040
2465937.0,3708760,python,[JIT],0x0000fb7688bdd1a8
2464418.0,3709270,python,[kernel.kallsyms],__alloc_pages
2463925.0,3709077,python,[JIT],0x0000f0f377c090a4
2462188.0,3708935,python,[JIT],0x0000e5a3cd7c305c
2454345.0,3708935,python,[JIT],0x0000e5a3cd71f0b4
2431940.0,3708447,python,[JIT],0x0000e1f85713e0c4
2247618.0,3708935,python,[JIT],0x0000e5a3cd7c3064
2241311.0,3709077,python,[JIT],0x0000f0f377c08290
2235532.0,3709270,python,[JIT],0x0000eaaffa1f40cc
2234609.0,3709077,python,[kernel.kallsyms],rmqueue
2234578.0,3708447,python,[kernel.kallsyms],__pte_offset_map
2234348.0,3708935,python,[kernel.kallsyms],folio_add_new_anon_rmap
2234224.0,3709077,python,[kernel.kallsyms],_raw_spin_lock
2234086.0,3709441,python,[kernel.kallsyms],do_anonymous_page
2233829.0,3709441,python,[kernel.kallsyms],folio_add_new_anon_rmap
2233798.0,3709077,python,[kernel.kallsyms],do_anonymous_page
2233788.0,3709077,python,[kernel.kallsyms],_raw_spin_unlock
2233716.0,3709077,python,[kernel.kallsyms],__pte_offset_map
2233493.0,3708580,python,[kernel.kallsyms],__pi_clear_page
2233490.0,3708580,python,[kernel.kallsyms],try_charge_memcg
2233440.0,3708580,python,[kernel.kallsyms],up_read
2233154.0,3708580,python,[JIT],0x0000f9c1c7c0a294
2233100.0,3708580,python,[JIT],0x0000f9c1c7c0a100
2233076.0,3709077,python,[JIT],0x0000f0f377c06094
2233064.0,3708760,python,[JIT],0x0000fb7688c82238
2233057.0,3708760,python,[JIT],0x0000fb7688bde060
2233050.0,3708447,python,[JIT],0x0000e1f8571e3380
2233002.0,3708935,python,[JIT],0x0000e5a3cd71f108
2232948.0,3708447,python,[JIT],0x0000e1f85713f460
2232934.0,3708935,python,[JIT],0x0000e5a3cd7c31bc
2232922.0,3709441,python,[JIT],0x0000f93475197274
2232921.0,3708760,python,[JIT],0x0000fb7688bdd02c
2232903.0,3708447,python,[JIT],0x0000e1f8571e31a8
2232897.0,3708447,python,[JIT],0x0000e1f85713e228
2232883.0,3708760,python,[JIT],0x0000fb7688c82274
2232879.0,3709441,python,[JIT],0x0000f9347519b248
2232876.0,3708935,python,[JIT],0x0000e5a3cd7c34d8
2232862.0,3708447,python,[JIT],0x0000e1f85713f3d8
2232859.0,3708935,python,[JIT],0x0000e5a3cd7c337c
2232845.0,3708447,python,[JIT],0x0000e1f8571e2040
2232843.0,3708935,python,[JIT],0x0000e5a3cd7c11e8
2232823.0,3708580,python,[JIT],0x0000f9c1c7c0b188
2232818.0,3709270,python,[kernel.kallsyms],do_anonymous_page
2232809.0,3709270,python,[kernel.kallsyms],__handle_mm_fault
2232800.0,3708447,python,[JIT],0x0000e1f85713e14c
2232785.0,3708935,python,[JIT],0x0000e5a3cd7c2260
2232770.0,3708447,python,[JIT],0x0000e1f85713f0f8
2232768.0,3708447,python,[JIT],0x0000e1f85713e004
2232765.0,3708447,python,[JIT],0x0000e1f85713e0f4
2232724.0,3709441,python,[JIT],0x0000f93475197424
2232723.0,3708935,python,[JIT],0x0000e5a3cd71e240
2232716.0,3708447,python,[JIT],0x0000e1f85713f1a8
2232709.0,3708447,python,[JIT],0x0000e1f8571e22fc
2232700.0,3708447,python,[JIT],0x0000e1f8571e2138
2232692.0,3708760,python,[JIT],0x0000fb7688bde33c
2232682.0,3709077,python,[JIT],0x0000f0f377c09088
2232680.0,3708935,python,[JIT],0x0000e5a3cd7c1000
2232667.0,3708760,python,[JIT],0x0000fb7688bdf164
2232664.0,3708580,python,[JIT],0x0000f9c1c7c0a0c4
2232659.0,3708447,python,[JIT],0x0000e1f8571e1498
2232648.0,3708447,python,[JIT],0x0000e1f85713e0a8
2232640.0,3708935,python,[JIT],0x0000e5a3cd71e410
2232639.0,3709441,python,[JIT],0x0000f9347519b37c
2232638.0,3708580,python,[JIT],0x0000f9c1c7c0c490
2232634.0,3709441,python,[JIT],0x0000f93475199344
2232632.0,3709077,python,[JIT],0x0000f0f377c05074
2232629.0,3709077,python,[JIT],0x0000f0f377c061f8
2232627.0,3708580,python,[JIT],0x0000f9c1c7c0b0c4
2232621.0,3708447,python,[JIT],0x0000e1f85713f0d4
2232616.0,3708760,python,[JIT],0x0000fb7688bdd2a8
2232610.0,3709077,python,[JIT],0x0000f0f377c05038
2232605.0,3708447,python,[JIT],0x0000e1f85713f420
2232601.0,3708935,python,[JIT],0x0000e5a3cd7c1088
2232598.0,3708760,python,[JIT],0x0000fb7688bde3b8
2232578.0,3708580,python,[JIT],0x0000f9c1c7c0c244
2232567.0,3709270,python,[JIT],0x0000eaaffa1f41dc
2232561.0,3708447,python,[JIT],0x0000e1f85713f474
2232561.0,3708935,python,[JIT],0x0000e5a3cd71c0cc
2232553.0,3708447,python,[JIT],0x0000e1f8571e3218
2232551.0,3708580,python,[JIT],0x0000f9c1c7c0b060
2232550.0,3708447,python,[JIT],0x0000e1f85713e038
2232548.0,3708760,python,python,PyLong_FromSsize_t
2232547.0,3709270,python,[JIT],0x0000eaaffa1f4284
2232546.0,3708760,python,[JIT],0x0000fb7688bde114
2232542.0,3708760,python,[JIT],0x0000fb7688bdd0c4
2232532.0,3708580,python,[JIT],0x0000f9c1c7c080cc
2232521.0,3709441,python,[JIT],0x0000f9347519b074
2232499.0,3708760,python,[JIT],0x0000fb7688c82268
2232478.0,3708760,python,[JIT],0x0000fb7688c820ac
2232475.0,3708935,python,[JIT],0x0000e5a3cd7c3160
2232471.0,3708760,python,[JIT],0x0000fb7688c82034
2232468.0,3708760,python,[JIT],0x0000fb7688bde398
2232463.0,3709270,python,[JIT],0x0000eaaffa1f40ac
2232462.0,3708447,python,[JIT],0x0000e1f85713f028
2232454.0,3709270,python,[JIT],0x0000eaaffa1f4240
2232450.0,3708760,python,[JIT],0x0000fb7688bdd424
2232421.0,3709077,python,[JIT],0x0000f0f377c07344
2232416.0,3709077,python,[JIT],0x0000f0f377c09240
2232411.0,3709441,python,[JIT],0x0000f9347519b188
2232406.0,3709270,python,[JIT],0x0000eaaffa1f41a8
2232397.0,3709077,python,[JIT],0x0000f0f377c07260
2232385.0,3708447,python,[JIT],0x0000e1f8571e1268
2232376.0,3708760,python,[JIT],0x0000fb7688c810d4
2232367.0,3708580,python,[JIT],0x0000f9c1c7c0e15c
2232366.0,3708935,python,python,PySequence_Fast
2232356.0,3709077,python,[JIT],0x0000f0f377c05224
2232339.0,3708447,python,[JIT],0x0000e1f85713f038
2232331.0,3708935,python,[JIT],0x0000e5a3cd7c3214
2232328.0,3709270,python,[JIT],0x0000eaaffa1f10b4
2232320.0,3709077,python,python,memcmp@plt
2232318.0,3709441,python,[JIT],0x0000f9347519823c
2232317.0,3708935,python,[JIT],0x0000e5a3cd71e1d0
2232314.0,3708447,python,[JIT],0x0000e1f8571e1238
2232304.0,3709077,python,[JIT],0x0000f0f377c05240
2232297.0,3709077,python,[JIT],0x0000f0f377c051d0
2232297.0,3709077,python,[JIT],0x0000f0f377c090b0
2232291.0,3708935,python,[JIT],0x0000e5a3cd71f32c
2232289.0,3708447,python,[JIT],0x0000e1f8571e317c
2232284.0,3708447,python,[JIT],0x0000e1f85713e084
2232284.0,3708760,python,[JIT],0x0000fb7688bde29c
2232268.0,3708935,python,[JIT],0x0000e5a3cd7c3248
2232254.0,3709441,python,[JIT],0x0000f934751981e8
2232251.0,3708580,python,[JIT],0x0000f9c1c7c0b38c
2232247.0,3709270,python,[JIT],0x0000eaaffa1f41fc
2232240.0,3708935,python,[JIT],0x0000e5a3cd7c3220
2232239.0,3709270,python,[JIT],0x0000eaaffa1f234c
2232209.0,3708935,python,[JIT],0x0000e5a3cd71e15c
2232202.0,3709077,python,[JIT],0x0000f0f377c07498
2232201.0,3708580,python,[JIT],0x0000f9c1c7c0e2ac
2232199.0,3708760,python,[JIT],0x0000fb7688bde1a0
2232196.0,3708935,python,[JIT],0x0000e5a3cd7c1238
2232156.0,3708760,python,[JIT],0x0000fb7688bdf498
2232154.0,3709270,python,[JIT],0x0000eaaffa1f1460
2232142.0,3708447,python,[JIT],0x0000e1f8571e2044
2232134.0,3708760,python,python,_PyObject_GC_New
2232126.0,3709270,python,[JIT],0x0000eaaffa1bf2c0
2232117.0,3709270,python,[JIT],0x0000eaaffa1f4090
2232117.0,3708935,python,[JIT],0x0000e5a3cd71e188
2232112.0,3709270,python,[JIT],0x0000eaaffa1f12cc
2232098.0,3709270,python,[JIT],0x0000eaaffa1bf128
2232075.0,3708580,python,[JIT],0x0000f9c1c7c0a168
2232059.0,3708580,python,[JIT],0x0000f9c1c7c0a264
2232059.0,3708935,python,[JIT],0x0000e5a3cd71e134
2232031.0,3709077,python,[JIT],0x0000f0f377c091cc
2232027.0,3709270,python,[JIT],0x0000eaaffa1bf228
2232017.0,3708580,python,[JIT],0x0000f9c1c7c0e06c
2232005.0,3708760,python,[JIT],0x0000fb7688c820c0
2231999.0,3709077,python,[JIT],0x0000f0f377c07064
2231998.0,3709077,python,[JIT],0x0000f0f377c06188
2231997.0,3708935,python,[JIT],0x0000e5a3cd7c30c0
2231992.0,3709077,python,[JIT],0x0000f0f377c06124
2231978.0,3709077,python,[JIT],0x0000f0f377c0638c
2231967.0,3709441,python,[JIT],0x0000f9347519b240
2231953.0,3708935,python,[JIT],0x0000e5a3cd7c34cc
2231953.0,3708935,python,python,set_add_entry_takeref
2231934.0,3708935,python,[JIT],0x0000e5a3cd71f008
2231933.0,3708935,python,[JIT],0x0000e5a3cd71e1a8
2231921.0,3709077,python,[JIT],0x0000f0f377c06430
2231896.0,3709077,python,[JIT],0x0000f0f377c09220
2231874.0,3708760,python,[JIT],0x0000fb7688c8116c
2231873.0,3708935,python,[JIT],0x0000e5a3cd71f430
2231815.0,3709270,python,[JIT],0x0000eaaffa1f4064
2231784.0,3708580,python,[JIT],0x0000f9c1c7c0b39c
2231768.0,3709077,python,[JIT],0x0000f0f377c06474
2231759.0,3709441,python,[JIT],0x0000f934751970c4
2231701.0,3708580,python,python,PySequence_Fast
2231696.0,3709077,python,[JIT],0x0000f0f377c0937c
2231681.0,3709077,python,[JIT],0x0000f0f377c09094
2231639.0,3708935,python,[JIT],0x0000e5a3cd7c30cc
2231624.0,3708935,python,[JIT],0x0000e5a3cd7c1090
2231589.0,3709270,python,[JIT],0x0000eaaffa1f13f8
2231537.0,3709270,python,[JIT],0x0000eaaffa1f1350
2231158.0,3709270,python,python,PyIter_Next
2231107.0,3708760,python,[kernel.kallsyms],free_unref_page_list
2230695.0,3708447,python,libc.so.6,_int_malloc
2230628.0,3709077,python,libc.so.6,_int_malloc
2230341.0,3708580,python,python,PyLong_FromSsize_t
2230180.0,3709077,python,[JIT],0x0000f0f377c06038
2229694.0,3709441,python,libc.so.6,_int_malloc
2229028.0,3709441,python,[JIT],0x0000f934751970fc
2228939.0,3709270,python,[JIT],0x0000eaaffa1bf134
2228696.0,3708580,python,[JIT],0x0000f9c1c7c0e268
2228449.0,3708447,python,[JIT],0x0000e1f85713f410
2228379.0,3708935,python,[JIT],0x0000e5a3cd71e158
2227875.0,3708447,python,[JIT],0x0000e1f8571e3248
2227852.0,3708447,python,[kernel.kallsyms],folio_remove_rmap_ptes
2227111.0,3709270,python,[JIT],0x0000eaaffa1f1108
2226355.0,3708447,python,[JIT],0x0000e1f8571e3228
2224946.0,3708935,python,[JIT],0x0000e5a3cd7c2228
2216957.0,3709270,python,[kernel.kallsyms],_raw_spin_lock
2214508.0,3709441,python,[JIT],0x0000f9347519b0b0
2212913.0,3708447,python,[JIT],0x0000e1f8571e31dc
2034785.0,3709270,python,[kernel.kallsyms],task_mm_cid_work
2029500.0,3709077,python,python,_PyObject_Malloc
1997272.0,3708760,python,[JIT],0x0000fb7688c81178
1997118.0,3708760,python,[JIT],0x0000fb7688c82248
1989442.0,3708760,python,[JIT],0x0000fb7688c8132c
1989406.0,3709441,python,[JIT],0x0000f9347519902c
1987864.0,3709077,python,[JIT],0x0000f0f377c082cc
1987592.0,3708935,python,[JIT],0x0000e5a3cd7c3074
1986527.0,3708447,python,[kernel.kallsyms],down_read_trylock
1986375.0,3708760,python,[kernel.kallsyms],percpu_ref_get_many
1986373.0,3709441,python,[kernel.kallsyms],mem_cgroup_commit_charge
1986297.0,3708760,python,[kernel.kallsyms],__pte_offset_map
1986067.0,3708935,python,[kernel.kallsyms],__handle_mm_fault
1986058.0,3708447,python,[kernel.kallsyms],try_charge_memcg
1986055.0,3708760,python,libc.so.6,__memcpy_generic
1985976.0,3709270,python,[kernel.kallsyms],arch_local_irq_restore
1985937.0,3708447,python,[kernel.kallsyms],__alloc_pages
1985937.0,3708935,python,[kernel.kallsyms],arch_local_irq_restore
1985881.0,3709270,python,[JIT],0x0000eaaffa1f3008
1985725.0,3708580,python,[JIT],0x0000f9c1c7c0e084
1985407.0,3709270,python,[kernel.kallsyms],_raw_spin_trylock
1985366.0,3709270,python,[kernel.kallsyms],get_page_from_freelist
1985338.0,3708580,python,[kernel.kallsyms],do_pte_missing
1985318.0,3709077,python,[kernel.kallsyms],lock_vma_under_rcu
1985256.0,3709270,python,[kernel.kallsyms],folio_add_new_anon_rmap
1985220.0,3708760,python,[JIT],0x0000fb7688bdd208
1985178.0,3709441,python,[JIT],0x0000f9347519721c
1985177.0,3708447,python,[kernel.kallsyms],release_pages
1985141.0,3709077,python,[JIT],0x0000f0f377c050f4
1985076.0,3708447,python,[kernel.kallsyms],__rcu_read_lock
1985074.0,3708447,python,[JIT],0x0000e1f85713e254
1985040.0,3709441,python,[JIT],0x0000f9347519b09c
1985026.0,3709441,python,[JIT],0x0000f9347519b084
1985020.0,3709441,python,[JIT],0x0000f9347519b214
1984974.0,3708580,python,[JIT],0x0000f9c1c7c0b28c
1984965.0,3709441,python,[JIT],0x0000f93475198060
1984960.0,3709441,python,[JIT],0x0000f9347519a0d8
1984946.0,3708935,python,[JIT],0x0000e5a3cd7c31ac
1984910.0,3708447,python,[JIT],0x0000e1f85713f3dc
1984894.0,3708935,python,[JIT],0x0000e5a3cd71f0c4
1984881.0,3709441,python,[JIT],0x0000f93475197294
1984820.0,3708447,python,[JIT],0x0000e1f85713e2a0
1984810.0,3708447,python,[JIT],0x0000e1f8571e103c
1984799.0,3708447,python,[JIT],0x0000e1f85713e074
1984791.0,3708580,python,libc.so.6,__memset_zva64
1984786.0,3708447,python,[JIT],0x0000e1f8571e309c
1984778.0,3708580,python,[JIT],0x0000f9c1c7c0a004
1984756.0,3708760,python,[JIT],0x0000fb7688bdd0d8
1984749.0,3709441,python,[kernel.kallsyms],__mod_node_page_state
1984738.0,3708447,python,[JIT],0x0000e1f85713e188
1984721.0,3708580,python,[JIT],0x0000f9c1c7c0d040
1984716.0,3709270,python,[JIT],0x0000eaaffa1f4074
1984712.0,3708935,python,[kernel.kallsyms],_raw_spin_unlock_irqrestore
1984709.0,3708580,python,[JIT],0x0000f9c1c7c0c34c
1984700.0,3708760,python,[JIT],0x0000fb7688c8209c
1984696.0,3709441,python,[JIT],0x0000f93475198228
1984679.0,3708760,python,[JIT],0x0000fb7688bdf064
1984677.0,3709077,python,[JIT],0x0000f0f377c08044
1984668.0,3708760,python,[JIT],0x0000fb7688bde3d8
1984660.0,3708447,python,[JIT],0x0000e1f8571e20e4
1984658.0,3708935,python,[JIT],0x0000e5a3cd71f218
1984657.0,3708447,python,[JIT],0x0000e1f8571e3008
1984655.0,3709270,python,[JIT],0x0000eaaffa1f40a4
1984647.0,3708935,python,[JIT],0x0000e5a3cd7c3164
1984638.0,3709077,python,[JIT],0x0000f0f377c060f8
1984633.0,3708935,python,[JIT],0x0000e5a3cd71f060
1984632.0,3708760,python,[JIT],0x0000fb7688bde368
1984630.0,3708760,python,[JIT],0x0000fb7688c81008
1984629.0,3709270,python,[JIT],0x0000eaaffa1bf410
1984628.0,3708447,python,[JIT],0x0000e1f85713e1a8
1984625.0,3708580,python,[JIT],0x0000f9c1c7c0a1d0
1984611.0,3708447,python,[JIT],0x0000e1f85713e24c
1984606.0,3709077,python,[JIT],0x0000f0f377c06060
1984601.0,3708447,python,[JIT],0x0000e1f85713e21c
1984596.0,3708935,python,[JIT],0x0000e5a3cd71e2a0
1984594.0,3708760,python,[JIT],0x0000fb7688c82188
1984587.0,3709441,python,[JIT],0x0000f9347519b284
1984584.0,3708760,python,[JIT],0x0000fb7688bdd064
1984581.0,3708935,python,[JIT],0x0000e5a3cd71f33c
1984573.0,3708760,python,[JIT],0x0000fb7688bdf33c
1984568.0,3709441,python,[JIT],0x0000f9347519b4d4
1984565.0,3708760,python,[JIT],0x0000fb7688bdd048
1984563.0,3708580,python,[JIT],0x0000f9c1c7c0e1e8
1984559.0,3709077,python,[JIT],0x0000f0f377c08100
1984556.0,3709077,python,[JIT],0x0000f0f377c07248
1984556.0,3708935,python,[JIT],0x0000e5a3cd71e1bc
1984556.0,3708760,python,[JIT],0x0000fb7688bde2bc
1984543.0,3708447,python,[JIT],0x0000e1f85713e02c
1984522.0,3708935,python,[JIT],0x0000e5a3cd71e004
1984509.0,3708935,python,[JIT],0x0000e5a3cd7c31e8
1984504.0,3708447,python,[JIT],0x0000e1f85713f398
1984485.0,3708760,python,[JIT],0x0000fb7688c82160
1984480.0,3709077,python,[JIT],0x0000f0f377c094d0
1984480.0,3709441,python,[JIT],0x0000f9347519839c
1984479.0,3708760,python,[JIT],0x0000fb7688bdd1e8
1984477.0,3708580,python,[JIT],0x0000f9c1c7c0b410
1984475.0,3708580,python,[JIT],0x0000f9c1c7c0b3f8
1984470.0,3708447,python,[JIT],0x0000e1f8571e232c
1984470.0,3708580,python,[kernel.kallsyms],get_page_from_freelist
1984469.0,3708447,python,[JIT],0x0000e1f85713f378
1984468.0,3709077,python,[JIT],0x0000f0f377c050d8
1984466.0,3708760,python,[JIT],0x0000fb7688c821cc
1984460.0,3709441,python,[JIT],0x0000f9347519b004
1984458.0,3709077,python,[JIT],0x0000f0f377c082a0
1984456.0,3708580,python,[JIT],0x0000f9c1c7c0b450
1984455.0,3708580,python,[JIT],0x0000f9c1c7c0b408
1984455.0,3708580,python,[JIT],0x0000f9c1c7c0e0c4
1984442.0,3708935,python,[JIT],0x0000e5a3cd71f0bc
1984440.0,3709077,python,[JIT],0x0000f0f377c06420
1984436.0,3709270,python,[JIT],0x0000eaaffa1f2238
1984435.0,3708760,python,[JIT],0x0000fb7688bdd220
1984425.0,3708935,python,[JIT],0x0000e5a3cd71d260
1984415.0,3708447,python,[JIT],0x0000e1f85713e424
1984415.0,3709441,python,[JIT],0x0000f93475198460
1984401.0,3709077,python,[JIT],0x0000f0f377c070cc
1984388.0,3708580,python,[JIT],0x0000f9c1c7c0e230
1984385.0,3708935,python,[JIT],0x0000e5a3cd7c31b8
1984381.0,3709270,python,python,_PyLong_FromMedium
1984379.0,3708580,python,[JIT],0x0000f9c1c7c0b218
1984375.0,3709441,python,[JIT],0x0000f9347519a02c
1984364.0,3708935,python,[JIT],0x0000e5a3cd7c319c
1984364.0,3708760,python,[JIT],0x0000fb7688bdd038
1984359.0,3708935,python,python,PyObject_GetIter
1984350.0,3708447,python,[JIT],0x0000e1f85713f2cc
1984350.0,3709441,python,[JIT],0x0000f934751990a8
1984337.0,3708580,python,[JIT],0x0000f9c1c7c0c16c
1984336.0,3708447,python,[JIT],0x0000e1f85713f1b8
1984333.0,3708580,python,[JIT],0x0000f9c1c7c0b124
1984326.0,3708580,python,[JIT],0x0000f9c1c7c0c19c
1984300.0,3709441,python,[JIT],0x0000f93475199248
1984295.0,3708935,python,[JIT],0x0000e5a3cd7c3230
1984293.0,3708760,python,[JIT],0x0000fb7688c810c8
1984290.0,3708935,python,[JIT],0x0000e5a3cd71e03c
1984284.0,3709441,python,[JIT],0x0000f93475197168
1984284.0,3708935,python,[JIT],0x0000e5a3cd71f0e8
1984279.0,3709270,python,[JIT],0x0000eaaffa1bf02c
1984279.0,3708580,python,[JIT],0x0000f9c1c7c0b228
1984276.0,3708580,python,[JIT],0x0000f9c1c7c0e220
1984271.0,3709441,python,[JIT],0x0000f93475197218
1984270.0,3708935,python,[JIT],0x0000e5a3cd7c1234
1984267.0,3708935,python,[JIT],0x0000e5a3cd7c1264
1984264.0,3708935,python,[JIT],0x0000e5a3cd71e0ac
1984257.0,3709270,python,[JIT],0x0000eaaffa1f2490
1984247.0,3709077,python,[JIT],0x0000f0f377c060d0
1984239.0,3709077,python,[JIT],0x0000f0f377c050ac
1984235.0,3709441,python,[JIT],0x0000f934751991a8
1984229.0,3708447,python,[JIT],0x0000e1f8571e10b0
1984218.0,3709077,python,[JIT],0x0000f0f377c080b8
1984218.0,3708447,python,[JIT],0x0000e1f8571e31b8
1984217.0,3709077,python,[JIT],0x0000f0f377c0402c
1984211.0,3708935,python,[JIT],0x0000e5a3cd7c2094
1984210.0,3709077,python,[JIT],0x0000f0f377c051bc
1984188.0,3709077,python,[JIT],0x0000f0f377c080cc
1984188.0,3709441,python,[JIT],0x0000f93475197414
1984180.0,3708580,python,[JIT],0x0000f9c1c7c0a150
1984178.0,3708935,python,[JIT],0x0000e5a3cd71e2c0
1984177.0,3708935,python,python,find_empty_slot
1984166.0,3708760,python,[JIT],0x0000fb7688bdf08c
1984142.0,3709270,python,[JIT],0x0000eaaffa1f40c4
1984141.0,3708447,python,[JIT],0x0000e1f85713e168
1984139.0,3709077,python,[JIT],0x0000f0f377c05234
1984130.0,3708447,python,[kernel.kallsyms],__handle_mm_fault
1984122.0,3709270,python,[JIT],0x0000eaaffa1f2234
1984121.0,3709077,python,[JIT],0x0000f0f377c07244
1984120.0,3708760,python,[JIT],0x0000fb7688bdf038
1984117.0,3708760,python,python,_PyLong_ExactDealloc
1984115.0,3708935,python,[JIT],0x0000e5a3cd7c119c
1984113.0,3709441,python,[JIT],0x0000f93475197410
1984086.0,3709270,python,[JIT],0x0000eaaffa1f1208
1984074.0,3708580,python,[kernel.kallsyms],__rcu_read_lock
1984068.0,3709270,python,[JIT],0x0000eaaffa1f1254
1984052.0,3709077,python,[JIT],0x0000f0f377c063cc
1984037.0,3709077,python,[JIT],0x0000f0f377c063c8
1984032.0,3708760,python,[JIT],0x0000fb7688bde450
1984031.0,3709441,python,[JIT],0x0000f93475198420
1984013.0,3709077,python,[JIT],0x0000f0f377c071fc
1984009.0,3709270,python,[JIT],0x0000eaaffa1bf234
1983999.0,3709077,python,[JIT],0x0000f0f377c06154
1983991.0,3709270,python,[JIT],0x0000eaaffa1f233c
1983986.0,3709270,python,[JIT],0x0000eaaffa1bf2ac
1983979.0,3709270,python,[JIT],0x0000eaaffa1f21b8
1983972.0,3709270,python,[JIT],0x0000eaaffa1f3260
1983965.0,3708580,python,[JIT],0x0000f9c1c7c0e0a4
1983963.0,3708580,python,[JIT],0x0000f9c1c7c0a24c
1983951.0,3709270,python,[JIT],0x0000eaaffa1f409c
1983938.0,3708580,python,[JIT],0x0000f9c1c7c0b114
1983935.0,3709077,python,[JIT],0x0000f0f377c07084
1983927.0,3709077,python,[JIT],0x0000f0f377c081c8
1983923.0,3708935,python,[JIT],0x0000e5a3cd71f36c
1983899.0,3709270,python,[JIT],0x0000eaaffa1f1420
1983870.0,3709270,python,[JIT],0x0000eaaffa1f129c
1983863.0,3709270,python,[JIT],0x0000eaaffa1f20c0
1983859.0,3709270,python,[JIT],0x0000eaaffa1f3100
1983852.0,3709077,python,python,setitem_take2_lock_held
1983845.0,3709270,python,[JIT],0x0000eaaffa1bf24c
1983841.0,3709270,python,[JIT],0x0000eaaffa1f30d4
1983830.0,3709077,python,[JIT],0x0000f0f377c06090
1983802.0,3709270,python,[JIT],0x0000eaaffa1f403c
1983790.0,3709270,python,[JIT],0x0000eaaffa1f41ac
1983783.0,3708580,python,[JIT],0x0000f9c1c7c0e284
1983773.0,3709077,python,python,find_empty_slot
1983759.0,3709270,python,[JIT],0x0000eaaffa1f1404
1983744.0,3709270,python,[JIT],0x0000eaaffa1bf058
1983693.0,3708447,python,[JIT],0x0000e1f8571e30cc
1983667.0,3709270,python,[JIT],0x0000eaaffa1f2268
1983666.0,3709270,python,[JIT],0x0000eaaffa1f20d8
1983663.0,3708580,python,[JIT],0x0000f9c1c7c0e0cc
1983619.0,3708935,python,[JIT],0x0000e5a3cd7c30a4
1983618.0,3709077,python,python,dictiter_dealloc
1983605.0,3709270,python,[JIT],0x0000eaaffa1bf264
1983566.0,3709270,python,[JIT],0x0000eaaffa1f1028
1983530.0,3709270,python,python,memcmp@plt
1983526.0,3708935,python,[JIT],0x0000e5a3cd7c31cc
1983044.0,3708447,python,[kernel.kallsyms],free_unref_page_commit
1982588.0,3708580,python,[kernel.kallsyms],lock_vma_under_rcu
1982524.0,3708580,python,[kernel.kallsyms],free_unref_page_prepare
1982292.0,3709077,python,[kernel.kallsyms],zap_pte_range
1982125.0,3708935,python,python,deque_extend_impl
1982008.0,3708760,python,[kernel.kallsyms],zap_pte_range
1981440.0,3708760,python,libc.so.6,_int_malloc
1980892.0,3709270,python,[JIT],0x0000eaaffa1f4238
1980434.0,3708935,python,[JIT],0x0000e5a3cd7c3004
1979956.0,3709270,python,[JIT],0x0000eaaffa1f4084
1979726.0,3709441,python,[JIT],0x0000f9347519b0cc
1979094.0,3708760,python,[JIT],0x0000fb7688c82228
1976967.0,3708447,python,[JIT],0x0000e1f8571e3064
1976599.0,3708580,python,[JIT],0x0000f9c1c7c0d178
1974425.0,3709077,python,[JIT],0x0000f0f377c06144
1974163.0,3709441,python,[JIT],0x0000f9347519b15c
1974117.0,3709270,python,python,find_empty_slot
1974076.0,3708935,python,[JIT],0x0000e5a3cd7c2060
1967597.0,3709077,python,[JIT],0x0000f0f377c08308
1966146.0,3708935,python,[JIT],0x0000e5a3cd7c2138
1959872.0,3709077,python,[JIT],0x0000f0f377c05058
1742763.0,3709270,python,[JIT],0x0000eaaffa1f30a8
1741961.0,3708935,python,[JIT],0x0000e5a3cd7c306c
1741767.0,3708580,python,[JIT],0x0000f9c1c7c0d138
1741000.0,3709270,python,[JIT],0x0000eaaffa1f20cc
1738770.0,3708760,python,[JIT],0x0000fb7688c8217c
1738456.0,3708760,python,[JIT],0x0000fb7688bde35c
1738075.0,3708935,python,[kernel.kallsyms],percpu_ref_get_many
1738036.0,3708760,python,[kernel.kallsyms],_raw_spin_unlock
1737992.0,3709441,python,[kernel.kallsyms],try_charge_memcg
1737867.0,3709077,python,[kernel.kallsyms],do_page_fault
1737849.0,3708447,python,[kernel.kallsyms],arch_local_irq_restore
1737750.0,3708580,python,[kernel.kallsyms],handle_mm_fault
1737692.0,3708935,python,[kernel.kallsyms],get_page_from_freelist
1737674.0,3709270,python,[kernel.kallsyms],try_charge_memcg
1737655.0,3708935,python,[kernel.kallsyms],do_mem_abort
1737631.0,3708447,python,[kernel.kallsyms],folio_add_new_anon_rmap
1737381.0,3708447,python,[kernel.kallsyms],__pte_offset_map_lock
1737359.0,3709077,python,[kernel.kallsyms],down_read_trylock
1737359.0,3708760,python,[kernel.kallsyms],release_pages
1737331.0,3709270,python,[kernel.kallsyms],do_page_fault
1737280.0,3708447,python,[kernel.kallsyms],_raw_spin_unlock
1737280.0,3709441,python,[kernel.kallsyms],vma_alloc_folio
1737191.0,3709077,python,[JIT],0x0000f0f377c090c0
1737188.0,3708447,python,[JIT],0x0000e1f85713f26c
1737188.0,3708760,python,[JIT],0x0000fb7688c821e8
1737160.0,3708447,python,[kernel.kallsyms],lock_vma_under_rcu
1737160.0,3708760,python,[kernel.kallsyms],do_page_fault
1737135.0,3709077,python,[kernel.kallsyms],folio_add_new_anon_rmap
1737127.0,3708935,python,[JIT],0x0000e5a3cd71e044
1737070.0,3708935,python,[kernel.kallsyms],__mod_node_page_state
1737063.0,3708447,python,[JIT],0x0000e1f85713f1d8
1737039.0,3709441,python,[JIT],0x0000f9347519b218
1737031.0,3708935,python,[JIT],0x0000e5a3cd71f1e8
1736979.0,3709441,python,[JIT],0x0000f934751990b4
1736949.0,3708447,python,[JIT],0x0000e1f8571e3238
1736931.0,3708760,python,[JIT],0x0000fb7688c820b0
1736900.0,3708447,python,[kernel.kallsyms],_raw_spin_lock
1736888.0,3708760,python,[JIT],0x0000fb7688bdf268
1736875.0,3709441,python,[JIT],0x0000f93475197158
1736868.0,3708447,python,[JIT],0x0000e1f85713e134
1736868.0,3708760,python,[JIT],0x0000fb7688c82178
1736861.0,3708447,python,[JIT],0x0000e1f8571e3034
1736860.0,3708935,python,[JIT],0x0000e5a3cd71f2b4
1736847.0,3709441,python,[JIT],0x0000f93475198238
1736843.0,3708447,python,[JIT],0x0000e1f85713e1e8
1736836.0,3708447,python,[JIT],0x0000e1f85713f404
1736827.0,3708447,python,[JIT],0x0000e1f85713e23c
1736810.0,3708760,python,[JIT],0x0000fb7688c821ac
1736774.0,3708580,python,[JIT],0x0000f9c1c7c0a158
1736768.0,3708447,python,[JIT],0x0000e1f85713c02c
1736765.0,3709441,python,[JIT],0x0000f9347519b2ac
1736759.0,3708935,python,[JIT],0x0000e5a3cd71e02c
1736756.0,3709441,python,[JIT],0x0000f93475198188
1736750.0,3708447,python,[JIT],0x0000e1f8571e1068
1736749.0,3708447,python,[JIT],0x0000e1f8571e3084
1736746.0,3708760,python,[JIT],0x0000fb7688c824cc
1736738.0,3708760,python,[JIT],0x0000fb7688bde378
1736735.0,3709441,python,[JIT],0x0000f934751971a8
1736735.0,3708935,python,[JIT],0x0000e5a3cd7c20d4
1736731.0,3708447,python,[JIT],0x0000e1f85713e234
1736726.0,3708447,python,[JIT],0x0000e1f8571e34d0
1736715.0,3708935,python,[JIT],0x0000e5a3cd71f0b0
1736706.0,3708760,python,[JIT],0x0000fb7688bdd150
1736702.0,3708580,python,[JIT],0x0000f9c1c7c0d260
1736684.0,3708580,python,python,set_add
1736678.0,3708935,python,[JIT],0x0000e5a3cd7c3228
1736668.0,3708760,python,[JIT],0x0000fb7688bdd29c
1736668.0,3708760,python,[JIT],0x0000fb7688bdf078
1736666.0,3708760,python,[JIT],0x0000fb7688c821d8
1736663.0,3708935,python,[JIT],0x0000e5a3cd71d008
1736662.0,3709270,python,[JIT],0x0000eaaffa1f30c4
1736650.0,3709441,python,[kernel.kallsyms],_raw_spin_lock
1736646.0,3709441,python,[JIT],0x0000f93475198250
1736644.0,3709077,python,[JIT],0x0000f0f377c09074
1736644.0,3709441,python,[JIT],0x0000f934751960c8
1736640.0,3709441,python,[JIT],0x0000f93475196150
1736628.0,3708580,python,[JIT],0x0000f9c1c7c0d030
1736627.0,3708760,python,[JIT],0x0000fb7688c821c8
1736626.0,3708580,python,[JIT],0x0000f9c1c7c0c088
1736607.0,3708580,python,[JIT],0x0000f9c1c7c0c49c
1736605.0,3708447,python,[JIT],0x0000e1f85713e008
1736604.0,3709441,python,[JIT],0x0000f93475199228
1736598.0,3708580,python,[JIT],0x0000f9c1c7c0c344
1736598.0,3708935,python,[JIT],0x0000e5a3cd71f070
1736586.0,3708447,python,[JIT],0x0000e1f8571e3260
1736584.0,3709441,python,[JIT],0x0000f9347519a0c8
1736580.0,3709441,python,[JIT],0x0000f9347519702c
1736576.0,3708447,python,[JIT],0x0000e1f85713f060
1736574.0,3708447,python,[JIT],0x0000e1f8571e3160
1736571.0,3709077,python,[JIT],0x0000f0f377c07268
1736559.0,3709441,python,[JIT],0x0000f93475198474
1736552.0,3709077,python,[JIT],0x0000f0f377c05008
1736552.0,3709441,python,[JIT],0x0000f9347519b0c0
1736549.0,3709441,python,[JIT],0x0000f934751971bc
1736547.0,3708935,python,[JIT],0x0000e5a3cd7c1080
1736546.0,3708760,python,[JIT],0x0000fb7688bdf240
1736542.0,3708447,python,[JIT],0x0000e1f8571e20c4
1736539.0,3708760,python,[JIT],0x0000fb7688bdf344
1736538.0,3708935,python,[JIT],0x0000e5a3cd71e21c
1736530.0,3709077,python,[JIT],0x0000f0f377c05198
1736523.0,3708580,python,[kernel.kallsyms],perf_iterate_ctx
1736522.0,3708447,python,[JIT],0x0000e1f85713e2c0
1736519.0,3708760,python,[JIT],0x0000fb7688bde1d8
1736518.0,3709077,python,[JIT],0x0000f0f377c05404
1736517.0,3708935,python,[JIT],0x0000e5a3cd7c22fc
1736517.0,3708760,python,[JIT],0x0000fb7688bde07c
1736502.0,3708935,python,[JIT],0x0000e5a3cd71f208
1736501.0,3708760,python,[JIT],0x0000fb7688bdf188
1736496.0,3708935,python,[JIT],0x0000e5a3cd71f194
1736493.0,3708760,python,[JIT],0x0000fb7688bdc05c
1736493.0,3708760,python,[JIT],0x0000fb7688bde194
1736490.0,3708447,python,[JIT],0x0000e1f85713e198
1736490.0,3708935,python,[JIT],0x0000e5a3cd71e264
1736481.0,3708760,python,[JIT],0x0000fb7688c810b8
1736475.0,3708935,python,[JIT],0x0000e5a3cd71f028
1736474.0,3709077,python,[JIT],0x0000f0f377c07264
1736474.0,3708935,python,[JIT],0x0000e5a3cd71f2a0
1736474.0,3708760,python,[JIT],0x0000fb7688c81030
1736470.0,3708935,python,[JIT],0x0000e5a3cd71e1ec
1736465.0,3708935,python,[JIT],0x0000e5a3cd71e038
1736460.0,3709441,python,[JIT],0x0000f93475198350
1736459.0,3708935,python,[JIT],0x0000e5a3cd7c10cc
1736452.0,3708760,python,[JIT],0x0000fb7688bdd0e8
1736451.0,3709077,python,[JIT],0x0000f0f377c05274
1736444.0,3709077,python,[JIT],0x0000f0f377c09238
1736443.0,3709270,python,[JIT],0x0000eaaffa1bf084
1736442.0,3708760,python,[JIT],0x0000fb7688bde0a0
1736427.0,3708580,python,[JIT],0x0000f9c1c7c0c0d8
1736426.0,3709270,python,[kernel.kallsyms],down_read_trylock
1736425.0,3708760,python,[JIT],0x0000fb7688bdf490
1736420.0,3709441,python,[JIT],0x0000f934751981fc
1736415.0,3708935,python,python,_PyObject_GC_New
1736414.0,3708447,python,[JIT],0x0000e1f85713f3c8
1736412.0,3709441,python,[JIT],0x0000f9347519714c
1736411.0,3708935,python,[JIT],0x0000e5a3cd7c1038
1736406.0,3709077,python,[JIT],0x0000f0f377c05064
1736405.0,3708760,python,[JIT],0x0000fb7688bdd2a0
1736402.0,3709441,python,[JIT],0x0000f934751980ac
1736394.0,3708580,python,[JIT],0x0000f9c1c7c0d2cc
1736394.0,3708760,python,[JIT],0x0000fb7688c811a8
1736392.0,3708935,python,[JIT],0x0000e5a3cd71f29c
1736390.0,3709270,python,[JIT],0x0000eaaffa1f1154
1736380.0,3708447,python,[JIT],0x0000e1f85713f070
1736371.0,3708580,python,[JIT],0x0000f9c1c7c0c070
1736363.0,3709441,python,[JIT],0x0000f934751950cc
1736362.0,3708447,python,[JIT],0x0000e1f85713d260
1736361.0,3708760,python,[JIT],0x0000fb7688bdd234
1736356.0,3708447,python,[JIT],0x0000e1f85713f0b0
1736355.0,3709077,python,[JIT],0x0000f0f377c05128
1736352.0,3709077,python,[JIT],0x0000f0f377c07490
1736351.0,3709077,python,[JIT],0x0000f0f377c0634c
1736346.0,3708760,python,[kernel.kallsyms],__lruvec_stat_mod_folio
1736345.0,3708935,python,[JIT],0x0000e5a3cd71f408
1736345.0,3708935,python,[JIT],0x0000e5a3cd7c20cc
1736343.0,3708760,python,[JIT],0x0000fb7688bdd098
1736337.0,3708760,python,[JIT],0x0000fb7688c81048
1736332.0,3708935,python,[JIT],0x0000e5a3cd71f188
1736327.0,3708580,python,[JIT],0x0000f9c1c7c0c0b0
1736324.0,3708447,python,[JIT],0x0000e1f8571e305c
1736322.0,3708935,python,[JIT],0x0000e5a3cd71f094
1736317.0,3709441,python,[JIT],0x0000f9347519b0a4
1736312.0,3708447,python,[JIT],0x0000e1f85713f368
1736305.0,3708935,python,[JIT],0x0000e5a3cd71d044
1736296.0,3708760,python,[JIT],0x0000fb7688c8122c
1736290.0,3708447,python,[JIT],0x0000e1f85713e1bc
1736285.0,3708935,python,[JIT],0x0000e5a3cd71e424
1736283.0,3709270,python,[JIT],0x0000eaaffa1bf1f8
1736281.0,3708935,python,[JIT],0x0000e5a3cd71d07c
1736280.0,3708935,python,[JIT],0x0000e5a3cd7c3284
1736279.0,3709441,python,[JIT],0x0000f93475198254
1736276.0,3709441,python,[JIT],0x0000f9347519b1b8
1736273.0,3708580,python,[JIT],0x0000f9c1c7c0b1e8
1736271.0,3708760,python,[JIT],0x0000fb7688bdf02c
1736267.0,3709270,python,[JIT],0x0000eaaffa1f41c8
1736242.0,3709077,python,[JIT],0x0000f0f377c061f4
1736242.0,3708760,python,[JIT],0x0000fb7688c8206c
1736239.0,3708447,python,[JIT],0x0000e1f8571e133c
1736238.0,3708447,python,[JIT],0x0000e1f8571e1000
1736231.0,3708580,python,python,PyObject_Size
1736228.0,3709270,python,[JIT],0x0000eaaffa1f41bc
1736228.0,3709270,python,[JIT],0x0000eaaffa1f4248
1736225.0,3709077,python,[JIT],0x0000f0f377c0503c
1736223.0,3708580,python,python,PyObject_Free
1736220.0,3709441,python,[JIT],0x0000f9347519b160
1736215.0,3708760,python,[JIT],0x0000fb7688bdd24c
1736212.0,3709270,python,[JIT],0x0000eaaffa1f1410
1736207.0,3709270,python,[JIT],0x0000eaaffa1be008
1736198.0,3709270,python,[JIT],0x0000eaaffa1f1070
1736196.0,3709270,python,[JIT],0x0000eaaffa1f4214
1736191.0,3708580,python,[JIT],0x0000f9c1c7c0e1dc
1736189.0,3708935,python,[JIT],0x0000e5a3cd71e250
1736184.0,3709270,python,[JIT],0x0000eaaffa1f3178
1736184.0,3708760,python,[JIT],0x0000fb7688c820b8
1736181.0,3708935,python,python,PyLong_FromSsize_t
1736178.0,3709441,python,[JIT],0x0000f93475197044
1736168.0,3708935,python,[JIT],0x0000e5a3cd71f3ec
1736166.0,3709077,python,[JIT],0x0000f0f377c07214
1736161.0,3708447,python,[JIT],0x0000e1f85713f080
1736151.0,3709441,python,[JIT],0x0000f93475199238
1736146.0,3709077,python,[JIT],0x0000f0f377c06450
1736146.0,3708760,python,python,PyObject_GC_Del
1736144.0,3709077,python,[JIT],0x0000f0f377c0734c
1736144.0,3709077,python,[JIT],0x0000f0f377c08138
1736143.0,3708580,python,[JIT],0x0000f9c1c7c0b0b4
1736136.0,3708935,python,[JIT],0x0000e5a3cd7c206c
1736135.0,3709270,python,[JIT],0x0000eaaffa1bf240
1736127.0,3709270,python,[JIT],0x0000eaaffa1f13dc
1736117.0,3708935,python,[JIT],0x0000e5a3cd7c1064
1736116.0,3708935,python,[JIT],0x0000e5a3cd7c1248
1736114.0,3709441,python,[JIT],0x0000f934751980d0
1736114.0,3708580,python,[JIT],0x0000f9c1c7c0a1a8
1736100.0,3709077,python,[JIT],0x0000f0f377c05228
1736100.0,3709077,python,[JIT],0x0000f0f377c06270
1736097.0,3709270,python,[JIT],0x0000eaaffa1f20b0
1736095.0,3708935,python,[JIT],0x0000e5a3cd71f35c
1736094.0,3709270,python,[JIT],0x0000eaaffa1bf040
1736088.0,3708580,python,python,_Py_NewReference
1736084.0,3708447,python,[JIT],0x0000e1f8571e149c
1736072.0,3709077,python,[JIT],0x0000f0f377c09160
1736068.0,3708447,python,[JIT],0x0000e1f8571e1210
1736052.0,3708580,python,[JIT],0x0000f9c1c7c0e260
1736050.0,3708760,python,[JIT],0x0000fb7688bdd15c
1736049.0,3709077,python,[JIT],0x0000f0f377c090a8
1736045.0,3708935,python,[JIT],0x0000e5a3cd71e10c
1736044.0,3708760,python,[JIT],0x0000fb7688bdf0ac
1736042.0,3709077,python,[JIT],0x0000f0f377c0529c
1736030.0,3708580,python,[JIT],0x0000f9c1c7c0e238
1736026.0,3709077,python,[JIT],0x0000f0f377c07208
1736025.0,3708760,python,[JIT],0x0000fb7688c8237c
1736019.0,3709270,python,[JIT],0x0000eaaffa1bf0c4
1736002.0,3709270,python,[JIT],0x0000eaaffa1f4008
1735996.0,3709270,python,[JIT],0x0000eaaffa1f13cc
1735976.0,3708580,python,[JIT],0x0000f9c1c7c0e1ec
1735974.0,3708580,python,[JIT],0x0000f9c1c7c0b368
1735965.0,3709270,python,[JIT],0x0000eaaffa1f2348
1735964.0,3709270,python,[JIT],0x0000eaaffa1bf21c
1735955.0,3709270,python,[JIT],0x0000eaaffa1bf208
1735944.0,3709077,python,[JIT],0x0000f0f377c051ac
1735943.0,3709270,python,[JIT],0x0000eaaffa1f2248
1735934.0,3709270,python,[JIT],0x0000eaaffa1f3048
1735925.0,3708447,python,[JIT],0x0000e1f85713c0cc
1735902.0,3709270,python,[JIT],0x0000eaaffa1bf0fc
1735899.0,3709077,python,[JIT],0x0000f0f377c0832c
1735881.0,3709270,python,[JIT],0x0000eaaffa1f3044
1735878.0,3709077,python,[JIT],0x0000f0f377c063bc
1735873.0,3709077,python,[JIT],0x0000f0f377c07034
1735864.0,3709441,python,[JIT],0x0000f93475197264
1735857.0,3708935,python,[kernel.kallsyms],free_unref_page_list
1735849.0,3709077,python,[JIT],0x0000f0f377c041f4
1735845.0,3709270,python,[JIT],0x0000eaaffa1f1450
1735839.0,3709270,python,[JIT],0x0000eaaffa1f2074
1735836.0,3709270,python,[JIT],0x0000eaaffa1bf188
1735833.0,3709077,python,[JIT],0x0000f0f377c060c4
1735825.0,3709270,python,[JIT],0x0000eaaffa1f40c0
1735808.0,3709270,python,[JIT],0x0000eaaffa1f21e8
1735799.0,3709270,python,[JIT],0x0000eaaffa1f4230
1735795.0,3709270,python,[JIT],0x0000eaaffa1f1378
1735787.0,3709270,python,[JIT],0x0000eaaffa1f203c
1735750.0,3709270,python,[JIT],0x0000eaaffa1be150
1735736.0,3708760,python,[JIT],0x0000fb7688bdf0a0
1735731.0,3709270,python,[JIT],0x0000eaaffa1f4274
1735722.0,3708580,python,[JIT],0x0000f9c1c7c0c0c0
1735717.0,3709077,python,[JIT],0x0000f0f377c0521c
1735698.0,3709270,python,[JIT],0x0000eaaffa1f41d8
1735684.0,3709270,python,[JIT],0x0000eaaffa1bf098
1735642.0,3709270,python,[JIT],0x0000eaaffa1f13bc
1735642.0,3708935,python,[kernel.kallsyms],get_pfnblock_flags_mask
1735626.0,3709270,python,[JIT],0x0000eaaffa1bf18c
1735626.0,3709270,python,[JIT],0x0000eaaffa1f2078
1735623.0,3709270,python,[JIT],0x0000eaaffa1f2498
1735539.0,3709270,python,[JIT],0x0000eaaffa1f1000
1735531.0,3709077,python,[JIT],0x0000f0f377c06350
1735485.0,3709270,python,python,PyObject_Free
1735421.0,3708580,python,[JIT],0x0000f9c1c7c0b144
1735415.0,3708580,python,[JIT],0x0000f9c1c7c0d094
1735383.0,3709270,python,[JIT],0x0000eaaffa1f40b8
1735369.0,3709270,python,[JIT],0x0000eaaffa1f3250
1735355.0,3708447,python,[JIT],0x0000e1f8571e1084
1735312.0,3708580,python,[JIT],0x0000f9c1c7c0e4cc
1735216.0,3708447,python,[JIT],0x0000e1f8571e3030
1735137.0,3709441,python,[kernel.kallsyms],free_unref_page_prepare
1734916.0,3708760,python,[kernel.kallsyms],free_unref_page_commit
1734611.0,3708447,python,[kernel.kallsyms],get_pfnblock_flags_mask
1734570.0,3709270,python,[JIT],0x0000eaaffa1f1408
1734570.0,3708935,python,[kernel.kallsyms],free_unref_page_prepare
1734133.0,3708580,python,[JIT],0x0000f9c1c7c0d0d8
1734025.0,3708447,python,[JIT],0x0000e1f8571e30ac
1733885.0,3708447,python,[JIT],0x0000e1f85713f248
1733780.0,3708760,python,[JIT],0x0000fb7688bdd058
1733748.0,3708580,python,[JIT],0x0000f9c1c7c0e0a8
1733670.0,3708580,python,[kernel.kallsyms],zap_pte_range
1733467.0,3708447,python,[JIT],0x0000e1f8571e3068
1733212.0,3708935,python,[kernel.kallsyms],zap_pte_range
1733033.0,3709270,python,[kernel.kallsyms],zap_pte_range
1732745.0,3709270,python,[kernel.kallsyms],lock_vma_under_rcu
1732386.0,3709270,python,[JIT],0x0000eaaffa1f134c
1732365.0,3708760,python,[JIT],0x0000fb7688bde028
1731798.0,3708760,python,[JIT],0x0000fb7688bde154
1731045.0,3709270,python,[JIT],0x0000eaaffa1f10f8
1730829.0,3708580,python,[JIT],0x0000f9c1c7c0e05c
1727921.0,3709270,python,[JIT],0x0000eaaffa1f31c8
1726262.0,3708935,python,[JIT],0x0000e5a3cd7c22dc
1723044.0,3709077,python,[JIT],0x0000f0f377c09004
1720649.0,3708760,python,python,dictiter_dealloc
1719579.0,3709441,python,[JIT],0x0000f9347519a1a8
1718623.0,3708580,python,[JIT],0x0000f9c1c7c0a1f8
1718102.0,3708447,python,[JIT],0x0000e1f8571e20b8
1717852.0,3709441,python,[JIT],0x0000f9347519b1d8
1717143.0,3708580,python,[JIT],0x0000f9c1c7c0e090
1717035.0,3709441,python,[JIT],0x0000f934751983ac
1710582.0,3708760,python,[JIT],0x0000fb7688bdd224
1503739.0,3709077,python,[kernel.kallsyms],task_mm_cid_work
1492406.0,3708760,python,[JIT],0x0000fb7688c81228
1490647.0,3708935,python,[kernel.kallsyms],handle_softirqs
1489717.0,3708580,python,[kernel.kallsyms],do_page_fault
1489685.0,3708935,python,[kernel.kallsyms],__pte_offset_map
1489636.0,3708760,python,[kernel.kallsyms],lock_vma_under_rcu
1489579.0,3708760,python,[kernel.kallsyms],__handle_mm_fault
1489576.0,3708580,python,[kernel.kallsyms],do_anonymous_page
1489427.0,3709270,python,[kernel.kallsyms],release_pages
1489314.0,3709270,python,[kernel.kallsyms],memset
1489278.0,3709441,python,[kernel.kallsyms],__pte_offset_map
1489267.0,3709441,python,[JIT],0x0000f9347519b03c
1489107.0,3709077,python,[kernel.kallsyms],__alloc_pages
1489064.0,3708760,python,[JIT],0x0000fb7688c8203c
1489056.0,3708447,python,[JIT],0x0000e1f85713f218
1489010.0,3708760,python,[JIT],0x0000fb7688c81250
1488966.0,3708447,python,[JIT],0x0000e1f85713f2b4
1488913.0,3709441,python,[JIT],0x0000f934751980bc
1488908.0,3708935,python,[kernel.kallsyms],_raw_spin_lock
1488846.0,3709441,python,[JIT],0x0000f93475199090
1488836.0,3708935,python,[JIT],0x0000e5a3cd7c2148
1488816.0,3709270,python,[kernel.kallsyms],_raw_spin_unlock
1488813.0,3709441,python,[JIT],0x0000f934751970f4
1488804.0,3709270,python,[kernel.kallsyms],get_mem_cgroup_from_mm
1488791.0,3709441,python,[JIT],0x0000f9347519a32c
1488778.0,3709077,python,[JIT],0x0000f0f377c07090
1488748.0,3708580,python,[JIT],0x0000f9c1c7c0d1f0
1488740.0,3709441,python,[JIT],0x0000f9347519a0f4
1488716.0,3709441,python,[kernel.kallsyms],__rcu_read_lock
1488696.0,3708760,python,[JIT],0x0000fb7688bde208
1488684.0,3708580,python,[JIT],0x0000f9c1c7c0e228
1488678.0,3708447,python,[JIT],0x0000e1f85713f2a0
1488678.0,3708935,python,[JIT],0x0000e5a3cd7c2210
1488675.0,3708760,python,[JIT],0x0000fb7688bdf1d8
1488672.0,3708760,python,[JIT],0x0000fb7688bdf07c
1488669.0,3708447,python,[JIT],0x0000e1f85713f228
1488656.0,3708760,python,[JIT],0x0000fb7688bdf234
1488655.0,3708760,python,[JIT],0x0000fb7688bdc0e8
1488642.0,3708580,python,[kernel.kallsyms],_raw_spin_unlock
1488641.0,3708447,python,[JIT],0x0000e1f8571e22ec
1488622.0,3709441,python,[JIT],0x0000f934751983b8
1488621.0,3708447,python,[JIT],0x0000e1f8571e1078
1488618.0,3709077,python,[JIT],0x0000f0f377c061d8
1488612.0,3709441,python,[JIT],0x0000f9347519b4cc
1488610.0,3709441,python,[JIT],0x0000f9347519b1bc
1488609.0,3708760,python,[kernel.kallsyms],try_charge_memcg
1488607.0,3708760,python,[JIT],0x0000fb7688c822ac
1488603.0,3708760,python,[JIT],0x0000fb7688bdd158
1488602.0,3709077,python,[JIT],0x0000f0f377c07088
1488602.0,3709441,python,[JIT],0x0000f93475197084
1488598.0,3708935,python,[JIT],0x0000e5a3cd71e1fc
1488596.0,3708447,python,[JIT],0x0000e1f85713f39c
1488593.0,3708447,python,[JIT],0x0000e1f85713f000
1488588.0,3708580,python,[JIT],0x0000f9c1c7c0c074
1488588.0,3708760,python,[JIT],0x0000fb7688bdf34c
1488587.0,3709077,python,[JIT],0x0000f0f377c063dc
1488582.0,3708935,python,[JIT],0x0000e5a3cd7c1144
1488581.0,3709441,python,[JIT],0x0000f934751990b0
1488579.0,3709441,python,[JIT],0x0000f9347519b220
1488573.0,3708580,python,[JIT],0x0000f9c1c7c0a0e4
1488569.0,3709077,python,[JIT],0x0000f0f377c0608c
1488560.0,3708447,python,[JIT],0x0000e1f8571e2240
1488560.0,3708935,python,[JIT],0x0000e5a3cd71e128
1488559.0,3708760,python,[JIT],0x0000fb7688bdf000
1488540.0,3708935,python,[JIT],0x0000e5a3cd7c30d4
1488537.0,3708935,python,[JIT],0x0000e5a3cd7c22cc
1488534.0,3709441,python,[JIT],0x0000f93475198398
1488533.0,3708760,python,[JIT],0x0000fb7688bdc150
1488532.0,3708935,python,[JIT],0x0000e5a3cd71f368
1488531.0,3708447,python,[JIT],0x0000e1f8571e20c0
1488528.0,3709441,python,[JIT],0x0000f934751981d8
1488524.0,3709077,python,[JIT],0x0000f0f377c0514c
1488520.0,3708447,python,[JIT],0x0000e1f8571e31d8
1488517.0,3708447,python,[JIT],0x0000e1f85713d0e8
1488517.0,3708447,python,[JIT],0x0000e1f8571e134c
1488516.0,3708447,python,[JIT],0x0000e1f8571e3200
1488516.0,3709441,python,[JIT],0x0000f93475197098
1488512.0,3708580,python,[JIT],0x0000f9c1c7c0a218
1488504.0,3708760,python,[JIT],0x0000fb7688bdf208
1488489.0,3709441,python,[JIT],0x0000f934751972a0
1488487.0,3708447,python,[JIT],0x0000e1f8571e2094
1488481.0,3708580,python,[JIT],0x0000f9c1c7c0c060
1488480.0,3708580,python,[JIT],0x0000f9c1c7c0b08c
1488477.0,3708580,python,[JIT],0x0000f9c1c7c0c498
1488472.0,3708447,python,[JIT],0x0000e1f8571e2008
1488460.0,3709077,python,[JIT],0x0000f0f377c06354
1488458.0,3708447,python,[JIT],0x0000e1f85713e128
1488457.0,3708580,python,[JIT],0x0000f9c1c7c0c214
1488451.0,3708447,python,[JIT],0x0000e1f85713f3b8
1488449.0,3709441,python,[JIT],0x0000f93475197064
1488447.0,3708580,python,[JIT],0x0000f9c1c7c0a23c
1488442.0,3708580,python,[JIT],0x0000f9c1c7c0b36c
1488442.0,3708760,python,[JIT],0x0000fb7688bdd0a8
1488441.0,3708447,python,[JIT],0x0000e1f85713e218
1488439.0,3709441,python,[JIT],0x0000f93475198230
1488438.0,3708580,python,[JIT],0x0000f9c1c7c0a064
1488438.0,3708935,python,[JIT],0x0000e5a3cd71f0c8
1488432.0,3708935,python,python,_PyObject_Malloc
1488427.0,3709441,python,[JIT],0x0000f93475198064
1488427.0,3709441,python,[JIT],0x0000f93475198368
1488425.0,3709270,python,[JIT],0x0000eaaffa1f1088
1488424.0,3708447,python,[JIT],0x0000e1f85713f354
1488423.0,3708580,python,[JIT],0x0000f9c1c7c0b0c8
1488423.0,3708935,python,[JIT],0x0000e5a3cd7c1228
1488421.0,3709441,python,[JIT],0x0000f93475198070
1488420.0,3708935,python,[JIT],0x0000e5a3cd71e29c
1488418.0,3708935,python,[JIT],0x0000e5a3cd7c106c
1488416.0,3708760,python,[JIT],0x0000fb7688bde080
1488414.0,3708447,python,[JIT],0x0000e1f8571e2070
1488414.0,3708935,python,[JIT],0x0000e5a3cd71e168
1488413.0,3709441,python,[JIT],0x0000f934751981a8
1488408.0,3708935,python,[JIT],0x0000e5a3cd71f0a0
1488407.0,3708935,python,[JIT],0x0000e5a3cd71f21c
1488399.0,3708760,python,[JIT],0x0000fb7688bdf094
1488388.0,3709441,python,[JIT],0x0000f9347519808c
1488387.0,3708580,python,[JIT],0x0000f9c1c7c0c238
1488385.0,3709441,python,[JIT],0x0000f934751971e8
1488381.0,3709441,python,[JIT],0x0000f9347519b4d0
1488376.0,3709441,python,[JIT],0x0000f9347519912c
1488375.0,3709441,python,[JIT],0x0000f934751980b0
1488374.0,3708935,python,[JIT],0x0000e5a3cd7c1340
1488373.0,3709441,python,[JIT],0x0000f934751983a8
1488358.0,3708580,python,[JIT],0x0000f9c1c7c0c1c8
1488358.0,3708935,python,[JIT],0x0000e5a3cd71e2bc
1488357.0,3709441,python,[JIT],0x0000f934751983d8
1488357.0,3708580,python,[JIT],0x0000f9c1c7c0a2bc
1488354.0,3708447,python,[JIT],0x0000e1f85713e0ac
1488354.0,3708760,python,[JIT],0x0000fb7688c811b8
1488353.0,3709077,python,[JIT],0x0000f0f377c08178
1488353.0,3708935,python,[JIT],0x0000e5a3cd7c10dc
1488352.0,3709441,python,[JIT],0x0000f93475197000
1488351.0,3709077,python,[JIT],0x0000f0f377c07228
1488347.0,3708935,python,[JIT],0x0000e5a3cd7c3268
1488346.0,3708935,python,[JIT],0x0000e5a3cd71f3ac
1488345.0,3708760,python,[JIT],0x0000fb7688bdb0cc
1488341.0,3709441,python,[JIT],0x0000f9347519a100
1488338.0,3708580,python,[JIT],0x0000f9c1c7c0e214
1488336.0,3708935,python,[JIT],0x0000e5a3cd7c1178
1488334.0,3708760,python,[JIT],0x0000fb7688bdd04c
1488331.0,3708760,python,python,PyObject_GetIter
1488327.0,3708760,python,[JIT],0x0000fb7688bde034
1488324.0,3709270,python,[JIT],0x0000eaaffa1f205c
1488320.0,3708447,python,[JIT],0x0000e1f85713e1f0
1488320.0,3709441,python,[JIT],0x0000f9347519836c
1488320.0,3708935,python,[JIT],0x0000e5a3cd7c1074
1488318.0,3709077,python,[JIT],0x0000f0f377c05100
1488314.0,3708447,python,[JIT],0x0000e1f85713f1e8
1488314.0,3708935,python,[JIT],0x0000e5a3cd71f154
1488304.0,3708447,python,[JIT],0x0000e1f85713f278
1488304.0,3709441,python,[JIT],0x0000f9347519b090
1488303.0,3709441,python,[JIT],0x0000f93475199498
1488302.0,3709441,python,[JIT],0x0000f93475199084
1488301.0,3708447,python,[JIT],0x0000e1f8571e3178
1488299.0,3709077,python,[JIT],0x0000f0f377c05158
1488297.0,3708447,python,[JIT],0x0000e1f8571e1490
1488287.0,3708760,python,[JIT],0x0000fb7688bde39c
1488286.0,3709077,python,[JIT],0x0000f0f377c080e8
1488285.0,3708447,python,[JIT],0x0000e1f85713f124
1488285.0,3708935,python,[JIT],0x0000e5a3cd7c10b4
1488281.0,3709441,python,[JIT],0x0000f93475197234
1488279.0,3709077,python,[JIT],0x0000f0f377c06480
1488271.0,3709270,python,[JIT],0x0000eaaffa1f1090
1488264.0,3709077,python,[JIT],0x0000f0f377c071ec
1488263.0,3708447,python,[JIT],0x0000e1f8571e22cc
1488259.0,3708935,python,[JIT],0x0000e5a3cd7c2100
1488258.0,3708447,python,[JIT],0x0000e1f85713f108
1488257.0,3708760,python,[JIT],0x0000fb7688bdd1ac
1488255.0,3709441,python,[JIT],0x0000f93475199234
1488251.0,3709270,python,[JIT],0x0000eaaffa1bf064
1488247.0,3708760,python,[JIT],0x0000fb7688c81290
1488245.0,3708580,python,[JIT],0x0000f9c1c7c0e4c8
1488240.0,3708760,python,[JIT],0x0000fb7688c810d8
1488237.0,3708935,python,[JIT],0x0000e5a3cd7c233c
1488231.0,3708447,python,[JIT],0x0000e1f8571e20d8
1488231.0,3708935,python,[JIT],0x0000e5a3cd7c11e0
1488230.0,3708580,python,[JIT],0x0000f9c1c7c0a0e8
1488226.0,3708760,python,[JIT],0x0000fb7688bde3ac
1488222.0,3708760,python,[JIT],0x0000fb7688bdf204
1488218.0,3709270,python,[JIT],0x0000eaaffa1f2338
1488217.0,3709270,python,[JIT],0x0000eaaffa1f2160
1488213.0,3709077,python,[JIT],0x0000f0f377c09178
1488209.0,3709077,python,[JIT],0x0000f0f377c06368
1488206.0,3709270,python,[JIT],0x0000eaaffa1bf080
1488205.0,3708935,python,[JIT],0x0000e5a3cd71e100
1488189.0,3708760,python,[JIT],0x0000fb7688bde408
1488185.0,3709270,python,[JIT],0x0000eaaffa1f138c
1488184.0,3709077,python,[JIT],0x0000f0f377c0705c
1488184.0,3709270,python,[JIT],0x0000eaaffa1f1228
1488184.0,3708580,python,[JIT],0x0000f9c1c7c0c0cc
1488182.0,3708580,python,[JIT],0x0000f9c1c7c0e188
1488174.0,3709270,python,[JIT],0x0000eaaffa1bf004
1488167.0,3708760,python,[JIT],0x0000fb7688bdd0f4
1488164.0,3709077,python,[JIT],0x0000f0f377c04174
1488164.0,3708760,python,[JIT],0x0000fb7688bdf49c
1488163.0,3708935,python,[JIT],0x0000e5a3cd71e404
1488156.0,3708760,python,[JIT],0x0000fb7688c82380
1488152.0,3708447,python,[JIT],0x0000e1f85713d150
1488150.0,3709077,python,[JIT],0x0000f0f377c08094
1488141.0,3708580,python,[JIT],0x0000f9c1c7c0e074
1488138.0,3709270,python,[JIT],0x0000eaaffa1bf164
1488135.0,3708760,python,[JIT],0x0000fb7688bde0b4
1488132.0,3708580,python,[JIT],0x0000f9c1c7c0c348
1488130.0,3708580,python,[JIT],0x0000f9c1c7c0b1b8
1488119.0,3708760,python,[JIT],0x0000fb7688bdf088
1488118.0,3709270,python,[JIT],0x0000eaaffa1f12b0
1488118.0,3709441,python,[JIT],0x0000f934751972bc
1488116.0,3708580,python,[JIT],0x0000f9c1c7c0b250
1488114.0,3709270,python,[JIT],0x0000eaaffa1f249c
1488113.0,3709441,python,[JIT],0x0000f93475197404
1488096.0,3709441,python,[JIT],0x0000f934751981b8
1488096.0,3708580,python,[JIT],0x0000f9c1c7c0b23c
1488093.0,3708580,python,[JIT],0x0000f9c1c7c0c000
1488091.0,3709441,python,[JIT],0x0000f9347519710c
1488087.0,3709441,python,[JIT],0x0000f9347519a094
1488087.0,3708760,python,[JIT],0x0000fb7688bde460
1488085.0,3709270,python,[JIT],0x0000eaaffa1f216c
1488084.0,3708760,python,[JIT],0x0000fb7688bdf340
1488071.0,3709441,python,[JIT],0x0000f934751981c0
1488067.0,3709077,python,[JIT],0x0000f0f377c091dc
1488059.0,3709270,python,[JIT],0x0000eaaffa1f135c
1488059.0,3708580,python,[JIT],0x0000f9c1c7c0b000
1488054.0,3709077,python,[JIT],0x0000f0f377c0919c
1488051.0,3708447,python,[JIT],0x0000e1f85713f3ac
1488049.0,3708760,python,[JIT],0x0000fb7688bde188
1488048.0,3708580,python,[JIT],0x0000f9c1c7c0b480
1488046.0,3708447,python,[JIT],0x0000e1f85713e100
1488045.0,3709077,python,[JIT],0x0000f0f377c07080
1488042.0,3709270,python,[JIT],0x0000eaaffa1f11e8
1488042.0,3709270,python,[JIT],0x0000eaaffa1f4164
1488041.0,3708580,python,[JIT],0x0000f9c1c7c0b240
1488041.0,3708935,python,[JIT],0x0000e5a3cd71f420
1488038.0,3708760,python,[JIT],0x0000fb7688bde02c
1488029.0,3709270,python,python,_PyObject_Malloc
1488023.0,3709077,python,[JIT],0x0000f0f377c0703c
1488018.0,3709270,python,python,PyObject_GC_Del
1488016.0,3708447,python,[JIT],0x0000e1f85713f2b0
1488006.0,3709270,python,[JIT],0x0000eaaffa1bf0d0
1488000.0,3709077,python,[JIT],0x0000f0f377c050c4
1487981.0,3709077,python,[JIT],0x0000f0f377c0749c
1487980.0,3708935,python,[JIT],0x0000e5a3cd71f164
1487978.0,3709270,python,[JIT],0x0000eaaffa1bf0ac
1487978.0,3709270,python,[JIT],0x0000eaaffa1bf19c
1487976.0,3709077,python,[JIT],0x0000f0f377c051e8
1487975.0,3709270,python,[JIT],0x0000eaaffa1f10a0
1487974.0,3709270,python,[JIT],0x0000eaaff9eff0cc
1487973.0,3708447,python,[JIT],0x0000e1f8571e3374
1487964.0,3708760,python,[JIT],0x0000fb7688bde3a8
1487957.0,3709270,python,[JIT],0x0000eaaffa1f20e4
1487953.0,3708935,python,[JIT],0x0000e5a3cd71e040
1487946.0,3709270,python,[JIT],0x0000eaaffa1f122c
1487937.0,3709270,python,[JIT],0x0000eaaffa1bf1e8
1487934.0,3708760,python,[JIT],0x0000fb7688c821b8
1487931.0,3709270,python,[JIT],0x0000eaaffa1f136c
1487926.0,3709270,python,[JIT],0x0000eaaffa1f10c4
1487925.0,3708935,python,[JIT],0x0000e5a3cd7c11d0
1487924.0,3709270,python,[JIT],0x0000eaaffa1f13b8
1487918.0,3709441,python,[JIT],0x0000f9347519b228
1487918.0,3708760,python,[JIT],0x0000fb7688bdf160
1487911.0,3709270,python,[JIT],0x0000eaaffa1f3094
1487894.0,3708935,python,[JIT],0x0000e5a3cd7c3188
1487885.0,3709270,python,[JIT],0x0000eaaffa1f2178
1487884.0,3709270,python,[JIT],0x0000eaaffa1f1080
1487879.0,3709270,python,[JIT],0x0000eaaffa1f2088
1487860.0,3709077,python,[JIT],0x0000f0f377c090b8
1487855.0,3709077,python,[JIT],0x0000f0f377c0906c
1487853.0,3709077,python,[JIT],0x0000f0f377c09068
1487823.0,3709270,python,[JIT],0x0000eaaffa1f1038
1487804.0,3709270,python,[JIT],0x0000eaaffa1be044
1487800.0,3708760,python,[JIT],0x0000fb7688bdf16c
1487774.0,3709270,python,[JIT],0x0000eaaffa1bf154
1487772.0,3709441,python,[JIT],0x0000f9347519a2ec
1487767.0,3709270,python,[JIT],0x0000eaaffa1f31e4
1487762.0,3708580,python,[JIT],0x0000f9c1c7c0c080
1487761.0,3708935,python,[JIT],0x0000e5a3cd7c21c8
1487760.0,3708935,python,[JIT],0x0000e5a3cd7c10c0
1487759.0,3708447,python,[kernel.kallsyms],free_swap_cache
1487756.0,3709270,python,[JIT],0x0000eaaffa1f108c
1487751.0,3708580,python,[JIT],0x0000f9c1c7c0b94c
1487749.0,3709270,python,[JIT],0x0000eaaffa1f3200
1487730.0,3709270,python,[JIT],0x0000eaaffa1f302c
1487728.0,3709441,python,[JIT],0x0000f9347519a250
1487727.0,3709270,python,[kernel.kallsyms],free_unref_page_prepare
1487715.0,3708760,python,[JIT],0x0000fb7688c81060
1487705.0,3709270,python,[JIT],0x0000eaaffa1f1218
1487697.0,3708935,python,[JIT],0x0000e5a3cd7c31ec
1487694.0,3709077,python,[kernel.kallsyms],free_unref_page_prepare
1487694.0,3709270,python,[JIT],0x0000eaaffa1bf028
1487678.0,3709270,python,[JIT],0x0000eaaffa1be02c
1487655.0,3708580,python,[kernel.kallsyms],cgroup_rstat_updated
1487636.0,3709441,python,[JIT],0x0000f9347519b260
1487627.0,3709270,python,python,PyObject_Size
1487615.0,3709077,python,[JIT],0x0000f0f377c07220
1487614.0,3708580,python,[kernel.kallsyms],get_pfnblock_flags_mask
1487573.0,3709270,python,[JIT],0x0000eaaffa1f30e4
1487505.0,3709441,python,[JIT],0x0000f9347519829c
1487470.0,3708760,python,[kernel.kallsyms],__mod_node_page_state
1487444.0,3708580,python,[JIT],0x0000f9c1c7c0a20c
1487409.0,3708580,python,python,setitem_take2_lock_held
1487348.0,3709270,python,[JIT],0x0000eaaffa1f3138
1487345.0,3708580,python,[JIT],0x0000f9c1c7c0c1a8
1487333.0,3708447,python,[kernel.kallsyms],cgroup_rstat_updated
1487255.0,3709077,python,[JIT],0x0000f0f377c07094
1487224.0,3709270,python,[JIT],0x0000eaaffa1f1060
1487126.0,3709441,python,[JIT],0x0000f93475198094
1487100.0,3708760,python,[kernel.kallsyms],get_pfnblock_flags_mask
1486892.0,3709270,python,[JIT],0x0000eaaffa1bf0f4
1486873.0,3709441,python,[kernel.kallsyms],cgroup_rstat_updated
1486809.0,3709441,python,[JIT],0x0000f9347519b154
1486616.0,3708935,python,[JIT],0x0000e5a3cd7c30b0
1486597.0,3708935,python,[JIT],0x0000e5a3cd7c20d8
1486521.0,3709441,python,[kernel.kallsyms],get_pfnblock_flags_mask
1486137.0,3709077,python,python,deque_extend_impl
1485998.0,3708760,python,[JIT],0x0000fb7688bde0c4
1485978.0,3709441,python,[kernel.kallsyms],folio_remove_rmap_ptes
1485910.0,3708760,python,[JIT],0x0000fb7688c820d8
1485833.0,3709270,python,[kernel.kallsyms],folio_remove_rmap_ptes
1485061.0,3708580,python,[JIT],0x0000f9c1c7c0c0a8
1484953.0,3709077,python,libc.so.6,_int_free
1484691.0,3708447,python,[JIT],0x0000e1f8571e209c
1482565.0,3708935,python,[JIT],0x0000e5a3cd71f280
1482495.0,3708580,python,[JIT],0x0000f9c1c7c0d16c
1482078.0,3708760,python,[JIT],0x0000fb7688c82004
1480852.0,3709441,python,[JIT],0x0000f9347519703c
1480474.0,3708447,python,[JIT],0x0000e1f85713f288
1480206.0,3709441,python,[JIT],0x0000f93475198354
1479827.0,3709270,python,[JIT],0x0000eaaffa1f121c
1477460.0,3708760,python,[JIT],0x0000fb7688c82220
1476022.0,3708447,python,[JIT],0x0000e1f85713e410
1475634.0,3709077,python,[JIT],0x0000f0f377c070a8
1474009.0,3708935,python,[JIT],0x0000e5a3cd71e0e8
1471619.0,3709270,python,[JIT],0x0000eaaffa1f3148
1469765.0,3708760,python,[JIT],0x0000fb7688bde0a8
1465348.0,3708760,python,[JIT],0x0000fb7688bdd100
1464032.0,3709077,python,[JIT],0x0000f0f377c04008
1449363.0,3708447,python,[JIT],0x0000e1f8571e3268
1273624.0,3709441,python,[JIT],0x0000f9347519b19c
1247082.0,3709077,python,[JIT],0x0000f0f377c091ac
1242620.0,3709441,python,[JIT],0x0000f9347519a228
1242299.0,3709441,python,[JIT],0x0000f93475199490
1241655.0,3708580,python,[JIT],0x0000f9c1c7c0a008
1241518.0,3708580,python,libc.so.6,__memcpy_generic
1241472.0,3708447,python,[kernel.kallsyms],set_ptes.isra.0
1241419.0,3709441,python,[kernel.kallsyms],release_pages
1241418.0,3708935,python,[kernel.kallsyms],release_pages
1241393.0,3709077,python,[JIT],0x0000f0f377c06254
1241353.0,3708935,python,[kernel.kallsyms],__pte_offset_map_lock
1241333.0,3709270,python,[kernel.kallsyms],do_translation_fault
1241325.0,3708580,python,[kernel.kallsyms],pte_offset_map_nolock
1241300.0,3709441,python,[kernel.kallsyms],__alloc_pages
1241212.0,3709441,python,[kernel.kallsyms],__pte_offset_map_lock
1241161.0,3709270,python,[kernel.kallsyms],get_task_policy.part.0
1241141.0,3709077,python,[kernel.kallsyms],vma_alloc_folio
1241127.0,3708580,python,[kernel.kallsyms],folio_add_new_anon_rmap
1241089.0,3709077,python,[kernel.kallsyms],mem_cgroup_commit_charge
1241060.0,3708447,python,[kernel.kallsyms],blk_cgroup_congested
1241053.0,3708580,python,[kernel.kallsyms],get_mem_cgroup_from_mm
1241033.0,3709270,python,[kernel.kallsyms],get_mem_cgroup_from_mm
1240990.0,3709270,python,[kernel.kallsyms],do_pte_missing
1240972.0,3709441,python,[JIT],0x0000f9347519a008
1240966.0,3708760,python,[kernel.kallsyms],get_task_policy.part.0
1240956.0,3709441,python,[JIT],0x0000f9347519a1cc
1240892.0,3709441,python,[kernel.kallsyms],alloc_anon_folio
1240863.0,3708580,python,[JIT],0x0000f9c1c7c0d060
1240836.0,3709441,python,[JIT],0x0000f934751983c8
1240829.0,3708447,python,[JIT],0x0000e1f85713d1a8
1240823.0,3708935,python,[kernel.kallsyms],alloc_pages_mpol
1240801.0,3709441,python,[JIT],0x0000f9347519b0d8
1240801.0,3708580,python,[kernel.kallsyms],get_vma_policy
1240798.0,3709441,python,[JIT],0x0000f934751960d8
1240786.0,3708447,python,[JIT],0x0000e1f85713e250
1240755.0,3708580,python,[JIT],0x0000f9c1c7c0b02c
1240752.0,3708447,python,[JIT],0x0000e1f8571e2148
1240733.0,3709077,python,[kernel.kallsyms],try_charge_memcg
1240724.0,3708760,python,[JIT],0x0000fb7688bdc084
1240708.0,3709441,python,[JIT],0x0000f93475197034
1240697.0,3708760,python,[JIT],0x0000fb7688bdd074
1240694.0,3708760,python,[JIT],0x0000fb7688bdf0d4
1240688.0,3708447,python,[JIT],0x0000e1f8571e21f0
1240670.0,3708935,python,[JIT],0x0000e5a3cd7c31a8
1240659.0,3708580,python,[JIT],0x0000f9c1c7c0d33c
1240642.0,3708447,python,[JIT],0x0000e1f8571e233c
1240635.0,3708447,python,[JIT],0x0000e1f85713e034
1240631.0,3709441,python,[JIT],0x0000f9347519949c
1240630.0,3709077,python,[JIT],0x0000f0f377c08004
1240630.0,3708447,python,[JIT],0x0000e1f8571e1234
1240628.0,3708447,python,[JIT],0x0000e1f85713e19c
1240628.0,3708447,python,[JIT],0x0000e1f8571e10d4
1240628.0,3709441,python,[JIT],0x0000f9347519b07c
1240627.0,3709441,python,[JIT],0x0000f9347519b238
1240623.0,3708447,python,[JIT],0x0000e1f85713e000
1240620.0,3708760,python,[JIT],0x0000fb7688bdd2c4
1240618.0,3709077,python,[JIT],0x0000f0f377c082ec
1240615.0,3708447,python,[JIT],0x0000e1f8571e1088
1240615.0,3709441,python,[JIT],0x0000f93475199078
1240612.0,3708580,python,[kernel.kallsyms],post_alloc_hook
1240608.0,3708760,python,[kernel.kallsyms],do_translation_fault
1240605.0,3708447,python,[JIT],0x0000e1f8571e3378
1240605.0,3708760,python,[JIT],0x0000fb7688c821dc
1240600.0,3709441,python,[JIT],0x0000f93475197004
1240595.0,3709077,python,[kernel.kallsyms],alloc_anon_folio
1240589.0,3708580,python,[JIT],0x0000f9c1c7c0b2b4
1240584.0,3709270,python,[JIT],0x0000eaaffa1f3060
1240583.0,3708760,python,[JIT],0x0000fb7688bde008
1240582.0,3708935,python,[JIT],0x0000e5a3cd7c2200
1240581.0,3709441,python,[JIT],0x0000f934751990d8
1240580.0,3708760,python,[JIT],0x0000fb7688c810e8
1240579.0,3708760,python,[JIT],0x0000fb7688bde218
1240571.0,3709077,python,[JIT],0x0000f0f377c05134
1240571.0,3708935,python,[JIT],0x0000e5a3cd71f474
1240568.0,3709441,python,[JIT],0x0000f934751983f8
1240564.0,3708447,python,[JIT],0x0000e1f8571e20f4
1240564.0,3708935,python,[JIT],0x0000e5a3cd71f354
1240562.0,3708935,python,[kernel.kallsyms],try_charge_memcg
1240554.0,3709441,python,[JIT],0x0000f9347519a260
1240554.0,3708760,python,[JIT],0x0000fb7688bdf090
1240553.0,3708935,python,[JIT],0x0000e5a3cd7c11ac
1240551.0,3708580,python,[JIT],0x0000f9c1c7c0c02c
1240548.0,3708447,python,[JIT],0x0000e1f85713e0d0
1240548.0,3708935,python,[JIT],0x0000e5a3cd7c32ac
1240547.0,3709077,python,[JIT],0x0000f0f377c08080
1240546.0,3708447,python,[JIT],0x0000e1f8571e2080
1240546.0,3708580,python,[JIT],0x0000f9c1c7c0a14c
1240546.0,3708580,python,[JIT],0x0000f9c1c7c0d038
1240541.0,3709441,python,[JIT],0x0000f9347519b0b8
1240541.0,3708760,python,[JIT],0x0000fb7688c811f0
1240535.0,3708935,python,[JIT],0x0000e5a3cd71f3dc
1240534.0,3709441,python,[JIT],0x0000f9347519b1b0
1240533.0,3708447,python,[JIT],0x0000e1f8571e14e0
1240533.0,3708935,python,[JIT],0x0000e5a3cd71f20c
1240530.0,3708447,python,[JIT],0x0000e1f85713e220
1240530.0,3708580,python,[JIT],0x0000f9c1c7c0b1a0
1240527.0,3708935,python,[JIT],0x0000e5a3cd71f1e4
1240526.0,3708935,python,[JIT],0x0000e5a3cd7c3080
1240524.0,3708447,python,[JIT],0x0000e1f85713f408
1240523.0,3709441,python,[JIT],0x0000f9347519602c
1240517.0,3708447,python,[JIT],0x0000e1f8571e107c
1240516.0,3709441,python,[JIT],0x0000f934751983dc
1240509.0,3708447,python,[JIT],0x0000e1f85713e20c
1240509.0,3708580,python,[JIT],0x0000f9c1c7c0a188
1240501.0,3709077,python,[JIT],0x0000f0f377c052a0
1240500.0,3708580,python,[JIT],0x0000f9c1c7c0d240
1240498.0,3709441,python,[JIT],0x0000f93475197208
1240496.0,3708580,python,[JIT],0x0000f9c1c7c0b288
1240494.0,3708760,python,[JIT],0x0000fb7688bde254
1240493.0,3708760,python,[JIT],0x0000fb7688bde270
1240490.0,3708447,python,[JIT],0x0000e1f8571e1034
1240487.0,3708760,python,[JIT],0x0000fb7688c812a0
1240480.0,3708935,python,[JIT],0x0000e5a3cd7c3178
1240479.0,3708580,python,[kernel.kallsyms],__pte_offset_map
1240478.0,3708580,python,[JIT],0x0000f9c1c7c0c090
1240476.0,3708580,python,[JIT],0x0000f9c1c7c0e1a4
1240475.0,3709441,python,[JIT],0x0000f9347519723c
1240472.0,3708935,python,python,PyObject_Free
1240471.0,3708580,python,[JIT],0x0000f9c1c7c0902c
1240471.0,3708580,python,[JIT],0x0000f9c1c7c091e4
1240469.0,3708935,python,[JIT],0x0000e5a3cd7c2308
1240466.0,3708760,python,[JIT],0x0000fb7688bdf0c0
1240456.0,3708760,python,[kernel.kallsyms],get_mem_cgroup_from_mm
1240448.0,3708760,python,[JIT],0x0000fb7688bdf0a4
1240443.0,3708580,python,[JIT],0x0000f9c1c7c0c078
1240442.0,3708760,python,[JIT],0x0000fb7688bde27c
1240442.0,3708760,python,[JIT],0x0000fb7688bde410
1240438.0,3708580,python,[JIT],0x0000f9c1c7c0b430
1240433.0,3709441,python,[JIT],0x0000f934751970ec
1240430.0,3708447,python,[JIT],0x0000e1f8571e1348
1240429.0,3709077,python,[JIT],0x0000f0f377c061b8
1240429.0,3709077,python,[JIT],0x0000f0f377c07030
1240428.0,3708447,python,[JIT],0x0000e1f8571e306c
1240426.0,3709441,python,[JIT],0x0000f934751971a0
1240425.0,3708760,python,[JIT],0x0000fb7688bdd12c
1240422.0,3708935,python,[JIT],0x0000e5a3cd7c1348
1240418.0,3708760,python,[JIT],0x0000fb7688bdd23c
1240418.0,3708760,python,[JIT],0x0000fb7688c8102c
1240407.0,3709441,python,[JIT],0x0000f934751972ac
1240407.0,3708935,python,[JIT],0x0000e5a3cd71f1a8
1240407.0,3708760,python,[JIT],0x0000fb7688bdd19c
1240405.0,3708580,python,[JIT],0x0000f9c1c7c0b438
1240402.0,3709441,python,[JIT],0x0000f93475199000
1240402.0,3709441,python,[JIT],0x0000f9347519b178
1240402.0,3708580,python,[JIT],0x0000f9c1c7c0b088
1240400.0,3708935,python,[JIT],0x0000e5a3cd7c3008
1240392.0,3708760,python,[JIT],0x0000fb7688c811f4
1240384.0,3708447,python,[JIT],0x0000e1f85713f08c
1240384.0,3708935,python,[JIT],0x0000e5a3cd71f09c
1240383.0,3708447,python,[JIT],0x0000e1f8571e2308
1240381.0,3708935,python,[JIT],0x0000e5a3cd71f38c
1240380.0,3708935,python,[JIT],0x0000e5a3cd71e198
1240378.0,3709441,python,[JIT],0x0000f93475197188
1240378.0,3709441,python,[JIT],0x0000f93475197254
1240373.0,3708447,python,[JIT],0x0000e1f8571e31cc
1240373.0,3708760,python,[JIT],0x0000fb7688c81300
1240371.0,3709441,python,[JIT],0x0000f93475197134
1240371.0,3708580,python,python,PyIter_Next
1240366.0,3708580,python,[JIT],0x0000f9c1c7c0b004
1240365.0,3708580,python,[kernel.kallsyms],rmqueue
1240363.0,3708935,python,[JIT],0x0000e5a3cd7c1214
1240359.0,3708935,python,[JIT],0x0000e5a3cd7c1028
1240358.0,3708580,python,[JIT],0x0000f9c1c7c0b24c
1240357.0,3708447,python,[JIT],0x0000e1f8571e214c
1240352.0,3708760,python,[JIT],0x0000fb7688c81210
1240343.0,3709441,python,[JIT],0x0000f93475197008
1240339.0,3708580,python,[JIT],0x0000f9c1c7c0e004
1240338.0,3708935,python,[JIT],0x0000e5a3cd71e19c
1240337.0,3709441,python,[JIT],0x0000f9347519a178
1240336.0,3709077,python,[JIT],0x0000f0f377c07000
1240336.0,3708447,python,[JIT],0x0000e1f85713e028
1240336.0,3708935,python,[JIT],0x0000e5a3cd7c2290
1240335.0,3709441,python,[JIT],0x0000f9347519a2fc
1240330.0,3708935,python,python,PyIter_Next
1240330.0,3708760,python,[JIT],0x0000fb7688c8123c
1240329.0,3708447,python,[JIT],0x0000e1f85713f2bc
1240326.0,3708580,python,[JIT],0x0000f9c1c7c0b254
1240323.0,3708935,python,[JIT],0x0000e5a3cd71d05c
1240322.0,3709077,python,[JIT],0x0000f0f377c070b4
1240321.0,3708447,python,[JIT],0x0000e1f85713f3cc
1240321.0,3708935,python,[JIT],0x0000e5a3cd7c20c4
1240320.0,3709077,python,[JIT],0x0000f0f377c070a4
1240316.0,3709077,python,[JIT],0x0000f0f377c0714c
1240315.0,3708760,python,[JIT],0x0000fb7688c81094
1240313.0,3708580,python,[JIT],0x0000f9c1c7c0c1cc
1240310.0,3708447,python,[JIT],0x0000e1f8571e22dc
1240308.0,3708760,python,[JIT],0x0000fb7688c811e0
1240307.0,3708580,python,[JIT],0x0000f9c1c7c0a0a8
1240304.0,3709441,python,[JIT],0x0000f93475198480
1240303.0,3709270,python,[JIT],0x0000eaaffa1bf100
1240302.0,3709077,python,[JIT],0x0000f0f377c030cc
1240302.0,3708760,python,[JIT],0x0000fb7688bdf0b4
1240300.0,3708580,python,[JIT],0x0000f9c1c7c0b3d8
1240300.0,3708760,python,[JIT],0x0000fb7688bdf248
1240299.0,3709441,python,[JIT],0x0000f9347519827c
1240296.0,3708447,python,[JIT],0x0000e1f85713e244
1240295.0,3708580,python,[JIT],0x0000f9c1c7c0a2a0
1240295.0,3708580,python,[JIT],0x0000f9c1c7c0c0c8
1240291.0,3708935,python,[JIT],0x0000e5a3cd71c204
1240288.0,3708580,python,[JIT],0x0000f9c1c7c0a19c
1240286.0,3708580,python,python,memcmp@plt
1240285.0,3709441,python,[JIT],0x0000f93475198174
1240285.0,3708935,python,[JIT],0x0000e5a3cd7c307c
1240284.0,3709441,python,[JIT],0x0000f9347519707c
1240283.0,3708447,python,[JIT],0x0000e1f8571e1214
1240281.0,3709441,python,[JIT],0x0000f934751970f8
1240281.0,3708935,python,[JIT],0x0000e5a3cd7c1344
1240277.0,3708935,python,[JIT],0x0000e5a3cd71e098
1240271.0,3708935,python,[JIT],0x0000e5a3cd7c207c
1240270.0,3709441,python,[JIT],0x0000f934751990e8
1240267.0,3709270,python,[JIT],0x0000eaaffa1f3330
1240267.0,3708447,python,[JIT],0x0000e1f8571e2170
1240267.0,3708580,python,[JIT],0x0000f9c1c7c0b108
1240262.0,3709441,python,[JIT],0x0000f9347519b1ec
1240261.0,3709077,python,[JIT],0x0000f0f377c05424
1240260.0,3708935,python,[JIT],0x0000e5a3cd7c1498
1240258.0,3708935,python,[JIT],0x0000e5a3cd71e028
1240256.0,3708447,python,[JIT],0x0000e1f8571e2228
1240255.0,3708935,python,[JIT],0x0000e5a3cd7c316c
1240252.0,3709077,python,[JIT],0x0000f0f377c06250
1240250.0,3708580,python,[JIT],0x0000f9c1c7c0d0fc
1240249.0,3709077,python,[JIT],0x0000f0f377c08048
1240248.0,3708580,python,[JIT],0x0000f9c1c7c0a040
1240246.0,3708447,python,[JIT],0x0000e1f8571e1030
1240246.0,3708760,python,python,PyObject_Size
1240244.0,3709270,python,[JIT],0x0000eaaffa1f31f0
1240243.0,3708580,python,[JIT],0x0000f9c1c7c0b080
1240241.0,3709077,python,[JIT],0x0000f0f377c0733c
1240240.0,3709077,python,[JIT],0x0000f0f377c080f4
1240240.0,3708447,python,[JIT],0x0000e1f8571e1064
1240237.0,3708760,python,[JIT],0x0000fb7688bdc048
1240237.0,3708760,python,[JIT],0x0000fb7688c820cc
1240236.0,3708447,python,[JIT],0x0000e1f85713f1f8
1240233.0,3708580,python,[JIT],0x0000f9c1c7c0a03c
1240230.0,3708580,python,[JIT],0x0000f9c1c7c0c0dc
1240229.0,3708580,python,[JIT],0x0000f9c1c7c0d1c8
1240229.0,3708935,python,[JIT],0x0000e5a3cd71c07c
1240226.0,3709441,python,[JIT],0x0000f9347519822c
1240221.0,3708580,python,[JIT],0x0000f9c1c7c0d2dc
1240221.0,3708760,python,[JIT],0x0000fb7688bdd134
1240217.0,3709077,python,[JIT],0x0000f0f377c08008
1240217.0,3709270,python,[JIT],0x0000eaaffa1f248c
1240217.0,3708447,python,[JIT],0x0000e1f85713e0e4
1240216.0,3709270,python,[JIT],0x0000eaaffa1f1004
1240216.0,3708580,python,[JIT],0x0000f9c1c7c0b29c
1240215.0,3708447,python,[kernel.kallsyms],__mod_lruvec_state
1240210.0,3708580,python,[JIT],0x0000f9c1c7c0c218
1240207.0,3708580,python,[JIT],0x0000f9c1c7c0b2ac
1240207.0,3708580,python,[JIT],0x0000f9c1c7c0e1cc
1240204.0,3709270,python,[JIT],0x0000eaaffa1f2218
1240200.0,3708935,python,[JIT],0x0000e5a3cd7c10ac
1240198.0,3708580,python,[JIT],0x0000f9c1c7c0a1c8
1240198.0,3708580,python,[JIT],0x0000f9c1c7c0e160
1240198.0,3708935,python,[JIT],0x0000e5a3cd7c21b8
1240197.0,3708580,python,[JIT],0x0000f9c1c7c0c228
1240195.0,3709077,python,[JIT],0x0000f0f377c09374
1240193.0,3708760,python,[JIT],0x0000fb7688bde2ac
1240191.0,3708447,python,[JIT],0x0000e1f85713d008
1240187.0,3709077,python,[JIT],0x0000f0f377c06378
1240186.0,3709441,python,[JIT],0x0000f93475199088
1240184.0,3709077,python,python,PyObject_Free
1240180.0,3708935,python,[JIT],0x0000e5a3cd71f248
1240180.0,3708935,python,[JIT],0x0000e5a3cd71f3d8
1240179.0,3709270,python,[JIT],0x0000eaaffa1f316c
1240178.0,3708447,python,[JIT],0x0000e1f85713e274
1240175.0,3709077,python,[JIT],0x0000f0f377c0602c
1240172.0,3708447,python,[JIT],0x0000e1f85713e12c
1240170.0,3708580,python,[JIT],0x0000f9c1c7c0b0d8
1240169.0,3709270,python,[JIT],0x0000eaaffa1f10d4
1240167.0,3708935,python,[JIT],0x0000e5a3cd7c102c
1240165.0,3708935,python,[JIT],0x0000e5a3cd7c1490
1240164.0,3709077,python,[JIT],0x0000f0f377c062b4
1240161.0,3709077,python,[JIT],0x0000f0f377c081c4
1240159.0,3708760,python,[JIT],0x0000fb7688bdf0a8
1240157.0,3708760,python,[JIT],0x0000fb7688bdf0b8
1240155.0,3709270,python,[JIT],0x0000eaaffa1f44c8
1240155.0,3708760,python,[JIT],0x0000fb7688c810e4
1240154.0,3709270,python,[JIT],0x0000eaaffa1bf0e8
1240152.0,3708935,python,[JIT],0x0000e5a3cd7c3078
1240147.0,3708580,python,[JIT],0x0000f9c1c7c0a044
1240144.0,3709077,python,[JIT],0x0000f0f377c09268
1240144.0,3709441,python,[JIT],0x0000f9347519824c
1240143.0,3708580,python,[JIT],0x0000f9c1c7c0e080
1240142.0,3708580,python,[JIT],0x0000f9c1c7c0b1a8
1240138.0,3709077,python,[JIT],0x0000f0f377c06404
1240137.0,3708580,python,[JIT],0x0000f9c1c7c0a244
1240135.0,3708760,python,[JIT],0x0000fb7688bde0bc
1240133.0,3709441,python,[JIT],0x0000f93475197150
1240131.0,3708760,python,[JIT],0x0000fb7688bdf030
1240130.0,3709077,python,[JIT],0x0000f0f377c05214
1240124.0,3708935,python,[JIT],0x0000e5a3cd71f1f4
1240122.0,3708580,python,[JIT],0x0000f9c1c7c0b238
1240121.0,3709077,python,[JIT],0x0000f0f377c06070
1240113.0,3709270,python,[JIT],0x0000eaaffa1f11f8
1240109.0,3708935,python,[JIT],0x0000e5a3cd71d09c
1240108.0,3709270,python,[JIT],0x0000eaaffa1f41ec
1240107.0,3708935,python,[JIT],0x0000e5a3cd7c209c
1240106.0,3708447,python,[JIT],0x0000e1f8571e1338
1240104.0,3708447,python,[JIT],0x0000e1f8571e112c
1240104.0,3708580,python,[JIT],0x0000f9c1c7c0b214
1240104.0,3708580,python,[JIT],0x0000f9c1c7c0d02c
1240103.0,3708935,python,[JIT],0x0000e5a3cd71f350
1240102.0,3708580,python,[JIT],0x0000f9c1c7c0d32c
1240095.0,3709077,python,[JIT],0x0000f0f377c062bc
1240095.0,3708935,python,[JIT],0x0000e5a3cd7c1268
1240085.0,3709077,python,[JIT],0x0000f0f377c0815c
1240083.0,3709077,python,[JIT],0x0000f0f377c090cc
1240082.0,3708580,python,[JIT],0x0000f9c1c7c0d100
1240080.0,3709270,python,[JIT],0x0000eaaffa1f209c
1240078.0,3708447,python,[JIT],0x0000e1f85713f088
1240078.0,3708935,python,[JIT],0x0000e5a3cd7c10c4
1240075.0,3708447,python,[JIT],0x0000e1f85713e18c
1240069.0,3708580,python,[JIT],0x0000f9c1c7c0b094
1240068.0,3708760,python,[JIT],0x0000fb7688bdf1fc
1240068.0,3708935,python,[JIT],0x0000e5a3cd7c1260
1240067.0,3708580,python,[JIT],0x0000f9c1c7c0d1e4
1240065.0,3709077,python,[JIT],0x0000f0f377c06460
1240065.0,3708935,python,[JIT],0x0000e5a3cd71e160
1240064.0,3709270,python,[JIT],0x0000eaaffa1f127c
1240063.0,3708580,python,[JIT],0x0000f9c1c7c0d0d4
1240062.0,3708760,python,python,PyObject_GC_UnTrack
1240060.0,3708580,python,[JIT],0x0000f9c1c7c0e0c0
1240058.0,3708447,python,[JIT],0x0000e1f8571e10c4
1240058.0,3709441,python,[JIT],0x0000f9347519724c
1240057.0,3708760,python,[JIT],0x0000fb7688c82164
1240055.0,3709441,python,[JIT],0x0000f93475199068
1240048.0,3709270,python,[JIT],0x0000eaaffa1f4228
1240044.0,3708935,python,[JIT],0x0000e5a3cd71d0d4
1240044.0,3708760,python,[JIT],0x0000fb7688bdf1bc
1240043.0,3709270,python,[JIT],0x0000eaaffa1f21a8
1240035.0,3709077,python,[JIT],0x0000f0f377c050a8
1240035.0,3708935,python,[JIT],0x0000e5a3cd7c232c
1240035.0,3708760,python,[JIT],0x0000fb7688bdf0c8
1240034.0,3709077,python,[JIT],0x0000f0f377c071b8
1240030.0,3708760,python,[JIT],0x0000fb7688bdf238
1240024.0,3709270,python,[JIT],0x0000eaaffa1f1250
1240024.0,3709270,python,[JIT],0x0000eaaffa1f1368
1240020.0,3709270,python,[JIT],0x0000eaaffa1bf1fc
1240019.0,3708580,python,[JIT],0x0000f9c1c7c0b0bc
1240017.0,3709270,python,[JIT],0x0000eaaffa1f20b4
1240006.0,3709270,python,[JIT],0x0000eaaffa1bf1bc
1240004.0,3708935,python,[JIT],0x0000e5a3cd71f39c
1240000.0,3709270,python,[JIT],0x0000eaaffa1f202c
1239997.0,3709441,python,[JIT],0x0000f9347519b374
1239997.0,3708580,python,[JIT],0x0000f9c1c7c0e210
1239994.0,3709270,python,[JIT],0x0000eaaffa1f2090
1239994.0,3709077,python,[JIT],0x0000f0f377c070bc
1239994.0,3708935,python,[JIT],0x0000e5a3cd7c20c0
1239987.0,3708760,python,[JIT],0x0000fb7688bdd2bc
1239987.0,3708760,python,[JIT],0x0000fb7688bdd404
1239986.0,3709270,python,[JIT],0x0000eaaffa1f1114
1239986.0,3708760,python,[JIT],0x0000fb7688bdf12c
1239979.0,3709270,python,[JIT],0x0000eaaffa1f2344
1239977.0,3708580,python,[JIT],0x0000f9c1c7c0e0e8
1239972.0,3709270,python,[JIT],0x0000eaaffa1bf198
1239970.0,3709077,python,[JIT],0x0000f0f377c05410
1239969.0,3709077,python,[JIT],0x0000f0f377c0909c
1239967.0,3709077,python,[JIT],0x0000f0f377c071dc
1239967.0,3708580,python,[JIT],0x0000f9c1c7c0d0b4
1239963.0,3709077,python,[JIT],0x0000f0f377c07160
1239951.0,3708580,python,[JIT],0x0000f9c1c7c0c33c
1239951.0,3708580,python,[JIT],0x0000f9c1c7c0c0cc
1239945.0,3709077,python,python,PyIter_Next
1239945.0,3709441,python,[JIT],0x0000f93475197198
1239944.0,3708580,python,python,_PyLong_ExactDealloc
1239942.0,3709077,python,[JIT],0x0000f0f377c09090
1239933.0,3708447,python,[JIT],0x0000e1f85713e29c
1239927.0,3708935,python,[JIT],0x0000e5a3cd7c3084
1239919.0,3709441,python,[JIT],0x0000f934751983cc
1239918.0,3708580,python,[JIT],0x0000f9c1c7c0b0b0
1239912.0,3709441,python,[JIT],0x0000f93475198038
1239898.0,3708935,python,[JIT],0x0000e5a3cd7c223c
1239892.0,3709077,python,[JIT],0x0000f0f377c080d4
1239882.0,3709270,python,[JIT],0x0000eaaffa1f32cc
1239882.0,3708447,python,[JIT],0x0000e1f8571e2178
1239861.0,3709270,python,[JIT],0x0000eaaffa1bf220
1239859.0,3709270,python,[JIT],0x0000eaaffa1bf130
1239857.0,3709270,python,[JIT],0x0000eaaffa1f11a0
1239856.0,3709270,python,[JIT],0x0000eaaffa1bf074
1239844.0,3709441,python,[JIT],0x0000f93475199348
1239839.0,3709077,python,[JIT],0x0000f0f377c07218
1239830.0,3709077,python,[JIT],0x0000f0f377c05168
1239822.0,3709270,python,[JIT],0x0000eaaffa1bf168
1239820.0,3708935,python,[JIT],0x0000e5a3cd7c31d8
1239801.0,3708580,python,[kernel.kallsyms],_find_next_bit
1239797.0,3709077,python,[JIT],0x0000f0f377c060a8
1239793.0,3709270,python,[JIT],0x0000eaaffa1bf29c
1239770.0,3709270,python,[JIT],0x0000eaaffa1f123c
1239750.0,3709441,python,[JIT],0x0000f934751982b4
1239746.0,3709077,python,[JIT],0x0000f0f377c091bc
1239742.0,3709077,python,[JIT],0x0000f0f377c080c4
1239741.0,3708447,python,[JIT],0x0000e1f85713f0bc
1239736.0,3709441,python,[JIT],0x0000f93475199200
1239732.0,3709077,python,[JIT],0x0000f0f377c05220
1239723.0,3709077,python,python,PyLong_FromSsize_t
1239720.0,3708580,python,libc.so.6,_int_malloc
1239707.0,3708580,python,[JIT],0x0000f9c1c7c0e09c
1239683.0,3709270,python,[JIT],0x0000eaaffa1f309c
1239673.0,3709270,python,python,_PyObject_GC_Link
1239663.0,3708760,python,[JIT],0x0000fb7688c8109c
1239645.0,3709077,python,python,PyObject_Malloc
1239639.0,3708760,python,[JIT],0x0000fb7688bdf0c4
1239630.0,3709270,python,[JIT],0x0000eaaffa1bf070
1239546.0,3709270,python,[JIT],0x0000eaaffa1f4034
1239533.0,3709270,python,[JIT],0x0000eaaffa1f11b8
1239519.0,3709270,python,[kernel.kallsyms],free_swap_cache
1239475.0,3709270,python,[JIT],0x0000eaaffa1f13ac
1239460.0,3709441,python,[JIT],0x0000f93475198288
1239404.0,3708935,python,[JIT],0x0000e5a3cd71f07c
1239323.0,3708760,python,[JIT],0x0000fb7688c82384
1239278.0,3708760,python,[kernel.kallsyms],cgroup_rstat_updated
1239240.0,3708447,python,[JIT],0x0000e1f8571e3094
1239168.0,3708580,python,[kernel.kallsyms],free_unref_page_commit
1239162.0,3709441,python,[JIT],0x0000f93475199340
1239155.0,3709077,python,[JIT],0x0000f0f377c09030
1239060.0,3709077,python,[JIT],0x0000f0f377c062b8
1238999.0,3709441,python,[kernel.kallsyms],free_unref_page_list
1238945.0,3708447,python,[JIT],0x0000e1f85713e164
1238873.0,3709077,python,[kernel.kallsyms],cgroup_rstat_updated
1238840.0,3709441,python,libc.so.6,malloc
1238709.0,3709077,python,[kernel.kallsyms],__mod_node_page_state
1238652.0,3709270,python,[kernel.kallsyms],free_unref_page_commit
1238338.0,3709270,python,libc.so.6,_int_malloc
1238115.0,3708447,python,[kernel.kallsyms],uncharge_folio
1238068.0,3709270,python,libc.so.6,malloc
1238041.0,3708760,python,[JIT],0x0000fb7688bdd218
1238030.0,3709077,python,[kernel.kallsyms],free_unref_page_commit
1237872.0,3709077,python,[JIT],0x0000f0f377c061fc
1237381.0,3709270,python,[JIT],0x0000eaaffa1f307c
1237265.0,3709441,python,libc.so.6,_int_free
1235803.0,3708760,python,[JIT],0x0000fb7688bde21c
1235292.0,3708580,python,[JIT],0x0000f9c1c7c0b398
1234620.0,3708580,python,[kernel.kallsyms],folio_remove_rmap_ptes
1233148.0,3708760,python,[JIT],0x0000fb7688bde240
1229999.0,3708935,python,[JIT],0x0000e5a3cd71f250
1229276.0,3708935,python,[JIT],0x0000e5a3cd71d1f4
1226534.0,3709441,python,[JIT],0x0000f9347519b17c
1223047.0,3709270,python,[JIT],0x0000eaaffa1f31e0
1222686.0,3709077,python,[JIT],0x0000f0f377c05004
1221312.0,3709077,python,[JIT],0x0000f0f377c031c8
1219439.0,3709270,python,[JIT],0x0000eaaffa1f11a8
1213350.0,3709441,python,[kernel.kallsyms],perf_iterate_ctx
1211894.0,3709077,python,libc.so.6,__memcpy_generic
1199235.0,3709270,python,[JIT],0x0000eaaffa1f31a8
1074061.0,3708935,python,[JIT],0x0000e5a3cd71f450
1007747.0,3709441,python,[JIT],0x0000f934751982a8
1006853.0,3708760,python,[JIT],0x0000fb7688c8119c
999967.0,3708580,python,[JIT],0x0000f9c1c7c0d0b8
998149.0,3709441,python,[JIT],0x0000f9347519a210
996065.0,3708580,python,[JIT],0x0000f9c1c7c0e0b0
993499.0,3709270,python,[kernel.kallsyms],mas_walk
993359.0,3709270,python,[kernel.kallsyms],up_read
993237.0,3708935,python,[kernel.kallsyms],do_anonymous_page
993191.0,3709077,python,[kernel.kallsyms],percpu_counter_add_batch
993100.0,3708760,python,[kernel.kallsyms],alloc_pages_mpol
993098.0,3708580,python,[kernel.kallsyms],handle_pte_fault
993088.0,3709270,python,[kernel.kallsyms],do_mem_abort
993054.0,3708935,python,[kernel.kallsyms],rmqueue
993049.0,3708935,python,[kernel.kallsyms],alloc_anon_folio
993048.0,3708447,python,[kernel.kallsyms],alloc_anon_folio
993045.0,3709077,python,[kernel.kallsyms],__handle_mm_fault
992940.0,3708580,python,[JIT],0x0000f9c1c7c0c268
992932.0,3709441,python,[kernel.kallsyms],do_mem_abort
992913.0,3708580,python,[kernel.kallsyms],blk_cgroup_congested
992903.0,3708580,python,[kernel.kallsyms],lock_vma_under_rcu
992902.0,3708760,python,[JIT],0x0000fb7688c81080
992893.0,3708580,python,[kernel.kallsyms],zone_statistics
992875.0,3708447,python,[kernel.kallsyms],vma_alloc_zeroed_movable_folio
992826.0,3709270,python,libc.so.6,__memcpy_generic
992816.0,3708760,python,[kernel.kallsyms],__alloc_pages
992808.0,3709441,python,[kernel.kallsyms],_raw_spin_trylock
992794.0,3708760,python,[JIT],0x0000fb7688bdd128
992713.0,3709441,python,[JIT],0x0000f9347519720c
992691.0,3708580,python,[JIT],0x0000f9c1c7c0d03c
992690.0,3708447,python,[JIT],0x0000e1f85713e03c
992690.0,3708760,python,libc.so.6,__memset_zva64
992689.0,3709270,python,[kernel.kallsyms],alloc_anon_folio
992676.0,3708760,python,[JIT],0x0000fb7688bde2b4
992664.0,3709441,python,[JIT],0x0000f93475199064
992661.0,3708447,python,[JIT],0x0000e1f8571e2204
992638.0,3709270,python,[JIT],0x0000eaaffa1bf218
992617.0,3709441,python,[JIT],0x0000f9347519a080
992614.0,3708935,python,[kernel.kallsyms],do_translation_fault
992592.0,3709077,python,[kernel.kallsyms],free_swap_cache
992588.0,3708760,python,[kernel.kallsyms],__rcu_read_lock
992586.0,3709441,python,[JIT],0x0000f9347519a204
992573.0,3709270,python,[kernel.kallsyms],__pte_offset_map
992567.0,3708447,python,[JIT],0x0000e1f8571e31b0
992560.0,3708935,python,[JIT],0x0000e5a3cd7c10b8
992552.0,3709441,python,[JIT],0x0000f93475198088
992550.0,3709077,python,[JIT],0x0000f0f377c07040
992544.0,3709441,python,[JIT],0x0000f934751982ac
992543.0,3709077,python,[JIT],0x0000f0f377c07348
992541.0,3708935,python,[JIT],0x0000e5a3cd7c10d4
992537.0,3708447,python,[JIT],0x0000e1f85713f034
992536.0,3709441,python,[JIT],0x0000f934751990a4
992525.0,3709441,python,[JIT],0x0000f934751990cc
992523.0,3708447,python,[JIT],0x0000e1f85713e2c4
992518.0,3708447,python,[JIT],0x0000e1f85713d0c8
992513.0,3708447,python,[JIT],0x0000e1f85713f280
992511.0,3708760,python,[JIT],0x0000fb7688bde3dc
992510.0,3708935,python,[JIT],0x0000e5a3cd7c21c4
992508.0,3708447,python,[JIT],0x0000e1f8571e2038
992504.0,3708935,python,[JIT],0x0000e5a3cd71d0c0
992503.0,3708580,python,[JIT],0x0000f9c1c7c0a0c0
992499.0,3709441,python,[JIT],0x0000f93475196260
992492.0,3708447,python,[JIT],0x0000e1f85713d0c4
992492.0,3708935,python,[JIT],0x0000e5a3cd7c2048
992488.0,3708447,python,[JIT],0x0000e1f8571e3384
992487.0,3708447,python,[JIT],0x0000e1f85713d214
992486.0,3708580,python,[JIT],0x0000f9c1c7c0b05c
992482.0,3709270,python,[kernel.kallsyms],percpu_counter_add_batch
992480.0,3709441,python,[JIT],0x0000f9347519a048
992478.0,3708760,python,[JIT],0x0000fb7688bde174
992473.0,3709441,python,[JIT],0x0000f93475197130
992471.0,3709441,python,[JIT],0x0000f93475196214
992470.0,3708580,python,[JIT],0x0000f9c1c7c0d23c
992469.0,3708447,python,[JIT],0x0000e1f8571e10b4
992468.0,3709441,python,[JIT],0x0000f9347519903c
992467.0,3708447,python,[JIT],0x0000e1f8571e216c
992467.0,3708580,python,[JIT],0x0000f9c1c7c0d2a0
992465.0,3708447,python,[JIT],0x0000e1f85713f214
992463.0,3709441,python,[JIT],0x0000f93475199264
992460.0,3708447,python,[kernel.kallsyms],do_mem_abort
992457.0,3708580,python,[JIT],0x0000f9c1c7c0c240
992452.0,3709441,python,[JIT],0x0000f934751971f0
992452.0,3708760,python,[kernel.kallsyms],mas_walk
992449.0,3709077,python,[JIT],0x0000f0f377c061a8
992448.0,3708580,python,[JIT],0x0000f9c1c7c090c8
992448.0,3708580,python,[JIT],0x0000f9c1c7c0914c
992446.0,3708447,python,[JIT],0x0000e1f8571e3164
992442.0,3708935,python,python,_PyObject_Realloc
992441.0,3708447,python,[JIT],0x0000e1f85713f27c
992441.0,3709441,python,[JIT],0x0000f93475197040
992440.0,3708935,python,[JIT],0x0000e5a3cd71e2a8
992440.0,3708760,python,[JIT],0x0000fb7688bdd1ec
992435.0,3708580,python,[JIT],0x0000f9c1c7c0e008
992434.0,3708760,python,[JIT],0x0000fb7688bdc07c
992431.0,3709441,python,[JIT],0x0000f9347519a0b8
992430.0,3709441,python,[JIT],0x0000f9347519b1dc
992430.0,3708760,python,[JIT],0x0000fb7688c81028
992429.0,3708580,python,[JIT],0x0000f9c1c7c0c0bc
992427.0,3709441,python,[JIT],0x0000f9347519709c
992427.0,3709441,python,[JIT],0x0000f9347519807c
992427.0,3708580,python,[JIT],0x0000f9c1c7c0e030
992427.0,3708760,python,[JIT],0x0000fb7688bde094
992426.0,3708760,python,[JIT],0x0000fb7688c81240
992426.0,3708760,python,[JIT],0x0000fb7688c82184
992425.0,3709441,python,[JIT],0x0000f934751994dc
992424.0,3708935,python,[JIT],0x0000e5a3cd7c20f4
992422.0,3708935,python,[JIT],0x0000e5a3cd71f114
992421.0,3708447,python,[JIT],0x0000e1f8571e30a4
992420.0,3708447,python,[JIT],0x0000e1f8571e223c
992419.0,3708580,python,[JIT],0x0000f9c1c7c0b1c0
992418.0,3709270,python,[JIT],0x0000eaaffa1f40e4
992417.0,3708760,python,[JIT],0x0000fb7688c8133c
992415.0,3708447,python,[JIT],0x0000e1f8571e1154
992410.0,3708447,python,[JIT],0x0000e1f8571e30e8
992410.0,3709441,python,[JIT],0x0000f9347519a168
992410.0,3708760,python,[JIT],0x0000fb7688c821fc
992406.0,3708447,python,[JIT],0x0000e1f85713f094
992406.0,3708447,python,[JIT],0x0000e1f8571e1204
992405.0,3708760,python,[JIT],0x0000fb7688bdd034
992403.0,3708935,python,[JIT],0x0000e5a3cd71f438
992402.0,3708447,python,[JIT],0x0000e1f85713e1c4
992402.0,3708580,python,[JIT],0x0000f9c1c7c0d0c4
992402.0,3708935,python,[JIT],0x0000e5a3cd7c3380
992401.0,3709270,python,[JIT],0x0000eaaffa1f323c
992401.0,3709441,python,[JIT],0x0000f9347519b0e4
992400.0,3708760,python,[JIT],0x0000fb7688bdd210
992399.0,3709441,python,[JIT],0x0000f93475197028
992396.0,3708760,python,[JIT],0x0000fb7688bdd09c
992394.0,3708935,python,[JIT],0x0000e5a3cd7c1084
992393.0,3709441,python,[JIT],0x0000f93475198404
992392.0,3709441,python,[JIT],0x0000f9347519a16c
992392.0,3708580,python,[JIT],0x0000f9c1c7c0e0e4
992392.0,3708580,python,[JIT],0x0000f9c1c7c0e218
992390.0,3708580,python,[JIT],0x0000f9c1c7c0b3c8
992386.0,3708447,python,[JIT],0x0000e1f8571e31d4
992386.0,3708760,python,[JIT],0x0000fb7688c81200
992385.0,3709077,python,[JIT],0x0000f0f377c0523c
992384.0,3708760,python,[JIT],0x0000fb7688bde22c
992383.0,3709441,python,[JIT],0x0000f93475199224
992381.0,3709441,python,[JIT],0x0000f934751991c8
992376.0,3709077,python,[JIT],0x0000f0f377c06004
992376.0,3708580,python,[JIT],0x0000f9c1c7c0d080
992376.0,3708935,python,[JIT],0x0000e5a3cd71f1f8
992375.0,3708447,python,[JIT],0x0000e1f85713f3bc
992374.0,3708447,python,[JIT],0x0000e1f85713e130
992373.0,3708760,python,[JIT],0x0000fb7688bde214
992371.0,3708760,python,[JIT],0x0000fb7688bdc100
992370.0,3709441,python,[JIT],0x0000f93475197074
992368.0,3708935,python,[JIT],0x0000e5a3cd71f238
992368.0,3708760,python,[JIT],0x0000fb7688bde280
992366.0,3708580,python,[JIT],0x0000f9c1c7c0c12c
992364.0,3709077,python,[JIT],0x0000f0f377c060a0
992364.0,3708447,python,[JIT],0x0000e1f85713f03c
992364.0,3709441,python,[JIT],0x0000f93475197220
992363.0,3708935,python,[JIT],0x0000e5a3cd71e16c
992361.0,3709270,python,[JIT],0x0000eaaffa1f20a0
992361.0,3709441,python,[JIT],0x0000f9347519a1c8
992359.0,3708760,python,[JIT],0x0000fb7688c81174
992358.0,3708935,python,[JIT],0x0000e5a3cd71e228
992357.0,3709077,python,[JIT],0x0000f0f377c0510c
992357.0,3708760,python,[JIT],0x0000fb7688bdf264
992356.0,3709441,python,[JIT],0x0000f9347519b268
992355.0,3708580,python,[JIT],0x0000f9c1c7c090d8
992354.0,3708580,python,[JIT],0x0000f9c1c7c0d1a8
992352.0,3708760,python,[JIT],0x0000fb7688bdf17c
992351.0,3709441,python,[JIT],0x0000f9347519b384
992350.0,3709441,python,[JIT],0x0000f93475196084
992350.0,3708935,python,[JIT],0x0000e5a3cd71e1f8
992348.0,3708935,python,[JIT],0x0000e5a3cd71f088
992347.0,3708580,python,[JIT],0x0000f9c1c7c0e070
992345.0,3708935,python,[JIT],0x0000e5a3cd71e2ac
992345.0,3708935,python,[JIT],0x0000e5a3cd71f254
992341.0,3709270,python,[JIT],0x0000eaaffa1f1164
992340.0,3709077,python,[JIT],0x0000f0f377c070c4
992340.0,3708935,python,[JIT],0x0000e5a3cd7c3218
992338.0,3708580,python,[JIT],0x0000f9c1c7c0c1fc
992337.0,3709441,python,[JIT],0x0000f9347519a214
992337.0,3708935,python,[JIT],0x0000e5a3cd71f2c8
992336.0,3708447,python,[JIT],0x0000e1f85713e044
992336.0,3708447,python,[JIT],0x0000e1f85713f22c
992336.0,3708760,python,[JIT],0x0000fb7688c820c4
992334.0,3709077,python,[JIT],0x0000f0f377c0809c
992333.0,3708580,python,[JIT],0x0000f9c1c7c0d2ec
992332.0,3708935,python,[JIT],0x0000e5a3cd7c133c
992331.0,3708580,python,[JIT],0x0000f9c1c7c0e0d8
992329.0,3708447,python,[JIT],0x0000e1f85713e158
992329.0,3709441,python,[JIT],0x0000f93475198430
992329.0,3708580,python,[JIT],0x0000f9c1c7c0d07c
992328.0,3708447,python,[JIT],0x0000e1f85713f2b8
992328.0,3708935,python,libc.so.6,unlink_chunk.isra.0
992327.0,3708580,python,[JIT],0x0000f9c1c7c0b27c
992324.0,3708760,python,[JIT],0x0000fb7688bde000
992320.0,3708760,python,[JIT],0x0000fb7688bde350
992319.0,3708447,python,[JIT],0x0000e1f8571e34cc
992316.0,3709441,python,[JIT],0x0000f9347519922c
992315.0,3708447,python,[JIT],0x0000e1f8571e11e0
992314.0,3709441,python,[JIT],0x0000f934751970ac
992312.0,3708580,python,[kernel.kallsyms],vma_alloc_folio
992311.0,3708935,python,[JIT],0x0000e5a3cd7c105c
992310.0,3708580,python,[JIT],0x0000f9c1c7c0b1f4
992310.0,3708760,python,[JIT],0x0000fb7688c8113c
992309.0,3709441,python,[JIT],0x0000f934751960e8
992309.0,3708760,python,[JIT],0x0000fb7688bde2b0
992309.0,3708760,python,[JIT],0x0000fb7688c82374
992306.0,3709441,python,[JIT],0x0000f934751971d4
992303.0,3709077,python,python,PySequence_Fast
992302.0,3708760,python,[JIT],0x0000fb7688c82064
992301.0,3709077,python,[JIT],0x0000f0f377c061e4
992301.0,3708760,python,[JIT],0x0000fb7688bde404
992298.0,3708760,python,[JIT],0x0000fb7688bdd11c
992297.0,3709077,python,[JIT],0x0000f0f377c080a8
992296.0,3708447,python,[JIT],0x0000e1f8571e2250
992293.0,3708447,python,[JIT],0x0000e1f8571e3078
992293.0,3709441,python,[kernel.kallsyms],set_ptes.isra.0
992291.0,3708935,python,[JIT],0x0000e5a3cd7c3068
992291.0,3708760,python,[JIT],0x0000fb7688bdd1f8
992290.0,3709441,python,[JIT],0x0000f934751990d4
992290.0,3708580,python,[JIT],0x0000f9c1c7c0a404
992289.0,3709441,python,[JIT],0x0000f93475199204
992289.0,3708760,python,[JIT],0x0000fb7688bde1c0
992288.0,3709441,python,[JIT],0x0000f93475198028
992288.0,3708580,python,[JIT],0x0000f9c1c7c090e8
992287.0,3709441,python,[JIT],0x0000f934751950d4
992287.0,3709441,python,[JIT],0x0000f9347519a33c
992287.0,3708580,python,[JIT],0x0000f9c1c7c0d164
992287.0,3708935,python,[JIT],0x0000e5a3cd7c2250
992286.0,3709441,python,[JIT],0x0000f93475198080
992286.0,3708580,python,[JIT],0x0000f9c1c7c0a228
992286.0,3708935,python,[JIT],0x0000e5a3cd7c31d4
992285.0,3708935,python,[JIT],0x0000e5a3cd7c11a0
992283.0,3709270,python,[kernel.kallsyms],blk_cgroup_congested
992283.0,3708935,python,[JIT],0x0000e5a3cd71f428
992282.0,3709077,python,[JIT],0x0000f0f377c07240
992280.0,3708760,python,[JIT],0x0000fb7688bde248
992278.0,3708447,python,[kernel.kallsyms],free_unref_page_list
992278.0,3708447,python,[JIT],0x0000e1f8571e3004
992275.0,3709441,python,[JIT],0x0000f93475198408
992274.0,3708760,python,[JIT],0x0000fb7688bde20c
992273.0,3709441,python,[JIT],0x0000f9347519a1b8
992272.0,3708580,python,[JIT],0x0000f9c1c7c0a070
992272.0,3708580,python,[JIT],0x0000f9c1c7c0c1a8
992271.0,3708580,python,[JIT],0x0000f9c1c7c0d008
992269.0,3709077,python,[JIT],0x0000f0f377c08210
992269.0,3709441,python,[JIT],0x0000f93475198214
992266.0,3708580,python,[JIT],0x0000f9c1c7c0e094
992265.0,3708760,python,[JIT],0x0000fb7688bde36c
992263.0,3708447,python,[JIT],0x0000e1f85713d004
992262.0,3709077,python,[JIT],0x0000f0f377c05094
992258.0,3709077,python,[JIT],0x0000f0f377c0639c
992256.0,3708580,python,[JIT],0x0000f9c1c7c09148
992256.0,3708580,python,[JIT],0x0000f9c1c7c0c1d0
992256.0,3708935,python,[JIT],0x0000e5a3cd71f108
992254.0,3708447,python,[JIT],0x0000e1f85713f1e4
992251.0,3709077,python,[JIT],0x0000f0f377c061b4
992251.0,3708580,python,[JIT],0x0000f9c1c7c0e1b4
992250.0,3709270,python,[JIT],0x0000eaaffa1bf008
992249.0,3708935,python,[JIT],0x0000e5a3cd71d150
992248.0,3708935,python,[JIT],0x0000e5a3cd71d084
992247.0,3708580,python,[JIT],0x0000f9c1c7c0b354
992247.0,3708760,python,[kernel.kallsyms],folio_add_new_anon_rmap
992245.0,3708447,python,[JIT],0x0000e1f8571e10e4
992244.0,3708760,python,[JIT],0x0000fb7688c812ec
992243.0,3709441,python,[JIT],0x0000f9347519711c
992242.0,3708935,python,[JIT],0x0000e5a3cd71f0d8
992240.0,3708935,python,[JIT],0x0000e5a3cd7c2004
992240.0,3708760,python,[JIT],0x0000fb7688bdd410
992240.0,3708760,python,[JIT],0x0000fb7688c810b4
992239.0,3708760,python,[JIT],0x0000fb7688bdf228
992238.0,3708580,python,[JIT],0x0000f9c1c7c0a128
992238.0,3708935,python,[JIT],0x0000e5a3cd7c205c
992236.0,3708447,python,[JIT],0x0000e1f85713e2bc
992233.0,3708760,python,[JIT],0x0000fb7688c812cc
992232.0,3708935,python,[JIT],0x0000e5a3cd71f27c
992232.0,3708760,python,[JIT],0x0000fb7688bdd0e4
992231.0,3709077,python,[JIT],0x0000f0f377c050e4
992231.0,3708447,python,[JIT],0x0000e1f8571e10d8
992231.0,3709441,python,[JIT],0x0000f934751980a8
992229.0,3709077,python,[JIT],0x0000f0f377c04240
992229.0,3709077,python,[JIT],0x0000f0f377c063f8
992229.0,3708760,python,python,PyIter_Next
992228.0,3708760,python,[JIT],0x0000fb7688c82068
992222.0,3709270,python,[kernel.kallsyms],__pte_offset_map_lock
992218.0,3708447,python,[JIT],0x0000e1f85713e04c
992218.0,3709077,python,[JIT],0x0000f0f377c09090
992217.0,3708447,python,[JIT],0x0000e1f85713f1f4
992217.0,3709441,python,[JIT],0x0000f93475198208
992215.0,3709077,python,[JIT],0x0000f0f377c09240
992214.0,3708935,python,[JIT],0x0000e5a3cd71f26c
992213.0,3708760,python,[JIT],0x0000fb7688bdc214
992212.0,3709270,python,[JIT],0x0000eaaffa1f2038
992212.0,3709270,python,[JIT],0x0000eaaffa1be07c
992209.0,3709077,python,[JIT],0x0000f0f377c060c8
992207.0,3709441,python,[JIT],0x0000f93475198078
992207.0,3708760,python,[JIT],0x0000fb7688bdf224
992206.0,3708447,python,[JIT],0x0000e1f8571e30ec
992205.0,3708447,python,[JIT],0x0000e1f8571e34c8
992203.0,3708447,python,[JIT],0x0000e1f85713e404
992199.0,3709077,python,[JIT],0x0000f0f377c06028
992198.0,3708580,python,[JIT],0x0000f9c1c7c0d2fc
992196.0,3708935,python,[JIT],0x0000e5a3cd71f290
992195.0,3709077,python,[JIT],0x0000f0f377c070e0
992194.0,3709441,python,[JIT],0x0000f934751972a8
992193.0,3708580,python,[JIT],0x0000f9c1c7c0a098
992191.0,3709077,python,[JIT],0x0000f0f377c081e0
992190.0,3708760,python,[JIT],0x0000fb7688c8107c
992189.0,3709270,python,[JIT],0x0000eaaffa1f10bc
992189.0,3708447,python,[JIT],0x0000e1f8571e1270
992189.0,3708935,python,[JIT],0x0000e5a3cd7c11bc
992189.0,3708760,python,[kernel.kallsyms],_find_next_bit
992181.0,3709077,python,[JIT],0x0000f0f377c081b8
992180.0,3708447,python,[JIT],0x0000e1f85713e1ac
992180.0,3708447,python,[JIT],0x0000e1f85713f074
992179.0,3708580,python,[JIT],0x0000f9c1c7c0b220
992178.0,3709077,python,[JIT],0x0000f0f377c070d8
992176.0,3708447,python,[JIT],0x0000e1f85713f0a0
992175.0,3709441,python,[kernel.kallsyms],do_translation_fault
992175.0,3709441,python,[JIT],0x0000f934751991a0
992172.0,3709441,python,[JIT],0x0000f934751994e0
992171.0,3709270,python,[JIT],0x0000eaaffa1f437c
992171.0,3708580,python,[JIT],0x0000f9c1c7c0b404
992169.0,3708580,python,[JIT],0x0000f9c1c7c0e384
992167.0,3709441,python,[JIT],0x0000f9347519b378
992163.0,3708935,python,[JIT],0x0000e5a3cd7c20a8
992162.0,3709077,python,[JIT],0x0000f0f377c05420
992162.0,3708760,python,[JIT],0x0000fb7688c810cc
992160.0,3708447,python,[JIT],0x0000e1f85713e214
992160.0,3708760,python,[JIT],0x0000fb7688bdd0fc
992157.0,3708760,python,[JIT],0x0000fb7688bdf0b0
992155.0,3709441,python,[JIT],0x0000f9347519a254
992154.0,3708447,python,[JIT],0x0000e1f8571e1244
992154.0,3709441,python,[JIT],0x0000f93475198198
992151.0,3709077,python,[JIT],0x0000f0f377c074a0
992149.0,3708760,python,[JIT],0x0000fb7688bdc09c
992146.0,3709077,python,[JIT],0x0000f0f377c063d8
992146.0,3709270,python,[JIT],0x0000eaaffa1f1280
992145.0,3709077,python,[JIT],0x0000f0f377c0807c
992145.0,3709441,python,[JIT],0x0000f934751981e4
992145.0,3708580,python,[JIT],0x0000f9c1c7c0b1e4
992142.0,3709441,python,[JIT],0x0000f93475199210
992142.0,3708580,python,[JIT],0x0000f9c1c7c0b350
992141.0,3709077,python,[JIT],0x0000f0f377c0624c
992140.0,3709270,python,[JIT],0x0000eaaffa1f4540
992139.0,3709270,python,[JIT],0x0000eaaffa1f2028
992139.0,3709270,python,[JIT],0x0000eaaffa1f2204
992138.0,3709270,python,[JIT],0x0000eaaffa1f31c4
992136.0,3708760,python,[JIT],0x0000fb7688bdd20c
992135.0,3709441,python,[JIT],0x0000f934751988c8
992134.0,3709441,python,[JIT],0x0000f93475198074
992134.0,3709441,python,[JIT],0x0000f9347519a06c
992133.0,3708760,python,[JIT],0x0000fb7688bde2b8
992132.0,3708760,python,[JIT],0x0000fb7688c812fc
992131.0,3708580,python,[JIT],0x0000f9c1c7c0b464
992131.0,3708760,python,[JIT],0x0000fb7688bdd214
992125.0,3709270,python,[JIT],0x0000eaaffa1f21ec
992124.0,3709270,python,[JIT],0x0000eaaffa1bf2a0
992124.0,3708580,python,[JIT],0x0000f9c1c7c0c0e8
992123.0,3708580,python,[JIT],0x0000f9c1c7c0b2bc
992121.0,3709270,python,[JIT],0x0000eaaffa1be148
992121.0,3708580,python,[JIT],0x0000f9c1c7c091b4
992119.0,3708580,python,[JIT],0x0000f9c1c7c0a054
992118.0,3708447,python,[JIT],0x0000e1f85713e15c
992118.0,3708580,python,[JIT],0x0000f9c1c7c0a1e8
992117.0,3708580,python,[JIT],0x0000f9c1c7c0b07c
992117.0,3708580,python,[JIT],0x0000f9c1c7c0c204
992114.0,3708935,python,[JIT],0x0000e5a3cd71f3a8
992113.0,3709270,python,[JIT],0x0000eaaffa1f32a0
992112.0,3709077,python,[JIT],0x0000f0f377c05188
992112.0,3709077,python,[JIT],0x0000f0f377c08070
992111.0,3708935,python,[JIT],0x0000e5a3cd7c1170
992109.0,3708580,python,[JIT],0x0000f9c1c7c0c17c
992107.0,3709441,python,[JIT],0x0000f9347519b1c4
992104.0,3709077,python,python,_PyObject_GC_Link
992100.0,3709441,python,[JIT],0x0000f9347519a138
992099.0,3708760,python,[JIT],0x0000fb7688bde94c
992098.0,3709077,python,[JIT],0x0000f0f377c07238
992098.0,3708935,python,[JIT],0x0000e5a3cd71f03c
992098.0,3708760,python,[JIT],0x0000fb7688bdf060
992097.0,3709270,python,[JIT],0x0000eaaffa1f3228
992095.0,3709077,python,[JIT],0x0000f0f377c05250
992094.0,3708935,python,[JIT],0x0000e5a3cd7c3094
992093.0,3709270,python,[JIT],0x0000eaaffa1f3204
992093.0,3708760,python,[JIT],0x0000fb7688bdf070
992092.0,3709077,python,[JIT],0x0000f0f377c07078
992092.0,3708447,python,[JIT],0x0000e1f8571e2300
992092.0,3709441,python,[JIT],0x0000f9347519628c
992091.0,3709270,python,[JIT],0x0000eaaffa1f2030
992091.0,3708580,python,[JIT],0x0000f9c1c7c0a160
992090.0,3708935,python,[JIT],0x0000e5a3cd71f3b8
992088.0,3708447,python,[JIT],0x0000e1f85713f004
992083.0,3708580,python,[JIT],0x0000f9c1c7c0c150
992082.0,3709077,python,[JIT],0x0000f0f377c07224
992081.0,3709270,python,[JIT],0x0000eaaffa1f139c
992080.0,3709270,python,[JIT],0x0000eaaffa1f13d8
992079.0,3709270,python,[JIT],0x0000eaaff9eff1c8
992077.0,3708935,python,[JIT],0x0000e5a3cd71e124
992076.0,3709270,python,[JIT],0x0000eaaffa1f30b8
992074.0,3708447,python,[JIT],0x0000e1f85713f38c
992073.0,3709077,python,[JIT],0x0000f0f377c0516c
992071.0,3709077,python,[JIT],0x0000f0f377c060ac
992069.0,3708935,python,[JIT],0x0000e5a3cd71e1ac
992068.0,3708580,python,[JIT],0x0000f9c1c7c0b21c
992066.0,3708580,python,[JIT],0x0000f9c1c7c0e1d8
992065.0,3709077,python,[JIT],0x0000f0f377c07204
992065.0,3709077,python,[JIT],0x0000f0f377c091a0
992064.0,3709077,python,[JIT],0x0000f0f377c05124
992063.0,3709270,python,[JIT],0x0000eaaffa1be0c0
992061.0,3709270,python,[JIT],0x0000eaaffa1bf000
992061.0,3709270,python,[JIT],0x0000eaaffa1f31cc
992059.0,3708935,python,[JIT],0x0000e5a3cd7c22ec
992059.0,3708760,python,[JIT],0x0000fb7688bdd124
992058.0,3709077,python,[JIT],0x0000f0f377c082dc
992057.0,3709270,python,[JIT],0x0000eaaffa1bf0d8
992054.0,3709077,python,[JIT],0x0000f0f377c060bc
992051.0,3708447,python,[JIT],0x0000e1f8571e1248
992051.0,3708760,python,[JIT],0x0000fb7688c82264
992049.0,3708935,python,[JIT],0x0000e5a3cd7c1244
992047.0,3708760,python,[JIT],0x0000fb7688bdf220
992046.0,3708580,python,[JIT],0x0000f9c1c7c0d0a4
992046.0,3708935,python,[JIT],0x0000e5a3cd71f004
992045.0,3708760,python,[JIT],0x0000fb7688bdd008
992044.0,3708935,python,[JIT],0x0000e5a3cd71f240
992043.0,3709270,python,[JIT],0x0000eaaffa1f128c
992043.0,3708935,python,[JIT],0x0000e5a3cd71d1cc
992038.0,3709077,python,[JIT],0x0000f0f377c0504c
992037.0,3709270,python,[JIT],0x0000eaaffa1f30f4
992037.0,3708935,python,[JIT],0x0000e5a3cd71d0e4
992037.0,3708760,python,[JIT],0x0000fb7688bde3bc
992036.0,3709441,python,[JIT],0x0000f9347519a23c
992036.0,3708760,python,[JIT],0x0000fb7688bdf13c
992031.0,3708580,python,[JIT],0x0000f9c1c7c0a234
992029.0,3709270,python,[JIT],0x0000eaaffa1f315c
992027.0,3709077,python,[JIT],0x0000f0f377c06228
992026.0,3709270,python,[JIT],0x0000eaaffa1f30d8
992024.0,3708760,python,[JIT],0x0000fb7688bdf348
992023.0,3709270,python,[JIT],0x0000eaaffa1f1474
992021.0,3709270,python,[JIT],0x0000eaaffa1f1220
992021.0,3709441,python,[JIT],0x0000f9347519b0e8
992021.0,3708760,python,[JIT],0x0000fb7688c811c8
992018.0,3708580,python,[JIT],0x0000f9c1c7c0c208
992016.0,3709077,python,[JIT],0x0000f0f377c09224
992015.0,3709270,python,[JIT],0x0000eaaffa1f12a8
992015.0,3708935,python,[JIT],0x0000e5a3cd7c21a8
992012.0,3709077,python,[JIT],0x0000f0f377c0823c
992011.0,3709077,python,[JIT],0x0000f0f377c06230
992009.0,3708935,python,[JIT],0x0000e5a3cd7c3544
992008.0,3708935,python,[JIT],0x0000e5a3cd71f270
992005.0,3708760,python,[JIT],0x0000fb7688bdc02c
992004.0,3709270,python,[kernel.kallsyms],uncharge_folio
991999.0,3709270,python,[JIT],0x0000eaaffa1f2140
991999.0,3709270,python,[JIT],0x0000eaaffa1be1cc
991997.0,3709270,python,[JIT],0x0000eaaffa1f30a4
991993.0,3709270,python,python,PyObject_GC_UnTrack
991993.0,3709270,python,[JIT],0x0000eaaffa1f207c
991992.0,3708760,python,[kernel.kallsyms],perf_iterate_ctx
991991.0,3708447,python,[JIT],0x0000e1f85713f078
991991.0,3708760,python,[JIT],0x0000fb7688c82204
991988.0,3709270,python,[JIT],0x0000eaaffa1f1458
991987.0,3708580,python,[JIT],0x0000f9c1c7c0b2b8
991985.0,3708760,python,[JIT],0x0000fb7688c81100
991984.0,3708447,python,[JIT],0x0000e1f8571e120c
991984.0,3708580,python,[JIT],0x0000f9c1c7c0c4a0
991979.0,3709270,python,[JIT],0x0000eaaffa1f332c
991972.0,3709270,python,[JIT],0x0000eaaffa1f40a8
991969.0,3709077,python,[JIT],0x0000f0f377c0719c
991968.0,3709077,python,[JIT],0x0000f0f377c091ec
991968.0,3708760,python,[JIT],0x0000fb7688bdf028
991967.0,3708580,python,[JIT],0x0000f9c1c7c0b3bc
991961.0,3708935,python,[JIT],0x0000e5a3cd7c1214
991959.0,3709077,python,[JIT],0x0000f0f377c06288
991959.0,3709270,python,[JIT],0x0000eaaffa1f20bc
991957.0,3709270,python,[JIT],0x0000eaaffa1f3210
991953.0,3708580,python,[JIT],0x0000f9c1c7c0a038
991951.0,3709270,python,[JIT],0x0000eaaffa1f13c8
991949.0,3708760,python,[JIT],0x0000fb7688bde004
991949.0,3708760,python,[JIT],0x0000fb7688c8212c
991947.0,3708447,python,[JIT],0x0000e1f8571e3204
991946.0,3709077,python,[JIT],0x0000f0f377c07494
991944.0,3708935,python,[JIT],0x0000e5a3cd71f2cc
991942.0,3709270,python,[JIT],0x0000eaaffa1f306c
991941.0,3709441,python,[kernel.kallsyms],free_unref_page_commit
991940.0,3709441,python,[JIT],0x0000f9347519b174
991938.0,3708760,python,[JIT],0x0000fb7688bdf1dc
991938.0,3708760,python,[JIT],0x0000fb7688c81140
991934.0,3709270,python,[JIT],0x0000eaaffa1f2494
991934.0,3708580,python,[JIT],0x0000f9c1c7c0e1ac
991932.0,3709270,python,[JIT],0x0000eaaffa1f30cc
991932.0,3709270,python,[JIT],0x0000eaaffa1f4170
991930.0,3708580,python,[JIT],0x0000f9c1c7c0d228
991930.0,3708580,python,[JIT],0x0000f9c1c7c0c0ac
991928.0,3708760,python,[JIT],0x0000fb7688c8219c
991919.0,3709270,python,[JIT],0x0000eaaffa1f1290
991917.0,3709077,python,[JIT],0x0000f0f377c0708c
991915.0,3708760,python,[JIT],0x0000fb7688bdf21c
991911.0,3709270,python,[JIT],0x0000eaaffa1f2094
991910.0,3709270,python,[JIT],0x0000eaaffa1f1398
991909.0,3709077,python,[JIT],0x0000f0f377c05044
991908.0,3708935,python,[JIT],0x0000e5a3cd71f2b0
991905.0,3709077,python,[JIT],0x0000f0f377c06248
991904.0,3709270,python,[JIT],0x0000eaaffa1f2060
991903.0,3709077,python,[JIT],0x0000f0f377c06000
991903.0,3709270,python,[JIT],0x0000eaaffa1bf23c
991898.0,3709270,python,[JIT],0x0000eaaffa1f32f0
991895.0,3709270,python,[JIT],0x0000eaaffa1f2210
991893.0,3709077,python,[JIT],0x0000f0f377c08250
991891.0,3709441,python,[JIT],0x0000f9347519826c
991890.0,3709270,python,[JIT],0x0000eaaffa1bf14c
991888.0,3709270,python,[JIT],0x0000eaaffa1f2080
991886.0,3709270,python,[JIT],0x0000eaaffa1f194c
991883.0,3708580,python,[JIT],0x0000f9c1c7c0d1b8
991881.0,3709270,python,[JIT],0x0000eaaffa1f217c
991878.0,3708935,python,[JIT],0x0000e5a3cd7c20e4
991878.0,3708760,python,[JIT],0x0000fb7688bdf0d0
991861.0,3708580,python,[JIT],0x0000f9c1c7c0e0d4
991860.0,3709077,python,[JIT],0x0000f0f377c052bc
991858.0,3709270,python,[JIT],0x0000eaaffa1f21f0
991856.0,3709077,python,[kernel.kallsyms],uncharge_folio
991853.0,3709270,python,[JIT],0x0000eaaffa1f2070
991853.0,3708760,python,[JIT],0x0000fb7688bdd040
991852.0,3709270,python,[JIT],0x0000eaaffa1f41b8
991852.0,3709441,python,[JIT],0x0000f934751970a4
991845.0,3709077,python,[JIT],0x0000f0f377c094cc
991837.0,3709270,python,[JIT],0x0000eaaffa1bf03c
991831.0,3709270,python,[JIT],0x0000eaaffa1f3038
991829.0,3709270,python,[JIT],0x0000eaaffa1be28c
991824.0,3709270,python,[JIT],0x0000eaaffa1f31ac
991821.0,3709270,python,[JIT],0x0000eaaffa1f10d8
991814.0,3708760,python,[JIT],0x0000fb7688bdf074
991810.0,3708580,python,[JIT],0x0000f9c1c7c0d0f4
991794.0,3709270,python,[JIT],0x0000eaaffa1f12bc
991791.0,3709077,python,[JIT],0x0000f0f377c06290
991784.0,3709077,python,[JIT],0x0000f0f377c0715c
991781.0,3709077,python,[JIT],0x0000f0f377c04150
991773.0,3709077,python,[JIT],0x0000f0f377c09210
991771.0,3709270,python,[JIT],0x0000eaaffa1f21fc
991761.0,3709270,python,[JIT],0x0000eaaffa1f4068
991761.0,3709441,python,[JIT],0x0000f9347519a308
991759.0,3709270,python,[JIT],0x0000eaaffa1f3080
991756.0,3709270,python,[JIT],0x0000eaaffa1f32ec
991744.0,3709077,python,[JIT],0x0000f0f377c070c0
991742.0,3708760,python,[JIT],0x0000fb7688bdd070
991735.0,3708760,python,[JIT],0x0000fb7688bde0b0
991730.0,3709270,python,python,setitem_take2_lock_held
991729.0,3708935,python,[JIT],0x0000e5a3cd71d304
991698.0,3708580,python,libc.so.6,_int_free
991682.0,3709077,python,[JIT],0x0000f0f377c0702c
991679.0,3709270,python,[JIT],0x0000eaaffa1f107c
991664.0,3709077,python,[kernel.kallsyms],perf_iterate_ctx
991655.0,3709077,python,[kernel.kallsyms],perf_iterate_ctx
991648.0,3709270,python,[JIT],0x0000eaaffa1f1084
991640.0,3709270,python,[JIT],0x0000eaaffa1f2084
991611.0,3709270,python,[JIT],0x0000eaaffa1f21ac
991581.0,3709270,python,[JIT],0x0000eaaffa1f102c
991568.0,3709270,python,[JIT],0x0000eaaffa1f4210
991557.0,3708580,python,[kernel.kallsyms],perf_iterate_ctx
991517.0,3709077,python,[JIT],0x0000f0f377c052ac
991488.0,3709270,python,[JIT],0x0000eaaffa1bf2c4
991484.0,3709270,python,[JIT],0x0000eaaffa1f3290
991467.0,3709077,python,[JIT],0x0000f0f377c062b0
991447.0,3709077,python,[JIT],0x0000f0f377c08030
991382.0,3709270,python,[JIT],0x0000eaaffa1bf0c0
991371.0,3708447,python,[JIT],0x0000e1f85713f2ac
991341.0,3709270,python,[JIT],0x0000eaaffa1f41a4
991299.0,3709077,python,[kernel.kallsyms],get_pfnblock_flags_mask
991265.0,3709270,python,[JIT],0x0000eaaffa1bf124
991157.0,3709441,python,[JIT],0x0000f9347519b0c8
991155.0,3709441,python,[JIT],0x0000f93475197100
991069.0,3709441,python,[kernel.kallsyms],__tlb_remove_page_size
991057.0,3709077,python,[kernel.kallsyms],free_unref_page_list
991044.0,3708447,python,[kernel.kallsyms],handle_softirqs
991029.0,3708935,python,libc.so.6,__memcpy_generic
990838.0,3708580,python,python,deque_extend_impl
990788.0,3708447,python,[JIT],0x0000e1f8571e10a4
990787.0,3708580,python,[kernel.kallsyms],handle_softirqs
990762.0,3709441,python,[kernel.kallsyms],__mod_lruvec_state
990625.0,3709270,python,libc.so.6,unlink_chunk.isra.0
990614.0,3708935,python,[kernel.kallsyms],__mem_cgroup_charge
990568.0,3708580,python,[JIT],0x0000f9c1c7c0d300
990416.0,3709270,python,[JIT],0x0000eaaffa1bf2bc
990376.0,3708580,python,[kernel.kallsyms],free_unref_page_list
990219.0,3708935,python,libc.so.6,_int_free_merge_chunk
990207.0,3709441,python,[JIT],0x0000f93475199034
990203.0,3708447,python,libc.so.6,_int_free
990195.0,3709270,python,[JIT],0x0000eaaffa1f2188
990152.0,3708760,python,[JIT],0x0000fb7688bdf03c
990082.0,3709077,python,[JIT],0x0000f0f377c09008
990056.0,3709441,python,[JIT],0x0000f9347519b1cc
989984.0,3708580,python,[kernel.kallsyms],__mod_node_page_state
989945.0,3708580,python,libc.so.6,_int_free_merge_chunk
989462.0,3709441,python,[JIT],0x0000f9347519a200
989444.0,3708935,python,[JIT],0x0000e5a3cd7c30bc
989127.0,3708760,python,[JIT],0x0000fb7688c820c8
988704.0,3708447,python,[JIT],0x0000e1f8571e2200
987925.0,3708580,python,[JIT],0x0000f9c1c7c0a124
987406.0,3708935,python,[JIT],0x0000e5a3cd71f05c
987104.0,3708580,python,[JIT],0x0000f9c1c7c0c05c
984382.0,3709270,python,[JIT],0x0000eaaffa1bf404
977891.0,3709077,python,[JIT],0x0000f0f377c09248
974752.0,3708760,python,[JIT],0x0000fb7688c81138
974048.0,3708580,python,[JIT],0x0000f9c1c7c0a400
968293.0,3708447,python,[JIT],0x0000e1f8571e21f4
965350.0,3709441,python,[JIT],0x0000f934751990c0
962589.0,3708760,python,[JIT],0x0000fb7688bdc0d8
755596.0,3708580,python,[JIT],0x0000f9c1c7c0d290
753796.0,3708760,python,[JIT],0x0000fb7688bdd1bc
747830.0,3708935,python,[JIT],0x0000e5a3cd71e05c
745164.0,3708760,python,[kernel.kallsyms],post_alloc_hook
745070.0,3708447,python,[kernel.kallsyms],get_vma_policy
745034.0,3708580,python,[kernel.kallsyms],mem_cgroup_commit_charge
745011.0,3708935,python,[kernel.kallsyms],zone_statistics
745005.0,3709077,python,[kernel.kallsyms],policy_nodemask
744985.0,3708760,python,[kernel.kallsyms],folio_add_lru
744984.0,3708935,python,[kernel.kallsyms],handle_pte_fault
744924.0,3709441,python,[kernel.kallsyms],pte_offset_map_nolock
744892.0,3708580,python,[kernel.kallsyms],memset
744890.0,3708447,python,[kernel.kallsyms],do_translation_fault
744846.0,3708935,python,[kernel.kallsyms],__mod_lruvec_state
744839.0,3709441,python,[kernel.kallsyms],get_vma_policy
744804.0,3708760,python,[kernel.kallsyms],handle_mm_fault
744802.0,3708760,python,[JIT],0x0000fb7688c81340
744791.0,3708447,python,[kernel.kallsyms],folio_add_lru_vma
744754.0,3709441,python,[kernel.kallsyms],alloc_pages_mpol
744751.0,3708580,python,[kernel.kallsyms],_raw_spin_lock
744745.0,3708580,python,[kernel.kallsyms],alloc_anon_folio
744743.0,3708760,python,[kernel.kallsyms],do_mem_abort
744733.0,3709077,python,[kernel.kallsyms],handle_mm_fault
744730.0,3708580,python,[kernel.kallsyms],do_mem_abort
744727.0,3709077,python,[kernel.kallsyms],do_mem_abort
744709.0,3709077,python,[kernel.kallsyms],__lruvec_stat_mod_folio
744690.0,3708580,python,[kernel.kallsyms],folio_prep_large_rmappable
744649.0,3709441,python,[kernel.kallsyms],zone_statistics
744603.0,3708760,python,[kernel.kallsyms],vma_alloc_folio
744597.0,3708935,python,[JIT],0x0000e5a3cd7c1204
744591.0,3708760,python,[kernel.kallsyms],get_vma_policy
744570.0,3708580,python,[JIT],0x0000f9c1c7c091f4
744567.0,3708447,python,[JIT],0x0000e1f8571e31a4
744557.0,3708447,python,[kernel.kallsyms],__mem_cgroup_charge
744552.0,3708447,python,[kernel.kallsyms],vma_alloc_folio
744539.0,3709441,python,[JIT],0x0000f93475198438
744530.0,3708935,python,[JIT],0x0000e5a3cd71f2a8
744528.0,3708760,python,[kernel.kallsyms],__folio_throttle_swaprate
744526.0,3708447,python,[JIT],0x0000e1f85713f178
744519.0,3709077,python,[kernel.kallsyms],__rmqueue_pcplist
744515.0,3708935,python,[JIT],0x0000e5a3cd71e008
744514.0,3708447,python,[kernel.kallsyms],pte_offset_map_nolock
744507.0,3708935,python,[JIT],0x0000e5a3cd71f0a8
744503.0,3708447,python,[JIT],0x0000e1f85713f250
744500.0,3708580,python,[JIT],0x0000f9c1c7c0d204
744499.0,3708580,python,[JIT],0x0000f9c1c7c0d250
744492.0,3708935,python,[JIT],0x0000e5a3cd7c1008
744477.0,3708760,python,[JIT],0x0000fb7688bdf068
744467.0,3709077,python,python,_PyObject_Realloc
744467.0,3708760,python,[kernel.kallsyms],percpu_counter_add_batch
744467.0,3708760,python,[JIT],0x0000fb7688bdc044
744466.0,3708760,python,[JIT],0x0000fb7688c82040
744464.0,3709077,python,[JIT],0x0000f0f377c09234
744464.0,3708580,python,[JIT],0x0000f9c1c7c0e040
744462.0,3708760,python,[JIT],0x0000fb7688bde210
744457.0,3708935,python,[kernel.kallsyms],post_alloc_hook
744452.0,3709441,python,[JIT],0x0000f934751971f8
744452.0,3708935,python,[JIT],0x0000e5a3cd71d254
744442.0,3708580,python,[JIT],0x0000f9c1c7c0c180
744430.0,3709441,python,[JIT],0x0000f9347519b0bc
744430.0,3708935,python,[JIT],0x0000e5a3cd71d328
744424.0,3708447,python,[JIT],0x0000e1f8571e31bc
744421.0,3708760,python,[JIT],0x0000fb7688bdd1a0
744419.0,3708760,python,[JIT],0x0000fb7688bdd1fc
744418.0,3708935,python,[JIT],0x0000e5a3cd71d0c8
744416.0,3708935,python,[JIT],0x0000e5a3cd71d14c
744414.0,3709441,python,[JIT],0x0000f934751972c4
744414.0,3708935,python,[JIT],0x0000e5a3cd71f40c
744412.0,3709441,python,[JIT],0x0000f9347519b234
744411.0,3708580,python,[kernel.kallsyms],release_pages
744408.0,3709441,python,[JIT],0x0000f934751961c4
744408.0,3709441,python,[JIT],0x0000f9347519b224
744406.0,3708580,python,[JIT],0x0000f9c1c7c0e0bc
744406.0,3708935,python,[kernel.kallsyms],lock_vma_under_rcu
744406.0,3708935,python,[kernel.kallsyms],mem_cgroup_commit_charge
744405.0,3708580,python,[JIT],0x0000f9c1c7c0b378
744404.0,3708580,python,[JIT],0x0000f9c1c7c0a164
744404.0,3708760,python,[JIT],0x0000fb7688bdc0e4
744402.0,3708760,python,[JIT],0x0000fb7688bde224
744401.0,3709441,python,[JIT],0x0000f9347519a2e0
744400.0,3708447,python,[JIT],0x0000e1f8571e21b8
744399.0,3708580,python,[JIT],0x0000f9c1c7c0a424
744398.0,3709441,python,[JIT],0x0000f93475197400
744398.0,3708935,python,[JIT],0x0000e5a3cd7c1154
744397.0,3709270,python,[JIT],0x0000eaaffa1f1288
744397.0,3708760,python,[JIT],0x0000fb7688c81070
744395.0,3708447,python,[JIT],0x0000e1f8571e1228
744394.0,3708447,python,[JIT],0x0000e1f85713f8c8
744394.0,3708760,python,[JIT],0x0000fb7688bde8c8
744387.0,3708447,python,[JIT],0x0000e1f85713f2a8
744387.0,3708935,python,[kernel.kallsyms],blk_cgroup_congested
744383.0,3709441,python,[JIT],0x0000f93475199334
744382.0,3709441,python,[JIT],0x0000f93475197124
744381.0,3708935,python,[JIT],0x0000e5a3cd7c122c
744377.0,3708935,python,[JIT],0x0000e5a3cd71d048
744376.0,3709441,python,[JIT],0x0000f93475199094
744376.0,3708580,python,[JIT],0x0000f9c1c7c0d1e0
744374.0,3709441,python,[JIT],0x0000f934751983bc
744374.0,3708760,python,[JIT],0x0000fb7688bdf180
744373.0,3708935,python,[kernel.kallsyms],__lruvec_stat_mod_folio
744371.0,3708935,python,[JIT],0x0000e5a3cd71e2c4
744369.0,3708760,python,[JIT],0x0000fb7688bde2b8
744367.0,3708935,python,[JIT],0x0000e5a3cd7c21f0
744363.0,3709441,python,[JIT],0x0000f93475198464
744362.0,3708935,python,[JIT],0x0000e5a3cd7c120c
744361.0,3709441,python,[JIT],0x0000f93475197030
744355.0,3708447,python,[JIT],0x0000e1f8571e30d8
744355.0,3708760,python,[JIT],0x0000fb7688c811cc
744354.0,3708760,python,[JIT],0x0000fb7688c812e8
744352.0,3709077,python,[JIT],0x0000f0f377c0803c
744351.0,3708935,python,[JIT],0x0000e5a3cd7c10a8
744348.0,3708447,python,[JIT],0x0000e1f8571e203c
744348.0,3708580,python,[JIT],0x0000f9c1c7c0e0b4
744347.0,3708760,python,[JIT],0x0000fb7688bdd1b0
744345.0,3708447,python,[JIT],0x0000e1f8571e1094
744343.0,3708447,python,[JIT],0x0000e1f8571e3150
744343.0,3709441,python,[JIT],0x0000f934751991f0
744343.0,3708580,python,[JIT],0x0000f9c1c7c0c064
744343.0,3708760,python,[JIT],0x0000fb7688c82144
744342.0,3708447,python,[JIT],0x0000e1f85713c1c8
744341.0,3709270,python,[kernel.kallsyms],get_page_from_freelist
744340.0,3709077,python,[JIT],0x0000f0f377c0524c
744339.0,3708580,python,[JIT],0x0000f9c1c7c0d000
744339.0,3708760,python,[JIT],0x0000fb7688bdf0e8
744338.0,3709441,python,[JIT],0x0000f9347519a2cc
744337.0,3708580,python,[JIT],0x0000f9c1c7c09028
744336.0,3708760,python,[JIT],0x0000fb7688bde288
744334.0,3708447,python,[JIT],0x0000e1f8571e1144
744332.0,3709077,python,[JIT],0x0000f0f377c051fc
744332.0,3708447,python,[JIT],0x0000e1f85713d25c
744332.0,3708760,python,[JIT],0x0000fb7688bde1e8
744331.0,3709441,python,[JIT],0x0000f93475199144
744331.0,3708760,python,[kernel.kallsyms],memset
744329.0,3708935,python,[JIT],0x0000e5a3cd71e04c
744329.0,3708935,python,[JIT],0x0000e5a3cd71f920
744326.0,3708935,python,[JIT],0x0000e5a3cd71e230
744325.0,3708935,python,[JIT],0x0000e5a3cd7c309c
744322.0,3709270,python,[JIT],0x0000eaaffa1f30c8
744321.0,3708760,python,[JIT],0x0000fb7688c81308
744320.0,3708935,python,[JIT],0x0000e5a3cd7c108c
744317.0,3709077,python,[JIT],0x0000f0f377c0712c
744314.0,3709270,python,[JIT],0x0000eaaffa1f2230
744307.0,3708447,python,[JIT],0x0000e1f85713e094
744307.0,3708447,python,[JIT],0x0000e1f85713e160
744304.0,3708447,python,[JIT],0x0000e1f8571e2210
744303.0,3708447,python,[JIT],0x0000e1f85713d0d8
744301.0,3708447,python,[JIT],0x0000e1f8571e2000
744301.0,3708760,python,[JIT],0x0000fb7688c824dc
744299.0,3708760,python,[JIT],0x0000fb7688bde05c
744298.0,3709077,python,[kernel.kallsyms],__pte_offset_map_lock
744297.0,3709077,python,[JIT],0x0000f0f377c0620c
744297.0,3709077,python,[kernel.kallsyms],get_page_from_freelist
744297.0,3708580,python,[JIT],0x0000f9c1c7c0c030
744297.0,3708935,python,[JIT],0x0000e5a3cd71e130
744296.0,3709077,python,[JIT],0x0000f0f377c030d4
744296.0,3708580,python,[JIT],0x0000f9c1c7c0b0d0
744296.0,3708580,python,[JIT],0x0000f9c1c7c0b26c
744295.0,3708447,python,[JIT],0x0000e1f85713f1c0
744294.0,3709077,python,[JIT],0x0000f0f377c0623c
744294.0,3708447,python,[JIT],0x0000e1f85713e070
744294.0,3708447,python,[JIT],0x0000e1f85713e298
744294.0,3709441,python,[JIT],0x0000f9347519a030
744292.0,3708447,python,[JIT],0x0000e1f8571e207c
744292.0,3708580,python,[JIT],0x0000f9c1c7c0a29c
744291.0,3709270,python,[JIT],0x0000eaaffa1f2164
744290.0,3708580,python,[JIT],0x0000f9c1c7c0d070
744288.0,3708447,python,[JIT],0x0000e1f8571e21c4
744288.0,3708580,python,[JIT],0x0000f9c1c7c0a0ac
744287.0,3709270,python,[JIT],0x0000eaaffa1f41d4
744286.0,3708935,python,[JIT],0x0000e5a3cd7c1094
744285.0,3708935,python,[JIT],0x0000e5a3cd7c3154
744284.0,3708580,python,[JIT],0x0000f9c1c7c0e150
744282.0,3709077,python,[JIT],0x0000f0f377c09034
744281.0,3708935,python,[JIT],0x0000e5a3cd71e000
744279.0,3708447,python,[JIT],0x0000e1f85713d09c
744278.0,3708935,python,[JIT],0x0000e5a3cd71d2a0
744276.0,3709441,python,[JIT],0x0000f9347519a1e0
744276.0,3708580,python,[JIT],0x0000f9c1c7c0a420
744276.0,3708935,python,[JIT],0x0000e5a3cd71d204
744275.0,3708447,python,[JIT],0x0000e1f85713e054
744275.0,3708580,python,[JIT],0x0000f9c1c7c0e1e0
744275.0,3708580,python,[JIT],0x0000f9c1c7c0e188
744275.0,3708760,python,[JIT],0x0000fb7688bdd0d0
744274.0,3709077,python,[JIT],0x0000f0f377c04048
744274.0,3709441,python,[JIT],0x0000f9347519b078
744273.0,3709441,python,[JIT],0x0000f9347519923c
744272.0,3708760,python,[JIT],0x0000fb7688bdc1c4
744272.0,3708760,python,[JIT],0x0000fb7688bdf4e0
744271.0,3708760,python,[JIT],0x0000fb7688c82080
744270.0,3709077,python,[JIT],0x0000f0f377c0621c
744270.0,3708580,python,[JIT],0x0000f9c1c7c0e374
744269.0,3708935,python,[JIT],0x0000e5a3cd71e1d4
744269.0,3708935,python,[JIT],0x0000e5a3cd7c2084
744269.0,3708760,python,[JIT],0x0000fb7688bdd2ac
744268.0,3708760,python,[JIT],0x0000fb7688c811e4
744267.0,3708447,python,[JIT],0x0000e1f8571e10b8
744266.0,3708447,python,[JIT],0x0000e1f85713f298
744266.0,3708935,python,[JIT],0x0000e5a3cd7c1078
744265.0,3708580,python,[JIT],0x0000f9c1c7c0a02c
744265.0,3708935,python,[JIT],0x0000e5a3cd71f000
744264.0,3708580,python,[JIT],0x0000f9c1c7c0c154
744263.0,3709077,python,[JIT],0x0000f0f377c062c8
744263.0,3708935,python,[JIT],0x0000e5a3cd71f474
744262.0,3709077,python,[JIT],0x0000f0f377c063ac
744262.0,3708447,python,[kernel.kallsyms],__folio_throttle_swaprate
744262.0,3709441,python,[JIT],0x0000f934751970e8
744261.0,3708580,python,[JIT],0x0000f9c1c7c0c200
744261.0,3708935,python,[JIT],0x0000e5a3cd71f480
744261.0,3708760,python,[JIT],0x0000fb7688bdd028
744259.0,3708580,python,[JIT],0x0000f9c1c7c0b1f8
744259.0,3708935,python,[JIT],0x0000e5a3cd7c113c
744258.0,3708760,python,[kernel.kallsyms],__rmqueue_pcplist
744257.0,3709441,python,[JIT],0x0000f93475197180
744257.0,3709441,python,[JIT],0x0000f9347519828c
744256.0,3708580,python,[JIT],0x0000f9c1c7c0c084
744256.0,3708580,python,[JIT],0x0000f9c1c7c0e1f0
744256.0,3708935,python,[JIT],0x0000e5a3cd71f404
744255.0,3708760,python,[JIT],0x0000fb7688bdc040
744255.0,3708760,python,[JIT],0x0000fb7688bde480
744254.0,3708580,python,[JIT],0x0000f9c1c7c0a1b0
744254.0,3708760,python,[JIT],0x0000fb7688bdd1c8
744253.0,3708580,python,[JIT],0x0000f9c1c7c0a074
744253.0,3708760,python,[JIT],0x0000fb7688c822ac
744251.0,3709441,python,[JIT],0x0000f93475197088
744251.0,3708580,python,[JIT],0x0000f9c1c7c0907c
744250.0,3709077,python,[JIT],0x0000f0f377c07164
744249.0,3708447,python,[JIT],0x0000e1f85713f0b8
744247.0,3709077,python,[JIT],0x0000f0f377c091a4
744247.0,3709270,python,[JIT],0x0000eaaffa1f305c
744246.0,3708935,python,[kernel.kallsyms],__mod_lruvec_state
744245.0,3709441,python,[JIT],0x0000f9347519a2dc
744245.0,3709441,python,[JIT],0x0000f9347519b1f8
744245.0,3708935,python,[JIT],0x0000e5a3cd71c09c
744245.0,3708935,python,[JIT],0x0000e5a3cd7c109c
744245.0,3708935,python,[JIT],0x0000e5a3cd7c10a4
744244.0,3708935,python,[JIT],0x0000e5a3cd71f1c0
744243.0,3709077,python,[JIT],0x0000f0f377c082e0
744242.0,3708447,python,[JIT],0x0000e1f8571e21cc
744242.0,3708935,python,python,PyObject_GC_UnTrack
744242.0,3708760,python,[JIT],0x0000fb7688c810f4
744241.0,3708935,python,[JIT],0x0000e5a3cd71f3f4
744241.0,3708760,python,[JIT],0x0000fb7688bdf154
744239.0,3709441,python,[JIT],0x0000f934751982bc
744238.0,3709441,python,[JIT],0x0000f9347519b0ec
744238.0,3708580,python,[JIT],0x0000f9c1c7c0e374
744238.0,3708935,python,[JIT],0x0000e5a3cd7c31dc
744237.0,3709077,python,[JIT],0x0000f0f377c081cc
744237.0,3709077,python,[JIT],0x0000f0f377c0917c
744237.0,3709441,python,[JIT],0x0000f93475197200
744236.0,3709441,python,[JIT],0x0000f934751970d0
744236.0,3708760,python,[JIT],0x0000fb7688c810fc
744235.0,3709441,python,[JIT],0x0000f93475196028
744235.0,3708580,python,[JIT],0x0000f9c1c7c091b8
744235.0,3708580,python,[JIT],0x0000f9c1c7c0b278
744235.0,3708935,python,[JIT],0x0000e5a3cd71e11c
744234.0,3708447,python,[JIT],0x0000e1f85713e190
744233.0,3708580,python,[JIT],0x0000f9c1c7c0d2e0
744232.0,3709077,python,[JIT],0x0000f0f377c08260
744232.0,3708935,python,[JIT],0x0000e5a3cd7c3038
744230.0,3708935,python,[JIT],0x0000e5a3cd71f214
744229.0,3708760,python,[JIT],0x0000fb7688bdb150
744229.0,3708760,python,[JIT],0x0000fb7688c82150
744228.0,3709441,python,[JIT],0x0000f93475198290
744227.0,3708580,python,[JIT],0x0000f9c1c7c0c1ec
744227.0,3708580,python,[JIT],0x0000f9c1c7c0e13c
744226.0,3709441,python,[JIT],0x0000f934751972a4
744226.0,3709441,python,[JIT],0x0000f934751981f4
744226.0,3708935,python,[JIT],0x0000e5a3cd7c31a4
744225.0,3709077,python,[JIT],0x0000f0f377c0328c
744225.0,3709441,python,[JIT],0x0000f93475198218
744225.0,3709441,python,[JIT],0x0000f934751982a0
744224.0,3708580,python,[JIT],0x0000f9c1c7c0b8c4
744223.0,3708760,python,[JIT],0x0000fb7688bdf20c
744222.0,3708935,python,[JIT],0x0000e5a3cd7c1070
744221.0,3708580,python,[JIT],0x0000f9c1c7c0b248
744220.0,3708935,python,[JIT],0x0000e5a3cd7c2070
744217.0,3709441,python,[JIT],0x0000f9347519729c
744216.0,3709441,python,[JIT],0x0000f934751970dc
744215.0,3709270,python,[JIT],0x0000eaaffa1bf10c
744215.0,3709441,python,[JIT],0x0000f9347519704c
744214.0,3709077,python,[JIT],0x0000f0f377c070ec
744214.0,3708935,python,[kernel.kallsyms],__mod_memcg_lruvec_state
744211.0,3708580,python,[JIT],0x0000f9c1c7c091c4
744210.0,3709077,python,[JIT],0x0000f0f377c0706c
744210.0,3709441,python,[JIT],0x0000f934751970e4
744210.0,3709441,python,[JIT],0x0000f93475198378
744210.0,3708935,python,[kernel.kallsyms],do_page_fault
744210.0,3708760,python,[JIT],0x0000fb7688bdf0e0
744209.0,3708580,python,[JIT],0x0000f9c1c7c09338
744208.0,3708760,python,[JIT],0x0000fb7688bde03c
744207.0,3709441,python,[JIT],0x0000f9347519a1f0
744206.0,3709077,python,[JIT],0x0000f0f377c052c8
744203.0,3708935,python,[JIT],0x0000e5a3cd71f178
744203.0,3708760,python,[JIT],0x0000fb7688bde0ac
744201.0,3709077,python,[kernel.kallsyms],zone_statistics
744201.0,3708760,python,[JIT],0x0000fb7688bdf14c
744199.0,3709270,python,[JIT],0x0000eaaffa1f3030
744199.0,3708935,python,[JIT],0x0000e5a3cd7c14dc
744197.0,3709270,python,[JIT],0x0000eaaffa1bf230
744197.0,3708760,python,[JIT],0x0000fb7688bdb094
744196.0,3709077,python,[JIT],0x0000f0f377c04214
744196.0,3709077,python,[JIT],0x0000f0f377c05154
744196.0,3708760,python,[JIT],0x0000fb7688bdf1a0
744195.0,3708760,python,[JIT],0x0000fb7688bde030
744194.0,3708447,python,[JIT],0x0000e1f8571e3184
744193.0,3708935,python,[JIT],0x0000e5a3cd71f02c
744192.0,3708935,python,[JIT],0x0000e5a3cd7c31ec
744190.0,3708447,python,[JIT],0x0000e1f8571e31c4
744190.0,3708760,python,[JIT],0x0000fb7688bde088
744189.0,3708447,python,[JIT],0x0000e1f8571e2030
744189.0,3708580,python,[JIT],0x0000f9c1c7c0e0a0
744188.0,3708447,python,[JIT],0x0000e1f85713d1c4
744188.0,3708935,python,[JIT],0x0000e5a3cd7c3274
744187.0,3709270,python,[JIT],0x0000eaaffa1bf030
744187.0,3709441,python,[JIT],0x0000f934751991e0
744187.0,3708580,python,[JIT],0x0000f9c1c7c0d0e4
744187.0,3708760,python,[JIT],0x0000fb7688c820a8
744187.0,3708760,python,[JIT],0x0000fb7688c821f8
744186.0,3709077,python,[JIT],0x0000f0f377c06418
744186.0,3708760,python,[JIT],0x0000fb7688c82544
744185.0,3708447,python,[JIT],0x0000e1f85713e2ac
744184.0,3708760,python,[JIT],0x0000fb7688bde458
744183.0,3708447,python,[JIT],0x0000e1f8571e31b4
744183.0,3709441,python,[JIT],0x0000f93475197110
744182.0,3709441,python,[JIT],0x0000f93475199040
744182.0,3708935,python,[kernel.kallsyms],trace_rss_stat
744182.0,3708935,python,[JIT],0x0000e5a3cd7c11ec
744182.0,3708760,python,[JIT],0x0000fb7688bdc1b8
744179.0,3708447,python,[JIT],0x0000e1f85713e1d4
744179.0,3708760,python,[JIT],0x0000fb7688bde0d8
744178.0,3709077,python,[JIT],0x0000f0f377c08044
744178.0,3708580,python,python,_PyObject_GC_Link
744178.0,3708760,python,[JIT],0x0000fb7688bdf244
744177.0,3709077,python,[JIT],0x0000f0f377c0833c
744176.0,3708580,python,[JIT],0x0000f9c1c7c0b028
744175.0,3708580,python,[JIT],0x0000f9c1c7c0a224
744175.0,3708760,python,[JIT],0x0000fb7688bdf210
744174.0,3709270,python,[JIT],0x0000eaaffa1f1240
744173.0,3709441,python,[JIT],0x0000f9347519b0a8
744173.0,3708580,python,[JIT],0x0000f9c1c7c09260
744172.0,3709270,python,[JIT],0x0000eaaffa1bf158
744172.0,3708580,python,[JIT],0x0000f9c1c7c0e378
744170.0,3709270,python,[JIT],0x0000eaaffa1f2228
744170.0,3709077,python,[JIT],0x0000f0f377c05264
744170.0,3708935,python,[JIT],0x0000e5a3cd71d02c
744170.0,3708760,python,[JIT],0x0000fb7688bde24c
744169.0,3708447,python,[JIT],0x0000e1f8571e213c
744168.0,3708580,python,[JIT],0x0000f9c1c7c0c494
744168.0,3708935,python,[JIT],0x0000e5a3cd7c1160
744167.0,3709077,python,[JIT],0x0000f0f377c05180
744167.0,3708447,python,[JIT],0x0000e1f85713d330
744167.0,3708447,python,[JIT],0x0000e1f85713e208
744166.0,3708447,python,[JIT],0x0000e1f8571e3040
744166.0,3709441,python,[JIT],0x0000f93475196048
744166.0,3708580,python,[JIT],0x0000f9c1c7c0c264
744163.0,3709077,python,[JIT],0x0000f0f377c062a0
744163.0,3709077,python,python,PyObject_Size
744163.0,3708935,python,[JIT],0x0000e5a3cd7c317c
744162.0,3709077,python,[JIT],0x0000f0f377c050fc
744162.0,3708760,python,[JIT],0x0000fb7688c82224
744161.0,3709077,python,[JIT],0x0000f0f377c080f0
744161.0,3709441,python,[JIT],0x0000f9347519719c
744161.0,3709441,python,[JIT],0x0000f9347519a148
744160.0,3708580,python,[JIT],0x0000f9c1c7c0a04c
744160.0,3708760,python,[JIT],0x0000fb7688c82060
744158.0,3708935,python,[JIT],0x0000e5a3cd71d028
744157.0,3708447,python,[JIT],0x0000e1f8571e21e0
744157.0,3709441,python,[JIT],0x0000f93475198008
744156.0,3709441,python,[JIT],0x0000f93475199268
744153.0,3708580,python,[JIT],0x0000f9c1c7c0b0ac
744152.0,3709270,python,[JIT],0x0000eaaffa1f208c
744152.0,3708447,python,[JIT],0x0000e1f8571e1090
744152.0,3708760,python,[JIT],0x0000fb7688c8216c
744151.0,3709077,python,[JIT],0x0000f0f377c091e4
744151.0,3708760,python,[JIT],0x0000fb7688c821ac
744150.0,3709270,python,[JIT],0x0000eaaffa1f12a0
744150.0,3708580,python,[JIT],0x0000f9c1c7c0a15c
744147.0,3708580,python,[JIT],0x0000f9c1c7c09004
744145.0,3708447,python,[JIT],0x0000e1f8571e31ec
744144.0,3709077,python,[JIT],0x0000f0f377c0606c
744142.0,3709077,python,[kernel.kallsyms],alloc_pages_mpol
744140.0,3709077,python,[JIT],0x0000f0f377c09544
744140.0,3708580,python,[JIT],0x0000f9c1c7c0d150
744140.0,3708580,python,[JIT],0x0000f9c1c7c0c1bc
744140.0,3708935,python,[JIT],0x0000e5a3cd71d1c4
744138.0,3709077,python,[JIT],0x0000f0f377c0607c
744138.0,3709077,python,[JIT],0x0000f0f377c090a0
744138.0,3708447,python,[JIT],0x0000e1f8571e1128
744138.0,3708580,python,[JIT],0x0000f9c1c7c0a094
744138.0,3708580,python,[JIT],0x0000f9c1c7c0c034
744138.0,3708760,python,[JIT],0x0000fb7688c82070
744137.0,3708935,python,[JIT],0x0000e5a3cd71e09c
744137.0,3708760,python,[JIT],0x0000fb7688c81034
744136.0,3708935,python,[JIT],0x0000e5a3cd7c3234
744135.0,3708760,python,[JIT],0x0000fb7688c81214
744134.0,3709441,python,[JIT],0x0000f9347519b060
744133.0,3708447,python,[JIT],0x0000e1f85713d2d8
744133.0,3708580,python,[JIT],0x0000f9c1c7c0a1bc
744132.0,3709077,python,[JIT],0x0000f0f377c06400
744131.0,3709077,python,[JIT],0x0000f0f377c06240
744131.0,3708580,python,[JIT],0x0000f9c1c7c0d308
744129.0,3708580,python,[JIT],0x0000f9c1c7c0b0a8
744128.0,3709077,python,[JIT],0x0000f0f377c0628c
744128.0,3708580,python,[JIT],0x0000f9c1c7c0d250
744128.0,3708760,python,[JIT],0x0000fb7688bdf0bc
744127.0,3709077,python,[JIT],0x0000f0f377c0723c
744127.0,3709077,python,[JIT],0x0000f0f377c061a8
744126.0,3709077,python,[JIT],0x0000f0f377c081f4
744126.0,3708760,python,[JIT],0x0000fb7688c811c0
744125.0,3709270,python,[JIT],0x0000eaaffa1f4378
744125.0,3709077,python,[JIT],0x0000f0f377c070c8
744123.0,3709270,python,[JIT],0x0000eaaffa1f4088
744122.0,3708760,python,[JIT],0x0000fb7688c8115c
744121.0,3709441,python,[JIT],0x0000f934751971ec
744120.0,3709270,python,[JIT],0x0000eaaffa1f18d0
744120.0,3708935,python,[JIT],0x0000e5a3cd7c1220
744120.0,3708760,python,[JIT],0x0000fb7688c810f8
744119.0,3709077,python,[JIT],0x0000f0f377c08140
744119.0,3708580,python,[JIT],0x0000f9c1c7c0e078
744119.0,3708935,python,[JIT],0x0000e5a3cd7c2030
744119.0,3708760,python,[JIT],0x0000fb7688bdc060
744116.0,3709077,python,[JIT],0x0000f0f377c052a8
744116.0,3709270,python,[JIT],0x0000eaaffa1f4030
744115.0,3709270,python,[JIT],0x0000eaaffa1f11f4
744115.0,3708580,python,[JIT],0x0000f9c1c7c0e144
744115.0,3708935,python,[JIT],0x0000e5a3cd7c107c
744114.0,3709077,python,[JIT],0x0000f0f377c05000
744112.0,3708760,python,[JIT],0x0000fb7688bde38c
744111.0,3709441,python,[JIT],0x0000f9347519a170
744109.0,3709077,python,[JIT],0x0000f0f377c06214
744109.0,3709077,python,[JIT],0x0000f0f377c090b4
744108.0,3708935,python,[JIT],0x0000e5a3cd71f220
744108.0,3708760,python,[JIT],0x0000fb7688c82074
744108.0,3708760,python,[JIT],0x0000fb7688bde1e4
744107.0,3709270,python,[JIT],0x0000eaaffa1f20e0
744107.0,3708447,python,[JIT],0x0000e1f8571e30b4
744106.0,3709441,python,[JIT],0x0000f934751971b0
744106.0,3709441,python,[JIT],0x0000f9347519a0fc
744106.0,3708935,python,[JIT],0x0000e5a3cd71f078
744106.0,3708935,python,python,PyObject_Malloc
744104.0,3709077,python,[JIT],0x0000f0f377c052c4
744102.0,3709270,python,[JIT],0x0000eaaffa1f11b4
744102.0,3708935,python,[JIT],0x0000e5a3cd7c10d0
744100.0,3708447,python,[JIT],0x0000e1f8571e102c
744100.0,3709441,python,[JIT],0x0000f93475197128
744100.0,3708935,python,[JIT],0x0000e5a3cd7c11b0
744099.0,3708447,python,[JIT],0x0000e1f8571e21ac
744099.0,3708580,python,[JIT],0x0000f9c1c7c0e064
744098.0,3708935,python,[kernel.kallsyms],sched_mm_cid_remote_clear
744095.0,3708760,python,[JIT],0x0000fb7688bdf218
744094.0,3708580,python,[JIT],0x0000f9c1c7c092a8
744094.0,3708935,python,[JIT],0x0000e5a3cd7c10d8
744094.0,3708760,python,[kernel.kallsyms],__pte_offset_map_lock
744094.0,3708760,python,[JIT],0x0000fb7688c810c4
744093.0,3708447,python,[JIT],0x0000e1f8571e319c
744093.0,3708580,python,[JIT],0x0000f9c1c7c0b224
744093.0,3708935,python,[JIT],0x0000e5a3cd7c1180
744092.0,3709270,python,[JIT],0x0000eaaffa1be2f8
744091.0,3708580,python,[JIT],0x0000f9c1c7c090d4
744090.0,3708580,python,[JIT],0x0000f9c1c7c0e1a8
744089.0,3708935,python,[JIT],0x0000e5a3cd71f2b8
744088.0,3708760,python,[JIT],0x0000fb7688bde084
744087.0,3709270,python,[JIT],0x0000eaaffa1f12ac
744087.0,3709441,python,[JIT],0x0000f9347519b068
744087.0,3708580,python,[kernel.kallsyms],mas_walk
744086.0,3708760,python,[JIT],0x0000fb7688bde26c
744085.0,3708760,python,[JIT],0x0000fb7688c82284
744082.0,3709270,python,[JIT],0x0000eaaffa1f308c
744081.0,3708447,python,[JIT],0x0000e1f8571e1074
744081.0,3709441,python,[JIT],0x0000f934751970c8
744081.0,3708935,python,[JIT],0x0000e5a3cd7c1224
744080.0,3709077,python,[JIT],0x0000f0f377c090bc
744079.0,3708580,python,[JIT],0x0000f9c1c7c0c210
744078.0,3709270,python,[JIT],0x0000eaaffa1f222c
744077.0,3709077,python,[JIT],0x0000f0f377c051ec
744077.0,3709077,python,[JIT],0x0000f0f377c0816c
744077.0,3708580,python,[JIT],0x0000f9c1c7c0d15c
744077.0,3708935,python,[JIT],0x0000e5a3cd7c1178
744075.0,3709077,python,[JIT],0x0000f0f377c071c0
744075.0,3708760,python,[JIT],0x0000fb7688bde32c
744074.0,3709077,python,[JIT],0x0000f0f377c04254
744074.0,3709270,python,[JIT],0x0000eaaffa1be0e4
744074.0,3709441,python,[JIT],0x0000f934751971ac
744070.0,3708760,python,[JIT],0x0000fb7688bde2a0
744069.0,3709077,python,[JIT],0x0000f0f377c08214
744069.0,3708760,python,[JIT],0x0000fb7688c812dc
744068.0,3709441,python,[JIT],0x0000f9347519921c
744068.0,3708935,python,[JIT],0x0000e5a3cd71e14c
744067.0,3709077,python,[JIT],0x0000f0f377c05218
744064.0,3709270,python,[JIT],0x0000eaaffa1be240
744064.0,3708760,python,[JIT],0x0000fb7688bde1fc
744063.0,3708760,python,[JIT],0x0000fb7688bde2c8
744062.0,3708760,python,[JIT],0x0000fb7688bde270
744061.0,3708935,python,[JIT],0x0000e5a3cd71c02c
744058.0,3709270,python,[JIT],0x0000eaaffa1f1480
744058.0,3708760,python,[JIT],0x0000fb7688bdc260
744056.0,3709077,python,[JIT],0x0000f0f377c07334
744055.0,3708580,python,[JIT],0x0000f9c1c7c09008
744054.0,3709270,python,[JIT],0x0000eaaffa1bf050
744054.0,3708580,python,[JIT],0x0000f9c1c7c0e370
744053.0,3709270,python,python,_PyObject_Realloc
744053.0,3708935,python,[JIT],0x0000e5a3cd71e0a8
744052.0,3708580,python,[JIT],0x0000f9c1c7c0c140
744050.0,3708760,python,[JIT],0x0000fb7688bde078
744049.0,3709270,python,[JIT],0x0000eaaffa1f4004
744049.0,3709077,python,[JIT],0x0000f0f377c071bc
744049.0,3708580,python,[JIT],0x0000f9c1c7c0a244
744048.0,3709270,python,[JIT],0x0000eaaffa1f20d4
744047.0,3709077,python,[JIT],0x0000f0f377c09038
744046.0,3708447,python,[JIT],0x0000e1f85713f240
744045.0,3709270,python,[JIT],0x0000eaaffa1f20d0
744045.0,3708935,python,[JIT],0x0000e5a3cd71d08c
744045.0,3708935,python,[JIT],0x0000e5a3cd71e164
744044.0,3709077,python,[JIT],0x0000f0f377c0515c
744044.0,3708935,python,[JIT],0x0000e5a3cd7c21b0
744038.0,3708447,python,[JIT],0x0000e1f8571e2034
744038.0,3708580,python,[JIT],0x0000f9c1c7c0e0ac
744038.0,3708760,python,[JIT],0x0000fb7688bdb1c4
744037.0,3708580,python,[JIT],0x0000f9c1c7c0a1c4
744037.0,3708760,python,[JIT],0x0000fb7688bdc138
744036.0,3709077,python,[JIT],0x0000f0f377c071a0
744036.0,3709441,python,[JIT],0x0000f9347519a0b4
744036.0,3708580,python,[JIT],0x0000f9c1c7c0d05c
744034.0,3708447,python,[JIT],0x0000e1f8571e20ec
744031.0,3709270,python,[JIT],0x0000eaaffa1be214
744031.0,3709441,python,[JIT],0x0000f9347519b038
744031.0,3708760,python,[JIT],0x0000fb7688bdd004
744029.0,3709077,python,[JIT],0x0000f0f377c090d8
744029.0,3709270,python,[JIT],0x0000eaaffa1f4218
744029.0,3708935,python,[JIT],0x0000e5a3cd71f228
744028.0,3708935,python,[JIT],0x0000e5a3cd71f35c
744028.0,3708760,python,[JIT],0x0000fb7688bdc240
744026.0,3709077,python,[JIT],0x0000f0f377c051f8
744026.0,3708760,python,[JIT],0x0000fb7688c824c8
744025.0,3709270,python,[JIT],0x0000eaaffa1f21a0
744024.0,3709077,python,[JIT],0x0000f0f377c060d8
744023.0,3709270,python,[JIT],0x0000eaaffa1f2220
744023.0,3709270,python,[JIT],0x0000eaaffa1f322c
744022.0,3708935,python,[JIT],0x0000e5a3cd7c14a0
744021.0,3709270,python,[JIT],0x0000eaaffa1f1078
744019.0,3709077,python,[JIT],0x0000f0f377c070ac
744017.0,3709077,python,[JIT],0x0000f0f377c05130
744017.0,3708760,python,python,_PyObject_GC_Link
744016.0,3709077,python,[JIT],0x0000f0f377c0635c
744016.0,3708760,python,[JIT],0x0000fb7688bde140
744015.0,3709077,python,[JIT],0x0000f0f377c06238
744015.0,3709270,python,[JIT],0x0000eaaffa1f1354
744014.0,3709077,python,[JIT],0x0000f0f377c0626c
744014.0,3709270,python,[JIT],0x0000eaaffa1f221c
744014.0,3709441,python,[JIT],0x0000f9347519b1ac
744012.0,3709270,python,[JIT],0x0000eaaffa1be0e8
744012.0,3708935,python,[JIT],0x0000e5a3cd71d080
744012.0,3708760,python,[JIT],0x0000fb7688c824d0
744010.0,3709270,python,[JIT],0x0000eaaffa1f132c
744010.0,3708935,python,[JIT],0x0000e5a3cd71f084
744008.0,3708760,python,[JIT],0x0000fb7688c8214c
744002.0,3709441,python,[JIT],0x0000f934751971c8
744002.0,3708580,python,[JIT],0x0000f9c1c7c0d09c
743998.0,3709077,python,[JIT],0x0000f0f377c08168
743997.0,3709270,python,[JIT],0x0000eaaffa1f44cc
743996.0,3709270,python,[JIT],0x0000eaaffa1bf09c
743996.0,3709441,python,[JIT],0x0000f93475196304
743995.0,3709077,python,[JIT],0x0000f0f377c0425c
743995.0,3709441,python,[JIT],0x0000f9347519838c
743993.0,3709270,python,[JIT],0x0000eaaffa1bf04c
743993.0,3708935,python,[JIT],0x0000e5a3cd71f3bc
743992.0,3709270,python,[JIT],0x0000eaaffa1f30f0
743991.0,3709077,python,[JIT],0x0000f0f377c0720c
743991.0,3709270,python,[JIT],0x0000eaaffa1f3308
743990.0,3709077,python,[JIT],0x0000f0f377c04084
743989.0,3708580,python,[JIT],0x0000f9c1c7c0e128
743988.0,3708760,python,[JIT],0x0000fb7688bdd250
743987.0,3708580,python,[JIT],0x0000f9c1c7c09044
743985.0,3709441,python,[JIT],0x0000f9347519622c
743984.0,3709270,python,[JIT],0x0000eaaffa1f20c8
743983.0,3709441,python,[JIT],0x0000f934751981b4
743981.0,3709270,python,[JIT],0x0000eaaffa1bf12c
743979.0,3709077,python,[JIT],0x0000f0f377c06088
743976.0,3709077,python,[JIT],0x0000f0f377c082fc
743973.0,3709077,python,[JIT],0x0000f0f377c0520c
743972.0,3709270,python,[JIT],0x0000eaaffa1f206c
743972.0,3708935,python,[JIT],0x0000e5a3cd7c1208
743971.0,3709077,python,[JIT],0x0000f0f377c07028
743970.0,3709270,python,[JIT],0x0000eaaffa1bf008
743970.0,3709270,python,[JIT],0x0000eaaffa1f202c
743969.0,3709270,python,[JIT],0x0000eaaffa1be1a8
743968.0,3709270,python,[JIT],0x0000eaaffa1bf094
743968.0,3708447,python,[JIT],0x0000e1f85713d1cc
743968.0,3708447,python,[JIT],0x0000e1f8571e21a8
743966.0,3709077,python,[JIT],0x0000f0f377c05208
743966.0,3709270,python,[JIT],0x0000eaaffa1f4160
743963.0,3709270,python,[JIT],0x0000eaaffa1be0a8
743962.0,3709270,python,[JIT],0x0000eaaffa1bf180
743962.0,3708760,python,[JIT],0x0000fb7688c82008
743961.0,3708935,python,[kernel.kallsyms],perf_iterate_ctx
743960.0,3709270,python,[JIT],0x0000eaaffa1f2068
743958.0,3709270,python,[JIT],0x0000eaaffa1f1144
743957.0,3709077,python,[kernel.kallsyms],do_translation_fault
743951.0,3709270,python,[JIT],0x0000eaaffa1f333c
743951.0,3708580,python,[JIT],0x0000f9c1c7c0c0d4
743950.0,3708580,python,[JIT],0x0000f9c1c7c0a1d4
743949.0,3709077,python,[JIT],0x0000f0f377c0707c
743949.0,3708447,python,[JIT],0x0000e1f85713f0c4
743947.0,3709077,python,[JIT],0x0000f0f377c081c0
743946.0,3709270,python,[JIT],0x0000eaaffa1be0c8
743944.0,3709270,python,[JIT],0x0000eaaffa1bf044
743943.0,3709270,python,[JIT],0x0000eaaffa1f2154
743943.0,3708447,python,[JIT],0x0000e1f85713f23c
743942.0,3709077,python,[JIT],0x0000f0f377c0822c
743937.0,3709270,python,[JIT],0x0000eaaffa1f1154
743937.0,3709270,python,[kernel.kallsyms],free_unref_page_list
743936.0,3709270,python,[JIT],0x0000eaaffa1f4180
743936.0,3708935,python,[JIT],0x0000e5a3cd7c1164
743932.0,3708760,python,[JIT],0x0000fb7688bde094
743929.0,3708935,python,[JIT],0x0000e5a3cd71d0cc
743926.0,3709270,python,[kernel.kallsyms],arch_local_irq_restore
743926.0,3709077,python,python,PyObject_GC_Del
743924.0,3708580,python,[kernel.kallsyms],page_counter_try_charge
743923.0,3708935,python,[JIT],0x0000e5a3cd7c10e4
743921.0,3709077,python,[JIT],0x0000f0f377c070dc
743920.0,3708760,python,[JIT],0x0000fb7688bde8d0
743917.0,3709441,python,python,_PyObject_Realloc
743915.0,3709270,python,[kernel.kallsyms],get_pfnblock_flags_mask
743914.0,3709077,python,[JIT],0x0000f0f377c0605c
743913.0,3709270,python,[JIT],0x0000eaaffa1bf150
743913.0,3708580,python,[JIT],0x0000f9c1c7c0a134
743910.0,3708935,python,[JIT],0x0000e5a3cd71f24c
743908.0,3709270,python,[JIT],0x0000eaaffa1f41f8
743906.0,3708935,python,[JIT],0x0000e5a3cd7c2204
743901.0,3709270,python,[JIT],0x0000eaaffa1f4038
743899.0,3709077,python,[JIT],0x0000f0f377c05054
743899.0,3708760,python,[JIT],0x0000fb7688bdf0dc
743895.0,3709270,python,[JIT],0x0000eaaffa1f21d4
743890.0,3709270,python,[JIT],0x0000eaaff9eff094
743890.0,3709270,python,[JIT],0x0000eaaffa1f417c
743887.0,3708760,python,[JIT],0x0000fb7688bdf080
743886.0,3709077,python,[JIT],0x0000f0f377c050c0
743883.0,3708580,python,[JIT],0x0000f9c1c7c0c164
743883.0,3708760,python,[JIT],0x0000fb7688bdf0cc
743881.0,3708580,python,[JIT],0x0000f9c1c7c0c0d8
743877.0,3708760,python,[JIT],0x0000fb7688bde33c
743871.0,3709077,python,[JIT],0x0000f0f377c08204
743869.0,3709270,python,[JIT],0x0000eaaffa1be08c
743869.0,3708935,python,[JIT],0x0000e5a3cd71e0d8
743868.0,3709270,python,[JIT],0x0000eaaffa1f3294
743861.0,3709270,python,[JIT],0x0000eaaffa1f4240
743860.0,3708580,python,[JIT],0x0000f9c1c7c0b1fc
743852.0,3709270,python,[JIT],0x0000eaaffa1bf420
743850.0,3708935,python,[JIT],0x0000e5a3cd71d100
743846.0,3708447,python,[JIT],0x0000e1f85713d0b8
743846.0,3708935,python,[kernel.kallsyms],free_swap_cache
743839.0,3709270,python,[JIT],0x0000eaaffa1f30e8
743838.0,3708760,python,[JIT],0x0000fb7688bdf1cc
743830.0,3708447,python,[JIT],0x0000e1f8571e11b0
743828.0,3708580,python,[JIT],0x0000f9c1c7c0e4d4
743827.0,3708760,python,[JIT],0x0000fb7688bdf1ac
743809.0,3708580,python,[JIT],0x0000f9c1c7c0a028
743805.0,3708580,python,[JIT],0x0000f9c1c7c0e1c4
743800.0,3709270,python,[JIT],0x0000eaaffa1bf15c
743796.0,3709270,python,[JIT],0x0000eaaffa1f4040
743791.0,3709270,python,[JIT],0x0000eaaffa1f21b0
743783.0,3709270,python,[JIT],0x0000eaaffa1f31c0
743779.0,3708935,python,[JIT],0x0000e5a3cd71d0c4
743778.0,3709441,python,[JIT],0x0000f934751950e8
743777.0,3708580,python,[JIT],0x0000f9c1c7c0e4d0
743774.0,3708935,python,[JIT],0x0000e5a3cd71e038
743773.0,3709077,python,[JIT],0x0000f0f377c05034
743764.0,3708447,python,[JIT],0x0000e1f8571e230c
743763.0,3709077,python,[JIT],0x0000f0f377c09384
743759.0,3709077,python,[JIT],0x0000f0f377c07230
743753.0,3709077,python,[JIT],0x0000f0f377c070b0
743752.0,3708760,python,[JIT],0x0000fb7688bde354
743751.0,3709077,python,[JIT],0x0000f0f377c07068
743747.0,3708447,python,[kernel.kallsyms],__mod_node_page_state
743736.0,3709270,python,[kernel.kallsyms],__mod_memcg_lruvec_state
743724.0,3709270,python,[JIT],0x0000eaaffa1f1230
743722.0,3708580,python,[JIT],0x0000f9c1c7c0d14c
743719.0,3709077,python,[JIT],0x0000f0f377c082e8
743719.0,3709077,python,[JIT],0x0000f0f377c091fc
743717.0,3708447,python,[JIT],0x0000e1f8571e2290
743706.0,3708935,python,[JIT],0x0000e5a3cd71e1c8
743700.0,3708447,python,[JIT],0x0000e1f85713f05c
743699.0,3709077,python,[JIT],0x0000f0f377c05244
743695.0,3709077,python,[JIT],0x0000f0f377c068c8
743684.0,3709270,python,[JIT],0x0000eaaff9eff150
743677.0,3709077,python,[JIT],0x0000f0f377c06920
743677.0,3708935,python,[JIT],0x0000e5a3cd71e030
743672.0,3709270,python,[JIT],0x0000eaaffa1f20ac
743635.0,3708760,python,libc.so.6,_int_free
743627.0,3708580,python,[kernel.kallsyms],percpu_ref_put_many.constprop.0
743602.0,3708447,python,[JIT],0x0000e1f8571e1264
743591.0,3708935,python,[JIT],0x0000e5a3cd7c32ac
743586.0,3708935,python,[kernel.kallsyms],free_unref_page_commit
743515.0,3709270,python,[JIT],0x0000eaaffa1be084
743514.0,3708580,python,[JIT],0x0000f9c1c7c0b270
743501.0,3708935,python,[kernel.kallsyms],cgroup_rstat_updated
743493.0,3709270,python,[JIT],0x0000eaaffa1bf118
743394.0,3709077,python,libc.so.6,unlink_chunk.isra.0
743378.0,3708580,python,[JIT],0x0000f9c1c7c0e4d0
743350.0,3708760,python,[kernel.kallsyms],get_pfnblock_flags_mask
743347.0,3708760,python,python,deque_extend_impl
743341.0,3709077,python,[kernel.kallsyms],handle_softirqs
743324.0,3708760,python,[JIT],0x0000fb7688c824d4
743319.0,3709270,python,[kernel.kallsyms],__mod_lruvec_state
743229.0,3708760,python,libc.so.6,_int_free_merge_chunk
743186.0,3708760,python,python,PyMem_Free
743176.0,3708760,python,[kernel.kallsyms],vm_normal_page
743106.0,3708580,python,libc.so.6,malloc
743103.0,3709270,python,[JIT],0x0000eaaffa1f41cc
743077.0,3708760,python,libc.so.6,unlink_chunk.isra.0
743072.0,3709441,python,[kernel.kallsyms],uncharge_folio
743043.0,3709077,python,[kernel.kallsyms],__tlb_remove_page_size
743014.0,3708760,python,libc.so.6,_int_free_create_chunk
743011.0,3708935,python,libc.so.6,malloc
742946.0,3709077,python,[kernel.kallsyms],get_pfnblock_flags_mask
742818.0,3708935,python,libc.so.6,_int_free
742761.0,3708447,python,[JIT],0x0000e1f85713f2c8
742687.0,3708760,python,[JIT],0x0000fb7688bdf084
742685.0,3709077,python,libc.so.6,malloc
742617.0,3709270,python,[kernel.kallsyms],vm_normal_page
742581.0,3708760,python,[JIT],0x0000fb7688bdc22c
742346.0,3709270,python,[JIT],0x0000eaaffa1bf034
742097.0,3708760,python,[JIT],0x0000fb7688bde238
741770.0,3709270,python,[kernel.kallsyms],__mem_cgroup_charge
741465.0,3708580,python,[JIT],0x0000f9c1c7c0e05c
741039.0,3709077,python,python,set_len
740792.0,3708447,python,[JIT],0x0000e1f8571e3370
740128.0,3709441,python,[JIT],0x0000f9347519a07c
740078.0,3708447,python,[JIT],0x0000e1f8571e3224
738444.0,3708447,python,[JIT],0x0000e1f85713e09c
736614.0,3708935,python,[JIT],0x0000e5a3cd7c10b0
736281.0,3708580,python,[JIT],0x0000f9c1c7c0c264
735874.0,3708760,python,[JIT],0x0000fb7688bdc004
735447.0,3708447,python,[JIT],0x0000e1f85713d0a4
733707.0,3708580,python,[JIT],0x0000f9c1c7c0c1c4
733663.0,3708935,python,[JIT],0x0000e5a3cd7c3040
731481.0,3708935,python,[JIT],0x0000e5a3cd71e1a0
726282.0,3708760,python,[JIT],0x0000fb7688c821d4
723680.0,3708580,python,[JIT],0x0000f9c1c7c0d2a4
707514.0,3709077,python,[JIT],0x0000f0f377c08084
702729.0,3708935,python,[JIT],0x0000e5a3cd71e128
671867.0,3709077,python,[JIT],0x0000f0f377c091f8
547302.0,3708760,python,python,_PyObject_Malloc
524514.0,3708760,python,[kernel.kallsyms],task_mm_cid_work
503913.0,3708580,python,[kernel.kallsyms],do_notify_resume
502662.0,3709441,python,[JIT],0x0000f9347519a150
497404.0,3709270,python,[JIT],0x0000eaaffa1f32f4
497395.0,3709077,python,[kernel.kallsyms],handle_softirqs
497390.0,3709077,python,[JIT],0x0000f0f377c090c8
497177.0,3709441,python,[kernel.kallsyms],__folio_throttle_swaprate
496862.0,3708935,python,[kernel.kallsyms],get_task_policy.part.0
496862.0,3708935,python,[kernel.kallsyms],get_vma_policy
496846.0,3708580,python,[kernel.kallsyms],vma_alloc_zeroed_movable_folio
496842.0,3709270,python,[kernel.kallsyms],handle_pte_fault
496802.0,3709441,python,[kernel.kallsyms],policy_nodemask
496770.0,3708447,python,[JIT],0x0000e1f8571e323c
496763.0,3708580,python,[kernel.kallsyms],__pte_offset_map_lock
496721.0,3708580,python,[kernel.kallsyms],percpu_counter_add_batch
496718.0,3708760,python,[kernel.kallsyms],set_ptes.isra.0
496710.0,3708447,python,[kernel.kallsyms],get_task_policy.part.0
496710.0,3709077,python,[kernel.kallsyms],folio_add_lru
496695.0,3709270,python,[kernel.kallsyms],folio_add_lru
496693.0,3708580,python,[kernel.kallsyms],__rmqueue_pcplist
496687.0,3708935,python,[kernel.kallsyms],percpu_counter_add_batch
496674.0,3708447,python,[JIT],0x0000e1f85713f8cc
496672.0,3708760,python,[JIT],0x0000fb7688c81160
496669.0,3708760,python,[kernel.kallsyms],up_read
496646.0,3708935,python,[kernel.kallsyms],mas_walk
496618.0,3708935,python,[kernel.kallsyms],folio_add_new_anon_rmap
496614.0,3708447,python,[kernel.kallsyms],memset
496596.0,3708760,python,[kernel.kallsyms],__mod_memcg_lruvec_state
496588.0,3708447,python,libc.so.6,_int_realloc
496584.0,3708760,python,[JIT],0x0000fb7688bdc08c
496578.0,3709077,python,[JIT],0x0000f0f377c04340
496573.0,3708760,python,[kernel.kallsyms],percpu_ref_get_many
496566.0,3709441,python,[kernel.kallsyms],blk_cgroup_congested
496552.0,3709441,python,[JIT],0x0000f9347519b180
496543.0,3708935,python,[kernel.kallsyms],alloc_pages_mpol
496540.0,3708935,python,[kernel.kallsyms],memset
496522.0,3709077,python,[kernel.kallsyms],pte_offset_map_nolock
496522.0,3709441,python,[kernel.kallsyms],kthread_blkcg
496520.0,3708580,python,[kernel.kallsyms],do_mem_abort
496512.0,3709077,python,[kernel.kallsyms],set_ptes.isra.0
496509.0,3708935,python,[kernel.kallsyms],pte_offset_map_nolock
496506.0,3708935,python,[kernel.kallsyms],policy_nodemask
496500.0,3708935,python,[kernel.kallsyms],page_counter_try_charge
496497.0,3709270,python,[kernel.kallsyms],cgroup_rstat_updated
496494.0,3709441,python,[kernel.kallsyms],__mem_cgroup_charge
496490.0,3708580,python,[kernel.kallsyms],policy_nodemask
496478.0,3709077,python,[kernel.kallsyms],memset
496470.0,3708580,python,[kernel.kallsyms],cgroup_rstat_updated
496468.0,3708580,python,[kernel.kallsyms],folio_add_new_anon_rmap
496456.0,3709441,python,[kernel.kallsyms],sanitize_fault_flags
496444.0,3708580,python,[kernel.kallsyms],up_read
496436.0,3708935,python,[JIT],0x0000e5a3cd7c3188
496433.0,3709077,python,[kernel.kallsyms],sched_mm_cid_remote_clear
496433.0,3708760,python,[kernel.kallsyms],vma_alloc_zeroed_movable_folio
496429.0,3708447,python,[JIT],0x0000e1f8571e3128
496428.0,3708935,python,[kernel.kallsyms],vma_alloc_zeroed_movable_folio
496426.0,3709441,python,[kernel.kallsyms],folio_batch_move_lru
496418.0,3709441,python,[kernel.kallsyms],should_fail_alloc_page
496416.0,3708760,python,[JIT],0x0000fb7688bdd150
496411.0,3709077,python,[kernel.kallsyms],__folio_set_anon
496409.0,3709077,python,[kernel.kallsyms],alloc_anon_folio
496407.0,3709441,python,[JIT],0x0000f9347519522c
496404.0,3709077,python,[kernel.kallsyms],__mem_cgroup_charge
496404.0,3709441,python,[JIT],0x0000f9347519805c
496404.0,3708580,python,[JIT],0x0000f9c1c7c0b10c
496403.0,3708447,python,[JIT],0x0000e1f85713e22c
496403.0,3708447,python,[JIT],0x0000e1f8571e11c0
496402.0,3709077,python,[JIT],0x0000f0f377c071e4
496397.0,3708760,python,[JIT],0x0000fb7688c81170
496395.0,3708935,python,[JIT],0x0000e5a3cd71e18c
496387.0,3709077,python,[kernel.kallsyms],__mod_lruvec_state
496387.0,3709077,python,[JIT],0x0000f0f377c0405c
496386.0,3708447,python,[JIT],0x0000e1f85713e118
496385.0,3708580,python,[JIT],0x0000f9c1c7c0916c
496385.0,3708760,python,[JIT],0x0000fb7688c81048
496381.0,3709441,python,[JIT],0x0000f9347519712c
496378.0,3708447,python,[JIT],0x0000e1f85713e124
496371.0,3708760,python,[JIT],0x0000fb7688c812d8
496368.0,3708580,python,[JIT],0x0000f9c1c7c0a210
496366.0,3709077,python,[JIT],0x0000f0f377c09178
496364.0,3708580,python,[kernel.kallsyms],__lruvec_stat_mod_folio
496363.0,3709270,python,[JIT],0x0000eaaffa1be2a8
496360.0,3709441,python,[JIT],0x0000f9347519b4c8
496358.0,3708580,python,[JIT],0x0000f9c1c7c091a8
496355.0,3708935,python,[JIT],0x0000e5a3cd71f1c0
496351.0,3709270,python,[kernel.kallsyms],sanitize_fault_flags
496348.0,3708580,python,[kernel.kallsyms],get_task_policy.part.0
496347.0,3708580,python,[kernel.kallsyms],down_read_trylock
496346.0,3708760,python,[JIT],0x0000fb7688bde8cc
496344.0,3709077,python,[JIT],0x0000f0f377c050a4
496343.0,3708447,python,[JIT],0x0000e1f8571e2328
496343.0,3708935,python,[kernel.kallsyms],_raw_spin_lock
496342.0,3708760,python,[JIT],0x0000fb7688bdc16c
496342.0,3708760,python,[JIT],0x0000fb7688bde3cc
496341.0,3709441,python,[JIT],0x0000f934751970b8
496338.0,3708580,python,[JIT],0x0000f9c1c7c0e204
496334.0,3708935,python,[JIT],0x0000e5a3cd71e244
496334.0,3708760,python,[JIT],0x0000fb7688bde3a8
496333.0,3708447,python,[JIT],0x0000e1f85713f234
496333.0,3708580,python,[JIT],0x0000f9c1c7c091c0
496331.0,3708447,python,python,_PyObject_Realloc
496331.0,3709441,python,[JIT],0x0000f934751990e4
496331.0,3708935,python,[JIT],0x0000e5a3cd71d148
496327.0,3708760,python,[kernel.kallsyms],blk_cgroup_congested
496325.0,3708760,python,[JIT],0x0000fb7688c812d0
496324.0,3708935,python,[kernel.kallsyms],set_ptes.isra.0
496323.0,3709077,python,[JIT],0x0000f0f377c09000
496321.0,3708447,python,[JIT],0x0000e1f8571e3060
496320.0,3708935,python,[JIT],0x0000e5a3cd71f17c
496316.0,3708935,python,[kernel.kallsyms],folio_add_lru
496313.0,3709077,python,[JIT],0x0000f0f377c041a4
496311.0,3708760,python,[JIT],0x0000fb7688bde3b8
496308.0,3709077,python,[kernel.kallsyms],__folio_throttle_swaprate
496307.0,3709441,python,[JIT],0x0000f934751991b0
496306.0,3708447,python,[JIT],0x0000e1f85713f24c
496305.0,3709441,python,[JIT],0x0000f934751962a8
496303.0,3708447,python,[JIT],0x0000e1f8571e206c
496302.0,3708580,python,[JIT],0x0000f9c1c7c0e240
496300.0,3708580,python,[kernel.kallsyms],get_page_from_freelist
496300.0,3708580,python,[JIT],0x0000f9c1c7c0c238
496299.0,3708760,python,[kernel.kallsyms],__mem_cgroup_charge
496298.0,3709077,python,[JIT],0x0000f0f377c0805c
496297.0,3708580,python,[JIT],0x0000f9c1c7c0a000
496296.0,3709441,python,[JIT],0x0000f9347519a238
496294.0,3708580,python,[JIT],0x0000f9c1c7c0b3b8
496292.0,3709077,python,[JIT],0x0000f0f377c0694c
496292.0,3708935,python,[JIT],0x0000e5a3cd71d0f4
496292.0,3708935,python,[JIT],0x0000e5a3cd7c30e4
496292.0,3708760,python,[kernel.kallsyms],do_pte_missing
496289.0,3708447,python,[JIT],0x0000e1f8571e22e8
496289.0,3709077,python,[kernel.kallsyms],percpu_ref_put_many.constprop.0
496288.0,3709441,python,[JIT],0x0000f93475197204
496287.0,3709077,python,[JIT],0x0000f0f377c08294
496286.0,3708580,python,[JIT],0x0000f9c1c7c0e2a8
496284.0,3708760,python,[JIT],0x0000fb7688bdf19c
496284.0,3708760,python,[JIT],0x0000fb7688c82038
496283.0,3708447,python,[kernel.kallsyms],zone_statistics
496281.0,3708935,python,[kernel.kallsyms],percpu_ref_put_many.constprop.0
496280.0,3708935,python,[JIT],0x0000e5a3cd7c34c8
496278.0,3708580,python,[JIT],0x0000f9c1c7c0c0a0
496278.0,3708935,python,[JIT],0x0000e5a3cd71e1f4
496277.0,3708935,python,[JIT],0x0000e5a3cd7c230c
496277.0,3708760,python,[JIT],0x0000fb7688c821c0
496276.0,3708447,python,[JIT],0x0000e1f85713c0c8
496276.0,3708760,python,[JIT],0x0000fb7688bde040
496275.0,3708935,python,[JIT],0x0000e5a3cd71f194
496274.0,3709077,python,[JIT],0x0000f0f377c08034
496274.0,3708447,python,[JIT],0x0000e1f85713d240
496274.0,3708447,python,[JIT],0x0000e1f8571e31e4
496274.0,3708580,python,[JIT],0x0000f9c1c7c0c02c
496274.0,3708935,python,[JIT],0x0000e5a3cd71e244
496273.0,3708580,python,[JIT],0x0000f9c1c7c090b8
496273.0,3708580,python,[JIT],0x0000f9c1c7c0d200
496272.0,3708447,python,[JIT],0x0000e1f8571e10e8
496271.0,3708935,python,[JIT],0x0000e5a3cd71d29c
496269.0,3709077,python,[JIT],0x0000f0f377c07214
496268.0,3709270,python,[JIT],0x0000eaaffa1f1070
496268.0,3708935,python,[JIT],0x0000e5a3cd7c148c
496267.0,3709441,python,[JIT],0x0000f9347519615c
496267.0,3708760,python,[JIT],0x0000fb7688bdf1c0
496266.0,3708935,python,[JIT],0x0000e5a3cd7c213c
496263.0,3708580,python,[JIT],0x0000f9c1c7c09080
496263.0,3708580,python,[JIT],0x0000f9c1c7c0a280
496261.0,3709270,python,[kernel.kallsyms],policy_nodemask
496261.0,3708580,python,[JIT],0x0000f9c1c7c0c4e0
496259.0,3709077,python,[kernel.kallsyms],__alloc_pages
496258.0,3709441,python,[JIT],0x0000f9347519529c
496258.0,3708935,python,[JIT],0x0000e5a3cd71f378
496258.0,3708760,python,[JIT],0x0000fb7688bdb1c8
496257.0,3708760,python,[JIT],0x0000fb7688bdc0c4
496256.0,3708760,python,[JIT],0x0000fb7688bdd1c4
496255.0,3708580,python,[JIT],0x0000f9c1c7c09174
496254.0,3709441,python,[JIT],0x0000f934751991c0
496251.0,3709441,python,[JIT],0x0000f93475196340
496251.0,3709441,python,[JIT],0x0000f93475198220
496251.0,3708935,python,[JIT],0x0000e5a3cd7c121c
496250.0,3709270,python,[JIT],0x0000eaaffa1f11fc
496250.0,3708935,python,[JIT],0x0000e5a3cd71d0a8
496250.0,3708935,python,[JIT],0x0000e5a3cd71f114
496249.0,3709441,python,[JIT],0x0000f9347519a140
496248.0,3709077,python,[JIT],0x0000f0f377c08174
496248.0,3708935,python,[JIT],0x0000e5a3cd71f080
496248.0,3708935,python,[JIT],0x0000e5a3cd71f2c4
496248.0,3708935,python,[JIT],0x0000e5a3cd7c225c
496248.0,3708760,python,[JIT],0x0000fb7688c81038
496247.0,3708760,python,[JIT],0x0000fb7688c82210
496246.0,3708580,python,[JIT],0x0000f9c1c7c0e4d8
496246.0,3708935,python,[JIT],0x0000e5a3cd71c0e4
496245.0,3708447,python,[JIT],0x0000e1f85713f220
496245.0,3709441,python,[JIT],0x0000f9347519a328
496245.0,3708580,python,[JIT],0x0000f9c1c7c09154
496244.0,3709441,python,[JIT],0x0000f93475195214
496244.0,3709441,python,[JIT],0x0000f9347519a0c0
496243.0,3708580,python,[JIT],0x0000f9c1c7c09240
496243.0,3708935,python,[JIT],0x0000e5a3cd71d1a8
496241.0,3708447,python,[JIT],0x0000e1f85713e230
496241.0,3708580,python,[JIT],0x0000f9c1c7c0c0d0
496241.0,3708760,python,[JIT],0x0000fb7688bdc204
496240.0,3708447,python,[JIT],0x0000e1f85713d308
496239.0,3709441,python,[JIT],0x0000f9347519a004
496239.0,3708580,python,[JIT],0x0000f9c1c7c09340
496238.0,3709270,python,python,PyObject_Malloc
496238.0,3708580,python,[JIT],0x0000f9c1c7c0e260
496238.0,3708760,python,[JIT],0x0000fb7688bdc0fc
496237.0,3709077,python,[JIT],0x0000f0f377c08170
496237.0,3708760,python,[JIT],0x0000fb7688bdd23c
496236.0,3709077,python,[JIT],0x0000f0f377c0506c
496236.0,3708760,python,[JIT],0x0000fb7688bdd200
496235.0,3709441,python,[JIT],0x0000f93475196138
496235.0,3708580,python,[JIT],0x0000f9c1c7c0d208
496235.0,3708580,python,[JIT],0x0000f9c1c7c0e08c
496234.0,3709077,python,[JIT],0x0000f0f377c04000
496234.0,3709270,python,[JIT],0x0000eaaffa1bf160
496233.0,3708447,python,[JIT],0x0000e1f85713c150
496233.0,3709441,python,[JIT],0x0000f934751991c4
496233.0,3708760,python,[JIT],0x0000fb7688bdd420
496232.0,3708447,python,[JIT],0x0000e1f85713d1e4
496232.0,3709441,python,[JIT],0x0000f9347519a290
496231.0,3708760,python,[JIT],0x0000fb7688c821b8
496231.0,3708935,python,[JIT],0x0000e5a3cd7c1240
496230.0,3709270,python,[JIT],0x0000eaaffa1f111c
496229.0,3709077,python,[JIT],0x0000f0f377c080e4
496229.0,3709270,python,[JIT],0x0000eaaffa1be308
496229.0,3709077,python,[kernel.kallsyms],get_mem_cgroup_from_mm
496229.0,3708935,python,[JIT],0x0000e5a3cd71f22c
496228.0,3709077,python,[JIT],0x0000f0f377c060d0
496228.0,3708580,python,[JIT],0x0000f9c1c7c0e088
496228.0,3708760,python,[JIT],0x0000fb7688c81040
496228.0,3708760,python,[JIT],0x0000fb7688bdc0f0
496228.0,3708760,python,[JIT],0x0000fb7688bdd130
496227.0,3708760,python,[JIT],0x0000fb7688c821e0
496225.0,3708447,python,[JIT],0x0000e1f8571e3038
496225.0,3708760,python,[JIT],0x0000fb7688c812f8
496224.0,3709077,python,[JIT],0x0000f0f377c032e8
496224.0,3708580,python,[JIT],0x0000f9c1c7c0a228
496223.0,3708447,python,[JIT],0x0000e1f8571e20a4
496222.0,3709077,python,[JIT],0x0000f0f377c030e8
496222.0,3708580,python,[JIT],0x0000f9c1c7c0d1fc
496222.0,3708935,python,[JIT],0x0000e5a3cd71e1e8
496221.0,3709270,python,[JIT],0x0000eaaffa1bf298
496220.0,3708447,python,[JIT],0x0000e1f8571e30a8
496220.0,3709441,python,[JIT],0x0000f9347519a05c
496220.0,3708580,python,[JIT],0x0000f9c1c7c0a11c
496219.0,3708447,python,[JIT],0x0000e1f85713f20c
496219.0,3708580,python,[JIT],0x0000f9c1c7c08240
496219.0,3708580,python,[JIT],0x0000f9c1c7c0a200
496219.0,3708935,python,[JIT],0x0000e5a3cd7c11cc
496218.0,3708447,python,[JIT],0x0000e1f85713e0ec
496218.0,3708447,python,[JIT],0x0000e1f8571e123c
496217.0,3708447,python,[JIT],0x0000e1f85713d29c
496217.0,3708447,python,[JIT],0x0000e1f8571e22f4
496217.0,3708580,python,[kernel.kallsyms],free_pages_and_swap_cache
496217.0,3708580,python,[JIT],0x0000f9c1c7c0d244
496217.0,3708935,python,[JIT],0x0000e5a3cd71f34c
496216.0,3708447,python,[JIT],0x0000e1f85713f230
496215.0,3709441,python,[JIT],0x0000f934751991d0
496215.0,3708935,python,[JIT],0x0000e5a3cd7c3150
496213.0,3708447,python,[JIT],0x0000e1f85713c0e4
496213.0,3708580,python,[JIT],0x0000f9c1c7c08100
496213.0,3708760,python,[JIT],0x0000fb7688c821cc
496213.0,3708760,python,[JIT],0x0000fb7688bdd444
496213.0,3708760,python,[JIT],0x0000fb7688bde28c
496213.0,3708760,python,[JIT],0x0000fb7688bde418
496212.0,3708580,python,[JIT],0x0000f9c1c7c0d294
496212.0,3708580,python,[JIT],0x0000f9c1c7c0e264
496212.0,3708935,python,[JIT],0x0000e5a3cd7c1264
496211.0,3708447,python,[JIT],0x0000e1f8571e31f0
496211.0,3708580,python,[JIT],0x0000f9c1c7c0b06c
496210.0,3709077,python,[kernel.kallsyms],do_pte_missing
496210.0,3709441,python,[JIT],0x0000f9347519b094
496209.0,3709077,python,[JIT],0x0000f0f377c051a8
496209.0,3709441,python,[JIT],0x0000f93475198034
496208.0,3708760,python,[JIT],0x0000fb7688bde160
496207.0,3709441,python,[JIT],0x0000f9347519a22c
496207.0,3708580,python,[JIT],0x0000f9c1c7c0c22c
496207.0,3708760,python,[JIT],0x0000fb7688bdd18c
496206.0,3709441,python,[JIT],0x0000f93475196034
496206.0,3708760,python,[JIT],0x0000fb7688c810c4
496206.0,3708935,python,[JIT],0x0000e5a3cd7c10b4
496205.0,3708447,python,[JIT],0x0000e1f85713f1fc
496204.0,3709077,python,[JIT],0x0000f0f377c0505c
496204.0,3709270,python,[kernel.kallsyms],mem_cgroup_commit_charge
496204.0,3708760,python,[kernel.kallsyms],mem_cgroup_commit_charge
496204.0,3708760,python,[JIT],0x0000fb7688c821b4
496203.0,3709270,python,[JIT],0x0000eaaffa1f1454
496203.0,3708447,python,[JIT],0x0000e1f8571e11f0
496203.0,3708580,python,[JIT],0x0000f9c1c7c0c0ec
496202.0,3709270,python,[JIT],0x0000eaaffa1f21d8
496202.0,3708447,python,[JIT],0x0000e1f85713e248
496202.0,3708580,python,[JIT],0x0000f9c1c7c0c21c
496202.0,3708935,python,[JIT],0x0000e5a3cd71d154
496202.0,3708935,python,[JIT],0x0000e5a3cd71f950
496202.0,3708935,python,[JIT],0x0000e5a3cd7c1150
496201.0,3709077,python,libc.so.6,realloc
496201.0,3708935,python,[JIT],0x0000e5a3cd71c1f0
496200.0,3708447,python,[JIT],0x0000e1f85713c07c
496200.0,3708580,python,[JIT],0x0000f9c1c7c0a1fc
496200.0,3708935,python,[JIT],0x0000e5a3cd71f00c
496200.0,3708935,python,[JIT],0x0000e5a3cd71f418
496200.0,3708760,python,[JIT],0x0000fb7688bdf200
496199.0,3708447,python,[JIT],0x0000e1f8571e2248
496199.0,3709441,python,[JIT],0x0000f9347519b210
496199.0,3708580,python,[JIT],0x0000f9c1c7c0b030
496198.0,3708580,python,[JIT],0x0000f9c1c7c0b110
496198.0,3708935,python,[JIT],0x0000e5a3cd71f8c8
496197.0,3708935,python,[JIT],0x0000e5a3cd7c21bc
496195.0,3708580,python,[JIT],0x0000f9c1c7c0c0b4
496195.0,3708935,python,[JIT],0x0000e5a3cd7c30c0
496194.0,3708447,python,[JIT],0x0000e1f85713f07c
496194.0,3708580,python,[JIT],0x0000f9c1c7c0c028
496194.0,3708760,python,[JIT],0x0000fb7688bdd118
496193.0,3708447,python,[JIT],0x0000e1f85713d06c
496193.0,3708447,python,[JIT],0x0000e1f85713e0c0
496193.0,3708447,python,[JIT],0x0000e1f85713f06c
496193.0,3708935,python,[JIT],0x0000e5a3cd7c21ac
496193.0,3708760,python,[JIT],0x0000fb7688c810c0
496192.0,3708935,python,[JIT],0x0000e5a3cd7c31f0
496192.0,3708935,python,[JIT],0x0000e5a3cd7c3374
496191.0,3708447,python,[JIT],0x0000e1f8571e148c
496191.0,3708760,python,[JIT],0x0000fb7688bdb140
496191.0,3708760,python,[JIT],0x0000fb7688c821ec
496190.0,3709270,python,[JIT],0x0000eaaffa1f4234
496190.0,3708580,python,[JIT],0x0000f9c1c7c0d044
496190.0,3708935,python,[JIT],0x0000e5a3cd7c2110
496189.0,3709077,python,[JIT],0x0000f0f377c0409c
496188.0,3708580,python,[JIT],0x0000f9c1c7c0a208
496188.0,3708935,python,[JIT],0x0000e5a3cd7c3004
496187.0,3708447,python,[JIT],0x0000e1f85713d2e0
496187.0,3708447,python,[JIT],0x0000e1f8571e109c
496187.0,3708580,python,[JIT],0x0000f9c1c7c0e060
496187.0,3708580,python,[JIT],0x0000f9c1c7c0b114
496186.0,3709441,python,[JIT],0x0000f93475196254
496185.0,3709270,python,[JIT],0x0000eaaffa1f31b8
496185.0,3708447,python,[JIT],0x0000e1f85713e1f8
496185.0,3709441,python,[JIT],0x0000f9347519a29c
496184.0,3708447,python,[JIT],0x0000e1f8571e2330
496183.0,3709270,python,[JIT],0x0000eaaffa1be1b4
496182.0,3709441,python,[JIT],0x0000f93475198084
496182.0,3709441,python,[JIT],0x0000f9347519a298
496182.0,3708580,python,[JIT],0x0000f9c1c7c0d0f8
496182.0,3708935,python,libc.so.6,realloc
496182.0,3708935,python,[JIT],0x0000e5a3cd71f278
496182.0,3708935,python,[JIT],0x0000e5a3cd7c1200
496181.0,3708580,python,[JIT],0x0000f9c1c7c0908c
496181.0,3708935,python,[JIT],0x0000e5a3cd7c21cc
496181.0,3708760,python,[JIT],0x0000fb7688c81114
496180.0,3708580,python,[JIT],0x0000f9c1c7c08000
496180.0,3708935,python,[JIT],0x0000e5a3cd7c30c8
496179.0,3708760,python,[JIT],0x0000fb7688c811c4
496178.0,3709441,python,[JIT],0x0000f9347519a300
496178.0,3708760,python,[JIT],0x0000fb7688bdb07c
496178.0,3708760,python,[JIT],0x0000fb7688bdd280
496177.0,3709077,python,[JIT],0x0000f0f377c06078
496177.0,3709077,python,[JIT],0x0000f0f377c063a8
496177.0,3709270,python,[JIT],0x0000eaaffa1be154
496177.0,3709441,python,[JIT],0x0000f934751981f0
496177.0,3708935,python,[JIT],0x0000e5a3cd71f22c
496177.0,3708935,python,[JIT],0x0000e5a3cd7c30b0
496176.0,3709441,python,[JIT],0x0000f934751961e4
496176.0,3708760,python,[JIT],0x0000fb7688bdd050
496175.0,3708580,python,[JIT],0x0000f9c1c7c0d2f0
496175.0,3708760,python,[JIT],0x0000fb7688bde34c
496174.0,3709077,python,[JIT],0x0000f0f377c0830c
496174.0,3709077,python,[JIT],0x0000f0f377c070d0
496174.0,3708760,python,[kernel.kallsyms],pte_offset_map_nolock
496173.0,3709077,python,[JIT],0x0000f0f377c06408
496173.0,3709270,python,[JIT],0x0000eaaffa1f44d8
496173.0,3709441,python,[JIT],0x0000f93475197154
496173.0,3708760,python,[kernel.kallsyms],page_counter_try_charge
496172.0,3708580,python,[JIT],0x0000f9c1c7c0b284
496172.0,3708580,python,[JIT],0x0000f9c1c7c0e028
496172.0,3708580,python,[JIT],0x0000f9c1c7c0e544
496171.0,3708580,python,[JIT],0x0000f9c1c7c0d034
496171.0,3708580,python,[JIT],0x0000f9c1c7c0b0f8
496171.0,3708935,python,[JIT],0x0000e5a3cd7c1210
496171.0,3708935,python,[JIT],0x0000e5a3cd71f8d0
496170.0,3709077,python,[JIT],0x0000f0f377c040e8
496170.0,3708580,python,[JIT],0x0000f9c1c7c092e8
496170.0,3708580,python,[JIT],0x0000f9c1c7c0a18c
496170.0,3708935,python,[JIT],0x0000e5a3cd7c2330
496170.0,3708760,python,[JIT],0x0000fb7688bdd2ac
496169.0,3709077,python,[JIT],0x0000f0f377c08258
496169.0,3708935,python,[JIT],0x0000e5a3cd71d2e0
496169.0,3708935,python,[JIT],0x0000e5a3cd71d240
496169.0,3708935,python,[JIT],0x0000e5a3cd71e048
496168.0,3709077,python,[JIT],0x0000f0f377c06398
496168.0,3708447,python,[JIT],0x0000e1f85713e00c
496168.0,3708580,python,[JIT],0x0000f9c1c7c0c040
496168.0,3708935,python,[JIT],0x0000e5a3cd7c22d8
496167.0,3709077,python,[JIT],0x0000f0f377c081a8
496167.0,3709441,python,[JIT],0x0000f93475199338
496167.0,3708935,python,[JIT],0x0000e5a3cd71e074
496167.0,3708935,python,[JIT],0x0000e5a3cd7c11b8
496166.0,3709270,python,[JIT],0x0000eaaffa1f10ac
496166.0,3708760,python,[JIT],0x0000fb7688bde204
496165.0,3708447,python,[JIT],0x0000e1f8571e2304
496165.0,3709077,python,[JIT],0x0000f0f377c05254
496164.0,3709077,python,[JIT],0x0000f0f377c08218
496164.0,3708447,python,[JIT],0x0000e1f85713d148
496164.0,3708935,python,[JIT],0x0000e5a3cd71c178
496164.0,3708760,python,[JIT],0x0000fb7688bdb0e4
496163.0,3708447,python,[JIT],0x0000e1f85713c09c
496163.0,3708935,python,[kernel.kallsyms],_find_next_bit
496162.0,3709270,python,[JIT],0x0000eaaffa1f40e8
496162.0,3708447,python,[JIT],0x0000e1f85713d100
496162.0,3708580,python,[JIT],0x0000f9c1c7c09084
496162.0,3708580,python,[JIT],0x0000f9c1c7c0c0c4
496161.0,3708760,python,[JIT],0x0000fb7688c820ec
496160.0,3708447,python,[JIT],0x0000e1f85713d1c0
496159.0,3709077,python,[kernel.kallsyms],down_read_trylock
496159.0,3708935,python,[JIT],0x0000e5a3cd7c117c
496159.0,3708760,python,[JIT],0x0000fb7688bdf338
496158.0,3709270,python,[JIT],0x0000eaaffa1f3228
496158.0,3709077,python,[JIT],0x0000f0f377c060a8
496158.0,3708935,python,[JIT],0x0000e5a3cd7c3370
496158.0,3708935,python,[JIT],0x0000e5a3cd7c22fc
496158.0,3708760,python,[JIT],0x0000fb7688c81150
496157.0,3709270,python,[JIT],0x0000eaaffa1f3004
496157.0,3709077,python,[JIT],0x0000f0f377c07498
496157.0,3709441,python,[JIT],0x0000f934751962dc
496157.0,3708935,python,[JIT],0x0000e5a3cd71e034
496157.0,3708935,python,[JIT],0x0000e5a3cd71e02c
496156.0,3709441,python,[JIT],0x0000f9347519b000
496156.0,3708935,python,[JIT],0x0000e5a3cd71f1b4
496155.0,3709441,python,[JIT],0x0000f934751982b0
496155.0,3708760,python,[JIT],0x0000fb7688c821c8
496155.0,3708935,python,[JIT],0x0000e5a3cd71f0b0
496154.0,3708580,python,[JIT],0x0000f9c1c7c0a410
496154.0,3708580,python,[JIT],0x0000f9c1c7c0e06c
496153.0,3709441,python,[JIT],0x0000f934751970b0
496153.0,3708580,python,[JIT],0x0000f9c1c7c0a248
496152.0,3709077,python,[JIT],0x0000f0f377c062a8
496152.0,3708447,python,[JIT],0x0000e1f85713f198
496152.0,3709077,python,[JIT],0x0000f0f377c06108
496152.0,3709441,python,[JIT],0x0000f934751983f4
496152.0,3708580,python,[JIT],0x0000f9c1c7c0b2a0
496152.0,3708580,python,[JIT],0x0000f9c1c7c0c068
496151.0,3709077,python,[JIT],0x0000f0f377c050b0
496151.0,3709077,python,[JIT],0x0000f0f377c051c4
496151.0,3709077,python,[JIT],0x0000f0f377c08228
496151.0,3708760,python,[JIT],0x0000fb7688c82230
496151.0,3708760,python,[JIT],0x0000fb7688bdd10c
496150.0,3709270,python,[JIT],0x0000eaaffa1f3154
496150.0,3708580,python,[JIT],0x0000f9c1c7c0b35c
496149.0,3709077,python,[JIT],0x0000f0f377c070e8
496149.0,3708447,python,[JIT],0x0000e1f8571e106c
496149.0,3709441,python,[JIT],0x0000f93475196338
496149.0,3709441,python,[JIT],0x0000f934751988c0
496149.0,3708580,python,[JIT],0x0000f9c1c7c0c1c0
496149.0,3708935,python,[JIT],0x0000e5a3cd71d22c
496149.0,3708760,python,[JIT],0x0000fb7688bdc304
496149.0,3708760,python,[JIT],0x0000fb7688c811b0
496148.0,3709077,python,[JIT],0x0000f0f377c0808c
496148.0,3708447,python,[JIT],0x0000e1f85713d0fc
496148.0,3708447,python,[JIT],0x0000e1f8571e1170
496148.0,3709441,python,[JIT],0x0000f93475198240
496148.0,3709441,python,[JIT],0x0000f9347519b23c
496148.0,3708580,python,[JIT],0x0000f9c1c7c0a2c4
496148.0,3708580,python,[JIT],0x0000f9c1c7c0a21c
496148.0,3708760,python,[JIT],0x0000fb7688bdc1a8
496147.0,3709077,python,[JIT],0x0000f0f377c09214
496147.0,3709441,python,[JIT],0x0000f93475196054
496146.0,3708447,python,[JIT],0x0000e1f8571e2298
496146.0,3708580,python,[kernel.kallsyms],__rcu_read_unlock
496146.0,3708935,python,[JIT],0x0000e5a3cd71f064
496146.0,3708760,python,[JIT],0x0000fb7688bdc1c0
496146.0,3708760,python,[JIT],0x0000fb7688bdf05c
496145.0,3709441,python,[JIT],0x0000f9347519608c
496145.0,3708580,python,[JIT],0x0000f9c1c7c0c074
496144.0,3709077,python,[JIT],0x0000f0f377c0916c
496144.0,3709441,python,[JIT],0x0000f9347519a288
496144.0,3708935,python,[JIT],0x0000e5a3cd7c3208
496142.0,3708447,python,[JIT],0x0000e1f85713e1fc
496142.0,3709077,python,[JIT],0x0000f0f377c071ac
496142.0,3709441,python,[JIT],0x0000f9347519a2f4
496142.0,3708760,python,[JIT],0x0000fb7688c82178
496141.0,3709270,python,[JIT],0x0000eaaffa1bf098
496141.0,3708580,python,[JIT],0x0000f9c1c7c0d2d0
496140.0,3708447,python,[JIT],0x0000e1f8571e1040
496140.0,3709441,python,[JIT],0x0000f93475196044
496139.0,3709441,python,[JIT],0x0000f93475197214
496139.0,3708760,python,[JIT],0x0000fb7688c82174
496138.0,3708935,python,[JIT],0x0000e5a3cd71d2d8
496138.0,3708935,python,[JIT],0x0000e5a3cd71f398
496138.0,3708935,python,[JIT],0x0000e5a3cd71e0c4
496137.0,3709270,python,[JIT],0x0000eaaffa1f31f4
496137.0,3709441,python,[JIT],0x0000f934751991a4
496137.0,3708760,python,[JIT],0x0000fb7688bdc140
496136.0,3709077,python,[JIT],0x0000f0f377c080f8
496136.0,3708935,python,[JIT],0x0000e5a3cd71e0e4
496136.0,3708760,python,[JIT],0x0000fb7688bdd104
496135.0,3709077,python,[JIT],0x0000f0f377c081f0
496135.0,3708935,python,[JIT],0x0000e5a3cd71e094
496135.0,3708935,python,[JIT],0x0000e5a3cd7c1040
496135.0,3708760,python,[JIT],0x0000fb7688c821e4
496134.0,3709077,python,[JIT],0x0000f0f377c09164
496134.0,3709441,python,[JIT],0x0000f93475199170
496133.0,3709441,python,[JIT],0x0000f934751952dc
496133.0,3709441,python,[JIT],0x0000f93475196004
496133.0,3708935,python,[JIT],0x0000e5a3cd71e108
496132.0,3709270,python,[JIT],0x0000eaaffa1f1288
496132.0,3708447,python,[JIT],0x0000e1f8571e3540
496132.0,3709441,python,[JIT],0x0000f934751960fc
496131.0,3709077,python,[JIT],0x0000f0f377c05400
496131.0,3709077,python,[JIT],0x0000f0f377c063dc
496131.0,3708580,python,[JIT],0x0000f9c1c7c0b3ac
496131.0,3708760,python,[JIT],0x0000fb7688bde0d0
496131.0,3708935,python,[JIT],0x0000e5a3cd71f0d4
496130.0,3709270,python,[JIT],0x0000eaaffa1f219c
496130.0,3709270,python,[JIT],0x0000eaaffa1be338
496130.0,3709441,python,[JIT],0x0000f93475197060
496130.0,3709441,python,[JIT],0x0000f9347519b20c
496130.0,3708580,python,[JIT],0x0000f9c1c7c0913c
496130.0,3708760,python,[JIT],0x0000fb7688c81030
496129.0,3708447,python,[JIT],0x0000e1f85713e200
496128.0,3708580,python,[JIT],0x0000f9c1c7c0c14c
496127.0,3709441,python,[JIT],0x0000f934751972c0
496127.0,3708580,python,[JIT],0x0000f9c1c7c0b2b0
496126.0,3709270,python,[JIT],0x0000eaaffa1f1108
496126.0,3709441,python,[JIT],0x0000f934751982c8
496125.0,3709441,python,[JIT],0x0000f93475198190
496125.0,3708580,python,[JIT],0x0000f9c1c7c0906c
496125.0,3708760,python,[JIT],0x0000fb7688bdd240
496124.0,3708935,python,[JIT],0x0000e5a3cd71d040
496124.0,3708935,python,[JIT],0x0000e5a3cd71f068
496124.0,3708760,python,[JIT],0x0000fb7688c810d4
496124.0,3708760,python,[JIT],0x0000fb7688bdb0d8
496123.0,3709077,python,[JIT],0x0000f0f377c0717c
496122.0,3709441,python,[JIT],0x0000f9347519705c
496122.0,3709441,python,[JIT],0x0000f9347519b128
496122.0,3708580,python,[JIT],0x0000f9c1c7c0d210
496122.0,3708760,python,[JIT],0x0000fb7688bdf06c
496121.0,3708447,python,[JIT],0x0000e1f8571e1200
496119.0,3709441,python,[JIT],0x0000f934751961cc
496119.0,3708935,python,[JIT],0x0000e5a3cd71f028
496118.0,3708935,python,[JIT],0x0000e5a3cd7c1034
496117.0,3709270,python,[JIT],0x0000eaaffa1f1214
496117.0,3709441,python,[JIT],0x0000f93475198280
496117.0,3708580,python,[JIT],0x0000f9c1c7c09038
496117.0,3708760,python,[JIT],0x0000fb7688bdd294
496116.0,3709077,python,[JIT],0x0000f0f377c05200
496116.0,3709077,python,[JIT],0x0000f0f377c06008
496116.0,3708935,python,[JIT],0x0000e5a3cd71d30c
496116.0,3708935,python,[JIT],0x0000e5a3cd71e260
496116.0,3708760,python,[JIT],0x0000fb7688c81258
496115.0,3709077,python,[JIT],0x0000f0f377c07170
496115.0,3709270,python,[JIT],0x0000eaaffa1f1214
496115.0,3708760,python,[JIT],0x0000fb7688bdc334
496114.0,3709270,python,[JIT],0x0000eaaffa1f40bc
496114.0,3708447,python,[JIT],0x0000e1f85713d07c
496114.0,3709077,python,[JIT],0x0000f0f377c07038
496114.0,3708580,python,[JIT],0x0000f9c1c7c0c08c
496113.0,3709077,python,python,realloc@plt
496113.0,3709077,python,[JIT],0x0000f0f377c040c8
496113.0,3709077,python,[JIT],0x0000f0f377c041c4
496113.0,3708580,python,[JIT],0x0000f9c1c7c0a1ac
496113.0,3708580,python,[JIT],0x0000f9c1c7c0a2c0
496113.0,3708580,python,[JIT],0x0000f9c1c7c0b29c
496112.0,3709077,python,[JIT],0x0000f0f377c04028
496112.0,3709077,python,[JIT],0x0000f0f377c0603c
496112.0,3709077,python,[JIT],0x0000f0f377c08144
496112.0,3709441,python,[JIT],0x0000f93475198428
496112.0,3708935,python,[JIT],0x0000e5a3cd71f0f8
496111.0,3709077,python,[JIT],0x0000f0f377c052c0
496111.0,3709270,python,[JIT],0x0000eaaffa1f2240
496111.0,3708935,python,[JIT],0x0000e5a3cd7c31b4
496111.0,3708760,python,[JIT],0x0000fb7688bdb174
496110.0,3708935,python,[JIT],0x0000e5a3cd7c30a0
496110.0,3708935,python,[JIT],0x0000e5a3cd7c317c
496109.0,3709077,python,[JIT],0x0000f0f377c0814c
496109.0,3709441,python,[JIT],0x0000f934751962d0
496109.0,3708580,python,[JIT],0x0000f9c1c7c0b3dc
496109.0,3708760,python,[JIT],0x0000fb7688c820e0
496108.0,3708447,python,[JIT],0x0000e1f8571e1334
496108.0,3708760,python,[JIT],0x0000fb7688bdf09c
496106.0,3709441,python,[JIT],0x0000f93475196040
496106.0,3709441,python,[JIT],0x0000f93475198234
496106.0,3708935,python,[JIT],0x0000e5a3cd7c31a0
496105.0,3709270,python,[JIT],0x0000eaaffa1f11fc
496105.0,3709441,python,[JIT],0x0000f9347519a19c
496105.0,3708580,python,[JIT],0x0000f9c1c7c0c220
496105.0,3708760,python,[kernel.kallsyms],folio_add_new_anon_rmap
496105.0,3708935,python,python,PyObject_Size
496105.0,3708760,python,[JIT],0x0000fb7688bde250
496105.0,3708760,python,[JIT],0x0000fb7688bde284
496104.0,3708580,python,[JIT],0x0000f9c1c7c0d148
496104.0,3708935,python,[JIT],0x0000e5a3cd7c3210
496103.0,3708935,python,[JIT],0x0000e5a3cd71e214
496103.0,3708760,python,[JIT],0x0000fb7688bdf248
496103.0,3708760,python,[JIT],0x0000fb7688bdc330
496102.0,3709077,python,[JIT],0x0000f0f377c068c0
496102.0,3709270,python,[JIT],0x0000eaaffa1bf2a4
496102.0,3708760,python,[JIT],0x0000fb7688bdd2c0
496101.0,3709077,python,[JIT],0x0000f0f377c09028
496101.0,3709270,python,[JIT],0x0000eaaffa1bf238
496101.0,3708447,python,[JIT],0x0000e1f85713c05c
496101.0,3708935,python,[JIT],0x0000e5a3cd71d0e8
496100.0,3709077,python,[JIT],0x0000f0f377c031a8
496100.0,3708935,python,[JIT],0x0000e5a3cd71d250
496099.0,3708447,python,[JIT],0x0000e1f85713d19c
496099.0,3708447,python,[JIT],0x0000e1f8571e3180
496099.0,3709441,python,[JIT],0x0000f9347519a03c
496099.0,3709441,python,[JIT],0x0000f9347519a08c
496099.0,3708935,python,[JIT],0x0000e5a3cd7c21f4
496099.0,3708760,python,[JIT],0x0000fb7688bde41c
496098.0,3709270,python,[JIT],0x0000eaaffa1bf1ac
496098.0,3708447,python,[JIT],0x0000e1f85713e1ec
496098.0,3708580,python,[JIT],0x0000f9c1c7c0a1fc
496098.0,3708580,python,[JIT],0x0000f9c1c7c0b8d0
496098.0,3708935,python,[JIT],0x0000e5a3cd7c31b0
496097.0,3709077,python,[JIT],0x0000f0f377c0802c
496097.0,3708935,python,[JIT],0x0000e5a3cd7c1270
496097.0,3708935,python,[JIT],0x0000e5a3cd7c312c
496096.0,3708580,python,[JIT],0x0000f9c1c7c0c224
496096.0,3708935,python,[JIT],0x0000e5a3cd7c30a8
496095.0,3709077,python,[JIT],0x0000f0f377c07270
496095.0,3708935,python,[JIT],0x0000e5a3cd71f104
496094.0,3708580,python,[JIT],0x0000f9c1c7c0c03c
496093.0,3709077,python,[JIT],0x0000f0f377c070a0
496093.0,3708580,python,[JIT],0x0000f9c1c7c0b280
496093.0,3708580,python,[JIT],0x0000f9c1c7c0c23c
496093.0,3708935,python,[JIT],0x0000e5a3cd71f2a4
496093.0,3708935,python,[JIT],0x0000e5a3cd71d150
496092.0,3709077,python,[JIT],0x0000f0f377c08000
496092.0,3709270,python,[JIT],0x0000eaaffa1bf244
496092.0,3708447,python,[JIT],0x0000e1f85713f254
496092.0,3709077,python,[JIT],0x0000f0f377c05048
496092.0,3708580,python,[JIT],0x0000f9c1c7c0d160
496091.0,3709077,python,[JIT],0x0000f0f377c040b4
496091.0,3709441,python,[JIT],0x0000f93475196100
496091.0,3708580,python,[JIT],0x0000f9c1c7c080c4
496091.0,3708580,python,[JIT],0x0000f9c1c7c0e068
496091.0,3708580,python,[kernel.kallsyms],arch_local_irq_restore
496091.0,3708760,python,[JIT],0x0000fb7688bdf230
496091.0,3708760,python,[JIT],0x0000fb7688bdb0d4
496091.0,3708760,python,[JIT],0x0000fb7688c820b4
496090.0,3709270,python,[JIT],0x0000eaaffa1f249c
496090.0,3709441,python,[JIT],0x0000f9347519a0a8
496090.0,3708580,python,[JIT],0x0000f9c1c7c08260
496089.0,3709270,python,[JIT],0x0000eaaffa1f4220
496089.0,3708580,python,[JIT],0x0000f9c1c7c0b124
496089.0,3708935,python,[JIT],0x0000e5a3cd71e218
496088.0,3709077,python,[JIT],0x0000f0f377c042a0
496088.0,3709270,python,[JIT],0x0000eaaffa1f41e8
496088.0,3709077,python,[JIT],0x0000f0f377c060e8
496088.0,3709441,python,[JIT],0x0000f934751981f8
496088.0,3708580,python,[JIT],0x0000f9c1c7c0e184
496086.0,3709270,python,[JIT],0x0000eaaffa1f41d8
496086.0,3708580,python,[JIT],0x0000f9c1c7c0c4dc
496085.0,3709270,python,[JIT],0x0000eaaffa1be1c4
496085.0,3708447,python,[JIT],0x0000e1f85713d028
496085.0,3708447,python,[JIT],0x0000e1f85713f064
496085.0,3709441,python,[JIT],0x0000f9347519a30c
496085.0,3708580,python,python,PyObject_Malloc
496085.0,3708935,python,[JIT],0x0000e5a3cd7c2034
496085.0,3708760,python,[JIT],0x0000fb7688bdc1cc
496084.0,3708760,python,[JIT],0x0000fb7688c82188
496084.0,3708935,python,[JIT],0x0000e5a3cd7c306c
496084.0,3708760,python,[JIT],0x0000fb7688bdc170
496083.0,3709077,python,[JIT],0x0000f0f377c074e0
496083.0,3709270,python,[JIT],0x0000eaaffa1f2150
496083.0,3708760,python,[JIT],0x0000fb7688c82268
496082.0,3709077,python,[JIT],0x0000f0f377c0627c
496082.0,3708760,python,[JIT],0x0000fb7688bdd164
496081.0,3709077,python,[JIT],0x0000f0f377c032a8
496081.0,3709077,python,[JIT],0x0000f0f377c070cc
496081.0,3708580,python,[JIT],0x0000f9c1c7c0c084
496080.0,3708447,python,[JIT],0x0000e1f85713e210
496080.0,3708447,python,[JIT],0x0000e1f8571e205c
496080.0,3709441,python,[JIT],0x0000f934751970d8
496080.0,3709441,python,[JIT],0x0000f93475197160
496080.0,3708760,python,[JIT],0x0000fb7688bdc1f4
496079.0,3709270,python,[JIT],0x0000eaaffa1f4094
496079.0,3708447,python,[JIT],0x0000e1f85713e148
496078.0,3709270,python,[JIT],0x0000eaaffa1f2170
496078.0,3709441,python,[JIT],0x0000f9347519a114
496078.0,3708760,python,[JIT],0x0000fb7688bdd1d8
496078.0,3708760,python,[JIT],0x0000fb7688bde1b8
496078.0,3708760,python,[JIT],0x0000fb7688bdf494
496077.0,3708580,python,[JIT],0x0000f9c1c7c0e12c
496076.0,3709077,python,[JIT],0x0000f0f377c05080
496076.0,3709077,python,[JIT],0x0000f0f377c074dc
496076.0,3708935,python,[JIT],0x0000e5a3cd7c1180
496076.0,3708760,python,[kernel.kallsyms],policy_nodemask
496075.0,3709270,python,[JIT],0x0000eaaffa1bf004
496074.0,3709077,python,[JIT],0x0000f0f377c041e4
496074.0,3708760,python,[JIT],0x0000fb7688bdc1ac
496073.0,3709441,python,[JIT],0x0000f934751961ac
496073.0,3708580,python,[JIT],0x0000f9c1c7c0a12c
496072.0,3709270,python,[JIT],0x0000eaaffa1f126c
496072.0,3708447,python,[JIT],0x0000e1f85713e10c
496072.0,3708760,python,[JIT],0x0000fb7688bdd2b8
496071.0,3708447,python,[JIT],0x0000e1f85713d1b8
496071.0,3708447,python,[JIT],0x0000e1f8571e22e0
496071.0,3708935,python,[JIT],0x0000e5a3cd7c30c4
496070.0,3708580,python,[JIT],0x0000f9c1c7c0a1ec
496069.0,3709077,python,[JIT],0x0000f0f377c03048
496069.0,3709270,python,[JIT],0x0000eaaffa1be05c
496069.0,3708935,python,[JIT],0x0000e5a3cd7c1230
496069.0,3708760,python,[JIT],0x0000fb7688bdd000
496068.0,3709270,python,[JIT],0x0000eaaffa1f2264
496068.0,3708447,python,[JIT],0x0000e1f85713f008
496068.0,3709441,python,[JIT],0x0000f9347519a2d8
496068.0,3708760,python,[JIT],0x0000fb7688c8217c
496067.0,3709270,python,[JIT],0x0000eaaffa1f42a0
496066.0,3709270,python,[JIT],0x0000eaaffa1bf198
496066.0,3709270,python,[JIT],0x0000eaaffa1f1238
496066.0,3709441,python,[JIT],0x0000f934751970c0
496066.0,3709441,python,[JIT],0x0000f9347519a174
496066.0,3708760,python,[JIT],0x0000fb7688bde250
496066.0,3708760,python,[JIT],0x0000fb7688bdd1d4
496064.0,3709077,python,[JIT],0x0000f0f377c06084
496064.0,3709441,python,[JIT],0x0000f9347519b070
496064.0,3708580,python,[JIT],0x0000f9c1c7c0b0a0
496064.0,3708935,python,[JIT],0x0000e5a3cd7c123c
496063.0,3709077,python,[JIT],0x0000f0f377c041cc
496063.0,3708447,python,[JIT],0x0000e1f8571e21bc
496063.0,3708760,python,[JIT],0x0000fb7688bdc0d4
496062.0,3708580,python,[kernel.kallsyms],rmqueue
496062.0,3708580,python,[JIT],0x0000f9c1c7c0d0c8
496061.0,3708935,python,[JIT],0x0000e5a3cd71f8c4
496061.0,3708760,python,[JIT],0x0000fb7688bdc008
496061.0,3708760,python,[JIT],0x0000fb7688bdc30c
496061.0,3708760,python,[JIT],0x0000fb7688bdf1b0
496060.0,3709270,python,[JIT],0x0000eaaffa1f4060
496060.0,3709441,python,[JIT],0x0000f9347519907c
496060.0,3708935,python,[JIT],0x0000e5a3cd7c2080
496060.0,3708935,python,[JIT],0x0000e5a3cd7c3144
496059.0,3709077,python,[JIT],0x0000f0f377c071a4
496059.0,3709270,python,[JIT],0x0000eaaffa1f30b4
496059.0,3709077,python,[JIT],0x0000f0f377c091b8
496059.0,3709077,python,[JIT],0x0000f0f377c09284
496058.0,3709077,python,[JIT],0x0000f0f377c09060
496058.0,3709270,python,[JIT],0x0000eaaffa1be0d8
496058.0,3709270,python,[JIT],0x0000eaaffa1f21c0
496058.0,3708760,python,[JIT],0x0000fb7688bde2a8
496057.0,3709077,python,[JIT],0x0000f0f377c0621c
496057.0,3708580,python,[JIT],0x0000f9c1c7c0d028
496057.0,3708580,python,[JIT],0x0000f9c1c7c0e214
496056.0,3709270,python,[JIT],0x0000eaaffa1be22c
496056.0,3709270,python,[JIT],0x0000eaaffa1f12b8
496056.0,3708580,python,[JIT],0x0000f9c1c7c0e07c
496056.0,3708935,python,[JIT],0x0000e5a3cd7c3140
496055.0,3708447,python,[JIT],0x0000e1f8571e2150
496055.0,3708447,python,[JIT],0x0000e1f8571e30d4
496055.0,3708580,python,[JIT],0x0000f9c1c7c0b184
496055.0,3708935,python,[JIT],0x0000e5a3cd71d000
496054.0,3709270,python,[JIT],0x0000eaaffa1f3100
496054.0,3709077,python,[JIT],0x0000f0f377c06004
496053.0,3709077,python,[JIT],0x0000f0f377c090e4
496053.0,3709270,python,[JIT],0x0000eaaffa1f20b8
496053.0,3709077,python,[JIT],0x0000f0f377c0915c
496053.0,3708580,python,[JIT],0x0000f9c1c7c0b8c0
496052.0,3708447,python,[JIT],0x0000e1f85713d038
496052.0,3708760,python,[JIT],0x0000fb7688bdd198
496052.0,3708760,python,[JIT],0x0000fb7688bde0c8
496051.0,3708580,python,[kernel.kallsyms],sched_mm_cid_remote_clear
496051.0,3708935,python,[kernel.kallsyms],perf_iterate_ctx
496050.0,3709077,python,[JIT],0x0000f0f377c09078
496050.0,3709270,python,[JIT],0x0000eaaffa1bf1c4
496050.0,3709077,python,[JIT],0x0000f0f377c07070
496050.0,3709441,python,[JIT],0x0000f93475197090
496050.0,3709441,python,[JIT],0x0000f9347519b1d0
496050.0,3708580,python,[JIT],0x0000f9c1c7c0a23c
496050.0,3708760,python,[JIT],0x0000fb7688c8215c
496049.0,3709077,python,[JIT],0x0000f0f377c0307c
496049.0,3709270,python,[JIT],0x0000eaaffa1f2144
496049.0,3709077,python,[JIT],0x0000f0f377c05274
496048.0,3708760,python,[JIT],0x0000fb7688bdf000
496047.0,3709270,python,[JIT],0x0000eaaffa1be0cc
496047.0,3709270,python,[JIT],0x0000eaaffa1f1438
496047.0,3708760,python,[JIT],0x0000fb7688bdd120
496047.0,3708935,python,[JIT],0x0000e5a3cd71e410
496046.0,3709077,python,[JIT],0x0000f0f377c04204
496046.0,3709077,python,[JIT],0x0000f0f377c08100
496046.0,3708580,python,[JIT],0x0000f9c1c7c08084
496045.0,3708580,python,[JIT],0x0000f9c1c7c09304
496045.0,3708935,python,[JIT],0x0000e5a3cd71f144
496044.0,3709077,python,[JIT],0x0000f0f377c08254
496044.0,3709077,python,[JIT],0x0000f0f377c091d4
496044.0,3709077,python,[JIT],0x0000f0f377c090c4
496043.0,3709077,python,[JIT],0x0000f0f377c05040
496042.0,3708760,python,[kernel.kallsyms],__pte_offset_map
496041.0,3709270,python,[JIT],0x0000eaaffa1f31bc
496041.0,3708760,python,[JIT],0x0000fb7688bde238
496040.0,3708760,python,[JIT],0x0000fb7688bde278
496039.0,3709270,python,[JIT],0x0000eaaffa1f12b4
496039.0,3709270,python,[JIT],0x0000eaaffa1f20e4
496039.0,3709270,python,[JIT],0x0000eaaff9eff1cc
496039.0,3708580,python,[JIT],0x0000f9c1c7c0d07c
496038.0,3709077,python,[JIT],0x0000f0f377c091dc
496038.0,3708760,python,[JIT],0x0000fb7688c82238
496038.0,3708935,python,[JIT],0x0000e5a3cd7c10a0
496037.0,3709077,python,[JIT],0x0000f0f377c041b4
496037.0,3708760,python,[JIT],0x0000fb7688bdb0b8
496036.0,3709077,python,[JIT],0x0000f0f377c0920c
496036.0,3709270,python,[JIT],0x0000eaaffa1f3298
496036.0,3708580,python,[JIT],0x0000f9c1c7c0d1f4
496036.0,3708935,python,[JIT],0x0000e5a3cd71e12c
496035.0,3709077,python,[JIT],0x0000f0f377c06280
496035.0,3708447,python,[JIT],0x0000e1f85713e1c8
496034.0,3708935,python,[JIT],0x0000e5a3cd7c1494
496034.0,3708760,python,[JIT],0x0000fb7688bde1b4
496033.0,3709077,python,[JIT],0x0000f0f377c04138
496033.0,3709077,python,[JIT],0x0000f0f377c041b8
496033.0,3709077,python,[JIT],0x0000f0f377c080b4
496033.0,3708580,python,[JIT],0x0000f9c1c7c0a130
496033.0,3708935,python,[JIT],0x0000e5a3cd7c21e0
496033.0,3708935,python,[JIT],0x0000e5a3cd7c1218
496032.0,3708447,python,[JIT],0x0000e1f85713e080
496031.0,3709270,python,[JIT],0x0000eaaffa1be29c
496031.0,3708760,python,[JIT],0x0000fb7688bdc0c8
496030.0,3709077,python,[JIT],0x0000f0f377c06464
496030.0,3709270,python,[JIT],0x0000eaaffa1bf11c
496030.0,3709441,python,[JIT],0x0000f934751991d4
496030.0,3708580,python,[JIT],0x0000f9c1c7c0e278
496029.0,3709077,python,[JIT],0x0000f0f377c06278
496029.0,3709270,python,[JIT],0x0000eaaffa1be1b8
496029.0,3708935,python,[kernel.kallsyms],vma_alloc_folio
496029.0,3708935,python,[JIT],0x0000e5a3cd7c2298
496027.0,3709077,python,[JIT],0x0000f0f377c06220
496027.0,3709077,python,[JIT],0x0000f0f377c091f0
496027.0,3709270,python,[JIT],0x0000eaaffa1f1278
496027.0,3708935,python,[JIT],0x0000e5a3cd7c3184
496027.0,3708935,python,[JIT],0x0000e5a3cd71e058
496026.0,3708935,python,[JIT],0x0000e5a3cd71e0dc
496026.0,3708760,python,[JIT],0x0000fb7688bdf1e0
496024.0,3709077,python,[JIT],0x0000f0f377c082d8
496024.0,3708447,python,[JIT],0x0000e1f8571e320c
496024.0,3708580,python,[JIT],0x0000f9c1c7c0c334
496024.0,3708935,python,[JIT],0x0000e5a3cd71e1c4
496024.0,3708935,python,[JIT],0x0000e5a3cd71e2c8
496023.0,3709077,python,[JIT],0x0000f0f377c0519c
496022.0,3709270,python,[JIT],0x0000eaaffa1be30c
496022.0,3709270,python,[JIT],0x0000eaaffa1f3300
496022.0,3709077,python,[JIT],0x0000f0f377c06174
496022.0,3709077,python,[JIT],0x0000f0f377c0703c
496022.0,3708580,python,[JIT],0x0000f9c1c7c0e23c
496021.0,3708935,python,[JIT],0x0000e5a3cd71d240
496020.0,3708580,python,[kernel.kallsyms],__mod_lruvec_state
496019.0,3709077,python,[JIT],0x0000f0f377c080c4
496019.0,3709441,python,[JIT],0x0000f93475198278
496019.0,3708760,python,[JIT],0x0000fb7688bde230
496018.0,3708935,python,[JIT],0x0000e5a3cd7c10ec
496017.0,3709270,python,[JIT],0x0000eaaffa1f3034
496017.0,3708760,python,[JIT],0x0000fb7688bde124
496016.0,3709270,python,python,PyLong_FromSsize_t
496016.0,3709270,python,[JIT],0x0000eaaffa1f20e8
496016.0,3708935,python,[JIT],0x0000e5a3cd71d0b8
496015.0,3709077,python,[JIT],0x0000f0f377c071d0
496015.0,3708760,python,[JIT],0x0000fb7688bdf4a0
496014.0,3708447,python,[JIT],0x0000e1f85713f478
496014.0,3708447,python,[JIT],0x0000e1f8571e2060
496014.0,3709077,python,[JIT],0x0000f0f377c052bc
496014.0,3708580,python,[JIT],0x0000f9c1c7c0b2c8
496014.0,3708580,python,[JIT],0x0000f9c1c7c0c1b0
496013.0,3709270,python,[JIT],0x0000eaaffa1f12b4
496013.0,3708580,python,[JIT],0x0000f9c1c7c080d4
496012.0,3709441,python,[JIT],0x0000f934751980c0
496012.0,3708935,python,[JIT],0x0000e5a3cd71d200
496011.0,3709077,python,[JIT],0x0000f0f377c0636c
496011.0,3708447,python,[JIT],0x0000e1f85713e040
496011.0,3708935,python,[JIT],0x0000e5a3cd7c2174
496010.0,3709270,python,[JIT],0x0000eaaffa1f303c
496009.0,3708580,python,[JIT],0x0000f9c1c7c0e0dc
496008.0,3709441,python,[JIT],0x0000f9347519a1c4
496007.0,3709077,python,[JIT],0x0000f0f377c03214
496006.0,3708760,python,[JIT],0x0000fb7688bde900
496004.0,3708935,python,[JIT],0x0000e5a3cd71c1c4
496004.0,3708935,python,[JIT],0x0000e5a3cd7c2254
496002.0,3709270,python,[JIT],0x0000eaaffa1bf1d4
496002.0,3709270,python,[JIT],0x0000eaaffa1f40c8
496001.0,3709270,python,[JIT],0x0000eaaff9eff008
496001.0,3709077,python,[JIT],0x0000f0f377c0917c
496000.0,3709077,python,[JIT],0x0000f0f377c06178
496000.0,3709270,python,[JIT],0x0000eaaffa1f105c
496000.0,3709441,python,[JIT],0x0000f9347519b200
496000.0,3708760,python,[JIT],0x0000fb7688bdb148
495998.0,3709077,python,[JIT],0x0000f0f377c05098
495997.0,3709077,python,[JIT],0x0000f0f377c042d8
495997.0,3708447,python,[JIT],0x0000e1f8571e121c
495997.0,3709077,python,[JIT],0x0000f0f377c09238
495997.0,3709441,python,[JIT],0x0000f9347519b008
495996.0,3709077,python,[JIT],0x0000f0f377c051a0
495996.0,3709077,python,[JIT],0x0000f0f377c09274
495996.0,3708580,python,[JIT],0x0000f9c1c7c0d2dc
495996.0,3708935,python,[kernel.kallsyms],__rcu_read_lock
495996.0,3708935,python,[JIT],0x0000e5a3cd71f3f8
495996.0,3708935,python,[JIT],0x0000e5a3cd7c11fc
495995.0,3709077,python,[JIT],0x0000f0f377c0428c
495995.0,3708580,python,[JIT],0x0000f9c1c7c0c0b8
495994.0,3709270,python,[JIT],0x0000eaaffa1f2004
495994.0,3708580,python,[JIT],0x0000f9c1c7c0a100
495993.0,3709270,python,[JIT],0x0000eaaff9eff044
495993.0,3708580,python,[JIT],0x0000f9c1c7c0c344
495992.0,3709441,python,[JIT],0x0000f93475197054
495991.0,3709270,python,[JIT],0x0000eaaffa1f1410
495991.0,3708447,python,[JIT],0x0000e1f85713e1b0
495990.0,3708935,python,[JIT],0x0000e5a3cd7c216c
495990.0,3708760,python,[JIT],0x0000fb7688bdb030
495989.0,3708760,python,[JIT],0x0000fb7688bdd03c
495988.0,3709077,python,[JIT],0x0000f0f377c06114
495988.0,3709441,python,[JIT],0x0000f934751980a0
495988.0,3708580,python,[JIT],0x0000f9c1c7c0b47c
495986.0,3709270,python,[JIT],0x0000eaaffa1bf038
495986.0,3708447,python,[JIT],0x0000e1f85713e0fc
495985.0,3709441,python,[JIT],0x0000f93475197078
495984.0,3709077,python,[JIT],0x0000f0f377c08038
495984.0,3709270,python,[JIT],0x0000eaaffa1f44d4
495983.0,3709270,python,[JIT],0x0000eaaffa1f4090
495983.0,3708580,python,[JIT],0x0000f9c1c7c0d154
495982.0,3709270,python,[JIT],0x0000eaaffa1bf1f0
495981.0,3709077,python,[JIT],0x0000f0f377c07180
495981.0,3709077,python,[JIT],0x0000f0f377c082f8
495981.0,3709270,python,[JIT],0x0000eaaffa1f2064
495980.0,3709270,python,[JIT],0x0000eaaffa1f416c
495980.0,3709441,python,[JIT],0x0000f934751962e0
495980.0,3708580,python,[JIT],0x0000f9c1c7c0d06c
495978.0,3709077,python,[JIT],0x0000f0f377c042e8
495978.0,3709077,python,[JIT],0x0000f0f377c092ac
495978.0,3708580,python,[JIT],0x0000f9c1c7c0c48c
495977.0,3709441,python,[JIT],0x0000f93475198458
495976.0,3708935,python,[JIT],0x0000e5a3cd7c112c
495974.0,3709077,python,[JIT],0x0000f0f377c0529c
495973.0,3709077,python,[JIT],0x0000f0f377c080fc
495973.0,3709270,python,[JIT],0x0000eaaffa1bf0d8
495970.0,3709077,python,[JIT],0x0000f0f377c0634c
495968.0,3708580,python,[JIT],0x0000f9c1c7c0c144
495966.0,3709077,python,[JIT],0x0000f0f377c04328
495966.0,3709077,python,[JIT],0x0000f0f377c092ac
495966.0,3708580,python,[JIT],0x0000f9c1c7c0a084
495966.0,3708760,python,[JIT],0x0000fb7688c81148
495965.0,3708760,python,libc.so.6,_int_malloc
495964.0,3709270,python,[JIT],0x0000eaaffa1bf1ec
495964.0,3708935,python,[JIT],0x0000e5a3cd71f8c4
495964.0,3708760,python,[JIT],0x0000fb7688bde430
495963.0,3709270,python,[JIT],0x0000eaaffa1f32fc
495963.0,3709441,python,[JIT],0x0000f9347519a1c0
495962.0,3709077,python,[JIT],0x0000f0f377c05150
495962.0,3708580,python,[JIT],0x0000f9c1c7c0a1a8
495962.0,3708935,python,[JIT],0x0000e5a3cd7c1128
495961.0,3708447,python,[JIT],0x0000e1f8571e21b0
495961.0,3708760,python,[JIT],0x0000fb7688c82220
495961.0,3708760,python,[kernel.kallsyms],sanitize_fault_flags
495960.0,3708760,python,[JIT],0x0000fb7688c82218
495959.0,3709270,python,[JIT],0x0000eaaffa1f1074
495959.0,3709270,python,[JIT],0x0000eaaffa1f329c
495959.0,3708935,python,[JIT],0x0000e5a3cd7c2138
495958.0,3708580,python,[JIT],0x0000f9c1c7c0a208
495958.0,3708935,python,[JIT],0x0000e5a3cd71d0a4
495958.0,3708935,python,[JIT],0x0000e5a3cd7c1140
495958.0,3708935,python,[JIT],0x0000e5a3cd7c11a0
495956.0,3709077,python,[JIT],0x0000f0f377c05118
495956.0,3709270,python,[JIT],0x0000eaaffa1bf204
495956.0,3709270,python,[JIT],0x0000eaaffa1bf20c
495956.0,3709270,python,[JIT],0x0000eaaffa1f1040
495956.0,3708935,python,[JIT],0x0000e5a3cd71f94c
495955.0,3709270,python,[JIT],0x0000eaaffa1f30c0
495955.0,3708447,python,[JIT],0x0000e1f85713d22c
495954.0,3708760,python,[kernel.kallsyms],handle_pte_fault
495952.0,3709077,python,[JIT],0x0000f0f377c060c0
495952.0,3709270,python,[JIT],0x0000eaaffa1f1270
495952.0,3708935,python,[JIT],0x0000e5a3cd7c2048
495950.0,3709270,python,[JIT],0x0000eaaffa1f4154
495949.0,3709077,python,[JIT],0x0000f0f377c040f4
495949.0,3708760,python,[JIT],0x0000fb7688bdf1ec
495948.0,3709441,python,[kernel.kallsyms],_find_next_bit
495948.0,3708760,python,[JIT],0x0000fb7688bdd080
495947.0,3709077,python,[JIT],0x0000f0f377c09154
495947.0,3709077,python,[JIT],0x0000f0f377c094c8
495947.0,3708447,python,[JIT],0x0000e1f85713e180
495947.0,3708935,python,[JIT],0x0000e5a3cd71c260
495947.0,3708935,python,[JIT],0x0000e5a3cd7c2178
495946.0,3709077,python,[JIT],0x0000f0f377c03260
495946.0,3709077,python,[JIT],0x0000f0f377c04110
495946.0,3709077,python,[JIT],0x0000f0f377c090b0
495946.0,3708935,python,[JIT],0x0000e5a3cd71f208
495944.0,3709270,python,[JIT],0x0000eaaffa1f32e8
495944.0,3708760,python,[JIT],0x0000fb7688bdd16c
495943.0,3709270,python,[JIT],0x0000eaaffa1f135c
495943.0,3709270,python,[JIT],0x0000eaaffa1f13f4
495943.0,3709270,python,[JIT],0x0000eaaffa1f1464
495941.0,3709077,python,[JIT],0x0000f0f377c04040
495941.0,3708935,python,[JIT],0x0000e5a3cd7c219c
495940.0,3709077,python,[JIT],0x0000f0f377c0302c
495940.0,3708447,python,[JIT],0x0000e1f85713f238
495940.0,3708760,python,[JIT],0x0000fb7688c82378
495939.0,3709077,python,[JIT],0x0000f0f377c080b8
495938.0,3709077,python,[JIT],0x0000f0f377c070b8
495938.0,3709270,python,[JIT],0x0000eaaffa1be078
495938.0,3709270,python,[JIT],0x0000eaaffa1f4144
495937.0,3708580,python,[JIT],0x0000f9c1c7c0b428
495936.0,3709270,python,[JIT],0x0000eaaffa1bf274
495936.0,3708447,python,[JIT],0x0000e1f85713d138
495936.0,3709077,python,[JIT],0x0000f0f377c06208
495935.0,3709077,python,[JIT],0x0000f0f377c0825c
495934.0,3709270,python,[JIT],0x0000eaaffa1f1128
495934.0,3708580,python,[JIT],0x0000f9c1c7c09254
495934.0,3708760,python,[JIT],0x0000fb7688c821d0
495932.0,3709270,python,[JIT],0x0000eaaffa1bf0ac
495932.0,3709270,python,[JIT],0x0000eaaffa1bf1a0
495932.0,3709270,python,[JIT],0x0000eaaffa1f4380
495928.0,3709270,python,[kernel.kallsyms],__pte_offset_map_lock
495928.0,3709077,python,[JIT],0x0000f0f377c07140
495928.0,3708935,python,[JIT],0x0000e5a3cd71c16c
495928.0,3708935,python,[JIT],0x0000e5a3cd7c11c0
495927.0,3709270,python,[JIT],0x0000eaaffa1f1244
495926.0,3708760,python,[JIT],0x0000fb7688bdb22c
495925.0,3709077,python,[JIT],0x0000f0f377c07150
495923.0,3709441,python,[JIT],0x0000f9347519b204
495922.0,3709270,python,[JIT],0x0000eaaffa1f12bc
495922.0,3708580,python,[JIT],0x0000f9c1c7c0922c
495922.0,3708760,python,[JIT],0x0000fb7688bde354
495921.0,3709077,python,[JIT],0x0000f0f377c08150
495921.0,3708580,python,[JIT],0x0000f9c1c7c0c038
495920.0,3709077,python,[JIT],0x0000f0f377c071cc
495918.0,3709077,python,[JIT],0x0000f0f377c09040
495917.0,3709270,python,[JIT],0x0000eaaffa1f1248
495917.0,3709270,python,[JIT],0x0000eaaffa1f12a4
495917.0,3708760,python,[JIT],0x0000fb7688bde290
495916.0,3709270,python,[JIT],0x0000eaaffa1f20a8
495916.0,3709077,python,[JIT],0x0000f0f377c090ac
495916.0,3708580,python,[JIT],0x0000f9c1c7c081e4
495913.0,3708935,python,[JIT],0x0000e5a3cd71c1b8
495912.0,3709270,python,[JIT],0x0000eaaffa1f1220
495912.0,3709270,python,[JIT],0x0000eaaffa1f1280
495910.0,3708760,python,python,set_len
495909.0,3708580,python,[JIT],0x0000f9c1c7c0b078
495908.0,3709270,python,[JIT],0x0000eaaff9eff1e4
495908.0,3708760,python,[JIT],0x0000fb7688bde240
495906.0,3709077,python,[JIT],0x0000f0f377c091e8
495906.0,3708760,python,[kernel.kallsyms],do_page_fault
495904.0,3709077,python,[JIT],0x0000f0f377c09228
495903.0,3709077,python,[JIT],0x0000f0f377c092a0
495903.0,3708580,python,[JIT],0x0000f9c1c7c0d1b4
495902.0,3709077,python,[JIT],0x0000f0f377c081a4
495900.0,3708580,python,[JIT],0x0000f9c1c7c0e14c
495899.0,3709077,python,[kernel.kallsyms],memcg_account_kmem
495899.0,3709270,python,[JIT],0x0000eaaffa1bf054
495898.0,3709077,python,[JIT],0x0000f0f377c05028
495897.0,3709270,python,[JIT],0x0000eaaffa1bf280
495896.0,3709077,python,[JIT],0x0000f0f377c0511c
495895.0,3709077,python,[JIT],0x0000f0f377c09378
495895.0,3709270,python,[JIT],0x0000eaaffa1bf210
495894.0,3709077,python,[JIT],0x0000f0f377c08110
495894.0,3709270,python,[JIT],0x0000eaaffa1f314c
495894.0,3709077,python,[kernel.kallsyms],up_read
495890.0,3709270,python,[JIT],0x0000eaaffa1f2088
495889.0,3709077,python,[JIT],0x0000f0f377c090b8
495889.0,3708580,python,[JIT],0x0000f9c1c7c0a218
495888.0,3709270,python,[JIT],0x0000eaaffa1f2260
495888.0,3708935,python,[JIT],0x0000e5a3cd71f3c8
495885.0,3709270,python,[JIT],0x0000eaaffa1f2244
495885.0,3708447,python,[JIT],0x0000e1f8571e11e4
495885.0,3708580,python,[JIT],0x0000f9c1c7c0a2c8
495884.0,3709077,python,[JIT],0x0000f0f377c06030
495884.0,3708935,python,[JIT],0x0000e5a3cd7c115c
495883.0,3709077,python,[JIT],0x0000f0f377c08070
495883.0,3708760,python,python,PyObject_Malloc
495882.0,3708760,python,[JIT],0x0000fb7688bdd2c8
495882.0,3708760,python,[JIT],0x0000fb7688bdd0dc
495881.0,3709441,python,libc.so.6,_int_realloc
495880.0,3709077,python,[JIT],0x0000f0f377c05084
495880.0,3708760,python,[JIT],0x0000fb7688bdf0c4
495879.0,3709077,python,[JIT],0x0000f0f377c06458
495879.0,3709441,python,[JIT],0x0000f9347519a0c4
495878.0,3708580,python,[JIT],0x0000f9c1c7c0c260
495878.0,3708935,python,[JIT],0x0000e5a3cd71e118
495876.0,3708935,python,[JIT],0x0000e5a3cd7c3384
495875.0,3709270,python,[JIT],0x0000eaaffa1f21e4
495874.0,3709270,python,[JIT],0x0000eaaffa1be138
495874.0,3709270,python,[JIT],0x0000eaaffa1f147c
495874.0,3709270,python,[JIT],0x0000eaaffa1f24e0
495873.0,3709077,python,[JIT],0x0000f0f377c07144
495873.0,3709270,python,[JIT],0x0000eaaffa1be0f4
495873.0,3709077,python,[JIT],0x0000f0f377c09128
495873.0,3709441,python,[JIT],0x0000f9347519b028
495873.0,3708760,python,[JIT],0x0000fb7688c8213c
495872.0,3709270,python,[JIT],0x0000eaaffa1f1094
495867.0,3709270,python,[JIT],0x0000eaaffa1f40b4
495867.0,3709441,python,[JIT],0x0000f9347519b21c
495865.0,3709270,python,[JIT],0x0000eaaffa1bf1b0
495863.0,3708447,python,python,allocate_from_new_pool
495861.0,3708935,python,[JIT],0x0000e5a3cd71d0b4
495857.0,3709270,python,[JIT],0x0000eaaffa1f3174
495853.0,3709270,python,[JIT],0x0000eaaffa1be340
495851.0,3709270,python,[JIT],0x0000eaaffa1be048
495851.0,3709077,python,[JIT],0x0000f0f377c06060
495850.0,3709441,python,[JIT],0x0000f9347519b0d0
495850.0,3708760,python,[JIT],0x0000fb7688c812fc
495848.0,3708580,python,[JIT],0x0000f9c1c7c0e380
495843.0,3709270,python,[JIT],0x0000eaaffa1be028
495843.0,3709270,python,[JIT],0x0000eaaffa1bf2b8
495841.0,3709077,python,[JIT],0x0000f0f377c091d0
495839.0,3709077,python,[JIT],0x0000f0f377c0414c
495839.0,3709077,python,[JIT],0x0000f0f377c08240
495837.0,3709077,python,[JIT],0x0000f0f377c09218
495837.0,3708935,python,[kernel.kallsyms],__handle_mm_fault
495836.0,3709077,python,[JIT],0x0000f0f377c09080
495833.0,3709270,python,[JIT],0x0000eaaffa1f3300
495830.0,3709270,python,[JIT],0x0000eaaffa1be14c
495830.0,3708580,python,[kernel.kallsyms],uncharge_folio
495829.0,3709270,python,[JIT],0x0000eaaffa1bf0e4
495828.0,3708935,python,[JIT],0x0000e5a3cd7c21c4
495827.0,3709270,python,[kernel.kallsyms],__rmqueue_pcplist
495826.0,3709270,python,[JIT],0x0000eaaffa1f3214
495826.0,3709270,python,[JIT],0x0000eaaffa1f41e0
495826.0,3708935,python,[JIT],0x0000e5a3cd71f034
495824.0,3709270,python,[JIT],0x0000eaaffa1f1284
495822.0,3709077,python,[JIT],0x0000f0f377c0502c
495818.0,3708760,python,[JIT],0x0000fb7688bdb138
495814.0,3709077,python,[JIT],0x0000f0f377c05238
495812.0,3708580,python,[JIT],0x0000f9c1c7c0a220
495809.0,3708580,python,[JIT],0x0000f9c1c7c09048
495808.0,3709077,python,[JIT],0x0000f0f377c05410
495808.0,3708760,python,[kernel.kallsyms],folio_remove_rmap_ptes
495806.0,3709270,python,[JIT],0x0000eaaffa1f3070
495804.0,3709441,python,[JIT],0x0000f93475197230
495803.0,3708760,python,[JIT],0x0000fb7688c821a8
495799.0,3708580,python,[JIT],0x0000f9c1c7c0b290
495798.0,3709270,python,[JIT],0x0000eaaffa1f44d0
495792.0,3708447,python,[kernel.kallsyms],invoke_syscall
495790.0,3709441,python,[JIT],0x0000f93475199030
495790.0,3708580,python,[JIT],0x0000f9c1c7c0e1d4
495786.0,3708580,python,[JIT],0x0000f9c1c7c0c008
495782.0,3709270,python,[JIT],0x0000eaaffa1f2030
495780.0,3709270,python,[JIT],0x0000eaaffa1f2264
495780.0,3708935,python,[JIT],0x0000e5a3cd7c214c
495780.0,3708760,python,[JIT],0x0000fb7688c81000
495775.0,3709270,python,[JIT],0x0000eaaffa1f2180
495771.0,3709270,python,[JIT],0x0000eaaffa1f3000
495765.0,3709270,python,[JIT],0x0000eaaffa1f11c0
495765.0,3709270,python,[JIT],0x0000eaaffa1f1234
495765.0,3709270,python,[JIT],0x0000eaaffa1f1400
495765.0,3708935,python,[kernel.kallsyms],uncharge_folio
495758.0,3709270,python,[JIT],0x0000eaaffa1be1e4
495749.0,3709270,python,[JIT],0x0000eaaffa1f103c
495742.0,3708580,python,[JIT],0x0000f9c1c7c091cc
495732.0,3709441,python,[JIT],0x0000f9347519b144
495728.0,3709077,python,[JIT],0x0000f0f377c09074
495725.0,3708447,python,[JIT],0x0000e1f8571e105c
495723.0,3709270,python,[JIT],0x0000eaaffa1f24a0
495716.0,3709270,python,[JIT],0x0000eaaffa1f13cc
495701.0,3709270,python,[JIT],0x0000eaaffa1f13ec
495697.0,3709270,python,[kernel.kallsyms],_find_next_bit
495691.0,3709270,python,[JIT],0x0000eaaffa1f3260
495677.0,3709270,python,[JIT],0x0000eaaffa1bf074
495657.0,3709441,python,[JIT],0x0000f9347519800c
495657.0,3708580,python,[JIT],0x0000f9c1c7c0d040
495655.0,3709270,python,[JIT],0x0000eaaffa1f4374
495651.0,3709270,python,[JIT],0x0000eaaffa1f40d8
495634.0,3708580,python,[JIT],0x0000f9c1c7c081c8
495632.0,3708760,python,libc.so.6,_int_free_maybe_consolidate.part.0
495631.0,3708580,python,[kernel.kallsyms],free_swap_cache
495620.0,3708935,python,python,_PyMem_RawMalloc
495613.0,3709270,python,[kernel.kallsyms],perf_event_mmap_event
495608.0,3709077,python,[JIT],0x0000f0f377c030c8
495595.0,3709270,python,[JIT],0x0000eaaffa1f40e0
495593.0,3709270,python,[JIT],0x0000eaaffa1be15c
495592.0,3708935,python,[kernel.kallsyms],free_unref_page_prepare
495587.0,3709270,python,[JIT],0x0000eaaffa1be0d4
495583.0,3709270,python,[JIT],0x0000eaaffa1f41e4
495570.0,3709270,python,[JIT],0x0000eaaff9eff2a0
495568.0,3708935,python,[JIT],0x0000e5a3cd7c1078
495539.0,3709077,python,libc.so.6,_int_free_merge_chunk
495536.0,3708580,python,[JIT],0x0000f9c1c7c0a0d0
495511.0,3708760,python,libc.so.6,malloc
495469.0,3708580,python,[JIT],0x0000f9c1c7c0c230
495452.0,3708760,python,libc.so.6,malloc
495447.0,3709441,python,[JIT],0x0000f9347519a2e8
495435.0,3709441,python,[JIT],0x0000f9347519507c
495415.0,3708580,python,[kernel.kallsyms],free_swap_cache
495395.0,3709270,python,[JIT],0x0000eaaffa1f4184
495386.0,3708447,python,[JIT],0x0000e1f8571e22f0
495384.0,3709270,python,[kernel.kallsyms],percpu_ref_put_many.constprop.0
495366.0,3709270,python,[JIT],0x0000eaaffa1be0c4
495350.0,3708580,python,python,_PyMem_RawFree
495334.0,3709270,python,[kernel.kallsyms],__mod_node_page_state
495323.0,3708935,python,python,_PyMem_RawFree
495304.0,3709441,python,[kernel.kallsyms],mas_wr_store_entry.isra.0
495279.0,3709077,python,[kernel.kallsyms],folio_add_lru_vma
495279.0,3708447,python,libc.so.6,unlink_chunk.isra.0
495271.0,3709270,python,[JIT],0x0000eaaffa1bf250
495200.0,3708580,python,libc.so.6,unlink_chunk.isra.0
495179.0,3708447,python,libc.so.6,malloc
495154.0,3709270,python,[kernel.kallsyms],__tlb_remove_page_size
495127.0,3708447,python,libc.so.6,_int_free_merge_chunk
495114.0,3708580,python,libc.so.6,_int_free_create_chunk
495083.0,3709270,python,[JIT],0x0000eaaffa1f405c
495039.0,3708935,python,[kernel.kallsyms],get_pfnblock_flags_mask
495005.0,3708760,python,[kernel.kallsyms],uncharge_folio
494976.0,3709270,python,libc.so.6,_int_free
494947.0,3708760,python,libc.so.6,cfree@GLIBC_2.17
494850.0,3709441,python,libc.so.6,_int_free_create_chunk
494789.0,3709441,python,libc.so.6,_int_free_maybe_consolidate.part.0
494662.0,3708580,python,[kernel.kallsyms],free_pud_range
494623.0,3708580,python,[JIT],0x0000f9c1c7c0a230
494491.0,3708935,python,[JIT],0x0000e5a3cd7c2308
494471.0,3709077,python,libc.so.6,_int_free_create_chunk
494355.0,3708580,python,[JIT],0x0000f9c1c7c0a264
494164.0,3709270,python,[JIT],0x0000eaaffa1f2208
494098.0,3708447,python,[JIT],0x0000e1f85713f084
493864.0,3709270,python,[JIT],0x0000eaaffa1bf2c8
493804.0,3708935,python,[JIT],0x0000e5a3cd7c1068
493437.0,3709077,python,python,PyObject_GC_UnTrack
493374.0,3709441,python,[JIT],0x0000f93475197444
493359.0,3708760,python,[JIT],0x0000fb7688bdd084
493160.0,3708447,python,[JIT],0x0000e1f8571e2160
493120.0,3709077,python,[JIT],0x0000f0f377c09204
493009.0,3709077,python,[JIT],0x0000f0f377c0913c
492916.0,3709077,python,[JIT],0x0000f0f377c08200
492674.0,3708760,python,[JIT],0x0000fb7688c82234
492424.0,3708935,python,[JIT],0x0000e5a3cd71f218
490597.0,3709077,python,[JIT],0x0000f0f377c08338
490201.0,3709077,python,libc.so.6,_int_free_maybe_consolidate.part.0
490136.0,3708580,python,[kernel.kallsyms],vma_alloc_zeroed_movable_folio
488432.0,3709270,python,[kernel.kallsyms],set_ptes.isra.0
480532.0,3708580,python,[JIT],0x0000f9c1c7c09330
480385.0,3709270,python,[JIT],0x0000eaaffa1f10b8
478996.0,3709270,python,[JIT],0x0000eaaffa1f3028
477332.0,3708580,python,[JIT],0x0000f9c1c7c0b008
468849.0,3709270,python,[kernel.kallsyms],handle_mm_fault
268257.0,3708580,python,[JIT],0x0000f9c1c7c081b8
264779.0,3709077,python,[kernel.kallsyms],do_notify_resume
262914.0,3708447,python,[kernel.kallsyms],do_notify_resume
258102.0,3709441,python,[JIT],0x0000f93475195154
254773.0,3708760,python,[JIT],0x0000fb7688c8120c
252751.0,3708760,python,[JIT],0x0000fb7688c810bc
248933.0,3709077,python,[JIT],0x0000f0f377c03004
248863.0,3708935,python,[JIT],0x0000e5a3cd71c040
248812.0,3708760,python,[JIT],0x0000fb7688bdb050
248671.0,3709077,python,[kernel.kallsyms],free_unref_page_prepare
248577.0,3708447,python,[JIT],0x0000e1f85713c294
248545.0,3708935,python,[kernel.kallsyms],dynamic_might_resched
248520.0,3709441,python,libc.so.6,pthread_mutex_unlock@@GLIBC_2.17
248515.0,3708580,python,[kernel.kallsyms],try_charge_memcg
248512.0,3709270,python,libc.so.6,_int_free_create_chunk
248462.0,3708760,python,[JIT],0x0000fb7688bdb1b4
248453.0,3708760,python,[kernel.kallsyms],mas_wr_append
248449.0,3708935,python,[kernel.kallsyms],up_read
248448.0,3708580,python,[kernel.kallsyms],do_anonymous_page
248447.0,3709077,python,python,_PyObject_Calloc
248437.0,3708935,python,[kernel.kallsyms],down_read_trylock
248436.0,3709077,python,[kernel.kallsyms],__mod_memcg_lruvec_state
248435.0,3708580,python,[kernel.kallsyms],folio_batch_move_lru
248433.0,3709270,python,[kernel.kallsyms],__mod_lruvec_state
248430.0,3708760,python,[kernel.kallsyms],_raw_spin_trylock
248416.0,3709270,python,[kernel.kallsyms],cgroup_rstat_updated
248414.0,3709441,python,[kernel.kallsyms],vma_alloc_zeroed_movable_folio
248410.0,3709441,python,[JIT],0x0000f9347519b244
248408.0,3709077,python,[kernel.kallsyms],set_ptes.isra.0
248405.0,3709270,python,python,initialize_locals
248405.0,3708447,python,[kernel.kallsyms],ext4_get_group_desc
248401.0,3709077,python,[kernel.kallsyms],vma_alloc_folio
248395.0,3709270,python,[kernel.kallsyms],dynamic_might_resched
248394.0,3708580,python,[kernel.kallsyms],__pte_alloc
248392.0,3709441,python,[kernel.kallsyms],page_counter_try_charge
248390.0,3709441,python,[kernel.kallsyms],handle_pte_fault
248389.0,3708935,python,[kernel.kallsyms],memset
248388.0,3708580,python,[JIT],0x0000f9c1c7c09170
248385.0,3708760,python,[kernel.kallsyms],vma_alloc_zeroed_movable_folio
248383.0,3709077,python,[kernel.kallsyms],handle_pte_fault
248383.0,3709441,python,[kernel.kallsyms],folio_add_lru_vma
248383.0,3708760,python,[kernel.kallsyms],__handle_mm_fault
248381.0,3708580,python,[kernel.kallsyms],do_translation_fault
248381.0,3708935,python,[kernel.kallsyms],vma_alloc_folio
248380.0,3709270,python,[kernel.kallsyms],__kern_my_cpu_offset
248378.0,3709077,python,[kernel.kallsyms],mas_walk
248374.0,3708580,python,[kernel.kallsyms],uncharge_folio
248373.0,3709077,python,python,PyObject_HasAttrWithError
248371.0,3709441,python,[kernel.kallsyms],arch_local_irq_save
248367.0,3709077,python,[kernel.kallsyms],__folio_throttle_swaprate
248367.0,3708580,python,[kernel.kallsyms],folio_add_lru
248361.0,3709270,python,[kernel.kallsyms],vma_alloc_folio
248359.0,3708447,python,[kernel.kallsyms],trace_rss_stat
248357.0,3709441,python,[JIT],0x0000f9347519905c
248353.0,3709441,python,[kernel.kallsyms],el0_svc
248351.0,3708760,python,python,_PyTypeCache_Lookup
248348.0,3709441,python,[JIT],0x0000f9347519515c
248347.0,3708760,python,python,_PyEval_GetIter
248343.0,3708760,python,[kernel.kallsyms],_raw_spin_lock
248342.0,3708580,python,[kernel.kallsyms],should_fail_alloc_page
248336.0,3708935,python,[kernel.kallsyms],get_task_policy.part.0
248332.0,3709077,python,[kernel.kallsyms],kmem_cache_free
248328.0,3709270,python,[kernel.kallsyms],folio_batch_move_lru
248327.0,3708447,python,python,insert_to_emptydict
248327.0,3708935,python,[JIT],0x0000e5a3cd7c2154
248327.0,3708760,python,[kernel.kallsyms],release_pages
248324.0,3708580,python,[kernel.kallsyms],folio_remove_rmap_ptes
248322.0,3708447,python,[kernel.kallsyms],mas_preallocate
248319.0,3708580,python,[kernel.kallsyms],__folio_throttle_swaprate
248319.0,3708580,python,[JIT],0x0000f9c1c7c0d0a0
248315.0,3708580,python,[kernel.kallsyms],folio_add_lru_vma
248310.0,3708760,python,[kernel.kallsyms],dynamic_might_resched
248307.0,3708935,python,[kernel.kallsyms],arch_local_irq_save
248302.0,3708760,python,[JIT],0x0000fb7688bdd190
248295.0,3709441,python,[JIT],0x0000f9347519a154
248294.0,3709270,python,[kernel.kallsyms],perf_iterate_ctx
248294.0,3708760,python,[kernel.kallsyms],__rcu_read_lock
248291.0,3708447,python,[kernel.kallsyms],__fget_light
248286.0,3709077,python,[kernel.kallsyms],page_counter_try_charge
248285.0,3708580,python,[kernel.kallsyms],__mem_cgroup_charge
248285.0,3708760,python,[kernel.kallsyms],__mod_node_page_state
248284.0,3709270,python,[kernel.kallsyms],do_translation_fault
248281.0,3708447,python,[kernel.kallsyms],_raw_spin_lock_irqsave
248278.0,3708580,python,[kernel.kallsyms],_raw_spin_lock
248275.0,3709441,python,[JIT],0x0000f93475196030
248275.0,3708580,python,[JIT],0x0000f9c1c7c0a0c8
248275.0,3708935,python,[kernel.kallsyms],__memcg_kmem_charge_page
248274.0,3708760,python,[JIT],0x0000fb7688c810f0
248273.0,3708580,python,python,_PyObject_GetAttrStackRef
248271.0,3709270,python,[kernel.kallsyms],_raw_spin_lock
248270.0,3708580,python,[JIT],0x0000f9c1c7c0b174
248269.0,3709270,python,[JIT],0x0000eaaffa1f2224
248268.0,3708447,python,[kernel.kallsyms],policy_nodemask
248267.0,3709441,python,python,method_vectorcall_FASTCALL
248266.0,3708580,python,[kernel.kallsyms],folio_lruvec_lock_irqsave
248264.0,3709077,python,[JIT],0x0000f0f377c03044
248264.0,3708447,python,[JIT],0x0000e1f85713e280
248262.0,3709441,python,[JIT],0x0000f934751952e8
248262.0,3708580,python,[JIT],0x0000f9c1c7c0a2a4
248261.0,3709077,python,[kernel.kallsyms],try_charge_memcg
248261.0,3708580,python,[JIT],0x0000f9c1c7c0905c
248259.0,3708447,python,[JIT],0x0000e1f85713f0ac
248259.0,3708580,python,python,_PyRunRemoteDebugger
248259.0,3708760,python,[kernel.kallsyms],do_mem_abort
248256.0,3708580,python,[JIT],0x0000f9c1c7c0b2a8
248255.0,3709270,python,[kernel.kallsyms],alloc_pages_mpol
248255.0,3709270,python,[kernel.kallsyms],do_mem_abort
248255.0,3708447,python,[kernel.kallsyms],mem_cgroup_from_task
248254.0,3708447,python,[JIT],0x0000e1f85713c100
248254.0,3709077,python,[JIT],0x0000f0f377c0734c
248254.0,3708580,python,[JIT],0x0000f9c1c7c0d298
248253.0,3709077,python,[kernel.kallsyms],blk_cgroup_congested
248249.0,3708580,python,[JIT],0x0000f9c1c7c0b8c8
248248.0,3709270,python,[JIT],0x0000eaaffa1f414c
248248.0,3708447,python,python,_PyStack_UnpackDict
248245.0,3709441,python,[JIT],0x0000f9347519715c
248244.0,3708760,python,[kernel.kallsyms],kthread_blkcg
248243.0,3709077,python,[JIT],0x0000f0f377c081bc
248242.0,3708580,python,[kernel.kallsyms],percpu_ref_get_many
248238.0,3709270,python,[kernel.kallsyms],folio_add_lru_vma
248238.0,3708447,python,[kernel.kallsyms],handle_pte_fault
248237.0,3708580,python,[JIT],0x0000f9c1c7c0a02c
248236.0,3708935,python,[JIT],0x0000e5a3cd7c11b4
248235.0,3708760,python,[JIT],0x0000fb7688bdd258
248234.0,3709270,python,[JIT],0x0000eaaffa2cd020
248231.0,3708760,python,[JIT],0x0000fb7688bdc0b8
248229.0,3709441,python,[JIT],0x0000f9347519a2a4
248228.0,3708580,python,[JIT],0x0000f9c1c7c08064
248227.0,3709077,python,[JIT],0x0000f0f377c04034
248227.0,3709077,python,[JIT],0x0000f0f377c04218
248227.0,3708935,python,[kernel.kallsyms],handle_mm_fault
248225.0,3708580,python,[JIT],0x0000f9c1c7c0832c
248225.0,3708760,python,[JIT],0x0000fb7688c81208
248223.0,3709077,python,[JIT],0x0000f0f377c040b8
248222.0,3708447,python,[JIT],0x0000e1f85713e030
248222.0,3709441,python,[JIT],0x0000f9347519803c
248221.0,3709270,python,[kernel.kallsyms],policy_nodemask
248221.0,3708580,python,[JIT],0x0000f9c1c7c0d248
248220.0,3709077,python,[JIT],0x0000f0f377c08240
248220.0,3708760,python,[JIT],0x0000fb7688bdf338
248219.0,3708580,python,[JIT],0x0000f9c1c7c082e8
248218.0,3709441,python,[JIT],0x0000f9347519b540
248218.0,3708760,python,[JIT],0x0000fb7688c820bc
248217.0,3708580,python,[JIT],0x0000f9c1c7c0d2a8
248216.0,3708580,python,[JIT],0x0000f9c1c7c091c4
248216.0,3708760,python,[JIT],0x0000fb7688bdd114
248215.0,3709270,python,[kernel.kallsyms],release_pages
248215.0,3708447,python,[JIT],0x0000e1f85713f128
248214.0,3708447,python,[JIT],0x0000e1f8571e308c
248214.0,3708760,python,[JIT],0x0000fb7688bdc2d8
248213.0,3708447,python,[JIT],0x0000e1f8571e31d0
248213.0,3709441,python,[JIT],0x0000f93475197190
248213.0,3708580,python,[JIT],0x0000f9c1c7c0c4dc
248213.0,3708760,python,[JIT],0x0000fb7688bdd19c
248212.0,3708447,python,[JIT],0x0000e1f85713c1b4
248212.0,3708447,python,[JIT],0x0000e1f85713d1b4
248212.0,3709441,python,[JIT],0x0000f9347519614c
248212.0,3709441,python,[JIT],0x0000f9347519820c
248212.0,3708580,python,[JIT],0x0000f9c1c7c0d150
248212.0,3708935,python,[JIT],0x0000e5a3cd71c1cc
248212.0,3708935,python,[kernel.kallsyms],__pte_offset_map
248211.0,3708447,python,[JIT],0x0000e1f8571e22d4
248211.0,3708580,python,[JIT],0x0000f9c1c7c0d0bc
248211.0,3708580,python,[JIT],0x0000f9c1c7c0b404
248210.0,3709077,python,[JIT],0x0000f0f377c03074
248210.0,3709077,python,[JIT],0x0000f0f377c05230
248210.0,3709270,python,[kernel.kallsyms],rmqueue
248210.0,3708447,python,[JIT],0x0000e1f8571e2258
248210.0,3708935,python,[JIT],0x0000e5a3cd71e1d0
248209.0,3709077,python,[JIT],0x0000f0f377c09380
248209.0,3708447,python,[JIT],0x0000e1f85713c228
248209.0,3708935,python,[JIT],0x0000e5a3cd71e0f8
248208.0,3709270,python,[JIT],0x0000eaaffa1f10a8
248208.0,3709441,python,[JIT],0x0000f93475197104
248207.0,3709077,python,[JIT],0x0000f0f377c0712c
248206.0,3709270,python,[JIT],0x0000eaaffa1f1460
248206.0,3708580,python,[JIT],0x0000f9c1c7c0e154
248205.0,3709270,python,[JIT],0x0000eaaffa1f4248
248205.0,3708760,python,[JIT],0x0000fb7688bdc0f4
248203.0,3708580,python,[JIT],0x0000f9c1c7c08004
248203.0,3708580,python,[JIT],0x0000f9c1c7c0e038
248203.0,3708580,python,[JIT],0x0000f9c1c7c0b1e8
248202.0,3708760,python,[JIT],0x0000fb7688bdf1d0
248201.0,3708580,python,python,_PyObject_Realloc
248201.0,3708760,python,[JIT],0x0000fb7688bdc0c8
248200.0,3709441,python,[JIT],0x0000f934751962a0
248200.0,3708580,python,[JIT],0x0000f9c1c7c0a03c
248200.0,3708935,python,[JIT],0x0000e5a3cd71f28c
248199.0,3709270,python,[JIT],0x0000eaaffa1f2270
248199.0,3709441,python,[JIT],0x0000f9347519a0f8
248199.0,3708580,python,[JIT],0x0000f9c1c7c0c078
248199.0,3708935,python,[JIT],0x0000e5a3cd7c2338
248198.0,3708580,python,[JIT],0x0000f9c1c7c0a118
248196.0,3709077,python,[JIT],0x0000f0f377c040fc
248196.0,3708447,python,[JIT],0x0000e1f85713f94c
248196.0,3708447,python,[JIT],0x0000e1f8571e228c
248196.0,3708580,python,[JIT],0x0000f9c1c7c09050
248196.0,3708760,python,[kernel.kallsyms],get_task_policy.part.0
248196.0,3708935,python,[JIT],0x0000e5a3cd71f410
248195.0,3708580,python,[JIT],0x0000f9c1c7c080a8
248195.0,3708580,python,[kernel.kallsyms],folio_add_lru_vma
248195.0,3708935,python,[JIT],0x0000e5a3cd7c208c
248193.0,3709077,python,libc.so.6,_int_realloc
248193.0,3708447,python,[JIT],0x0000e1f85713c0f8
248193.0,3708580,python,[JIT],0x0000f9c1c7c0c174
248193.0,3708935,python,[JIT],0x0000e5a3cd7c203c
248192.0,3709270,python,[kernel.kallsyms],perf_iterate_ctx
248192.0,3709441,python,[JIT],0x0000f93475196088
248192.0,3708580,python,[JIT],0x0000f9c1c7c0e270
248192.0,3708760,python,[JIT],0x0000fb7688bdf1e4
248191.0,3709077,python,[JIT],0x0000f0f377c030e0
248191.0,3709077,python,[JIT],0x0000f0f377c0622c
248191.0,3708580,python,[JIT],0x0000f9c1c7c090d8
248191.0,3708580,python,[JIT],0x0000f9c1c7c0b474
248190.0,3708447,python,[JIT],0x0000e1f8571e1008
248190.0,3709077,python,[JIT],0x0000f0f377c071e8
248190.0,3708580,python,[JIT],0x0000f9c1c7c09150
248189.0,3708580,python,[JIT],0x0000f9c1c7c090e0
248189.0,3708935,python,[JIT],0x0000e5a3cd71c33c
248188.0,3709270,python,[JIT],0x0000eaaffa1f1420
248188.0,3709270,python,[JIT],0x0000eaaffa1f41a8
248188.0,3708760,python,[JIT],0x0000fb7688bde15c
248187.0,3708935,python,[JIT],0x0000e5a3cd7c2140
248186.0,3708447,python,[JIT],0x0000e1f85713c22c
248186.0,3708935,python,[kernel.kallsyms],release_pages
248185.0,3709077,python,[JIT],0x0000f0f377c03298
248185.0,3708447,python,[JIT],0x0000e1f85713f1b0
248185.0,3708760,python,[JIT],0x0000fb7688bde064
248184.0,3708447,python,[JIT],0x0000e1f85713c2ec
248184.0,3708447,python,[JIT],0x0000e1f85713d250
248183.0,3708580,python,[JIT],0x0000f9c1c7c0d0d8
248183.0,3708935,python,[JIT],0x0000e5a3cd7c2214
248182.0,3709077,python,[JIT],0x0000f0f377c032a0
248182.0,3709270,python,[JIT],0x0000eaaffa1be25c
248182.0,3708447,python,[JIT],0x0000e1f8571e2244
248182.0,3708580,python,[JIT],0x0000f9c1c7c0d5a8
248182.0,3708580,python,[JIT],0x0000f9c1c7c0b234
248182.0,3708760,python,[JIT],0x0000fb7688bdb2e8
248182.0,3708760,python,[JIT],0x0000fb7688bde1f8
248181.0,3709441,python,[JIT],0x0000f934751951e0
248181.0,3708580,python,[JIT],0x0000f9c1c7c0d1dc
248180.0,3708447,python,[JIT],0x0000e1f85713e1d8
248179.0,3708580,python,[JIT],0x0000f9c1c7c0909c
248179.0,3708935,python,[JIT],0x0000e5a3cd7c3378
248179.0,3708935,python,[JIT],0x0000e5a3cd71f2a8
248178.0,3709270,python,[kernel.kallsyms],zone_statistics
248178.0,3708580,python,[kernel.kallsyms],page_counter_cancel
248178.0,3708580,python,[JIT],0x0000f9c1c7c0e0d0
248177.0,3709441,python,[JIT],0x0000f93475195240
248177.0,3708935,python,[JIT],0x0000e5a3cd71f8c0
248177.0,3708760,python,[JIT],0x0000fb7688c8203c
248177.0,3708760,python,[JIT],0x0000fb7688bdf0d8
248177.0,3708760,python,[JIT],0x0000fb7688c81288
248176.0,3709441,python,[JIT],0x0000f93475198284
248176.0,3708760,python,[JIT],0x0000fb7688bde8c0
248176.0,3708760,python,[JIT],0x0000fb7688bdf0ec
248175.0,3708760,python,[kernel.kallsyms],handle_softirqs
248174.0,3708447,python,[JIT],0x0000e1f85713d0d4
248174.0,3709077,python,[JIT],0x0000f0f377c091c8
248174.0,3709441,python,[JIT],0x0000f934751962f8
248173.0,3709077,python,[JIT],0x0000f0f377c091c4
248173.0,3709077,python,[JIT],0x0000f0f377c052c0
248173.0,3709077,python,[JIT],0x0000f0f377c091d0
248173.0,3708580,python,[JIT],0x0000f9c1c7c0919c
248173.0,3708760,python,[JIT],0x0000fb7688c81254
248171.0,3709077,python,[JIT],0x0000f0f377c060a4
248171.0,3709441,python,[JIT],0x0000f93475195030
248171.0,3708580,python,[JIT],0x0000f9c1c7c09100
248171.0,3708580,python,[JIT],0x0000f9c1c7c0c000
248171.0,3708935,python,[JIT],0x0000e5a3cd71d0c8
248171.0,3708760,python,[JIT],0x0000fb7688bdb2e0
248170.0,3709077,python,[JIT],0x0000f0f377c041e0
248170.0,3708580,python,[JIT],0x0000f9c1c7c0a278
248170.0,3708580,python,[JIT],0x0000f9c1c7c0d224
248169.0,3708447,python,[JIT],0x0000e1f8571e215c
248169.0,3708580,python,[JIT],0x0000f9c1c7c0a134
248169.0,3708580,python,[JIT],0x0000f9c1c7c0e23c
248169.0,3708760,python,[JIT],0x0000fb7688bde424
248168.0,3708447,python,[JIT],0x0000e1f8571e3210
248168.0,3709077,python,[JIT],0x0000f0f377c0914c
248168.0,3708580,python,[JIT],0x0000f9c1c7c0d1e8
248168.0,3708935,python,[JIT],0x0000e5a3cd71d224
248168.0,3708935,python,[JIT],0x0000e5a3cd71e044
248168.0,3708760,python,[JIT],0x0000fb7688bdb060
248167.0,3709077,python,[JIT],0x0000f0f377c07210
248166.0,3708447,python,[JIT],0x0000e1f85713f0a8
248166.0,3709441,python,[JIT],0x0000f93475195140
248166.0,3708760,python,[JIT],0x0000fb7688bde920
248166.0,3708760,python,[JIT],0x0000fb7688c82180
248165.0,3708447,python,[JIT],0x0000e1f8571e312c
248165.0,3708935,python,[JIT],0x0000e5a3cd7c2300
248164.0,3709270,python,[kernel.kallsyms],memset
248164.0,3709270,python,[JIT],0x0000eaaffa1f1404
248164.0,3709270,python,[JIT],0x0000eaaffa1be304
248164.0,3709441,python,[JIT],0x0000f9347519920c
248164.0,3708580,python,[JIT],0x0000f9c1c7c0b3f8
248164.0,3708760,python,[JIT],0x0000fb7688bdb074
248163.0,3709441,python,[JIT],0x0000f93475197108
248163.0,3708760,python,[kernel.kallsyms],zone_statistics
248162.0,3708580,python,[JIT],0x0000f9c1c7c0a09c
248162.0,3708580,python,[JIT],0x0000f9c1c7c0e2a0
248162.0,3708580,python,[kernel.kallsyms],__mod_memcg_lruvec_state
248162.0,3708580,python,[JIT],0x0000f9c1c7c0a040
248161.0,3709441,python,[JIT],0x0000f934751980b8
248161.0,3708580,python,[JIT],0x0000f9c1c7c0d140
248161.0,3708580,python,[JIT],0x0000f9c1c7c0d28c
248161.0,3708580,python,[JIT],0x0000f9c1c7c0a0d0
248161.0,3708580,python,[JIT],0x0000f9c1c7c0c348
248161.0,3708760,python,[JIT],0x0000fb7688c82088
248160.0,3708447,python,[JIT],0x0000e1f85713c30c
248160.0,3709441,python,[JIT],0x0000f9347519b184
248160.0,3708580,python,[JIT],0x0000f9c1c7c0d1e4
248160.0,3708935,python,[JIT],0x0000e5a3cd71c100
248160.0,3708935,python,[JIT],0x0000e5a3cd7c2070
248159.0,3709270,python,[JIT],0x0000eaaffa1f3114
248159.0,3708580,python,[JIT],0x0000f9c1c7c0d058
248158.0,3708447,python,[JIT],0x0000e1f85713d2a0
248158.0,3709441,python,[JIT],0x0000f9347519a1b4
248158.0,3708580,python,[JIT],0x0000f9c1c7c090f4
248158.0,3708580,python,[JIT],0x0000f9c1c7c0e1dc
248158.0,3708760,python,[JIT],0x0000fb7688bdf1c8
248158.0,3708760,python,[JIT],0x0000fb7688bdd180
248157.0,3709270,python,[JIT],0x0000eaaffa1be1cc
248157.0,3708447,python,python,_PyDict_FromItems
248157.0,3709077,python,[JIT],0x0000f0f377c06920
248157.0,3708935,python,[JIT],0x0000e5a3cd7c320c
248156.0,3709077,python,[JIT],0x0000f0f377c04038
248156.0,3709077,python,[JIT],0x0000f0f377c068bc
248156.0,3708447,python,[JIT],0x0000e1f85713c110
248156.0,3709441,python,[JIT],0x0000f9347519706c
248156.0,3708580,python,[JIT],0x0000f9c1c7c0b218
248155.0,3708447,python,[JIT],0x0000e1f8571e21f8
248155.0,3708935,python,[JIT],0x0000e5a3cd71f074
248155.0,3708760,python,[JIT],0x0000fb7688bdc054
248155.0,3708760,python,[JIT],0x0000fb7688bdd1bc
248155.0,3708760,python,[JIT],0x0000fb7688c82040
248155.0,3708935,python,[JIT],0x0000e5a3cd7c34d4
248155.0,3708760,python,[JIT],0x0000fb7688bdc110
248154.0,3709077,python,[JIT],0x0000f0f377c04178
248154.0,3709270,python,[JIT],0x0000eaaff9eff07c
248154.0,3708447,python,[JIT],0x0000e1f85713f47c
248154.0,3708580,python,[JIT],0x0000f9c1c7c0b920
248154.0,3708580,python,[JIT],0x0000f9c1c7c0e1ac
248154.0,3708760,python,[JIT],0x0000fb7688c81204
248154.0,3708760,python,[JIT],0x0000fb7688c820d4
248153.0,3709077,python,[JIT],0x0000f0f377c042e0
248153.0,3708760,python,[kernel.kallsyms],percpu_ref_put_many.constprop.0
248153.0,3708760,python,[JIT],0x0000fb7688bdb094
248153.0,3708935,python,[JIT],0x0000e5a3cd71e2a0
248153.0,3708935,python,[JIT],0x0000e5a3cd7c10d4
248153.0,3708935,python,[JIT],0x0000e5a3cd7c31b4
248153.0,3708760,python,[JIT],0x0000fb7688c81058
248153.0,3708760,python,[JIT],0x0000fb7688c82000
248152.0,3708447,python,[JIT],0x0000e1f85713d174
248152.0,3709441,python,[JIT],0x0000f93475198120
248152.0,3708580,python,[JIT],0x0000f9c1c7c0e0c8
248152.0,3708580,python,[JIT],0x0000f9c1c7c0b0f4
248152.0,3708935,python,[JIT],0x0000e5a3cd71e1f0
248152.0,3708935,python,[JIT],0x0000e5a3cd71f0f4
248152.0,3708935,python,[JIT],0x0000e5a3cd7c11f0
248151.0,3709270,python,[JIT],0x0000eaaff9eff2a8
248151.0,3709077,python,[JIT],0x0000f0f377c0509c
248151.0,3708580,python,[JIT],0x0000f9c1c7c0b400
248151.0,3708935,python,[JIT],0x0000e5a3cd71c154
248151.0,3708760,python,[JIT],0x0000fb7688c82128
248151.0,3708935,python,[JIT],0x0000e5a3cd7c3154
248150.0,3708447,python,[JIT],0x0000e1f85713d164
248150.0,3708447,python,[JIT],0x0000e1f85713e238
248150.0,3709441,python,[JIT],0x0000f9347519821c
248150.0,3708580,python,[JIT],0x0000f9c1c7c0809c
248150.0,3708580,python,[JIT],0x0000f9c1c7c09100
248150.0,3708935,python,[JIT],0x0000e5a3cd71d15c
248150.0,3708935,python,[JIT],0x0000e5a3cd71d330
248150.0,3708935,python,[JIT],0x0000e5a3cd7c2218
248149.0,3709077,python,python,PyMem_Realloc
248149.0,3709077,python,[JIT],0x0000f0f377c031f4
248149.0,3709077,python,[JIT],0x0000f0f377c05168
248149.0,3709441,python,[JIT],0x0000f934751951c4
248149.0,3709441,python,[JIT],0x0000f93475196334
248149.0,3708935,python,[JIT],0x0000e5a3cd7c3230
248149.0,3708760,python,[JIT],0x0000fb7688bde110
248148.0,3709077,python,[JIT],0x0000f0f377c06068
248148.0,3709441,python,[kernel.kallsyms],memset
248148.0,3708760,python,[JIT],0x0000fb7688bdd298
248147.0,3709077,python,[JIT],0x0000f0f377c05124
248147.0,3708580,python,[JIT],0x0000f9c1c7c0d09c
248147.0,3708935,python,[JIT],0x0000e5a3cd71f230
248147.0,3708935,python,[JIT],0x0000e5a3cd7c200c
248147.0,3708935,python,[kernel.kallsyms],__rcu_read_unlock
248147.0,3708760,python,[JIT],0x0000fb7688bde228
248146.0,3709077,python,[JIT],0x0000f0f377c060b8
248146.0,3709270,python,[JIT],0x0000eaaffa1f30bc
248146.0,3708760,python,[JIT],0x0000fb7688bdd248
248146.0,3708935,python,[JIT],0x0000e5a3cd7c3380
248145.0,3709270,python,[JIT],0x0000eaaff9eff2e0
248145.0,3708447,python,[JIT],0x0000e1f85713d228
248145.0,3709077,python,[kernel.kallsyms],vm_unmapped_area
248145.0,3709077,python,[JIT],0x0000f0f377c051bc
248145.0,3709441,python,[JIT],0x0000f93475199184
248145.0,3708580,python,[JIT],0x0000f9c1c7c0b424
248145.0,3708580,python,[JIT],0x0000f9c1c7c0d25c
248145.0,3708935,python,[JIT],0x0000e5a3cd71c254
248145.0,3708935,python,[JIT],0x0000e5a3cd7c20b8
248145.0,3708760,python,[JIT],0x0000fb7688bde0f0
248144.0,3708447,python,[JIT],0x0000e1f85713c210
248144.0,3709077,python,[kernel.kallsyms],__pte_offset_map
248144.0,3708760,python,[JIT],0x0000fb7688bde2c8
248144.0,3708760,python,[JIT],0x0000fb7688bdf008
248144.0,3708760,python,[JIT],0x0000fb7688c81308
248143.0,3708447,python,[JIT],0x0000e1f85713d0c0
248143.0,3708447,python,[JIT],0x0000e1f85713d0f4
248143.0,3708447,python,[JIT],0x0000e1f85713f480
248143.0,3709441,python,[kernel.kallsyms],anon_vma_interval_tree_insert
248143.0,3708580,python,[JIT],0x0000f9c1c7c0c210
248143.0,3708935,python,[JIT],0x0000e5a3cd71f174
248142.0,3709077,python,[JIT],0x0000f0f377c06218
248142.0,3709077,python,[JIT],0x0000f0f377c0633c
248142.0,3708580,python,[JIT],0x0000f9c1c7c090e8
248142.0,3708760,python,[JIT],0x0000fb7688bdd044
248141.0,3708447,python,[JIT],0x0000e1f85713f400
248141.0,3708447,python,[JIT],0x0000e1f8571e1184
248141.0,3709077,python,[JIT],0x0000f0f377c07248
248141.0,3708760,python,[JIT],0x0000fb7688c82090
248140.0,3709270,python,[JIT],0x0000eaaffa1be2d8
248140.0,3708447,python,[JIT],0x0000e1f85713e06c
248140.0,3709441,python,[JIT],0x0000f9347519a304
248140.0,3709441,python,[JIT],0x0000f9347519b08c
248140.0,3708935,python,[JIT],0x0000e5a3cd7c11a4
248140.0,3708935,python,[JIT],0x0000e5a3cd71d07c
248140.0,3708760,python,[JIT],0x0000fb7688bde23c
248139.0,3709270,python,[JIT],0x0000eaaffa1f123c
248139.0,3709441,python,[JIT],0x0000f934751952cc
248139.0,3708580,python,[JIT],0x0000f9c1c7c0b0c0
248139.0,3708580,python,[JIT],0x0000f9c1c7c0b280
248139.0,3708580,python,[JIT],0x0000f9c1c7c0b2c4
248139.0,3708935,python,[JIT],0x0000e5a3cd71d168
248139.0,3708935,python,[JIT],0x0000e5a3cd71d294
248139.0,3708760,python,[JIT],0x0000fb7688bdc0d0
248139.0,3708760,python,[JIT],0x0000fb7688bde400
248138.0,3708447,python,[JIT],0x0000e1f85713f030
248138.0,3709441,python,[JIT],0x0000f934751951a4
248138.0,3708580,python,[JIT],0x0000f9c1c7c09214
248138.0,3708935,python,[kernel.kallsyms],strlen
248138.0,3708760,python,[JIT],0x0000fb7688bde244
248137.0,3709077,python,[kernel.kallsyms],_find_next_bit
248137.0,3709270,python,[JIT],0x0000eaaffa1f133c
248137.0,3708935,python,[JIT],0x0000e5a3cd71e150
248137.0,3708760,python,[kernel.kallsyms],arch_local_irq_save
248136.0,3709270,python,[kernel.kallsyms],__lruvec_stat_mod_folio
248136.0,3709270,python,[JIT],0x0000eaaffa1f20e8
248136.0,3708580,python,[JIT],0x0000f9c1c7c0e008
248136.0,3708935,python,[JIT],0x0000e5a3cd7c323c
248135.0,3709077,python,[JIT],0x0000f0f377c062ac
248135.0,3709077,python,[JIT],0x0000f0f377c09070
248135.0,3709270,python,[JIT],0x0000eaaff9eff0cc
248135.0,3709270,python,[JIT],0x0000eaaffa1bf200
248135.0,3708447,python,[JIT],0x0000e1f8571e225c
248135.0,3709441,python,[JIT],0x0000f93475196174
248135.0,3709441,python,[JIT],0x0000f9347519a2d0
248135.0,3708580,python,[JIT],0x0000f9c1c7c0b0f0
248135.0,3708580,python,[JIT],0x0000f9c1c7c0c33c
248135.0,3708935,python,[JIT],0x0000e5a3cd7c30bc
248135.0,3708760,python,[JIT],0x0000fb7688bdb25c
248134.0,3708447,python,[JIT],0x0000e1f8571e1004
248134.0,3709077,python,[JIT],0x0000f0f377c082a0
248134.0,3708580,python,[JIT],0x0000f9c1c7c0929c
248133.0,3708447,python,[JIT],0x0000e1f85713d0e4
248133.0,3708447,python,[JIT],0x0000e1f8571e2340
248133.0,3709441,python,[JIT],0x0000f93475198030
248133.0,3708580,python,[JIT],0x0000f9c1c7c0d33c
248133.0,3708760,python,[JIT],0x0000fb7688bdf1e0
248133.0,3708760,python,[JIT],0x0000fb7688c8114c
248132.0,3709270,python,[JIT],0x0000eaaffa1f4214
248132.0,3708447,python,[JIT],0x0000e1f85713d0a8
248132.0,3708447,python,[JIT],0x0000e1f85713d210
248132.0,3708447,python,[JIT],0x0000e1f85713f0a4
248132.0,3708447,python,[JIT],0x0000e1f85713f10c
248132.0,3709077,python,[JIT],0x0000f0f377c0723c
248132.0,3709441,python,[JIT],0x0000f9347519906c
248132.0,3708580,python,[JIT],0x0000f9c1c7c0d000
248132.0,3708935,python,[JIT],0x0000e5a3cd71f248
248132.0,3708935,python,[JIT],0x0000e5a3cd7c2148
248131.0,3709270,python,[kernel.kallsyms],percpu_ref_get_many
248131.0,3709441,python,[JIT],0x0000f9347519b1f0
248131.0,3708760,python,[JIT],0x0000fb7688bdc2a4
248130.0,3709077,python,[kernel.kallsyms],cpumask_weight
248130.0,3709270,python,[JIT],0x0000eaaffa1f40d4
248130.0,3709270,python,[JIT],0x0000eaaffa1f41d0
248130.0,3708447,python,[JIT],0x0000e1f85713c03c
248130.0,3708447,python,[JIT],0x0000e1f85713f454
248130.0,3709441,python,[JIT],0x0000f9347519b080
248129.0,3709077,python,[kernel.kallsyms],dynamic_might_resched
248129.0,3708447,python,[JIT],0x0000e1f8571e2174
248129.0,3708447,python,[JIT],0x0000e1f8571e2294
248129.0,3709441,python,[JIT],0x0000f934751990c4
248128.0,3709270,python,[kernel.kallsyms],__jbd2_journal_temp_unlink_buffer
248128.0,3708447,python,[JIT],0x0000e1f85713d338
248128.0,3709077,python,[JIT],0x0000f0f377c0409c
248128.0,3709441,python,[JIT],0x0000f934751970a8
248128.0,3708580,python,[JIT],0x0000f9c1c7c0a180
248128.0,3708760,python,[JIT],0x0000fb7688c81080
248128.0,3708760,python,[JIT],0x0000fb7688c8119c
248128.0,3708935,python,[JIT],0x0000e5a3cd7c30a8
248128.0,3708760,python,[JIT],0x0000fb7688bdf1c4
248128.0,3708760,python,[JIT],0x0000fb7688c81238
248127.0,3709077,python,[JIT],0x0000f0f377c04030
248127.0,3708447,python,[JIT],0x0000e1f85713d254
248127.0,3709077,python,[JIT],0x0000f0f377c091f8
248127.0,3708580,python,[JIT],0x0000f9c1c7c0d258
248127.0,3708580,python,[JIT],0x0000f9c1c7c0d298
248127.0,3708935,python,[JIT],0x0000e5a3cd71d140
248127.0,3708760,python,libc.so.6,realloc
248126.0,3708447,python,[JIT],0x0000e1f8571e14dc
248126.0,3709077,python,[kernel.kallsyms],__mod_node_page_state
248126.0,3709441,python,[JIT],0x0000f9347519a0e8
248126.0,3708580,python,libc.so.6,_int_realloc
248126.0,3708935,python,[JIT],0x0000e5a3cd7c1144
248126.0,3708760,python,[JIT],0x0000fb7688bdf1d4
248125.0,3709270,python,[JIT],0x0000eaaffa1f124c
248125.0,3708447,python,[JIT],0x0000e1f85713d328
248125.0,3708447,python,[JIT],0x0000e1f8571e3154
248125.0,3708935,python,[JIT],0x0000e5a3cd71d064
248125.0,3708760,python,[JIT],0x0000fb7688bdb048
248125.0,3708760,python,[JIT],0x0000fb7688bdc154
248125.0,3708760,python,[JIT],0x0000fb7688bde0ec
248124.0,3709270,python,[JIT],0x0000eaaffa1f31b8
248124.0,3709270,python,[JIT],0x0000eaaff9eff330
248124.0,3708447,python,[JIT],0x0000e1f85713e154
248124.0,3709441,python,[JIT],0x0000f93475197260
248124.0,3708580,python,[JIT],0x0000f9c1c7c0a1a0
248124.0,3708580,python,[JIT],0x0000f9c1c7c0e21c
248124.0,3708580,python,libgcc_s.so.1,0x000000000001b590
248124.0,3708935,python,[JIT],0x0000e5a3cd71e208
248124.0,3708935,python,[JIT],0x0000e5a3cd7c2334
248123.0,3709270,python,[JIT],0x0000eaaffa1f21c8
248123.0,3708580,python,[JIT],0x0000f9c1c7c0d2d4
248123.0,3708580,python,[JIT],0x0000f9c1c7c0d2d8
248123.0,3708580,python,[JIT],0x0000f9c1c7c09340
248123.0,3708760,python,[JIT],0x0000fb7688bdb0e8
248123.0,3708760,python,[JIT],0x0000fb7688c82094
248122.0,3708447,python,[JIT],0x0000e1f85713d178
248122.0,3708580,python,[JIT],0x0000f9c1c7c0d29c
248122.0,3708935,python,[JIT],0x0000e5a3cd71d038
248122.0,3708760,python,[JIT],0x0000fb7688bdf140
248122.0,3708935,python,[JIT],0x0000e5a3cd7c215c
248121.0,3709270,python,python,_PyTypeCache_Lookup
248121.0,3709077,python,[JIT],0x0000f0f377c0624c
248121.0,3709077,python,[JIT],0x0000f0f377c08040
248121.0,3709441,python,[JIT],0x0000f9347519a0ac
248121.0,3708580,python,[JIT],0x0000f9c1c7c0b084
248121.0,3708935,python,[JIT],0x0000e5a3cd7c3060
248121.0,3708935,python,[JIT],0x0000e5a3cd71c068
248121.0,3708935,python,[JIT],0x0000e5a3cd71c09c
248121.0,3708935,python,[JIT],0x0000e5a3cd71d260
248121.0,3708935,python,[JIT],0x0000e5a3cd7c20ec
248121.0,3708760,python,[JIT],0x0000fb7688bdb0a8
248120.0,3709077,python,[JIT],0x0000f0f377c03064
248120.0,3709270,python,[JIT],0x0000eaaffa1f10b0
248120.0,3708447,python,[JIT],0x0000e1f85713e2b8
248120.0,3708580,python,[kernel.kallsyms],mas_alloc_nodes
248120.0,3708935,python,[JIT],0x0000e5a3cd71f41c
248120.0,3708760,python,[JIT],0x0000fb7688bde8cc
248120.0,3708935,python,[kernel.kallsyms],get_mem_cgroup_from_mm
248120.0,3708760,python,[JIT],0x0000fb7688bdb2a0
248120.0,3708760,python,[JIT],0x0000fb7688bdd0cc
248120.0,3708760,python,[JIT],0x0000fb7688bdf1d0
248119.0,3709077,python,[JIT],0x0000f0f377c03174
248119.0,3709077,python,[JIT],0x0000f0f377c0655c
248119.0,3709441,python,[JIT],0x0000f934751961f8
248119.0,3709441,python,[JIT],0x0000f9347519b170
248119.0,3708935,python,[JIT],0x0000e5a3cd7c3174
248119.0,3708760,python,[JIT],0x0000fb7688bde108
248118.0,3709270,python,[JIT],0x0000eaaff9eff2d8
248118.0,3708447,python,[JIT],0x0000e1f8571e3140
248118.0,3708935,python,[JIT],0x0000e5a3cd7c22f0
248118.0,3708760,python,[JIT],0x0000fb7688bdc140
248118.0,3708760,python,[JIT],0x0000fb7688bde460
248117.0,3709270,python,[JIT],0x0000eaaffa1be0e8
248117.0,3708447,python,[kernel.kallsyms],sanitize_fault_flags
248117.0,3708447,python,[JIT],0x0000e1f85713c2d0
248117.0,3708447,python,[JIT],0x0000e1f85713d034
248117.0,3708447,python,[JIT],0x0000e1f8571e30d0
248117.0,3709077,python,[kernel.kallsyms],post_alloc_hook
248117.0,3708580,python,[JIT],0x0000f9c1c7c0e1b0
248117.0,3708580,python,libc.so.6,__strlen_generic
248117.0,3708760,python,[JIT],0x0000fb7688bde0e4
248116.0,3708447,python,[JIT],0x0000e1f85713c330
248116.0,3708580,python,[JIT],0x0000f9c1c7c0e27c
248116.0,3708935,python,[JIT],0x0000e5a3cd71d0ac
248116.0,3708760,python,[JIT],0x0000fb7688bde088
248116.0,3708935,python,[kernel.kallsyms],do_page_fault
248115.0,3709077,python,[JIT],0x0000f0f377c04330
248115.0,3709270,python,[JIT],0x0000eaaffa1bf278
248115.0,3709270,python,[kernel.kallsyms],page_counter_try_charge
248115.0,3709077,python,python,_PyEval_GetIter
248115.0,3708580,python,[JIT],0x0000f9c1c7c08170
248115.0,3708580,python,[JIT],0x0000f9c1c7c0e180
248115.0,3708935,python,[JIT],0x0000e5a3cd71d294
248115.0,3708935,python,[JIT],0x0000e5a3cd71e23c
248115.0,3708935,python,[JIT],0x0000e5a3cd71f404
248115.0,3708760,python,[JIT],0x0000fb7688bdf00c
248115.0,3708760,python,[JIT],0x0000fb7688c82028
248114.0,3708447,python,[JIT],0x0000e1f85713e0c8
248114.0,3708447,python,[JIT],0x0000e1f85713e104
248114.0,3708447,python,[JIT],0x0000e1f85713f224
248114.0,3708580,python,[JIT],0x0000f9c1c7c0d144
248114.0,3708580,python,[JIT],0x0000f9c1c7c0b0d0
248114.0,3708760,python,[JIT],0x0000fb7688bdb1a8
248114.0,3708760,python,[JIT],0x0000fb7688c810ec
248114.0,3708760,python,[JIT],0x0000fb7688c821a4
248113.0,3709270,python,[JIT],0x0000eaaffa1bf0c4
248113.0,3708580,python,[JIT],0x0000f9c1c7c0a184
248113.0,3708580,python,[JIT],0x0000f9c1c7c0e148
248113.0,3708760,python,[JIT],0x0000fb7688bde420
248113.0,3708935,python,[JIT],0x0000e5a3cd71d1c8
248113.0,3708935,python,[JIT],0x0000e5a3cd7c31b8
248113.0,3708760,python,[JIT],0x0000fb7688bdc168
248113.0,3708760,python,[JIT],0x0000fb7688bdf1a4
248112.0,3709077,python,[JIT],0x0000f0f377c091bc
248112.0,3708580,python,[JIT],0x0000f9c1c7c0a414
248112.0,3708580,python,[JIT],0x0000f9c1c7c0a074
248112.0,3708935,python,[JIT],0x0000e5a3cd71e200
248112.0,3708935,python,[JIT],0x0000e5a3cd7c11f8
248112.0,3708935,python,[JIT],0x0000e5a3cd7c21a4
248111.0,3709270,python,[JIT],0x0000eaaffa1be1ac
248111.0,3708447,python,python,_PyList_AppendTakeRefListResize
248111.0,3708447,python,[JIT],0x0000e1f85713d110
248111.0,3708580,python,[JIT],0x0000f9c1c7c0e224
248111.0,3708935,python,[JIT],0x0000e5a3cd7c1228
248111.0,3708760,python,[JIT],0x0000fb7688bdc0a4
248111.0,3708760,python,[JIT],0x0000fb7688bde950
248111.0,3708760,python,[JIT],0x0000fb7688c81110
248111.0,3708760,python,[JIT],0x0000fb7688c8114c
248110.0,3709077,python,[JIT],0x0000f0f377c09184
248110.0,3709270,python,[JIT],0x0000eaaffa1bf168
248110.0,3708935,python,[JIT],0x0000e5a3cd71c05c
248110.0,3708935,python,[JIT],0x0000e5a3cd7c20c4
248109.0,3709077,python,[JIT],0x0000f0f377c06414
248109.0,3709270,python,[JIT],0x0000eaaffa1f1194
248109.0,3708580,python,[JIT],0x0000f9c1c7c0c148
248109.0,3708935,python,[JIT],0x0000e5a3cd71f0ac
248109.0,3708760,python,[JIT],0x0000fb7688bdc048
248109.0,3708760,python,[JIT],0x0000fb7688c8221c
248109.0,3708935,python,[JIT],0x0000e5a3cd71c1f4
248109.0,3708760,python,libc.so.6,_int_realloc
248108.0,3709077,python,[JIT],0x0000f0f377c0512c
248108.0,3709077,python,[JIT],0x0000f0f377c0721c
248108.0,3709077,python,[JIT],0x0000f0f377c080ec
248108.0,3709077,python,[JIT],0x0000f0f377c081b4
248108.0,3709270,python,[JIT],0x0000eaaffa1f32fc
248108.0,3708580,python,[JIT],0x0000f9c1c7c0d110
248108.0,3708580,python,[JIT],0x0000f9c1c7c0a050
248108.0,3708580,python,[JIT],0x0000f9c1c7c0b274
248108.0,3708580,python,[JIT],0x0000f9c1c7c0b32c
248108.0,3708580,python,[JIT],0x0000f9c1c7c0b3ec
248108.0,3708935,python,[JIT],0x0000e5a3cd71c22c
248108.0,3708935,python,[JIT],0x0000e5a3cd71f3cc
248108.0,3708935,python,[JIT],0x0000e5a3cd7c1004
248108.0,3708760,python,[JIT],0x0000fb7688bdb0cc
248108.0,3708760,python,[JIT],0x0000fb7688c81224
248107.0,3709077,python,[JIT],0x0000f0f377c090e4
248107.0,3709441,python,[JIT],0x0000f934751961b8
248107.0,3708580,python,[JIT],0x0000f9c1c7c0b154
248107.0,3708760,python,[JIT],0x0000fb7688bdc2ec
248106.0,3708447,python,[JIT],0x0000e1f85713c254
248106.0,3708935,python,[JIT],0x0000e5a3cd71c240
248106.0,3708935,python,[JIT],0x0000e5a3cd71e110
248106.0,3708760,python,python,_Py_uop_sym_set_type
248106.0,3708760,python,[kernel.kallsyms],rseq_update_cpu_node_id
248106.0,3708760,python,[JIT],0x0000fb7688bdd410
248106.0,3708935,python,[JIT],0x0000e5a3cd7c30d8
248106.0,3708935,python,[JIT],0x0000e5a3cd7c31c8
248105.0,3709270,python,[JIT],0x0000eaaffa1f40cc
248105.0,3708447,python,[JIT],0x0000e1f85713c0e8
248105.0,3709441,python,[JIT],0x0000f93475199180
248105.0,3709441,python,[JIT],0x0000f9347519a1f8
248105.0,3708760,python,[JIT],0x0000fb7688bde1f8
248105.0,3708760,python,[JIT],0x0000fb7688c812f4
248104.0,3709270,python,[JIT],0x0000eaaffa1f10b0
248104.0,3709270,python,[JIT],0x0000eaaff9eff080
248104.0,3709270,python,[JIT],0x0000eaaff9eff1c4
248104.0,3709270,python,[JIT],0x0000eaaffa1f115c
248104.0,3708447,python,[JIT],0x0000e1f85713d0f0
248104.0,3708447,python,[JIT],0x0000e1f85713e060
248104.0,3708447,python,[JIT],0x0000e1f8571e3028
248104.0,3709077,python,[JIT],0x0000f0f377c071e0
248104.0,3708580,python,[JIT],0x0000f9c1c7c0b064
248104.0,3708580,python,[JIT],0x0000f9c1c7c0b1d8
248104.0,3708580,python,[JIT],0x0000f9c1c7c0d228
248104.0,3708760,python,[JIT],0x0000fb7688bdf1d8
248104.0,3708760,python,[JIT],0x0000fb7688c821e0
248104.0,3708935,python,[JIT],0x0000e5a3cd7c109c
248104.0,3708760,python,[JIT],0x0000fb7688bdb078
248103.0,3709270,python,[kernel.kallsyms],ext4_inode_table
248103.0,3709270,python,[JIT],0x0000eaaffa1be19c
248103.0,3708447,python,[JIT],0x0000e1f8571e3174
248103.0,3709077,python,[JIT],0x0000f0f377c051a0
248103.0,3709441,python,[JIT],0x0000f9347519505c
248103.0,3709441,python,[JIT],0x0000f9347519a038
248103.0,3708580,python,[JIT],0x0000f9c1c7c0e37c
248103.0,3708935,python,[JIT],0x0000e5a3cd71f120
248103.0,3708760,python,[JIT],0x0000fb7688bde0a0
248103.0,3708760,python,[JIT],0x0000fb7688bdf0c0
248103.0,3708760,python,[JIT],0x0000fb7688bdf0e4
248102.0,3709077,python,[JIT],0x0000f0f377c05228
248102.0,3709077,python,[JIT],0x0000f0f377c06154
248102.0,3709441,python,[JIT],0x0000f934751980f0
248102.0,3708580,python,[JIT],0x0000f9c1c7c0b148
248102.0,3708580,python,[JIT],0x0000f9c1c7c0c160
248102.0,3708935,python,[JIT],0x0000e5a3cd71d0d8
248102.0,3708760,python,[JIT],0x0000fb7688c821dc
248102.0,3708935,python,[JIT],0x0000e5a3cd7c1248
248101.0,3709270,python,[JIT],0x0000eaaff9eff260
248101.0,3709270,python,[JIT],0x0000eaaffa1f3224
248101.0,3708447,python,[kernel.kallsyms],rseq_get_rseq_cs.isra.0
248101.0,3709441,python,[JIT],0x0000f93475198200
248101.0,3708935,python,[JIT],0x0000e5a3cd71c094
248101.0,3708760,python,[JIT],0x0000fb7688bdd0c0
248101.0,3708760,python,[JIT],0x0000fb7688bdd224
248101.0,3708760,python,[JIT],0x0000fb7688c824cc
248100.0,3709270,python,[JIT],0x0000eaaffa1f220c
248100.0,3709270,python,[JIT],0x0000eaaffa1f3304
248100.0,3709077,python,[JIT],0x0000f0f377c05028
248100.0,3708580,python,[JIT],0x0000f9c1c7c0c338
248100.0,3708580,python,[JIT],0x0000f9c1c7c0e174
248100.0,3708580,python,python,_PyObject_Realloc
248100.0,3708580,python,[JIT],0x0000f9c1c7c091c8
248100.0,3708760,python,[kernel.kallsyms],blk_cgroup_congested
248100.0,3708935,python,[JIT],0x0000e5a3cd7c31d8
248100.0,3708760,python,[JIT],0x0000fb7688c82168
248099.0,3709270,python,[JIT],0x0000eaaffa1f2234
248099.0,3708447,python,[kernel.kallsyms],perf_iterate_ctx
248099.0,3709077,python,[JIT],0x0000f0f377c061f8
248099.0,3709077,python,[JIT],0x0000f0f377c094d8
248099.0,3709441,python,[JIT],0x0000f934751971c4
248099.0,3708580,python,[JIT],0x0000f9c1c7c0e248
248099.0,3708935,python,[JIT],0x0000e5a3cd71e1d8
248099.0,3708935,python,[JIT],0x0000e5a3cd7c2028
248099.0,3708760,python,[JIT],0x0000fb7688bde060
248099.0,3708935,python,[JIT],0x0000e5a3cd71f378
248099.0,3708760,python,[JIT],0x0000fb7688c811f8
248098.0,3709077,python,[JIT],0x0000f0f377c070e4
248098.0,3708447,python,python,_PyJit_translate_single_bytecode_to_trace
248098.0,3708447,python,[JIT],0x0000e1f85713c0e0
248098.0,3708447,python,[JIT],0x0000e1f85713e278
248098.0,3709077,python,[JIT],0x0000f0f377c081b8
248098.0,3709441,python,[JIT],0x0000f9347519b1b4
248098.0,3708580,python,[JIT],0x0000f9c1c7c0b244
248098.0,3708580,python,[JIT],0x0000f9c1c7c0c1a4
248098.0,3708935,python,[JIT],0x0000e5a3cd71f238
248097.0,3709270,python,[JIT],0x0000eaaffa1f2228
248097.0,3709270,python,[JIT],0x0000eaaffa1f106c
248097.0,3708447,python,[kernel.kallsyms],change_pte_range
248097.0,3708447,python,[JIT],0x0000e1f8571e2050
248097.0,3708447,python,[JIT],0x0000e1f8571e2218
248097.0,3709077,python,[JIT],0x0000f0f377c06000
248097.0,3708580,python,[JIT],0x0000f9c1c7c080e8
248097.0,3708580,python,[JIT],0x0000f9c1c7c09248
248097.0,3708760,python,[JIT],0x0000fb7688bdf268
248097.0,3708935,python,[JIT],0x0000e5a3cd71f034
248097.0,3708760,python,[kernel.kallsyms],__mem_cgroup_uncharge_list
248096.0,3709077,python,[kernel.kallsyms],folio_batch_move_lru
248096.0,3709077,python,[JIT],0x0000f0f377c0806c
248096.0,3709270,python,[JIT],0x0000eaaffa1f2210
248096.0,3708447,python,[JIT],0x0000e1f8571e3144
248096.0,3709441,python,[JIT],0x0000f9347519533c
248096.0,3708580,python,[JIT],0x0000f9c1c7c090bc
248095.0,3709077,python,[JIT],0x0000f0f377c06298
248095.0,3709077,python,[JIT],0x0000f0f377c080bc
248095.0,3708447,python,[JIT],0x0000e1f85713f290
248095.0,3708447,python,[JIT],0x0000e1f8571e3264
248095.0,3708580,python,[JIT],0x0000f9c1c7c0a090
248095.0,3708580,python,[JIT],0x0000f9c1c7c0b2c8
248095.0,3708580,python,[JIT],0x0000f9c1c7c0b460
248095.0,3708580,python,[JIT],0x0000f9c1c7c0c06c
248095.0,3708580,python,[JIT],0x0000f9c1c7c0c0a4
248095.0,3708935,python,[JIT],0x0000e5a3cd7c215c
248095.0,3708935,python,[JIT],0x0000e5a3cd7c2240
248095.0,3708760,python,[JIT],0x0000fb7688bdd268
248094.0,3709270,python,[JIT],0x0000eaaffa1bf240
248094.0,3709270,python,[JIT],0x0000eaaffa1f32a8
248094.0,3709270,python,[JIT],0x0000eaaffa1f3334
248094.0,3709441,python,[JIT],0x0000f934751960e4
248094.0,3708580,python,[JIT],0x0000f9c1c7c0d074
248094.0,3708935,python,[JIT],0x0000e5a3cd7c2098
248094.0,3708935,python,[JIT],0x0000e5a3cd7c3278
248094.0,3708760,python,[JIT],0x0000fb7688bdc214
248094.0,3708935,python,[kernel.kallsyms],may_expand_vm
248094.0,3708760,python,[JIT],0x0000fb7688bdb0c8
248094.0,3708760,python,[JIT],0x0000fb7688c81098
248093.0,3709077,python,[JIT],0x0000f0f377c04228
248093.0,3709077,python,[JIT],0x0000f0f377c061c0
248093.0,3709270,python,[kernel.kallsyms],__folio_throttle_swaprate
248093.0,3709441,python,[JIT],0x0000f93475198248
248093.0,3708580,python,[JIT],0x0000f9c1c7c0923c
248093.0,3708580,python,[JIT],0x0000f9c1c7c0a098
248092.0,3709077,python,[kernel.kallsyms],el0_svc
248092.0,3709077,python,[JIT],0x0000f0f377c06470
248092.0,3709270,python,[JIT],0x0000eaaffa1f31f0
248092.0,3708447,python,[JIT],0x0000e1f85713e0b0
248092.0,3708935,python,[JIT],0x0000e5a3cd7c2058
248091.0,3708447,python,[JIT],0x0000e1f8571e2338
248091.0,3709441,python,[JIT],0x0000f93475195038
248091.0,3708935,python,[JIT],0x0000e5a3cd7c11c4
248091.0,3708935,python,[JIT],0x0000e5a3cd71c2e0
248091.0,3708935,python,[JIT],0x0000e5a3cd71e2c4
248090.0,3709077,python,[JIT],0x0000f0f377c04070
248090.0,3709077,python,[JIT],0x0000f0f377c08088
248090.0,3708447,python,[JIT],0x0000e1f85713c038
248090.0,3708447,python,[JIT],0x0000e1f8571e3544
248090.0,3709077,python,[JIT],0x0000f0f377c0722c
248090.0,3709441,python,[JIT],0x0000f934751962ec
248090.0,3708580,python,[JIT],0x0000f9c1c7c0d0e8
248090.0,3708580,python,[JIT],0x0000f9c1c7c0b000
248090.0,3708935,python,[JIT],0x0000e5a3cd7c2168
248090.0,3708935,python,[JIT],0x0000e5a3cd7c21e8
248090.0,3708760,python,[JIT],0x0000fb7688bde3d8
248090.0,3708935,python,[JIT],0x0000e5a3cd7c116c
248090.0,3708760,python,[JIT],0x0000fb7688bdb1a8
248090.0,3708760,python,[JIT],0x0000fb7688bdd0f0
248090.0,3708760,python,[JIT],0x0000fb7688bdf23c
248089.0,3709077,python,[JIT],0x0000f0f377c0828c
248089.0,3709270,python,[JIT],0x0000eaaffa1be0a0
248089.0,3709270,python,[JIT],0x0000eaaffa1f4184
248089.0,3709270,python,[JIT],0x0000eaaffa1be300
248089.0,3709441,python,[JIT],0x0000f9347519609c
248089.0,3709441,python,[JIT],0x0000f93475197118
248089.0,3708580,python,[JIT],0x0000f9c1c7c0c1f8
248089.0,3708935,python,[JIT],0x0000e5a3cd71f210
248089.0,3708760,python,[JIT],0x0000fb7688bdf184
248089.0,3708935,python,[JIT],0x0000e5a3cd71e254
248088.0,3709077,python,[JIT],0x0000f0f377c051b0
248088.0,3709270,python,[JIT],0x0000eaaffa1be174
248088.0,3708580,python,[JIT],0x0000f9c1c7c092e0
248088.0,3708580,python,[JIT],0x0000f9c1c7c0d30c
248088.0,3708935,python,[JIT],0x0000e5a3cd7c30d8
248088.0,3708760,python,[JIT],0x0000fb7688bdd130
248088.0,3708760,python,[JIT],0x0000fb7688c820d0
248087.0,3709270,python,[JIT],0x0000eaaffa1bf150
248087.0,3709270,python,[JIT],0x0000eaaffa1bf1bc
248087.0,3709270,python,[JIT],0x0000eaaffa1f32dc
248087.0,3708447,python,[kernel.kallsyms],rseq_update_cpu_node_id
248087.0,3709077,python,[JIT],0x0000f0f377c0627c
248087.0,3708580,python,[JIT],0x0000f9c1c7c0c004
248087.0,3708935,python,[JIT],0x0000e5a3cd71e0ec
248087.0,3708935,python,[JIT],0x0000e5a3cd71e190
248087.0,3708760,python,[JIT],0x0000fb7688bdf188
248087.0,3708760,python,[kernel.kallsyms],down_write
248086.0,3709441,python,[JIT],0x0000f93475196000
248086.0,3709441,python,[JIT],0x0000f9347519a28c
248086.0,3708580,python,[JIT],0x0000f9c1c7c08138
248086.0,3708935,python,[JIT],0x0000e5a3cd7c30d0
248086.0,3708935,python,[JIT],0x0000e5a3cd7c31fc
248085.0,3709077,python,[JIT],0x0000f0f377c082e4
248085.0,3709270,python,[JIT],0x0000eaaffa1f18c8
248085.0,3708447,python,[JIT],0x0000e1f85713c008
248085.0,3708447,python,[JIT],0x0000e1f85713d204
248085.0,3708447,python,[JIT],0x0000e1f85713e260
248085.0,3708447,python,[JIT],0x0000e1f8571e208c
248085.0,3708447,python,[JIT],0x0000e1f8571e31e0
248085.0,3709077,python,[JIT],0x0000f0f377c07000
248085.0,3708580,python,[JIT],0x0000f9c1c7c0a10c
248085.0,3708935,python,[JIT],0x0000e5a3cd71e420
248085.0,3708760,python,[JIT],0x0000fb7688bdd208
248085.0,3708935,python,[JIT],0x0000e5a3cd71f36c
248085.0,3708935,python,[JIT],0x0000e5a3cd7c3178
248085.0,3708935,python,[JIT],0x0000e5a3cd7c31f8
248084.0,3709077,python,[JIT],0x0000f0f377c030f4
248084.0,3709270,python,[JIT],0x0000eaaffa1f1188
248084.0,3709270,python,[JIT],0x0000eaaffa1f1274
248084.0,3708447,python,[JIT],0x0000e1f85713e1a0
248084.0,3708447,python,[JIT],0x0000e1f85713f15c
248084.0,3709441,python,[JIT],0x0000f93475198478
248084.0,3708580,python,[JIT],0x0000f9c1c7c0930c
248084.0,3708580,python,[JIT],0x0000f9c1c7c0b3cc
248084.0,3708580,python,[JIT],0x0000f9c1c7c0b434
248084.0,3708580,python,[JIT],0x0000f9c1c7c081c8
248084.0,3708760,python,[JIT],0x0000fb7688bdd234
248083.0,3709270,python,[kernel.kallsyms],do_anonymous_page
248083.0,3708935,python,[JIT],0x0000e5a3cd71e050
248083.0,3708935,python,[JIT],0x0000e5a3cd71e130
248082.0,3709077,python,[JIT],0x0000f0f377c08160
248082.0,3709270,python,[kernel.kallsyms],get_vma_policy
248082.0,3709441,python,[JIT],0x0000f93475197068
248082.0,3708580,python,[JIT],0x0000f9c1c7c0a07c
248082.0,3708580,python,[kernel.kallsyms],__rcu_read_lock
248082.0,3708580,python,[JIT],0x0000f9c1c7c0c1c8
248082.0,3708580,python,[JIT],0x0000f9c1c7c0d05c
248082.0,3708580,python,[JIT],0x0000f9c1c7c0e02c
248082.0,3708935,python,[JIT],0x0000e5a3cd71c174
248081.0,3709077,python,[JIT],0x0000f0f377c09174
248081.0,3709077,python,[JIT],0x0000f0f377c0906c
248081.0,3708935,python,[JIT],0x0000e5a3cd7c2304
248081.0,3708935,python,[JIT],0x0000e5a3cd71e10c
248080.0,3709077,python,[JIT],0x0000f0f377c03150
248080.0,3709270,python,[JIT],0x0000eaaffa1f2214
248080.0,3709270,python,[JIT],0x0000eaaffa1f4128
248080.0,3709077,python,[kernel.kallsyms],__rcu_read_lock
248080.0,3709077,python,[JIT],0x0000f0f377c06288
248080.0,3709077,python,[JIT],0x0000f0f377c09004
248080.0,3708580,python,[JIT],0x0000f9c1c7c0c170
248080.0,3708935,python,[JIT],0x0000e5a3cd7c1234
248079.0,3709270,python,[kernel.kallsyms],__pte_offset_map
248079.0,3709270,python,[JIT],0x0000eaaffa1f41d0
248079.0,3708580,python,[JIT],0x0000f9c1c7c0807c
248079.0,3708580,python,[JIT],0x0000f9c1c7c0d004
248079.0,3708935,python,[JIT],0x0000e5a3cd71d138
248079.0,3708935,python,[JIT],0x0000e5a3cd7c1184
248079.0,3708760,python,[JIT],0x0000fb7688bde47c
248078.0,3709077,python,[JIT],0x0000f0f377c052ac
248078.0,3709441,python,[JIT],0x0000f9347519b380
248078.0,3708935,python,[JIT],0x0000e5a3cd71c248
248078.0,3708935,python,[JIT],0x0000e5a3cd7c10c0
248077.0,3709270,python,[JIT],0x0000eaaffa1f30f4
248077.0,3708447,python,[JIT],0x0000e1f85713d2fc
248077.0,3708580,python,[JIT],0x0000f9c1c7c0d13c
248077.0,3708580,python,[kernel.kallsyms],__mmap_region
248077.0,3708760,python,[JIT],0x0000fb7688bdf22c
248076.0,3709077,python,[JIT],0x0000f0f377c052b8
248076.0,3709270,python,[JIT],0x0000eaaffa1bf158
248076.0,3709270,python,[JIT],0x0000eaaffa1bf208
248076.0,3709270,python,[JIT],0x0000eaaffa1f124c
248076.0,3709077,python,[JIT],0x0000f0f377c05234
248076.0,3709441,python,[JIT],0x0000f93475197280
248076.0,3708580,python,[JIT],0x0000f9c1c7c08214
248076.0,3708580,python,[JIT],0x0000f9c1c7c0d260
248076.0,3708580,python,[JIT],0x0000f9c1c7c0e150
248076.0,3708935,python,[JIT],0x0000e5a3cd71e180
248076.0,3708935,python,[JIT],0x0000e5a3cd7c2170
248076.0,3708760,python,[JIT],0x0000fb7688bdd0ac
248076.0,3708760,python,[JIT],0x0000fb7688bdd15c
248076.0,3708760,python,[JIT],0x0000fb7688bdd1e8
248076.0,3708760,python,[JIT],0x0000fb7688bdf15c
248076.0,3708760,python,[JIT],0x0000fb7688bdf270
248075.0,3709077,python,[JIT],0x0000f0f377c0927c
248075.0,3709270,python,[JIT],0x0000eaaffa1be2ec
248075.0,3709270,python,[JIT],0x0000eaaffa1f1200
248075.0,3708447,python,[JIT],0x0000e1f8571e21c0
248075.0,3708447,python,[JIT],0x0000e1f8571e2224
248075.0,3708580,python,[JIT],0x0000f9c1c7c0d310
248075.0,3708760,python,[JIT],0x0000fb7688bdd000
248075.0,3708760,python,[JIT],0x0000fb7688bdb240
248074.0,3709077,python,[JIT],0x0000f0f377c0820c
248074.0,3709270,python,[kernel.kallsyms],may_expand_vm
248074.0,3708580,python,[JIT],0x0000f9c1c7c0d1bc
248074.0,3708760,python,[kernel.kallsyms],arch_local_irq_restore
248074.0,3708935,python,[JIT],0x0000e5a3cd71f290
248073.0,3709077,python,[JIT],0x0000f0f377c03304
248073.0,3709270,python,[JIT],0x0000eaaffa1f1068
248073.0,3709077,python,[JIT],0x0000f0f377c04150
248073.0,3709441,python,[JIT],0x0000f93475196290
248073.0,3709441,python,[JIT],0x0000f9347519a5ac
248073.0,3709441,python,[JIT],0x0000f9347519b1a4
248073.0,3708580,python,[JIT],0x0000f9c1c7c09040
248073.0,3708580,python,[JIT],0x0000f9c1c7c0e1c0
248073.0,3708580,python,[JIT],0x0000f9c1c7c082a4
248073.0,3708580,python,[JIT],0x0000f9c1c7c0a414
248073.0,3708580,python,[JIT],0x0000f9c1c7c0e284
248073.0,3708935,python,[JIT],0x0000e5a3cd7c20e8
248073.0,3708935,python,[JIT],0x0000e5a3cd71f1b4
248073.0,3708760,python,[JIT],0x0000fb7688c810a4
248072.0,3709077,python,[JIT],0x0000f0f377c06454
248072.0,3708447,python,[JIT],0x0000e1f8571e2084
248072.0,3708447,python,[JIT],0x0000e1f8571e219c
248072.0,3709441,python,[JIT],0x0000f93475195328
248072.0,3709441,python,[JIT],0x0000f93475199270
248072.0,3708935,python,[JIT],0x0000e5a3cd7c31e0
248072.0,3708935,python,[JIT],0x0000e5a3cd7c2240
248072.0,3708760,python,[JIT],0x0000fb7688c81164
248072.0,3708760,python,[JIT],0x0000fb7688c820a0
248071.0,3709270,python,[JIT],0x0000eaaffa1f1398
248071.0,3709270,python,[JIT],0x0000eaaffa1f422c
248071.0,3709270,python,[JIT],0x0000eaaff9eff054
248071.0,3709270,python,[JIT],0x0000eaaffa1be250
248071.0,3708580,python,[JIT],0x0000f9c1c7c0c1f0
248071.0,3708580,python,[JIT],0x0000f9c1c7c0b24c
248071.0,3708580,python,[JIT],0x0000f9c1c7c0d0f4
248071.0,3708935,python,[kernel.kallsyms],el0_svc
248071.0,3708935,python,[JIT],0x0000e5a3cd7c31e4
248071.0,3708935,python,[JIT],0x0000e5a3cd7c3540
248071.0,3708935,python,[JIT],0x0000e5a3cd7c34d0
248071.0,3708760,python,[JIT],0x0000fb7688bdc338
248070.0,3709077,python,[JIT],0x0000f0f377c03204
248070.0,3709270,python,[JIT],0x0000eaaffa1f4224
248070.0,3708447,python,[JIT],0x0000e1f85713d0b4
248070.0,3709077,python,[kernel.kallsyms],should_fail_alloc_page
248070.0,3709077,python,[JIT],0x0000f0f377c09384
248070.0,3709441,python,[JIT],0x0000f93475196178
248070.0,3708580,python,[JIT],0x0000f9c1c7c0b410
248070.0,3708935,python,[JIT],0x0000e5a3cd71d1e4
248070.0,3708935,python,[JIT],0x0000e5a3cd7c2074
248070.0,3708760,python,python,_PyForIter_VirtualIteratorNext
248070.0,3708760,python,[JIT],0x0000fb7688bde068
248070.0,3708760,python,[JIT],0x0000fb7688bde0e8
248070.0,3708760,python,[kernel.kallsyms],mem_cgroup_handle_over_high
248069.0,3709270,python,[kernel.kallsyms],unmap_region
248069.0,3708447,python,[JIT],0x0000e1f85713e204
248069.0,3708447,python,[JIT],0x0000e1f8571e10ec
248069.0,3709077,python,[JIT],0x0000f0f377c063ec
248069.0,3709077,python,[JIT],0x0000f0f377c08004
248069.0,3708580,python,[kernel.kallsyms],__pte_offset_map_lock
248069.0,3708935,python,[JIT],0x0000e5a3cd7c1170
248068.0,3709077,python,[JIT],0x0000f0f377c082f0
248068.0,3708580,python,[JIT],0x0000f9c1c7c0b164
248068.0,3708935,python,[JIT],0x0000e5a3cd7c10bc
248067.0,3709077,python,[kernel.kallsyms],do_notify_resume
248067.0,3709077,python,[JIT],0x0000f0f377c061c0
248067.0,3709441,python,[JIT],0x0000f9347519818c
248067.0,3708935,python,[JIT],0x0000e5a3cd7c1030
248067.0,3708760,python,[JIT],0x0000fb7688bdb1a0
248066.0,3709077,python,[kernel.kallsyms],do_brk_flags
248066.0,3709270,python,[JIT],0x0000eaaffa1f3150
248066.0,3708447,python,[JIT],0x0000e1f85713c1b8
248066.0,3708447,python,[JIT],0x0000e1f8571e20b4
248066.0,3709077,python,[JIT],0x0000f0f377c080d4
248066.0,3709441,python,[JIT],0x0000f9347519508c
248066.0,3709441,python,[JIT],0x0000f93475196070
248066.0,3709441,python,[JIT],0x0000f93475197164
248066.0,3709441,python,[JIT],0x0000f9347519a240
248066.0,3708935,python,[JIT],0x0000e5a3cd71d1a0
248066.0,3708935,python,[JIT],0x0000e5a3cd71f128
248066.0,3708760,python,[JIT],0x0000fb7688bde0bc
248066.0,3708760,python,[JIT],0x0000fb7688c821c4
248065.0,3708447,python,[JIT],0x0000e1f8571e2208
248065.0,3709441,python,[JIT],0x0000f934751960a8
248065.0,3708935,python,[JIT],0x0000e5a3cd71c32c
248065.0,3708935,python,[JIT],0x0000e5a3cd71d144
248065.0,3708935,python,[JIT],0x0000e5a3cd71e2a4
248065.0,3708760,python,[JIT],0x0000fb7688c8115c
248065.0,3708935,python,[kernel.kallsyms],_raw_spin_trylock
248065.0,3708760,python,[JIT],0x0000fb7688c81330
248064.0,3709077,python,[JIT],0x0000f0f377c09168
248064.0,3709270,python,[JIT],0x0000eaaffa1f13bc
248064.0,3709270,python,[JIT],0x0000eaaffa1f314c
248064.0,3708447,python,[JIT],0x0000e1f85713c290
248064.0,3709077,python,[JIT],0x0000f0f377c0518c
248064.0,3708580,python,[JIT],0x0000f9c1c7c0822c
248064.0,3708580,python,[JIT],0x0000f9c1c7c0b0ec
248064.0,3708580,python,[JIT],0x0000f9c1c7c09328
248064.0,3708580,python,[JIT],0x0000f9c1c7c0b270
248064.0,3708760,python,[kernel.kallsyms],down_read_trylock
248064.0,3708760,python,[JIT],0x0000fb7688c81250
248064.0,3708760,python,[JIT],0x0000fb7688bdb2d0
248063.0,3709077,python,[JIT],0x0000f0f377c06198
248063.0,3709270,python,[JIT],0x0000eaaffa1f3208
248063.0,3709077,python,[JIT],0x0000f0f377c05210
248063.0,3709077,python,[JIT],0x0000f0f377c08060
248063.0,3709441,python,[JIT],0x0000f9347519625c
248063.0,3709441,python,[JIT],0x0000f93475199154
248063.0,3708580,python,[JIT],0x0000f9c1c7c0802c
248063.0,3708935,python,[JIT],0x0000e5a3cd7c3270
248063.0,3708760,python,[JIT],0x0000fb7688bdc204
248063.0,3708760,python,[kernel.kallsyms],sched_mm_cid_remote_clear
248063.0,3708760,python,[JIT],0x0000fb7688bdf1f0
248062.0,3709270,python,[JIT],0x0000eaaffa1bf00c
248062.0,3708447,python,[JIT],0x0000e1f8571e11a4
248062.0,3708447,python,[JIT],0x0000e1f8571e11d4
248062.0,3709077,python,[JIT],0x0000f0f377c060f8
248062.0,3708580,python,[JIT],0x0000f9c1c7c0905c
248062.0,3708580,python,[JIT],0x0000f9c1c7c0d2f4
248062.0,3708760,python,[JIT],0x0000fb7688c8132c
248062.0,3708760,python,[JIT],0x0000fb7688c821e8
248062.0,3708935,python,[JIT],0x0000e5a3cd71f38c
248061.0,3709077,python,[JIT],0x0000f0f377c050d0
248061.0,3709077,python,[JIT],0x0000f0f377c09540
248061.0,3709270,python,[JIT],0x0000eaaffa1f30e4
248061.0,3709270,python,[JIT],0x0000eaaffa1f41fc
248061.0,3708447,python,[kernel.kallsyms],_find_next_bit
248061.0,3708447,python,[JIT],0x0000e1f85713e2a4
248061.0,3708447,python,[JIT],0x0000e1f8571e32a4
248061.0,3709077,python,[JIT],0x0000f0f377c09208
248061.0,3708580,python,[JIT],0x0000f9c1c7c0b21c
248061.0,3708935,python,[JIT],0x0000e5a3cd7c202c
248061.0,3708935,python,[JIT],0x0000e5a3cd71f280
248061.0,3708935,python,[JIT],0x0000e5a3cd7c203c
248061.0,3708760,python,[JIT],0x0000fb7688bdd054
248060.0,3709077,python,[JIT],0x0000f0f377c030c0
248060.0,3709077,python,[JIT],0x0000f0f377c04080
248060.0,3709270,python,[JIT],0x0000eaaffa1bf084
248060.0,3709270,python,[JIT],0x0000eaaffa1f4078
248060.0,3708447,python,[JIT],0x0000e1f85713d048
248060.0,3708447,python,[JIT],0x0000e1f8571e1224
248060.0,3709077,python,[JIT],0x0000f0f377c081c8
248060.0,3708580,python,[JIT],0x0000f9c1c7c0e238
248060.0,3708935,python,[JIT],0x0000e5a3cd7c22f8
248059.0,3709077,python,[JIT],0x0000f0f377c05104
248059.0,3709270,python,[JIT],0x0000eaaffa1f21cc
248059.0,3709270,python,[kernel.kallsyms],alloc_pages
248059.0,3709270,python,[JIT],0x0000eaaffa1f1478
248059.0,3709270,python,[JIT],0x0000eaaffa1f21c4
248059.0,3709270,python,[JIT],0x0000eaaffa1f3288
248059.0,3709077,python,[JIT],0x0000f0f377c07244
248059.0,3709441,python,[JIT],0x0000f9347519607c
248059.0,3708935,python,[JIT],0x0000e5a3cd71c008
248059.0,3708760,python,[JIT],0x0000fb7688bdf02c
248059.0,3708935,python,[JIT],0x0000e5a3cd7c1000
248059.0,3708935,python,[JIT],0x0000e5a3cd7c222c
248058.0,3709077,python,[JIT],0x0000f0f377c0407c
248058.0,3709077,python,[JIT],0x0000f0f377c04250
248058.0,3708580,python,[JIT],0x0000f9c1c7c0b420
248057.0,3709077,python,[JIT],0x0000f0f377c090d4
248057.0,3708447,python,[JIT],0x0000e1f85713d2ec
248057.0,3709077,python,python,_PyList_AppendTakeRefListResize
248057.0,3709077,python,[JIT],0x0000f0f377c09230
248057.0,3709441,python,[JIT],0x0000f934751951a8
248057.0,3709441,python,[JIT],0x0000f93475196300
248057.0,3709441,python,[JIT],0x0000f93475198178
248057.0,3708580,python,[JIT],0x0000f9c1c7c0d084
248057.0,3708760,python,[JIT],0x0000fb7688bde398
248057.0,3708760,python,[JIT],0x0000fb7688c821a4
248057.0,3708935,python,libc.so.6,unlink_chunk.isra.0
248057.0,3708935,python,[JIT],0x0000e5a3cd71e004
248056.0,3709077,python,[JIT],0x0000f0f377c042e4
248056.0,3709270,python,[JIT],0x0000eaaffa1f1270
248056.0,3708447,python,[JIT],0x0000e1f85713c078
248056.0,3708447,python,[JIT],0x0000e1f85713f0e4
248056.0,3708447,python,[JIT],0x0000e1f85713f1b4
248056.0,3709441,python,[JIT],0x0000f9347519a1ac
248056.0,3709441,python,[JIT],0x0000f9347519a1e4
248056.0,3708580,python,python,PyMem_Realloc
248056.0,3708935,python,[kernel.kallsyms],do_pte_missing
248056.0,3708935,python,[JIT],0x0000e5a3cd71c0d8
248056.0,3708935,python,[JIT],0x0000e5a3cd71e0fc
248056.0,3708935,python,[JIT],0x0000e5a3cd71e280
248056.0,3708760,python,[JIT],0x0000fb7688bdd2c4
248056.0,3708760,python,[JIT],0x0000fb7688bdf49c
248056.0,3708935,python,[JIT],0x0000e5a3cd71d228
248056.0,3708760,python,[JIT],0x0000fb7688bde09c
248055.0,3709077,python,[JIT],0x0000f0f377c03084
248055.0,3709270,python,[JIT],0x0000eaaffa1f40ac
248055.0,3708447,python,[JIT],0x0000e1f85713d140
248055.0,3708447,python,[JIT],0x0000e1f85713d2f8
248055.0,3709077,python,[JIT],0x0000f0f377c09380
248055.0,3709441,python,[JIT],0x0000f93475196204
248055.0,3708580,python,[JIT],0x0000f9c1c7c0c0e0
248055.0,3708935,python,[JIT],0x0000e5a3cd7c2160
248055.0,3708760,python,[JIT],0x0000fb7688bde434
248055.0,3708935,python,[kernel.kallsyms],mas_rev_awalk
248055.0,3708935,python,[JIT],0x0000e5a3cd71f154
248055.0,3708760,python,[JIT],0x0000fb7688bde074
248054.0,3709077,python,[JIT],0x0000f0f377c030b4
248054.0,3709270,python,[JIT],0x0000eaaffa1f4160
248054.0,3708447,python,[JIT],0x0000e1f85713d168
248054.0,3709441,python,[JIT],0x0000f934751951b0
248054.0,3708760,python,[JIT],0x0000fb7688c810bc
248053.0,3709077,python,[JIT],0x0000f0f377c04054
248053.0,3709077,python,[JIT],0x0000f0f377c032a0
248053.0,3709441,python,[JIT],0x0000f93475195148
248053.0,3708580,python,[JIT],0x0000f9c1c7c0a444
248053.0,3708580,python,libc.so.6,__set_vma_name
248053.0,3708580,python,[JIT],0x0000f9c1c7c0a1b0
248053.0,3708935,python,[JIT],0x0000e5a3cd71d2f8
248053.0,3708935,python,[JIT],0x0000e5a3cd71f3ec
248052.0,3709077,python,[JIT],0x0000f0f377c041a0
248052.0,3709077,python,[JIT],0x0000f0f377c06224
248052.0,3709077,python,[JIT],0x0000f0f377c082a8
248052.0,3709270,python,[JIT],0x0000eaaffa1f13f8
248052.0,3709270,python,[JIT],0x0000eaaffa1f41e8
248052.0,3708580,python,[JIT],0x0000f9c1c7c0a1d8
248052.0,3708580,python,[JIT],0x0000f9c1c7c0b198
248052.0,3708580,python,[JIT],0x0000f9c1c7c0d22c
248052.0,3708580,python,[JIT],0x0000f9c1c7c0a0e8
248052.0,3708935,python,[JIT],0x0000e5a3cd71d2ec
248052.0,3708935,python,[JIT],0x0000e5a3cd71e1f8
248052.0,3708760,python,[JIT],0x0000fb7688c822a0
248051.0,3709077,python,[JIT],0x0000f0f377c050ec
248051.0,3709270,python,[JIT],0x0000eaaffa1bf264
248051.0,3709270,python,[JIT],0x0000eaaffa1f2340
248051.0,3709270,python,[JIT],0x0000eaaffa1be160
248051.0,3708447,python,[JIT],0x0000e1f85713f274
248051.0,3708760,python,[JIT],0x0000fb7688bdf074
248051.0,3708935,python,[JIT],0x0000e5a3cd7c2178
248051.0,3708760,python,[JIT],0x0000fb7688bde18c
248050.0,3709270,python,[JIT],0x0000eaaffa1f2244
248050.0,3709270,python,[JIT],0x0000eaaffa1f30a0
248050.0,3709077,python,[JIT],0x0000f0f377c06450
248050.0,3709441,python,[JIT],0x0000f9347519600c
248050.0,3708580,python,[JIT],0x0000f9c1c7c08294
248050.0,3708580,python,[JIT],0x0000f9c1c7c091bc
248050.0,3708580,python,[JIT],0x0000f9c1c7c0b204
248050.0,3708760,python,[JIT],0x0000fb7688bdd11c
248049.0,3709077,python,[JIT],0x0000f0f377c0429c
248049.0,3709270,python,[JIT],0x0000eaaffa1f1000
248049.0,3709270,python,[JIT],0x0000eaaffa1f31e8
248049.0,3708447,python,[JIT],0x0000e1f85713c178
248049.0,3709077,python,[JIT],0x0000f0f377c06430
248049.0,3708580,python,[JIT],0x0000f9c1c7c08340
248049.0,3708580,python,[JIT],0x0000f9c1c7c0b148
248049.0,3708935,python,[JIT],0x0000e5a3cd71f244
248049.0,3708935,python,[JIT],0x0000e5a3cd7c1334
248049.0,3708760,python,[JIT],0x0000fb7688bdc0cc
248049.0,3708760,python,[JIT],0x0000fb7688bdf084
248049.0,3708935,python,[JIT],0x0000e5a3cd71e1ac
248049.0,3708935,python,[JIT],0x0000e5a3cd71f1e8
248049.0,3708760,python,[JIT],0x0000fb7688bdc2f8
248048.0,3709270,python,[JIT],0x0000eaaffa1f4148
248048.0,3708580,python,[JIT],0x0000f9c1c7c0d2e4
248048.0,3708580,python,[JIT],0x0000f9c1c7c0e0b8
248048.0,3708760,python,[JIT],0x0000fb7688bdf260
248048.0,3708935,python,[JIT],0x0000e5a3cd71e0fc
248048.0,3708760,python,[JIT],0x0000fb7688bdd1b8
248047.0,3709270,python,[JIT],0x0000eaaffa1f41c8
248047.0,3708447,python,[JIT],0x0000e1f8571e21d4
248047.0,3709441,python,[JIT],0x0000f93475195150
248047.0,3709441,python,[JIT],0x0000f9347519806c
248047.0,3709441,python,[JIT],0x0000f9347519a1b0
248047.0,3708580,python,[JIT],0x0000f9c1c7c0a0f4
248047.0,3708935,python,[JIT],0x0000e5a3cd7c3070
248047.0,3708760,python,[kernel.kallsyms],folio_add_lru_vma
248047.0,3708760,python,[JIT],0x0000fb7688bdc15c
248046.0,3709077,python,[JIT],0x0000f0f377c08154
248046.0,3708447,python,[JIT],0x0000e1f85713d13c
248046.0,3708447,python,[JIT],0x0000e1f85713d2dc
248046.0,3709077,python,[JIT],0x0000f0f377c09094
248046.0,3708580,python,[JIT],0x0000f9c1c7c081c4
248046.0,3708935,python,[JIT],0x0000e5a3cd71c06c
248046.0,3708760,python,[JIT],0x0000fb7688bde070
248046.0,3708760,python,[JIT],0x0000fb7688bdd228
248045.0,3709077,python,[JIT],0x0000f0f377c04260
248045.0,3709077,python,[JIT],0x0000f0f377c0922c
248045.0,3709270,python,[JIT],0x0000eaaffa1f10a8
248045.0,3709270,python,[JIT],0x0000eaaffa1f11f8
248045.0,3709077,python,[JIT],0x0000f0f377c05034
248045.0,3709441,python,[JIT],0x0000f934751950b8
248045.0,3708935,python,[JIT],0x0000e5a3cd71e210
248045.0,3708760,python,[JIT],0x0000fb7688bdc100
248045.0,3708760,python,[JIT],0x0000fb7688bdf340
248045.0,3708935,python,[JIT],0x0000e5a3cd71f070
248045.0,3708935,python,[JIT],0x0000e5a3cd7c100c
248045.0,3708760,python,[JIT],0x0000fb7688bdc2cc
248044.0,3709077,python,[JIT],0x0000f0f377c04260
248044.0,3709077,python,[JIT],0x0000f0f377c051a8
248044.0,3709441,python,[JIT],0x0000f9347519b0b4
248044.0,3709441,python,[JIT],0x0000f9347519b1e0
248044.0,3708580,python,[JIT],0x0000f9c1c7c0b2b4
248044.0,3708935,python,[JIT],0x0000e5a3cd71f224
248044.0,3708760,python,[JIT],0x0000fb7688bdf0a4
248044.0,3708760,python,[JIT],0x0000fb7688c82068
248043.0,3709270,python,[JIT],0x0000eaaffa1f11a8
248043.0,3709270,python,[JIT],0x0000eaaffa1f10f0
248043.0,3709441,python,[JIT],0x0000f93475198900
248043.0,3708580,python,[JIT],0x0000f9c1c7c080c8
248043.0,3708580,python,[JIT],0x0000f9c1c7c0b034
248043.0,3708935,python,[JIT],0x0000e5a3cd71f110
248043.0,3708760,python,[JIT],0x0000fb7688bde27c
248043.0,3708935,python,[JIT],0x0000e5a3cd71f33c
248043.0,3708760,python,[JIT],0x0000fb7688bdd094
248043.0,3708760,python,[JIT],0x0000fb7688bdd1f0
248042.0,3709077,python,[JIT],0x0000f0f377c094cc
248042.0,3708580,python,[JIT],0x0000f9c1c7c0a2b8
248042.0,3708580,python,[JIT],0x0000f9c1c7c0c0b0
248042.0,3708760,python,[JIT],0x0000fb7688bde1b8
248042.0,3708760,python,[JIT],0x0000fb7688bdf494
248041.0,3709270,python,[JIT],0x0000eaaffa1be23c
248041.0,3708447,python,[JIT],0x0000e1f85713c1c4
248041.0,3708447,python,[JIT],0x0000e1f8571e20a8
248041.0,3709077,python,[JIT],0x0000f0f377c0511c
248041.0,3709077,python,[JIT],0x0000f0f377c051d0
248041.0,3709441,python,[JIT],0x0000f934751961e0
248041.0,3708935,python,[JIT],0x0000e5a3cd7c21fc
248041.0,3708760,python,[JIT],0x0000fb7688bdd188
248041.0,3708935,python,[JIT],0x0000e5a3cd71c260
248040.0,3709077,python,[JIT],0x0000f0f377c051d4
248040.0,3709270,python,[JIT],0x0000eaaffa1f18bc
248040.0,3709270,python,[JIT],0x0000eaaffa1f21b8
248040.0,3709441,python,[JIT],0x0000f9347519525c
248040.0,3708580,python,[JIT],0x0000f9c1c7c0b1b0
248040.0,3708580,python,[JIT],0x0000f9c1c7c0a410
248040.0,3708935,python,[kernel.kallsyms],_raw_spin_lock_irqsave
248040.0,3708935,python,[JIT],0x0000e5a3cd71f55c
248040.0,3708935,python,[JIT],0x0000e5a3cd7c11d8
248040.0,3708760,python,[kernel.kallsyms],rseq_get_rseq_cs.isra.0
248039.0,3709270,python,[JIT],0x0000eaaffa1f21bc
248039.0,3709270,python,[JIT],0x0000eaaffa1f32ec
248039.0,3708447,python,[JIT],0x0000e1f8571e3234
248039.0,3708447,python,[JIT],0x0000e1f8571e3244
248039.0,3709077,python,[JIT],0x0000f0f377c091ec
248039.0,3708580,python,[JIT],0x0000f9c1c7c0a000
248039.0,3708580,python,[JIT],0x0000f9c1c7c0c088
248039.0,3708935,python,[JIT],0x0000e5a3cd71e0d0
248039.0,3708935,python,[kernel.kallsyms],blk_cgroup_congested
248039.0,3708935,python,[JIT],0x0000e5a3cd71e158
248039.0,3708935,python,[JIT],0x0000e5a3cd71f0b4
248039.0,3708935,python,[JIT],0x0000e5a3cd71f3dc
248039.0,3708760,python,[JIT],0x0000fb7688bdb2cc
248039.0,3708760,python,[JIT],0x0000fb7688bde06c
248038.0,3709270,python,[JIT],0x0000eaaffa1f1204
248038.0,3709270,python,[JIT],0x0000eaaffa1f21e8
248038.0,3709077,python,[JIT],0x0000f0f377c06474
248038.0,3708580,python,[JIT],0x0000f9c1c7c0a11c
248038.0,3708760,python,[JIT],0x0000fb7688bdc2f8
248038.0,3708760,python,[JIT],0x0000fb7688bde21c
248038.0,3708935,python,[JIT],0x0000e5a3cd71f458
248037.0,3709077,python,[JIT],0x0000f0f377c040d4
248037.0,3709270,python,[JIT],0x0000eaaffa1f4084
248037.0,3708447,python,[JIT],0x0000e1f8571e2238
248037.0,3708447,python,[JIT],0x0000e1f8571e22e4
248037.0,3709077,python,[JIT],0x0000f0f377c09248
248037.0,3708580,python,[JIT],0x0000f9c1c7c0d304
248037.0,3708580,python,[JIT],0x0000f9c1c7c0c0ec
248037.0,3708935,python,[JIT],0x0000e5a3cd71d0e0
248036.0,3709077,python,[JIT],0x0000f0f377c031cc
248036.0,3709077,python,[JIT],0x0000f0f377c0422c
248036.0,3709270,python,python,_PyForIter_VirtualIteratorNext
248036.0,3709270,python,[JIT],0x0000eaaffa1f1160
248036.0,3709077,python,[JIT],0x0000f0f377c061d8
248036.0,3709077,python,[JIT],0x0000f0f377c06250
248036.0,3709077,python,[JIT],0x0000f0f377c08230
248036.0,3709441,python,[JIT],0x0000f93475195060
248036.0,3709441,python,[JIT],0x0000f93475196080
248035.0,3709270,python,[JIT],0x0000eaaffa1be08c
248035.0,3709270,python,[JIT],0x0000eaaffa1bf088
248035.0,3708447,python,[JIT],0x0000e1f85713e444
248035.0,3709077,python,[JIT],0x0000f0f377c061b8
248035.0,3709077,python,[JIT],0x0000f0f377c070d4
248035.0,3708580,python,[JIT],0x0000f9c1c7c09204
248035.0,3708760,python,[JIT],0x0000fb7688c82154
248034.0,3709077,python,[JIT],0x0000f0f377c08148
248034.0,3709270,python,[kernel.kallsyms],down_read_trylock
248034.0,3709270,python,[JIT],0x0000eaaffa1f11e8
248034.0,3709270,python,[JIT],0x0000eaaffa1f3178
248034.0,3708580,python,[JIT],0x0000f9c1c7c08080
248034.0,3708935,python,[JIT],0x0000e5a3cd71e080
248034.0,3708760,python,[JIT],0x0000fb7688bdd21c
248034.0,3708760,python,[JIT],0x0000fb7688bde378
248034.0,3708760,python,[JIT],0x0000fb7688bde3f4
248034.0,3708760,python,[JIT],0x0000fb7688c81328
248033.0,3709077,python,[kernel.kallsyms],vma_alloc_zeroed_movable_folio
248033.0,3709077,python,[JIT],0x0000f0f377c09144
248033.0,3709270,python,[JIT],0x0000eaaffa1f3308
248033.0,3708447,python,[JIT],0x0000e1f85713d070
248033.0,3708447,python,[JIT],0x0000e1f85713d1ac
248033.0,3708447,python,[JIT],0x0000e1f8571e2168
248033.0,3708580,python,[JIT],0x0000f9c1c7c0a0fc
248033.0,3708580,python,[JIT],0x0000f9c1c7c0e0d8
248033.0,3708935,python,[JIT],0x0000e5a3cd7c11dc
248033.0,3708935,python,[JIT],0x0000e5a3cd7c34cc
248033.0,3708760,python,[JIT],0x0000fb7688bdb33c
248033.0,3708760,python,[JIT],0x0000fb7688bde0b8
248032.0,3709270,python,[JIT],0x0000eaaffa1f1064
248032.0,3709270,python,[JIT],0x0000eaaffa1f30ec
248032.0,3709441,python,[JIT],0x0000f93475197228
248032.0,3708580,python,[JIT],0x0000f9c1c7c0a0cc
248032.0,3708760,python,[JIT],0x0000fb7688bdc000
248032.0,3708760,python,[JIT],0x0000fb7688c8223c
248031.0,3709077,python,[JIT],0x0000f0f377c0748c
248031.0,3708760,python,[JIT],0x0000fb7688bdb02c
248030.0,3709077,python,[JIT],0x0000f0f377c06184
248030.0,3709270,python,[JIT],0x0000eaaffa1f20a4
248030.0,3709270,python,[JIT],0x0000eaaff9eff154
248030.0,3709270,python,[JIT],0x0000eaaff9eff304
248030.0,3709077,python,[JIT],0x0000f0f377c071f8
248030.0,3708580,python,[JIT],0x0000f9c1c7c0a268
248030.0,3708580,python,[JIT],0x0000f9c1c7c0b06c
248030.0,3708935,python,[JIT],0x0000e5a3cd7c22ec
248030.0,3708760,python,[JIT],0x0000fb7688bdd060
248029.0,3709077,python,[JIT],0x0000f0f377c0647c
248029.0,3709270,python,[JIT],0x0000eaaffa1be004
248029.0,3709077,python,[JIT],0x0000f0f377c08200
248029.0,3709441,python,[JIT],0x0000f934751952a8
248029.0,3708580,python,[JIT],0x0000f9c1c7c0a2a0
248029.0,3708580,python,[JIT],0x0000f9c1c7c0b464
248028.0,3709077,python,[JIT],0x0000f0f377c06120
248028.0,3709270,python,[JIT],0x0000eaaffa1f10e8
248028.0,3708447,python,[JIT],0x0000e1f8571e11a0
248028.0,3708580,python,[JIT],0x0000f9c1c7c091e0
248028.0,3708580,python,[kernel.kallsyms],get_pfnblock_flags_mask
248028.0,3708580,python,[JIT],0x0000f9c1c7c0e4dc
248028.0,3708760,python,[JIT],0x0000fb7688c820ac
248028.0,3708935,python,[JIT],0x0000e5a3cd7c11a4
248028.0,3708760,python,[JIT],0x0000fb7688c81144
248027.0,3709270,python,[JIT],0x0000eaaffa1f12ac
248027.0,3709270,python,[JIT],0x0000eaaffa1f1210
248027.0,3709441,python,[JIT],0x0000f93475198950
248027.0,3708580,python,[JIT],0x0000f9c1c7c09294
248027.0,3708580,python,[JIT],0x0000f9c1c7c0b0b8
248027.0,3708580,python,[JIT],0x0000f9c1c7c0b210
248027.0,3708760,python,[JIT],0x0000fb7688bde158
248027.0,3708935,python,[JIT],0x0000e5a3cd71e034
248027.0,3708760,python,[JIT],0x0000fb7688bdd1f4
248027.0,3708760,python,[JIT],0x0000fb7688bde434
248026.0,3709077,python,[JIT],0x0000f0f377c071e0
248026.0,3709270,python,[JIT],0x0000eaaffa1f40dc
248026.0,3709270,python,[JIT],0x0000eaaffa1f4208
248026.0,3708447,python,[JIT],0x0000e1f8571e32a0
248026.0,3709077,python,[JIT],0x0000f0f377c0519c
248026.0,3709441,python,[JIT],0x0000f9347519725c
248026.0,3709441,python,[JIT],0x0000f934751991f8
248026.0,3708580,python,[JIT],0x0000f9c1c7c092cc
248026.0,3708580,python,[JIT],0x0000f9c1c7c0b100
248026.0,3708580,python,[JIT],0x0000f9c1c7c0b2b0
248026.0,3708760,python,[kernel.kallsyms],zone_statistics
248026.0,3708760,python,[JIT],0x0000fb7688bdc300
248026.0,3708760,python,[JIT],0x0000fb7688c8103c
248025.0,3709077,python,[JIT],0x0000f0f377c06128
248025.0,3709077,python,[JIT],0x0000f0f377c09180
248025.0,3709270,python,[JIT],0x0000eaaffa1bf0dc
248025.0,3709270,python,[JIT],0x0000eaaffa1f20ec
248025.0,3709077,python,[JIT],0x0000f0f377c082dc
248025.0,3709441,python,[JIT],0x0000f93475196154
248025.0,3708580,python,[JIT],0x0000f9c1c7c09144
248025.0,3708580,python,[JIT],0x0000f9c1c7c0b8cc
248025.0,3708935,python,[JIT],0x0000e5a3cd71d1ac
248024.0,3709077,python,[JIT],0x0000f0f377c08028
248024.0,3709270,python,[JIT],0x0000eaaffa1be110
248024.0,3708447,python,[JIT],0x0000e1f85713f458
248024.0,3709077,python,[JIT],0x0000f0f377c090dc
248024.0,3708580,python,[JIT],0x0000f9c1c7c0a1f0
248024.0,3708580,python,[JIT],0x0000f9c1c7c0a2ac
248024.0,3708935,python,[JIT],0x0000e5a3cd71f1fc
248024.0,3708760,python,[JIT],0x0000fb7688c82158
248024.0,3708760,python,[JIT],0x0000fb7688bdf034
248023.0,3709077,python,[JIT],0x0000f0f377c081ac
248023.0,3709270,python,[JIT],0x0000eaaffa1f329c
248023.0,3709077,python,[JIT],0x0000f0f377c06188
248023.0,3709077,python,[JIT],0x0000f0f377c070ec
248023.0,3709441,python,[JIT],0x0000f934751960c0
248023.0,3709441,python,[JIT],0x0000f9347519815c
248023.0,3709441,python,[JIT],0x0000f9347519b158
248023.0,3708580,python,[JIT],0x0000f9c1c7c0825c
248023.0,3708935,python,[JIT],0x0000e5a3cd71d1b0
248023.0,3708935,python,[JIT],0x0000e5a3cd71e0c0
248023.0,3708760,python,[JIT],0x0000fb7688bdc13c
248022.0,3708447,python,[JIT],0x0000e1f8571e22a4
248022.0,3709077,python,[JIT],0x0000f0f377c05008
248022.0,3708580,python,python,PyType_IsSubtype
248022.0,3708580,python,[JIT],0x0000f9c1c7c0d1c4
248022.0,3708935,python,[JIT],0x0000e5a3cd7c103c
248022.0,3708935,python,[JIT],0x0000e5a3cd7c2230
248022.0,3708935,python,[JIT],0x0000e5a3cd71e188
248021.0,3708447,python,[JIT],0x0000e1f85713f414
248021.0,3708580,python,[JIT],0x0000f9c1c7c09034
248021.0,3708935,python,[JIT],0x0000e5a3cd71c0a4
248021.0,3708935,python,[JIT],0x0000e5a3cd7c1148
248021.0,3708760,python,[JIT],0x0000fb7688c81070
248021.0,3708760,python,[JIT],0x0000fb7688c81338
248021.0,3708935,python,[JIT],0x0000e5a3cd71e160
248021.0,3708935,python,[JIT],0x0000e5a3cd71f100
248020.0,3709270,python,[JIT],0x0000eaaffa1f4388
248020.0,3709270,python,[kernel.kallsyms],security_vm_enough_memory_mm
248020.0,3709270,python,[JIT],0x0000eaaffa1be038
248020.0,3709077,python,[JIT],0x0000f0f377c07344
248020.0,3709441,python,[JIT],0x0000f93475196308
248020.0,3708580,python,[JIT],0x0000f9c1c7c08150
248020.0,3708580,python,[JIT],0x0000f9c1c7c0b0e8
248020.0,3708760,python,[JIT],0x0000fb7688bdd02c
248020.0,3708760,python,[JIT],0x0000fb7688c81260
248019.0,3709270,python,[JIT],0x0000eaaff9eff0d4
248019.0,3708447,python,[JIT],0x0000e1f85713c048
248019.0,3708447,python,[JIT],0x0000e1f8571e11c4
248019.0,3709077,python,[JIT],0x0000f0f377c09008
248019.0,3709441,python,[JIT],0x0000f9347519a034
248019.0,3708580,python,[kernel.kallsyms],arch_vma_name
248019.0,3708935,python,[JIT],0x0000e5a3cd71f424
248019.0,3708760,python,[JIT],0x0000fb7688bde1d8
248018.0,3709270,python,[JIT],0x0000eaaffa1f32a0
248018.0,3709270,python,[JIT],0x0000eaaffa1be070
248018.0,3709077,python,[JIT],0x0000f0f377c06378
248018.0,3709077,python,[JIT],0x0000f0f377c0716c
248018.0,3708580,python,[JIT],0x0000f9c1c7c0e380
248018.0,3708935,python,[JIT],0x0000e5a3cd7c3280
248018.0,3708935,python,[JIT],0x0000e5a3cd7c3248
248017.0,3709270,python,[JIT],0x0000eaaff9eff040
248017.0,3709270,python,[JIT],0x0000eaaff9eff038
248017.0,3709270,python,[JIT],0x0000eaaffa1bf0f0
248017.0,3708447,python,[JIT],0x0000e1f8571e30a0
248017.0,3709077,python,[JIT],0x0000f0f377c09084
248017.0,3708935,python,[JIT],0x0000e5a3cd71f458
248017.0,3708935,python,[JIT],0x0000e5a3cd7c3200
248017.0,3708760,python,[JIT],0x0000fb7688bdf180
248017.0,3708760,python,[JIT],0x0000fb7688bde11c
248017.0,3708760,python,[JIT],0x0000fb7688bde14c
248016.0,3709077,python,[JIT],0x0000f0f377c04004
248016.0,3709077,python,[JIT],0x0000f0f377c09150
248016.0,3709270,python,[JIT],0x0000eaaff9eff328
248016.0,3709441,python,[JIT],0x0000f934751961a8
248016.0,3709441,python,[JIT],0x0000f93475198100
248016.0,3709441,python,[JIT],0x0000f93475199128
248016.0,3708760,python,[JIT],0x0000fb7688bdf0e4
248016.0,3708935,python,[JIT],0x0000e5a3cd71d02c
248016.0,3708935,python,[JIT],0x0000e5a3cd71f3a8
248016.0,3708935,python,[JIT],0x0000e5a3cd7c31e8
248016.0,3708760,python,[JIT],0x0000fb7688bdb330
248015.0,3709077,python,[JIT],0x0000f0f377c050e0
248015.0,3708447,python,[JIT],0x0000e1f8571e31f8
248015.0,3709441,python,[kernel.kallsyms],free_swap_cache
248015.0,3709441,python,[JIT],0x0000f93475195200
248015.0,3708580,python,[JIT],0x0000f9c1c7c0800c
248015.0,3708580,python,[JIT],0x0000f9c1c7c0e0b0
248015.0,3708935,python,[JIT],0x0000e5a3cd7c30ec
248015.0,3708935,python,[JIT],0x0000e5a3cd71f080
248015.0,3708935,python,[JIT],0x0000e5a3cd7c2008
248015.0,3708760,python,[JIT],0x0000fb7688c820e8
248014.0,3709270,python,[JIT],0x0000eaaffa1bf060
248014.0,3709077,python,[JIT],0x0000f0f377c0521c
248014.0,3709077,python,[JIT],0x0000f0f377c060f0
248014.0,3709077,python,[JIT],0x0000f0f377c0903c
248014.0,3708935,python,[JIT],0x0000e5a3cd71c1c8
248014.0,3708935,python,[JIT],0x0000e5a3cd71d5a8
248014.0,3708760,python,[JIT],0x0000fb7688bde404
248014.0,3708760,python,[JIT],0x0000fb7688bdc06c
248013.0,3708447,python,[JIT],0x0000e1f85713d078
248013.0,3709077,python,[JIT],0x0000f0f377c04000
248013.0,3708580,python,[kernel.kallsyms],__mem_cgroup_charge
248013.0,3708580,python,[JIT],0x0000f9c1c7c0816c
248013.0,3708580,python,[JIT],0x0000f9c1c7c0a0e0
248013.0,3708580,python,[JIT],0x0000f9c1c7c0c1b4
248013.0,3708935,python,[JIT],0x0000e5a3cd71e14c
248013.0,3708935,python,[JIT],0x0000e5a3cd7c31b0
248012.0,3709270,python,[JIT],0x0000eaaffa1f1354
248012.0,3709441,python,[JIT],0x0000f934751962f0
248012.0,3708580,python,[JIT],0x0000f9c1c7c0a234
248012.0,3708760,python,[JIT],0x0000fb7688bdb164
248012.0,3708760,python,[JIT],0x0000fb7688bdd230
248011.0,3709077,python,[JIT],0x0000f0f377c04078
248011.0,3709270,python,[JIT],0x0000eaaffa1f1470
248011.0,3708580,python,[kernel.kallsyms],__anon_vma_interval_tree_remove
248011.0,3708580,python,[JIT],0x0000f9c1c7c0833c
248011.0,3708580,python,[JIT],0x0000f9c1c7c0b1a0
248011.0,3708580,python,[JIT],0x0000f9c1c7c0e1c4
248011.0,3708935,python,[kernel.kallsyms],_raw_spin_unlock_irq
248011.0,3708935,python,[JIT],0x0000e5a3cd71c140
248011.0,3708760,python,[JIT],0x0000fb7688c812a8
248010.0,3709077,python,[JIT],0x0000f0f377c03240
248010.0,3709077,python,[JIT],0x0000f0f377c0912c
248010.0,3709270,python,[JIT],0x0000eaaff9eff004
248010.0,3709270,python,[JIT],0x0000eaaffa1f3140
248010.0,3709270,python,[JIT],0x0000eaaffa1f31d4
248010.0,3708447,python,[JIT],0x0000e1f85713d040
248010.0,3708580,python,[JIT],0x0000f9c1c7c0b478
248010.0,3708580,python,[JIT],0x0000f9c1c7c0d170
248010.0,3708580,python,[JIT],0x0000f9c1c7c0d174
248010.0,3708580,python,[JIT],0x0000f9c1c7c0b030
248010.0,3708580,python,[JIT],0x0000f9c1c7c0b194
248010.0,3708935,python,[JIT],0x0000e5a3cd7c21a0
248009.0,3709270,python,[JIT],0x0000eaaffa1f13d8
248009.0,3709270,python,[JIT],0x0000eaaffa1f2348
248009.0,3709270,python,[JIT],0x0000eaaffa1f4238
248009.0,3709270,python,[JIT],0x0000eaaffa1f40d0
248009.0,3709270,python,[JIT],0x0000eaaffa1f4370
248009.0,3709270,python,[JIT],0x0000eaaffa1f4384
248009.0,3708447,python,[JIT],0x0000e1f8571e21b4
248009.0,3709077,python,[JIT],0x0000f0f377c0905c
248009.0,3709441,python,[JIT],0x0000f93475197420
248009.0,3708580,python,[JIT],0x0000f9c1c7c0a070
248009.0,3708760,python,[JIT],0x0000fb7688bdc028
248009.0,3708760,python,[JIT],0x0000fb7688bdd1c4
248009.0,3708760,python,[JIT],0x0000fb7688bdf040
248009.0,3708760,python,[JIT],0x0000fb7688bdf214
248009.0,3708760,python,[JIT],0x0000fb7688c82004
248009.0,3708935,python,[JIT],0x0000e5a3cd71f428
248009.0,3708760,python,[JIT],0x0000fb7688bdc00c
248008.0,3709270,python,[JIT],0x0000eaaffa1f121c
248008.0,3709270,python,[JIT],0x0000eaaffa1be2e8
248008.0,3708447,python,[JIT],0x0000e1f85713c16c
248008.0,3708447,python,[JIT],0x0000e1f8571e122c
248008.0,3708447,python,[JIT],0x0000e1f8571e1494
248008.0,3709441,python,[JIT],0x0000f93475195340
248008.0,3708580,python,[JIT],0x0000f9c1c7c0d1c0
248008.0,3708580,python,[JIT],0x0000f9c1c7c0b05c
248008.0,3708760,python,[JIT],0x0000fb7688bdd0d8
248008.0,3708935,python,[JIT],0x0000e5a3cd71f158
248008.0,3708935,python,[JIT],0x0000e5a3cd7c1270
248008.0,3708935,python,[JIT],0x0000e5a3cd7c1338
248007.0,3709270,python,[JIT],0x0000eaaffa1be330
248007.0,3709270,python,[JIT],0x0000eaaffa1f128c
248007.0,3709270,python,[JIT],0x0000eaaffa1f4188
248007.0,3709270,python,[kernel.kallsyms],dynamic_might_resched
248007.0,3709077,python,[JIT],0x0000f0f377c06368
248007.0,3709441,python,[JIT],0x0000f9347519b1c0
248007.0,3708580,python,[JIT],0x0000f9c1c7c0c234
248007.0,3708580,python,[JIT],0x0000f9c1c7c0e0cc
248006.0,3709077,python,[JIT],0x0000f0f377c068fc
248006.0,3709077,python,[JIT],0x0000f0f377c0829c
248006.0,3709270,python,[JIT],0x0000eaaffa1f10d0
248006.0,3709077,python,[JIT],0x0000f0f377c09268
248006.0,3709441,python,[JIT],0x0000f9347519b27c
248006.0,3708580,python,[JIT],0x0000f9c1c7c09140
248006.0,3708580,python,[JIT],0x0000f9c1c7c0a1f8
248006.0,3708580,python,[JIT],0x0000f9c1c7c0c03c
248006.0,3708935,python,python,_PyObject_GC_Link
248005.0,3709270,python,[JIT],0x0000eaaffa1f4274
248005.0,3709270,python,[JIT],0x0000eaaffa1f1030
248005.0,3709077,python,[JIT],0x0000f0f377c09164
248005.0,3709441,python,[kernel.kallsyms],__memcg_kmem_charge_page
248005.0,3708760,python,python,_PyObject_Realloc
248004.0,3709077,python,[JIT],0x0000f0f377c03254
248004.0,3709270,python,[JIT],0x0000eaaffa1f18cc
248004.0,3709077,python,[JIT],0x0000f0f377c0907c
248004.0,3709441,python,[JIT],0x0000f9347519a334
248004.0,3708580,python,[kernel.kallsyms],get_random_u16
248004.0,3708580,python,[JIT],0x0000f9c1c7c0a104
248004.0,3708580,python,[JIT],0x0000f9c1c7c0e1d8
248004.0,3708935,python,[JIT],0x0000e5a3cd7c2078
248004.0,3708935,python,[JIT],0x0000e5a3cd7c302c
248003.0,3709077,python,[JIT],0x0000f0f377c04200
248003.0,3709077,python,[JIT],0x0000f0f377c06064
248003.0,3709441,python,[JIT],0x0000f934751960f4
248003.0,3708580,python,[kernel.kallsyms],__folio_set_anon
248003.0,3708935,python,[JIT],0x0000e5a3cd7c2254
248003.0,3708935,python,[JIT],0x0000e5a3cd7c31ac
248002.0,3709270,python,[JIT],0x0000eaaffa1bf15c
248002.0,3709270,python,[JIT],0x0000eaaffa1be2f0
248002.0,3708447,python,[JIT],0x0000e1f85713f270
248002.0,3708580,python,[JIT],0x0000f9c1c7c0b0b4
248002.0,3708935,python,[kernel.kallsyms],invoke_syscall
248002.0,3708935,python,[JIT],0x0000e5a3cd7c14e0
248002.0,3708935,python,[JIT],0x0000e5a3cd71f124
248002.0,3708935,python,[JIT],0x0000e5a3cd71f240
248002.0,3708760,python,[JIT],0x0000fb7688bdf48c
248002.0,3708760,python,[JIT],0x0000fb7688c8106c
248001.0,3709077,python,[JIT],0x0000f0f377c040f8
248001.0,3709077,python,[JIT],0x0000f0f377c08238
248001.0,3709270,python,[JIT],0x0000eaaffa1bf03c
248001.0,3709077,python,[JIT],0x0000f0f377c08048
248001.0,3709441,python,[JIT],0x0000f9347519b1e4
248001.0,3709441,python,[JIT],0x0000f9347519b264
248001.0,3708580,python,[JIT],0x0000f9c1c7c090d0
248000.0,3709077,python,[JIT],0x0000f0f377c06034
248000.0,3709077,python,[JIT],0x0000f0f377c090e8
248000.0,3709270,python,[JIT],0x0000eaaffa1f11b8
248000.0,3709270,python,[JIT],0x0000eaaff9eff138
248000.0,3709441,python,[JIT],0x0000f9347519811c
248000.0,3708580,python,[JIT],0x0000f9c1c7c090cc
248000.0,3708935,python,[JIT],0x0000e5a3cd71f234
247999.0,3709270,python,[kernel.kallsyms],memcg_account_kmem
247999.0,3708447,python,[JIT],0x0000e1f85713d1e0
247999.0,3709441,python,[JIT],0x0000f93475198418
247999.0,3709441,python,[JIT],0x0000f9347519a20c
247999.0,3708580,python,[JIT],0x0000f9c1c7c080b4
247999.0,3708580,python,[JIT],0x0000f9c1c7c09000
247999.0,3708580,python,[JIT],0x0000f9c1c7c0d340
247999.0,3708580,python,[JIT],0x0000f9c1c7c0e200
247999.0,3708935,python,[JIT],0x0000e5a3cd7c21f8
247999.0,3708935,python,[JIT],0x0000e5a3cd71f078
247998.0,3709441,python,[JIT],0x0000f93475195260
247998.0,3709441,python,[JIT],0x0000f93475197238
247998.0,3709441,python,[JIT],0x0000f9347519a110
247998.0,3708580,python,[JIT],0x0000f9c1c7c08168
247998.0,3708580,python,[JIT],0x0000f9c1c7c0b17c
247998.0,3708935,python,[kernel.kallsyms],up_write
247998.0,3708935,python,[JIT],0x0000e5a3cd71e250
247997.0,3709270,python,[JIT],0x0000eaaffa1f41dc
247997.0,3709077,python,[JIT],0x0000f0f377c07158
247997.0,3708580,python,[JIT],0x0000f9c1c7c0b00c
247997.0,3708580,python,[JIT],0x0000f9c1c7c0a150
247997.0,3708580,python,[JIT],0x0000f9c1c7c0c188
247997.0,3708935,python,[JIT],0x0000e5a3cd71f45c
247997.0,3708760,python,[JIT],0x0000fb7688bde194
247997.0,3708935,python,[kernel.kallsyms],vm_normal_page
247997.0,3708935,python,[JIT],0x0000e5a3cd7c1074
247997.0,3708760,python,[JIT],0x0000fb7688bdc32c
247996.0,3709270,python,[JIT],0x0000eaaffa1f1120
247996.0,3708447,python,[JIT],0x0000e1f8571e21e4
247996.0,3708447,python,[JIT],0x0000e1f8571e30e4
247996.0,3708580,python,[JIT],0x0000f9c1c7c081cc
247996.0,3708935,python,[JIT],0x0000e5a3cd71d06c
247996.0,3708760,python,[kernel.kallsyms],vma_alloc_folio
247996.0,3708760,python,[JIT],0x0000fb7688bde164
247996.0,3708935,python,[JIT],0x0000e5a3cd71f0c4
247996.0,3708760,python,[JIT],0x0000fb7688bdd030
247996.0,3708760,python,[JIT],0x0000fb7688c812a4
247996.0,3708760,python,[JIT],0x0000fb7688c82128
247995.0,3709270,python,[JIT],0x0000eaaffa1bf250
247995.0,3709441,python,[JIT],0x0000f93475198244
247995.0,3709441,python,[JIT],0x0000f934751990ec
247995.0,3708760,python,[JIT],0x0000fb7688bdc224
247995.0,3708760,python,[JIT],0x0000fb7688bdd154
247994.0,3709077,python,[JIT],0x0000f0f377c08074
247994.0,3709270,python,[JIT],0x0000eaaffa1f1170
247994.0,3709270,python,[JIT],0x0000eaaffa1f4380
247994.0,3709270,python,[JIT],0x0000eaaff9eff0c8
247994.0,3709077,python,[JIT],0x0000f0f377c063c8
247994.0,3709441,python,[JIT],0x0000f93475196168
247994.0,3709441,python,[JIT],0x0000f93475198170
247994.0,3708580,python,[JIT],0x0000f9c1c7c090c8
247994.0,3708580,python,[JIT],0x0000f9c1c7c0e268
247994.0,3708935,python,[JIT],0x0000e5a3cd7c3240
247993.0,3709077,python,[JIT],0x0000f0f377c04170
247993.0,3709270,python,[JIT],0x0000eaaffa1be0e0
247993.0,3709270,python,[JIT],0x0000eaaffa1bf1cc
247993.0,3708447,python,[JIT],0x0000e1f85713c260
247993.0,3708580,python,[JIT],0x0000f9c1c7c0928c
247993.0,3708935,python,[JIT],0x0000e5a3cd71d1c0
247993.0,3708760,python,[JIT],0x0000fb7688bde0c4
247992.0,3709077,python,[JIT],0x0000f0f377c08330
247992.0,3709270,python,[JIT],0x0000eaaffa1f41c0
247992.0,3708447,python,python,optimize_uops.isra.0
247992.0,3708447,python,[JIT],0x0000e1f8571e321c
247992.0,3708580,python,[JIT],0x0000f9c1c7c0b3f4
247992.0,3708760,python,[JIT],0x0000fb7688bdd190
247991.0,3709077,python,[JIT],0x0000f0f377c03338
247991.0,3709077,python,[JIT],0x0000f0f377c05444
247991.0,3709270,python,[JIT],0x0000eaaffa1f31d4
247991.0,3709270,python,[JIT],0x0000eaaffa1be16c
247991.0,3709270,python,[JIT],0x0000eaaffa1be170
247991.0,3709270,python,[JIT],0x0000eaaffa1f3164
247991.0,3709441,python,[JIT],0x0000f93475195174
247991.0,3708580,python,[JIT],0x0000f9c1c7c09070
247991.0,3708580,python,[JIT],0x0000f9c1c7c0a24c
247991.0,3708935,python,[JIT],0x0000e5a3cd71c25c
247991.0,3708935,python,[JIT],0x0000e5a3cd71e1a4
247991.0,3708935,python,[JIT],0x0000e5a3cd71f0ec
247991.0,3708760,python,[JIT],0x0000fb7688bdc05c
247991.0,3708935,python,[kernel.kallsyms],__rmqueue_pcplist
247991.0,3708935,python,[JIT],0x0000e5a3cd7c3064
247991.0,3708760,python,[JIT],0x0000fb7688c82078
247990.0,3709270,python,[JIT],0x0000eaaffa1be204
247990.0,3709270,python,[JIT],0x0000eaaffa1f4218
247990.0,3709077,python,[JIT],0x0000f0f377c07234
247990.0,3709077,python,[JIT],0x0000f0f377c09264
247990.0,3708580,python,[JIT],0x0000f9c1c7c0c20c
247990.0,3708580,python,[JIT],0x0000f9c1c7c0b3c8
247990.0,3708935,python,[JIT],0x0000e5a3cd71e070
247989.0,3709077,python,[JIT],0x0000f0f377c042a8
247989.0,3709077,python,[JIT],0x0000f0f377c07128
247989.0,3709270,python,[JIT],0x0000eaaffa1f332c
247989.0,3709270,python,[JIT],0x0000eaaffa1f413c
247989.0,3709270,python,[JIT],0x0000eaaffa1f40ec
247989.0,3709270,python,[JIT],0x0000eaaffa1f41b0
247989.0,3709077,python,[JIT],0x0000f0f377c063ac
247989.0,3708935,python,[JIT],0x0000e5a3cd71c2f8
247989.0,3708760,python,[JIT],0x0000fb7688bdb2f8
247988.0,3709270,python,[JIT],0x0000eaaffa1be0d8
247988.0,3709077,python,[kernel.kallsyms],release_pages
247988.0,3709077,python,[JIT],0x0000f0f377ce2000
247988.0,3708580,python,[JIT],0x0000f9c1c7c0a154
247988.0,3708580,python,[JIT],0x0000f9c1c7c090fc
247988.0,3708935,python,[JIT],0x0000e5a3cd71c0c0
247988.0,3708935,python,[JIT],0x0000e5a3cd71c28c
247988.0,3708760,python,[JIT],0x0000fb7688bde028
247988.0,3708935,python,python,set_len
247988.0,3708935,python,[JIT],0x0000e5a3cd71e24c
247987.0,3709077,python,[JIT],0x0000f0f377c06424
247987.0,3709270,python,[JIT],0x0000eaaffa1f3214
247987.0,3708447,python,[JIT],0x0000e1f85713d044
247987.0,3709077,python,[JIT],0x0000f0f377c06350
247987.0,3709441,python,[JIT],0x0000f9347519a14c
247987.0,3709441,python,[JIT],0x0000f9347519a258
247987.0,3708580,python,[JIT],0x0000f9c1c7c0b09c
247987.0,3708760,python,[JIT],0x0000fb7688c8206c
247987.0,3708760,python,[JIT],0x0000fb7688c812f0
247987.0,3708760,python,[JIT],0x0000fb7688c82030
247986.0,3709077,python,[JIT],0x0000f0f377c050b8
247986.0,3709270,python,[JIT],0x0000eaaff9eff13c
247986.0,3709270,python,[JIT],0x0000eaaffa1be02c
247986.0,3709270,python,[JIT],0x0000eaaff9eff240
247986.0,3709270,python,[JIT],0x0000eaaffa1f1298
247986.0,3709077,python,[JIT],0x0000f0f377c09378
247986.0,3709441,python,[JIT],0x0000f9347519933c
247986.0,3708580,python,[JIT],0x0000f9c1c7c0d29c
247986.0,3708760,python,[JIT],0x0000fb7688bdb1c8
247986.0,3708760,python,[JIT],0x0000fb7688bde1e8
247986.0,3708935,python,[JIT],0x0000e5a3cd71f060
247986.0,3708935,python,[JIT],0x0000e5a3cd71f074
247986.0,3708760,python,[JIT],0x0000fb7688bdc1b4
247986.0,3708760,python,[JIT],0x0000fb7688c81338
247985.0,3709270,python,python,realloc@plt
247985.0,3709270,python,[JIT],0x0000eaaffa1f1140
247985.0,3709077,python,[JIT],0x0000f0f377c05400
247985.0,3708580,python,[JIT],0x0000f9c1c7c090a4
247985.0,3708935,python,[JIT],0x0000e5a3cd71d338
247985.0,3708760,python,[JIT],0x0000fb7688bdf0b8
247984.0,3709077,python,[JIT],0x0000f0f377c041b0
247984.0,3709077,python,[JIT],0x0000f0f377c09140
247984.0,3709270,python,python,set_len
247984.0,3708447,python,[JIT],0x0000e1f8571e222c
247984.0,3709077,python,[JIT],0x0000f0f377c0503c
247984.0,3709077,python,[JIT],0x0000f0f377c06420
247984.0,3709441,python,[JIT],0x0000f9347519a2f0
247984.0,3708580,python,[JIT],0x0000f9c1c7c0d300
247984.0,3708580,python,[JIT],0x0000f9c1c7c0e220
247984.0,3708935,python,[JIT],0x0000e5a3cd71c304
247984.0,3708760,python,[JIT],0x0000fb7688bdd0fc
247984.0,3708760,python,[JIT],0x0000fb7688bde2a8
247984.0,3708935,python,[JIT],0x0000e5a3cd71c0cc
247984.0,3708935,python,[JIT],0x0000e5a3cd71e0ac
247984.0,3708935,python,[JIT],0x0000e5a3cd7c34d8
247984.0,3708760,python,[JIT],0x0000fb7688c811bc
247983.0,3709270,python,[JIT],0x0000eaaffa1f4078
247983.0,3709077,python,[JIT],0x0000f0f377c05424
247983.0,3709441,python,[JIT],0x0000f9347519619c
247983.0,3709441,python,[JIT],0x0000f93475198068
247983.0,3708935,python,[JIT],0x0000e5a3cd7c21e4
247983.0,3708935,python,[JIT],0x0000e5a3cd71f164
247982.0,3709270,python,[JIT],0x0000eaaffa1f30d0
247982.0,3709441,python,[JIT],0x0000f93475195304
247982.0,3708580,python,[JIT],0x0000f9c1c7c0e378
247982.0,3708760,python,[JIT],0x0000fb7688bde174
247982.0,3708760,python,[JIT],0x0000fb7688bde2b0
247982.0,3708760,python,[JIT],0x0000fb7688bde3c8
247982.0,3708760,python,[JIT],0x0000fb7688bdf170
247982.0,3708935,python,[JIT],0x0000e5a3cd7c1344
247981.0,3709077,python,[JIT],0x0000f0f377c0309c
247981.0,3709077,python,[JIT],0x0000f0f377c040a4
247981.0,3709077,python,[JIT],0x0000f0f377c0415c
247981.0,3709270,python,[JIT],0x0000eaaffa1f2168
247981.0,3709441,python,[JIT],0x0000f9347519a0a0
247981.0,3708580,python,[JIT],0x0000f9c1c7c0819c
247981.0,3708580,python,[JIT],0x0000f9c1c7c0c154
247981.0,3708935,python,[JIT],0x0000e5a3cd71c214
247981.0,3708935,python,[JIT],0x0000e5a3cd7c1238
247980.0,3709077,python,[JIT],0x0000f0f377c031a4
247980.0,3709077,python,[JIT],0x0000f0f377c09064
247980.0,3709441,python,[JIT],0x0000f934751961bc
247980.0,3708580,python,[kernel.kallsyms],mas_wr_store_entry.isra.0
247980.0,3708580,python,[JIT],0x0000f9c1c7c0c1ac
247980.0,3708760,python,[JIT],0x0000fb7688bdb1f4
247979.0,3709270,python,[JIT],0x0000eaaffa1be080
247979.0,3709077,python,[JIT],0x0000f0f377c07228
247979.0,3708935,python,[JIT],0x0000e5a3cd71d23c
247979.0,3708935,python,[JIT],0x0000e5a3cd71e20c
247979.0,3708935,python,[JIT],0x0000e5a3cd71e414
247978.0,3709077,python,[JIT],0x0000f0f377c04334
247978.0,3709270,python,[JIT],0x0000eaaffa1f1124
247978.0,3709270,python,[JIT],0x0000eaaffa1f3044
247978.0,3709270,python,[JIT],0x0000eaaffa1f3290
247978.0,3709270,python,[kernel.kallsyms],page_counter_cancel
247978.0,3709077,python,[JIT],0x0000f0f377c03094
247978.0,3709077,python,[JIT],0x0000f0f377c094d4
247978.0,3709441,python,[kernel.kallsyms],__mem_cgroup_uncharge_list
247978.0,3709441,python,[JIT],0x0000f93475196298
247978.0,3709441,python,[JIT],0x0000f93475198274
247978.0,3709441,python,[JIT],0x0000f9347519b2a0
247977.0,3709077,python,[JIT],0x0000f0f377c0618c
247977.0,3709077,python,[JIT],0x0000f0f377c068cc
247977.0,3709270,python,[JIT],0x0000eaaffa1f2498
247977.0,3709270,python,[JIT],0x0000eaaffa1f31a0
247977.0,3709441,python,[JIT],0x0000f9347519a070
247977.0,3708760,python,[JIT],0x0000fb7688bdc028
247976.0,3709270,python,[JIT],0x0000eaaffa1be0b8
247976.0,3709270,python,[JIT],0x0000eaaff9eff214
247976.0,3709270,python,[JIT],0x0000eaaffa1be080
247976.0,3709441,python,[JIT],0x0000f9347519623c
247976.0,3708760,python,[JIT],0x0000fb7688c810e0
247975.0,3709077,python,libc.so.6,_int_free_maybe_consolidate.part.0
247975.0,3709077,python,[JIT],0x0000f0f377c061e0
247975.0,3709270,python,[JIT],0x0000eaaffa1f10ec
247975.0,3709270,python,[JIT],0x0000eaaffa1f32f8
247975.0,3708447,python,[kernel.kallsyms],vm_mmap_pgoff
247975.0,3708580,python,[JIT],0x0000f9c1c7c0b34c
247975.0,3708760,python,[JIT],0x0000fb7688c82094
247975.0,3708935,python,[JIT],0x0000e5a3cd7c1210
247974.0,3709077,python,[JIT],0x0000f0f377c0413c
247974.0,3709077,python,[JIT],0x0000f0f377c0802c
247974.0,3709441,python,[JIT],0x0000f9347519809c
247974.0,3708580,python,[JIT],0x0000f9c1c7c0d330
247974.0,3708935,python,[JIT],0x0000e5a3cd71d210
247974.0,3708935,python,[JIT],0x0000e5a3cd7c3000
247973.0,3709270,python,[JIT],0x0000eaaff9eff298
247973.0,3709441,python,[JIT],0x0000f9347519a068
247973.0,3708580,python,[JIT],0x0000f9c1c7c0a254
247973.0,3708935,python,[JIT],0x0000e5a3cd7c3168
247973.0,3708935,python,[JIT],0x0000e5a3cd71e208
247972.0,3709077,python,[JIT],0x0000f0f377c05044
247972.0,3708580,python,[JIT],0x0000f9c1c7c080b8
247972.0,3708580,python,[JIT],0x0000f9c1c7c082a8
247972.0,3708580,python,[JIT],0x0000f9c1c7c0915c
247972.0,3708935,python,[JIT],0x0000e5a3cd7c313c
247971.0,3709077,python,[JIT],0x0000f0f377c042f0
247971.0,3708760,python,[JIT],0x0000fb7688bdb25c
247970.0,3709270,python,[JIT],0x0000eaaffa1bf224
247970.0,3708447,python,[JIT],0x0000e1f8571e2140
247970.0,3709077,python,libc.so.6,_int_realloc
247970.0,3709441,python,[JIT],0x0000f934751951c8
247970.0,3708580,python,[JIT],0x0000f9c1c7c0b004
247970.0,3708760,python,[JIT],0x0000fb7688bde1a8
247970.0,3708760,python,[JIT],0x0000fb7688c81290
247969.0,3709077,python,[JIT],0x0000f0f377c081e8
247969.0,3709270,python,[JIT],0x0000eaaffa1f2040
247969.0,3709270,python,[JIT],0x0000eaaffa1bf1d4
247969.0,3708580,python,[JIT],0x0000f9c1c7c0c338
247969.0,3708580,python,[JIT],0x0000f9c1c7c0d0e4
247969.0,3708580,python,[JIT],0x0000f9c1c7c0d2f0
247969.0,3708760,python,[JIT],0x0000fb7688c811e0
247969.0,3708935,python,[JIT],0x0000e5a3cd71e1c4
247968.0,3709077,python,[JIT],0x0000f0f377c09264
247968.0,3709270,python,[JIT],0x0000eaaffa1f21a0
247968.0,3709270,python,[JIT],0x0000eaaffa1f4164
247968.0,3709077,python,[JIT],0x0000f0f377c09068
247968.0,3708580,python,[JIT],0x0000f9c1c7c0a080
247968.0,3708580,python,[JIT],0x0000f9c1c7c0b33c
247968.0,3708580,python,[JIT],0x0000f9c1c7c0d2a8
247968.0,3708760,python,[JIT],0x0000fb7688bde0f8
247968.0,3708935,python,[JIT],0x0000e5a3cd71f270
247967.0,3709270,python,[JIT],0x0000eaaffa1f4230
247967.0,3709441,python,[JIT],0x0000f934751988cc
247967.0,3708580,python,[JIT],0x0000f9c1c7c0a274
247967.0,3708580,python,[JIT],0x0000f9c1c7c0b3cc
247967.0,3708760,python,[JIT],0x0000fb7688bde248
247966.0,3709270,python,[JIT],0x0000eaaffa1f2268
247966.0,3709270,python,[JIT],0x0000eaaffa1f3254
247966.0,3708935,python,[JIT],0x0000e5a3cd71e2ac
247966.0,3708760,python,python,_PyMutex_LockTimed
247966.0,3708760,python,[JIT],0x0000fb7688bdd238
247966.0,3708760,python,[JIT],0x0000fb7688bdd298
247966.0,3708760,python,[JIT],0x0000fb7688c8221c
247965.0,3709077,python,[JIT],0x0000f0f377c081e4
247965.0,3709270,python,[JIT],0x0000eaaffa1f1178
247965.0,3709077,python,[JIT],0x0000f0f377c05130
247965.0,3708580,python,[JIT],0x0000f9c1c7c0a198
247965.0,3708935,python,[JIT],0x0000e5a3cd7c2114
247964.0,3709270,python,[JIT],0x0000eaaffa1f1114
247964.0,3709270,python,[JIT],0x0000eaaffa1bf1d8
247964.0,3709270,python,[JIT],0x0000eaaffa1f2184
247964.0,3708580,python,[JIT],0x0000f9c1c7c0a0f8
247964.0,3708935,python,[kernel.kallsyms],do_notify_resume
247964.0,3708935,python,[JIT],0x0000e5a3cd7c3180
247964.0,3708760,python,[JIT],0x0000fb7688bde1e4
247963.0,3709270,python,[JIT],0x0000eaaffa1f41a4
247963.0,3708447,python,[JIT],0x0000e1f85713f0c0
247963.0,3709077,python,[JIT],0x0000f0f377c040cc
247963.0,3709077,python,[JIT],0x0000f0f377c041e4
247963.0,3709077,python,[JIT],0x0000f0f377c07090
247963.0,3709077,python,[JIT],0x0000f0f377c091d8
247963.0,3709441,python,[JIT],0x0000f93475197298
247963.0,3708580,python,[JIT],0x0000f9c1c7c0c270
247962.0,3709077,python,[JIT],0x0000f0f377c06244
247962.0,3708580,python,[JIT],0x0000f9c1c7c081f4
247962.0,3708935,python,[JIT],0x0000e5a3cd71d094
247962.0,3708935,python,[JIT],0x0000e5a3cd7c3200
247962.0,3708760,python,[JIT],0x0000fb7688bdf170
247961.0,3708447,python,[JIT],0x0000e1f8571e20e8
247961.0,3709077,python,[JIT],0x0000f0f377c031c8
247961.0,3708935,python,[kernel.kallsyms],__pte_offset_map_lock
247960.0,3709077,python,[JIT],0x0000f0f377c050c4
247959.0,3709077,python,[JIT],0x0000f0f377c04160
247959.0,3708447,python,[JIT],0x0000e1f85713d14c
247959.0,3709077,python,[JIT],0x0000f0f377c081a0
247959.0,3708580,python,[JIT],0x0000f9c1c7c0a030
247959.0,3708760,python,[JIT],0x0000fb7688bde438
247959.0,3708760,python,[JIT],0x0000fb7688c8227c
247958.0,3709077,python,[JIT],0x0000f0f377c08300
247958.0,3709270,python,[JIT],0x0000eaaffa1f1218
247958.0,3709270,python,[JIT],0x0000eaaffa1f41f0
247958.0,3709077,python,[JIT],0x0000f0f377c06254
247958.0,3708580,python,[JIT],0x0000f9c1c7c09308
247958.0,3708580,python,[JIT],0x0000f9c1c7c0a190
247958.0,3708760,python,[JIT],0x0000fb7688c811ac
247958.0,3708935,python,[JIT],0x0000e5a3cd71f094
247957.0,3709077,python,[kernel.kallsyms],_raw_spin_unlock_irq
247957.0,3708580,python,[JIT],0x0000f9c1c7c0d0c0
247957.0,3708580,python,[JIT],0x0000f9c1c7c0a16c
247957.0,3708580,python,[JIT],0x0000f9c1c7c0b3f4
247957.0,3708935,python,[JIT],0x0000e5a3cd71f400
247957.0,3708760,python,[JIT],0x0000fb7688c82034
247957.0,3708935,python,[JIT],0x0000e5a3cd71e224
247957.0,3708760,python,[JIT],0x0000fb7688c81154
247956.0,3709270,python,[JIT],0x0000eaaffa1f21dc
247956.0,3708447,python,[JIT],0x0000e1f85713c140
247956.0,3708760,python,[JIT],0x0000fb7688c811c8
247956.0,3708935,python,[JIT],0x0000e5a3cd71f21c
247956.0,3708760,python,[JIT],0x0000fb7688bdb168
247955.0,3709077,python,[JIT],0x0000f0f377c0325c
247955.0,3709077,python,[JIT],0x0000f0f377c068d0
247955.0,3709077,python,[JIT],0x0000f0f377c0713c
247955.0,3709077,python,[JIT],0x0000f0f377c07268
247955.0,3708580,python,[JIT],0x0000f9c1c7c0a06c
247955.0,3708760,python,[JIT],0x0000fb7688bdc2f0
247954.0,3709077,python,[JIT],0x0000f0f377c035a8
247954.0,3709270,python,[JIT],0x0000eaaffa1f1080
247954.0,3709270,python,[JIT],0x0000eaaffa1bf1c8
247954.0,3709441,python,[JIT],0x0000f9347519a160
247953.0,3709270,python,[kernel.kallsyms],do_page_fault
247953.0,3709270,python,[JIT],0x0000eaaffa1f4140
247953.0,3708447,python,libc.so.6,realloc
247953.0,3709077,python,[JIT],0x0000f0f377c070b0
247953.0,3709077,python,[JIT],0x0000f0f377c09188
247953.0,3708580,python,[JIT],0x0000f9c1c7c0a094
247953.0,3708760,python,[JIT],0x0000fb7688bde10c
247952.0,3709077,python,[JIT],0x0000f0f377c061a4
247952.0,3709270,python,[JIT],0x0000eaaffa1f1060
247952.0,3709270,python,[JIT],0x0000eaaffa1f40b8
247952.0,3709270,python,[JIT],0x0000eaaffa1be260
247952.0,3709270,python,[JIT],0x0000eaaffa1f4080
247952.0,3709441,python,[JIT],0x0000f93475195338
247952.0,3708935,python,[JIT],0x0000e5a3cd7c2228
247951.0,3708447,python,[JIT],0x0000e1f85713f438
247951.0,3709441,python,[JIT],0x0000f93475199004
247951.0,3708580,python,[JIT],0x0000f9c1c7c0b188
247951.0,3708580,python,[JIT],0x0000f9c1c7c0b39c
247951.0,3708760,python,[JIT],0x0000fb7688bdf090
247951.0,3708760,python,[JIT],0x0000fb7688bde220
247951.0,3708760,python,[JIT],0x0000fb7688c810d0
247950.0,3709270,python,[JIT],0x0000eaaffa1f32a4
247949.0,3709077,python,[JIT],0x0000f0f377c045ac
247949.0,3709441,python,[JIT],0x0000f9347519a000
247949.0,3708580,python,[JIT],0x0000f9c1c7c0c1dc
247948.0,3709077,python,[JIT],0x0000f0f377c05164
247948.0,3709077,python,[JIT],0x0000f0f377c06150
247948.0,3709270,python,[JIT],0x0000eaaffa1bf06c
247948.0,3709270,python,[JIT],0x0000eaaffa1f10d4
247948.0,3709270,python,[JIT],0x0000eaaffa1f417c
247948.0,3708580,python,[JIT],0x0000f9c1c7c0d2e8
247948.0,3708935,python,[JIT],0x0000e5a3cd71c044
247948.0,3708760,python,[JIT],0x0000fb7688bde35c
247948.0,3708935,python,[JIT],0x0000e5a3cd71d15c
247948.0,3708760,python,[JIT],0x0000fb7688bdc078
247947.0,3709270,python,[JIT],0x0000eaaffa1f42ac
247947.0,3709270,python,[JIT],0x0000eaaffa1be2d8
247947.0,3709270,python,[JIT],0x0000eaaffa1bf200
247947.0,3708580,python,[JIT],0x0000f9c1c7c0e170
247947.0,3708935,python,[JIT],0x0000e5a3cd71d078
247947.0,3708760,python,[JIT],0x0000fb7688bdd048
247946.0,3709270,python,[JIT],0x0000eaaffa1f21b4
247946.0,3708760,python,[JIT],0x0000fb7688c82084
247946.0,3708935,python,[JIT],0x0000e5a3cd7c14dc
247945.0,3709077,python,[JIT],0x0000f0f377c060ec
247945.0,3709270,python,[JIT],0x0000eaaffa1f141c
247945.0,3709270,python,[JIT],0x0000eaaffa1f4028
247945.0,3708580,python,[JIT],0x0000f9c1c7c0c034
247945.0,3708935,python,[JIT],0x0000e5a3cd71c224
247944.0,3709077,python,[JIT],0x0000f0f377c03334
247944.0,3709077,python,[JIT],0x0000f0f377c09148
247944.0,3709270,python,[JIT],0x0000eaaffa1f44dc
247944.0,3709270,python,[JIT],0x0000eaaffa1be254
247944.0,3709077,python,[JIT],0x0000f0f377c06080
247944.0,3709441,python,[JIT],0x0000f934751990b8
247944.0,3708580,python,[JIT],0x0000f9c1c7c0e208
247944.0,3708935,python,[JIT],0x0000e5a3cd71d0f8
247944.0,3708935,python,[JIT],0x0000e5a3cd7c319c
247943.0,3709077,python,[JIT],0x0000f0f377c08248
247943.0,3709270,python,[JIT],0x0000eaaffa1bf420
247943.0,3709270,python,[JIT],0x0000eaaffa1f41ec
247943.0,3709270,python,[JIT],0x0000eaaff9eff028
247943.0,3708447,python,[kernel.kallsyms],__folio_set_anon
247943.0,3708580,python,[JIT],0x0000f9c1c7c0a034
247942.0,3709077,python,[JIT],0x0000f0f377c08328
247942.0,3709441,python,[JIT],0x0000f9347519513c
247941.0,3709441,python,[JIT],0x0000f9347519b0d4
247941.0,3708580,python,[JIT],0x0000f9c1c7c0a424
247940.0,3709077,python,[JIT],0x0000f0f377c040bc
247940.0,3709077,python,[JIT],0x0000f0f377c080a4
247940.0,3709270,python,[JIT],0x0000eaaffa1f41a0
247940.0,3709077,python,[JIT],0x0000f0f377c0815c
247940.0,3709441,python,[JIT],0x0000f93475198000
247940.0,3708580,python,[JIT],0x0000f9c1c7c08204
247940.0,3708580,python,[JIT],0x0000f9c1c7c092ec
247940.0,3708580,python,[JIT],0x0000f9c1c7c0c06c
247939.0,3709270,python,[JIT],0x0000eaaffa1f12b0
247939.0,3709270,python,[JIT],0x0000eaaffa1f2008
247939.0,3709441,python,[JIT],0x0000f93475198128
247939.0,3708760,python,[JIT],0x0000fb7688bdf1e8
247938.0,3709077,python,[JIT],0x0000f0f377c06428
247938.0,3709077,python,[JIT],0x0000f0f377c09040
247938.0,3708760,python,[JIT],0x0000fb7688cba034
247938.0,3708935,python,[JIT],0x0000e5a3cd71c02c
247938.0,3708935,python,[JIT],0x0000e5a3cd71e400
247937.0,3709270,python,[JIT],0x0000eaaffa1f1474
247937.0,3708447,python,[kernel.kallsyms],page_counter_cancel
247937.0,3709441,python,[JIT],0x0000f93475198270
247937.0,3708760,python,[JIT],0x0000fb7688bdb0c4
247936.0,3709270,python,python,_PyJit_translate_single_bytecode_to_trace
247936.0,3709270,python,[JIT],0x0000eaaffa1f3210
247936.0,3709077,python,[JIT],0x0000f0f377c04040
247936.0,3708935,python,[JIT],0x0000e5a3cd71d110
247935.0,3709270,python,[JIT],0x0000eaaffa1f4278
247934.0,3709270,python,[JIT],0x0000eaaffa1be2f4
247934.0,3709270,python,[JIT],0x0000eaaffa1f2034
247933.0,3709077,python,[JIT],0x0000f0f377c03150
247933.0,3708580,python,[kernel.kallsyms],vm_normal_page
247933.0,3708760,python,[JIT],0x0000fb7688bdd254
247932.0,3709270,python,[JIT],0x0000eaaffa1f1094
247932.0,3709270,python,[JIT],0x0000eaaffa1f212c
247932.0,3709077,python,[JIT],0x0000f0f377c041f4
247932.0,3709077,python,[JIT],0x0000f0f377c050ac
247932.0,3709077,python,[JIT],0x0000f0f377c060bc
247932.0,3709441,python,[JIT],0x0000f9347519b1a0
247932.0,3708935,python,[JIT],0x0000e5a3cd71c15c
247932.0,3708760,python,[JIT],0x0000fb7688bdf064
247932.0,3708760,python,[JIT],0x0000fb7688bde470
247931.0,3708580,python,[JIT],0x0000f9c1c7c0d008
247931.0,3708760,python,[JIT],0x0000fb7688bde210
247930.0,3708580,python,[JIT],0x0000f9c1c7c0d334
247930.0,3708580,python,[JIT],0x0000f9c1c7c0b378
247930.0,3708760,python,[JIT],0x0000fb7688bdf348
247929.0,3709441,python,[JIT],0x0000f934751960a0
247929.0,3709441,python,[JIT],0x0000f9347519b1d4
247928.0,3709270,python,[JIT],0x0000eaaffa1f2078
247928.0,3709270,python,[kernel.kallsyms],__memcg_kmem_charge_page
247928.0,3709270,python,[JIT],0x0000eaaff9eff000
247928.0,3709270,python,[JIT],0x0000eaaffa1f223c
247928.0,3708580,python,[JIT],0x0000f9c1c7c092d8
247928.0,3708760,python,[kernel.kallsyms],__memcg_kmem_charge_page
247928.0,3708760,python,[kernel.kallsyms],el0_svc
247927.0,3709077,python,[JIT],0x0000f0f377c03250
247927.0,3709270,python,[JIT],0x0000eaaffa1bf254
247927.0,3709077,python,[JIT],0x0000f0f377c08214
247927.0,3709441,python,[JIT],0x0000f9347519a15c
247927.0,3709441,python,[JIT],0x0000f9347519b370
247927.0,3708760,python,[JIT],0x0000fb7688bdf0d4
247926.0,3709270,python,[kernel.kallsyms],free_unref_page_list
247926.0,3709270,python,[JIT],0x0000eaaffa1f21d0
247926.0,3708447,python,[JIT],0x0000e1f85713d2cc
247925.0,3709270,python,[JIT],0x0000eaaff9eff174
247925.0,3709077,python,[JIT],0x0000f0f377c091ac
247925.0,3708580,python,[JIT],0x0000f9c1c7c0b22c
247925.0,3708580,python,[JIT],0x0000f9c1c7c0e234
247924.0,3709077,python,[JIT],0x0000f0f377c051c8
247924.0,3709270,python,[JIT],0x0000eaaffa1bf14c
247924.0,3709270,python,[JIT],0x0000eaaffa1f21b4
247924.0,3708760,python,[JIT],0x0000fb7688bdd070
247924.0,3708935,python,[kernel.kallsyms],get_page_from_freelist
247923.0,3709270,python,[JIT],0x0000eaaffa1be030
247923.0,3709077,python,[JIT],0x0000f0f377c04330
247923.0,3708580,python,[JIT],0x0000f9c1c7c0a1d0
247923.0,3708935,python,[JIT],0x0000e5a3cd71d1e0
247922.0,3709270,python,[JIT],0x0000eaaffa1be254
247922.0,3709270,python,[JIT],0x0000eaaffa1f1034
247922.0,3708447,python,[JIT],0x0000e1f85713d2d0
247922.0,3708580,python,[JIT],0x0000f9c1c7c0a2c0
247922.0,3708935,python,[kernel.kallsyms],trace_ma_write
247922.0,3708935,python,[JIT],0x0000e5a3cd7c21f4
247922.0,3708760,python,[JIT],0x0000fb7688bdb1b8
247921.0,3709077,python,[JIT],0x0000f0f377c06438
247921.0,3709270,python,[JIT],0x0000eaaffa1f1104
247921.0,3708760,python,[JIT],0x0000fb7688c820b0
247920.0,3709270,python,[JIT],0x0000eaaffa1be228
247920.0,3709077,python,[JIT],0x0000f0f377c06194
247920.0,3708935,python,[JIT],0x0000e5a3cd71f478
247920.0,3708760,python,[kernel.kallsyms],free_unref_page_list
247920.0,3708935,python,[JIT],0x0000e5a3cd71f450
247919.0,3709077,python,[kernel.kallsyms],_raw_spin_unlock_irq
247919.0,3708580,python,[JIT],0x0000f9c1c7c09094
247919.0,3708760,python,[JIT],0x0000fb7688c8202c
247918.0,3709270,python,[JIT],0x0000eaaffa1f41b8
247918.0,3709270,python,[JIT],0x0000eaaffa1f24dc
247917.0,3709077,python,[JIT],0x0000f0f377c06354
247915.0,3709270,python,[JIT],0x0000eaaffa1f1174
247915.0,3708447,python,[JIT],0x0000e1f85713d094
247915.0,3709441,python,[JIT],0x0000f93475196238
247915.0,3708580,python,[JIT],0x0000f9c1c7c080a0
247915.0,3708935,python,[JIT],0x0000e5a3cd71f350
247914.0,3709270,python,[JIT],0x0000eaaffa1f4028
247914.0,3709270,python,[kernel.kallsyms],__folio_throttle_swaprate
247914.0,3709270,python,[JIT],0x0000eaaffa1be328
247914.0,3708935,python,[JIT],0x0000e5a3cd71c1a8
247913.0,3708760,python,[JIT],0x0000fb7688bde254
247913.0,3708760,python,[JIT],0x0000fb7688c820c0
247912.0,3709270,python,[JIT],0x0000eaaffa1f13c8
247912.0,3709270,python,[JIT],0x0000eaaffa1f31c0
247912.0,3709270,python,[JIT],0x0000eaaffa1f2334
247912.0,3708447,python,[JIT],0x0000e1f85713c0d8
247912.0,3708580,python,[JIT],0x0000f9c1c7c0b470
247912.0,3708935,python,[JIT],0x0000e5a3cd71e400
247912.0,3708935,python,[JIT],0x0000e5a3cd7c20a8
247911.0,3709270,python,[JIT],0x0000eaaffa1f146c
247911.0,3708580,python,[JIT],0x0000f9c1c7c08140
247911.0,3708580,python,[JIT],0x0000f9c1c7c0b230
247911.0,3708935,python,[JIT],0x0000e5a3cd71d340
247910.0,3708447,python,[JIT],0x0000e1f85713d05c
247910.0,3709441,python,[JIT],0x0000f9347519b0e0
247910.0,3708935,python,[kernel.kallsyms],__fget_light
247909.0,3709077,python,[JIT],0x0000f0f377c0702c
247908.0,3709270,python,[JIT],0x0000eaaffa1be0b8
247908.0,3709077,python,[JIT],0x0000f0f377c06290
247908.0,3709077,python,[JIT],0x0000f0f377c068cc
247907.0,3709270,python,[JIT],0x0000eaaffa1f40b0
247907.0,3708935,python,[JIT],0x0000e5a3cd7c22d4
247907.0,3708760,python,[JIT],0x0000fb7688c812ec
247906.0,3709077,python,[JIT],0x0000f0f377c05218
247904.0,3708447,python,[JIT],0x0000e1f85713f8bc
247904.0,3708580,python,[kernel.kallsyms],free_unref_page_commit
247904.0,3708935,python,[JIT],0x0000e5a3cd7c20ec
247904.0,3708935,python,[JIT],0x0000e5a3cd71f004
247903.0,3709270,python,[JIT],0x0000eaaffa1f42a4
247903.0,3708580,python,[JIT],0x0000f9c1c7c09084
247903.0,3708580,python,[JIT],0x0000f9c1c7c0d13c
247903.0,3708760,python,[kernel.kallsyms],rmqueue
247903.0,3708935,python,[JIT],0x0000e5a3cd7c10e0
247902.0,3709077,python,[JIT],0x0000f0f377c04068
247902.0,3709077,python,[JIT],0x0000f0f377c06218
247901.0,3709077,python,[JIT],0x0000f0f377c03000
247901.0,3708447,python,[JIT],0x0000e1f85713d1a4
247901.0,3708580,python,[JIT],0x0000f9c1c7c0a0f0
247900.0,3709077,python,[JIT],0x0000f0f377c05070
247900.0,3709270,python,[JIT],0x0000eaaffa1bf2a8
247900.0,3709270,python,[JIT],0x0000eaaffa1f2344
247900.0,3709270,python,[JIT],0x0000eaaffa1f3038
247900.0,3709077,python,[JIT],0x0000f0f377c06074
247900.0,3708580,python,[kernel.kallsyms],do_translation_fault
247900.0,3708580,python,[JIT],0x0000f9c1c7c0a25c
247900.0,3708580,python,[JIT],0x0000f9c1c7c0e178
247900.0,3708935,python,[JIT],0x0000e5a3cd71d28c
247900.0,3708935,python,[JIT],0x0000e5a3cd7c1338
247900.0,3708935,python,[JIT],0x0000e5a3cd7c114c
247899.0,3709077,python,[JIT],0x0000f0f377c051f0
247899.0,3709270,python,[JIT],0x0000eaaffa1bf424
247899.0,3709270,python,[JIT],0x0000eaaffa1f328c
247899.0,3709077,python,[JIT],0x0000f0f377c07188
247899.0,3709077,python,[JIT],0x0000f0f377c09260
247898.0,3708580,python,[kernel.kallsyms],free_unref_page_list
247898.0,3708935,python,[JIT],0x0000e5a3cd7c2038
247897.0,3708580,python,[JIT],0x0000f9c1c7c0d060
247896.0,3709270,python,[JIT],0x0000eaaffa1bf148
247896.0,3709270,python,[JIT],0x0000eaaffa1f2200
247896.0,3709077,python,[JIT],0x0000f0f377c08254
247896.0,3709441,python,[JIT],0x0000f9347519a028
247896.0,3708760,python,[JIT],0x0000fb7688c81148
247896.0,3708935,python,[JIT],0x0000e5a3cd7c3160
247895.0,3709077,python,[JIT],0x0000f0f377c0642c
247895.0,3708580,python,[JIT],0x0000f9c1c7c0c1a0
247895.0,3708935,python,[JIT],0x0000e5a3cd7c3170
247895.0,3708760,python,[kernel.kallsyms],__mem_cgroup_charge
247894.0,3708935,python,[JIT],0x0000e5a3cd71d008
247893.0,3709077,python,[JIT],0x0000f0f377c0709c
247893.0,3709077,python,[JIT],0x0000f0f377c050f4
247893.0,3708760,python,[JIT],0x0000fb7688bdd424
247893.0,3708760,python,[JIT],0x0000fb7688bdc230
247891.0,3709270,python,[JIT],0x0000eaaffa1f44d0
247891.0,3709270,python,[JIT],0x0000eaaffa1be05c
247891.0,3709270,python,[JIT],0x0000eaaffa1f42a8
247891.0,3708580,python,[JIT],0x0000f9c1c7c0903c
247890.0,3709270,python,[JIT],0x0000eaaff9eff254
247890.0,3708447,python,[JIT],0x0000e1f85713d08c
247890.0,3709441,python,[JIT],0x0000f93475198920
247890.0,3708935,python,[JIT],0x0000e5a3cd7c20d8
247890.0,3708760,python,[JIT],0x0000fb7688bdc248
247889.0,3709077,python,[JIT],0x0000f0f377c040f0
247889.0,3708760,python,[kernel.kallsyms],folio_lruvec_lock_irqsave
247888.0,3708447,python,[kernel.kallsyms],get_random_u16
247888.0,3708580,python,[kernel.kallsyms],pipe_write
247888.0,3708580,python,[JIT],0x0000f9c1c7c0b178
247888.0,3708760,python,[JIT],0x0000fb7688bde218
247887.0,3709441,python,[JIT],0x0000f93475197244
247886.0,3709270,python,[JIT],0x0000eaaffa1f1428
247886.0,3709270,python,[JIT],0x0000eaaffa1f3340
247886.0,3708447,python,[kernel.kallsyms],do_pte_missing
247886.0,3708935,python,[JIT],0x0000e5a3cd71f2ac
247886.0,3708760,python,[JIT],0x0000fb7688bdc28c
247885.0,3709270,python,[JIT],0x0000eaaffa1f1900
247885.0,3708447,python,[JIT],0x0000e1f8571e3070
247885.0,3708580,python,[JIT],0x0000f9c1c7c0e0ec
247884.0,3709077,python,[JIT],0x0000f0f377c0700c
247884.0,3708447,python,[JIT],0x0000e1f8571e327c
247883.0,3709077,python,[JIT],0x0000f0f377c05030
247883.0,3709077,python,[JIT],0x0000f0f377c0721c
247883.0,3708580,python,[JIT],0x0000f9c1c7c0b3b8
247883.0,3708760,python,[JIT],0x0000fb7688c812e0
247882.0,3708935,python,[JIT],0x0000e5a3cd7c3204
247881.0,3709270,python,[JIT],0x0000eaaffa1f35a8
247881.0,3708760,python,[JIT],0x0000fb7688bde004
247881.0,3708935,python,[JIT],0x0000e5a3cd7c20a0
247880.0,3709077,python,[JIT],0x0000f0f377c071d8
247879.0,3709270,python,[JIT],0x0000eaaffa1be09c
247879.0,3708935,python,[JIT],0x0000e5a3cd7c30ac
247878.0,3709077,python,[JIT],0x0000f0f377c05074
247878.0,3708760,python,[kernel.kallsyms],security_vm_enough_memory_mm
247877.0,3708760,python,[JIT],0x0000fb7688c82170
247876.0,3708760,python,[JIT],0x0000fb7688bde078
247876.0,3708760,python,[JIT],0x0000fb7688bde08c
247875.0,3709077,python,[JIT],0x0000f0f377c081b4
247874.0,3709270,python,[JIT],0x0000eaaffa1f1418
247874.0,3708935,python,[JIT],0x0000e5a3cd7c3244
247873.0,3709270,python,[JIT],0x0000eaaff9eff2e4
247873.0,3709077,python,[JIT],0x0000f0f377c063b8
247872.0,3709077,python,[JIT],0x0000f0f377c0908c
247872.0,3709270,python,[JIT],0x0000eaaffa1be064
247872.0,3709077,python,[kernel.kallsyms],el0_svc
247872.0,3708580,python,[JIT],0x0000f9c1c7c0a0ac
247871.0,3709077,python,[JIT],0x0000f0f377c0422c
247871.0,3708760,python,[kernel.kallsyms],__mod_lruvec_state
247870.0,3709077,python,[JIT],0x0000f0f377c082f4
247870.0,3709270,python,[JIT],0x0000eaaffa1be150
247869.0,3709270,python,[JIT],0x0000eaaffa1f20ec
247869.0,3708580,python,[JIT],0x0000f9c1c7c09300
247869.0,3708580,python,[JIT],0x0000f9c1c7c0d0b4
247868.0,3708935,python,[JIT],0x0000e5a3cd71e090
247867.0,3708580,python,[JIT],0x0000f9c1c7c0e094
247867.0,3708760,python,[JIT],0x0000fb7688bdd044
247865.0,3709441,python,[JIT],0x0000f93475196008
247864.0,3708580,python,[JIT],0x0000f9c1c7c0907c
247862.0,3709270,python,[JIT],0x0000eaaffa1f2040
247862.0,3709077,python,[JIT],0x0000f0f377c061f4
247862.0,3709077,python,[JIT],0x0000f0f377c06240
247862.0,3709441,python,[JIT],0x0000f93475195008
247861.0,3709077,python,[kernel.kallsyms],do_anonymous_page
247861.0,3708935,python,[JIT],0x0000e5a3cd7c3260
247860.0,3709077,python,libc.so.6,malloc
247860.0,3708935,python,[JIT],0x0000e5a3cd7c22a0
247858.0,3709270,python,[JIT],0x0000eaaffa1bf02c
247858.0,3709270,python,[JIT],0x0000eaaffa1f4278
247858.0,3708760,python,[JIT],0x0000fb7688bde144
247856.0,3708760,python,[JIT],0x0000fb7688c81294
247855.0,3709270,python,[JIT],0x0000eaaff9eff15c
247855.0,3709077,python,[JIT],0x0000f0f377c08308
247854.0,3709077,python,[JIT],0x0000f0f377c070c4
247854.0,3708580,python,[JIT],0x0000f9c1c7c0b17c
247854.0,3708760,python,[JIT],0x0000fb7688bdb048
247853.0,3709077,python,[kernel.kallsyms],percpu_ref_get_many
247853.0,3708580,python,[JIT],0x0000f9c1c7c0e000
247852.0,3709077,python,[JIT],0x0000f0f377c08310
247852.0,3708580,python,[kernel.kallsyms],rcu_nocb_unlock_irqrestore
247849.0,3709077,python,[JIT],0x0000f0f377c091e0
247848.0,3709270,python,[kernel.kallsyms],perf_iterate_sb.constprop.0
247848.0,3709077,python,[JIT],0x0000f0f377c05100
247847.0,3708580,python,[JIT],0x0000f9c1c7c0e0c0
247847.0,3708760,python,[JIT],0x0000fb7688bde458
247846.0,3709270,python,[JIT],0x0000eaaffa1bf190
247846.0,3709270,python,[JIT],0x0000eaaffa1f4544
247846.0,3708935,python,libc.so.6,malloc
247844.0,3708580,python,[JIT],0x0000f9c1c7c0d19c
247844.0,3708935,python,[JIT],0x0000e5a3cd7c3214
247843.0,3709270,python,[JIT],0x0000eaaffa1f11f4
247843.0,3709441,python,[JIT],0x0000f934751951bc
247841.0,3708447,python,[JIT],0x0000e1f85713c000
247840.0,3709270,python,[JIT],0x0000eaaffa1f18c0
247840.0,3709077,python,libc.so.6,_int_malloc
247840.0,3708580,python,[JIT],0x0000f9c1c7c0d0b8
247840.0,3708580,python,[JIT],0x0000f9c1c7c0d1c4
247839.0,3709077,python,[JIT],0x0000f0f377c06074
247839.0,3708580,python,[JIT],0x0000f9c1c7c0e230
247835.0,3708580,python,[JIT],0x0000f9c1c7c0b418
247833.0,3708580,python,libc.so.6,alloc_perturb
247833.0,3708760,python,[JIT],0x0000fb7688bdb064
247831.0,3708935,python,[JIT],0x0000e5a3cd71f470
247829.0,3708760,python,[JIT],0x0000fb7688bdc328
247825.0,3709077,python,python,_bufferedwriter_raw_write
247825.0,3709441,python,[kernel.kallsyms],__memcg_slab_free_hook
247824.0,3709270,python,[JIT],0x0000eaaffa1be0a4
247823.0,3709270,python,[JIT],0x0000eaaffa1f4034
247821.0,3709270,python,[JIT],0x0000eaaffa1be06c
247821.0,3709077,python,[JIT],0x0000f0f377c07264
247819.0,3708935,python,[JIT],0x0000e5a3cd71c1c0
247817.0,3709270,python,python,allocate_from_new_pool
247814.0,3708935,python,[JIT],0x0000e5a3cd71e268
247814.0,3708760,python,[JIT],0x0000fb7688c8105c
247812.0,3709077,python,[JIT],0x0000f0f377c061b4
247805.0,3708760,python,[JIT],0x0000fb7688bde1c0
247805.0,3708935,python,libc.so.6,sysmalloc
247804.0,3709270,python,[JIT],0x0000eaaffa1f3238
247803.0,3709270,python,[kernel.kallsyms],uncharge_folio
247802.0,3709270,python,[kernel.kallsyms],free_unref_page_commit
247799.0,3708935,python,[kernel.kallsyms],folio_remove_rmap_ptes
247798.0,3709270,python,[JIT],0x0000eaaff9eff29c
247798.0,3709270,python,[JIT],0x0000eaaffa1f4268
247796.0,3709270,python,[JIT],0x0000eaaffa1f4168
247795.0,3708935,python,[JIT],0x0000e5a3cd7c2340
247795.0,3708760,python,[kernel.kallsyms],up_write
247793.0,3708447,python,[kernel.kallsyms],folio_lruvec_lock_irqsave
247791.0,3708580,python,[JIT],0x0000f9c1c7c0a1e8
247785.0,3709077,python,[JIT],0x0000f0f377c06164
247784.0,3708447,python,[kernel.kallsyms],vm_normal_page
247784.0,3708580,python,python,_PyMem_RawMalloc
247784.0,3708760,python,[JIT],0x0000fb7688bdb14c
247783.0,3708580,python,[JIT],0x0000f9c1c7c0c13c
247783.0,3708760,python,python,_PyMem_RawMalloc
247778.0,3708935,python,[JIT],0x0000e5a3cd7c1060
247776.0,3708580,python,libc.so.6,_int_malloc
247775.0,3709441,python,[kernel.kallsyms],vm_normal_page
247773.0,3708447,python,[JIT],0x0000e1f8571e21fc
247767.0,3708447,python,[JIT],0x0000e1f85713f17c
247767.0,3709077,python,[kernel.kallsyms],vm_area_dup
247765.0,3709077,python,[JIT],0x0000f0f377c08060
247764.0,3708580,python,[JIT],0x0000f9c1c7c0b450
247764.0,3708760,python,[JIT],0x0000fb7688bdb040
247763.0,3709077,python,[JIT],0x0000f0f377c041a8
247761.0,3708447,python,[kernel.kallsyms],mas_ascend
247761.0,3709441,python,[JIT],0x0000f9347519813c
247758.0,3708760,python,[kernel.kallsyms],get_page_from_freelist
247757.0,3709441,python,[JIT],0x0000f93475199494
247755.0,3708760,python,[kernel.kallsyms],arch_local_irq_restore
247754.0,3709077,python,[JIT],0x0000f0f377c09270
247750.0,3708447,python,libc.so.6,alloc_perturb
247749.0,3709270,python,libc.so.6,_int_malloc
247749.0,3708935,python,python,PyMem_Malloc
247746.0,3709077,python,libc.so.6,alloc_perturb
247745.0,3708935,python,[kernel.kallsyms],free_pages_and_swap_cache
247737.0,3708935,python,[JIT],0x0000e5a3cd71f0a4
247735.0,3709441,python,[JIT],0x0000f934751960d4
247732.0,3708760,python,[JIT],0x0000fb7688c81004
247729.0,3708760,python,[kernel.kallsyms],__tlb_remove_page_size
247727.0,3709077,python,[JIT],0x0000f0f377c04044
247726.0,3708580,python,[JIT],0x0000f9c1c7c082a0
247722.0,3709077,python,[JIT],0x0000f0f377c063cc
247720.0,3709077,python,[kernel.kallsyms],free_unref_page_list
247719.0,3709270,python,[JIT],0x0000eaaffa1be2d0
247705.0,3708580,python,[kernel.kallsyms],folio_lruvec_lock_irqsave
247703.0,3708760,python,[JIT],0x0000fb7688bde16c
247701.0,3709441,python,[JIT],0x0000f9347519b544
247699.0,3708760,python,python,cfunction_vectorcall_NOARGS
247696.0,3709270,python,[JIT],0x0000eaaff9eff064
247691.0,3709270,python,libc.so.6,alloc_perturb
247691.0,3708760,python,[kernel.kallsyms],free_swap_cache
247680.0,3708935,python,[JIT],0x0000e5a3cd71d5ac
247664.0,3708760,python,[kernel.kallsyms],free_swap_cache
247664.0,3708760,python,[JIT],0x0000fb7688bdc160
247663.0,3709441,python,libc.so.6,alloc_perturb
247655.0,3709270,python,[kernel.kallsyms],folio_remove_rmap_ptes
247650.0,3708935,python,[kernel.kallsyms],free_unref_page_commit
247639.0,3709077,python,[JIT],0x0000f0f377c07178
247631.0,3709270,python,[kernel.kallsyms],__rcu_read_unlock
247626.0,3708760,python,libc.so.6,_int_free_maybe_consolidate.part.0
247626.0,3708935,python,[JIT],0x0000e5a3cd7c21cc
247625.0,3708760,python,[kernel.kallsyms],__memcg_slab_free_hook
247615.0,3709077,python,[kernel.kallsyms],cgroup_rstat_updated
247606.0,3709270,python,[kernel.kallsyms],get_pfnblock_flags_mask
247601.0,3708580,python,python,_PyType_LookupStackRefAndVersion
247598.0,3708447,python,python,PyTuple_FromArray.part.0
247598.0,3709441,python,[kernel.kallsyms],__flush_tlb_range
247591.0,3709441,python,[JIT],0x0000f93475195080
247588.0,3709270,python,[kernel.kallsyms],free_unref_page_prepare
247588.0,3708935,python,[JIT],0x0000e5a3cd7c22d8
247586.0,3709441,python,libc.so.6,unlink_chunk.isra.0
247579.0,3709270,python,[kernel.kallsyms],__mem_cgroup_uncharge_list
247566.0,3708935,python,python,_PyFileIO_closed
247564.0,3708447,python,python,_Py_Specialize_LoadAttr
247562.0,3708580,python,[kernel.kallsyms],call_rcu
247558.0,3708447,python,libc.so.6,_int_free_create_chunk
247557.0,3709077,python,libc.so.6,_int_free
247556.0,3709441,python,libc.so.6,_int_free_merge_chunk
247555.0,3709077,python,[kernel.kallsyms],__mod_lruvec_state
247554.0,3708760,python,[JIT],0x0000fb7688bdc14c
247546.0,3709077,python,[kernel.kallsyms],vm_normal_page
247546.0,3708935,python,[kernel.kallsyms],vma_adjust_trans_huge
247529.0,3708760,python,[JIT],0x0000fb7688bdc16c
247525.0,3708580,python,libc.so.6,pthread_cond_signal@@GLIBC_2.17
247522.0,3709077,python,python,PyMem_Free
247522.0,3708935,python,[kernel.kallsyms],ext4_inode_csum
247521.0,3708935,python,[kernel.kallsyms],__tlb_remove_page_size
247511.0,3708447,python,libc.so.6,_int_free_maybe_consolidate.part.0
247506.0,3709441,python,[kernel.kallsyms],mas_wr_walk
247504.0,3708580,python,libc.so.6,_int_free_maybe_consolidate.part.0
247496.0,3709441,python,[kernel.kallsyms],__memcg_slab_post_alloc_hook
247494.0,3708935,python,[JIT],0x0000e5a3cd7c222c
247490.0,3709270,python,[JIT],0x0000eaaffa1f1464
247488.0,3708447,python,python,PyMem_Free
247485.0,3708935,python,[kernel.kallsyms],ext4_get_inode_loc
247484.0,3709077,python,[JIT],0x0000f0f377c0509c
247483.0,3708580,python,[JIT],0x0000f9c1c7c0c178
247481.0,3708447,python,python,_PyMem_RawFree
247467.0,3709270,python,python,PyObject_Call
247458.0,3708760,python,[kernel.kallsyms],mas_wr_store_setup.isra.0
247455.0,3709077,python,[kernel.kallsyms],mas_wr_walk
247436.0,3708580,python,[kernel.kallsyms],mas_preallocate
247423.0,3709077,python,[kernel.kallsyms],el0_svc_common.constprop.0
247399.0,3709270,python,[JIT],0x0000eaaffa1f220c
247399.0,3708447,python,[JIT],0x0000e1f8571e322c
247394.0,3709270,python,python,malloc@plt
247374.0,3709270,python,libc.so.6,pthread_cond_signal@@GLIBC_2.17
247369.0,3709270,python,[kernel.kallsyms],arch_local_irq_save
247369.0,3709441,python,libc.so.6,cfree@GLIBC_2.17
247365.0,3709270,python,libc.so.6,cfree@GLIBC_2.17
247359.0,3708580,python,python,_PyMutex_LockTimed
247356.0,3708935,python,[JIT],0x0000e5a3cd7c31bc
247340.0,3709077,python,[kernel.kallsyms],__arch_copy_from_user
247339.0,3709441,python,python,PyMem_Malloc
247336.0,3708447,python,[JIT],0x0000e1f85713d154
247331.0,3709270,python,python,_Py_Specialize_LoadAttr
247319.0,3708935,python,libc.so.6,_int_free_create_chunk
247316.0,3709441,python,[kernel.kallsyms],propagate_protected_usage
247309.0,3708447,python,[kernel.kallsyms],vma_adjust_trans_huge
247300.0,3708580,python,[kernel.kallsyms],__call_rcu_common
247220.0,3708447,python,libc.so.6,cfree@GLIBC_2.17
247131.0,3708447,python,[JIT],0x0000e1f85713c08c
246994.0,3708580,python,[kernel.kallsyms],mas_parent_type
246984.0,3709077,python,[JIT],0x0000f0f377c050f8
246955.0,3708935,python,[kernel.kallsyms],uncharge_folio
246950.0,3709270,python,[JIT],0x0000eaaff9eff0a8
246805.0,3709441,python,[JIT],0x0000f9347519a1bc
246475.0,3709270,python,[JIT],0x0000eaaffa1f129c
246131.0,3708935,python,libc.so.6,_int_realloc
245971.0,3708760,python,[JIT],0x0000fb7688cba130
245943.0,3708760,python,[JIT],0x0000fb7688cba020
245642.0,3708580,python,[JIT],0x0000f9c1c7c0e4c8
245609.0,3709077,python,[kernel.kallsyms],__memcg_slab_free_hook
245586.0,3709077,python,[JIT],0x0000f0f377c090ec
244908.0,3708580,python,[kernel.kallsyms],memcg_account_kmem
243582.0,3709270,python,libc.so.6,_int_free_maybe_consolidate.part.0
243577.0,3708580,python,[JIT],0x0000f9c1c7c0d218
243437.0,3709270,python,[JIT],0x0000eaaffa1be1b0
242035.0,3709270,python,[kernel.kallsyms],lock_vma_under_rcu
240899.0,3708935,python,python,_PyFunction_ClearCodeByVersion
240352.0,3709077,python,[kernel.kallsyms],mas_wr_store_entry.isra.0
238827.0,3708580,python,[JIT],0x0000f9c1c7c0b128
238814.0,3708760,python,[kernel.kallsyms],__rcu_read_unlock
237509.0,3708760,python,python,unicode_dealloc
236175.0,3708580,python,libc.so.6,cfree@GLIBC_2.17
235233.0,3708447,python,[JIT],0x0000e1f85713d28c
234833.0,3708580,python,[JIT],0x0000f9c1c7c080f0
229529.0,3709441,python,[JIT],0x0000f9347519a294
226607.0,3708935,python,[JIT],0x0000e5a3cd7c207c
224442.0,3709270,python,[kernel.kallsyms],pte_offset_map_nolock
224425.0,3708447,python,[JIT],0x0000e1f85713e400
222999.0,3708447,python,python,optimize_basic_block
222828.0,3709077,python,python,_Py_Specialize_Resume
222111.0,3709270,python,[JIT],0x0000eaaffa1f403c
219651.0,3708760,python,python,_PyOpcode_num_pushed
212281.0,3708935,python,python,term_rule
205946.0,3709270,python,[kernel.kallsyms],invoke_syscall
191141.0,3709077,python,python,_PyCfg_FromInstructionSequence
147029.0,3708580,python,python,write_location_info_entry
124126.0,3709077,python,python,for_if_clauses_rule
118994.0,3708935,python,python,PyObject_GenericHash
114976.0,3708447,python,python,_PyLexer_get_normal
99088.0,3709270,python,python,build_string
58746.0,3708580,python,[kernel.kallsyms],task_mm_cid_work
54910.0,3709270,python,[kernel.kallsyms],task_mm_cid_work
49726.0,3708580,python,python,subtype_dealloc
40125.0,3708447,python,python,build_string
24962.0,3709270,python,python,PyObject_SetAttr
20262.0,3708935,python,[kernel.kallsyms],task_mm_cid_work
15412.0,3709077,python,[kernel.kallsyms],sched_mm_cid_remote_clear
14795.0,3708760,python,[kernel.kallsyms],do_notify_resume
11941.0,3708760,python,[kernel.kallsyms],do_notify_resume
10323.0,3708935,python,[kernel.kallsyms],do_notify_resume
3103.0,3709441,python,[kernel.kallsyms],sched_mm_cid_remote_clear
2679.0,3709441,python,[kernel.kallsyms],do_notify_resume
1.0,3709077,python,[kernel.kallsyms],finish_task_switch.isra.0
1.0,3709270,python,[kernel.kallsyms],finish_task_switch.isra.0
1.0,3709270,python,[kernel.kallsyms],finish_task_switch.isra.0
1.0,3708447,python,[kernel.kallsyms],finish_task_switch.isra.0
1.0,3709077,python,[kernel.kallsyms],finish_task_switch.isra.0
1.0,3709441,python,[kernel.kallsyms],finish_task_switch.isra.0
1.0,3708580,python,[kernel.kallsyms],finish_task_switch.isra.0
1.0,3708580,python,[kernel.kallsyms],finish_task_switch.isra.0
1.0,3708935,python,[kernel.kallsyms],finish_task_switch.isra.0
1.0,3708760,python,[kernel.kallsyms],finish_task_switch.isra.0
1.0,3708935,python,[kernel.kallsyms],finish_task_switch.isra.0
1.0,3708760,python,[kernel.kallsyms],finish_task_switch.isra.0
