self,pid,command,shared_obj,symbol
66046563.0,3717250,python,python,_PyObject_Malloc
64306021.0,3717230,python,python,_PyEval_EvalFrameDefault
63799588.0,3717230,python,python,_PyObject_Malloc
55862791.0,3717460,python,python,_PyObject_Malloc
55554925.0,3717318,python,python,_PyObject_Malloc
53576247.0,3717493,python,python,_PyObject_Malloc
53250572.0,3717381,python,python,_PyObject_Malloc
49665020.0,3717493,python,python,_PyEval_EvalFrameDefault
48910691.0,3717230,python,[kernel.kallsyms],__d_lookup_rcu
48177473.0,3717230,python,python,_PyObject_Free
46928939.0,3717250,python,python,_PyEval_EvalFrameDefault
45875336.0,3717460,python,[kernel.kallsyms],__d_lookup_rcu
45425154.0,3717318,python,python,_PyEval_EvalFrameDefault
45144249.0,3717493,python,python,_PyObject_Free
44677951.0,3717460,python,python,_PyEval_EvalFrameDefault
44418712.0,3717381,python,python,_PyEval_EvalFrameDefault
43708967.0,3717318,python,[kernel.kallsyms],__d_lookup_rcu
43162274.0,3717318,python,python,_PyObject_Free
42964980.0,3717250,python,[kernel.kallsyms],__d_lookup_rcu
41726605.0,3717250,python,python,_PyObject_Free
41725929.0,3717493,python,[kernel.kallsyms],__d_lookup_rcu
40673579.0,3717460,python,python,_PyObject_Free
39448149.0,3717381,python,python,_PyObject_Free
38744370.0,3717381,python,[kernel.kallsyms],__d_lookup_rcu
35991298.0,3717230,python,[kernel.kallsyms],__update_cpu_freelist_fast
35502901.0,3717230,python,python,_Py_Dealloc
35201596.0,3717230,python,[kernel.kallsyms],el0_svc
34771653.0,3717493,python,[kernel.kallsyms],el0_svc
33015750.0,3717493,python,python,_Py_Dealloc
32759285.0,3717381,python,python,_Py_Dealloc
31497967.0,3717381,python,[kernel.kallsyms],__update_cpu_freelist_fast
30550404.0,3717250,python,[kernel.kallsyms],el0_svc
30542006.0,3717250,python,python,_Py_Dealloc
30535020.0,3717460,python,python,_Py_Dealloc
29055582.0,3717381,python,[kernel.kallsyms],el0_svc
28305385.0,3717230,python,python,_PyFrame_ClearExceptCode
27534708.0,3717493,python,[kernel.kallsyms],__update_cpu_freelist_fast
27318573.0,3717250,python,python,_PyTypeCache_Lookup
27070823.0,3717318,python,python,_Py_Dealloc
26826710.0,3717318,python,[kernel.kallsyms],__update_cpu_freelist_fast
26604857.0,3717250,python,[kernel.kallsyms],__update_cpu_freelist_fast
26563343.0,3717318,python,[kernel.kallsyms],el0_svc
26052176.0,3717230,python,libc.so.6,__GI___fstatat64
25828031.0,3717318,python,[kernel.kallsyms],half_md4_transform.isra.0
25811097.0,3717230,python,python,_PyTypeCache_Lookup
25803847.0,3717460,python,python,_PyFrame_ClearExceptCode
25327158.0,3717460,python,[kernel.kallsyms],__update_cpu_freelist_fast
25095224.0,3717381,python,[kernel.kallsyms],half_md4_transform.isra.0
24771635.0,3717460,python,[kernel.kallsyms],el0_svc
24585528.0,3717381,python,python,_PyTypeCache_Lookup
24386870.0,3717493,python,python,_PyTypeCache_Lookup
24330472.0,3717230,python,[kernel.kallsyms],half_md4_transform.isra.0
23832283.0,3717460,python,python,_PyTypeCache_Lookup
23353432.0,3717318,python,python,_PyFrame_ClearExceptCode
23086719.0,3717230,python,[kernel.kallsyms],memset
22595279.0,3717381,python,python,_PyFrame_ClearExceptCode
22354587.0,3717381,python,libc.so.6,__GI___fstatat64
22350808.0,3717230,python,libc.so.6,pthread_mutex_lock@@GLIBC_2.17
22301940.0,3717493,python,[kernel.kallsyms],half_md4_transform.isra.0
21824052.0,3717318,python,python,_PyTypeCache_Lookup
21599623.0,3717250,python,python,_PyFrame_ClearExceptCode
21420883.0,3717460,python,[kernel.kallsyms],half_md4_transform.isra.0
21356197.0,3717250,python,libc.so.6,__GI___fstatat64
20971312.0,3717250,python,[kernel.kallsyms],half_md4_transform.isra.0
20859400.0,3717230,python,[kernel.kallsyms],kmem_cache_alloc
20365968.0,3717250,python,[kernel.kallsyms],memset
19592087.0,3717381,python,[kernel.kallsyms],memset
19372728.0,3717493,python,libc.so.6,__GI___fstatat64
19371701.0,3717493,python,python,_PyFrame_ClearExceptCode
19369100.0,3717230,python,python,_PyEvalFramePushAndInit
19368879.0,3717250,python,python,initialize_locals
19356288.0,3717318,python,[kernel.kallsyms],memset
19123152.0,3717460,python,[kernel.kallsyms],memset
19122269.0,3717460,python,libc.so.6,__GI___fstatat64
18869808.0,3717460,python,[kernel.kallsyms],kmem_cache_alloc
18858907.0,3717460,python,python,initialize_locals
18832651.0,3717318,python,libc.so.6,pthread_mutex_lock@@GLIBC_2.17
18626575.0,3717318,python,[kernel.kallsyms],kmem_cache_alloc
18576475.0,3717230,python,[kernel.kallsyms],security_inode_getattr
18373044.0,3717460,python,[kernel.kallsyms],security_inode_getattr
18358567.0,3717230,python,python,initialize_locals
17881573.0,3717318,python,[kernel.kallsyms],security_inode_getattr
17878516.0,3717493,python,[kernel.kallsyms],kmem_cache_alloc
17634555.0,3717381,python,libc.so.6,pthread_mutex_lock@@GLIBC_2.17
17634084.0,3717460,python,libc.so.6,pthread_mutex_lock@@GLIBC_2.17
17633769.0,3717318,python,libc.so.6,__GI___fstatat64
17137880.0,3717250,python,[kernel.kallsyms],kmem_cache_alloc
16886952.0,3717381,python,python,_PyEvalFramePushAndInit
16638140.0,3717250,python,python,_PyEvalFramePushAndInit
16591269.0,3717493,python,python,_PyEval_EvalFrameDefault
16392220.0,3717493,python,libc.so.6,pthread_mutex_lock@@GLIBC_2.17
16389064.0,3717318,python,python,_PyEvalFramePushAndInit
16145458.0,3717381,python,[kernel.kallsyms],security_inode_getattr
16142842.0,3717230,python,[kernel.kallsyms],link_path_walk.part.0.constprop.0
15897423.0,3717250,python,[kernel.kallsyms],security_inode_getattr
15895605.0,3717493,python,[kernel.kallsyms],security_inode_getattr
15894453.0,3717493,python,python,initialize_locals
15641991.0,3717493,python,[kernel.kallsyms],memset
15385559.0,3717230,python,python,ScandirIterator_iternext
15384430.0,3717381,python,python,_PyEval_EvalFrameDefault
15138326.0,3717493,python,[kernel.kallsyms],__legitimize_mnt
15104354.0,3717493,python,python,take_gil
14899128.0,3717460,python,python,_PyEval_EvalFrameDefault
14694028.0,3717230,python,[kernel.kallsyms],memblock_is_map_memory
14652234.0,3717493,python,python,clear_slots
14403390.0,3717230,python,[kernel.kallsyms],get_random_u16
14394367.0,3717460,python,python,_PyEvalFramePushAndInit
14157119.0,3717381,python,[kernel.kallsyms],kmem_cache_alloc
14137367.0,3717318,python,python,initialize_locals
14116079.0,3717250,python,python,ScandirIterator_iternext
13923535.0,3717318,python,python,_PyEval_EvalFrameDefault
13730694.0,3717250,python,python,_PyEval_EvalFrameDefault
13663043.0,3717318,python,libc.so.6,__GI___pthread_mutex_unlock_usercnt
13411606.0,3717318,python,[kernel.kallsyms],get_random_u16
13411228.0,3717250,python,python,_Py_NewReference
13411083.0,3717381,python,python,PyLong_FromLongLong
13408405.0,3717230,python,python,PyLong_FromLongLong
13408306.0,3717230,python,python,_Py_NewReference
13404759.0,3717381,python,[kernel.kallsyms],get_random_u16
13147189.0,3717493,python,python,ScandirIterator_iternext
13139818.0,3717381,python,python,ScandirIterator_iternext
13129766.0,3717230,python,python,unicode_decode_utf8.part.0
12924016.0,3717381,python,python,take_gil
12915233.0,3717318,python,python,__aarch64_cas1_acq_rel
12915095.0,3717318,python,python,PyLong_FromLongLong
12904870.0,3717381,python,python,unicode_decode_utf8.part.0
12897017.0,3717230,python,python,take_gil
12894459.0,3717460,python,python,_PyJIT_Entry
12672543.0,3717350,python,python,_PyEval_EvalFrameDefault
12667255.0,3717250,python,python,PyLong_FromLongLong
12666854.0,3717250,python,python,clear_slots
12435187.0,3717230,python,[kernel.kallsyms],filldir64
12418211.0,3717493,python,python,structseq_dealloc
12416545.0,3717460,python,[kernel.kallsyms],get_random_u16
12415614.0,3717318,python,python,_PyJIT_Entry
12414876.0,3717230,python,[kernel.kallsyms],apparmor_inode_getattr
12406880.0,3717250,python,libc.so.6,pthread_mutex_lock@@GLIBC_2.17
12170499.0,3717381,python,python,structseq_dealloc
12170277.0,3717318,python,[kernel.kallsyms],apparmor_inode_getattr
12169999.0,3717250,python,[kernel.kallsyms],get_random_u16
12169920.0,3717493,python,[kernel.kallsyms],link_path_walk.part.0.constprop.0
12169875.0,3717381,python,[kernel.kallsyms],link_path_walk.part.0.constprop.0
12168364.0,3717493,python,python,_PyEvalFramePushAndInit
12164118.0,3717460,python,python,ScandirIterator_iternext
12156832.0,3717381,python,python,initialize_locals
12101204.0,3717381,python,python,__aarch64_cas1_acq_rel
11921582.0,3717460,python,[kernel.kallsyms],link_path_walk.part.0.constprop.0
11921543.0,3717230,python,libc.so.6,__GI___pthread_mutex_unlock_usercnt
11918131.0,3717318,python,python,take_gil
11888670.0,3717318,python,[kernel.kallsyms],filldir64
11671718.0,3717460,python,python,PyLong_FromLongLong
11671699.0,3717230,python,python,clear_slots
11669105.0,3717230,python,python,tuple_dealloc
11667793.0,3717460,python,[kernel.kallsyms],filldir64
11665735.0,3717250,python,python,tuple_dealloc
11631478.0,3717493,python,[kernel.kallsyms],get_random_u16
11425563.0,3717318,python,[kernel.kallsyms],link_path_walk.part.0.constprop.0
11424852.0,3717250,python,python,structseq_dealloc
11424531.0,3717493,python,python,tuple_dealloc
11423182.0,3717460,python,python,clear_slots
11349496.0,3717460,python,python,take_gil
11323188.0,3717493,python,[kernel.kallsyms],memblock_is_map_memory
11176984.0,3717460,python,libc.so.6,__GI___pthread_mutex_unlock_usercnt
11176637.0,3717493,python,[kernel.kallsyms],apparmor_inode_getattr
11172491.0,3717381,python,python,long_dealloc
11155798.0,3717381,python,python,_PyJIT_Entry
10933106.0,3717493,python,python,unicode_decode_utf8.part.0
10924938.0,3717230,python,[kernel.kallsyms],__legitimize_mnt
10924816.0,3717493,python,[kernel.kallsyms],filldir64
10923643.0,3717460,python,python,_PyEval_FrameClearAndPop
10827884.0,3717318,python,[kernel.kallsyms],memblock_is_map_memory
10691087.0,3717230,python,[kernel.kallsyms],ext4_htree_store_dirent
10687025.0,3717381,python,python,_Py_NewReference
10680874.0,3717250,python,python,take_gil
10677816.0,3717230,python,python,_PyJIT_Entry
10669789.0,3717230,python,python,PyObject_Free
10663564.0,3717250,python,python,__aarch64_cas1_acq_rel
10655402.0,3717250,python,python,_PyLong_FromMedium
10640522.0,3717250,python,python,sre_ucs1_match
10627407.0,3717250,python,python,unicode_decode_utf8.part.0
10497214.0,3717250,python,[kernel.kallsyms],memblock_is_map_memory
10463413.0,3717318,python,python,ScandirIterator_iternext
10443793.0,3717493,python,[kernel.kallsyms],__kmalloc
10433696.0,3717460,python,python,_Py_NewReference
10431579.0,3717493,python,python,PyStructSequence_SetItem
10431500.0,3717250,python,[kernel.kallsyms],link_path_walk.part.0.constprop.0
10430714.0,3717460,python,[kernel.kallsyms],ext4_getattr
10430651.0,3717493,python,python,_PyJIT_Entry
10430278.0,3717460,python,python,long_dealloc
10429561.0,3717230,python,[kernel.kallsyms],ext4_getattr
10428798.0,3717493,python,python,_Py_NewReference
10428353.0,3717230,python,python,_PyArg_UnpackKeywords
10426708.0,3717230,python,python,_PyEval_Vector
10420505.0,3717318,python,python,tuple_dealloc
10414841.0,3717460,python,python,tuple_dealloc
10400924.0,3717493,python,python,PyLong_FromLongLong
10185641.0,3717230,python,python,__aarch64_cas1_acq_rel
10182913.0,3717381,python,[kernel.kallsyms],apparmor_inode_getattr
10178457.0,3717318,python,python,_PyEval_Vector
10172080.0,3717381,python,python,tuple_dealloc
10170823.0,3717493,python,python,__aarch64_cas1_acq_rel
10164112.0,3717460,python,[kernel.kallsyms],memblock_is_map_memory
9935225.0,3717250,python,python,_PyJIT_Entry
9935140.0,3717230,python,libc.so.6,_int_malloc
9935080.0,3717230,python,python,sre_ucs1_match
9934179.0,3717230,python,python,PyStructSequence_SetItem
9932931.0,3717230,python,python,DirEntry_dealloc
9932494.0,3717230,python,python,long_dealloc
9931760.0,3717230,python,[kernel.kallsyms],strncpy_from_user
9924134.0,3717381,python,python,clear_slots
9920807.0,3717250,python,libc.so.6,__GI___pthread_mutex_unlock_usercnt
9920548.0,3717460,python,[kernel.kallsyms],slab_update_freelist.isra.0
9906739.0,3717460,python,python,unicode_decode_utf8.part.0
9895013.0,3717230,python,python,__aarch64_ldclr8_acq_rel
9690865.0,3717318,python,python,_Py_NewReference
9687512.0,3717250,python,python,fill_time
9685730.0,3717493,python,python,sre_ucs1_match
9685529.0,3717318,python,python,clear_slots
9684984.0,3717381,python,python,_PyEval_FrameClearAndPop
9684846.0,3717230,python,python,float_dealloc
9680496.0,3717460,python,python,fill_time
9672800.0,3717250,python,[kernel.kallsyms],filldir64
9438639.0,3717250,python,python,_PyArg_UnpackKeywords
9436858.0,3717230,python,python,structseq_dealloc
9435522.0,3717318,python,python,_PyEval_FrameClearAndPop
9430907.0,3717318,python,python,unicode_decode_utf8.part.0
9419879.0,3717381,python,python,_PyArg_UnpackKeywords
9242210.0,3717493,python,[kernel.kallsyms],slab_update_freelist.isra.0
9190869.0,3717250,python,python,float_dealloc
9190346.0,3717318,python,python,__aarch64_ldclr8_acq_rel
9190005.0,3717381,python,python,sre_ucs1_match
9188670.0,3717460,python,[kernel.kallsyms],apparmor_inode_getattr
9187839.0,3717230,python,python,_PyEval_FrameClearAndPop
9186907.0,3717460,python,python,subtype_dealloc
9185490.0,3717230,python,[kernel.kallsyms],__ext4fs_dirhash
9183226.0,3717250,python,python,long_dealloc
9181477.0,3717318,python,python,PyObject_Malloc
8953750.0,3717460,python,[kernel.kallsyms],__kmalloc
8941185.0,3717318,python,python,fill_time
8940341.0,3717230,python,python,PyObject_GC_UnTrack
8940331.0,3717318,python,python,float_dealloc
8937518.0,3717230,python,python,_PyThreadState_PopFrame
8935755.0,3717460,python,python,_PyArg_UnpackKeywords
8935530.0,3717493,python,[kernel.kallsyms],ext4_htree_store_dirent
8879514.0,3717381,python,[kernel.kallsyms],filldir64
8704932.0,3717381,python,[kernel.kallsyms],slab_update_freelist.isra.0
8698599.0,3717318,python,[kernel.kallsyms],__kmalloc
8693159.0,3717381,python,[kernel.kallsyms],generic_permission
8692597.0,3717493,python,python,_PyArg_UnpackKeywords
8691986.0,3717381,python,python,PyObject_GC_UnTrack
8690680.0,3717493,python,python,_PyEval_FrameClearAndPop
8690518.0,3717460,python,python,PyObject_GC_UnTrack
8689031.0,3717318,python,python,structseq_dealloc
8682388.0,3717381,python,libc.so.6,__GI___pthread_mutex_unlock_usercnt
8679197.0,3717250,python,python,_PyEval_Vector
8650630.0,3717250,python,python,_PyThreadState_PopFrame
8646075.0,3717460,python,python,_PyEval_Vector
8444272.0,3717318,python,python,subtype_dealloc
8444264.0,3717318,python,python,long_dealloc
8444222.0,3717250,python,[kernel.kallsyms],make_vfsuid
8443440.0,3717381,python,python,_Py_VectorCall_StackRefSteal
8442508.0,3717318,python,[kernel.kallsyms],step_into
8440711.0,3717230,python,python,PyObject_Malloc
8424858.0,3717460,python,[kernel.kallsyms],__legitimize_mnt
8397124.0,3717381,python,libc.so.6,_int_malloc
8252215.0,3717460,python,python,__aarch64_cas1_acq_rel
8210576.0,3717250,python,[kernel.kallsyms],slab_update_freelist.isra.0
8210374.0,3717493,python,python,_PyEval_Vector
8206726.0,3717230,python,[kernel.kallsyms],slab_update_freelist.isra.0
8196170.0,3717460,python,python,PyStructSequence_SetItem
8195872.0,3717250,python,[kernel.kallsyms],apparmor_inode_getattr
8195671.0,3717493,python,[kernel.kallsyms],make_vfsuid
8194457.0,3717460,python,python,_Py_VectorCall_StackRefSteal
8192745.0,3717460,python,python,structseq_dealloc
8179051.0,3717460,python,libc.so.6,_int_malloc
8168500.0,3717250,python,python,PyObject_Free
7952140.0,3717381,python,python,_PyThreadState_Attach
7948842.0,3717493,python,python,long_dealloc
7948333.0,3717250,python,python,os_stat
7947718.0,3717493,python,python,float_dealloc
7947346.0,3717460,python,python,_PyLong_FromMedium
7947025.0,3717493,python,python,unicodekeys_lookup_unicode
7946232.0,3717381,python,python,_PyLong_FromMedium
7945916.0,3717230,python,python,path_converter
7943466.0,3717230,python,python,tuple_alloc
7942085.0,3717318,python,python,PyStructSequence_SetItem
7913959.0,3717230,python,libc.so.6,__aarch64_cas4_acq
7728784.0,3717250,python,[kernel.kallsyms],__kmalloc
7700273.0,3717250,python,[kernel.kallsyms],strncpy_from_user
7699729.0,3717318,python,python,sre_ucs1_match
7699629.0,3717250,python,[kernel.kallsyms],ext4_getattr
7699527.0,3717250,python,[kernel.kallsyms],common_perm_cond
7696924.0,3717493,python,python,PyObject_GC_UnTrack
7694308.0,3717250,python,[kernel.kallsyms],mntput_no_expire
7684865.0,3717381,python,[kernel.kallsyms],memblock_is_map_memory
7680666.0,3717493,python,libc.so.6,__strlen_asimd
7680617.0,3717493,python,[kernel.kallsyms],check_heap_object
7680568.0,3717318,python,[kernel.kallsyms],__legitimize_mnt
7677389.0,3717381,python,python,_PyEval_Vector
7666971.0,3717250,python,[kernel.kallsyms],__ext4fs_dirhash
7664297.0,3717250,python,python,PyObject_Malloc
7663143.0,3717493,python,libc.so.6,_int_malloc
7660589.0,3717230,python,[kernel.kallsyms],generic_permission
7457798.0,3717381,python,python,PyObject_Malloc
7451171.0,3717318,python,[kernel.kallsyms],make_vfsuid
7451123.0,3717381,python,[kernel.kallsyms],__check_heap_object
7451008.0,3717460,python,python,sre_ucs1_match
7450956.0,3717493,python,python,_Py_VectorCall_StackRefSteal
7450867.0,3717318,python,python,PyObject_Free
7450746.0,3717493,python,python,fill_time
7450517.0,3717381,python,[kernel.kallsyms],step_into
7450395.0,3717318,python,python,_PyArg_UnpackKeywords
7449409.0,3717230,python,[kernel.kallsyms],getname_flags.part.0
7448489.0,3717460,python,python,os_stat
7448286.0,3717493,python,libc.so.6,__GI___pthread_mutex_unlock_usercnt
7446337.0,3717381,python,python,_PyThreadState_PopFrame
7446013.0,3717381,python,[kernel.kallsyms],str2hashbuf_unsigned
7440140.0,3717460,python,python,_pystat_fromstructstat
7431097.0,3717493,python,python,__aarch64_ldclr8_acq_rel
7417555.0,3717460,python,python,tuple_alloc
7411507.0,3717460,python,libc.so.6,pthread_cond_signal@@GLIBC_2.17
7202615.0,3717250,python,[kernel.kallsyms],__legitimize_mnt
7202523.0,3717381,python,python,path_converter
7202327.0,3717493,python,[kernel.kallsyms],ext4_getattr
7201798.0,3717250,python,python,_PyEval_FrameClearAndPop
7201068.0,3717381,python,python,unicodekeys_lookup_unicode
7200973.0,3717318,python,[kernel.kallsyms],__d_lookup_rcu
7200934.0,3717230,python,python,_Py_VectorCall_StackRefSteal
7200077.0,3717381,python,python,PyDict_GetItemWithError
7199903.0,3717381,python,[kernel.kallsyms],__arch_copy_to_user
7199333.0,3717250,python,python,subtype_dealloc
7197924.0,3717460,python,python,_PyThreadState_Attach
7195097.0,3717318,python,python,PyObject_GC_UnTrack
7195049.0,3717230,python,[kernel.kallsyms],str2hashbuf_unsigned
7192808.0,3717230,python,[kernel.kallsyms],mntput_no_expire
7184992.0,3717230,python,[kernel.kallsyms],__check_heap_object
7176860.0,3717230,python,libc.so.6,pthread_cond_signal@@GLIBC_2.17
7175500.0,3717381,python,python,tuple_alloc
7173069.0,3717460,python,[kernel.kallsyms],__ext4fs_dirhash
7163656.0,3717381,python,[kernel.kallsyms],ext4_htree_store_dirent
6960448.0,3717350,python,python,_PyObject_Malloc
6958913.0,3717250,python,python,__aarch64_ldclr8_acq_rel
6955045.0,3717318,python,python,_PyThreadState_PopFrame
6955045.0,3717250,python,[kernel.kallsyms],step_into
6954776.0,3717381,python,python,float_dealloc
6954109.0,3717381,python,python,PyObject_Free
6953949.0,3717460,python,python,path_converter
6953942.0,3717318,python,[kernel.kallsyms],strncpy_from_user
6953822.0,3717318,python,[kernel.kallsyms],ext4_getattr
6953678.0,3717381,python,python,fill_time
6953423.0,3717493,python,python,_PyThreadState_PopFrame
6951224.0,3717230,python,python,fill_time
6951090.0,3717460,python,python,_PyObject_Malloc
6945560.0,3717250,python,[kernel.kallsyms],ext4_htree_store_dirent
6935393.0,3717318,python,[kernel.kallsyms],__slab_free
6929200.0,3717250,python,[kernel.kallsyms],call_filldir
6897196.0,3717230,python,[kernel.kallsyms],__kmalloc
6719691.0,3717460,python,python,__aarch64_ldclr8_acq_rel
6718190.0,3717460,python,python,PyUnicode_New.part.0
6706493.0,3717250,python,python,_Py_VectorCall_StackRefSteal
6705912.0,3717381,python,python,PyStructSequence_SetItem
6705625.0,3717250,python,python,_PyObject_Call_Prepend
6705416.0,3717460,python,[kernel.kallsyms],step_into
6704944.0,3717230,python,[kernel.kallsyms],step_into
6704534.0,3717230,python,[kernel.kallsyms],vfs_statx
6704460.0,3717230,python,[kernel.kallsyms],make_vfsuid
6703804.0,3717230,python,[kernel.kallsyms],security_inode_permission
6703487.0,3717230,python,python,PyDict_New
6701312.0,3717460,python,python,PyObject_Malloc
6696281.0,3717460,python,python,_PyThreadState_PopFrame
6693245.0,3717250,python,python,_Py_dict_lookup
6691443.0,3717250,python,python,_PyType_GetDict
6684620.0,3717250,python,[kernel.kallsyms],__arch_copy_to_user
6674491.0,3717230,python,python,_PyObject_Call_Prepend
6671108.0,3717493,python,python,_PyLong_FromMedium
6608592.0,3717381,python,[kernel.kallsyms],__ext4_check_dir_entry
6476419.0,3717318,python,[kernel.kallsyms],slab_update_freelist.isra.0
6472516.0,3717318,python,[kernel.kallsyms],__check_heap_object
6458290.0,3717318,python,[kernel.kallsyms],ext4_htree_store_dirent
6458146.0,3717250,python,python,_pystat_fromstructstat
6458037.0,3717318,python,libc.so.6,_int_malloc
6457598.0,3717381,python,python,os_stat
6457415.0,3717318,python,[kernel.kallsyms],common_perm_cond
6457319.0,3717318,python,python,_PyLong_FromMedium
6457180.0,3717460,python,[kernel.kallsyms],make_vfsuid
6457179.0,3717318,python,[kernel.kallsyms],ext4_file_getattr
6457165.0,3717493,python,python,_Py_dict_lookup
6457028.0,3717381,python,python,_PyObject_Malloc
6457011.0,3717493,python,[kernel.kallsyms],step_into
6456990.0,3717381,python,python,subtype_dealloc
6456919.0,3717230,python,python,os_stat
6455920.0,3717230,python,python,_PyType_LookupStackRefAndVersion
6452591.0,3717230,python,python,_PyLong_FromMedium
6450955.0,3717493,python,python,_PyThreadState_PushFrame
6450636.0,3717250,python,python,_PyThreadState_PushFrame
6446309.0,3717460,python,python,DirEntry_dealloc
6444306.0,3717230,python,python,_pystat_fromstructstat
6434685.0,3717493,python,[kernel.kallsyms],str2hashbuf_unsigned
6215580.0,3717493,python,python,PyObject_Malloc
6213902.0,3717460,python,[kernel.kallsyms],kfree
6209580.0,3717250,python,python,PyDict_GetItemWithError
6209142.0,3717460,python,[kernel.kallsyms],call_filldir
6208856.0,3717318,python,[kernel.kallsyms],generic_permission
6208441.0,3717381,python,python,slot_tp_init
6208139.0,3717230,python,[kernel.kallsyms],__arch_copy_to_user
6207654.0,3717493,python,[kernel.kallsyms],__d_lookup_rcu
6201981.0,3717318,python,python,_Py_dict_lookup
6201213.0,3717381,python,python,list_dealloc
6187252.0,3717460,python,python,_PyFunction_Vectorcall
6156093.0,3717381,python,[kernel.kallsyms],ext4_getattr
6010402.0,3717318,python,[kernel.kallsyms],rb_insert_color
5968269.0,3717250,python,[kernel.kallsyms],check_heap_object
5966572.0,3717493,python,python,_PyMember_GetOffset
5965169.0,3717381,python,python,__aarch64_ldclr8_acq_rel
5962318.0,3717460,python,libc.so.6,__aarch64_swp4_rel
5961551.0,3717381,python,python,_pystat_fromstructstat
5961463.0,3717250,python,python,_PyMember_GetOffset
5961084.0,3717381,python,[kernel.kallsyms],lockref_put_return
5961040.0,3717250,python,python,_PyType_LookupStackRefAndVersion
5961030.0,3717460,python,[kernel.kallsyms],rb_insert_color
5961030.0,3717493,python,[kernel.kallsyms],walk_component
5960986.0,3717318,python,python,path_converter
5960778.0,3717318,python,[kernel.kallsyms],set_root
5960738.0,3717493,python,[kernel.kallsyms],strncpy_from_user
5960561.0,3717318,python,[kernel.kallsyms],putname
5960482.0,3717318,python,[kernel.kallsyms],mntput_no_expire
5960414.0,3717381,python,[kernel.kallsyms],putname
5960135.0,3717230,python,python,PyDict_GetItemWithError
5959475.0,3717230,python,python,_PyMember_GetOffset
5958581.0,3717381,python,[kernel.kallsyms],__ext4fs_dirhash
5958443.0,3717381,python,python,DirEntry_dealloc
5942384.0,3717318,python,[kernel.kallsyms],generic_fillattr
5936270.0,3717493,python,python,PyDict_GetItemWithError
5925470.0,3717250,python,python,PyUnicode_New.part.0
5724694.0,3717318,python,[kernel.kallsyms],__ext4fs_dirhash
5713692.0,3717250,python,libc.so.6,pthread_cond_signal@@GLIBC_2.17
5713021.0,3717318,python,python,_PyType_LookupStackRefAndVersion
5712839.0,3717250,python,python,PyStructSequence_SetItem
5712702.0,3717250,python,[kernel.kallsyms],__check_object_size.part.0
5712689.0,3717318,python,[kernel.kallsyms],str2hashbuf_unsigned
5712440.0,3717493,python,[kernel.kallsyms],generic_permission
5712367.0,3717493,python,libc.so.6,pthread_cond_signal@@GLIBC_2.17
5712310.0,3717493,python,python,PyObject_GC_Del
5712192.0,3717250,python,python,unicodekeys_lookup_unicode
5711973.0,3717460,python,python,PyObject_Free
5711740.0,3717230,python,python,drop_gil
5711721.0,3717318,python,python,_PyThreadState_PushFrame
5711635.0,3717250,python,python,_PyTuple_FromStackRefStealOnSuccess
5711575.0,3717493,python,[kernel.kallsyms],mntput_no_expire
5711493.0,3717381,python,python,_Py_dict_lookup
5711285.0,3717230,python,libc.so.6,__aarch64_swp4_rel
5710589.0,3717493,python,[kernel.kallsyms],kfree
5710200.0,3717318,python,python,_PyType_GetDict
5704523.0,3717250,python,libc.so.6,_int_malloc
5703431.0,3717318,python,python,_PyTuple_FromStackRefStealOnSuccess
5702577.0,3717250,python,python,PyObject_GC_UnTrack
5698645.0,3717493,python,python,slot_tp_init
5697617.0,3717318,python,libc.so.6,__strlen_asimd
5686547.0,3717230,python,python,unicodekeys_lookup_unicode
5685988.0,3717460,python,[kernel.kallsyms],ext4_htree_store_dirent
5587216.0,3717493,python,python,_PyTuple_FromStackRefStealOnSuccess
5474938.0,3717250,python,libc.so.6,__strlen_asimd
5464914.0,3717381,python,[kernel.kallsyms],strncpy_from_user
5464815.0,3717230,python,python,_PyFunction_Vectorcall
5464518.0,3717381,python,python,_Py_CheckFunctionResult
5464361.0,3717381,python,python,tp_new_wrapper
5464287.0,3717318,python,libc.so.6,__errno_location
5464251.0,3717250,python,[kernel.kallsyms],cp_new_stat
5464153.0,3717381,python,[kernel.kallsyms],__legitimize_mnt
5464140.0,3717493,python,[kernel.kallsyms],inode_permission
5463864.0,3717230,python,python,_PyThreadState_Attach
5463853.0,3717230,python,[kernel.kallsyms],rb_insert_color
5463747.0,3717460,python,[kernel.kallsyms],__arch_copy_to_user
5463684.0,3717493,python,python,DirEntry_dealloc
5463610.0,3717230,python,libc.so.6,__errno_location
5463467.0,3717460,python,[kernel.kallsyms],__d_lookup_rcu
5463432.0,3717250,python,python,_PyObject_Free
5462914.0,3717460,python,python,_PyMember_GetOffset
5462899.0,3717460,python,python,_Py_BuiltinCallFastWithKeywords_StackRef
5462859.0,3717230,python,[kernel.kallsyms],common_perm_cond
5461650.0,3717250,python,libc.so.6,__memcpy_generic
5461391.0,3717493,python,python,posix_do_stat.isra.0
5459738.0,3717230,python,[kernel.kallsyms],call_filldir
5458118.0,3717493,python,[kernel.kallsyms],generic_fillattr
5456962.0,3717460,python,libc.so.6,__strlen_asimd
5447869.0,3717460,python,libc.so.6,pthread_mutex_unlock@@GLIBC_2.17
5446992.0,3717230,python,python,tp_new_wrapper
5442564.0,3717381,python,python,_PyObject_Free
5441668.0,3717493,python,[kernel.kallsyms],__slab_free
5427829.0,3717318,python,python,PyDict_GetItemWithError
5426709.0,3717493,python,[kernel.kallsyms],call_filldir
5420717.0,3717460,python,[kernel.kallsyms],str2hashbuf_unsigned
5398928.0,3717230,python,[kernel.kallsyms],__check_object_size.part.0
5223584.0,3717493,python,[kernel.kallsyms],__ext4fs_dirhash
5218446.0,3717381,python,[kernel.kallsyms],kfree
5217479.0,3717318,python,python,PyUnicode_New.part.0
5216055.0,3717318,python,python,PyDict_GetItemRef
5215963.0,3717250,python,[kernel.kallsyms],kmem_cache_free
5215906.0,3717250,python,[kernel.kallsyms],set_root
5215902.0,3717250,python,[kernel.kallsyms],__slab_free
5215879.0,3717250,python,python,list_dealloc
5215740.0,3717250,python,[kernel.kallsyms],__d_lookup_rcu
5215433.0,3717381,python,[kernel.kallsyms],set_root
5215389.0,3717460,python,python,PyObject_GC_Del
5215107.0,3717350,python,[kernel.kallsyms],__d_lookup_rcu
5214901.0,3717230,python,[kernel.kallsyms],do_el0_svc
5214812.0,3717230,python,python,PyObject_GC_Del
5214702.0,3717230,python,python,list_dealloc
5214668.0,3717230,python,python,subtype_dealloc
5214636.0,3717230,python,[kernel.kallsyms],invoke_syscall
5214573.0,3717460,python,[kernel.kallsyms],mntput_no_expire
5214303.0,3717230,python,[kernel.kallsyms],putname
5212848.0,3717493,python,libc.so.6,strcpy
5212634.0,3717460,python,[kernel.kallsyms],__check_object_size.part.0
5210443.0,3717250,python,python,_PyObject_VectorcallDictTstate
5209003.0,3717250,python,python,PyMem_Free
5207870.0,3717230,python,[kernel.kallsyms],pfn_is_map_memory
5200504.0,3717230,python,[kernel.kallsyms],check_heap_object
5199411.0,3717318,python,[kernel.kallsyms],__check_object_size.part.0
5197679.0,3717493,python,[kernel.kallsyms],__ext4_check_dir_entry
5194362.0,3717381,python,python,_PyThreadState_PushFrame
5189266.0,3717381,python,[kernel.kallsyms],call_filldir
5188581.0,3717493,python,python,_PyFunction_Vectorcall
4999487.0,3717381,python,[kernel.kallsyms],__check_object_size.part.0
4968084.0,3717381,python,python,_PyType_LookupStackRefAndVersion
4967838.0,3717381,python,libc.so.6,pthread_cond_signal@@GLIBC_2.17
4967735.0,3717381,python,[kernel.kallsyms],common_perm_cond
4967598.0,3717250,python,[kernel.kallsyms],getname_flags.part.0
4967539.0,3717381,python,[kernel.kallsyms],cp_new_stat
4967446.0,3717318,python,[kernel.kallsyms],vfs_getattr_nosec
4967412.0,3717318,python,python,PyLong_AsSsize_t
4967313.0,3717381,python,python,posix_do_stat.isra.0
4967296.0,3717250,python,python,DirEntry_dealloc
4967256.0,3717381,python,[kernel.kallsyms],__slab_free
4967172.0,3717318,python,python,os_stat
4967120.0,3717460,python,[kernel.kallsyms],lookup_fast
4967097.0,3717318,python,python,PyLong_FromUnsignedLong
4967061.0,3717230,python,[kernel.kallsyms],lockref_get_not_dead
4966863.0,3717318,python,python,PyList_New.constprop.0
4966844.0,3717460,python,python,float_dealloc
4966734.0,3717460,python,python,list_dealloc
4966600.0,3717460,python,[kernel.kallsyms],path_init
4966596.0,3717230,python,[kernel.kallsyms],inode_permission
4966413.0,3717230,python,python,_Py_dict_lookup
4966241.0,3717250,python,[kernel.kallsyms],generic_permission
4966099.0,3717230,python,python,PyLong_AsSsize_t
4965929.0,3717250,python,python,tuple_alloc
4965825.0,3717230,python,python,_PyThreadState_PushFrame
4965808.0,3717250,python,python,slot_tp_init
4965611.0,3717318,python,libc.so.6,pthread_mutex_unlock@@GLIBC_2.17
4964872.0,3717460,python,[kernel.kallsyms],__check_heap_object
4964506.0,3717230,python,[kernel.kallsyms],filename_lookup
4964415.0,3717381,python,python,PyUnicode_New.part.0
4964267.0,3717460,python,libc.so.6,__memcpy_generic
4963852.0,3717381,python,[kernel.kallsyms],lookup_fast
4960891.0,3717460,python,[kernel.kallsyms],generic_permission
4958094.0,3717318,python,libc.so.6,pthread_cond_signal@@GLIBC_2.17
4957523.0,3717493,python,python,_Py_BuiltinCallFastWithKeywords_StackRef
4956100.0,3717460,python,[kernel.kallsyms],putname
4952284.0,3717230,python,python,PyObject_Call
4948088.0,3717493,python,[kernel.kallsyms],vfs_statx
4947571.0,3717460,python,[kernel.kallsyms],check_heap_object
4941600.0,3717460,python,[kernel.kallsyms],lockref_get_not_dead
4911859.0,3717381,python,libc.so.6,__aarch64_cas4_acq
4842287.0,3717493,python,libc.so.6,__aarch64_cas4_acq
4729768.0,3717230,python,libc.so.6,__strlen_asimd
4729131.0,3717250,python,[kernel.kallsyms],__ext4_check_dir_entry
4719846.0,3717318,python,python,tuple_alloc
4719523.0,3717318,python,python,_PyMember_GetOffset
4719305.0,3717381,python,[kernel.kallsyms],security_inode_permission
4719302.0,3717250,python,libc.so.6,__errno_location
4719169.0,3717460,python,[kernel.kallsyms],vfs_fstatat
4719103.0,3717493,python,python,PyObject_Free
4718999.0,3717318,python,python,list_dealloc
4718993.0,3717318,python,python,_Py_VectorCall_StackRefSteal
4718872.0,3717250,python,python,path_converter
4718733.0,3717493,python,python,subtype_dealloc
4718652.0,3717460,python,[kernel.kallsyms],lockref_put_return
4718559.0,3717460,python,python,_Py_dict_lookup
4718447.0,3717460,python,[kernel.kallsyms],common_perm_cond
4718392.0,3717230,python,[kernel.kallsyms],lockref_put_return
4718284.0,3717460,python,python,unicodekeys_lookup_unicode
4718260.0,3717230,python,python,_PyObject_VectorcallPrepend
4717918.0,3717230,python,python,_Py_CheckFunctionResult
4717908.0,3717460,python,python,_PyThreadState_PushFrame
4717684.0,3717381,python,python,_PyType_AllocNoTrack
4717488.0,3717460,python,python,drop_gil
4716958.0,3717460,python,python,_PyObject_VectorcallDictTstate
4716396.0,3717460,python,libc.so.6,__aarch64_cas4_acq
4714998.0,3717460,python,[kernel.kallsyms],__slab_free
4714444.0,3717250,python,[kernel.kallsyms],str2hashbuf_unsigned
4712677.0,3717230,python,libc.so.6,strcpy
4709980.0,3717318,python,[kernel.kallsyms],__arch_copy_to_user
4708264.0,3717381,python,libc.so.6,__memcpy_generic
4700583.0,3717318,python,python,tp_new_wrapper
4699844.0,3717250,python,python,tp_new_wrapper
4698354.0,3717230,python,[kernel.kallsyms],__slab_free
4693999.0,3717250,python,python,_PyObject_Malloc
4691352.0,3717250,python,libc.so.6,__aarch64_cas4_acq
4690778.0,3717230,python,[kernel.kallsyms],__ext4_check_dir_entry
4539839.0,3717493,python,python,tuple_alloc
4488290.0,3717493,python,python,_PyThreadState_Attach
4471555.0,3717318,python,libc.so.6,strcpy
4470947.0,3717460,python,[kernel.kallsyms],strncpy_from_user
4470788.0,3717493,python,libc.so.6,pthread_mutex_unlock@@GLIBC_2.17
4470779.0,3717493,python,[kernel.kallsyms],invoke_syscall
4470665.0,3717493,python,[kernel.kallsyms],map_id_up
4470609.0,3717350,python,python,_PyObject_Free
4470479.0,3717460,python,[kernel.kallsyms],inode_permission
4470471.0,3717230,python,libc.so.6,pthread_mutex_unlock@@GLIBC_2.17
4470469.0,3717460,python,[kernel.kallsyms],map_id_up
4470355.0,3717381,python,[kernel.kallsyms],__d_lookup_rcu
4470354.0,3717318,python,[kernel.kallsyms],cp_new_stat
4470334.0,3717230,python,python,_PyTuple_FromStackRefStealOnSuccess
4470316.0,3717381,python,[kernel.kallsyms],check_heap_object
4470106.0,3717381,python,[kernel.kallsyms],el0_svc
4470006.0,3717230,python,[kernel.kallsyms],map_id_up
4469926.0,3717493,python,python,list_dealloc
4469886.0,3717460,python,python,PyMethod_New
4469874.0,3717460,python,[kernel.kallsyms],generic_fillattr
4469747.0,3717230,python,[kernel.kallsyms],cp_new_stat
4469287.0,3717318,python,python,_PyObject_Free
4469233.0,3717493,python,python,_PyObject_Free
4467107.0,3717250,python,python,_PyThreadState_Attach
4466530.0,3717230,python,python,PyUnicode_New.part.0
4465666.0,3717493,python,python,_Py_type_getattro_stackref
4465255.0,3717318,python,python,_PyObject_Call_Prepend
4463681.0,3717318,python,python,unicodekeys_lookup_unicode
4457247.0,3717381,python,python,PyList_New.constprop.0
4455184.0,3717381,python,python,_PyMember_GetOffset
4455107.0,3717230,python,python,_Py_BuiltinCallFastWithKeywords_StackRef
4454029.0,3717230,python,python,PyMem_Free
4453219.0,3717318,python,python,_PyType_AllocNoTrack
4451315.0,3717381,python,[kernel.kallsyms],make_vfsuid
4445178.0,3717318,python,[kernel.kallsyms],check_heap_object
4443647.0,3717318,python,python,PyMem_Free
4244932.0,3717318,python,python,PyEval_SaveThread
4226614.0,3717318,python,[kernel.kallsyms],call_filldir
4222674.0,3717318,python,[kernel.kallsyms],vfs_statx
4222664.0,3717381,python,[kernel.kallsyms],mntput_no_expire
4222661.0,3717381,python,[kernel.kallsyms],map_id_up
4222644.0,3717381,python,[kernel.kallsyms],get_cached_acl_rcu
4222532.0,3717493,python,python,_sre_SRE_Pattern_prefixmatch
4222515.0,3717250,python,python,PyLong_AsSsize_t
4222506.0,3717381,python,[kernel.kallsyms],walk_component
4222474.0,3717381,python,[kernel.kallsyms],inode_permission
4222445.0,3717381,python,libc.so.6,__strlen_asimd
4222377.0,3717460,python,python,PyDict_GetItemWithError
4222373.0,3717493,python,python,method_dealloc
4222315.0,3717381,python,python,PyObject_GC_Del
4222229.0,3717493,python,python,PyLong_AsSsize_t
4222179.0,3717250,python,python,PyDict_GetItemRef
4222131.0,3717318,python,[kernel.kallsyms],inode_permission
4222102.0,3717493,python,python,_pystat_fromstructstat
4222075.0,3717318,python,python,posix_do_stat.isra.0
4222070.0,3717493,python,python,path_converter
4222038.0,3717493,python,[kernel.kallsyms],__check_heap_object
4221953.0,3717318,python,[kernel.kallsyms],getname_flags.part.0
4221837.0,3717460,python,python,_PyType_LookupStackRefAndVersion
4221814.0,3717318,python,[kernel.kallsyms],invoke_syscall
4221795.0,3717460,python,[kernel.kallsyms],getname_flags.part.0
4221790.0,3717460,python,[kernel.kallsyms],walk_component
4221681.0,3717460,python,[kernel.kallsyms],ext4_file_getattr
4221664.0,3717493,python,python,_PyType_LookupStackRefAndVersion
4221624.0,3717230,python,python,slot_tp_init
4221377.0,3717493,python,python,_PyObject_Malloc
4221213.0,3717318,python,python,unicode_dealloc
4221168.0,3717230,python,[kernel.kallsyms],vfs_getattr_nosec
4220876.0,3717230,python,python,_PyStaticType_GetState
4217060.0,3717460,python,python,tp_new_wrapper
4217029.0,3717381,python,python,subtype_traverse
4216902.0,3717460,python,[kernel.kallsyms],__ext4_check_dir_entry
4208977.0,3717381,python,[kernel.kallsyms],vfs_getattr_nosec
4198968.0,3717493,python,python,os_stat
3979316.0,3717230,python,[kernel.kallsyms],__check_object_size
3978823.0,3717250,python,libc.so.6,pthread_mutex_unlock@@GLIBC_2.17
3975530.0,3717493,python,python,_PyObject_Call_Prepend
3974354.0,3717318,python,python,_PyStaticType_GetState
3974164.0,3717250,python,[kernel.kallsyms],ext4fs_dirhash
3974138.0,3717381,python,libc.so.6,__GI___stat64
3974038.0,3717250,python,[kernel.kallsyms],invoke_syscall
3973910.0,3717230,python,python,_sre_SRE_Pattern_prefixmatch
3973874.0,3717318,python,[kernel.kallsyms],map_id_up
3973873.0,3717250,python,[kernel.kallsyms],lookup_fast
3973871.0,3717381,python,libc.so.6,__aarch64_swp4_rel
3973858.0,3717381,python,[kernel.kallsyms],vfs_statx
3973808.0,3717460,python,python,posix_do_stat.isra.0
3973790.0,3717230,python,python,_PyType_GetDict
3973764.0,3717318,python,[kernel.kallsyms],lockref_put_return
3973741.0,3717381,python,[kernel.kallsyms],invoke_syscall
3973660.0,3717493,python,[kernel.kallsyms],__check_object_size.part.0
3973657.0,3717250,python,[kernel.kallsyms],lockref_get_not_dead
3973630.0,3717493,python,python,PyDict_GetItemRef
3973579.0,3717493,python,[kernel.kallsyms],putname
3973530.0,3717230,python,[kernel.kallsyms],__do_sys_newfstatat
3973495.0,3717230,python,python,PyDict_GetItemRef
3973493.0,3717230,python,python,PyType_IsSubtype
3973457.0,3717460,python,libc.so.6,__errno_location
3973428.0,3717460,python,python,_PyObject_Call_Prepend
3973291.0,3717460,python,python,_Py_CheckFunctionResult
3973102.0,3717230,python,python,_PyObject_LookupSpecial
3972964.0,3717493,python,python,tp_new_wrapper
3972760.0,3717230,python,python,PyMethod_New
3972596.0,3717493,python,python,PyObject_Call
3972509.0,3717381,python,python,_PyObject_Call_Prepend
3972330.0,3717250,python,python,_PyFunction_Vectorcall
3971770.0,3717230,python,python,_Py_type_getattro_stackref
3971536.0,3717381,python,python,drop_gil
3970746.0,3717250,python,python,_Py_BuiltinCallFastWithKeywords_StackRef
3964087.0,3717381,python,python,PyLong_AsSsize_t
3962837.0,3717493,python,python,_PyType_AllocNoTrack
3961312.0,3717381,python,[kernel.kallsyms],path_init
3960040.0,3717493,python,python,PyDict_New
3958100.0,3717318,python,libc.so.6,__GI___stat64
3947030.0,3717381,python,[kernel.kallsyms],__kmalloc
3946480.0,3717318,python,[kernel.kallsyms],path_lookupat
3925132.0,3717493,python,[kernel.kallsyms],set_root
3784997.0,3717493,python,[kernel.kallsyms],__update_cpu_freelist_fast
3762552.0,3717318,python,[kernel.kallsyms],__update_cpu_freelist_fast
3741023.0,3717250,python,python,find_first_nonascii
3729334.0,3717460,python,libc.so.6,strcpy
3727312.0,3717381,python,python,PyEval_SaveThread
3726307.0,3717250,python,python,PyObject_GC_Del
3726158.0,3717250,python,[kernel.kallsyms],putname
3726134.0,3717381,python,python,PyObject_IsInstance
3726133.0,3717381,python,python,_PyThreadState_Detach
3725835.0,3717493,python,[kernel.kallsyms],getname_flags.part.0
3725822.0,3717250,python,python,PyFloat_FromDouble
3725767.0,3717250,python,python,_PyType_AllocNoTrack
3725665.0,3717493,python,python,PyThread_get_thread_ident
3725617.0,3717460,python,python,_PyObject_Free
3725580.0,3717250,python,[kernel.kallsyms],inode_permission
3725463.0,3717493,python,python,gc_collect_main
3725417.0,3717460,python,python,PyDict_GetItemRef
3725342.0,3717381,python,[kernel.kallsyms],ext4_dx_readdir
3725327.0,3717460,python,[kernel.kallsyms],cp_new_stat
3725272.0,3717493,python,[kernel.kallsyms],path_init
3725270.0,3717493,python,python,PyLong_FromUnsignedLong
3725270.0,3717493,python,[kernel.kallsyms],lookup_fast
3725210.0,3717493,python,[kernel.kallsyms],kmem_cache_free
3725016.0,3717230,python,[kernel.kallsyms],vfs_fstatat
3725015.0,3717230,python,python,posix_do_stat.isra.0
3724972.0,3717230,python,libc.so.6,__memcpy_generic
3724954.0,3717381,python,python,_PyObject_VectorcallDictTstate
3724938.0,3717381,python,python,PyMethod_New
3724894.0,3717460,python,python,PyLong_AsSsize_t
3724668.0,3717230,python,python,PyList_New.constprop.0
3723992.0,3717230,python,python,_PyType_AllocNoTrack
3723673.0,3717250,python,python,_PyThreadState_Detach
3723558.0,3717493,python,python,_PyTypeCache_Lookup
3723541.0,3717250,python,[kernel.kallsyms],__check_object_size
3722723.0,3717250,python,[kernel.kallsyms],rb_insert_color
3721420.0,3717381,python,python,_PyFunction_Vectorcall
3719845.0,3717230,python,python,find_first_nonascii
3715966.0,3717250,python,python,drop_gil
3713314.0,3717381,python,python,PyDict_New
3710033.0,3717493,python,[kernel.kallsyms],pfn_is_map_memory
3701040.0,3717493,python,python,PyUnicode_New.part.0
3691151.0,3717381,python,python,_PyObject_VectorcallPrepend
3681715.0,3717230,python,[kernel.kallsyms],kfree
3483542.0,3717250,python,python,_PyTypeCache_Lookup
3478159.0,3717318,python,python,_PyObject_GenericGetAttrWithDict
3477759.0,3717381,python,python,PyMem_Free
3477514.0,3717381,python,libc.so.6,pthread_mutex_unlock@@GLIBC_2.17
3477430.0,3717250,python,python,_Py_CheckFunctionResult
3477406.0,3717318,python,python,_pystat_fromstructstat
3477403.0,3717250,python,[kernel.kallsyms],ext4_file_getattr
3477371.0,3717318,python,libc.so.6,__memset_zva64
3477329.0,3717493,python,libc.so.6,__errno_location
3477296.0,3717318,python,[kernel.kallsyms],walk_component
3477268.0,3717250,python,[kernel.kallsyms],map_id_up
3477257.0,3717493,python,python,PyMem_Free
3477250.0,3717318,python,python,_Py_type_getattro_stackref
3477197.0,3717493,python,[kernel.kallsyms],common_perm_cond
3477179.0,3717493,python,python,PyMethod_New
3477148.0,3717318,python,[kernel.kallsyms],vfs_fstatat
3477128.0,3717230,python,[kernel.kallsyms],htree_dirblock_to_tree
3477097.0,3717318,python,[kernel.kallsyms],lockref_get_not_dead
3477080.0,3717460,python,[kernel.kallsyms],set_root
3477066.0,3717250,python,[kernel.kallsyms],walk_component
3477021.0,3717318,python,python,PyMethod_New
3477015.0,3717493,python,[kernel.kallsyms],__arch_copy_to_user
3476957.0,3717460,python,python,PyMem_Free
3476946.0,3717318,python,[kernel.kallsyms],filename_lookup
3476914.0,3717230,python,[kernel.kallsyms],kmem_cache_free
3476897.0,3717318,python,python,PyFloat_FromDouble
3476892.0,3717493,python,libc.so.6,__aarch64_swp4_rel
3476856.0,3717460,python,libc.so.6,__memset_zva64
3476793.0,3717460,python,[kernel.kallsyms],el0_svc
3476768.0,3717493,python,[kernel.kallsyms],security_inode_getattr
3476734.0,3717460,python,python,PyEval_SaveThread
3476725.0,3717460,python,[kernel.kallsyms],vfs_getattr_nosec
3476685.0,3717381,python,[kernel.kallsyms],filename_lookup
3476646.0,3717230,python,[kernel.kallsyms],generic_fillattr
3476645.0,3717460,python,python,_PyTuple_FromStackRefStealOnSuccess
3476633.0,3717230,python,[kernel.kallsyms],fast_dput
3476631.0,3717318,python,[kernel.kallsyms],el0_svc
3476496.0,3717318,python,python,_PyUnicode_Equal
3476480.0,3717230,python,python,PyLong_FromUnsignedLong
3476463.0,3717230,python,python,unicode_dealloc
3476232.0,3717230,python,[kernel.kallsyms],set_root
3473101.0,3717493,python,python,_Py_CheckFunctionResult
3472795.0,3717318,python,python,drop_gil
3471207.0,3717381,python,[kernel.kallsyms],htree_dirblock_to_tree
3468507.0,3717493,python,python,PyEval_SaveThread
3463333.0,3717460,python,[kernel.kallsyms],htree_dirblock_to_tree
3459642.0,3717381,python,python,PyObject_Call
3459517.0,3717230,python,[kernel.kallsyms],ext4fs_dirhash
3455630.0,3717460,python,python,_PyObject_VectorcallPrepend
3452141.0,3717250,python,python,subtype_traverse
3449319.0,3717460,python,[kernel.kallsyms],__update_cpu_freelist_fast
3445700.0,3717381,python,python,_Py_type_getattro_stackref
3429646.0,3717250,python,libc.so.6,strcpy
3420041.0,3717250,python,python,_PyThreadState_MustExit
3230855.0,3717250,python,python,_PyStaticType_GetState
3230378.0,3717381,python,python,_PyStaticType_GetState
3229551.0,3717318,python,[kernel.kallsyms],kfree
3229282.0,3717250,python,[kernel.kallsyms],__begin_current_label_crit_section
3229241.0,3717318,python,libc.so.6,__aarch64_cas4_acq
3229204.0,3717318,python,[kernel.kallsyms],security_inode_permission
3229131.0,3717318,python,python,_PyObject_VectorcallPrepend
3229098.0,3717250,python,python,_Py_type_getattro_stackref
3229080.0,3717318,python,python,_sre_SRE_Pattern_prefixmatch
3228946.0,3717318,python,[kernel.kallsyms],__ext4_check_dir_entry
3228934.0,3717381,python,python,_PyType_GetDict
3228931.0,3717250,python,python,PyDict_New
3228930.0,3717318,python,python,PyObject_GetOptionalAttr
3228902.0,3717250,python,[kernel.kallsyms],lockref_put_return
3228833.0,3717318,python,python,_PyObject_Malloc
3228805.0,3717460,python,python,_sre_SRE_Pattern_prefixmatch
3228690.0,3717318,python,python,_PyThreadState_Detach
3228662.0,3717318,python,python,slot_tp_init
3228658.0,3717460,python,python,_PyStaticType_GetState
3228636.0,3717381,python,[kernel.kallsyms],__update_cpu_freelist_fast
3228629.0,3717460,python,python,_PyThreadState_MustExit
3228577.0,3717381,python,python,PyDict_GetItemRef
3228531.0,3717350,python,[kernel.kallsyms],el0_svc
3228513.0,3717318,python,python,method_dealloc
3228502.0,3717250,python,python,method_dealloc
3228500.0,3717318,python,python,_Py_CheckFunctionResult
3228477.0,3717381,python,[kernel.kallsyms],lockref_get_not_dead
3228458.0,3717460,python,python,PyObject_GetOptionalAttr
3228455.0,3717460,python,[kernel.kallsyms],__begin_current_label_crit_section
3228451.0,3717493,python,python,_PyObject_VectorcallPrepend
3228417.0,3717318,python,[kernel.kallsyms],lookup_fast
3228375.0,3717230,python,[kernel.kallsyms],ext4_file_getattr
3228360.0,3717460,python,[kernel.kallsyms],__arm64_sys_newfstatat
3228317.0,3717230,python,[kernel.kallsyms],get_cached_acl_rcu
3228310.0,3717493,python,python,_PyObject_VectorcallDictTstate
3228296.0,3717460,python,python,_PyFrame_ClearExceptCode
3228288.0,3717493,python,python,PyLong_FromLong
3228076.0,3717381,python,[kernel.kallsyms],ext4_file_getattr
3227979.0,3717230,python,python,PyLong_FromUnsignedLongLong
3227646.0,3717460,python,python,PyObject_IsInstance
3227233.0,3717493,python,python,_PyType_GetDict
3226109.0,3717460,python,python,PyType_IsSubtype
3225603.0,3717460,python,[kernel.kallsyms],rb_next
3222748.0,3717381,python,python,_Py_BuiltinCallFastWithKeywords_StackRef
3220803.0,3717493,python,[kernel.kallsyms],filename_lookup
3219465.0,3717250,python,python,_sre_SRE_Pattern_prefixmatch
3219136.0,3717381,python,python,_PyTuple_FromStackRefStealOnSuccess
3218620.0,3717460,python,python,PyList_New.constprop.0
3212920.0,3717493,python,[kernel.kallsyms],rb_insert_color
3212253.0,3717318,python,[kernel.kallsyms],__begin_current_label_crit_section
3211779.0,3717250,python,libc.so.6,__aarch64_swp4_rel
3198090.0,3717493,python,libc.so.6,__GI___readdir64
2981136.0,3717250,python,python,dict_dealloc
2980927.0,3717493,python,python,_PyObject_GC_NewVar
2980796.0,3717230,python,python,PyEval_SaveThread
2980734.0,3717381,python,libc.so.6,__errno_location
2980695.0,3717381,python,python,PyFloat_FromDouble
2980678.0,3717250,python,python,_PyObject_GC_Link
2980656.0,3717318,python,python,visit_decref
2980654.0,3717318,python,python,_PyObject_VectorcallDictTstate
2980614.0,3717381,python,python,_PyThreadState_MustExit
2980596.0,3717460,python,[kernel.kallsyms],vfs_statx
2980583.0,3717460,python,python,_PyType_GetDict
2980570.0,3717250,python,[kernel.kallsyms],el0_svc_common.constprop.0
2980568.0,3717250,python,python,_PyUnicode_Equal
2980458.0,3717230,python,[kernel.kallsyms],memchr
2980445.0,3717381,python,python,unicode_encode_utf8
2980429.0,3717381,python,[kernel.kallsyms],ext4fs_dirhash
2980410.0,3717250,python,[kernel.kallsyms],path_init
2980381.0,3717493,python,[kernel.kallsyms],vfs_getattr_nosec
2980363.0,3717250,python,python,posix_do_stat.isra.0
2980344.0,3717318,python,python,PyObject_GC_Del
2980341.0,3717381,python,python,method_dealloc
2980332.0,3717250,python,[kernel.kallsyms],kfree
2980326.0,3717250,python,python,PyMethod_New
2980262.0,3717493,python,[kernel.kallsyms],ext4_file_getattr
2980169.0,3717493,python,python,_PyThreadState_Detach
2980101.0,3717250,python,python,unicode_dealloc
2980087.0,3717493,python,python,object_dealloc
2980076.0,3717230,python,[kernel.kallsyms],path_lookupat
2980052.0,3717230,python,python,PyThread_get_thread_ident
2980036.0,3717230,python,[kernel.kallsyms],__begin_current_label_crit_section
2980028.0,3717460,python,python,PyLong_FromLong
2979994.0,3717318,python,python,_Py_Dealloc
2979986.0,3717230,python,python,_PyObject_VectorcallDictTstate
2979922.0,3717318,python,python,DirEntry_dealloc
2979919.0,3717318,python,python,_PyTypeCache_Lookup
2979832.0,3717230,python,[kernel.kallsyms],lookup_fast
2979817.0,3717318,python,[kernel.kallsyms],__arm64_sys_newfstatat
2979770.0,3717460,python,[kernel.kallsyms],invoke_syscall
2979681.0,3717230,python,python,_PyUnicode_Equal
2979649.0,3717318,python,[kernel.kallsyms],kmem_cache_alloc
2979445.0,3717230,python,python,PyFloat_FromDouble
2979057.0,3717250,python,python,_PyObject_GenericGetAttrWithDict
2978932.0,3717230,python,python,PyObject_IsInstance
2978471.0,3717250,python,python,PyType_GenericAlloc
2976976.0,3717381,python,python,PyThread_get_thread_ident
2976889.0,3717460,python,python,_PyThreadState_Detach
2975123.0,3717493,python,[kernel.kallsyms],ext4fs_dirhash
2974630.0,3717381,python,python,_PyTypeCache_Lookup
2974522.0,3717460,python,python,object_isinstance
2973556.0,3717250,python,[kernel.kallsyms],pfn_is_map_memory
2972631.0,3717381,python,python,_PyObject_GC_Link
2971508.0,3717250,python,python,PyObject_Call
2969439.0,3717381,python,libc.so.6,strcpy
2968109.0,3717318,python,libc.so.6,__aarch64_swp4_rel
2960629.0,3717250,python,[kernel.kallsyms],__check_heap_object
2951823.0,3717460,python,[kernel.kallsyms],filename_lookup
2945818.0,3717381,python,python,find_first_nonascii
2930111.0,3717460,python,[kernel.kallsyms],ext4fs_dirhash
2917445.0,3717460,python,python,PyThread_get_thread_ident
2746580.0,3717318,python,[kernel.kallsyms],ext4fs_dirhash
2744073.0,3717250,python,python,_Py_Dealloc
2734844.0,3717318,python,python,find_first_nonascii
2734079.0,3717318,python,python,gc_collect_main
2732499.0,3717318,python,[kernel.kallsyms],kmem_cache_free
2732367.0,3717250,python,[kernel.kallsyms],generic_fillattr
2732335.0,3717493,python,python,_PyThreadState_MustExit
2732267.0,3717250,python,[kernel.kallsyms],vfs_getattr_nosec
2732240.0,3717318,python,python,_PyObject_GC_NewVar
2732239.0,3717250,python,[kernel.kallsyms],path_lookupat
2732227.0,3717350,python,python,initialize_locals
2732218.0,3717318,python,[kernel.kallsyms],getname_flags
2732188.0,3717250,python,python,type_call
2732185.0,3717318,python,[kernel.kallsyms],verify_dirent_name
2732140.0,3717460,python,libc.so.6,__GI___stat64
2732117.0,3717493,python,[kernel.kallsyms],security_inode_permission
2732051.0,3717250,python,[kernel.kallsyms],memset
2732011.0,3717493,python,python,_PyStaticType_GetState
2731995.0,3717318,python,python,PyType_IsSubtype
2731995.0,3717381,python,python,unicode_dealloc
2731974.0,3717460,python,python,_PyObject_LookupSpecial
2731919.0,3717250,python,[kernel.kallsyms],vfs_statx
2731918.0,3717250,python,libc.so.6,__GI___fstatat64
2731899.0,3717381,python,python,_sre_SRE_Pattern_prefixmatch
2731894.0,3717318,python,[kernel.kallsyms],path_init
2731844.0,3717250,python,[kernel.kallsyms],el0_svc
2731808.0,3717230,python,python,_PyObject_GC_Link
2731783.0,3717250,python,[kernel.kallsyms],filename_lookup
2731780.0,3717493,python,python,unicode_encode_utf8
2731776.0,3717250,python,[kernel.kallsyms],security_inode_permission
2731776.0,3717318,python,[kernel.kallsyms],security_inode_getattr
2731775.0,3717381,python,[kernel.kallsyms],getname_flags.part.0
2731736.0,3717230,python,[kernel.kallsyms],getname_flags
2731717.0,3717381,python,python,initialize_locals
2731642.0,3717230,python,python,type_call
2731600.0,3717460,python,python,sre_ucs1_count
2731447.0,3717493,python,[kernel.kallsyms],el0_svc
2731398.0,3717230,python,python,PyLong_FromLong
2731322.0,3717318,python,python,_PyObject_GetAttrStackRef
2731177.0,3717460,python,python,subtype_traverse
2731098.0,3717460,python,python,slot_tp_init
2731052.0,3717318,python,[kernel.kallsyms],get_random_u16
2730980.0,3717381,python,libc.so.6,__memset_zva64
2730674.0,3717493,python,python,PyIndex_Check
2730531.0,3717230,python,python,unicode_encode_utf8
2730110.0,3717460,python,python,PyDict_New
2729845.0,3717318,python,python,_Py_BuiltinCallFastWithKeywords_StackRef
2729710.0,3717230,python,python,dict_dealloc
2728756.0,3717460,python,libc.so.6,__GI___readdir64
2726146.0,3717493,python,[kernel.kallsyms],__begin_current_label_crit_section
2726093.0,3717230,python,python,subtype_traverse
2725006.0,3717381,python,[kernel.kallsyms],rb_insert_color
2722689.0,3717318,python,python,subtype_traverse
2720210.0,3717493,python,[kernel.kallsyms],uaccess_ttbr0_disable.isra.0
2717926.0,3717250,python,libc.so.6,__memset_zva64
2717103.0,3717493,python,python,_PyObject_GenericGetAttrWithDict
2713866.0,3717381,python,[kernel.kallsyms],__check_object_size
2705549.0,3717318,python,[kernel.kallsyms],ext4_dx_readdir
2683925.0,3717230,python,python,_PyThreadState_Detach
2672760.0,3717230,python,python,_PyThreadState_MustExit
2625612.0,3717250,python,[kernel.kallsyms],__update_cpu_freelist_fast
2554315.0,3717493,python,python,PyType_GenericAlloc
2545510.0,3717350,python,[kernel.kallsyms],__update_cpu_freelist_fast
2535513.0,3717350,python,[kernel.kallsyms],half_md4_transform.isra.0
2509864.0,3717350,python,[kernel.kallsyms],memset
2498918.0,3717493,python,python,drop_gil
2485209.0,3717250,python,python,PyType_GetModule
2483967.0,3717318,python,python,_PyObject_New
2483960.0,3717318,python,libc.so.6,__memcpy_generic
2483821.0,3717493,python,[kernel.kallsyms],path_lookupat
2483707.0,3717381,python,[kernel.kallsyms],__begin_current_label_crit_section
2483703.0,3717460,python,python,method_dealloc
2483689.0,3717460,python,libc.so.6,malloc
2483632.0,3717460,python,[kernel.kallsyms],vfs_getattr
2483622.0,3717493,python,[kernel.kallsyms],cp_new_stat
2483613.0,3717250,python,python,unicode_encode_utf8
2483593.0,3717493,python,[kernel.kallsyms],get_cached_acl_rcu
2483577.0,3717381,python,python,cfunction_vectorcall_FASTCALL_KEYWORDS
2483536.0,3717250,python,python,PyLong_FromUnsignedLong
2483533.0,3717318,python,[kernel.kallsyms],try_to_unlazy
2483508.0,3717460,python,python,unicode_encode_utf8
2483488.0,3717250,python,[kernel.kallsyms],get_cached_acl_rcu
2483488.0,3717350,python,[kernel.kallsyms],kmem_cache_alloc
2483485.0,3717460,python,python,PyFloat_FromDouble
2483469.0,3717230,python,[kernel.kallsyms],el0_svc_common.constprop.0
2483441.0,3717230,python,python,PyObject_GetOptionalAttr
2483429.0,3717493,python,[kernel.kallsyms],lockref_put_return
2483420.0,3717460,python,python,PyBytes_FromStringAndSize
2483417.0,3717493,python,python,PyObject_Vectorcall
2483391.0,3717460,python,python,unicode_dealloc
2483370.0,3717230,python,python,PyBytes_FromStringAndSize
2483358.0,3717460,python,libc.so.6,__GI___fstatat64
2483338.0,3717460,python,python,tuple_dealloc
2483259.0,3717230,python,python,sre_ucs1_count
2483235.0,3717230,python,libc.so.6,__memset_zva64
2483188.0,3717381,python,python,PyBytes_FromStringAndSize
2483168.0,3717230,python,[kernel.kallsyms],walk_component
2483166.0,3717460,python,[kernel.kallsyms],path_lookupat
2483155.0,3717381,python,python,_Py_Dealloc
2483120.0,3717460,python,python,gc_collect_main
2483095.0,3717230,python,python,_PyObject_GenericGetAttrWithDict
2483061.0,3717250,python,[kernel.kallsyms],kmem_cache_alloc
2483048.0,3717230,python,python,PyUnicode_DecodeFSDefaultAndSize
2483039.0,3717493,python,python,PyFloat_FromDouble
2483020.0,3717230,python,python,PyStructSequence_New
2482935.0,3717230,python,python,object_new
2482844.0,3717250,python,libc.so.6,__GI___readdir64
2482586.0,3717318,python,[kernel.kallsyms],pfn_is_map_memory
2482481.0,3717460,python,libc.so.6,pthread_mutex_lock@@GLIBC_2.17
2482102.0,3717460,python,python,_PyUnicode_Equal
2481749.0,3717460,python,python,slot_tp_new
2481626.0,3717381,python,python,_PyFrame_ClearExceptCode
2481422.0,3717250,python,[kernel.kallsyms],uaccess_ttbr0_enable.isra.0
2480943.0,3717493,python,python,initialize_locals
2480570.0,3717460,python,[kernel.kallsyms],uaccess_ttbr0_disable.isra.0
2480008.0,3717460,python,python,PyType_GenericAlloc
2479519.0,3717493,python,python,visit_reachable
2475401.0,3717493,python,libc.so.6,__memcpy_generic
2473085.0,3717493,python,[kernel.kallsyms],__check_object_size
2469751.0,3717230,python,python,PyUnicode_DecodeFSDefault
2465584.0,3717381,python,libc.so.6,pthread_mutex_lock@@GLIBC_2.17
2460816.0,3717460,python,[kernel.kallsyms],kmem_cache_free
2452817.0,3717250,python,[kernel.kallsyms],vfs_fstatat
2447745.0,3717250,python,[kernel.kallsyms],uaccess_ttbr0_disable.isra.0
2434822.0,3717318,python,python,_PyLong_FromTime_t
2335479.0,3717381,python,[kernel.kallsyms],pfn_is_map_memory
2249925.0,3717250,python,[kernel.kallsyms],ext4_dx_readdir
2237564.0,3717350,python,python,_PyFrame_ClearExceptCode
2237155.0,3717250,python,python,_PyFrame_ClearExceptCode
2236233.0,3717318,python,python,PyDict_New
2235781.0,3717318,python,libc.so.6,malloc
2235698.0,3717493,python,python,PyLong_FromUnsignedLongLong
2235569.0,3717381,python,[kernel.kallsyms],path_lookupat
2235557.0,3717460,python,python,find_first_nonascii
2235540.0,3717250,python,python,_PyObject_LookupSpecial
2235533.0,3717250,python,[kernel.kallsyms],dynamic_might_resched
2235508.0,3717318,python,python,sre_ucs1_count
2235451.0,3717318,python,[kernel.kallsyms],htree_dirblock_to_tree
2235427.0,3717250,python,python,PyType_IsSubtype
2235405.0,3717493,python,python,map_next
2235383.0,3717493,python,python,PyType_GetModule
2235364.0,3717460,python,[kernel.kallsyms],security_inode_permission
2235348.0,3717318,python,python,PyLong_FromUnsignedLongLong
2235343.0,3717381,python,[kernel.kallsyms],dput
2235292.0,3717381,python,[kernel.kallsyms],vfs_fstatat
2235284.0,3717318,python,python,cfunction_vectorcall_FASTCALL_KEYWORDS
2235190.0,3717230,python,python,_PyObject_GetAttrStackRef
2235147.0,3717230,python,python,_PyObject_GC_NewVar
2235121.0,3717230,python,libc.so.6,_int_free_create_chunk
2235096.0,3717460,python,[kernel.kallsyms],nd_jump_root
2235083.0,3717381,python,[kernel.kallsyms],kmem_cache_alloc
2235082.0,3717460,python,python,_PyTypeCache_Lookup
2235079.0,3717250,python,[kernel.kallsyms],get_random_u16
2235072.0,3717250,python,[kernel.kallsyms],__rcu_read_unlock
2235064.0,3717460,python,[kernel.kallsyms],get_cached_acl_rcu
2235050.0,3717230,python,python,PyObject_Vectorcall
2235034.0,3717318,python,[JIT],0x0000e148ee8aa0cc
2235028.0,3717318,python,python,PyLong_FromLong
2234997.0,3717493,python,python,PyObject_IsInstance
2234989.0,3717230,python,python,object_dealloc
2234941.0,3717318,python,python,_PyFunction_Vectorcall
2234922.0,3717493,python,[kernel.kallsyms],kmem_cache_alloc
2234909.0,3717230,python,[kernel.kallsyms],path_init
2234879.0,3717230,python,python,PyIndex_Check
2234859.0,3717493,python,python,_Py_Dealloc
2234830.0,3717493,python,python,unicode_dealloc
2234753.0,3717230,python,python,_PyObject_Realloc
2234752.0,3717493,python,python,dict_dealloc
2234701.0,3717493,python,[kernel.kallsyms],__legitimize_mnt
2234656.0,3717493,python,python,visit_decref
2234564.0,3717381,python,[kernel.kallsyms],el0_svc_common.constprop.0
2233973.0,3717250,python,python,_PyList_AppendTakeRefListResize
2233525.0,3717250,python,python,visit_reachable
2233166.0,3717460,python,python,PyLong_FromUnsignedLongLong
2232381.0,3717493,python,python,sre_ucs1_count
2232179.0,3717230,python,[kernel.kallsyms],rb_next
2232163.0,3717250,python,python,memcpy@plt
2231268.0,3717318,python,[kernel.kallsyms],__check_object_size
2230475.0,3717230,python,python,visit_reachable
2228796.0,3717493,python,python,_PyObject_New
2227955.0,3717460,python,python,object_new
2223013.0,3717381,python,python,PyLong_FromLong
2219465.0,3717230,python,python,gc_collect_main
2212469.0,3717230,python,[kernel.kallsyms],ext4_dx_readdir
2082083.0,3717318,python,python,__aarch64_cas1_acq_rel
2032372.0,3717318,python,python,ScandirIterator_iternext
2027252.0,3717493,python,python,_PyObject_Realloc
2017495.0,3717250,python,python,_PyEvalFramePushAndInit
1989599.0,3717493,python,python,type_call
1987444.0,3717460,python,python,PyUnicode_DecodeFSDefault
1987335.0,3717381,python,python,PyUnicode_DecodeFSDefault
1987305.0,3717250,python,python,PyThread_get_thread_ident
1987284.0,3717230,python,[kernel.kallsyms],__arm64_sys_newfstatat
1987280.0,3717318,python,libc.so.6,_int_free_merge_chunk
1987223.0,3717493,python,python,PyList_New.constprop.0
1987213.0,3717350,python,libc.so.6,__GI___fstatat64
1987193.0,3717381,python,python,PyLong_FromUnsignedLongLong
1987130.0,3717250,python,[kernel.kallsyms],__rcu_read_lock
1987128.0,3717250,python,libc.so.6,__GI___stat64
1987102.0,3717381,python,[kernel.kallsyms],__do_sys_newfstatat
1987090.0,3717381,python,[kernel.kallsyms],generic_fillattr
1987080.0,3717381,python,python,PyMem_Realloc
1987078.0,3717250,python,[kernel.kallsyms],rb_next
1987063.0,3717250,python,python,gc_collect_main
1987055.0,3717318,python,libc.so.6,unlink_chunk.isra.0
1987048.0,3717381,python,python,PyLong_FromUnsignedLong
1987038.0,3717381,python,[kernel.kallsyms],kmem_cache_free
1987018.0,3717493,python,[kernel.kallsyms],__legitimize_path
1986994.0,3717250,python,python,PyUnicode_EncodeFSDefault
1986991.0,3717381,python,[kernel.kallsyms],getname_flags
1986985.0,3717318,python,python,_PyThreadState_Attach
1986950.0,3717318,python,python,PyObject_Vectorcall
1986949.0,3717318,python,[kernel.kallsyms],terminate_walk
1986907.0,3717250,python,python,object_new
1986903.0,3717318,python,[kernel.kallsyms],get_cached_acl_rcu
1986903.0,3717381,python,[kernel.kallsyms],link_path_walk.part.0.constprop.0
1986899.0,3717318,python,python,PyType_GetSlot
1986884.0,3717460,python,[kernel.kallsyms],getname_flags
1986881.0,3717493,python,[kernel.kallsyms],el0_svc_common.constprop.0
1986857.0,3717250,python,[kernel.kallsyms],__do_sys_newfstatat
1986842.0,3717230,python,libc.so.6,cfree@GLIBC_2.17
1986842.0,3717493,python,[kernel.kallsyms],nd_jump_root
1986841.0,3717460,python,python,_PyType_AllocNoTrack
1986813.0,3717460,python,[kernel.kallsyms],__do_sys_newfstatat
1986782.0,3717381,python,python,PyType_IsSubtype
1986762.0,3717493,python,python,_PyObject_GC_Link
1986738.0,3717460,python,[kernel.kallsyms],__check_object_size
1986730.0,3717381,python,[kernel.kallsyms],memset
1986707.0,3717460,python,python,_PyObject_Realloc
1986685.0,3717493,python,[kernel.kallsyms],memset
1986664.0,3717350,python,python,_Py_Dealloc
1986663.0,3717493,python,libc.so.6,__memset_zva64
1986659.0,3717493,python,libc.so.6,__GI___fstatat64
1986640.0,3717493,python,python,_PyObject_LookupSpecial
1986630.0,3717460,python,python,map_next
1986578.0,3717381,python,[kernel.kallsyms],rb_next
1986554.0,3717493,python,[kernel.kallsyms],get_random_u16
1986523.0,3717460,python,python,_Py_Dealloc
1986331.0,3717230,python,python,PyType_GenericAlloc
1986243.0,3717318,python,[kernel.kallsyms],dput
1985715.0,3717381,python,python,dict_dealloc
1985561.0,3717318,python,python,PyObject_Call
1984062.0,3717460,python,python,_Py_IsMainThread
1982203.0,3717381,python,python,gc_collect_main
1980638.0,3717381,python,python,_PyObject_GC_NewVar
1977975.0,3717493,python,python,find_first_nonascii
1976126.0,3717381,python,python,object_isinstance
1965279.0,3717318,python,python,unicode_encode_utf8
1961731.0,3717318,python,python,PyType_GenericAlloc
1881745.0,3717460,python,[kernel.kallsyms],half_md4_transform.isra.0
1872242.0,3717493,python,python,memcpy@plt
1817674.0,3717493,python,[kernel.kallsyms],half_md4_transform.isra.0
1803727.0,3717250,python,python,take_gil
1790771.0,3717460,python,[kernel.kallsyms],verify_dirent_name
1786729.0,3717381,python,[kernel.kallsyms],htree_dirblock_to_tree
1773061.0,3717493,python,python,object_isinstance
1759126.0,3717460,python,[kernel.kallsyms],ext4_dx_readdir
1752499.0,3717460,python,[kernel.kallsyms],filldir64
1750349.0,3717350,python,[kernel.kallsyms],memblock_is_map_memory
1740659.0,3717318,python,python,PyUnicode_DecodeFSDefault
1739751.0,3717460,python,[JIT],0x0000fddad25550cc
1739268.0,3717460,python,[kernel.kallsyms],pfn_is_map_memory
1739004.0,3717460,python,python,visit_reachable
1738868.0,3717318,python,libc.so.6,_int_free_create_chunk
1738862.0,3717350,python,[kernel.kallsyms],security_inode_getattr
1738845.0,3717381,python,[kernel.kallsyms],make_vfsgid
1738826.0,3717318,python,python,map_next
1738825.0,3717381,python,python,PyUnicode_DecodeFSDefaultAndSize
1738821.0,3717250,python,python,PyLong_FromUnsignedLongLong
1738802.0,3717250,python,python,unicode_decode_utf8.part.0
1738770.0,3717493,python,libc.so.6,malloc
1738754.0,3717381,python,python,type_call
1738748.0,3717493,python,python,_Py_IsMainThread
1738705.0,3717250,python,[kernel.kallsyms],do_el0_svc
1738684.0,3717318,python,[kernel.kallsyms],rb_next
1738684.0,3717230,python,python,cfunction_vectorcall_FASTCALL_KEYWORDS_METHOD
1738669.0,3717493,python,python,PyObject_GetOptionalAttr
1738668.0,3717250,python,[kernel.kallsyms],complete_walk
1738666.0,3717250,python,python,PyBytes_FromStringAndSize
1738663.0,3717381,python,python,__aarch64_ldclr8_acq_rel
1738657.0,3717493,python,python,PyBytes_FromStringAndSize
1738652.0,3717381,python,python,stat64@plt
1738643.0,3717318,python,[kernel.kallsyms],el0_svc_common.constprop.0
1738627.0,3717318,python,[kernel.kallsyms],uaccess_ttbr0_disable.isra.0
1738626.0,3717250,python,python,_PyObject_VectorcallPrepend
1738616.0,3717318,python,[kernel.kallsyms],__rcu_read_unlock
1738613.0,3717460,python,libc.so.6,__GI___pthread_mutex_unlock_usercnt
1738610.0,3717230,python,python,PyErr_Occurred
1738610.0,3717493,python,libc.so.6,_int_free_merge_chunk
1738598.0,3717381,python,[kernel.kallsyms],do_el0_svc
1738589.0,3717493,python,[kernel.kallsyms],from_kuid_munged
1738582.0,3717381,python,python,PyObject_GetOptionalAttr
1738582.0,3717230,python,[kernel.kallsyms],verify_dirent_name
1738574.0,3717250,python,python,object_dealloc
1738567.0,3717318,python,python,_Py_IsMainThread
1738540.0,3717318,python,python,_PyThreadState_MustExit
1738529.0,3717250,python,python,sre_ucs1_count
1738524.0,3717230,python,python,map_next
1738517.0,3717381,python,python,map_next
1738517.0,3717493,python,[kernel.kallsyms],vfs_fstatat
1738515.0,3717493,python,[kernel.kallsyms],legitimize_links
1738512.0,3717350,python,python,clear_slots
1738511.0,3717493,python,[JIT],0x0000fea5aa8175c0
1738509.0,3717230,python,libc.so.6,malloc
1738504.0,3717230,python,libc.so.6,unlink_chunk.isra.0
1738486.0,3717493,python,[kernel.kallsyms],getname_flags
1738478.0,3717460,python,python,object_dealloc
1738476.0,3717250,python,python,PyObject_IsInstance
1738453.0,3717250,python,[kernel.kallsyms],memchr
1738450.0,3717381,python,[kernel.kallsyms],ext4_file_getattr
1738450.0,3717460,python,python,PyObject_Free
1738444.0,3717230,python,[JIT],0x0000ebf80a7ff1f8
1738436.0,3717250,python,[kernel.kallsyms],security_inode_getattr
1738435.0,3717460,python,[kernel.kallsyms],dput
1738416.0,3717493,python,[JIT],0x0000fea5aa8170cc
1738405.0,3717493,python,[kernel.kallsyms],lockref_get_not_dead
1738384.0,3717250,python,python,visit_decref
1738384.0,3717381,python,libc.so.6,malloc
1738384.0,3717381,python,[kernel.kallsyms],security_inode_getattr
1738384.0,3717493,python,python,cfunction_vectorcall_FASTCALL_KEYWORDS
1738367.0,3717493,python,[kernel.kallsyms],dput
1738366.0,3717350,python,libc.so.6,_int_malloc
1738359.0,3717381,python,[kernel.kallsyms],__rcu_read_unlock
1738358.0,3717460,python,libc.so.6,_int_free_create_chunk
1738355.0,3717381,python,[kernel.kallsyms],legitimize_links
1738337.0,3717493,python,[kernel.kallsyms],do_el0_svc
1738307.0,3717318,python,python,PyLong_FromLongLong
1738298.0,3717318,python,python,PyBytes_FromStringAndSize
1738298.0,3717230,python,python,_PyObject_New
1738289.0,3717460,python,[kernel.kallsyms],__rcu_read_unlock
1738262.0,3717250,python,[kernel.kallsyms],nd_jump_root
1738210.0,3717460,python,python,memcpy@plt
1738208.0,3717381,python,python,_PyObject_GenericGetAttrWithDict
1738170.0,3717230,python,[JIT],0x0000ebf80a7ffa24
1738146.0,3717250,python,python,PyObject_Vectorcall
1738134.0,3717381,python,python,sre_ucs1_count
1738100.0,3717318,python,python,initialize_locals
1738100.0,3717318,python,python,subtype_dealloc
1738000.0,3717230,python,[kernel.kallsyms],memmove
1737913.0,3717230,python,python,object_isinstance
1737649.0,3717460,python,python,_Py_type_getattro_stackref
1737210.0,3717381,python,python,_PyMember_GetOffset
1736622.0,3717381,python,python,_Py_NewReference
1736325.0,3717230,python,[kernel.kallsyms],legitimize_links
1736292.0,3717230,python,[kernel.kallsyms],vfs_getattr
1735249.0,3717381,python,python,PyType_GenericAlloc
1734425.0,3717381,python,libc.so.6,__GI___readdir64
1734316.0,3717460,python,python,_list_extend
1734266.0,3717460,python,python,visit_decref
1732867.0,3717318,python,python,PyUnicode_DecodeFSDefaultAndSize
1731898.0,3717381,python,python,visit_decref
1730439.0,3717381,python,python,_PyObject_GetAttrStackRef
1727510.0,3717493,python,[kernel.kallsyms],fast_dput
1713423.0,3717230,python,python,visit_decref
1701349.0,3717493,python,python,take_gil
1551131.0,3717318,python,[kernel.kallsyms],half_md4_transform.isra.0
1536093.0,3717250,python,[kernel.kallsyms],__kmalloc
1512916.0,3717250,python,python,_PyEval_Vector
1492581.0,3717230,python,python,pthread_mutex_unlock@plt
1492332.0,3717493,python,python,subtype_traverse
1490656.0,3717493,python,libc.so.6,cfree@GLIBC_2.17
1490597.0,3717250,python,[kernel.kallsyms],fast_dput
1490503.0,3717381,python,python,take_gil
1490470.0,3717381,python,[kernel.kallsyms],__arm64_sys_newfstatat
1490468.0,3717250,python,python,pattern_new_match
1490463.0,3717250,python,[kernel.kallsyms],terminate_walk
1490446.0,3717250,python,python,strlen@plt
1490431.0,3717350,python,libc.so.6,pthread_mutex_lock@@GLIBC_2.17
1490429.0,3717381,python,python,ScandirIterator_iternext
1490358.0,3717318,python,python,_PyObject_LookupSpecial
1490348.0,3717460,python,[kernel.kallsyms],uaccess_ttbr0_enable.isra.0
1490322.0,3717318,python,python,_PyList_AppendTakeRefListResize
1490312.0,3717250,python,[JIT],0x0000e1001dd0b0cc
1490310.0,3717460,python,python,PyUnicode_DecodeFSDefaultAndSize
1490303.0,3717493,python,[kernel.kallsyms],terminate_walk
1490296.0,3717460,python,[kernel.kallsyms],from_kgid_munged
1490288.0,3717460,python,python,_Py_NewReference
1490282.0,3717230,python,python,pthread_cond_signal@plt
1490271.0,3717250,python,libc.so.6,_int_free_create_chunk
1490269.0,3717381,python,python,fill_time
1490265.0,3717381,python,[kernel.kallsyms],apparmor_inode_getattr
1490265.0,3717493,python,[kernel.kallsyms],uaccess_ttbr0_enable.isra.0
1490253.0,3717381,python,python,PyStructSequence_New
1490250.0,3717460,python,python,PyObject_Call
1490247.0,3717381,python,python,object_new
1490245.0,3717493,python,python,pthread_cond_signal@plt
1490240.0,3717250,python,libc.so.6,malloc
1490228.0,3717230,python,libc.so.6,__GI___readdir64
1490216.0,3717460,python,python,_PyObject_GC_Link
1490190.0,3717493,python,python,_PyUnicode_Equal
1490188.0,3717318,python,[JIT],0x0000e148ee8aa5c0
1490183.0,3717250,python,python,cfunction_vectorcall_FASTCALL_KEYWORDS
1490179.0,3717460,python,[JIT],0x0000fddad2555a24
1490177.0,3717460,python,[JIT],0x0000fddad255528c
1490171.0,3717250,python,[kernel.kallsyms],filldir64
1490168.0,3717250,python,libc.so.6,pthread_mutex_lock@@GLIBC_2.17
1490165.0,3717318,python,python,_PyFrame_ClearExceptCode
1490158.0,3717230,python,python,_Py_IsMainThread
1490156.0,3717318,python,[kernel.kallsyms],__rcu_read_lock
1490151.0,3717493,python,[kernel.kallsyms],__do_sys_newfstatat
1490150.0,3717493,python,python,_PyLong_FromTime_t
1490149.0,3717250,python,libc.so.6,unlink_chunk.isra.0
1490149.0,3717381,python,python,PyLong_FromLongLong
1490143.0,3717381,python,[kernel.kallsyms],uaccess_ttbr0_enable.isra.0
1490139.0,3717493,python,libc.so.6,__GI___pthread_mutex_unlock_usercnt
1490134.0,3717381,python,libc.so.6,_int_free
1490134.0,3717493,python,python,PyType_IsSubtype
1490126.0,3717381,python,libc.so.6,cfree@GLIBC_2.17
1490121.0,3717318,python,python,pthread_cond_signal@plt
1490109.0,3717460,python,python,PyMem_Realloc
1490105.0,3717250,python,[kernel.kallsyms],getname_flags
1490105.0,3717381,python,python,object_dealloc
1490093.0,3717250,python,[kernel.kallsyms],__arm64_sys_newfstatat
1490088.0,3717460,python,python,_PyArg_UnpackKeywords
1490084.0,3717460,python,python,PyType_GetSlot
1490078.0,3717460,python,[JIT],0x0000fddad252b6a0
1490044.0,3717318,python,[kernel.kallsyms],from_kuid_munged
1490037.0,3717460,python,[kernel.kallsyms],do_el0_svc
1490023.0,3717493,python,[kernel.kallsyms],htree_dirblock_to_tree
1490021.0,3717493,python,python,slot_tp_new
1490018.0,3717460,python,python,_PyObject_GC_NewVar
1490016.0,3717381,python,[kernel.kallsyms],get_random_u16
1490012.0,3717318,python,[kernel.kallsyms],memchr
1490012.0,3717230,python,[kernel.kallsyms],is_vmalloc_addr
1490012.0,3717318,python,python,PyDict_GetItemRef
1490008.0,3717250,python,python,PyObject_GC_UnTrack
1490004.0,3717381,python,libc.so.6,unlink_chunk.isra.0
1490004.0,3717493,python,python,PyMem_Realloc
1489997.0,3717460,python,python,PyLong_FromLongLong
1489994.0,3717230,python,python,cfunction_vectorcall_FASTCALL_KEYWORDS
1489994.0,3717493,python,python,object_new
1489993.0,3717493,python,[kernel.kallsyms],apparmor_inode_getattr
1489982.0,3717493,python,[kernel.kallsyms],__rcu_read_unlock
1489957.0,3717381,python,[JIT],0x0000eeaad519ea24
1489952.0,3717381,python,[kernel.kallsyms],memchr
1489933.0,3717460,python,python,clear_slots
1489923.0,3717460,python,[kernel.kallsyms],kmem_cache_alloc
1489922.0,3717230,python,[JIT],0x0000ebf80a7fffb0
1489907.0,3717460,python,[kernel.kallsyms],security_inode_getattr
1489899.0,3717230,python,python,PyUnicode_EncodeFSDefault
1489895.0,3717460,python,[kernel.kallsyms],get_random_u16
1489891.0,3717230,python,[kernel.kallsyms],dput
1489885.0,3717318,python,[kernel.kallsyms],fast_dput
1489884.0,3717493,python,python,PyLong_FromLongLong
1489869.0,3717250,python,[kernel.kallsyms],generic_permission
1489856.0,3717493,python,libc.so.6,pthread_mutex_lock@@GLIBC_2.17
1489856.0,3717493,python,python,_PyList_AppendTakeRefListResize
1489854.0,3717250,python,[kernel.kallsyms],path_put
1489851.0,3717318,python,[kernel.kallsyms],ext4_file_getattr
1489793.0,3717230,python,[kernel.kallsyms],__rcu_read_unlock
1489750.0,3717230,python,python,_list_extend
1489733.0,3717318,python,[kernel.kallsyms],memset
1489648.0,3717318,python,python,_Py_dict_lookup
1489607.0,3717230,python,[kernel.kallsyms],try_to_unlazy
1489422.0,3717460,python,[kernel.kallsyms],__lookup_mnt
1489294.0,3717493,python,python,PyUnicode_DecodeFSDefault
1489291.0,3717460,python,python,initialize_locals
1489193.0,3717250,python,python,PyList_New.constprop.0
1488357.0,3717460,python,python,_PyObject_GenericGetAttrWithDict
1488132.0,3717250,python,python,_PyLong_FromTime_t
1487971.0,3717230,python,[kernel.kallsyms],uaccess_ttbr0_enable.isra.0
1487685.0,3717230,python,[kernel.kallsyms],uaccess_ttbr0_disable.isra.0
1484765.0,3717250,python,python,object_isinstance
1479854.0,3717381,python,python,_list_extend
1473724.0,3717460,python,[kernel.kallsyms],terminate_walk
1471496.0,3717318,python,python,_PyObject_Realloc
1468896.0,3717381,python,[kernel.kallsyms],nd_jump_root
1256396.0,3717460,python,python,_PyObject_New
1248023.0,3717493,python,python,_PyObject_GetAttrStackRef
1246783.0,3717318,python,python,_PyEvalFramePushAndInit
1245593.0,3717318,python,python,_Py_BuiltinCallFastWithKeywords_StackRef
1243478.0,3717250,python,python,PyType_IsSubtype
1242786.0,3717460,python,python,type_call
1242230.0,3717493,python,python,pattern_new_match
1242179.0,3717350,python,python,_PyType_AllocNoTrack
1242140.0,3717230,python,[kernel.kallsyms],rb_next_postorder
1242077.0,3717318,python,python,os_fspath
1242050.0,3717250,python,python,PyLong_FromLong
1242044.0,3717250,python,python,structseq_dealloc
1242039.0,3717460,python,python,_PyList_AppendTakeRefListResize
1242035.0,3717250,python,libc.so.6,__strlen_asimd
1242016.0,3717381,python,[kernel.kallsyms],complete_walk
1242013.0,3717460,python,[kernel.kallsyms],el0_svc_common.constprop.0
1242004.0,3717350,python,python,DirEntry_dealloc
1241990.0,3717250,python,[kernel.kallsyms],link_path_walk.part.0.constprop.0
1241976.0,3717460,python,python,cfunction_vectorcall_FASTCALL_KEYWORDS
1241967.0,3717381,python,[kernel.kallsyms],arch_local_irq_restore
1241964.0,3717230,python,[kernel.kallsyms],arch_local_irq_restore
1241953.0,3717493,python,[kernel.kallsyms],__lookup_mnt
1241951.0,3717318,python,[JIT],0x0000e148ee881090
1241947.0,3717350,python,python,subtype_dealloc
1241946.0,3717318,python,[kernel.kallsyms],mntput
1241946.0,3717250,python,[kernel.kallsyms],__check_object_size.part.0
1241945.0,3717318,python,python,PyMem_Realloc
1241941.0,3717493,python,[kernel.kallsyms],ext4_dx_readdir
1241937.0,3717250,python,python,os_stat
1241921.0,3717381,python,python,os_fspath
1241908.0,3717381,python,[JIT],0x0000eeaad519e0c8
1241906.0,3717381,python,[JIT],0x0000eeaad5175084
1241904.0,3717350,python,[kernel.kallsyms],apparmor_inode_getattr
1241898.0,3717318,python,python,object_dealloc
1241896.0,3717381,python,python,_PyObject_LookupSpecial
1241892.0,3717250,python,python,_pystat_fromstructstat
1241892.0,3717381,python,python,PyType_GetSlot
1241884.0,3717460,python,python,_PyLong_FromTime_t
1241884.0,3717250,python,[kernel.kallsyms],__legitimize_path
1241883.0,3717318,python,[kernel.kallsyms],__legitimize_path
1241881.0,3717460,python,[kernel.kallsyms],apparmor_inode_getattr
1241879.0,3717318,python,python,PyThread_get_thread_ident
1241879.0,3717493,python,python,os_fspath
1241862.0,3717230,python,python,pattern_new_match
1241857.0,3717250,python,python,initialize_locals
1241849.0,3717318,python,python,slot_tp_new
1241844.0,3717381,python,python,memcpy@plt
1241844.0,3717381,python,[kernel.kallsyms],uaccess_ttbr0_disable.isra.0
1241837.0,3717250,python,python,PyObject_Free
1241837.0,3717250,python,python,_PyStolenTuple_Free
1241830.0,3717381,python,[kernel.kallsyms],__lookup_mnt
1241823.0,3717493,python,[kernel.kallsyms],complete_walk
1241823.0,3717493,python,[kernel.kallsyms],memchr
1241822.0,3717493,python,[kernel.kallsyms],is_vmalloc_addr
1241821.0,3717460,python,python,pthread_mutex_unlock@plt
1241816.0,3717250,python,python,float_dealloc
1241816.0,3717350,python,python,_PyEval_Vector
1241811.0,3717493,python,libc.so.6,__GI___stat64
1241808.0,3717318,python,python,getset_get
1241806.0,3717250,python,[kernel.kallsyms],__lookup_mnt
1241802.0,3717250,python,[kernel.kallsyms],__legitimize_mnt
1241797.0,3717250,python,python,_Py_VectorCall_StackRefSteal
1241792.0,3717318,python,python,path_converter
1241783.0,3717318,python,[kernel.kallsyms],do_el0_svc
1241777.0,3717460,python,[kernel.kallsyms],try_to_unlazy
1241777.0,3717381,python,[kernel.kallsyms],half_md4_transform.isra.0
1241775.0,3717318,python,python,memcpy@plt
1241775.0,3717381,python,[kernel.kallsyms],inode_permission
1241773.0,3717460,python,python,PyLong_FromUnsignedLong
1241768.0,3717381,python,libc.so.6,__GI___fstatat64
1241762.0,3717250,python,python,ScandirIterator_iternext
1241762.0,3717493,python,[kernel.kallsyms],vfs_getattr
1241753.0,3717493,python,[kernel.kallsyms],str2hashbuf_unsigned
1241739.0,3717230,python,libc.so.6,_int_free
1241712.0,3717460,python,[kernel.kallsyms],make_vfsgid
1241695.0,3717460,python,[kernel.kallsyms],memchr
1241685.0,3717460,python,python,_PyEvalFramePushAndInit
1241684.0,3717230,python,python,method_dealloc
1241682.0,3717350,python,python,PyLong_FromLongLong
1241665.0,3717493,python,[kernel.kallsyms],make_vfsgid
1241664.0,3717460,python,python,_PyEval_FrameClearAndPop
1241663.0,3717350,python,[kernel.kallsyms],make_vfsuid
1241655.0,3717350,python,python,drop_gil
1241653.0,3717350,python,python,fill_time
1241650.0,3717381,python,python,cfunction_vectorcall_FASTCALL_KEYWORDS_METHOD
1241627.0,3717381,python,python,_PyLong_FromMedium
1241618.0,3717381,python,python,path_converter
1241614.0,3717250,python,[kernel.kallsyms],common_perm_cond
1241613.0,3717230,python,[kernel.kallsyms],path_put
1241611.0,3717493,python,libc.so.6,_int_malloc
1241604.0,3717460,python,python,_PyEval_Vector
1241585.0,3717493,python,python,path_converter
1241581.0,3717230,python,[kernel.kallsyms],__legitimize_path
1241550.0,3717230,python,[kernel.kallsyms],dynamic_might_resched
1241547.0,3717318,python,python,PyDescr_IsData
1241543.0,3717493,python,python,_pystat_fromstructstat
1241537.0,3717230,python,python,func_descr_get
1241518.0,3717460,python,[kernel.kallsyms],ext4_getattr
1241474.0,3717493,python,python,_PyEval_Vector
1241468.0,3717460,python,python,PyObject_Vectorcall
1241464.0,3717381,python,python,getset_get
1241445.0,3717493,python,[kernel.kallsyms],link_path_walk.part.0.constprop.0
1241433.0,3717230,python,python,slot_tp_new
1241423.0,3717318,python,python,clear_slots
1241414.0,3717250,python,python,PyMem_Realloc
1241399.0,3717460,python,[kernel.kallsyms],fast_dput
1241367.0,3717493,python,[kernel.kallsyms],step_into
1241361.0,3717318,python,[kernel.kallsyms],filldir64
1241336.0,3717460,python,[kernel.kallsyms],__legitimize_mnt
1241293.0,3717250,python,[kernel.kallsyms],rb_next_postorder
1241067.0,3717230,python,python,getset_get
1240939.0,3717493,python,python,_PyFrame_ClearExceptCode
1240548.0,3717460,python,python,dict_dealloc
1240400.0,3717318,python,python,cfunction_vectorcall_FASTCALL_KEYWORDS_METHOD
1240011.0,3717250,python,python,PyObject_GetOptionalAttr
1239265.0,3717318,python,python,PyObject_IsInstance
1239001.0,3717381,python,[kernel.kallsyms],__rcu_read_lock
1238159.0,3717460,python,python,__aarch64_cas1_acq_rel
1237587.0,3717493,python,[kernel.kallsyms],dynamic_might_resched
1234298.0,3717460,python,python,pthread_mutex_lock@plt
1231455.0,3717318,python,libc.so.6,cfree@GLIBC_2.17
1228613.0,3717318,python,libc.so.6,__GI___readdir64
1226361.0,3717381,python,[kernel.kallsyms],str2hashbuf_unsigned
1223546.0,3717381,python,[kernel.kallsyms],from_kuid_munged
1213967.0,3717493,python,libc.so.6,pthread_cond_signal@@GLIBC_2.17
1139499.0,3717318,python,[kernel.kallsyms],str2hashbuf_unsigned
1040337.0,3717460,python,[kernel.kallsyms],ext4_htree_store_dirent
1034732.0,3717250,python,[kernel.kallsyms],kfree
1015247.0,3717350,python,python,ScandirIterator_iternext
1005681.0,3717318,python,python,_PyEval_ReleaseLock
1004633.0,3717318,python,python,_PyThreadState_Attach
1004103.0,3717250,python,python,_list_extend
1003770.0,3717250,python,python,tuple_dealloc
1002815.0,3717318,python,libc.so.6,__aarch64_swp4_rel
1002229.0,3717350,python,libc.so.6,__GI___pthread_mutex_unlock_usercnt
1000701.0,3717350,python,python,unicode_decode_utf8.part.0
1000361.0,3717318,python,python,_PyTuple_FromStackRefStealOnSuccess
998945.0,3717250,python,[kernel.kallsyms],htree_dirblock_to_tree
996037.0,3717230,python,python,strcpy@plt
994912.0,3717250,python,python,PyTuple_FromArray
994620.0,3717350,python,python,_PyMember_GetOffset
994067.0,3717250,python,python,_PyEval_FrameClearAndPop
993969.0,3717460,python,python,unicode_decode_utf8.part.0
993918.0,3717318,python,python,visit_reachable
993885.0,3717350,python,python,tuple_dealloc
993866.0,3717350,python,python,_PyObject_GC_Link
993766.0,3717250,python,libc.so.6,__GI___pthread_mutex_unlock_usercnt
993746.0,3717381,python,python,slot_tp_new
993711.0,3717250,python,[kernel.kallsyms],vfs_getattr
993696.0,3717350,python,python,tuple_alloc
993691.0,3717460,python,python,PyMem_Malloc
993675.0,3717250,python,python,PyType_GetSlot
993669.0,3717493,python,[kernel.kallsyms],check_stack_object
993663.0,3717493,python,[kernel.kallsyms],rb_next
993647.0,3717381,python,[kernel.kallsyms],memmove
993645.0,3717381,python,[kernel.kallsyms],should_failslab.constprop.0
993637.0,3717230,python,python,PyType_GetModule
993636.0,3717350,python,python,PyObject_GC_UnTrack
993600.0,3717250,python,[kernel.kallsyms],verify_dirent_name
993598.0,3717318,python,python,_list_extend
993594.0,3717460,python,python,PyStructSequence_New
993594.0,3717250,python,python,_PyObject_GetAttrStackRef
993591.0,3717493,python,[kernel.kallsyms],path_put
993589.0,3717250,python,[kernel.kallsyms],strncpy_from_user
993587.0,3717493,python,[kernel.kallsyms],filldir64
993583.0,3717460,python,python,__aarch64_ldclr8_acq_rel
993583.0,3717460,python,python,take_gil
993581.0,3717250,python,python,PyUnicode_DecodeFSDefaultAndSize
993577.0,3717318,python,python,dict_dealloc
993577.0,3717460,python,[kernel.kallsyms],check_stack_object
993574.0,3717381,python,python,sre_ucs1_match
993565.0,3717250,python,[kernel.kallsyms],lockref_get_not_dead
993562.0,3717381,python,[kernel.kallsyms],ext4_getattr
993557.0,3717381,python,python,_Py_CheckFunctionResult
993555.0,3717350,python,python,__aarch64_cas1_acq_rel
993554.0,3717381,python,python,PyDict_GetItemRef
993552.0,3717381,python,[JIT],0x0000eeaad519e1f8
993550.0,3717250,python,python,_PyObject_GC_NewVar
993548.0,3717350,python,python,unicodekeys_lookup_unicode
993548.0,3717460,python,[kernel.kallsyms],invoke_syscall
993546.0,3717350,python,python,tp_new_wrapper
993544.0,3717318,python,[JIT],0x0000e148ee7db15c
993539.0,3717250,python,[kernel.kallsyms],__ext4fs_dirhash
993536.0,3717350,python,[kernel.kallsyms],str2hashbuf_unsigned
993531.0,3717381,python,python,_PyObject_Realloc
993528.0,3717318,python,[kernel.kallsyms],free_rb_tree_fname
993523.0,3717318,python,python,_PyStolenTuple_Free
993517.0,3717381,python,libc.so.6,__GI___pthread_mutex_unlock_usercnt
993510.0,3717381,python,[kernel.kallsyms],vfs_getattr
993508.0,3717381,python,[JIT],0x0000eeaad519e0cc
993505.0,3717230,python,[kernel.kallsyms],nd_jump_root
993504.0,3717318,python,[kernel.kallsyms],make_vfsgid
993502.0,3717318,python,python,stat64@plt
993498.0,3717250,python,[kernel.kallsyms],ext4_file_getattr
993497.0,3717250,python,python,PyEval_SaveThread
993496.0,3717318,python,python,object_isinstance
993496.0,3717250,python,[kernel.kallsyms],is_vmalloc_addr
993488.0,3717250,python,[kernel.kallsyms],dput
993487.0,3717493,python,[kernel.kallsyms],memmove
993483.0,3717350,python,[kernel.kallsyms],__legitimize_mnt
993482.0,3717318,python,python,PyStructSequence_New
993479.0,3717318,python,[kernel.kallsyms],uaccess_ttbr0_enable.isra.0
993471.0,3717493,python,python,_PyEvalFramePushAndInit
993463.0,3717250,python,python,tp_new_wrapper
993462.0,3717350,python,python,take_gil
993461.0,3717493,python,python,getset_get
993460.0,3717318,python,python,_PyEval_Vector
993457.0,3717318,python,[kernel.kallsyms],__do_sys_newfstatat
993456.0,3717381,python,[kernel.kallsyms],fast_dput
993456.0,3717318,python,python,tuple_dealloc
993454.0,3717381,python,python,_Py_IsMainThread
993454.0,3717350,python,python,sre_ucs1_match
993453.0,3717250,python,[kernel.kallsyms],mntput_no_expire
993449.0,3717381,python,libc.so.6,_int_free_create_chunk
993448.0,3717318,python,python,_PyType_GetDict
993444.0,3717381,python,python,_PyUnicode_Equal
993440.0,3717318,python,python,_Py_CheckFunctionResult
993438.0,3717250,python,python,PyStructSequence_New
993434.0,3717318,python,[kernel.kallsyms],complete_walk
993431.0,3717250,python,[kernel.kallsyms],make_vfsgid
993431.0,3717460,python,[kernel.kallsyms],memblock_is_map_memory
993429.0,3717250,python,[kernel.kallsyms],memmove
993429.0,3717250,python,[kernel.kallsyms],mntput
993428.0,3717250,python,[JIT],0x0000e1001dc3e0d8
993426.0,3717318,python,libc.so.6,__aarch64_cas4_acq
993422.0,3717250,python,[kernel.kallsyms],step_into
993420.0,3717250,python,[JIT],0x0000e1001dd0ba18
993412.0,3717318,python,[kernel.kallsyms],map_id_up
993404.0,3717250,python,[kernel.kallsyms],legitimize_links
993404.0,3717381,python,python,_PyThreadState_Attach
993401.0,3717493,python,[kernel.kallsyms],mntput
993395.0,3717318,python,python,PyStructSequence_SetItem
993394.0,3717230,python,python,PyType_GetSlot
993389.0,3717493,python,python,PyObject_Malloc
993386.0,3717493,python,[kernel.kallsyms],generic_permission
993382.0,3717381,python,python,_PyEvalFramePushAndInit
993382.0,3717318,python,[kernel.kallsyms],invoke_syscall
993378.0,3717350,python,[kernel.kallsyms],filldir64
993370.0,3717250,python,[kernel.kallsyms],verify_dirent_name
993367.0,3717493,python,python,tp_new_wrapper
993364.0,3717250,python,[kernel.kallsyms],__ext4_check_dir_entry
993357.0,3717230,python,libc.so.6,__GI___stat64
993354.0,3717350,python,python,_PyEvalFramePushAndInit
993345.0,3717318,python,python,_Py_NewReference
993340.0,3717250,python,[JIT],0x0000e1001dc3e0cc
993338.0,3717381,python,[kernel.kallsyms],security_inode_permission
993338.0,3717460,python,[kernel.kallsyms],memset
993336.0,3717381,python,python,long_dealloc
993335.0,3717493,python,python,__aarch64_ldclr8_acq_rel
993333.0,3717230,python,python,memcpy@plt
993328.0,3717381,python,python,pthread_mutex_lock@plt
993326.0,3717230,python,[kernel.kallsyms],mntput
993325.0,3717460,python,[kernel.kallsyms],__check_object_size.part.0
993306.0,3717318,python,[kernel.kallsyms],legitimize_links
993300.0,3717230,python,[kernel.kallsyms],terminate_walk
993298.0,3717250,python,[kernel.kallsyms],make_vfsuid
993296.0,3717381,python,python,PyObject_Vectorcall
993295.0,3717250,python,python,_PyThreadState_PopFrame
993294.0,3717318,python,[kernel.kallsyms],filename_lookup
993277.0,3717230,python,python,_PyEval_ReleaseLock
993276.0,3717318,python,libc.so.6,__strlen_asimd
993270.0,3717460,python,[JIT],0x0000fddad2555a18
993270.0,3717381,python,python,unicodekeys_lookup_unicode
993262.0,3717230,python,[kernel.kallsyms],task_mm_cid_work
993261.0,3717493,python,[kernel.kallsyms],ext4_getattr
993260.0,3717460,python,[kernel.kallsyms],complete_walk
993257.0,3717350,python,python,_PyTypeCache_Lookup
993256.0,3717230,python,[JIT],0x0000ebf80a800500
993253.0,3717250,python,python,PyDict_GetItemWithError
993248.0,3717250,python,[kernel.kallsyms],from_kuid_munged
993245.0,3717460,python,python,PyEval_RestoreThread
993240.0,3717230,python,python,_PyList_AppendTakeRefListResize
993239.0,3717460,python,[kernel.kallsyms],mntput
993238.0,3717350,python,python,PyList_New.constprop.0
993237.0,3717460,python,python,_PyThreadState_PopFrame
993230.0,3717381,python,[JIT],0x0000eeaad51720cc
993225.0,3717318,python,[kernel.kallsyms],vfs_getattr
993213.0,3717318,python,[kernel.kallsyms],nd_jump_root
993201.0,3717493,python,python,sre_ucs1_match
993195.0,3717318,python,python,PyLong_FromUnsignedLong
993194.0,3717318,python,libc.so.6,__GI___fstatat64
993186.0,3717493,python,python,long_dealloc
993180.0,3717460,python,[kernel.kallsyms],path_put
993178.0,3717318,python,python,PyMem_Free
993156.0,3717318,python,python,PyType_GenericAlloc
993151.0,3717493,python,python,PyLong_AsSsize_t
993144.0,3717318,python,[kernel.kallsyms],lockref_get_not_dead
993141.0,3717493,python,[kernel.kallsyms],ext4fs_dirhash
993131.0,3717493,python,python,posix_do_stat.isra.0
993129.0,3717250,python,[kernel.kallsyms],__arch_copy_to_user
993123.0,3717230,python,python,os_fspath
993110.0,3717318,python,[kernel.kallsyms],mntput_no_expire
993099.0,3717381,python,python,clear_slots
993067.0,3717493,python,[kernel.kallsyms],ext4_htree_store_dirent
993016.0,3717493,python,python,DirEntry_dealloc
993012.0,3717493,python,[kernel.kallsyms],__slab_free
992917.0,3717493,python,[JIT],0x0000fea5aa7ee054
992801.0,3717493,python,[kernel.kallsyms],try_to_unlazy
992521.0,3717493,python,[kernel.kallsyms],__rcu_read_lock
991738.0,3717230,python,[kernel.kallsyms],complete_walk
991567.0,3717493,python,libc.so.6,_int_free
991427.0,3717230,python,libc.so.6,_int_free_merge_chunk
991347.0,3717381,python,[JIT],0x0000eeaad519ea50
990960.0,3717381,python,python,visit_reachable
990329.0,3717230,python,[kernel.kallsyms],free_rb_tree_fname
989804.0,3717493,python,[kernel.kallsyms],verify_dirent_name
989278.0,3717318,python,[JIT],0x0000e148ee8aaa24
988386.0,3717381,python,[kernel.kallsyms],check_stack_object
988344.0,3717381,python,python,unicode_decode_utf8.part.0
985426.0,3717318,python,python,strlen@plt
979802.0,3717460,python,python,strlen@plt
976770.0,3717460,python,[kernel.kallsyms],should_failslab.constprop.0
953727.0,3717250,python,libc.so.6,__memcpy_generic
951299.0,3717493,python,python,_PyEval_ReleaseLock
894096.0,3717250,python,[kernel.kallsyms],task_mm_cid_work
868528.0,3717381,python,[kernel.kallsyms],ext4_htree_store_dirent
770610.0,3717350,python,libc.so.6,__aarch64_swp4_rel
761523.0,3717350,python,[kernel.kallsyms],__ext4_check_dir_entry
755107.0,3717250,python,python,visit_decref
754272.0,3717460,python,[kernel.kallsyms],memmove
746412.0,3717318,python,python,subtype_traverse
745561.0,3717230,python,[kernel.kallsyms],___slab_alloc
745416.0,3717460,python,python,_PyObject_GetAttrStackRef
745388.0,3717493,python,python,PyErr_Occurred
745357.0,3717493,python,python,PyMem_Malloc
745341.0,3717318,python,[JIT],0x0000e148ee8aab40
745318.0,3717381,python,python,pthread_mutex_unlock@plt
745307.0,3717250,python,[JIT],0x0000e1001dd0b794
745300.0,3717318,python,[JIT],0x0000e148ee7df674
745294.0,3717381,python,python,type_is_gc
745292.0,3717460,python,python,PyUnicode_New.part.0
745272.0,3717350,python,python,PyUnicode_New.part.0
745264.0,3717250,python,python,PyLong_FromUnsignedLong
745263.0,3717250,python,python,getset_get
745258.0,3717493,python,python,pthread_mutex_unlock@plt
745256.0,3717250,python,[JIT],0x0000e1001dd0b17c
745256.0,3717381,python,[kernel.kallsyms],from_kgid_munged
745256.0,3717460,python,[kernel.kallsyms],link_path_walk.part.0.constprop.0
745251.0,3717250,python,[JIT],0x0000e1001dd0b1e4
745249.0,3717318,python,python,pthread_mutex_lock@plt
745245.0,3717381,python,python,pattern_new_match
745244.0,3717250,python,python,_PyEval_AcquireLock
745244.0,3717250,python,python,strcpy@plt
745234.0,3717350,python,python,PyType_IsSubtype
745232.0,3717381,python,[JIT],0x0000eeaad5174ce8
745229.0,3717460,python,python,_PyThreadState_MustExit
745226.0,3717250,python,python,__aarch64_cas1_acq_rel
745225.0,3717460,python,python,_PyMember_GetOffset
745224.0,3717250,python,python,memset@plt
745219.0,3717493,python,python,stat64@plt
745214.0,3717381,python,python,_PyObject_Call_Prepend
745212.0,3717493,python,python,PyUnicode_EncodeFSDefault
745211.0,3717460,python,[kernel.kallsyms],ext4_es_lookup_extent
745208.0,3717250,python,python,posix_do_stat.isra.0
745208.0,3717460,python,python,_PyStolenTuple_Free
745207.0,3717318,python,libc.so.6,_int_malloc
745205.0,3717250,python,[JIT],0x0000e1001dd0b70c
745201.0,3717250,python,[JIT],0x0000e1001dd0ba24
745201.0,3717460,python,python,PyDict_New
745199.0,3717460,python,python,PyObject_IsInstance
745197.0,3717250,python,python,PyMem_Malloc
745197.0,3717493,python,python,pthread_mutex_lock@plt
745195.0,3717250,python,[kernel.kallsyms],half_md4_transform.isra.0
745191.0,3717350,python,libc.so.6,pthread_cond_signal@@GLIBC_2.17
745182.0,3717460,python,python,list_dealloc
745177.0,3717381,python,python,__aarch64_cas1_acq_rel
745174.0,3717381,python,python,_PyList_AppendTakeRefListResize
745173.0,3717318,python,[kernel.kallsyms],__lookup_mnt
745171.0,3717318,python,python,PyIndex_Check
745170.0,3717250,python,python,pthread_mutex_unlock@plt
745169.0,3717381,python,python,PyLong_AsSsize_t
745166.0,3717250,python,[kernel.kallsyms],try_to_unlazy
745163.0,3717493,python,python,PyUnicode_DecodeFSDefaultAndSize
745163.0,3717493,python,[kernel.kallsyms],free_rb_tree_fname
745161.0,3717381,python,[kernel.kallsyms],__legitimize_path
745161.0,3717350,python,libc.so.6,__strlen_asimd
745160.0,3717318,python,[JIT],0x0000e148ee8aa0c8
745158.0,3717250,python,python,sre_ucs1_count
745150.0,3717318,python,libc.so.6,__GI___pthread_mutex_unlock_usercnt
745148.0,3717350,python,python,PyDescr_IsData
745146.0,3717493,python,python,_PyThreadState_Attach
745146.0,3717460,python,libc.so.6,_int_malloc
745146.0,3717230,python,python,gen_iternext
745143.0,3717250,python,python,_Py_CheckFunctionResult
745142.0,3717318,python,[kernel.kallsyms],from_kgid_munged
745141.0,3717250,python,python,clear_slots
745134.0,3717493,python,[JIT],0x0000fea5aa7ed6a0
745132.0,3717381,python,[JIT],0x0000eeaad519e3b0
745131.0,3717460,python,[kernel.kallsyms],dx_probe
745130.0,3717381,python,python,PyIndex_Check
745128.0,3717493,python,libc.so.6,_int_free_create_chunk
745125.0,3717230,python,python,stat64@plt
745123.0,3717381,python,python,posix_do_stat.isra.0
745123.0,3717230,python,[JIT],0x0000ebf80a7d3148
745122.0,3717318,python,[kernel.kallsyms],call_filldir
745120.0,3717350,python,[kernel.kallsyms],lookup_fast
745120.0,3717230,python,[JIT],0x0000ebf80a7d6558
745119.0,3717318,python,python,pthread_mutex_unlock@plt
745118.0,3717493,python,python,PyObject_IsTrue
745117.0,3717350,python,libc.so.6,_int_free_create_chunk
745113.0,3717381,python,python,PyObject_GC_Del
745112.0,3717250,python,python,_Py_IsMainThread
745112.0,3717381,python,python,_PyEval_FrameClearAndPop
745106.0,3717381,python,[kernel.kallsyms],terminate_walk
745105.0,3717318,python,[kernel.kallsyms],__check_heap_object
745105.0,3717318,python,[kernel.kallsyms],check_heap_object
745102.0,3717318,python,[JIT],0x0000e148ee7da068
745101.0,3717230,python,python,_PyLong_FromTime_t
745097.0,3717460,python,[kernel.kallsyms],free_rb_tree_fname
745097.0,3717381,python,[kernel.kallsyms],lockref_get_not_dead
745096.0,3717250,python,[JIT],0x0000e1001dd0b5c0
745094.0,3717493,python,libc.so.6,unlink_chunk.isra.0
745093.0,3717460,python,python,PyUnicode_EncodeFSDefault
745093.0,3717460,python,libc.so.6,__memcpy_generic
745092.0,3717381,python,python,_PyMem_RawMalloc
745092.0,3717230,python,[JIT],0x0000ebf80a800704
745091.0,3717250,python,[JIT],0x0000e1001dce2084
745091.0,3717350,python,[kernel.kallsyms],get_random_u16
745090.0,3717460,python,[kernel.kallsyms],dynamic_might_resched
745090.0,3717350,python,python,_sre_SRE_Pattern_prefixmatch
745088.0,3717350,python,python,__aarch64_ldclr8_acq_rel
745088.0,3717230,python,python,PyMem_Realloc
745085.0,3717460,python,python,tuple_alloc
745082.0,3717460,python,python,PyTuple_FromArray
745077.0,3717250,python,[kernel.kallsyms],kmem_cache_free
745076.0,3717250,python,python,slot_tp_new
745076.0,3717460,python,[kernel.kallsyms],__ext4fs_dirhash
745074.0,3717381,python,python,_PyEval_Vector
745074.0,3717460,python,python,method_dealloc
745073.0,3717350,python,python,_Py_NewReference
745072.0,3717460,python,python,method_vectorcall
745070.0,3717493,python,[kernel.kallsyms],__arm64_sys_newfstatat
745070.0,3717318,python,python,strcpy@plt
745070.0,3717381,python,[kernel.kallsyms],map_id_up
745068.0,3717250,python,[JIT],0x0000e1001dce20e0
745068.0,3717350,python,python,PyObject_Free
745066.0,3717318,python,python,object_new
745064.0,3717350,python,python,long_dealloc
745064.0,3717318,python,[kernel.kallsyms],slab_update_freelist.isra.0
745063.0,3717493,python,[JIT],0x0000fea5aa8173e0
745061.0,3717460,python,[kernel.kallsyms],is_vmalloc_addr
745061.0,3717460,python,[JIT],0x0000fddad252c054
745060.0,3717381,python,[kernel.kallsyms],__kmalloc
745058.0,3717350,python,python,_Py_dict_lookup
745054.0,3717460,python,python,structseq_dealloc
745051.0,3717460,python,python,memset@plt
745051.0,3717250,python,libc.so.6,_int_free
745049.0,3717381,python,[kernel.kallsyms],try_to_unlazy
745049.0,3717318,python,[kernel.kallsyms],memblock_is_map_memory
745045.0,3717460,python,python,path_converter
745045.0,3717318,python,libc.so.6,pthread_mutex_lock@@GLIBC_2.17
745043.0,3717350,python,python,_PyThreadState_PushFrame
745043.0,3717381,python,python,drop_gil
745042.0,3717250,python,[kernel.kallsyms],set_root
745040.0,3717318,python,[kernel.kallsyms],path_put
745040.0,3717250,python,python,os_fspath
745038.0,3717460,python,python,PyIndex_Check
745038.0,3717381,python,libc.so.6,_int_free_merge_chunk
745035.0,3717381,python,python,_PyEval_ReleaseLock
745034.0,3717493,python,python,PyObject_GC_Del
745034.0,3717381,python,[kernel.kallsyms],__legitimize_mnt
745034.0,3717381,python,[kernel.kallsyms],lookup_fast
745031.0,3717460,python,libc.so.6,_int_free
745029.0,3717318,python,[JIT],0x0000e148ee7df6a0
745027.0,3717318,python,[kernel.kallsyms],__ext4_check_dir_entry
745026.0,3717493,python,[kernel.kallsyms],mntput_no_expire
745025.0,3717460,python,python,_PyObject_VectorcallPrepend
745022.0,3717381,python,[JIT],0x0000eeaad519e9e8
745022.0,3717460,python,python,PyObject_GC_UnTrack
745021.0,3717381,python,python,_pystat_fromstructstat
745020.0,3717350,python,[kernel.kallsyms],common_perm_cond
745019.0,3717493,python,python,PyMem_Free
745019.0,3717250,python,[kernel.kallsyms],check_stack_object
745019.0,3717350,python,python,_PyThreadState_PopFrame
745018.0,3717250,python,[JIT],0x0000e1001dce1370
745018.0,3717460,python,python,os_stat
745017.0,3717493,python,[kernel.kallsyms],__ext4fs_dirhash
745017.0,3717460,python,[JIT],0x0000fddad25555c0
745015.0,3717350,python,python,list_dealloc
745015.0,3717230,python,[JIT],0x0000ebf80a800058
745014.0,3717230,python,[JIT],0x0000ebf80a7ff730
745013.0,3717318,python,libc.so.6,_int_free
745013.0,3717318,python,python,_Py_VectorCall_StackRefSteal
745012.0,3717493,python,python,object_get_class
745004.0,3717493,python,[kernel.kallsyms],ext4_file_getattr
745004.0,3717460,python,[kernel.kallsyms],rb_insert_color
745001.0,3717230,python,[kernel.kallsyms],__lookup_mnt
745000.0,3717381,python,[kernel.kallsyms],path_init
744999.0,3717460,python,python,PyErr_Occurred
744998.0,3717460,python,python,_PyThreadState_PushFrame
744998.0,3717493,python,[JIT],0x0000fea5aa817b40
744997.0,3717318,python,python,_Py_type_getattro_stackref
744995.0,3717350,python,[kernel.kallsyms],ext4_htree_store_dirent
744995.0,3717493,python,[JIT],0x0000fea5aa8172f4
744994.0,3717350,python,python,path_converter
744994.0,3717318,python,[kernel.kallsyms],pfn_is_map_memory
744993.0,3717230,python,[kernel.kallsyms],make_vfsgid
744992.0,3717318,python,python,_sre_SRE_Pattern_prefixmatch
744991.0,3717250,python,python,path_converter
744989.0,3717460,python,[kernel.kallsyms],getname_flags.part.0
744987.0,3717381,python,python,PyEval_RestoreThread
744987.0,3717381,python,libc.so.6,__strlen_asimd
744984.0,3717493,python,python,_Py_VectorCall_StackRefSteal
744983.0,3717460,python,[JIT],0x0000fddad25290cc
744983.0,3717318,python,python,_PyLong_FromMedium
744978.0,3717493,python,[kernel.kallsyms],common_perm_cond
744974.0,3717460,python,python,_PyObject_Call_Prepend
744971.0,3717493,python,python,cfunction_vectorcall_FASTCALL_KEYWORDS_METHOD
744970.0,3717460,python,[JIT],0x0000fddad2555884
744970.0,3717350,python,python,PyMem_Free
744970.0,3717230,python,[JIT],0x0000ebf80a7ff0cc
744968.0,3717493,python,python,PyObject_Free
744965.0,3717350,python,python,_PyLong_FromMedium
744965.0,3717318,python,python,PyList_New.constprop.0
744964.0,3717318,python,[kernel.kallsyms],make_vfsuid
744962.0,3717493,python,python,PyStructSequence_SetItem
744956.0,3717381,python,python,unicode_dealloc
744955.0,3717381,python,[JIT],0x0000eeaad51747a4
744955.0,3717460,python,python,tp_new_wrapper
744951.0,3717350,python,python,object_new
744950.0,3717493,python,python,_Py_NewReference
744949.0,3717230,python,[kernel.kallsyms],__rcu_read_lock
744948.0,3717250,python,python,_Py_NewReference
744948.0,3717381,python,libc.so.6,malloc
744944.0,3717318,python,[kernel.kallsyms],rb_next_postorder
744943.0,3717381,python,[kernel.kallsyms],__slab_free
744940.0,3717250,python,python,list_dealloc
744940.0,3717381,python,[kernel.kallsyms],lockref_put_return
744937.0,3717318,python,[JIT],0x0000e148ee8aa28c
744933.0,3717230,python,[JIT],0x0000ebf80a7ff998
744932.0,3717460,python,[JIT],0x0000fddad2557748
744931.0,3717250,python,python,_PyObject_Call_Prepend
744930.0,3717493,python,[kernel.kallsyms],rb_insert_color
744917.0,3717381,python,python,_PyArg_UnpackKeywords
744915.0,3717318,python,[kernel.kallsyms],link_path_walk.part.0.constprop.0
744912.0,3717250,python,[kernel.kallsyms],htree_dirblock_to_tree
744911.0,3717318,python,[kernel.kallsyms],common_perm_cond
744909.0,3717493,python,python,memcpy@plt
744909.0,3717230,python,[JIT],0x0000ebf80a7ff8e0
744908.0,3717318,python,[kernel.kallsyms],generic_fillattr
744907.0,3717460,python,python,fill_time
744906.0,3717350,python,python,_PyThreadState_Attach
744901.0,3717493,python,[kernel.kallsyms],fast_dput
744901.0,3717318,python,python,_PyType_AllocNoTrack
744899.0,3717493,python,[kernel.kallsyms],vfs_statx
744898.0,3717493,python,[JIT],0x0000fea5aa7e915c
744895.0,3717460,python,python,_PyMem_RawMalloc
744895.0,3717460,python,python,getset_get
744895.0,3717318,python,[kernel.kallsyms],ext4_getattr
744890.0,3717493,python,[kernel.kallsyms],map_id_up
744890.0,3717493,python,[JIT],0x0000fea5aa7ee160
744888.0,3717350,python,python,_Py_VectorCall_StackRefSteal
744882.0,3717318,python,python,os_stat
744877.0,3717318,python,[kernel.kallsyms],__kmalloc
744870.0,3717381,python,[kernel.kallsyms],mntput
744852.0,3717318,python,python,PyEval_SaveThread
744851.0,3717230,python,[JIT],0x0000ebf80a7ff28c
744849.0,3717493,python,python,method_dealloc
744846.0,3717460,python,[JIT],0x0000fddad25550c8
744838.0,3717230,python,[JIT],0x0000ebf80a7ff5c0
744834.0,3717493,python,python,os_stat
744826.0,3717493,python,python,clear_slots
744826.0,3717318,python,python,PyDict_GetItemWithError
744824.0,3717493,python,python,unicode_decode_utf8.part.0
744820.0,3717460,python,python,_Py_type_getattro_stackref
744814.0,3717318,python,python,sre_ucs1_match
744813.0,3717250,python,[kernel.kallsyms],vfs_statx
744796.0,3717318,python,[kernel.kallsyms],__do_sys_newfstatat
744756.0,3717460,python,[JIT],0x0000fddad252b3a8
744747.0,3717318,python,[kernel.kallsyms],apparmor_inode_getattr
744741.0,3717493,python,python,fill_time
744716.0,3717493,python,[JIT],0x0000fea5aa7ed758
744691.0,3717493,python,[JIT],0x0000fea5aa817a34
744643.0,3717493,python,python,PyDescr_IsData
744641.0,3717230,python,[JIT],0x0000ebf80a7ffa18
744635.0,3717493,python,python,_PyMember_GetOffset
744631.0,3717460,python,python,os_fspath
744629.0,3717493,python,python,PyTuple_FromArray
744407.0,3717381,python,[JIT],0x0000eeaad519e7e0
744011.0,3717460,python,python,ScandirIterator_iternext
743701.0,3717318,python,python,_PyObject_GC_New
743564.0,3717460,python,[kernel.kallsyms],call_filldir
743505.0,3717381,python,[kernel.kallsyms],verify_dirent_name
743095.0,3717493,python,python,PyUnicode_DecodeFSDefaultAndSize
742235.0,3717493,python,python,__errno_location@plt
742049.0,3717318,python,[JIT],0x0000e148ee8aa190
741015.0,3717250,python,python,_PyMem_RawFree
740891.0,3717493,python,python,_PyType_LookupStackRefAndVersion
740326.0,3717250,python,[JIT],0x0000e1001dc3e17c
739162.0,3717381,python,python,object_get_class
738782.0,3717493,python,[kernel.kallsyms],__ext4_read_dirblock
738415.0,3717230,python,[kernel.kallsyms],__find_get_block_slow
735273.0,3717381,python,[kernel.kallsyms],slab_update_freelist.isra.0
734502.0,3717250,python,python,PyUnicode_DecodeFSDefault
731580.0,3717381,python,python,_PyObject_New
727119.0,3717381,python,libc.so.6,pthread_mutex_unlock@@GLIBC_2.17
725864.0,3717460,python,[kernel.kallsyms],__ext4_read_dirblock
725761.0,3717493,python,python,ScandirIterator_iternext
718019.0,3717250,python,python,map_next
707964.0,3717493,python,[kernel.kallsyms],__kmalloc
701556.0,3717493,python,[kernel.kallsyms],__check_heap_object
695286.0,3717381,python,python,PyErr_Occurred
547216.0,3717493,python,[kernel.kallsyms],memblock_is_map_memory
515282.0,3717493,python,[JIT],0x0000fea5aa817a50
510600.0,3717381,python,[kernel.kallsyms],uaccess_ttbr0_disable.isra.0
509749.0,3717381,python,[kernel.kallsyms],memblock_is_map_memory
508177.0,3717460,python,[kernel.kallsyms],__check_object_size
504370.0,3717493,python,[kernel.kallsyms],arch_local_irq_restore
503821.0,3717493,python,[kernel.kallsyms],filemap_get_entry
502082.0,3717350,python,python,_PyEval_FrameClearAndPop
502038.0,3717493,python,[JIT],0x0000fea5aa7ed3a8
500912.0,3717250,python,python,_PyObject_New
499944.0,3717350,python,python,_PyObject_Call_Prepend
499944.0,3717318,python,python,_PyThreadState_PushFrame
499438.0,3717350,python,python,PyObject_IsInstance
498840.0,3717381,python,[kernel.kallsyms],check_heap_object
498174.0,3717381,python,python,PyTuple_FromArray
498076.0,3717350,python,python,slot_tp_new
497697.0,3717318,python,[JIT],0x0000e148ee7df7b4
497611.0,3717350,python,python,gc_collect_main
497498.0,3717493,python,python,dict_traverse
497327.0,3717318,python,python,_PyEval_FrameClearAndPop
497152.0,3717318,python,[JIT],0x0000e148ee7df3ec
497106.0,3717350,python,python,PyObject_Call
497100.0,3717460,python,[JIT],0x0000fddad25557e0
497067.0,3717318,python,python,dict_traverse
497034.0,3717250,python,python,_PyMem_RawMalloc
497018.0,3717350,python,python,_list_extend
496991.0,3717318,python,python,list_traverse
496962.0,3717460,python,python,pthread_mutex_unlock@plt
496961.0,3717381,python,[JIT],0x0000eeaad519e790
496960.0,3717318,python,python,PyType_GetModule
496955.0,3717493,python,[JIT],0x0000fea5aa7eb8c0
496954.0,3717230,python,python,PyMem_Malloc
496954.0,3717318,python,libc.so.6,__memcpy_generic
496935.0,3717350,python,python,_Py_BuiltinCallFastWithKeywords_StackRef
496929.0,3717350,python,python,_PyThreadState_Detach
496924.0,3717230,python,[JIT],0x0000ebf80a7d339c
496921.0,3717381,python,[JIT],0x0000eeaad517513c
496916.0,3717381,python,[JIT],0x0000eeaad519e7b0
496911.0,3717250,python,[JIT],0x0000e1001dd0c704
496911.0,3717381,python,[JIT],0x0000eeaad519e9a0
496911.0,3717381,python,[JIT],0x0000eeaad519f084
496907.0,3717250,python,[JIT],0x0000e1001dd0c2c4
496906.0,3717250,python,[kernel.kallsyms],apparmor_inode_getattr
496902.0,3717460,python,[JIT],0x0000fddad2529698
496901.0,3717318,python,python,PyTuple_FromArray
496900.0,3717381,python,[JIT],0x0000eeaad50cf1a4
496900.0,3717493,python,python,_PyMem_RawMalloc
496898.0,3717250,python,python,pthread_cond_signal@plt
496894.0,3717250,python,python,_PyType_LookupStackRefAndVersion
496890.0,3717250,python,python,_PyObject_Realloc
496889.0,3717318,python,[kernel.kallsyms],should_failslab.constprop.0
496889.0,3717350,python,[kernel.kallsyms],inode_permission
496889.0,3717230,python,[JIT],0x0000ebf80a7d31f4
496887.0,3717493,python,python,PyType_GetSlot
496885.0,3717381,python,[JIT],0x0000eeaad519e9a4
496883.0,3717350,python,libc.so.6,strcpy
496880.0,3717250,python,python,__errno_location@plt
496879.0,3717318,python,[JIT],0x0000e148ee7dd49c
496877.0,3717250,python,[JIT],0x0000e1001dce16cc
496877.0,3717381,python,[JIT],0x0000eeaad5174354
496874.0,3717350,python,[kernel.kallsyms],handle_mm_fault
496871.0,3717350,python,[kernel.kallsyms],__arm64_sys_newfstatat
496871.0,3717381,python,libc.so.6,strcpy
496866.0,3717460,python,[JIT],0x0000fddad25550b8
496863.0,3717250,python,[JIT],0x0000e1001dc3e154
496863.0,3717381,python,[kernel.kallsyms],get_cached_acl_rcu
496862.0,3717250,python,[JIT],0x0000e1001dce16a0
496861.0,3717250,python,[kernel.kallsyms],__find_get_block_slow
496860.0,3717493,python,[JIT],0x0000fea5aa7eb5dc
496859.0,3717250,python,python,pthread_mutex_lock@plt
496855.0,3717230,python,[JIT],0x0000ebf80a7d6420
496848.0,3717250,python,[kernel.kallsyms],getname_flags.part.0
496846.0,3717350,python,libc.so.6,pthread_mutex_unlock@@GLIBC_2.17
496846.0,3717381,python,python,PyUnicode_New.part.0
496846.0,3717493,python,[kernel.kallsyms],ext4_sb_block_valid
496843.0,3717460,python,python,_PyEval_ReleaseLock
496839.0,3717493,python,[JIT],0x0000fea5aa7eb0d8
496834.0,3717250,python,python,_PyObject_VectorcallPrepend
496834.0,3717493,python,python,_PyObject_GC_New
496833.0,3717381,python,python,_PyStaticMethod_GetFunc
496833.0,3717493,python,python,PyObject_GC_Track
496832.0,3717318,python,python,PyMem_Malloc
496832.0,3717381,python,[JIT],0x0000eeaad519e950
496831.0,3717250,python,[JIT],0x0000e1001dd0b7e0
496831.0,3717250,python,python,PyIndex_Check
496831.0,3717350,python,python,_pystat_fromstructstat
496830.0,3717230,python,[JIT],0x0000ebf80a7d30cc
496829.0,3717250,python,[kernel.kallsyms],from_kgid_munged
496828.0,3717460,python,[JIT],0x0000fddad2556058
496827.0,3717250,python,python,_PyEval_ReleaseLock
496827.0,3717318,python,python,_PyJIT_Entry
496822.0,3717250,python,[JIT],0x0000e1001dce202c
496821.0,3717381,python,[kernel.kallsyms],task_mm_cid_work
496820.0,3717318,python,[JIT],0x0000e148ee7dd6b4
496819.0,3717318,python,[JIT],0x0000e148ee7dd0cc
496819.0,3717250,python,libc.so.6,__GI___stat64
496819.0,3717493,python,[JIT],0x0000fea5aa81871c
496817.0,3717493,python,[JIT],0x0000fea5aa8171f4
496815.0,3717250,python,[JIT],0x0000e1001dd0b0d8
496815.0,3717230,python,[JIT],0x0000ebf80a7d637c
496814.0,3717381,python,python,_PyLong_FromTime_t
496814.0,3717350,python,[kernel.kallsyms],ext4_getattr
496812.0,3717318,python,[JIT],0x0000e148ee8aa788
496812.0,3717250,python,[JIT],0x0000e1001dc3e34c
496811.0,3717230,python,[JIT],0x0000ebf80a7d61c8
496810.0,3717493,python,python,_PyThreadState_MustExit
496810.0,3717250,python,[JIT],0x0000e1001dd0c458
496808.0,3717460,python,[JIT],0x0000fddad2556070
496808.0,3717350,python,libc.so.6,__aarch64_cas4_acq
496806.0,3717318,python,[JIT],0x0000e148ee8aab7c
496805.0,3717493,python,[kernel.kallsyms],task_mm_cid_work
496802.0,3717250,python,[JIT],0x0000e1001dd0c060
496802.0,3717381,python,libc.so.6,__aarch64_cas4_acq
496802.0,3717493,python,[kernel.kallsyms],__arm64_sys_newfstatat
496801.0,3717250,python,libc.so.6,pthread_mutex_unlock@@GLIBC_2.17
496801.0,3717460,python,python,_PyJIT_Entry
496799.0,3717350,python,[kernel.kallsyms],path_init
496799.0,3717460,python,python,DirEntry_dealloc
496798.0,3717250,python,[kernel.kallsyms],cp_new_stat
496798.0,3717230,python,[JIT],0x0000ebf80a7d627c
496797.0,3717493,python,[JIT],0x0000fea5aa7eb128
496796.0,3717318,python,[JIT],0x0000e148ee8aa8e8
496796.0,3717250,python,python,PyObject_Malloc
496793.0,3717350,python,python,PyDict_New
496793.0,3717230,python,[JIT],0x0000ebf80a7ffa50
496788.0,3717381,python,python,strcpy@plt
496786.0,3717493,python,[JIT],0x0000fea5aa7eb6c8
496785.0,3717318,python,[JIT],0x0000e148ee7df620
496784.0,3717381,python,python,_PyMem_RawFree
496784.0,3717350,python,[kernel.kallsyms],step_into
496783.0,3717318,python,[JIT],0x0000e148ee8aa238
496782.0,3717230,python,python,__errno_location@plt
496781.0,3717318,python,python,PyErr_Occurred
496781.0,3717250,python,[JIT],0x0000e1001dce1304
496781.0,3717381,python,[kernel.kallsyms],generic_permission
496781.0,3717460,python,[kernel.kallsyms],step_into
496780.0,3717493,python,[kernel.kallsyms],security_inode_permission
496780.0,3717318,python,[JIT],0x0000e148ee7ddde8
496779.0,3717493,python,[JIT],0x0000fea5aa81728c
496778.0,3717381,python,[JIT],0x0000eeaad51a0738
496778.0,3717381,python,[kernel.kallsyms],path_lookupat
496777.0,3717460,python,python,PyThread_get_thread_ident
496776.0,3717250,python,python,PyLong_FromLongLong
496775.0,3717460,python,[JIT],0x0000fddad25291a4
496775.0,3717460,python,[JIT],0x0000fddad25296b4
496775.0,3717350,python,python,sre_ucs1_count
496773.0,3717350,python,[kernel.kallsyms],ext4_dx_readdir
496773.0,3717350,python,[kernel.kallsyms],kfree
496771.0,3717460,python,[JIT],0x0000fddad25551f8
496771.0,3717381,python,[kernel.kallsyms],_raw_spin_unlock_irqrestore
496771.0,3717350,python,python,PyStructSequence_New
496770.0,3717381,python,python,pthread_self@plt
496769.0,3717350,python,[kernel.kallsyms],security_inode_permission
496769.0,3717493,python,[JIT],0x0000fea5aa7ed4d8
496768.0,3717318,python,[JIT],0x0000e148ee7df1c8
496767.0,3717230,python,[JIT],0x0000ebf80a7d30c4
496766.0,3717493,python,python,_Py_CheckFunctionResult
496766.0,3717381,python,[JIT],0x0000eeaad519e864
496766.0,3717460,python,[kernel.kallsyms],generic_fillattr
496764.0,3717381,python,[JIT],0x0000eeaad50cd0cc
496764.0,3717230,python,[JIT],0x0000ebf80a7ff0d0
496764.0,3717493,python,[kernel.kallsyms],___slab_alloc
496763.0,3717318,python,[JIT],0x0000e148ee7da04c
496763.0,3717460,python,[kernel.kallsyms],generic_permission
496762.0,3717318,python,[JIT],0x0000e148ee7df470
496762.0,3717460,python,[JIT],0x0000fddad2529654
496762.0,3717381,python,python,pthread_cond_signal@plt
496761.0,3717250,python,libc.so.6,_int_free_merge_chunk
496761.0,3717250,python,[JIT],0x0000e1001dc3e290
496761.0,3717381,python,[JIT],0x0000eeaad519e5c0
496760.0,3717250,python,[kernel.kallsyms],__slab_free
496760.0,3717460,python,[kernel.kallsyms],__rcu_read_lock
496760.0,3717381,python,[kernel.kallsyms],path_put
496759.0,3717460,python,python,func_descr_get
496759.0,3717493,python,[JIT],0x0000fea5aa7e308c
496758.0,3717318,python,python,readdir64@plt
496758.0,3717318,python,[JIT],0x0000e148ee7df5e8
496758.0,3717250,python,[JIT],0x0000e1001dd0be38
496758.0,3717381,python,[JIT],0x0000eeaad519efd0
496758.0,3717381,python,python,pthread_mutex_lock@plt
496757.0,3717250,python,[kernel.kallsyms],xas_load
496757.0,3717381,python,[kernel.kallsyms],put_cpu_partial
496757.0,3717381,python,[JIT],0x0000eeaad517218c
496755.0,3717493,python,[kernel.kallsyms],htree_dirblock_to_tree
496754.0,3717230,python,[kernel.kallsyms],_raw_spin_lock
496752.0,3717250,python,[JIT],0x0000e1001dd0b1f8
496752.0,3717250,python,[JIT],0x0000e1001dd0b834
496751.0,3717460,python,[JIT],0x0000fddad25558a4
496751.0,3717318,python,python,PyUnicode_New.part.0
496750.0,3717493,python,python,PyFloat_FromDouble
496750.0,3717460,python,[JIT],0x0000fddad252b0d8
496750.0,3717493,python,python,_PyStolenTuple_Free
496749.0,3717381,python,[JIT],0x0000eeaad519e410
496748.0,3717493,python,[kernel.kallsyms],generic_fillattr
496748.0,3717318,python,[JIT],0x0000e148ee8aa5a8
496748.0,3717381,python,[JIT],0x0000eeaad51746a0
496747.0,3717493,python,[JIT],0x0000fea5aa7eb0cc
496746.0,3717318,python,[JIT],0x0000e148ee7df298
496746.0,3717381,python,[JIT],0x0000eeaad5174280
496745.0,3717493,python,python,getset_get
496745.0,3717350,python,[kernel.kallsyms],vfs_getattr
496744.0,3717318,python,[JIT],0x0000e148ee8ac748
496743.0,3717318,python,python,method_vectorcall
496743.0,3717250,python,[JIT],0x0000e1001dc3e40c
496743.0,3717460,python,libc.so.6,__aarch64_swp4_rel
496743.0,3717493,python,[JIT],0x0000fea5aa7edcd8
496742.0,3717250,python,[kernel.kallsyms],ext4_getattr
496741.0,3717350,python,python,type_call
496740.0,3717318,python,[JIT],0x0000e148ee7df404
496740.0,3717460,python,[kernel.kallsyms],lockref_get_not_dead
496740.0,3717230,python,[JIT],0x0000ebf80a7d6304
496739.0,3717318,python,[JIT],0x0000e148ee7df63c
496738.0,3717318,python,libc.so.6,__GI___pthread_self
496738.0,3717318,python,[kernel.kallsyms],ext4_sb_block_valid
496738.0,3717250,python,python,_PyLong_FromMedium
496736.0,3717493,python,libc.so.6,__strlen_asimd
496736.0,3717250,python,[JIT],0x0000e1001dd0b424
496736.0,3717350,python,[kernel.kallsyms],__kmalloc
496736.0,3717381,python,[kernel.kallsyms],common_perm_cond
496736.0,3717381,python,[kernel.kallsyms],mntput
496736.0,3717230,python,[JIT],0x0000ebf80a7ffb30
496735.0,3717318,python,python,pthread_self@plt
496735.0,3717318,python,python,type_call
496735.0,3717381,python,libc.so.6,_int_malloc
496735.0,3717230,python,[JIT],0x0000ebf80a7d30e8
496733.0,3717318,python,[JIT],0x0000e148ee8811ec
496733.0,3717230,python,[JIT],0x0000ebf80a80060c
496732.0,3717318,python,python,object_get_class
496731.0,3717493,python,[kernel.kallsyms],ext4_dx_readdir
496731.0,3717250,python,[kernel.kallsyms],getname_flags
496730.0,3717350,python,python,float_dealloc
496729.0,3717318,python,[kernel.kallsyms],percpu_counter_add_batch
496729.0,3717381,python,[kernel.kallsyms],_raw_read_lock
496728.0,3717350,python,python,os_stat
496727.0,3717381,python,python,tp_new_wrapper
496727.0,3717493,python,python,memset@plt
496725.0,3717381,python,python,PyLong_FromLong
496724.0,3717381,python,[JIT],0x0000eeaad519ef18
496724.0,3717460,python,[kernel.kallsyms],__arch_copy_to_user
496723.0,3717250,python,libc.so.6,__aarch64_swp4_rel
496723.0,3717381,python,python,PyObject_GetOptionalAttr
496723.0,3717230,python,[JIT],0x0000ebf80a7ff284
496722.0,3717493,python,python,drop_gil
496722.0,3717460,python,[JIT],0x0000fddad2555948
496722.0,3717250,python,[JIT],0x0000e1001dce1058
496721.0,3717381,python,[JIT],0x0000eeaad51751b4
496720.0,3717350,python,python,_PyList_AppendTakeRefListResize
496720.0,3717350,python,python,_PyTuple_FromStackRefStealOnSuccess
496719.0,3717460,python,python,_Py_CheckFunctionResult
496719.0,3717460,python,python,os_fspath
496718.0,3717318,python,[kernel.kallsyms],arch_local_irq_restore
496718.0,3717318,python,[JIT],0x0000e148ee7df37c
496718.0,3717460,python,[JIT],0x0000fddad2555cac
496718.0,3717318,python,python,posix_do_stat.isra.0
496715.0,3717250,python,python,fill_time
496715.0,3717250,python,[JIT],0x0000e1001dd0b0c8
496714.0,3717381,python,[kernel.kallsyms],is_vmalloc_addr
496714.0,3717460,python,python,PyMethod_New
496714.0,3717318,python,[kernel.kallsyms],__arm64_sys_newfstatat
496713.0,3717318,python,[JIT],0x0000e148ee8aa95c
496712.0,3717318,python,python,malloc@plt
496712.0,3717460,python,[kernel.kallsyms],inode_permission
496712.0,3717493,python,python,split
496709.0,3717250,python,[JIT],0x0000e1001dc3a0cc
496709.0,3717250,python,[JIT],0x0000e1001dce2160
496708.0,3717493,python,python,_PyObject_VectorcallPrepend
496707.0,3717493,python,python,PyObject_GC_UnTrack
496707.0,3717250,python,[JIT],0x0000e1001dd0b948
496707.0,3717493,python,[JIT],0x0000fea5aa817148
496706.0,3717350,python,[kernel.kallsyms],rb_insert_color
496706.0,3717493,python,[kernel.kallsyms],from_kgid_munged
496705.0,3717493,python,python,_PyArg_UnpackKeywords
496705.0,3717230,python,[JIT],0x0000ebf80a8000a4
496704.0,3717318,python,[JIT],0x0000e148ee7df324
496704.0,3717318,python,[JIT],0x0000e148ee8ab16c
496704.0,3717493,python,python,match_dealloc
496703.0,3717250,python,[kernel.kallsyms],rb_next
496703.0,3717350,python,python,_PyArg_UnpackKeywords
496702.0,3717318,python,[JIT],0x0000e148ee7dd5e8
496701.0,3717493,python,[JIT],0x0000fea5aa81780c
496700.0,3717460,python,[kernel.kallsyms],__legitimize_path
496700.0,3717350,python,python,object_dealloc
496700.0,3717381,python,python,_PyThreadState_PopFrame
496700.0,3717381,python,python,find_first_nonascii
496698.0,3717230,python,[JIT],0x0000ebf80a7d6064
496697.0,3717381,python,[JIT],0x0000eeaad519eebc
496697.0,3717350,python,[kernel.kallsyms],__check_object_size.part.0
496696.0,3717318,python,[JIT],0x0000e148ee8aa8cc
496696.0,3717460,python,python,slot_tp_init
496696.0,3717318,python,libc.so.6,__GI___readdir64
496695.0,3717493,python,[kernel.kallsyms],call_filldir
496695.0,3717318,python,[JIT],0x0000e148ee8aa898
496695.0,3717460,python,[JIT],0x0000fddad2556584
496695.0,3717250,python,[JIT],0x0000e1001dd0c14c
496693.0,3717460,python,python,PyType_GetModule
496691.0,3717460,python,[JIT],0x0000fddad252b718
496691.0,3717460,python,python,_PyObject_GenericGetAttrWithDict
496691.0,3717460,python,[kernel.kallsyms],__do_sys_newfstatat
496691.0,3717493,python,[JIT],0x0000fea5aa818674
496689.0,3717250,python,python,PyErr_Occurred
496688.0,3717493,python,[JIT],0x0000fea5aa8182c4
496686.0,3717460,python,[kernel.kallsyms],from_kuid_munged
496686.0,3717460,python,[JIT],0x0000fddad2555494
496684.0,3717493,python,[kernel.kallsyms],lockref_put_return
496684.0,3717318,python,[kernel.kallsyms],is_vmalloc_addr
496684.0,3717350,python,libc.so.6,__memcpy_generic
496684.0,3717381,python,python,structseq_dealloc
496683.0,3717493,python,python,_PyTuple_FromStackRefStealOnSuccess
496683.0,3717493,python,[kernel.kallsyms],__check_object_size
496683.0,3717381,python,[JIT],0x0000eeaad519eabc
496683.0,3717381,python,python,PyObject_Malloc
496683.0,3717460,python,[kernel.kallsyms],str2hashbuf_unsigned
496683.0,3717230,python,[JIT],0x0000ebf80a7ff118
496682.0,3717350,python,python,posix_do_stat.isra.0
496682.0,3717318,python,python,unicode_dealloc
496682.0,3717493,python,[JIT],0x0000fea5aa8170fc
496680.0,3717318,python,[JIT],0x0000e148ee7dd34c
496680.0,3717318,python,[kernel.kallsyms],verify_dirent_name
496679.0,3717250,python,[kernel.kallsyms],walk_component
496679.0,3717350,python,python,dict_dealloc
496679.0,3717460,python,python,long_dealloc
496679.0,3717230,python,python,_PyStolenTuple_Free
496678.0,3717381,python,python,PyMem_Free
496678.0,3717460,python,[kernel.kallsyms],perf_iterate_ctx
496678.0,3717318,python,python,take_gil
496678.0,3717493,python,[JIT],0x0000fea5aa7ee064
496677.0,3717230,python,[kernel.kallsyms],__filemap_get_folio
496677.0,3717493,python,python,PyStructSequence_New
496676.0,3717460,python,python,sre_ucs1_match
496675.0,3717230,python,[kernel.kallsyms],filemap_get_entry
496675.0,3717318,python,libc.so.6,cfree@GLIBC_2.17
496674.0,3717381,python,python,_PyObject_VectorcallPrepend
496674.0,3717460,python,[kernel.kallsyms],ext4fs_dirhash
496674.0,3717318,python,[kernel.kallsyms],fast_dput
496673.0,3717250,python,python,_Py_type_getattro_stackref
496673.0,3717381,python,[JIT],0x0000eeaad517469c
496672.0,3717350,python,python,PyMethod_New
496672.0,3717381,python,python,PyType_IsSubtype
496672.0,3717230,python,[JIT],0x0000ebf80a7ff3d0
496672.0,3717493,python,[JIT],0x0000fea5aa817674
496671.0,3717460,python,[JIT],0x0000fddad252141c
496670.0,3717381,python,[JIT],0x0000eeaad5174248
496668.0,3717493,python,libc.so.6,__memcpy_generic
496668.0,3717318,python,python,pthread_cond_signal@plt
496667.0,3717493,python,[kernel.kallsyms],legitimize_links
496667.0,3717381,python,python,_PyTuple_FromStackRefStealOnSuccess
496667.0,3717460,python,python,drop_gil
496667.0,3717493,python,[JIT],0x0000fea5aa817028
496666.0,3717350,python,python,_Py_type_getattro_stackref
496666.0,3717460,python,libc.so.6,_int_free_merge_chunk
496666.0,3717318,python,python,structseq_dealloc
496666.0,3717493,python,[kernel.kallsyms],xas_descend
496663.0,3717318,python,[JIT],0x0000e148ee7db0ec
496663.0,3717381,python,libc.so.6,pthread_cond_signal@@GLIBC_2.17
496662.0,3717250,python,[kernel.kallsyms],generic_fillattr
496662.0,3717460,python,python,float_dealloc
496662.0,3717318,python,python,map_next
496660.0,3717350,python,[kernel.kallsyms],__ext4fs_dirhash
496660.0,3717318,python,python,unicode_decode_utf8.part.0
496659.0,3717493,python,python,_PyEval_FrameClearAndPop
496657.0,3717318,python,python,PyUnicode_EncodeFSDefault
496657.0,3717318,python,python,PyDict_New
496655.0,3717381,python,[JIT],0x0000eeaad519e308
496654.0,3717493,python,[kernel.kallsyms],__begin_current_label_crit_section
496654.0,3717493,python,[JIT],0x0000fea5aa7ee090
496653.0,3717381,python,[kernel.kallsyms],__begin_current_label_crit_section
496652.0,3717350,python,[kernel.kallsyms],htree_dirblock_to_tree
496652.0,3717318,python,python,method_dealloc
496651.0,3717460,python,[kernel.kallsyms],slab_update_freelist.isra.0
496651.0,3717230,python,python,match_dealloc
496650.0,3717493,python,[JIT],0x0000fea5aa7eb0c8
496650.0,3717493,python,[JIT],0x0000fea5aa8178bc
496649.0,3717381,python,[JIT],0x0000eeaad50cf030
496646.0,3717381,python,[JIT],0x0000eeaad519e78c
496645.0,3717318,python,[kernel.kallsyms],__pi_clear_page
496645.0,3717318,python,python,__aarch64_ldclr8_acq_rel
496645.0,3717493,python,[JIT],0x0000fea5aa7eb70c
496645.0,3717493,python,[JIT],0x0000fea5aa8171f8
496644.0,3717318,python,[kernel.kallsyms],check_stack_object
496644.0,3717460,python,python,gen_iternext
496644.0,3717318,python,[kernel.kallsyms],__legitimize_mnt
496643.0,3717318,python,[JIT],0x0000e148ee8aa548
496643.0,3717493,python,[JIT],0x0000fea5aa8172e0
496641.0,3717250,python,libc.so.6,__errno_location
496641.0,3717350,python,[kernel.kallsyms],mntput_no_expire
496641.0,3717381,python,python,_PyThreadState_Detach
496641.0,3717381,python,python,subtype_dealloc
496641.0,3717318,python,[kernel.kallsyms],dynamic_might_resched
496640.0,3717350,python,python,PyLong_FromLong
496640.0,3717350,python,libc.so.6,unlink_chunk.isra.0
496640.0,3717493,python,python,gen_iternext
496638.0,3717381,python,python,PyUnicode_EncodeFSDefault
496638.0,3717460,python,[kernel.kallsyms],do_el0_svc
496638.0,3717318,python,python,PyObject_Malloc
496637.0,3717460,python,[kernel.kallsyms],set_root
496636.0,3717460,python,[kernel.kallsyms],legitimize_links
496636.0,3717381,python,python,tuple_dealloc
496636.0,3717460,python,libc.so.6,pthread_mutex_unlock@@GLIBC_2.17
496634.0,3717493,python,[kernel.kallsyms],should_failslab.constprop.0
496633.0,3717381,python,libc.so.6,__memset_zva64
496633.0,3717460,python,python,PyObject_Malloc
496633.0,3717230,python,python,type_is_gc
496633.0,3717318,python,python,PyObject_GC_Del
496632.0,3717318,python,[JIT],0x0000e148ee8aaf94
496631.0,3717318,python,python,_PyType_LookupStackRefAndVersion
496627.0,3717381,python,[JIT],0x0000eeaad5172404
496627.0,3717230,python,[JIT],0x0000ebf80a7d63a0
496626.0,3717493,python,[kernel.kallsyms],pfn_is_map_memory
496626.0,3717460,python,python,_PyLong_FromMedium
496625.0,3717250,python,libc.so.6,cfree@GLIBC_2.17
496625.0,3717493,python,[JIT],0x0000fea5aa8172d0
496624.0,3717318,python,python,_PyArg_UnpackKeywords
496622.0,3717250,python,[JIT],0x0000e1001dce1524
496620.0,3717230,python,[JIT],0x0000ebf80a7d6170
496619.0,3717318,python,python,PyObject_GC_UnTrack
496618.0,3717381,python,python,_PyStolenTuple_Free
496616.0,3717493,python,python,find_first_nonascii
496613.0,3717250,python,python,_PyObject_GenericGetAttrWithDict
496612.0,3717381,python,[kernel.kallsyms],__legitimize_path
496608.0,3717250,python,[kernel.kallsyms],free_rb_tree_fname
496608.0,3717381,python,[kernel.kallsyms],__ext4fs_dirhash
496608.0,3717230,python,python,strlen@plt
496606.0,3717381,python,[kernel.kallsyms],kfree
496605.0,3717250,python,python,unicodekeys_lookup_unicode
496604.0,3717381,python,[kernel.kallsyms],memchr
496602.0,3717230,python,[JIT],0x0000ebf80a7ff864
496601.0,3717493,python,[kernel.kallsyms],inode_permission
496599.0,3717250,python,[kernel.kallsyms],str2hashbuf_unsigned
496599.0,3717460,python,python,pattern_new_match
496597.0,3717493,python,[kernel.kallsyms],_raw_spin_lock
496597.0,3717460,python,python,PyLong_AsSsize_t
496596.0,3717493,python,[JIT],0x0000fea5aa8192a4
496595.0,3717318,python,python,method_vectorcall
496594.0,3717460,python,python,subtype_dealloc
496592.0,3717493,python,python,_PyUnicode_Equal
496592.0,3717381,python,python,pthread_mutex_unlock@plt
496591.0,3717250,python,python,unicode_dealloc
496590.0,3717230,python,[JIT],0x0000ebf80a72d0b4
496588.0,3717493,python,python,PyDict_GetItemWithError
496588.0,3717493,python,python,_PyObject_GC_NewVar
496587.0,3717460,python,python,PyLong_FromLong
496587.0,3717460,python,[kernel.kallsyms],path_lookupat
496586.0,3717350,python,python,PyStructSequence_SetItem
496582.0,3717318,python,[JIT],0x0000e148ee882030
496582.0,3717493,python,[JIT],0x0000fea5aa7ed3a4
496581.0,3717350,python,[kernel.kallsyms],__arch_copy_to_user
496581.0,3717230,python,[JIT],0x0000ebf80a7ff0d4
496579.0,3717250,python,python,_Py_dict_lookup
496579.0,3717230,python,[JIT],0x0000ebf80a7ff73c
496578.0,3717230,python,[JIT],0x0000ebf80a7d6370
496576.0,3717493,python,[kernel.kallsyms],rb_next
496576.0,3717381,python,[JIT],0x0000eeaad51721ec
496576.0,3717230,python,[JIT],0x0000ebf80a7d66a0
496575.0,3717493,python,libc.so.6,__errno_location
496575.0,3717350,python,[kernel.kallsyms],__legitimize_path
496573.0,3717230,python,[JIT],0x0000ebf80a7d6050
496569.0,3717381,python,[kernel.kallsyms],rb_insert_color
496569.0,3717230,python,[JIT],0x0000ebf80a7ff680
496569.0,3717230,python,[JIT],0x0000ebf80a7ff89c
496568.0,3717250,python,python,PyObject_Call
496567.0,3717460,python,python,cfunction_vectorcall_FASTCALL_KEYWORDS_METHOD
496567.0,3717318,python,python,PyType_GetModule
496566.0,3717350,python,[kernel.kallsyms],lockref_put_return
496566.0,3717460,python,python,PyFloat_FromDouble
496565.0,3717493,python,python,_PyObject_Call_Prepend
496562.0,3717381,python,[kernel.kallsyms],ext4_sb_block_valid
496561.0,3717250,python,python,slot_tp_init
496561.0,3717460,python,[JIT],0x0000fddad2556500
496561.0,3717381,python,[kernel.kallsyms],filename_lookup
496560.0,3717230,python,[kernel.kallsyms],check_stack_object
496556.0,3717230,python,[JIT],0x0000ebf80a7ff948
496555.0,3717460,python,libc.so.6,__memset_zva64
496555.0,3717230,python,[JIT],0x0000ebf80a800414
496555.0,3717493,python,[JIT],0x0000fea5aa817d74
496552.0,3717381,python,python,_Py_BuiltinCallFastWithKeywords_StackRef
496551.0,3717318,python,python,sre_ucs1_count
496550.0,3717493,python,python,_PyObject_VectorcallDictTstate
496543.0,3717318,python,[kernel.kallsyms],strncpy_from_user
496542.0,3717250,python,[kernel.kallsyms],rb_insert_color
496542.0,3717230,python,[JIT],0x0000ebf80a7ff8cc
496541.0,3717381,python,python,_Py_dict_lookup
496540.0,3717318,python,[JIT],0x0000e148ee7df048
496540.0,3717460,python,python,dict_dealloc
496536.0,3717230,python,[JIT],0x0000ebf80a7ff61c
496535.0,3717318,python,[kernel.kallsyms],__ext4fs_dirhash
496533.0,3717250,python,libc.so.6,_int_malloc
496533.0,3717460,python,[JIT],0x0000fddad2555f20
496529.0,3717381,python,python,func_descr_get
496528.0,3717230,python,[JIT],0x0000ebf80a7d6458
496528.0,3717230,python,[JIT],0x0000ebf80a7ffce4
496528.0,3717318,python,python,PyObject_Call
496523.0,3717318,python,python,PyObject_Free
496522.0,3717493,python,[kernel.kallsyms],strncpy_from_user
496522.0,3717250,python,python,cfunction_vectorcall_FASTCALL_KEYWORDS_METHOD
496522.0,3717381,python,python,_sre_SRE_Pattern_prefixmatch
496521.0,3717493,python,[JIT],0x0000fea5aa7eb02c
496517.0,3717250,python,[JIT],0x0000e1001dc3e178
496515.0,3717460,python,libc.so.6,__strlen_asimd
496515.0,3717493,python,[JIT],0x0000fea5aa7ed448
496514.0,3717460,python,python,_PyObject_GC_NewVar
496514.0,3717230,python,[JIT],0x0000ebf80a7d10e4
496512.0,3717460,python,[JIT],0x0000fddad2556704
496512.0,3717350,python,[kernel.kallsyms],kmem_cache_free
496512.0,3717230,python,[JIT],0x0000ebf80a7ffda8
496509.0,3717230,python,[JIT],0x0000ebf80a7d7090
496502.0,3717250,python,[kernel.kallsyms],ext4_dx_readdir
496502.0,3717318,python,[kernel.kallsyms],cp_new_stat
496500.0,3717230,python,python,method_vectorcall
496495.0,3717350,python,libc.so.6,__GI___readdir64
496493.0,3717318,python,python,_PyObject_GenericGetAttrWithDict
496492.0,3717381,python,python,type_call
496489.0,3717493,python,python,PyType_IsSubtype
496488.0,3717381,python,[JIT],0x0000eeaad519e1f4
496487.0,3717250,python,python,PyDict_GetItemRef
496472.0,3717318,python,libc.so.6,__GI___stat64
496470.0,3717230,python,[kernel.kallsyms],from_kgid_munged
496457.0,3717318,python,[kernel.kallsyms],ext4_dx_readdir
496448.0,3717493,python,[kernel.kallsyms],el0_svc_common.constprop.0
496435.0,3717493,python,[JIT],0x0000fea5aa817a18
496433.0,3717318,python,[kernel.kallsyms],step_into
496429.0,3717493,python,python,PyDict_New
496427.0,3717460,python,python,visit_decref
496407.0,3717460,python,python,subtype_traverse
496398.0,3717230,python,[JIT],0x0000ebf80a7ff78c
496382.0,3717318,python,[JIT],0x0000e148ee8aae08
496303.0,3717381,python,python,slot_tp_init
496298.0,3717230,python,[JIT],0x0000ebf80a7ffb40
496289.0,3717460,python,[JIT],0x0000fddad252715c
496200.0,3717493,python,[JIT],0x0000fea5aa817a60
496192.0,3717381,python,python,memset@plt
496095.0,3717250,python,[JIT],0x0000e1001dd0beac
496059.0,3717230,python,[JIT],0x0000ebf80a801744
496048.0,3717493,python,python,list_traverse
495966.0,3717493,python,[JIT],0x0000fea5aa817c14
495906.0,3717493,python,[JIT],0x0000fea5aa818038
495871.0,3717460,python,[JIT],0x0000fddad252b768
495787.0,3717230,python,[JIT],0x0000ebf80a7d70fc
495696.0,3717460,python,python,list_traverse
495644.0,3717318,python,[JIT],0x0000e148ee8810fc
495597.0,3717460,python,[JIT],0x0000fddad2555b0c
495591.0,3717381,python,python,PyObject_IsTrue
495467.0,3717493,python,[JIT],0x0000fea5aa7ee0d4
495064.0,3717318,python,[JIT],0x0000e148ee8810f4
494503.0,3717318,python,[JIT],0x0000e148ee8ac744
493967.0,3717381,python,[JIT],0x0000eeaad519f2c4
493462.0,3717250,python,python,list_traverse
493334.0,3717460,python,[JIT],0x0000fddad255631c
493121.0,3717460,python,[kernel.kallsyms],__find_get_block_slow
492762.0,3717381,python,[JIT],0x0000eeaad519efb0
492725.0,3717318,python,[JIT],0x0000e148ee7dd858
492479.0,3717250,python,[JIT],0x0000e1001dd0b1f4
492457.0,3717493,python,python,_list_extend
492225.0,3717381,python,[JIT],0x0000eeaad519eab4
490483.0,3717381,python,[kernel.kallsyms],call_filldir
490232.0,3717460,python,[JIT],0x0000fddad252b158
489571.0,3717381,python,[JIT],0x0000eeaad5175188
489169.0,3717250,python,[JIT],0x0000e1001dc38038
488837.0,3717460,python,[kernel.kallsyms],rb_next
487959.0,3717381,python,[JIT],0x0000eeaad519e28c
485967.0,3717381,python,[JIT],0x0000eeaad517467c
483138.0,3717460,python,libc.so.6,unlink_chunk.isra.0
478551.0,3717250,python,libc.so.6,__aarch64_cas4_acq
475450.0,3717460,python,[kernel.kallsyms],_raw_read_lock
475161.0,3717230,python,[JIT],0x0000ebf80a7d6120
470295.0,3717381,python,[JIT],0x0000eeaad5172410
466286.0,3717250,python,python,_Py_IsMainThread
459294.0,3717493,python,libc.so.6,__GI___readdir64
450391.0,3717381,python,[kernel.kallsyms],rb_next_postorder
335184.0,3717493,python,[kernel.kallsyms],__srcu_read_lock
315053.0,3717318,python,[kernel.kallsyms],__arch_copy_to_user
297359.0,3717250,python,[kernel.kallsyms],__pi_clear_page
289819.0,3717318,python,[kernel.kallsyms],xas_descend
284049.0,3717350,python,python,memcpy@plt
278206.0,3717350,python,[kernel.kallsyms],post_alloc_hook
274231.0,3717493,python,[JIT],0x0000fea5aa817760
269355.0,3717250,python,[kernel.kallsyms],check_heap_object
266986.0,3717230,python,[kernel.kallsyms],__rmqueue_pcplist
264711.0,3717250,python,python,dict_dealloc
263341.0,3717318,python,python,_PyThreadState_Detach
261389.0,3717460,python,[kernel.kallsyms],__slab_free
255847.0,3717250,python,python,subtype_traverse
252590.0,3717460,python,[JIT],0x0000fddad2555284
251364.0,3717250,python,[JIT],0x0000e1001dce16dc
251313.0,3717460,python,[JIT],0x0000fddad2555f80
250174.0,3717350,python,python,_PyType_LookupStackRefAndVersion
250129.0,3717318,python,python,gen_iternext
249856.0,3717318,python,python,invoke_gc_callback.isra.0
249833.0,3717250,python,[JIT],0x0000e1001dd0bcb4
249816.0,3717318,python,[JIT],0x0000e148ee8aa614
249542.0,3717460,python,python,type_is_gc
249268.0,3717318,python,python,__errno_location@plt
249249.0,3717460,python,[JIT],0x0000fddad2555f88
249222.0,3717250,python,python,visit_reachable
249111.0,3717250,python,[JIT],0x0000e1001dd0c154
249081.0,3717381,python,[JIT],0x0000eeaad519e570
248950.0,3717493,python,[JIT],0x0000fea5aa817f8c
248913.0,3717460,python,[JIT],0x0000fddad2555588
248904.0,3717381,python,[JIT],0x0000eeaad519e8a4
248899.0,3717318,python,[JIT],0x0000e148ee8aa45c
248886.0,3717318,python,python,_PyList_AppendTakeRefListResize
248868.0,3717381,python,python,func_traverse
248861.0,3717460,python,[JIT],0x0000fddad252c0fc
248806.0,3717493,python,[JIT],0x0000fea5aa8179f0
248688.0,3717250,python,[kernel.kallsyms],mas_walk
248675.0,3717318,python,python,object_isinstance
248654.0,3717381,python,[JIT],0x0000eeaad519e984
248644.0,3717318,python,[kernel.kallsyms],_raw_read_unlock
248640.0,3717493,python,[JIT],0x0000fea5aa817e9c
248606.0,3717318,python,[JIT],0x0000e148ee8aabe8
248594.0,3717460,python,[kernel.kallsyms],ext4_do_update_inode.isra.0
248585.0,3717250,python,[JIT],0x0000e1001dd0c0e4
248572.0,3717318,python,python,ga_traverse
248563.0,3717381,python,[JIT],0x0000eeaad519eafc
248557.0,3717318,python,python,unicode_from_format
248555.0,3717381,python,[JIT],0x0000eeaad519f13c
248542.0,3717493,python,[JIT],0x0000fea5aa7eb1a0
248540.0,3717381,python,[JIT],0x0000eeaad50cd3b0
248538.0,3717460,python,[JIT],0x0000fddad2529450
248537.0,3717493,python,[JIT],0x0000fea5aa7e751c
248533.0,3717318,python,[JIT],0x0000e148ee8aa348
248522.0,3717381,python,[JIT],0x0000eeaad519e45c
248521.0,3717381,python,[JIT],0x0000eeaad51724d4
248519.0,3717460,python,python,_PyFunction_Vectorcall
248518.0,3717318,python,[JIT],0x0000e148ee8aa1f4
248517.0,3717318,python,[JIT],0x0000e148ee8aa504
248517.0,3717460,python,[JIT],0x0000fddad2525288
248515.0,3717381,python,python,strlen@plt
248514.0,3717460,python,[JIT],0x0000fddad2555730
248513.0,3717250,python,[JIT],0x0000e1001dce3040
248512.0,3717381,python,[JIT],0x0000eeaad50c91a8
248511.0,3717250,python,[kernel.kallsyms],__pte_offset_map_lock
248509.0,3717381,python,[JIT],0x0000eeaad519eb48
248508.0,3717493,python,[kernel.kallsyms],__pi_clear_page
248508.0,3717318,python,[JIT],0x0000e148ee7dd674
248506.0,3717318,python,python,PyTime_PerfCounterRaw
248506.0,3717250,python,[JIT],0x0000e1001dd0b64c
248506.0,3717381,python,[JIT],0x0000eeaad519f5cc
248505.0,3717460,python,python,_PyTuple_FromStackRefStealOnSuccess
248504.0,3717318,python,[JIT],0x0000e148ee8aa0e8
248503.0,3717230,python,[JIT],0x0000ebf80a7d30c8
248501.0,3717460,python,[JIT],0x0000fddad25251e8
248501.0,3717250,python,[JIT],0x0000e1001dd0c5b4
248501.0,3717381,python,python,cfunction_vectorcall_FASTCALL_KEYWORDS_METHOD
248500.0,3717250,python,[kernel.kallsyms],arch_local_irq_restore
248499.0,3717250,python,[JIT],0x0000e1001dc3a0ac
248499.0,3717230,python,[JIT],0x0000ebf80a800010
248499.0,3717318,python,python,_PyObject_New
248497.0,3717318,python,[JIT],0x0000e148ee8aa3bc
248496.0,3717318,python,[JIT],0x0000e148ee8aa148
248496.0,3717250,python,[JIT],0x0000e1001dce13b8
248495.0,3717250,python,[kernel.kallsyms],dput
248494.0,3717250,python,[JIT],0x0000e1001dd0c6a0
248492.0,3717460,python,[JIT],0x0000fddad252b3f4
248492.0,3717250,python,[JIT],0x0000e1001dce115c
248492.0,3717381,python,[JIT],0x0000eeaad517263c
248491.0,3717381,python,[JIT],0x0000eeaad519e0e8
248490.0,3717318,python,[JIT],0x0000e148ee7dd468
248490.0,3717460,python,[JIT],0x0000fddad25292d8
248490.0,3717230,python,[JIT],0x0000ebf80a7ff95c
248490.0,3717493,python,[kernel.kallsyms],_raw_spin_trylock
248489.0,3717318,python,[JIT],0x0000e148ee8aaa14
248489.0,3717381,python,[JIT],0x0000eeaad519ebc0
248489.0,3717318,python,[kernel.kallsyms],ext4_getblk
248488.0,3717318,python,[JIT],0x0000e148ee8aa7b8
248488.0,3717350,python,libc.so.6,__memset_zva64
248487.0,3717318,python,[JIT],0x0000e148ee7dd324
248487.0,3717250,python,python,find_first_nonascii
248487.0,3717350,python,[kernel.kallsyms],link_path_walk.part.0.constprop.0
248487.0,3717230,python,python,allocate_from_new_pool
248486.0,3717460,python,[JIT],0x0000fddad255667c
248486.0,3717460,python,python,find_first_nonascii
248486.0,3717493,python,[JIT],0x0000fea5aa7e8448
248485.0,3717318,python,[JIT],0x0000e148ee7dd8b4
248485.0,3717250,python,[JIT],0x0000e1001dd0ba50
248485.0,3717381,python,[JIT],0x0000eeaad5172824
248484.0,3717318,python,[JIT],0x0000e148ee7d90cc
248484.0,3717318,python,[JIT],0x0000e148ee8aa714
248484.0,3717250,python,[kernel.kallsyms],el0_svc_common.constprop.0
248484.0,3717250,python,libc.so.6,strcpy
248484.0,3717381,python,[JIT],0x0000eeaad519e5bc
248484.0,3717230,python,[JIT],0x0000ebf80a7d3688
248484.0,3717318,python,python,os_fspath
248484.0,3717493,python,[kernel.kallsyms],mas_wr_node_store
248483.0,3717318,python,[JIT],0x0000e148ee7df148
248483.0,3717381,python,[JIT],0x0000eeaad519ec54
248482.0,3717460,python,[kernel.kallsyms],__ext4_handle_dirty_metadata
248481.0,3717318,python,python,_PyMem_RawFree
248480.0,3717460,python,[JIT],0x0000fddad25292c8
248480.0,3717250,python,[JIT],0x0000e1001dc3e1f4
248479.0,3717318,python,[JIT],0x0000e148ee7dd794
248479.0,3717250,python,[kernel.kallsyms],vfs_write
248479.0,3717250,python,[JIT],0x0000e1001dce1104
248478.0,3717318,python,[JIT],0x0000e148ee7dd38c
248478.0,3717460,python,[kernel.kallsyms],obj_cgroup_charge
248478.0,3717460,python,[JIT],0x0000fddad252953c
248478.0,3717460,python,[JIT],0x0000fddad252b388
248478.0,3717460,python,[JIT],0x0000fddad2555b84
248477.0,3717318,python,[JIT],0x0000e148ee7dd680
248477.0,3717250,python,[JIT],0x0000e1001dce203c
248477.0,3717230,python,[JIT],0x0000ebf80a800004
248476.0,3717460,python,[JIT],0x0000fddad252b5e8
248476.0,3717381,python,[JIT],0x0000eeaad519ec88
248475.0,3717318,python,[JIT],0x0000e148ee8aaf14
248475.0,3717381,python,[JIT],0x0000eeaad519f700
248475.0,3717493,python,python,strlen@plt
248475.0,3717493,python,[JIT],0x0000fea5aa7eb690
248474.0,3717318,python,[JIT],0x0000e148ee7da450
248474.0,3717350,python,[JIT],0x0000fa769628a404
248474.0,3717318,python,[kernel.kallsyms],uaccess_ttbr0_disable.isra.0
248474.0,3717493,python,[JIT],0x0000fea5aa7ed364
248473.0,3717460,python,[kernel.kallsyms],__find_get_block_slow
248472.0,3717250,python,[JIT],0x0000e1001dd0b9a0
248472.0,3717381,python,[JIT],0x0000eeaad519eeac
248472.0,3717460,python,[JIT],0x0000fddad2529de8
248472.0,3717493,python,[kernel.kallsyms],_raw_read_lock
248471.0,3717318,python,[JIT],0x0000e148ee7d71c4
248471.0,3717250,python,[JIT],0x0000e1001dce11b8
248471.0,3717250,python,[JIT],0x0000e1001dd0b02c
248471.0,3717381,python,[JIT],0x0000eeaad519f1dc
248471.0,3717230,python,[JIT],0x0000ebf80a800240
248471.0,3717493,python,[JIT],0x0000fea5aa817578
248471.0,3717493,python,[JIT],0x0000fea5aa8175ac
248470.0,3717460,python,[JIT],0x0000fddad25293d4
248469.0,3717250,python,python,PyUnicode_New.part.0
248469.0,3717460,python,[JIT],0x0000fddad252b598
248469.0,3717250,python,[JIT],0x0000e1001dd0b960
248467.0,3717493,python,[JIT],0x0000fea5aa818014
248467.0,3717493,python,[JIT],0x0000fea5aa818018
248466.0,3717318,python,[kernel.kallsyms],ext4_reserve_inode_write
248466.0,3717250,python,[JIT],0x0000e1001dce10d8
248466.0,3717493,python,[JIT],0x0000fea5aa817eb0
248465.0,3717318,python,[JIT],0x0000e148ee8aae64
248465.0,3717460,python,[JIT],0x0000fddad2555eac
248465.0,3717381,python,[JIT],0x0000eeaad51725dc
248465.0,3717493,python,[JIT],0x0000fea5aa7eb63c
248465.0,3717493,python,[JIT],0x0000fea5aa7eb858
248464.0,3717318,python,[JIT],0x0000e148ee8ab718
248464.0,3717250,python,[JIT],0x0000e1001dce219c
248464.0,3717350,python,python,PyThread_get_thread_ident
248464.0,3717350,python,[JIT],0x0000fa769628aeb0
248464.0,3717230,python,[JIT],0x0000ebf80a7d1350
248464.0,3717493,python,[JIT],0x0000fea5aa7eb3c8
248463.0,3717318,python,[JIT],0x0000e148ee7df43c
248463.0,3717381,python,[JIT],0x0000eeaad51742f8
248463.0,3717493,python,[JIT],0x0000fea5aa817918
248462.0,3717318,python,[kernel.kallsyms],___slab_alloc
248462.0,3717250,python,[JIT],0x0000e1001dd0b80c
248462.0,3717250,python,[JIT],0x0000e1001dd0d744
248462.0,3717381,python,[JIT],0x0000eeaad5174ccc
248462.0,3717460,python,[JIT],0x0000fddad2529480
248461.0,3717318,python,[JIT],0x0000e148ee8ab32c
248461.0,3717250,python,[JIT],0x0000e1001dd0c0f0
248461.0,3717250,python,libc.so.6,__GI___getdents64
248461.0,3717250,python,[JIT],0x0000e1001dc3e69c
248461.0,3717381,python,[JIT],0x0000eeaad51721cc
248461.0,3717381,python,[JIT],0x0000eeaad5174404
248461.0,3717381,python,[JIT],0x0000eeaad519ee0c
248460.0,3717460,python,[JIT],0x0000fddad252b1a8
248460.0,3717350,python,[kernel.kallsyms],dput
248460.0,3717493,python,[JIT],0x0000fea5aa7ee128
248459.0,3717250,python,[kernel.kallsyms],__check_object_size
248459.0,3717250,python,[kernel.kallsyms],filemap_get_entry
248459.0,3717250,python,[JIT],0x0000e1001dce1594
248459.0,3717250,python,[JIT],0x0000e1001dce17e8
248458.0,3717493,python,python,PyType_GetModule
248458.0,3717381,python,python,readdir64@plt
248458.0,3717230,python,[JIT],0x0000ebf80a7d70e0
248457.0,3717318,python,[JIT],0x0000e148ee7d5144
248457.0,3717318,python,[JIT],0x0000e148ee7dd554
248456.0,3717318,python,[kernel.kallsyms],mutex_lock
248456.0,3717318,python,[JIT],0x0000e148ee7dd0c4
248456.0,3717318,python,[JIT],0x0000e148ee8ab1c8
248456.0,3717460,python,[JIT],0x0000fddad2555298
248456.0,3717381,python,[JIT],0x0000eeaad5176008
248456.0,3717381,python,[JIT],0x0000eeaad519f2c0
248456.0,3717381,python,[JIT],0x0000eeaad51720e8
248456.0,3717230,python,[JIT],0x0000ebf80a7d31e4
248455.0,3717460,python,[JIT],0x0000fddad2555128
248455.0,3717460,python,[JIT],0x0000fddad2555d20
248455.0,3717250,python,[JIT],0x0000e1001dd0b348
248455.0,3717381,python,[JIT],0x0000eeaad519f11c
248455.0,3717460,python,python,PyLong_FromUnsignedLong
248455.0,3717230,python,[JIT],0x0000ebf80a72d158
248454.0,3717381,python,python,malloc@plt
248454.0,3717381,python,[kernel.kallsyms],from_kuid_munged
248454.0,3717230,python,[kernel.kallsyms],perf_iterate_ctx
248454.0,3717230,python,[JIT],0x0000ebf80a7ff298
248453.0,3717493,python,python,PyDict_GetItemRef
248453.0,3717250,python,[kernel.kallsyms],fast_dput
248453.0,3717250,python,[JIT],0x0000e1001dce1268
248453.0,3717381,python,libc.so.6,__memcpy_generic
248453.0,3717493,python,[JIT],0x0000fea5aa7e9084
248452.0,3717318,python,[JIT],0x0000e148ee8aabd8
248452.0,3717460,python,[JIT],0x0000fddad252502c
248452.0,3717250,python,[JIT],0x0000e1001dce15a4
248452.0,3717350,python,python,PyObject_Malloc
248452.0,3717493,python,[kernel.kallsyms],schedule_debug.isra.0
248452.0,3717493,python,[JIT],0x0000fea5aa7e3494
248452.0,3717493,python,[JIT],0x0000fea5aa7e903c
248451.0,3717230,python,[JIT],0x0000ebf80a7d63d4
248450.0,3717318,python,[JIT],0x0000e148ee881188
248450.0,3717460,python,python,object_get_class
248450.0,3717250,python,[JIT],0x0000e1001dc3e4e0
248450.0,3717381,python,python,emit__LOAD_CONST_INLINE_r01
248450.0,3717381,python,[JIT],0x0000eeaad5174134
248450.0,3717230,python,python,_PyOptimizer_Optimize
248450.0,3717493,python,[JIT],0x0000fea5aa7e7204
248450.0,3717493,python,[JIT],0x0000fea5aa817968
248449.0,3717318,python,libc.so.6,_int_realloc
248449.0,3717318,python,[kernel.kallsyms],task_mm_cid_work
248449.0,3717318,python,[JIT],0x0000e148ee7dd448
248449.0,3717250,python,[JIT],0x0000e1001dce17a4
248449.0,3717381,python,[JIT],0x0000eeaad517242c
248449.0,3717381,python,[JIT],0x0000eeaad519e17c
248449.0,3717493,python,[JIT],0x0000fea5aa8185a8
248448.0,3717460,python,[JIT],0x0000fddad25295c4
248448.0,3717381,python,[JIT],0x0000eeaad519e20c
248448.0,3717493,python,[JIT],0x0000fea5aa7e71c4
248447.0,3717460,python,[JIT],0x0000fddad252b5bc
248447.0,3717460,python,[JIT],0x0000fddad25561d0
248447.0,3717381,python,[JIT],0x0000eeaad51725b8
248447.0,3717493,python,[JIT],0x0000fea5aa7ef080
248446.0,3717318,python,[JIT],0x0000e148ee7dd1a0
248446.0,3717318,python,[JIT],0x0000e148ee7dd798
248446.0,3717460,python,[kernel.kallsyms],__brelse
248446.0,3717493,python,[JIT],0x0000fea5aa7eb4a8
248445.0,3717318,python,[JIT],0x0000e148ee881110
248445.0,3717381,python,[JIT],0x0000eeaad5174058
248445.0,3717493,python,[JIT],0x0000fea5aa817400
248444.0,3717250,python,[JIT],0x0000e1001dd0c058
248444.0,3717350,python,[kernel.kallsyms],__call_rcu_common
248444.0,3717493,python,[kernel.kallsyms],__crc32c_le
248443.0,3717318,python,[JIT],0x0000e148ee7d63fc
248443.0,3717318,python,[JIT],0x0000e148ee7df204
248443.0,3717250,python,python,_PyList_AppendTakeRefListResize
248443.0,3717250,python,[JIT],0x0000e1001dc36664
248443.0,3717493,python,[kernel.kallsyms],percpu_counter_add_batch
248442.0,3717250,python,python,_PyLong_FromTime_t
248442.0,3717460,python,[JIT],0x0000fddad25291ac
248442.0,3717250,python,[JIT],0x0000e1001dc3b030
248442.0,3717250,python,[JIT],0x0000e1001dd0b4e4
248442.0,3717381,python,[JIT],0x0000eeaad519e10c
248442.0,3717350,python,[kernel.kallsyms],___slab_alloc
248442.0,3717230,python,[JIT],0x0000ebf80a7ff328
248442.0,3717493,python,[JIT],0x0000fea5aa817590
248442.0,3717493,python,[JIT],0x0000fea5aa818344
248441.0,3717318,python,[JIT],0x0000e148ee8aa15c
248441.0,3717381,python,[JIT],0x0000eeaad50ce07c
248440.0,3717250,python,[JIT],0x0000e1001dc3b290
248440.0,3717250,python,[JIT],0x0000e1001dc3c174
248440.0,3717250,python,[JIT],0x0000e1001dd0b328
248440.0,3717381,python,[JIT],0x0000eeaad519ef78
248440.0,3717460,python,python,posix_do_stat.isra.0
248440.0,3717230,python,libc.so.6,__GI___getdents64
248440.0,3717493,python,[JIT],0x0000fea5aa7ed6dc
248439.0,3717318,python,[JIT],0x0000e148ee8aac5c
248439.0,3717250,python,[JIT],0x0000e1001dc363c8
248439.0,3717381,python,[JIT],0x0000eeaad519f500
248439.0,3717350,python,libc.so.6,_int_free
248439.0,3717493,python,[JIT],0x0000fea5aa81761c
248438.0,3717318,python,[JIT],0x0000e148ee8ab0a0
248438.0,3717460,python,[JIT],0x0000fddad2526208
248438.0,3717460,python,[JIT],0x0000fddad25292d0
248438.0,3717250,python,[JIT],0x0000e1001dce10f8
248438.0,3717250,python,[JIT],0x0000e1001dd0b478
248438.0,3717381,python,[JIT],0x0000eeaad519f478
248437.0,3717318,python,python,free@plt
248437.0,3717318,python,[JIT],0x0000e148ee8ab6e4
248437.0,3717250,python,python,pthread_cond_signal@plt
248437.0,3717250,python,[JIT],0x0000e1001dd0bbbc
248437.0,3717381,python,[JIT],0x0000eeaad5174528
248437.0,3717381,python,[JIT],0x0000eeaad51750d4
248437.0,3717493,python,[JIT],0x0000fea5aa7e81ac
248436.0,3717318,python,[JIT],0x0000e148ee7d517c
248436.0,3717250,python,[JIT],0x0000e1001dce143c
248436.0,3717250,python,libc.so.6,realloc
248436.0,3717250,python,[JIT],0x0000e1001dd0bcbc
248436.0,3717381,python,[JIT],0x0000eeaad51721e4
248436.0,3717381,python,[JIT],0x0000eeaad517410c
248436.0,3717381,python,[JIT],0x0000eeaad519e498
248436.0,3717230,python,[JIT],0x0000ebf80a72e068
248436.0,3717230,python,[JIT],0x0000ebf80a7d3068
248436.0,3717230,python,[JIT],0x0000ebf80a7ff0c8
248436.0,3717493,python,[kernel.kallsyms],ext4_getblk
248436.0,3717493,python,[JIT],0x0000fea5aa7e70cc
248436.0,3717493,python,[JIT],0x0000fea5aa7e723c
248435.0,3717318,python,[JIT],0x0000e148ee7d55c4
248435.0,3717318,python,[JIT],0x0000e148ee7d9114
248435.0,3717250,python,[JIT],0x0000e1001dce3050
248435.0,3717381,python,[JIT],0x0000eeaad50cf0a4
248435.0,3717381,python,[JIT],0x0000eeaad5175128
248435.0,3717230,python,[kernel.kallsyms],__pi_clear_page
248435.0,3717318,python,[kernel.kallsyms],rb_next
248434.0,3717318,python,libc.so.6,__aarch64_swp8_acq
248434.0,3717318,python,[JIT],0x0000e148ee7d815c
248434.0,3717318,python,[JIT],0x0000e148ee8aa9ac
248434.0,3717250,python,[JIT],0x0000e1001dd0bbac
248434.0,3717460,python,[JIT],0x0000fddad25251d4
248434.0,3717250,python,[JIT],0x0000e1001dd0b8bc
248434.0,3717250,python,[JIT],0x0000e1001dd0c100
248434.0,3717381,python,[JIT],0x0000eeaad517265c
248434.0,3717381,python,[JIT],0x0000eeaad519f708
248434.0,3717230,python,[JIT],0x0000ebf80a7d38d4
248434.0,3717493,python,python,_PyEval_AcquireLock
248434.0,3717493,python,[JIT],0x0000fea5aa7e8240
248433.0,3717250,python,[JIT],0x0000e1001dc37328
248433.0,3717250,python,[JIT],0x0000e1001dd0c2ac
248433.0,3717381,python,[JIT],0x0000eeaad50ce270
248433.0,3717381,python,[kernel.kallsyms],uaccess_ttbr0_enable.isra.0
248433.0,3717460,python,python,map_next
248433.0,3717230,python,libc.so.6,strchr
248433.0,3717318,python,[kernel.kallsyms],up_read
248432.0,3717493,python,python,float_dealloc
248432.0,3717318,python,[JIT],0x0000e148ee7df5a8
248432.0,3717250,python,[JIT],0x0000e1001dd0b998
248432.0,3717250,python,[JIT],0x0000e1001dce20a4
248432.0,3717381,python,[kernel.kallsyms],schedule_debug.isra.0
248432.0,3717460,python,libc.so.6,pthread_cond_signal@@GLIBC_2.17
248432.0,3717493,python,[JIT],0x0000fea5aa7ed284
248431.0,3717250,python,python,range_vectorcall
248431.0,3717230,python,[JIT],0x0000ebf80a72f168
248431.0,3717230,python,[JIT],0x0000ebf80a7d5050
248431.0,3717318,python,[kernel.kallsyms],__check_object_size.part.0
248431.0,3717493,python,[kernel.kallsyms],dynamic_cond_resched
248430.0,3717493,python,python,PyBytes_FromStringAndSize
248430.0,3717318,python,[JIT],0x0000e148ee8ab458
248430.0,3717460,python,[JIT],0x0000fddad252547c
248430.0,3717350,python,[kernel.kallsyms],_raw_spin_unlock_irqrestore
248430.0,3717230,python,[JIT],0x0000ebf80a7ff9a0
248430.0,3717493,python,[JIT],0x0000fea5aa7ed4f8
248429.0,3717318,python,[JIT],0x0000e148ee7da1e8
248429.0,3717318,python,[JIT],0x0000e148ee8aad44
248429.0,3717318,python,[JIT],0x0000e148ee8aadd4
248429.0,3717250,python,[JIT],0x0000e1001dce20d4
248429.0,3717250,python,[JIT],0x0000e1001dd0bb2c
248429.0,3717381,python,[kernel.kallsyms],__perf_addr_filters_adjust
248429.0,3717460,python,[kernel.kallsyms],percpu_counter_add_batch
248429.0,3717460,python,[JIT],0x0000fddad252c0f4
248429.0,3717230,python,[JIT],0x0000ebf80a7d6054
248429.0,3717493,python,[JIT],0x0000fea5aa7e33c0
248429.0,3717493,python,[JIT],0x0000fea5aa7e707c
248429.0,3717493,python,[JIT],0x0000fea5aa8173b8
248428.0,3717318,python,[JIT],0x0000e148ee8ab634
248428.0,3717250,python,libc.so.6,malloc
248428.0,3717460,python,[JIT],0x0000fddad252949c
248428.0,3717250,python,[JIT],0x0000e1001dd0b360
248428.0,3717250,python,[JIT],0x0000e1001dd0b490
248428.0,3717381,python,libc.so.6,memcmp
248428.0,3717381,python,[JIT],0x0000eeaad519e268
248428.0,3717381,python,[JIT],0x0000eeaad519ebd8
248428.0,3717350,python,[JIT],0x0000fa769628a28c
248428.0,3717381,python,[kernel.kallsyms],xas_load
248428.0,3717318,python,[kernel.kallsyms],__handle_mm_fault
248428.0,3717493,python,[JIT],0x0000fea5aa7e5174
248428.0,3717493,python,[JIT],0x0000fea5aa7e9158
248428.0,3717493,python,[JIT],0x0000fea5aa7eb82c
248427.0,3717318,python,libc.so.6,__GI___libc_write
248427.0,3717318,python,[JIT],0x0000e148ee7dd2ac
248427.0,3717318,python,[JIT],0x0000e148ee8ab4d0
248427.0,3717250,python,[JIT],0x0000e1001dc3a3f0
248427.0,3717381,python,[JIT],0x0000eeaad50cb35c
248427.0,3717350,python,[kernel.kallsyms],__check_object_size
248427.0,3717350,python,python,visit_reachable
248427.0,3717460,python,python,PyErr_Occurred
248427.0,3717493,python,[JIT],0x0000fea5aa81801c
248426.0,3717318,python,[JIT],0x0000e148ee7dd29c
248426.0,3717318,python,[JIT],0x0000e148ee7df230
248426.0,3717250,python,[JIT],0x0000e1001dd0b460
248426.0,3717381,python,[JIT],0x0000eeaad519ef8c
248426.0,3717350,python,[kernel.kallsyms],putname
248426.0,3717460,python,[kernel.kallsyms],get_task_policy.part.0
248426.0,3717318,python,python,PyObject_GC_Track
248425.0,3717250,python,[kernel.kallsyms],__memcg_slab_post_alloc_hook
248425.0,3717250,python,python,_PyJit_TryInitializeTracing
248425.0,3717381,python,[JIT],0x0000eeaad51721f4
248425.0,3717350,python,[kernel.kallsyms],do_el0_svc
248425.0,3717350,python,[kernel.kallsyms],rb_next
248425.0,3717493,python,[JIT],0x0000fea5aa7eb314
248424.0,3717493,python,python,_PyObject_GC_Link
248424.0,3717250,python,[kernel.kallsyms],filename_lookup
248424.0,3717250,python,[kernel.kallsyms],legitimize_links
248424.0,3717460,python,[JIT],0x0000fddad2555bac
248424.0,3717460,python,[JIT],0x0000fddad25576e8
248424.0,3717250,python,[kernel.kallsyms],atime_needs_update
248424.0,3717250,python,[JIT],0x0000e1001dc3a364
248424.0,3717230,python,[JIT],0x0000ebf80a7d6478
248424.0,3717230,python,[JIT],0x0000ebf80a800044
248423.0,3717318,python,[JIT],0x0000e148ee8ab01c
248423.0,3717250,python,[JIT],0x0000e1001dc3e140
248423.0,3717381,python,[JIT],0x0000eeaad5172de8
248423.0,3717381,python,[JIT],0x0000eeaad519e724
248422.0,3717493,python,[kernel.kallsyms],kfree
248422.0,3717318,python,[JIT],0x0000e148ee881098
248422.0,3717460,python,[JIT],0x0000fddad25554f0
248422.0,3717381,python,[JIT],0x0000eeaad519ebc4
248422.0,3717381,python,[kernel.kallsyms],path_put
248422.0,3717460,python,python,_PyType_LookupStackRefAndVersion
248422.0,3717318,python,python,PyLong_AsSsize_t
248422.0,3717493,python,[JIT],0x0000fea5aa7ee004
248421.0,3717250,python,[JIT],0x0000e1001dc3c064
248421.0,3717381,python,[JIT],0x0000eeaad519e168
248421.0,3717230,python,python,PyObject_IsTrue
248421.0,3717230,python,[JIT],0x0000ebf80a7d143c
248420.0,3717250,python,python,PyUnicode_DecodeFSDefaultAndSize
248420.0,3717250,python,[JIT],0x0000e1001dce14f8
248420.0,3717381,python,[JIT],0x0000eeaad51741f0
248420.0,3717350,python,[kernel.kallsyms],generic_permission
248420.0,3717381,python,[kernel.kallsyms],el0_svc_common.constprop.0
248420.0,3717230,python,[JIT],0x0000ebf80a7d302c
248420.0,3717230,python,[JIT],0x0000ebf80a7ff9e4
248419.0,3717318,python,[kernel.kallsyms],dynamic_might_resched
248419.0,3717250,python,python,_PyObject_GC_NewVar
248419.0,3717460,python,python,match_dealloc
248419.0,3717460,python,python,split
248419.0,3717250,python,[JIT],0x0000e1001dce12f0
248419.0,3717250,python,[JIT],0x0000e1001dce1cd8
248419.0,3717381,python,[JIT],0x0000eeaad519e3cc
248419.0,3717381,python,[JIT],0x0000eeaad519e3d0
248419.0,3717230,python,python,_PyMem_RawMalloc
248419.0,3717230,python,[kernel.kallsyms],_raw_spin_trylock
248419.0,3717230,python,[JIT],0x0000ebf80a7ff1fc
248418.0,3717318,python,[JIT],0x0000e148ee7d9428
248418.0,3717460,python,[JIT],0x0000fddad2556238
248418.0,3717250,python,[kernel.kallsyms],xas_descend
248418.0,3717460,python,[kernel.kallsyms],htree_dirblock_to_tree
248418.0,3717493,python,[JIT],0x0000fea5aa7ed208
248417.0,3717493,python,python,__aarch64_cas1_acq_rel
248417.0,3717250,python,[JIT],0x0000e1001dce2110
248417.0,3717250,python,[JIT],0x0000e1001dd0b880
248417.0,3717381,python,libc.so.6,__GI___getdents64
248417.0,3717493,python,[JIT],0x0000fea5aa7eb454
248416.0,3717318,python,[JIT],0x0000e148ee7d5540
248416.0,3717318,python,[JIT],0x0000e148ee7df6bc
248416.0,3717250,python,[JIT],0x0000e1001dce12f8
248416.0,3717381,python,[JIT],0x0000eeaad519e2d0
248416.0,3717460,python,python,PyBytes_FromStringAndSize
248416.0,3717230,python,python,emit__SET_IP_r00
248415.0,3717318,python,[JIT],0x0000e148ee8aa35c
248415.0,3717318,python,[JIT],0x0000e148ee8aab54
248415.0,3717250,python,[JIT],0x0000e1001dd0c13c
248415.0,3717250,python,[JIT],0x0000e1001dd0bbdc
248415.0,3717381,python,python,_Py_Specialize_ToBool
248415.0,3717381,python,[JIT],0x0000eeaad5175080
248415.0,3717381,python,[JIT],0x0000eeaad519e078
248415.0,3717350,python,[kernel.kallsyms],pfn_is_map_memory
248415.0,3717381,python,[kernel.kallsyms],set_root
248415.0,3717230,python,[JIT],0x0000ebf80a72e0ec
248414.0,3717493,python,[JIT],0x0000fea5aa817a6c
248414.0,3717318,python,[JIT],0x0000e148ee7da4fc
248414.0,3717381,python,[JIT],0x0000eeaad519e3f0
248414.0,3717493,python,[JIT],0x0000fea5aa7eb410
248413.0,3717318,python,[JIT],0x0000e148ee8aa948
248413.0,3717460,python,[JIT],0x0000fddad252b04c
248413.0,3717460,python,[JIT],0x0000fddad252b22c
248413.0,3717381,python,[JIT],0x0000eeaad519eb04
248413.0,3717350,python,libc.so.6,malloc
248413.0,3717381,python,[kernel.kallsyms],__check_object_size.part.0
248413.0,3717230,python,[JIT],0x0000ebf80a7d71b4
248413.0,3717230,python,[JIT],0x0000ebf80a7ffce8
248412.0,3717318,python,python,match_dealloc
248412.0,3717318,python,[JIT],0x0000e148ee7df560
248412.0,3717318,python,[JIT],0x0000e148ee8aa70c
248412.0,3717460,python,[JIT],0x0000fddad2529550
248412.0,3717460,python,[JIT],0x0000fddad2555090
248412.0,3717250,python,[kernel.kallsyms],_raw_spin_unlock_irqrestore
248412.0,3717250,python,[JIT],0x0000e1001dd0c13c
248412.0,3717381,python,[JIT],0x0000eeaad519edd4
248412.0,3717381,python,[JIT],0x0000eeaad519efa8
248412.0,3717350,python,[kernel.kallsyms],mas_walk
248412.0,3717230,python,[JIT],0x0000ebf80a7d34cc
248412.0,3717230,python,[JIT],0x0000ebf80a7d639c
248411.0,3717493,python,[kernel.kallsyms],_raw_spin_unlock
248411.0,3717250,python,python,__aarch64_ldclr8_acq_rel
248411.0,3717460,python,[kernel.kallsyms],_find_next_bit
248411.0,3717460,python,[JIT],0x0000fddad25254dc
248411.0,3717250,python,[JIT],0x0000e1001dc3b118
248411.0,3717250,python,[JIT],0x0000e1001dc3e5dc
248411.0,3717250,python,[JIT],0x0000e1001dd0c304
248411.0,3717381,python,[JIT],0x0000eeaad519e028
248411.0,3717381,python,[JIT],0x0000eeaad519f0e4
248411.0,3717230,python,[JIT],0x0000ebf80a7d3858
248411.0,3717493,python,[kernel.kallsyms],rb_next_postorder
248411.0,3717493,python,[JIT],0x0000fea5aa7ed320
248411.0,3717493,python,[JIT],0x0000fea5aa817b28
248410.0,3717318,python,[JIT],0x0000e148ee7df4d4
248410.0,3717460,python,[JIT],0x0000fddad25295c8
248410.0,3717460,python,[JIT],0x0000fddad2555de8
248410.0,3717381,python,[JIT],0x0000eeaad519e4e4
248410.0,3717381,python,[JIT],0x0000eeaad519e704
248410.0,3717381,python,[JIT],0x0000eeaad519eaf4
248410.0,3717381,python,[JIT],0x0000eeaad519f674
248409.0,3717318,python,python,_PyObject_GC_Link
248409.0,3717318,python,[JIT],0x0000e148ee7df028
248409.0,3717318,python,[JIT],0x0000e148ee8aabac
248409.0,3717250,python,[JIT],0x0000e1001dc37358
248409.0,3717381,python,[JIT],0x0000eeaad517463c
248409.0,3717381,python,[JIT],0x0000eeaad5176030
248409.0,3717350,python,python,PyType_GetSlot
248409.0,3717350,python,[JIT],0x0000fa769628aa68
248409.0,3717230,python,[JIT],0x0000ebf80a7d508c
248408.0,3717493,python,python,_Py_IsMainThread
248408.0,3717318,python,[JIT],0x0000e148ee7dd1a4
248408.0,3717318,python,[JIT],0x0000e148ee8aab60
248408.0,3717250,python,[JIT],0x0000e1001dc3e02c
248408.0,3717350,python,[kernel.kallsyms],__slab_free
248408.0,3717493,python,[JIT],0x0000fea5aa7e79b4
248407.0,3717493,python,libc.so.6,strcpy
248407.0,3717318,python,[JIT],0x0000e148ee7da1ec
248407.0,3717318,python,[JIT],0x0000e148ee8aa7e0
248407.0,3717250,python,python,_PyThreadState_PushFrame
248407.0,3717460,python,[JIT],0x0000fddad252658c
248407.0,3717381,python,[kernel.kallsyms],___slab_alloc
248407.0,3717381,python,[JIT],0x0000eeaad51741cc
248407.0,3717381,python,[kernel.kallsyms],vfs_getattr_nosec
248407.0,3717460,python,python,PyDict_GetItemRef
248407.0,3717493,python,[JIT],0x0000fea5aa7ed6bc
248406.0,3717493,python,python,PyObject_IsInstance
248406.0,3717493,python,[kernel.kallsyms],try_to_unlazy
248406.0,3717318,python,[JIT],0x0000e148ee7dd828
248406.0,3717460,python,[JIT],0x0000fddad252c07c
248406.0,3717381,python,[JIT],0x0000eeaad51725a8
248406.0,3717350,python,python,unicode_dealloc
248406.0,3717230,python,python,PySys_Audit
248406.0,3717230,python,python,pthread_self@plt
248406.0,3717230,python,[JIT],0x0000ebf80a7d2060
248406.0,3717318,python,[JIT],0x0000e148ee8aa0c8
248406.0,3717493,python,[JIT],0x0000fea5aa7e5000
248406.0,3717493,python,[JIT],0x0000fea5aa7e74f0
248406.0,3717493,python,[JIT],0x0000fea5aa8170e8
248406.0,3717493,python,[JIT],0x0000fea5aa817128
248405.0,3717318,python,[JIT],0x0000e148ee7d9028
248405.0,3717318,python,[JIT],0x0000e148ee7df1a8
248405.0,3717460,python,libc.so.6,__aarch64_swp8_acq
248405.0,3717460,python,[JIT],0x0000fddad25251b4
248405.0,3717460,python,[JIT],0x0000fddad2529040
248405.0,3717250,python,[JIT],0x0000e1001dd0b930
248405.0,3717381,python,python,__errno_location@plt
248405.0,3717318,python,[JIT],0x0000e148ee8ab034
248405.0,3717493,python,[JIT],0x0000fea5aa817a84
248404.0,3717493,python,python,structseq_dealloc
248404.0,3717460,python,[JIT],0x0000fddad252987c
248404.0,3717460,python,[JIT],0x0000fddad252b0e8
248404.0,3717250,python,[JIT],0x0000e1001dc3e47c
248404.0,3717250,python,[JIT],0x0000e1001dd0c1c8
248404.0,3717493,python,[JIT],0x0000fea5aa7eb688
248404.0,3717493,python,[JIT],0x0000fea5aa8171e4
248403.0,3717318,python,[JIT],0x0000e148ee7dd1c8
248403.0,3717318,python,[JIT],0x0000e148ee7dd658
248403.0,3717250,python,[JIT],0x0000e1001dce1064
248403.0,3717460,python,[JIT],0x0000fddad2556144
248403.0,3717250,python,[JIT],0x0000e1001dd0bea0
248403.0,3717381,python,[JIT],0x0000eeaad50ca0d4
248403.0,3717381,python,[JIT],0x0000eeaad519f624
248403.0,3717230,python,[JIT],0x0000ebf80a7d5074
248403.0,3717493,python,[JIT],0x0000fea5aa7eb37c
248403.0,3717493,python,[JIT],0x0000fea5aa7ed60c
248402.0,3717318,python,[kernel.kallsyms],pipe_write
248402.0,3717250,python,[kernel.kallsyms],map_id_up
248402.0,3717250,python,[JIT],0x0000e1001dc3e37c
248402.0,3717381,python,python,_PyList_FromStackRefStealOnSuccess
248402.0,3717230,python,[kernel.kallsyms],__ext4_read_dirblock
248402.0,3717230,python,[JIT],0x0000ebf80a7ffbc4
248402.0,3717493,python,[JIT],0x0000fea5aa8178e0
248401.0,3717318,python,[JIT],0x0000e148ee7dd158
248401.0,3717460,python,[kernel.kallsyms],put_cpu_partial
248401.0,3717460,python,[JIT],0x0000fddad25292cc
248401.0,3717250,python,[JIT],0x0000e1001dc3e73c
248401.0,3717250,python,[JIT],0x0000e1001dce1cf8
248401.0,3717381,python,[JIT],0x0000eeaad517217c
248401.0,3717381,python,[JIT],0x0000eeaad5172564
248401.0,3717381,python,[JIT],0x0000eeaad51744cc
248401.0,3717350,python,[JIT],0x0000fa769626108c
248401.0,3717318,python,python,find_first_nonascii
248401.0,3717493,python,python,PyEval_RestoreThread
248401.0,3717493,python,[JIT],0x0000fea5aa7e4294
248400.0,3717318,python,[JIT],0x0000e148ee7df4d8
248400.0,3717318,python,[JIT],0x0000e148ee8aaed0
248400.0,3717250,python,[kernel.kallsyms],path_init
248400.0,3717250,python,[JIT],0x0000e1001dce13c4
248400.0,3717460,python,[JIT],0x0000fddad252c084
248400.0,3717250,python,python,_PyList_FromStackRefStealOnSuccess
248400.0,3717250,python,[JIT],0x0000e1001dc39088
248400.0,3717250,python,[JIT],0x0000e1001dce104c
248400.0,3717250,python,[JIT],0x0000e1001dd0b5ac
248400.0,3717250,python,[JIT],0x0000e1001dd0b790
248400.0,3717250,python,[JIT],0x0000e1001dd0b8a8
248400.0,3717381,python,[kernel.kallsyms],ext4_bread
248400.0,3717381,python,python,method_vectorcall
248400.0,3717381,python,[JIT],0x0000eeaad50cc040
248400.0,3717381,python,[JIT],0x0000eeaad50cd50c
248400.0,3717381,python,[JIT],0x0000eeaad5172414
248400.0,3717381,python,[JIT],0x0000eeaad5172558
248400.0,3717318,python,[JIT],0x0000e148ee8ab0a4
248400.0,3717493,python,[JIT],0x0000fea5aa7e7124
248400.0,3717493,python,[JIT],0x0000fea5aa7eb1ec
248400.0,3717493,python,[JIT],0x0000fea5aa8196e4
248399.0,3717493,python,python,unicodekeys_lookup_unicode
248399.0,3717318,python,[JIT],0x0000e148ee8ab0d4
248399.0,3717460,python,[JIT],0x0000fddad252939c
248399.0,3717460,python,[JIT],0x0000fddad2529674
248399.0,3717460,python,[JIT],0x0000fddad252b6a4
248399.0,3717493,python,[JIT],0x0000fea5aa7e3104
248398.0,3717493,python,python,_Py_dict_lookup
248398.0,3717493,python,[JIT],0x0000fea5aa8178a8
248398.0,3717460,python,[JIT],0x0000fddad252b14c
248398.0,3717250,python,[JIT],0x0000e1001dc3c040
248398.0,3717250,python,[JIT],0x0000e1001dd0b1f0
248398.0,3717381,python,[JIT],0x0000eeaad50cb030
248398.0,3717381,python,[JIT],0x0000eeaad519e238
248398.0,3717381,python,[JIT],0x0000eeaad519e858
248398.0,3717460,python,[JIT],0x0000fddad2555410
248398.0,3717493,python,[JIT],0x0000fea5aa7ed0a8
248397.0,3717318,python,[JIT],0x0000e148ee7d9530
248397.0,3717318,python,[JIT],0x0000e148ee88113c
248397.0,3717318,python,[JIT],0x0000e148ee8aa16c
248397.0,3717250,python,[JIT],0x0000e1001dce10f8
248397.0,3717250,python,[JIT],0x0000e1001dd0bbb4
248397.0,3717460,python,[JIT],0x0000fddad252b7e8
248397.0,3717250,python,[JIT],0x0000e1001dc3e118
248397.0,3717250,python,[JIT],0x0000e1001dc3e4d4
248397.0,3717250,python,[JIT],0x0000e1001dd0b244
248397.0,3717250,python,[JIT],0x0000e1001dd0b554
248397.0,3717250,python,[JIT],0x0000e1001dd0b78c
248397.0,3717381,python,[JIT],0x0000eeaad519f054
248397.0,3717350,python,libc.so.6,__errno_location
248397.0,3717350,python,[kernel.kallsyms],current_obj_cgroup
248397.0,3717350,python,[JIT],0x0000fa76961bf26c
248397.0,3717350,python,[JIT],0x0000fa769628ac30
248397.0,3717318,python,[kernel.kallsyms],mntput
248397.0,3717493,python,[JIT],0x0000fea5aa7ed558
248396.0,3717318,python,[JIT],0x0000e148ee7dd89c
248396.0,3717318,python,[JIT],0x0000e148ee8aaa34
248396.0,3717460,python,[JIT],0x0000fddad2555040
248396.0,3717460,python,[JIT],0x0000fddad2555ac8
248396.0,3717250,python,python,PyEval_RestoreThread
248396.0,3717250,python,[JIT],0x0000e1001dd0b5b8
248396.0,3717381,python,python,match_dealloc
248396.0,3717381,python,[JIT],0x0000eeaad519e02c
248396.0,3717350,python,python,pattern_new_match
248396.0,3717381,python,python,PyType_GetSlot
248396.0,3717381,python,[kernel.kallsyms],getname_flags
248396.0,3717460,python,python,_PyObject_Realloc
248396.0,3717230,python,[JIT],0x0000ebf80a7d33c0
248396.0,3717318,python,[kernel.kallsyms],lockref_put_return
248396.0,3717493,python,[JIT],0x0000fea5aa7e83c0
248396.0,3717493,python,[JIT],0x0000fea5aa7eb264
248396.0,3717493,python,[JIT],0x0000fea5aa8175bc
248395.0,3717318,python,[JIT],0x0000e148ee7d8094
248395.0,3717460,python,[JIT],0x0000fddad2522320
248395.0,3717250,python,[kernel.kallsyms],__slab_alloc.isra.0
248395.0,3717250,python,[JIT],0x0000e1001dc3605c
248395.0,3717250,python,[JIT],0x0000e1001dce143c
248395.0,3717250,python,[JIT],0x0000e1001dd0b704
248395.0,3717381,python,[JIT],0x0000eeaad519e338
248395.0,3717381,python,[JIT],0x0000eeaad519f5a8
248394.0,3717493,python,[JIT],0x0000fea5aa8175c0
248394.0,3717318,python,[JIT],0x0000e148ee7df3a0
248394.0,3717318,python,[JIT],0x0000e148ee8aa724
248394.0,3717318,python,[JIT],0x0000e148ee8aabe0
248394.0,3717460,python,[kernel.kallsyms],_raw_spin_unlock_irqrestore
248394.0,3717460,python,[kernel.kallsyms],xas_load
248394.0,3717460,python,[JIT],0x0000fddad25229ec
248394.0,3717250,python,[JIT],0x0000e1001dd0bac8
248394.0,3717381,python,[JIT],0x0000eeaad50cd4e0
248394.0,3717460,python,[kernel.kallsyms],__rcu_read_unlock
248394.0,3717460,python,[kernel.kallsyms],pfn_is_map_memory
248394.0,3717230,python,[JIT],0x0000ebf80a7ff094
248394.0,3717493,python,[JIT],0x0000fea5aa7e33dc
248394.0,3717493,python,[JIT],0x0000fea5aa8170d8
248393.0,3717318,python,[JIT],0x0000e148ee7dd4d4
248393.0,3717250,python,[kernel.kallsyms],uaccess_ttbr0_disable.isra.0
248393.0,3717250,python,[JIT],0x0000e1001dd0b884
248393.0,3717250,python,[JIT],0x0000e1001dd0c264
248393.0,3717381,python,[JIT],0x0000eeaad519e274
248393.0,3717350,python,[kernel.kallsyms],make_vfsgid
248393.0,3717381,python,[JIT],0x0000eeaad51a0738
248393.0,3717493,python,[JIT],0x0000fea5aa7e81ec
248393.0,3717493,python,[JIT],0x0000fea5aa7ef030
248393.0,3717493,python,[JIT],0x0000fea5aa817558
248392.0,3717318,python,[JIT],0x0000e148ee7d51fc
248392.0,3717318,python,[JIT],0x0000e148ee8ab054
248392.0,3717460,python,[JIT],0x0000fddad25550d8
248392.0,3717460,python,[JIT],0x0000fddad2555790
248392.0,3717250,python,python,PyDescr_IsData
248392.0,3717250,python,[JIT],0x0000e1001dd0be10
248392.0,3717381,python,[JIT],0x0000eeaad51741a8
248392.0,3717350,python,[kernel.kallsyms],ext4_file_getattr
248392.0,3717460,python,[kernel.kallsyms],ext4_sb_block_valid
248392.0,3717460,python,[JIT],0x0000fddad252b7a4
248392.0,3717493,python,[JIT],0x0000fea5aa817bd4
248392.0,3717493,python,[JIT],0x0000fea5aa817c88
248391.0,3717318,python,[JIT],0x0000e148ee8ab0f8
248391.0,3717250,python,python,PyStructSequence_SetItem
248391.0,3717250,python,[JIT],0x0000e1001dc3b7c4
248391.0,3717250,python,[JIT],0x0000e1001dd0bbc8
248391.0,3717381,python,[JIT],0x0000eeaad519ef88
248391.0,3717350,python,python,cfunction_vectorcall_FASTCALL_KEYWORDS_METHOD
248391.0,3717460,python,python,unicode_encode_utf8
248390.0,3717493,python,[kernel.kallsyms],putname
248390.0,3717318,python,[kernel.kallsyms],filemap_get_entry
248390.0,3717250,python,python,PyStructSequence_New
248390.0,3717460,python,[JIT],0x0000fddad25555b8
248390.0,3717460,python,[JIT],0x0000fddad2556084
248390.0,3717250,python,python,_io_BufferedWriter_write
248390.0,3717250,python,python,func_descr_get
248390.0,3717250,python,[JIT],0x0000e1001dc39040
248390.0,3717250,python,[JIT],0x0000e1001dc3e0c8
248390.0,3717250,python,[JIT],0x0000e1001dd0bf8c
248390.0,3717381,python,[JIT],0x0000eeaad517506c
248390.0,3717381,python,[JIT],0x0000eeaad519e478
248390.0,3717381,python,[JIT],0x0000eeaad519e8e8
248390.0,3717230,python,[JIT],0x0000ebf80a7d33e8
248390.0,3717493,python,[JIT],0x0000fea5aa7eb1c8
248390.0,3717493,python,[JIT],0x0000fea5aa817434
248389.0,3717318,python,python,pattern_new_match
248389.0,3717318,python,[JIT],0x0000e148ee7dd88c
248389.0,3717250,python,[JIT],0x0000e1001dd0ba50
248389.0,3717250,python,[JIT],0x0000e1001dd0b56c
248389.0,3717250,python,[JIT],0x0000e1001dd0c5ac
248389.0,3717381,python,[JIT],0x0000eeaad5174160
248389.0,3717381,python,[kernel.kallsyms],make_vfsuid
248389.0,3717318,python,python,gc_collect_main
248389.0,3717493,python,[JIT],0x0000fea5aa7eb378
248388.0,3717318,python,[JIT],0x0000e148ee8aabc0
248388.0,3717460,python,[JIT],0x0000fddad252c030
248388.0,3717250,python,[JIT],0x0000e1001dce16f4
248388.0,3717381,python,[JIT],0x0000eeaad51740e8
248388.0,3717381,python,[JIT],0x0000eeaad519e1d4
248388.0,3717381,python,[kernel.kallsyms],perf_iterate_ctx
248388.0,3717381,python,[JIT],0x0000eeaad519f6a0
248388.0,3717460,python,[kernel.kallsyms],arch_local_irq_restore
248388.0,3717230,python,[kernel.kallsyms],el0_da
248388.0,3717230,python,[JIT],0x0000ebf80a72b0b8
248387.0,3717318,python,[JIT],0x0000e148ee7d5518
248387.0,3717318,python,[JIT],0x0000e148ee7dd3b8
248387.0,3717250,python,[kernel.kallsyms],fsnotify
248387.0,3717460,python,[JIT],0x0000fddad252c1cc
248387.0,3717250,python,[JIT],0x0000e1001dd0b10c
248387.0,3717250,python,[JIT],0x0000e1001dd0bc88
248387.0,3717250,python,[JIT],0x0000e1001dd0c344
248387.0,3717381,python,python,ScandirIterator_dealloc
248387.0,3717350,python,[JIT],0x0000fa769628b390
248387.0,3717460,python,[JIT],0x0000fddad2556704
248387.0,3717230,python,[JIT],0x0000ebf80a7d336c
248387.0,3717230,python,[JIT],0x0000ebf80a7d3658
248387.0,3717318,python,python,_PyObject_GC_NewVar
248387.0,3717318,python,python,strlen@plt
248387.0,3717493,python,[JIT],0x0000fea5aa7e60ac
248387.0,3717493,python,[JIT],0x0000fea5aa7ed488
248386.0,3717460,python,[kernel.kallsyms],inode_query_iversion
248386.0,3717460,python,[JIT],0x0000fddad25298c0
248386.0,3717381,python,python,PyDescr_IsData
248386.0,3717381,python,[JIT],0x0000eeaad519e06c
248386.0,3717460,python,python,_pystat_fromstructstat
248386.0,3717460,python,[JIT],0x0000fddad2555a18
248386.0,3717318,python,[kernel.kallsyms],putname
248386.0,3717493,python,[JIT],0x0000fea5aa81812c
248385.0,3717318,python,[kernel.kallsyms],__ext4_read_dirblock
248385.0,3717318,python,[JIT],0x0000e148ee7df370
248385.0,3717250,python,python,pthread_mutex_lock@plt
248385.0,3717250,python,[JIT],0x0000e1001dc361fc
248385.0,3717250,python,[JIT],0x0000e1001dc3e5a8
248385.0,3717250,python,[JIT],0x0000e1001dce1428
248385.0,3717250,python,[JIT],0x0000e1001dd0b128
248385.0,3717381,python,[JIT],0x0000eeaad50cb0e8
248385.0,3717230,python,[JIT],0x0000ebf80a7d12a8
248385.0,3717230,python,[JIT],0x0000ebf80a7d3554
248385.0,3717493,python,[JIT],0x0000fea5aa7eb17c
248385.0,3717493,python,[JIT],0x0000fea5aa7eb1cc
248385.0,3717493,python,[JIT],0x0000fea5aa817470
248384.0,3717460,python,python,readdir64@plt
248384.0,3717460,python,[JIT],0x0000fddad255589c
248384.0,3717250,python,[JIT],0x0000e1001dd0b238
248384.0,3717250,python,[JIT],0x0000e1001dd0b59c
248384.0,3717250,python,[JIT],0x0000e1001dd0c084
248384.0,3717381,python,[JIT],0x0000eeaad519e898
248384.0,3717381,python,python,PyMem_Malloc
248384.0,3717381,python,python,PyObject_Free
248384.0,3717381,python,libc.so.6,__GI___readdir64
248384.0,3717493,python,[JIT],0x0000fea5aa7e80d8
248384.0,3717493,python,[JIT],0x0000fea5aa7ebf2c
248384.0,3717493,python,[JIT],0x0000fea5aa817d80
248384.0,3717493,python,[JIT],0x0000fea5aa817f2c
248383.0,3717318,python,[JIT],0x0000e148ee7dd0d8
248383.0,3717318,python,[JIT],0x0000e148ee7dd58c
248383.0,3717318,python,[JIT],0x0000e148ee8aab0c
248383.0,3717460,python,[JIT],0x0000fddad2555b40
248383.0,3717250,python,[JIT],0x0000e1001dc3b270
248383.0,3717381,python,[JIT],0x0000eeaad519e554
248383.0,3717350,python,[kernel.kallsyms],get_cached_acl_rcu
248383.0,3717381,python,[kernel.kallsyms],filldir64
248383.0,3717230,python,[kernel.kallsyms],__brelse
248383.0,3717230,python,[JIT],0x0000ebf80a7d2178
248383.0,3717318,python,libc.so.6,unlink_chunk.isra.0
248383.0,3717493,python,[JIT],0x0000fea5aa7eb4c0
248383.0,3717493,python,[JIT],0x0000fea5aa817244
248382.0,3717318,python,[JIT],0x0000e148ee8aa374
248382.0,3717250,python,python,subtype_dealloc
248382.0,3717460,python,[kernel.kallsyms],_raw_read_unlock
248382.0,3717460,python,[JIT],0x0000fddad2526170
248382.0,3717460,python,[JIT],0x0000fddad2555978
248382.0,3717250,python,[JIT],0x0000e1001dce1528
248382.0,3717250,python,[JIT],0x0000e1001dd0ba2c
248382.0,3717381,python,python,PyType_GenericAlloc
248382.0,3717460,python,[kernel.kallsyms],kmem_cache_free
248382.0,3717493,python,[JIT],0x0000fea5aa7ed694
248381.0,3717318,python,libc.so.6,__GI___getdents64
248381.0,3717250,python,[kernel.kallsyms],ext4_htree_store_dirent
248381.0,3717250,python,[kernel.kallsyms],inode_permission
248381.0,3717460,python,[JIT],0x0000fddad2555be0
248381.0,3717250,python,[kernel.kallsyms],mt_find
248381.0,3717250,python,[JIT],0x0000e1001dce1618
248381.0,3717250,python,[JIT],0x0000e1001dd0b45c
248381.0,3717381,python,[JIT],0x0000eeaad5174470
248381.0,3717381,python,[JIT],0x0000eeaad519e794
248381.0,3717381,python,[JIT],0x0000eeaad519ea8c
248381.0,3717460,python,python,PyDescr_IsData
248381.0,3717460,python,[JIT],0x0000fddad25550cc
248381.0,3717318,python,[kernel.kallsyms],set_root
248381.0,3717493,python,[JIT],0x0000fea5aa7ed544
248380.0,3717493,python,[kernel.kallsyms],vfs_getattr_nosec
248380.0,3717318,python,[JIT],0x0000e148ee7db114
248380.0,3717250,python,python,_PyOptimizer_Optimize
248380.0,3717250,python,[kernel.kallsyms],should_failslab.constprop.0
248380.0,3717250,python,[JIT],0x0000e1001dc3b434
248380.0,3717250,python,[JIT],0x0000e1001dce139c
248380.0,3717250,python,[JIT],0x0000e1001dd0b28c
248380.0,3717250,python,[JIT],0x0000e1001dd0bfd8
248380.0,3717381,python,[JIT],0x0000eeaad5172148
248380.0,3717381,python,[JIT],0x0000eeaad5172424
248380.0,3717381,python,[JIT],0x0000eeaad5174624
248380.0,3717350,python,python,PyDict_GetItemRef
248380.0,3717381,python,python,object_dealloc
248380.0,3717230,python,[JIT],0x0000ebf80a7d338c
248380.0,3717318,python,python,drop_gil
248380.0,3717318,python,[kernel.kallsyms],vfs_statx
248380.0,3717493,python,[JIT],0x0000fea5aa81833c
248380.0,3717493,python,[JIT],0x0000fea5aa819744
248379.0,3717318,python,libc.so.6,realloc
248379.0,3717318,python,[JIT],0x0000e148ee8aafd8
248379.0,3717460,python,[JIT],0x0000fddad2525274
248379.0,3717250,python,[JIT],0x0000e1001dd0bc18
248379.0,3717381,python,[JIT],0x0000eeaad519eb7c
248379.0,3717381,python,python,slot_tp_new
248379.0,3717460,python,[kernel.kallsyms],make_vfsgid
248379.0,3717230,python,[JIT],0x0000ebf80a7d3564
248378.0,3717318,python,python,method_vectorcall_NOARGS
248378.0,3717318,python,[JIT],0x0000e148ee7d6078
248378.0,3717460,python,python,type_traverse
248378.0,3717460,python,[JIT],0x0000fddad2521118
248378.0,3717250,python,[JIT],0x0000e1001dce1284
248378.0,3717250,python,[JIT],0x0000e1001dd0bb38
248378.0,3717381,python,python,PyMem_Malloc
248378.0,3717381,python,[JIT],0x0000eeaad517203c
248378.0,3717381,python,python,_PyFunction_Vectorcall
248378.0,3717381,python,[kernel.kallsyms],__rcu_read_lock
248378.0,3717460,python,python,PyType_IsSubtype
248378.0,3717230,python,[JIT],0x0000ebf80a72b4bc
248378.0,3717318,python,python,_PyMember_GetOffset
248378.0,3717493,python,[JIT],0x0000fea5aa817dc0
248378.0,3717493,python,[JIT],0x0000fea5aa81805c
248377.0,3717493,python,[JIT],0x0000fea5aa7ed598
248377.0,3717318,python,libc.so.6,clock_gettime@@GLIBC_2.17
248377.0,3717318,python,[JIT],0x0000e148ee7dd70c
248377.0,3717318,python,[JIT],0x0000e148ee7df524
248377.0,3717250,python,[JIT],0x0000e1001dce131c
248377.0,3717250,python,[JIT],0x0000e1001dce1374
248377.0,3717250,python,[JIT],0x0000e1001dce1550
248377.0,3717381,python,[JIT],0x0000eeaad5174170
248377.0,3717350,python,python,PyObject_Vectorcall
248377.0,3717350,python,[kernel.kallsyms],check_heap_object
248377.0,3717460,python,python,PyLong_FromUnsignedLongLong
248377.0,3717318,python,python,tp_new_wrapper
248377.0,3717493,python,[JIT],0x0000fea5aa7e809c
248377.0,3717493,python,[JIT],0x0000fea5aa7e858c
248377.0,3717493,python,[JIT],0x0000fea5aa7eb1d0
248377.0,3717493,python,[JIT],0x0000fea5aa7ed0f0
248377.0,3717493,python,[JIT],0x0000fea5aa817bb0
248377.0,3717493,python,[JIT],0x0000fea5aa818060
248376.0,3717493,python,[JIT],0x0000fea5aa7edcf8
248376.0,3717318,python,[kernel.kallsyms],vma_merge
248376.0,3717318,python,[JIT],0x0000e148ee7dd688
248376.0,3717318,python,[JIT],0x0000e148ee7dd880
248376.0,3717318,python,[JIT],0x0000e148ee7df590
248376.0,3717250,python,[kernel.kallsyms],complete_walk
248376.0,3717250,python,[JIT],0x0000e1001dc38000
248376.0,3717250,python,[JIT],0x0000e1001dce20fc
248376.0,3717250,python,[JIT],0x0000e1001dd0b7a0
248376.0,3717381,python,libc.so.6,__GI___pthread_self
248376.0,3717381,python,[JIT],0x0000eeaad50cc120
248376.0,3717381,python,[JIT],0x0000eeaad519ef74
248376.0,3717230,python,[JIT],0x0000ebf80a72f344
248375.0,3717493,python,[JIT],0x0000fea5aa8170c8
248375.0,3717318,python,[JIT],0x0000e148ee8aa064
248375.0,3717250,python,python,_PyJit_translate_single_bytecode_to_trace
248375.0,3717460,python,[JIT],0x0000fddad2526050
248375.0,3717250,python,[kernel.kallsyms],__memcg_slab_post_alloc_hook
248375.0,3717250,python,[JIT],0x0000e1001dd0b8a4
248375.0,3717250,python,[JIT],0x0000e1001dd0bbac
248375.0,3717381,python,[JIT],0x0000eeaad517464c
248375.0,3717381,python,[JIT],0x0000eeaad517500c
248375.0,3717460,python,[kernel.kallsyms],check_heap_object
248375.0,3717460,python,[JIT],0x0000fddad2555fa8
248375.0,3717493,python,[JIT],0x0000fea5aa7ed004
248374.0,3717318,python,python,get_exception_handler.isra.0
248374.0,3717318,python,[JIT],0x0000e148ee8aa874
248374.0,3717460,python,[JIT],0x0000fddad255901c
248374.0,3717250,python,[JIT],0x0000e1001dc3e5e0
248374.0,3717350,python,[JIT],0x0000fa769628a488
248374.0,3717350,python,[JIT],0x0000fa769628b5a8
248374.0,3717230,python,[JIT],0x0000ebf80a7d3224
248374.0,3717230,python,[JIT],0x0000ebf80a7ff18c
248374.0,3717493,python,[JIT],0x0000fea5aa7e305c
248374.0,3717493,python,[JIT],0x0000fea5aa7eb638
248374.0,3717493,python,[JIT],0x0000fea5aa7ed138
248374.0,3717493,python,[JIT],0x0000fea5aa817c10
248373.0,3717318,python,[JIT],0x0000e148ee7dd6f8
248373.0,3717318,python,[JIT],0x0000e148ee8aa92c
248373.0,3717318,python,[JIT],0x0000e148ee8aab20
248373.0,3717318,python,[JIT],0x0000e148ee8ab700
248373.0,3717250,python,[kernel.kallsyms],vfs_getattr
248373.0,3717460,python,[JIT],0x0000fddad252b098
248373.0,3717250,python,[JIT],0x0000e1001dce148c
248373.0,3717381,python,[JIT],0x0000eeaad50c9468
248373.0,3717381,python,[JIT],0x0000eeaad5174098
248373.0,3717493,python,[JIT],0x0000fea5aa7eb238
248373.0,3717493,python,[JIT],0x0000fea5aa817ad8
248372.0,3717493,python,python,PyEval_SaveThread
248372.0,3717318,python,[JIT],0x0000e148ee7df038
248372.0,3717250,python,python,pthread_self@plt
248372.0,3717460,python,[JIT],0x0000fddad2555eb0
248372.0,3717350,python,python,PyUnicode_EncodeFSDefault
248372.0,3717350,python,python,_PyObject_VectorcallPrepend
248372.0,3717350,python,[JIT],0x0000fa769628a9c4
248372.0,3717381,python,python,PyBytes_FromStringAndSize
248372.0,3717381,python,[kernel.kallsyms],arch_local_irq_restore
248372.0,3717460,python,[kernel.kallsyms],getname_flags
248372.0,3717460,python,[JIT],0x0000fddad255573c
248372.0,3717493,python,[JIT],0x0000fea5aa7e8038
248372.0,3717493,python,[JIT],0x0000fea5aa7eb324
248372.0,3717493,python,[JIT],0x0000fea5aa8170d0
248372.0,3717493,python,[JIT],0x0000fea5aa818588
248371.0,3717318,python,[kernel.kallsyms],__filemap_get_folio
248371.0,3717250,python,python,tuple_iter
248371.0,3717460,python,[JIT],0x0000fddad25224fc
248371.0,3717460,python,[JIT],0x0000fddad2524008
248371.0,3717460,python,[JIT],0x0000fddad252c0a4
248371.0,3717460,python,[JIT],0x0000fddad255544c
248371.0,3717460,python,[JIT],0x0000fddad2555470
248371.0,3717460,python,[JIT],0x0000fddad25554a8
248371.0,3717460,python,[JIT],0x0000fddad255672c
248371.0,3717250,python,[JIT],0x0000e1001dc381b8
248371.0,3717250,python,[JIT],0x0000e1001dc3e36c
248371.0,3717381,python,[JIT],0x0000eeaad50c965c
248371.0,3717381,python,[JIT],0x0000eeaad51724f4
248371.0,3717350,python,[kernel.kallsyms],set_root
248371.0,3717493,python,[JIT],0x0000fea5aa7e91a4
248371.0,3717493,python,[JIT],0x0000fea5aa7eb6f8
248371.0,3717493,python,[JIT],0x0000fea5aa7ee0a4
248370.0,3717318,python,[JIT],0x0000e148ee7dd09c
248370.0,3717318,python,[JIT],0x0000e148ee881028
248370.0,3717318,python,[JIT],0x0000e148ee8aab78
248370.0,3717250,python,[kernel.kallsyms],invoke_syscall
248370.0,3717460,python,[JIT],0x0000fddad25265f4
248370.0,3717460,python,[JIT],0x0000fddad252b574
248370.0,3717460,python,[JIT],0x0000fddad252b68c
248370.0,3717460,python,[JIT],0x0000fddad25565a4
248370.0,3717250,python,[JIT],0x0000e1001dd0bfa0
248370.0,3717350,python,[kernel.kallsyms],uaccess_ttbr0_disable.isra.0
248370.0,3717493,python,[JIT],0x0000fea5aa7eb18c
248370.0,3717493,python,[JIT],0x0000fea5aa7ed1ac
248369.0,3717318,python,[JIT],0x0000e148ee7df26c
248369.0,3717318,python,[JIT],0x0000e148ee7df36c
248369.0,3717460,python,[JIT],0x0000fddad2529690
248369.0,3717460,python,[JIT],0x0000fddad255563c
248369.0,3717250,python,[JIT],0x0000e1001dce2128
248369.0,3717381,python,[JIT],0x0000eeaad517289c
248369.0,3717381,python,[JIT],0x0000eeaad519f3ac
248369.0,3717350,python,python,pthread_mutex_lock@plt
248369.0,3717460,python,libc.so.6,malloc
248369.0,3717230,python,[kernel.kallsyms],_raw_read_lock
248369.0,3717318,python,python,_PyOpcode_RecordFunction_CALLABLE
248369.0,3717318,python,[JIT],0x0000e148ee7dd548
248369.0,3717493,python,python,strcpy@plt
248368.0,3717493,python,python,_PyThreadState_PopFrame
248368.0,3717493,python,[kernel.kallsyms],terminate_walk
248368.0,3717318,python,[JIT],0x0000e148ee7dd2f4
248368.0,3717318,python,[JIT],0x0000e148ee8ab2bc
248368.0,3717250,python,python,_PyJIT_Entry
248368.0,3717460,python,[JIT],0x0000fddad2529008
248368.0,3717460,python,[JIT],0x0000fddad252b69c
248368.0,3717250,python,[kernel.kallsyms],post_alloc_hook
248368.0,3717250,python,[JIT],0x0000e1001dc3c068
248368.0,3717250,python,[JIT],0x0000e1001dce1414
248368.0,3717381,python,[JIT],0x0000eeaad51721a8
248368.0,3717381,python,[JIT],0x0000eeaad519e3d4
248368.0,3717381,python,[JIT],0x0000eeaad51a06d4
248368.0,3717350,python,python,_Py_CheckFunctionResult
248368.0,3717460,python,[JIT],0x0000fddad2555b74
248368.0,3717230,python,python,pthread_mutex_lock@plt
248368.0,3717230,python,[JIT],0x0000ebf80a7d3888
248368.0,3717230,python,[JIT],0x0000ebf80a7d3f9c
248368.0,3717493,python,[JIT],0x0000fea5aa7ed568
248367.0,3717460,python,[JIT],0x0000fddad2555e10
248367.0,3717381,python,[JIT],0x0000eeaad50ce064
248367.0,3717381,python,[JIT],0x0000eeaad519f2b8
248367.0,3717350,python,[kernel.kallsyms],strncpy_from_user
248367.0,3717460,python,python,_sre_SRE_Pattern_prefixmatch
248367.0,3717460,python,[kernel.kallsyms],legitimize_links
248367.0,3717460,python,[JIT],0x0000fddad2529424
248367.0,3717230,python,[JIT],0x0000ebf80a7d5080
248367.0,3717318,python,python,PyThread_get_thread_ident
248367.0,3717318,python,python,lazy_import_dealloc
248367.0,3717493,python,[JIT],0x0000fea5aa817b48
248366.0,3717460,python,[JIT],0x0000fddad2526290
248366.0,3717460,python,[JIT],0x0000fddad25265e0
248366.0,3717460,python,[JIT],0x0000fddad2529784
248366.0,3717250,python,[kernel.kallsyms],ext4_es_lookup_extent
248366.0,3717381,python,[JIT],0x0000eeaad519e1fc
248366.0,3717381,python,[kernel.kallsyms],from_kgid_munged
248366.0,3717460,python,[JIT],0x0000fddad2556668
248366.0,3717230,python,[JIT],0x0000ebf80a7d3128
248366.0,3717230,python,[JIT],0x0000ebf80a7d6030
248366.0,3717318,python,[JIT],0x0000e148ee8aa570
248366.0,3717493,python,[JIT],0x0000fea5aa7ed304
248365.0,3717493,python,python,PyUnicode_New.part.0
248365.0,3717318,python,[JIT],0x0000e148ee8aa984
248365.0,3717250,python,[JIT],0x0000e1001dce2140
248365.0,3717250,python,[JIT],0x0000e1001dd0c200
248365.0,3717381,python,[JIT],0x0000eeaad50c9514
248365.0,3717381,python,[JIT],0x0000eeaad519e358
248365.0,3717350,python,[kernel.kallsyms],__begin_current_label_crit_section
248365.0,3717230,python,[JIT],0x0000ebf80a7d33c8
248365.0,3717230,python,[JIT],0x0000ebf80a7ff80c
248365.0,3717493,python,[JIT],0x0000fea5aa7ee0c4
248365.0,3717493,python,[JIT],0x0000fea5aa8179e8
248364.0,3717493,python,python,_sre_SRE_Pattern_prefixmatch
248364.0,3717493,python,[kernel.kallsyms],make_vfsgid
248364.0,3717318,python,[JIT],0x0000e148ee7df41c
248364.0,3717250,python,python,PyMem_Free
248364.0,3717250,python,python,allocate_from_new_pool
248364.0,3717250,python,[JIT],0x0000e1001dc3e78c
248364.0,3717250,python,[JIT],0x0000e1001dce1448
248364.0,3717381,python,python,PyUnicode_Concat
248364.0,3717350,python,python,PyLong_AsSsize_t
248364.0,3717381,python,python,_PyLong_FromTime_t
248364.0,3717493,python,[JIT],0x0000fea5aa7eb290
248364.0,3717493,python,[JIT],0x0000fea5aa8170c0
248363.0,3717381,python,[kernel.kallsyms],__srcu_read_lock
248363.0,3717381,python,[JIT],0x0000eeaad51723e4
248363.0,3717350,python,python,PyBytes_FromStringAndSize
248363.0,3717381,python,[kernel.kallsyms],ext4_dx_readdir
248363.0,3717460,python,libc.so.6,_int_free
248363.0,3717460,python,python,cfunction_vectorcall_FASTCALL_KEYWORDS
248363.0,3717460,python,[JIT],0x0000fddad2555af0
248363.0,3717230,python,[JIT],0x0000ebf80a72b3a0
248363.0,3717230,python,[JIT],0x0000ebf80a7d1290
248363.0,3717230,python,[JIT],0x0000ebf80a7d3828
248363.0,3717230,python,[JIT],0x0000ebf80a7ffaf8
248363.0,3717318,python,[JIT],0x0000e148ee8aa1f8
248363.0,3717493,python,[JIT],0x0000fea5aa8173bc
248363.0,3717493,python,[JIT],0x0000fea5aa817a88
248362.0,3717318,python,[JIT],0x0000e148ee7dd384
248362.0,3717318,python,[JIT],0x0000e148ee7ddde0
248362.0,3717318,python,[JIT],0x0000e148ee7df774
248362.0,3717460,python,[JIT],0x0000fddad25294e0
248362.0,3717460,python,[JIT],0x0000fddad2529870
248362.0,3717460,python,[JIT],0x0000fddad255561c
248362.0,3717460,python,[JIT],0x0000fddad2556048
248362.0,3717250,python,[JIT],0x0000e1001dd0bb88
248362.0,3717381,python,[JIT],0x0000eeaad50c9544
248362.0,3717381,python,[JIT],0x0000eeaad519e5a8
248362.0,3717350,python,[kernel.kallsyms],call_filldir
248362.0,3717381,python,python,PyObject_GC_UnTrack
248362.0,3717493,python,[JIT],0x0000fea5aa7ed65c
248362.0,3717493,python,[JIT],0x0000fea5aa817a00
248362.0,3717493,python,[JIT],0x0000fea5aa817aa8
248362.0,3717493,python,[JIT],0x0000fea5aa8180e4
248361.0,3717318,python,[JIT],0x0000e148ee8ab3c4
248361.0,3717460,python,[JIT],0x0000fddad2555a4c
248361.0,3717460,python,[JIT],0x0000fddad255618c
248361.0,3717460,python,[JIT],0x0000fddad2556718
248361.0,3717250,python,[JIT],0x0000e1001dc3b068
248361.0,3717381,python,[JIT],0x0000eeaad5174214
248361.0,3717350,python,python,_PyFunction_Vectorcall
248361.0,3717493,python,[JIT],0x0000fea5aa81830c
248360.0,3717493,python,[kernel.kallsyms],get_cached_acl_rcu
248360.0,3717318,python,[JIT],0x0000e148ee8aaa18
248360.0,3717460,python,[JIT],0x0000fddad25290c8
248360.0,3717460,python,[JIT],0x0000fddad25294e4
248360.0,3717250,python,[JIT],0x0000e1001dd0b2f0
248360.0,3717350,python,[kernel.kallsyms],free_rb_tree_fname
248360.0,3717460,python,[JIT],0x0000fddad2555348
248360.0,3717493,python,[JIT],0x0000fea5aa7ed610
248359.0,3717493,python,[kernel.kallsyms],make_vfsuid
248359.0,3717493,python,python,subtype_traverse
248359.0,3717493,python,[JIT],0x0000fea5aa7ed260
248359.0,3717318,python,python,_PyStaticMethod_GetFunc
248359.0,3717460,python,[JIT],0x0000fddad2521058
248359.0,3717250,python,[JIT],0x0000e1001dd0b23c
248359.0,3717250,python,[JIT],0x0000e1001dd0b4c4
248359.0,3717381,python,[JIT],0x0000eeaad50c9114
248359.0,3717381,python,[JIT],0x0000eeaad5172478
248359.0,3717381,python,[JIT],0x0000eeaad519f058
248359.0,3717350,python,[JIT],0x0000fa769628b708
248359.0,3717460,python,python,PyStructSequence_SetItem
248359.0,3717460,python,[JIT],0x0000fddad2555f30
248359.0,3717230,python,[JIT],0x0000ebf80a72c1dc
248359.0,3717230,python,[JIT],0x0000ebf80a7ffe0c
248359.0,3717230,python,[JIT],0x0000ebf80a8002ec
248359.0,3717230,python,[JIT],0x0000ebf80a8003ac
248359.0,3717493,python,[JIT],0x0000fea5aa7ed2f4
248358.0,3717318,python,[kernel.kallsyms],refill_obj_stock
248358.0,3717318,python,[JIT],0x0000e148ee7ddf8c
248358.0,3717460,python,[JIT],0x0000fddad252c118
248358.0,3717250,python,[kernel.kallsyms],__srcu_read_lock
248358.0,3717250,python,[JIT],0x0000e1001dd0b0b8
248358.0,3717381,python,[JIT],0x0000eeaad51751e4
248358.0,3717381,python,[JIT],0x0000eeaad519f4f4
248358.0,3717493,python,[JIT],0x0000fea5aa7eb39c
248358.0,3717493,python,[JIT],0x0000fea5aa7eb6bc
248357.0,3717318,python,[JIT],0x0000e148ee7df624
248357.0,3717318,python,[JIT],0x0000e148ee8aada8
248357.0,3717250,python,[kernel.kallsyms],get_cached_acl_rcu
248357.0,3717460,python,[JIT],0x0000fddad2555190
248357.0,3717460,python,[JIT],0x0000fddad255546c
248357.0,3717250,python,[JIT],0x0000e1001dce2004
248357.0,3717381,python,[JIT],0x0000eeaad517219c
248357.0,3717381,python,python,PyDict_GetItemWithError
248357.0,3717381,python,[kernel.kallsyms],check_stack_object
248357.0,3717230,python,[JIT],0x0000ebf80a7fff18
248357.0,3717493,python,[JIT],0x0000fea5aa7eb198
248357.0,3717493,python,[JIT],0x0000fea5aa81716c
248357.0,3717493,python,[JIT],0x0000fea5aa818504
248356.0,3717318,python,[JIT],0x0000e148ee7df21c
248356.0,3717318,python,[JIT],0x0000e148ee7df448
248356.0,3717318,python,[JIT],0x0000e148ee7dfccc
248356.0,3717318,python,[JIT],0x0000e148ee8ab1b4
248356.0,3717250,python,[JIT],0x0000e1001dd0bcbc
248356.0,3717460,python,[JIT],0x0000fddad252918c
248356.0,3717460,python,[JIT],0x0000fddad252b560
248356.0,3717460,python,[JIT],0x0000fddad2555b64
248356.0,3717381,python,[JIT],0x0000eeaad50cf15c
248356.0,3717381,python,[JIT],0x0000eeaad51743b0
248356.0,3717460,python,[kernel.kallsyms],kfree
248356.0,3717460,python,[kernel.kallsyms],post_alloc_hook
248356.0,3717230,python,python,PyObject_GC_Track
248356.0,3717493,python,[JIT],0x0000fea5aa81799c
248355.0,3717493,python,[kernel.kallsyms],uaccess_ttbr0_disable.isra.0
248355.0,3717250,python,python,stat64@plt
248355.0,3717460,python,[JIT],0x0000fddad2522300
248355.0,3717230,python,[JIT],0x0000ebf80a7d3080
248355.0,3717230,python,[JIT],0x0000ebf80a7ff190
248354.0,3717493,python,[JIT],0x0000fea5aa7ed7e8
248354.0,3717318,python,[JIT],0x0000e148ee8aab88
248354.0,3717250,python,[kernel.kallsyms],xas_descend
248354.0,3717460,python,[JIT],0x0000fddad252b3a0
248354.0,3717250,python,[JIT],0x0000e1001dd0b858
248354.0,3717381,python,[JIT],0x0000eeaad519e9d8
248354.0,3717493,python,python,PyObject_GetIter
248354.0,3717493,python,[JIT],0x0000fea5aa7eb2d8
248353.0,3717493,python,python,_PyObject_LookupSpecial
248353.0,3717460,python,python,_PyStaticMethod_GetFunc
248353.0,3717460,python,[kernel.kallsyms],perf_event_mmap
248353.0,3717250,python,python,match_dealloc
248353.0,3717250,python,[JIT],0x0000e1001dce1074
248353.0,3717381,python,[JIT],0x0000eeaad51724cc
248353.0,3717460,python,[JIT],0x0000fddad252988c
248353.0,3717230,python,[JIT],0x0000ebf80a7d6084
248353.0,3717230,python,[JIT],0x0000ebf80a7ff9d8
248353.0,3717230,python,[JIT],0x0000ebf80a7ffa5c
248353.0,3717493,python,[JIT],0x0000fea5aa7ed1d8
248353.0,3717493,python,[JIT],0x0000fea5aa7ed4e4
248353.0,3717493,python,[JIT],0x0000fea5aa7ee138
248352.0,3717318,python,[JIT],0x0000e148ee7da0fc
248352.0,3717318,python,[JIT],0x0000e148ee8aa478
248352.0,3717250,python,libc.so.6,__GI___readdir64
248352.0,3717250,python,[kernel.kallsyms],release_pages
248352.0,3717250,python,python,slot_tp_new
248352.0,3717460,python,[JIT],0x0000fddad252b420
248352.0,3717250,python,[JIT],0x0000e1001dc3b7c0
248352.0,3717250,python,[JIT],0x0000e1001dc3e6e4
248352.0,3717250,python,[JIT],0x0000e1001dd0d738
248352.0,3717350,python,python,_PyStaticType_GetState
248352.0,3717230,python,[JIT],0x0000ebf80a7ff0d8
248351.0,3717318,python,[JIT],0x0000e148ee7df69c
248351.0,3717318,python,[JIT],0x0000e148ee8aad10
248351.0,3717250,python,python,object_isinstance
248351.0,3717250,python,[JIT],0x0000e1001dc3e548
248351.0,3717460,python,python,map_dealloc
248351.0,3717381,python,[JIT],0x0000eeaad519f0d4
248351.0,3717460,python,[kernel.kallsyms],lockref_put_return
248351.0,3717230,python,[JIT],0x0000ebf80a7ff254
248350.0,3717318,python,[JIT],0x0000e148ee8aabd4
248350.0,3717318,python,[JIT],0x0000e148ee8ab084
248350.0,3717250,python,python,tuple_alloc
248350.0,3717460,python,python,PyObject_IsTrue
248350.0,3717460,python,[JIT],0x0000fddad252b074
248350.0,3717460,python,[JIT],0x0000fddad2555bc4
248350.0,3717250,python,[JIT],0x0000e1001dd0b148
248350.0,3717381,python,[JIT],0x0000eeaad50cb05c
248350.0,3717460,python,python,_PyType_GetDict
248350.0,3717230,python,[JIT],0x0000ebf80a7d1250
248350.0,3717230,python,[JIT],0x0000ebf80a7d719c
248350.0,3717230,python,[JIT],0x0000ebf80a80016c
248349.0,3717318,python,[JIT],0x0000e148ee7d8144
248349.0,3717318,python,[JIT],0x0000e148ee7df0a8
248349.0,3717318,python,[JIT],0x0000e148ee8aabb4
248349.0,3717250,python,python,_PyArg_UnpackKeywords
248349.0,3717250,python,python,cfunction_vectorcall_FASTCALL_KEYWORDS_METHOD
248349.0,3717460,python,python,_PyEval_AcquireLock
248349.0,3717460,python,[JIT],0x0000fddad2529564
248349.0,3717460,python,[JIT],0x0000fddad2555fa8
248349.0,3717250,python,[JIT],0x0000e1001dc3b1c8
248349.0,3717381,python,[JIT],0x0000eeaad51744c8
248349.0,3717381,python,python,_PyThreadState_PushFrame
248349.0,3717381,python,[kernel.kallsyms],invoke_syscall
248349.0,3717381,python,[JIT],0x0000eeaad519e3e8
248349.0,3717230,python,[JIT],0x0000ebf80a7ff9a4
248349.0,3717230,python,[JIT],0x0000ebf80a7ffb8c
248349.0,3717230,python,[JIT],0x0000ebf80a800014
248349.0,3717318,python,python,PyUnicode_DecodeFSDefault
248348.0,3717318,python,[JIT],0x0000e148ee8aa02c
248348.0,3717318,python,[JIT],0x0000e148ee8aae54
248348.0,3717250,python,python,PyFloat_FromDouble
248348.0,3717460,python,[kernel.kallsyms],__slab_alloc.isra.0
248348.0,3717460,python,[JIT],0x0000fddad2521190
248348.0,3717250,python,[JIT],0x0000e1001dd0b568
248348.0,3717250,python,[JIT],0x0000e1001dd0c12c
248348.0,3717250,python,[JIT],0x0000e1001dd0c1dc
248348.0,3717381,python,[JIT],0x0000eeaad50c941c
248348.0,3717381,python,[JIT],0x0000eeaad50ce1e8
248348.0,3717381,python,[JIT],0x0000eeaad5172168
248348.0,3717381,python,[JIT],0x0000eeaad519e214
248348.0,3717381,python,[JIT],0x0000eeaad519ea18
248348.0,3717230,python,[JIT],0x0000ebf80a7d36a4
248348.0,3717230,python,[JIT],0x0000ebf80a7d5040
248348.0,3717230,python,[JIT],0x0000ebf80a7ffd30
248348.0,3717493,python,[JIT],0x0000fea5aa817190
248348.0,3717493,python,[JIT],0x0000fea5aa81811c
248347.0,3717318,python,[JIT],0x0000e148ee7d5114
248347.0,3717318,python,[JIT],0x0000e148ee8aa674
248347.0,3717318,python,[JIT],0x0000e148ee8ab604
248347.0,3717460,python,[JIT],0x0000fddad25264d8
248347.0,3717250,python,[kernel.kallsyms],folio_add_new_anon_rmap
248347.0,3717381,python,[JIT],0x0000eeaad50cb008
248347.0,3717381,python,[JIT],0x0000eeaad5172118
248347.0,3717350,python,python,PyLong_FromUnsignedLong
248347.0,3717381,python,python,PyMethod_New
248347.0,3717493,python,[JIT],0x0000fea5aa8175d4
248346.0,3717460,python,[JIT],0x0000fddad2528030
248346.0,3717460,python,[JIT],0x0000fddad2555cb0
248346.0,3717381,python,[JIT],0x0000eeaad50c9264
248346.0,3717381,python,[JIT],0x0000eeaad50cb094
248346.0,3717381,python,[JIT],0x0000eeaad50ce310
248346.0,3717350,python,python,PyUnicode_DecodeFSDefault
248346.0,3717381,python,[JIT],0x0000eeaad519e0cc
248346.0,3717230,python,[JIT],0x0000ebf80a72c358
248346.0,3717230,python,[JIT],0x0000ebf80a7d3314
248346.0,3717230,python,[JIT],0x0000ebf80a7d61cc
248346.0,3717230,python,[JIT],0x0000ebf80a7d664c
248346.0,3717230,python,[JIT],0x0000ebf80a7d7080
248346.0,3717230,python,[JIT],0x0000ebf80a7ff9ec
248346.0,3717230,python,[JIT],0x0000ebf80a8000e0
248346.0,3717318,python,[JIT],0x0000e148ee8ab248
248346.0,3717493,python,[JIT],0x0000fea5aa7ee19c
248345.0,3717318,python,[JIT],0x0000e148ee8aac50
248345.0,3717250,python,[JIT],0x0000e1001dd0b254
248345.0,3717250,python,[JIT],0x0000e1001dd0b3a8
248345.0,3717381,python,[JIT],0x0000eeaad50cc030
248345.0,3717381,python,[JIT],0x0000eeaad5172544
248345.0,3717381,python,[JIT],0x0000eeaad517503c
248345.0,3717381,python,[kernel.kallsyms],walk_component
248345.0,3717460,python,python,_PyStaticType_GetState
248345.0,3717230,python,[JIT],0x0000ebf80a72c398
248345.0,3717318,python,python,_PyThreadState_PopFrame
248345.0,3717493,python,[JIT],0x0000fea5aa7e81a8
248345.0,3717493,python,[JIT],0x0000fea5aa7eb7f0
248344.0,3717318,python,[JIT],0x0000e148ee7dd198
248344.0,3717318,python,[JIT],0x0000e148ee8aa3f0
248344.0,3717318,python,[JIT],0x0000e148ee8aae48
248344.0,3717250,python,[JIT],0x0000e1001dd0c250
248344.0,3717381,python,python,gen_iternext
248344.0,3717381,python,[JIT],0x0000eeaad5172688
248344.0,3717381,python,[JIT],0x0000eeaad517447c
248344.0,3717381,python,[JIT],0x0000eeaad5174708
248344.0,3717230,python,[JIT],0x0000ebf80a7d36b4
248344.0,3717318,python,[JIT],0x0000e148ee8aa238
248344.0,3717493,python,[JIT],0x0000fea5aa817500
248343.0,3717250,python,python,_PyObject_GetMethodStackRef
248343.0,3717460,python,[JIT],0x0000fddad25552e0
248343.0,3717250,python,[JIT],0x0000e1001dc3b23c
248343.0,3717250,python,[JIT],0x0000e1001dd0c598
248343.0,3717230,python,[kernel.kallsyms],security_file_open
248343.0,3717230,python,[JIT],0x0000ebf80a7d502c
248343.0,3717318,python,[kernel.kallsyms],path_lookupat
248343.0,3717493,python,python,method_vectorcall
248343.0,3717493,python,[JIT],0x0000fea5aa7ed47c
248343.0,3717493,python,[JIT],0x0000fea5aa7ed5bc
248342.0,3717318,python,[JIT],0x0000e148ee8aa4a8
248342.0,3717250,python,python,_PyObject_LookupSpecial
248342.0,3717250,python,[JIT],0x0000e1001dce15bc
248342.0,3717460,python,[JIT],0x0000fddad25293c8
248342.0,3717460,python,[JIT],0x0000fddad25554e4
248342.0,3717250,python,[JIT],0x0000e1001dc3e070
248342.0,3717250,python,[JIT],0x0000e1001dd0b5a8
248342.0,3717230,python,[JIT],0x0000ebf80a8003d0
248342.0,3717493,python,[JIT],0x0000fea5aa817090
248341.0,3717493,python,python,PyUnicode_DecodeFSDefault
248341.0,3717460,python,[JIT],0x0000fddad252259c
248341.0,3717250,python,[JIT],0x0000e1001dc3e0b4
248341.0,3717381,python,[JIT],0x0000eeaad517448c
248341.0,3717230,python,[JIT],0x0000ebf80a7d219c
248341.0,3717230,python,[JIT],0x0000ebf80a7d31a0
248341.0,3717230,python,[JIT],0x0000ebf80a7d36c8
248341.0,3717230,python,[JIT],0x0000ebf80a7d6708
248341.0,3717230,python,[JIT],0x0000ebf80a7ff174
248341.0,3717318,python,python,_PyFunction_Vectorcall
248341.0,3717493,python,[JIT],0x0000fea5aa7ed054
248341.0,3717493,python,[JIT],0x0000fea5aa8171fc
248341.0,3717493,python,[JIT],0x0000fea5aa818058
248340.0,3717318,python,[JIT],0x0000e148ee7d947c
248340.0,3717318,python,[JIT],0x0000e148ee8aafb0
248340.0,3717250,python,[JIT],0x0000e1001dc3e1f8
248340.0,3717250,python,[JIT],0x0000e1001dc3e4f0
248340.0,3717250,python,[JIT],0x0000e1001dc3e5cc
248340.0,3717381,python,[JIT],0x0000eeaad517436c
248340.0,3717381,python,[JIT],0x0000eeaad5174710
248340.0,3717381,python,[JIT],0x0000eeaad519ee64
248340.0,3717460,python,[JIT],0x0000fddad252b6bc
248340.0,3717230,python,[JIT],0x0000ebf80a7d3460
248340.0,3717493,python,[JIT],0x0000fea5aa817f88
248339.0,3717493,python,[JIT],0x0000fea5aa7eb36c
248339.0,3717493,python,[JIT],0x0000fea5aa818638
248339.0,3717250,python,[JIT],0x0000e1001dc3a2fc
248339.0,3717250,python,[JIT],0x0000e1001dd0bce4
248339.0,3717381,python,[JIT],0x0000eeaad5174288
248339.0,3717350,python,[kernel.kallsyms],path_lookupat
248339.0,3717230,python,[kernel.kallsyms],ext4_map_blocks
248339.0,3717230,python,[JIT],0x0000ebf80a7d7078
248339.0,3717230,python,[JIT],0x0000ebf80a8000d0
248339.0,3717318,python,[JIT],0x0000e148ee8aa4c4
248339.0,3717493,python,[JIT],0x0000fea5aa817680
248338.0,3717493,python,python,_PyThreadState_PushFrame
248338.0,3717318,python,[JIT],0x0000e148ee7df064
248338.0,3717318,python,[JIT],0x0000e148ee8aab80
248338.0,3717318,python,[JIT],0x0000e148ee8ab6ec
248338.0,3717250,python,[JIT],0x0000e1001dd0b0fc
248338.0,3717460,python,[JIT],0x0000fddad252c164
248338.0,3717460,python,[JIT],0x0000fddad25559a8
248338.0,3717460,python,[JIT],0x0000fddad25559ac
248338.0,3717250,python,[JIT],0x0000e1001dd0b308
248338.0,3717250,python,[JIT],0x0000e1001dd0bd18
248338.0,3717350,python,[kernel.kallsyms],lockref_get_not_dead
248338.0,3717381,python,python,match_dealloc
248338.0,3717230,python,[JIT],0x0000ebf80a72b13c
248338.0,3717230,python,[JIT],0x0000ebf80a7d36e0
248338.0,3717493,python,[kernel.kallsyms],jbd2__journal_start
248338.0,3717493,python,[JIT],0x0000fea5aa7e4080
248338.0,3717493,python,[JIT],0x0000fea5aa7ee088
248337.0,3717318,python,[JIT],0x0000e148ee7da284
248337.0,3717318,python,[JIT],0x0000e148ee7df5a4
248337.0,3717460,python,[JIT],0x0000fddad25270a0
248337.0,3717250,python,[JIT],0x0000e1001dc3b5f8
248337.0,3717460,python,[kernel.kallsyms],cp_new_stat
248337.0,3717230,python,[JIT],0x0000ebf80a72f318
248337.0,3717230,python,[JIT],0x0000ebf80a7d60f0
248337.0,3717230,python,[JIT],0x0000ebf80a7ff19c
248337.0,3717230,python,[JIT],0x0000ebf80a7ff280
248337.0,3717493,python,[JIT],0x0000fea5aa7ed0fc
248337.0,3717493,python,[JIT],0x0000fea5aa7ed43c
248336.0,3717318,python,[JIT],0x0000e148ee8811cc
248336.0,3717318,python,[JIT],0x0000e148ee8aa228
248336.0,3717250,python,[kernel.kallsyms],do_el0_svc
248336.0,3717460,python,[JIT],0x0000fddad25296a4
248336.0,3717250,python,[JIT],0x0000e1001dc3a51c
248336.0,3717250,python,[JIT],0x0000e1001dce21f4
248336.0,3717381,python,[JIT],0x0000eeaad5174568
248336.0,3717230,python,python,PyUnicode_Append
248336.0,3717230,python,[JIT],0x0000ebf80a7ff0fc
248336.0,3717230,python,[JIT],0x0000ebf80a7ff46c
248336.0,3717230,python,[JIT],0x0000ebf80a7ffc80
248336.0,3717493,python,[JIT],0x0000fea5aa7ee02c
248336.0,3717493,python,[JIT],0x0000fea5aa81733c
248336.0,3717493,python,[JIT],0x0000fea5aa818720
248335.0,3717493,python,[kernel.kallsyms],check_heap_object
248335.0,3717318,python,[JIT],0x0000e148ee8aacd4
248335.0,3717250,python,python,PyUnicode_EncodeFSDefault
248335.0,3717250,python,[kernel.kallsyms],__do_sys_newfstatat
248335.0,3717460,python,python,func_traverse
248335.0,3717460,python,[kernel.kallsyms],lockref_get
248335.0,3717460,python,[JIT],0x0000fddad2555a34
248335.0,3717381,python,[JIT],0x0000eeaad5174240
248335.0,3717460,python,python,cfunction_vectorcall_FASTCALL_KEYWORDS_METHOD
248335.0,3717460,python,[kernel.kallsyms],ext4_file_getattr
248335.0,3717493,python,[JIT],0x0000fea5aa817084
248334.0,3717493,python,python,tuple_dealloc
248334.0,3717318,python,[JIT],0x0000e148ee8aac58
248334.0,3717250,python,[JIT],0x0000e1001dc3e7e0
248334.0,3717250,python,[JIT],0x0000e1001dce1354
248334.0,3717381,python,[JIT],0x0000eeaad51720e8
248334.0,3717381,python,[JIT],0x0000eeaad519e0d8
248334.0,3717381,python,[JIT],0x0000eeaad519f4fc
248334.0,3717318,python,[kernel.kallsyms],vfs_fstatat
248334.0,3717493,python,[JIT],0x0000fea5aa7eb0e8
248334.0,3717493,python,[JIT],0x0000fea5aa7eb10c
248334.0,3717493,python,[JIT],0x0000fea5aa817a9c
248334.0,3717493,python,[JIT],0x0000fea5aa817f10
248333.0,3717318,python,[JIT],0x0000e148ee7df2ec
248333.0,3717318,python,[JIT],0x0000e148ee8aa760
248333.0,3717460,python,[JIT],0x0000fddad2529788
248333.0,3717250,python,[JIT],0x0000e1001dc3b178
248333.0,3717381,python,[JIT],0x0000eeaad50cd0a8
248333.0,3717381,python,[JIT],0x0000eeaad519e0fc
248333.0,3717381,python,python,PyEval_SaveThread
248333.0,3717460,python,python,PyMem_Realloc
248333.0,3717230,python,[JIT],0x0000ebf80a80041c
248333.0,3717318,python,python,PyObject_Vectorcall
248333.0,3717493,python,[JIT],0x0000fea5aa7eb41c
248333.0,3717493,python,[JIT],0x0000fea5aa7ed144
248333.0,3717493,python,[JIT],0x0000fea5aa8170a8
248332.0,3717381,python,[JIT],0x0000eeaad5172238
248332.0,3717381,python,[JIT],0x0000eeaad5172568
248332.0,3717350,python,[kernel.kallsyms],getname_flags.part.0
248332.0,3717381,python,[kernel.kallsyms],step_into
248332.0,3717230,python,[JIT],0x0000ebf80a72f07c
248332.0,3717493,python,[JIT],0x0000fea5aa81829c
248332.0,3717493,python,[JIT],0x0000fea5aa818680
248331.0,3717381,python,[kernel.kallsyms],__find_get_block_slow
248331.0,3717230,python,python,_PyMem_RawFree
248331.0,3717230,python,[JIT],0x0000ebf80a7ff8a4
248331.0,3717318,python,[kernel.kallsyms],__slab_free
248330.0,3717250,python,[JIT],0x0000e1001dce164c
248330.0,3717381,python,[JIT],0x0000eeaad51720c8
248330.0,3717350,python,python,_PyThreadState_MustExit
248330.0,3717381,python,python,PyMem_Realloc
248330.0,3717381,python,python,_PyOptimizer_Optimize
248330.0,3717318,python,python,_PyObject_Realloc
248330.0,3717493,python,[JIT],0x0000fea5aa7e802c
248329.0,3717318,python,[JIT],0x0000e148ee7df284
248329.0,3717460,python,[JIT],0x0000fddad2529424
248329.0,3717250,python,[JIT],0x0000e1001dc37140
248329.0,3717381,python,[JIT],0x0000eeaad50cb164
248329.0,3717230,python,[JIT],0x0000ebf80a7d6674
248329.0,3717230,python,[JIT],0x0000ebf80a7ff1f0
248329.0,3717493,python,[JIT],0x0000fea5aa81798c
248329.0,3717493,python,[JIT],0x0000fea5aa8196d4
248328.0,3717493,python,[kernel.kallsyms],kmem_cache_free
248328.0,3717460,python,[JIT],0x0000fddad252b2c8
248328.0,3717381,python,[JIT],0x0000eeaad50ce068
248328.0,3717381,python,[JIT],0x0000eeaad5174080
248328.0,3717381,python,[JIT],0x0000eeaad517217c
248328.0,3717493,python,[JIT],0x0000fea5aa7ed4f0
248328.0,3717493,python,[JIT],0x0000fea5aa8184fc
248327.0,3717493,python,libc.so.6,_int_free
248327.0,3717493,python,[kernel.kallsyms],path_init
248327.0,3717250,python,[kernel.kallsyms],nd_jump_root
248327.0,3717250,python,[JIT],0x0000e1001dd0b0a8
248327.0,3717381,python,[JIT],0x0000eeaad51720c0
248327.0,3717381,python,[JIT],0x0000eeaad519e08c
248327.0,3717460,python,libc.so.6,cfree@GLIBC_2.17
248327.0,3717230,python,[JIT],0x0000ebf80a7d1198
248327.0,3717230,python,[JIT],0x0000ebf80a7d60e8
248326.0,3717318,python,[JIT],0x0000e148ee8aa2c0
248326.0,3717460,python,[JIT],0x0000fddad2556580
248326.0,3717250,python,[JIT],0x0000e1001dc3e530
248326.0,3717381,python,[JIT],0x0000eeaad50cf0b8
248326.0,3717381,python,[JIT],0x0000eeaad51724e4
248326.0,3717230,python,python,_PyStaticMethod_GetFunc
248326.0,3717230,python,[kernel.kallsyms],anon_vma_name
248326.0,3717230,python,[JIT],0x0000ebf80a7d665c
248325.0,3717493,python,[kernel.kallsyms],memmove
248325.0,3717318,python,[JIT],0x0000e148ee8aa3d0
248325.0,3717318,python,[JIT],0x0000e148ee8aae60
248325.0,3717250,python,[kernel.kallsyms],call_filldir
248325.0,3717381,python,[JIT],0x0000eeaad519ec4c
248325.0,3717230,python,[JIT],0x0000ebf80a7d3698
248325.0,3717230,python,[JIT],0x0000ebf80a7d708c
248325.0,3717493,python,[JIT],0x0000fea5aa817714
248324.0,3717493,python,python,_PyFunction_Vectorcall
248324.0,3717318,python,[JIT],0x0000e148ee7df4c4
248324.0,3717460,python,[JIT],0x0000fddad252c0f0
248324.0,3717250,python,[JIT],0x0000e1001dd0bf14
248324.0,3717250,python,[JIT],0x0000e1001dd0d6f8
248324.0,3717381,python,[JIT],0x0000eeaad5174458
248324.0,3717350,python,python,object_isinstance
248324.0,3717460,python,[kernel.kallsyms],memmove
248324.0,3717460,python,[JIT],0x0000fddad25296d4
248324.0,3717460,python,[JIT],0x0000fddad2555794
248324.0,3717230,python,[JIT],0x0000ebf80a7d6688
248324.0,3717493,python,[JIT],0x0000fea5aa7ed084
248323.0,3717318,python,[JIT],0x0000e148ee8aa1d4
248323.0,3717250,python,[kernel.kallsyms],dynamic_might_resched
248323.0,3717460,python,[JIT],0x0000fddad2555148
248323.0,3717460,python,[JIT],0x0000fddad2556140
248323.0,3717381,python,[JIT],0x0000eeaad50ce1ec
248323.0,3717381,python,[JIT],0x0000eeaad5175140
248323.0,3717381,python,[JIT],0x0000eeaad519e190
248323.0,3717381,python,[JIT],0x0000eeaad519e714
248323.0,3717381,python,python,os_stat
248323.0,3717460,python,[kernel.kallsyms],lookup_fast
248323.0,3717460,python,python,pthread_cond_signal@plt
248323.0,3717460,python,[JIT],0x0000fddad2555388
248323.0,3717230,python,[JIT],0x0000ebf80a7d7058
248323.0,3717493,python,[JIT],0x0000fea5aa819748
248322.0,3717318,python,[JIT],0x0000e148ee8ab130
248322.0,3717460,python,[JIT],0x0000fddad252b658
248322.0,3717250,python,[JIT],0x0000e1001dc3e064
248322.0,3717381,python,[JIT],0x0000eeaad51720d8
248322.0,3717381,python,[JIT],0x0000eeaad5174374
248322.0,3717381,python,[JIT],0x0000eeaad519e36c
248322.0,3717460,python,python,PyEval_SaveThread
248322.0,3717230,python,[JIT],0x0000ebf80a7d31ac
248322.0,3717230,python,[JIT],0x0000ebf80a7d700c
248322.0,3717493,python,[JIT],0x0000fea5aa7eb894
248322.0,3717493,python,[JIT],0x0000fea5aa81814c
248321.0,3717318,python,python,_PyJit_translate_single_bytecode_to_trace
248321.0,3717318,python,[JIT],0x0000e148ee7df288
248321.0,3717318,python,[JIT],0x0000e148ee8aa438
248321.0,3717250,python,[JIT],0x0000e1001dc3e3d0
248321.0,3717250,python,[JIT],0x0000e1001dd0b2b4
248321.0,3717381,python,python,object_isinstance
248321.0,3717460,python,[JIT],0x0000fddad2555738
248321.0,3717230,python,[JIT],0x0000ebf80a7d6388
248321.0,3717230,python,[JIT],0x0000ebf80a7ffbe0
248321.0,3717318,python,[JIT],0x0000e148ee7dd4d4
248320.0,3717250,python,[JIT],0x0000e1001dd0c240
248320.0,3717250,python,[JIT],0x0000e1001dc3b498
248320.0,3717250,python,[JIT],0x0000e1001dce1718
248320.0,3717230,python,[JIT],0x0000ebf80a7d334c
248320.0,3717230,python,[JIT],0x0000ebf80a7d66cc
248320.0,3717230,python,[JIT],0x0000ebf80a8001d4
248320.0,3717230,python,[JIT],0x0000ebf80a8002c0
248320.0,3717318,python,[kernel.kallsyms],kfree
248320.0,3717493,python,[JIT],0x0000fea5aa7ed5a4
248319.0,3717318,python,[JIT],0x0000e148ee8aa5ac
248319.0,3717318,python,[JIT],0x0000e148ee8ab090
248319.0,3717318,python,[JIT],0x0000e148ee8ab0d0
248319.0,3717460,python,[JIT],0x0000fddad2525168
248319.0,3717250,python,[JIT],0x0000e1001dc3b1ac
248319.0,3717250,python,[JIT],0x0000e1001dc3e1ec
248319.0,3717381,python,python,split
248319.0,3717230,python,[JIT],0x0000ebf80a7d62c4
248319.0,3717230,python,[JIT],0x0000ebf80a8001dc
248319.0,3717493,python,[JIT],0x0000fea5aa7ed160
248318.0,3717318,python,[JIT],0x0000e148ee7dd2c8
248318.0,3717318,python,[JIT],0x0000e148ee881084
248318.0,3717318,python,[JIT],0x0000e148ee8aa918
248318.0,3717250,python,[JIT],0x0000e1001dd0b7e4
248318.0,3717250,python,[JIT],0x0000e1001dd0bbc0
248318.0,3717381,python,[JIT],0x0000eeaad5174108
248318.0,3717381,python,[JIT],0x0000eeaad517435c
248318.0,3717350,python,python,PyDict_GetItemWithError
248318.0,3717381,python,python,PyObject_Vectorcall
248318.0,3717230,python,[JIT],0x0000ebf80a7d3118
248318.0,3717230,python,[JIT],0x0000ebf80a7d6cf8
248318.0,3717493,python,[JIT],0x0000fea5aa817fac
248317.0,3717493,python,python,PyLong_FromUnsignedLongLong
248317.0,3717493,python,[kernel.kallsyms],perf_iterate_ctx
248317.0,3717318,python,[kernel.kallsyms],ext4_inode_block_valid
248317.0,3717318,python,[kernel.kallsyms],obj_cgroup_charge
248317.0,3717318,python,[JIT],0x0000e148ee8ab02c
248317.0,3717230,python,[JIT],0x0000ebf80a7d616c
248317.0,3717230,python,[JIT],0x0000ebf80a7d7048
248317.0,3717230,python,[JIT],0x0000ebf80a7ff788
248317.0,3717493,python,[JIT],0x0000fea5aa8178a4
248316.0,3717318,python,[JIT],0x0000e148ee8aa930
248316.0,3717460,python,python,__errno_location@plt
248316.0,3717250,python,[JIT],0x0000e1001dd0b338
248316.0,3717381,python,[JIT],0x0000eeaad519f16c
248316.0,3717460,python,[kernel.kallsyms],security_inode_permission
248316.0,3717230,python,[kernel.kallsyms],_raw_spin_unlock_irqrestore
248316.0,3717230,python,[JIT],0x0000ebf80a7d66a4
248316.0,3717318,python,python,DirEntry_dealloc
248316.0,3717493,python,[JIT],0x0000fea5aa7eb674
248315.0,3717493,python,[JIT],0x0000fea5aa81854c
248315.0,3717318,python,[JIT],0x0000e148ee7df274
248315.0,3717460,python,[JIT],0x0000fddad2555180
248315.0,3717381,python,python,_PyObject_LookupSpecial
248315.0,3717230,python,[JIT],0x0000ebf80a7d3264
248315.0,3717318,python,[kernel.kallsyms],rb_insert_color
248315.0,3717493,python,[JIT],0x0000fea5aa8178a8
248315.0,3717493,python,[JIT],0x0000fea5aa818240
248315.0,3717493,python,[JIT],0x0000fea5aa8186c4
248314.0,3717460,python,[JIT],0x0000fddad25291ec
248314.0,3717250,python,[JIT],0x0000e1001dce126c
248314.0,3717381,python,[JIT],0x0000eeaad50ce170
248314.0,3717381,python,[JIT],0x0000eeaad51747e8
248314.0,3717381,python,[JIT],0x0000eeaad519e994
248314.0,3717350,python,[kernel.kallsyms],__ext4_read_dirblock
248314.0,3717460,python,[kernel.kallsyms],try_to_unlazy
248313.0,3717250,python,[JIT],0x0000e1001dd0b0fc
248313.0,3717381,python,python,PyObject_GetItem
248313.0,3717381,python,[kernel.kallsyms],__fget_light
248313.0,3717350,python,[JIT],0x0000fa7696261128
248313.0,3717230,python,[JIT],0x0000ebf80a7fffd4
248313.0,3717493,python,[JIT],0x0000fea5aa7ed6cc
248312.0,3717318,python,python,PyObject_IsTrue
248312.0,3717250,python,[JIT],0x0000e1001dd0b1e0
248312.0,3717460,python,[JIT],0x0000fddad252b3d4
248312.0,3717381,python,[kernel.kallsyms],__check_heap_object
248312.0,3717381,python,[kernel.kallsyms],terminate_walk
248312.0,3717460,python,[kernel.kallsyms],make_vfsuid
248312.0,3717230,python,[JIT],0x0000ebf80a7d7128
248312.0,3717230,python,[JIT],0x0000ebf80a7ffebc
248312.0,3717493,python,[JIT],0x0000fea5aa817b30
248311.0,3717460,python,[JIT],0x0000fddad2526030
248311.0,3717460,python,[JIT],0x0000fddad25290d8
248311.0,3717250,python,[JIT],0x0000e1001dd0b118
248311.0,3717381,python,[JIT],0x0000eeaad5175090
248311.0,3717230,python,[JIT],0x0000ebf80a7ff898
248311.0,3717318,python,[kernel.kallsyms],arch_local_irq_restore
248310.0,3717250,python,[JIT],0x0000e1001dce2090
248310.0,3717381,python,[kernel.kallsyms],free_rb_tree_fname
248310.0,3717381,python,[JIT],0x0000eeaad519e228
248310.0,3717230,python,[JIT],0x0000ebf80a72b4f4
248310.0,3717230,python,[JIT],0x0000ebf80a72d1b8
248310.0,3717318,python,python,PyType_GetSlot
248310.0,3717493,python,[JIT],0x0000fea5aa817308
248309.0,3717493,python,python,slot_tp_init
248309.0,3717460,python,[JIT],0x0000fddad2529588
248309.0,3717250,python,[JIT],0x0000e1001dce1624
248309.0,3717350,python,[kernel.kallsyms],el0_svc_common.constprop.0
248309.0,3717350,python,[JIT],0x0000fa769628a978
248309.0,3717460,python,[JIT],0x0000fddad25558e0
248309.0,3717230,python,[JIT],0x0000ebf80a7d1068
248309.0,3717493,python,[JIT],0x0000fea5aa7ee000
248308.0,3717318,python,[JIT],0x0000e148ee7dd0ac
248308.0,3717318,python,[JIT],0x0000e148ee7df108
248308.0,3717250,python,python,_PyObject_VectorcallDictTstate
248308.0,3717460,python,[JIT],0x0000fddad2526168
248308.0,3717381,python,[JIT],0x0000eeaad50cd354
248308.0,3717381,python,[JIT],0x0000eeaad5175078
248308.0,3717381,python,[JIT],0x0000eeaad519ed38
248308.0,3717381,python,[JIT],0x0000eeaad519f6d4
248308.0,3717350,python,python,PyObject_GetOptionalAttr
248308.0,3717230,python,[JIT],0x0000ebf80a8000f8
248308.0,3717318,python,python,PyObject_IsInstance
248307.0,3717460,python,[JIT],0x0000fddad25292ac
248307.0,3717460,python,[JIT],0x0000fddad255564c
248307.0,3717250,python,[JIT],0x0000e1001dce136c
248307.0,3717381,python,[JIT],0x0000eeaad519ea20
248307.0,3717350,python,[kernel.kallsyms],__check_heap_object
248307.0,3717381,python,python,_PyObject_Realloc
248306.0,3717318,python,[JIT],0x0000e148ee7dd83c
248306.0,3717460,python,[JIT],0x0000fddad252239c
248306.0,3717230,python,python,Py_HashBuffer
248306.0,3717230,python,[JIT],0x0000ebf80a7fff6c
248306.0,3717493,python,[kernel.kallsyms],iterate_dir
248306.0,3717493,python,[JIT],0x0000fea5aa81848c
248305.0,3717493,python,python,slot_tp_new
248305.0,3717460,python,[JIT],0x0000fddad25296f4
248305.0,3717250,python,[JIT],0x0000e1001dd0b088
248305.0,3717381,python,[JIT],0x0000eeaad519ec98
248305.0,3717350,python,[kernel.kallsyms],map_id_up
248305.0,3717381,python,python,_Py_type_getattro_stackref
248305.0,3717460,python,python,PyObject_GetOptionalAttr
248305.0,3717460,python,python,method_vectorcall
248305.0,3717230,python,[JIT],0x0000ebf80a7d602c
248305.0,3717230,python,[JIT],0x0000ebf80a7ff508
248304.0,3717493,python,[kernel.kallsyms],path_put
248304.0,3717318,python,[JIT],0x0000e148ee8aadc0
248304.0,3717318,python,[JIT],0x0000e148ee8ab04c
248304.0,3717460,python,[kernel.kallsyms],arch_local_irq_restore
248304.0,3717460,python,[JIT],0x0000fddad25552b8
248304.0,3717381,python,[JIT],0x0000eeaad5172234
248304.0,3717381,python,[JIT],0x0000eeaad517256c
248304.0,3717381,python,[JIT],0x0000eeaad519f168
248304.0,3717230,python,[JIT],0x0000ebf80a7d6374
248304.0,3717230,python,[JIT],0x0000ebf80a7d6620
248304.0,3717318,python,python,PyFloat_FromDouble
248304.0,3717318,python,python,_PyObject_Call_Prepend
248304.0,3717318,python,[JIT],0x0000e148ee8aa0cc
248304.0,3717318,python,[JIT],0x0000e148ee8aa4f0
248304.0,3717493,python,[JIT],0x0000fea5aa7e828c
248303.0,3717493,python,libc.so.6,__GI___stat64
248303.0,3717460,python,[JIT],0x0000fddad25550c4
248303.0,3717460,python,[JIT],0x0000fddad255525c
248303.0,3717460,python,[JIT],0x0000fddad2555438
248303.0,3717460,python,[JIT],0x0000fddad25557e4
248303.0,3717250,python,[JIT],0x0000e1001dc3c0cc
248303.0,3717250,python,[JIT],0x0000e1001dd0b494
248303.0,3717381,python,[JIT],0x0000eeaad5174594
248303.0,3717460,python,python,PyUnicode_DecodeFSDefault
248303.0,3717230,python,[kernel.kallsyms],from_kuid_munged
248303.0,3717230,python,[JIT],0x0000ebf80a80011c
248303.0,3717318,python,[kernel.kallsyms],inode_permission
248302.0,3717318,python,[JIT],0x0000e148ee881038
248302.0,3717460,python,[JIT],0x0000fddad25271a4
248302.0,3717250,python,[kernel.kallsyms],_raw_spin_unlock
248302.0,3717250,python,[JIT],0x0000e1001dd0b844
248302.0,3717350,python,[kernel.kallsyms],nd_jump_root
248302.0,3717381,python,python,DirEntry_dealloc
248302.0,3717381,python,[kernel.kallsyms],is_vmalloc_addr
248302.0,3717318,python,python,_PyObject_LookupSpecial
248302.0,3717493,python,[JIT],0x0000fea5aa7ed09c
248302.0,3717493,python,[JIT],0x0000fea5aa818100
248301.0,3717250,python,[kernel.kallsyms],make_vfsgid
248301.0,3717460,python,[JIT],0x0000fddad2526048
248301.0,3717250,python,[JIT],0x0000e1001dc3c15c
248301.0,3717250,python,[JIT],0x0000e1001dc3e210
248301.0,3717250,python,[JIT],0x0000e1001dd0bc0c
248301.0,3717350,python,[kernel.kallsyms],arch_local_irq_restore
248301.0,3717230,python,[JIT],0x0000ebf80a7d63d8
248301.0,3717230,python,[JIT],0x0000ebf80a7ffb48
248301.0,3717318,python,python,PyTuple_FromArray
248301.0,3717493,python,[JIT],0x0000fea5aa7ed4a8
248300.0,3717318,python,[JIT],0x0000e148ee7dd348
248300.0,3717318,python,[JIT],0x0000e148ee7df138
248300.0,3717250,python,[JIT],0x0000e1001dd0b63c
248300.0,3717250,python,[JIT],0x0000e1001dd0b3e0
248300.0,3717318,python,python,PyDescr_IsData
248299.0,3717318,python,[JIT],0x0000e148ee7db0d0
248299.0,3717318,python,[JIT],0x0000e148ee7dd264
248299.0,3717460,python,[JIT],0x0000fddad2555680
248299.0,3717250,python,[JIT],0x0000e1001dd0b284
248299.0,3717381,python,[JIT],0x0000eeaad517239c
248299.0,3717460,python,[JIT],0x0000fddad252bcd8
248299.0,3717460,python,[JIT],0x0000fddad2555f88
248299.0,3717230,python,[JIT],0x0000ebf80a7ff214
248298.0,3717493,python,python,type_is_gc
248298.0,3717318,python,[JIT],0x0000e148ee7db19c
248298.0,3717250,python,[JIT],0x0000e1001dc3e418
248298.0,3717230,python,[JIT],0x0000ebf80a7d6260
248298.0,3717230,python,[JIT],0x0000ebf80a7d70e8
248298.0,3717493,python,[JIT],0x0000fea5aa817218
248298.0,3717493,python,[JIT],0x0000fea5aa8173e4
248297.0,3717318,python,[JIT],0x0000e148ee7df610
248297.0,3717250,python,python,drop_gil
248297.0,3717460,python,[JIT],0x0000fddad2555970
248297.0,3717381,python,python,cfunction_vectorcall_FASTCALL_KEYWORDS
248297.0,3717230,python,[JIT],0x0000ebf80a7d64a4
248297.0,3717230,python,[JIT],0x0000ebf80a7ff2b4
248296.0,3717493,python,[JIT],0x0000fea5aa81702c
248296.0,3717318,python,[kernel.kallsyms],memmove
248296.0,3717460,python,[JIT],0x0000fddad252b0f8
248296.0,3717250,python,[JIT],0x0000e1001dce208c
248296.0,3717381,python,[kernel.kallsyms],__handle_mm_fault
248296.0,3717350,python,[kernel.kallsyms],__rcu_read_unlock
248296.0,3717230,python,python,_PyObject_GC_New
248296.0,3717230,python,[JIT],0x0000ebf80a7d1008
248296.0,3717493,python,[JIT],0x0000fea5aa7e3520
248295.0,3717493,python,python,_PyType_AllocNoTrack
248295.0,3717318,python,[kernel.kallsyms],__find_get_block
248295.0,3717318,python,[JIT],0x0000e148ee881154
248295.0,3717318,python,[JIT],0x0000e148ee8aad54
248295.0,3717381,python,[JIT],0x0000eeaad5174434
248295.0,3717381,python,[JIT],0x0000eeaad5174768
248295.0,3717230,python,[JIT],0x0000ebf80a7ff3b8
248295.0,3717230,python,[JIT],0x0000ebf80a7ffad4
248295.0,3717493,python,[JIT],0x0000fea5aa817e68
248295.0,3717493,python,[JIT],0x0000fea5aa818224
248294.0,3717318,python,[JIT],0x0000e148ee8811c8
248294.0,3717460,python,[JIT],0x0000fddad25297c8
248294.0,3717460,python,[JIT],0x0000fddad25554c4
248294.0,3717250,python,[JIT],0x0000e1001dc38034
248294.0,3717381,python,[JIT],0x0000eeaad50cb0b4
248294.0,3717381,python,[JIT],0x0000eeaad51750f8
248294.0,3717230,python,[JIT],0x0000ebf80a7ffa54
248294.0,3717493,python,[JIT],0x0000fea5aa817740
248294.0,3717493,python,[JIT],0x0000fea5aa8179f4
248293.0,3717493,python,[JIT],0x0000fea5aa817b24
248293.0,3717493,python,[JIT],0x0000fea5aa818334
248293.0,3717318,python,[JIT],0x0000e148ee7df58c
248293.0,3717381,python,[kernel.kallsyms],mntput_no_expire
248293.0,3717230,python,[JIT],0x0000ebf80a7d707c
248293.0,3717493,python,[JIT],0x0000fea5aa817a10
248293.0,3717493,python,[JIT],0x0000fea5aa818558
248292.0,3717318,python,[JIT],0x0000e148ee7df554
248292.0,3717250,python,[JIT],0x0000e1001dce13a8
248292.0,3717250,python,[JIT],0x0000e1001dd0bf88
248292.0,3717381,python,[JIT],0x0000eeaad51726f8
248292.0,3717381,python,[kernel.kallsyms],vfs_statx
248292.0,3717460,python,python,_PyObject_VectorcallDictTstate
248292.0,3717460,python,[kernel.kallsyms],mntput
248292.0,3717230,python,[JIT],0x0000ebf80a7d387c
248292.0,3717493,python,[JIT],0x0000fea5aa7ed774
248291.0,3717493,python,[JIT],0x0000fea5aa817d10
248291.0,3717318,python,[kernel.kallsyms],apparmor_file_permission
248291.0,3717318,python,[JIT],0x0000e148ee882000
248291.0,3717460,python,[JIT],0x0000fddad252b334
248291.0,3717381,python,[JIT],0x0000eeaad50c9104
248291.0,3717381,python,[JIT],0x0000eeaad5172008
248291.0,3717381,python,[JIT],0x0000eeaad51751bc
248291.0,3717381,python,python,dict_dealloc
248291.0,3717230,python,[JIT],0x0000ebf80a7ffd54
248291.0,3717493,python,[JIT],0x0000fea5aa817a24
248290.0,3717493,python,[JIT],0x0000fea5aa8171f8
248290.0,3717318,python,[JIT],0x0000e148ee8aa9e8
248290.0,3717250,python,python,_PyUnicode_Equal
248290.0,3717381,python,[JIT],0x0000eeaad5172740
248290.0,3717350,python,libc.so.6,__printf_buffer
248290.0,3717381,python,libc.so.6,cfree@GLIBC_2.17
248290.0,3717230,python,[JIT],0x0000ebf80a7d321c
248290.0,3717493,python,[JIT],0x0000fea5aa817fdc
248289.0,3717318,python,[JIT],0x0000e148ee8810c8
248289.0,3717250,python,python,_Py_BuiltinCallFastWithKeywords_StackRef
248289.0,3717460,python,[JIT],0x0000fddad2526068
248289.0,3717350,python,[JIT],0x0000fa76961bf520
248289.0,3717381,python,python,list_dealloc
248289.0,3717230,python,python,PyTuple_FromArray
248289.0,3717230,python,[JIT],0x0000ebf80a7ffbb0
248288.0,3717250,python,[JIT],0x0000e1001dc3e7e4
248288.0,3717460,python,libc.so.6,_int_free_merge_chunk
248288.0,3717381,python,[kernel.kallsyms],getname_flags.part.0
248288.0,3717381,python,[JIT],0x0000eeaad519ea24
248288.0,3717493,python,[JIT],0x0000fea5aa7eb538
248288.0,3717493,python,[JIT],0x0000fea5aa8177dc
248287.0,3717250,python,[JIT],0x0000e1001dd0bb54
248287.0,3717381,python,[JIT],0x0000eeaad5172290
248287.0,3717230,python,[JIT],0x0000ebf80a7d642c
248287.0,3717230,python,[JIT],0x0000ebf80a7ffcac
248286.0,3717318,python,[JIT],0x0000e148ee8ab0f0
248286.0,3717460,python,[JIT],0x0000fddad2529440
248286.0,3717460,python,[JIT],0x0000fddad2555b88
248286.0,3717250,python,[JIT],0x0000e1001dce156c
248286.0,3717350,python,[kernel.kallsyms],walk_component
248286.0,3717350,python,[JIT],0x0000fa76961bd24c
248286.0,3717493,python,[JIT],0x0000fea5aa7ed674
248285.0,3717460,python,[JIT],0x0000fddad252b758
248285.0,3717460,python,[JIT],0x0000fddad2555ca0
248285.0,3717460,python,[JIT],0x0000fddad255625c
248285.0,3717230,python,[JIT],0x0000ebf80a7d34d4
248285.0,3717230,python,[JIT],0x0000ebf80a7d66d0
248285.0,3717230,python,[JIT],0x0000ebf80a7d71b8
248285.0,3717493,python,[JIT],0x0000fea5aa8177b0
248284.0,3717318,python,[JIT],0x0000e148ee8aac9c
248284.0,3717381,python,python,subtype_traverse
248284.0,3717381,python,[JIT],0x0000eeaad519e3b0
248284.0,3717460,python,[kernel.kallsyms],putname
248284.0,3717460,python,[JIT],0x0000fddad2556084
248284.0,3717493,python,[JIT],0x0000fea5aa7eb5bc
248284.0,3717493,python,[JIT],0x0000fea5aa7ed264
248284.0,3717493,python,[JIT],0x0000fea5aa81709c
248283.0,3717318,python,[JIT],0x0000e148ee7df768
248283.0,3717318,python,[JIT],0x0000e148ee8aae58
248283.0,3717460,python,[JIT],0x0000fddad252713c
248283.0,3717460,python,[JIT],0x0000fddad2529240
248283.0,3717460,python,[JIT],0x0000fddad2529290
248283.0,3717250,python,[JIT],0x0000e1001dd0be68
248283.0,3717493,python,[JIT],0x0000fea5aa7ed4f4
248282.0,3717493,python,[kernel.kallsyms],getname_flags
248282.0,3717318,python,[JIT],0x0000e148ee7df698
248282.0,3717460,python,[JIT],0x0000fddad2555358
248282.0,3717460,python,[JIT],0x0000fddad25576d4
248282.0,3717250,python,[kernel.kallsyms],__pi_clear_page
248282.0,3717381,python,[JIT],0x0000eeaad50cea68
248282.0,3717381,python,python,_PyObject_VectorcallDictTstate
248282.0,3717318,python,[kernel.kallsyms],ext4_htree_store_dirent
248282.0,3717493,python,[JIT],0x0000fea5aa7ed1cc
248281.0,3717460,python,[JIT],0x0000fddad252c1b8
248281.0,3717460,python,[JIT],0x0000fddad25559c4
248281.0,3717250,python,[JIT],0x0000e1001dce138c
248281.0,3717230,python,[JIT],0x0000ebf80a7d30fc
248280.0,3717460,python,[JIT],0x0000fddad252c05c
248280.0,3717350,python,[kernel.kallsyms],slab_update_freelist.isra.0
248280.0,3717381,python,python,PyLong_FromUnsignedLong
248280.0,3717493,python,[JIT],0x0000fea5aa818054
248279.0,3717250,python,python,DirEntry_dealloc
248279.0,3717250,python,[kernel.kallsyms],__arm64_sys_newfstatat
248279.0,3717460,python,[JIT],0x0000fddad252b664
248279.0,3717381,python,[JIT],0x0000eeaad519e780
248279.0,3717460,python,[kernel.kallsyms],strncpy_from_user
248278.0,3717493,python,python,_PyThreadState_Detach
248278.0,3717493,python,[JIT],0x0000fea5aa7ed16c
248278.0,3717250,python,[JIT],0x0000e1001dc3c19c
248278.0,3717250,python,[JIT],0x0000e1001dce13b0
248278.0,3717250,python,[JIT],0x0000e1001dd0b1fc
248278.0,3717381,python,[JIT],0x0000eeaad5172078
248278.0,3717230,python,[JIT],0x0000ebf80a7d1280
248278.0,3717230,python,[JIT],0x0000ebf80a7d7084
248278.0,3717230,python,[JIT],0x0000ebf80a7d71bc
248278.0,3717493,python,[JIT],0x0000fea5aa7e7330
248277.0,3717493,python,[JIT],0x0000fea5aa81861c
248277.0,3717460,python,[JIT],0x0000fddad2555be8
248277.0,3717250,python,[JIT],0x0000e1001dc360b0
248277.0,3717230,python,[JIT],0x0000ebf80a7d6cd8
248276.0,3717318,python,[JIT],0x0000e148ee7dd82c
248276.0,3717460,python,[JIT],0x0000fddad2555834
248276.0,3717460,python,[JIT],0x0000fddad2555c14
248276.0,3717381,python,[JIT],0x0000eeaad5176050
248276.0,3717460,python,[kernel.kallsyms],vfs_fstatat
248276.0,3717230,python,[JIT],0x0000ebf80a7ffbd4
248276.0,3717318,python,python,_PyThreadState_MustExit
248275.0,3717318,python,python,_PyFunction_SetVersion
248274.0,3717460,python,[JIT],0x0000fddad2556624
248274.0,3717250,python,[JIT],0x0000e1001dc3e078
248274.0,3717381,python,[JIT],0x0000eeaad51750f4
248274.0,3717230,python,[JIT],0x0000ebf80a7d3220
248273.0,3717318,python,[JIT],0x0000e148ee8aa2e0
248273.0,3717250,python,[JIT],0x0000e1001dce1248
248273.0,3717230,python,[JIT],0x0000ebf80a7d6038
248272.0,3717318,python,[JIT],0x0000e148ee8811b4
248272.0,3717381,python,[JIT],0x0000eeaad5174688
248272.0,3717381,python,python,_PyObject_GC_NewVar
248272.0,3717460,python,[kernel.kallsyms],uaccess_ttbr0_disable.isra.0
248272.0,3717230,python,[JIT],0x0000ebf80a7ff02c
248272.0,3717493,python,[JIT],0x0000fea5aa7ed414
248271.0,3717318,python,[JIT],0x0000e148ee8ab500
248271.0,3717460,python,[JIT],0x0000fddad2555fb0
248271.0,3717250,python,[JIT],0x0000e1001dc363c4
248271.0,3717250,python,[JIT],0x0000e1001dd0c048
248271.0,3717381,python,[JIT],0x0000eeaad519eb40
248271.0,3717230,python,[JIT],0x0000ebf80a8001e4
248271.0,3717318,python,[JIT],0x0000e148ee8811c0
248270.0,3717318,python,[JIT],0x0000e148ee8aaeac
248270.0,3717250,python,python,long_dealloc
248270.0,3717250,python,[kernel.kallsyms],mntput
248270.0,3717381,python,[JIT],0x0000eeaad5174334
248270.0,3717350,python,python,pthread_mutex_unlock@plt
248270.0,3717230,python,[JIT],0x0000ebf80a7d711c
248270.0,3717230,python,[JIT],0x0000ebf80a80012c
248270.0,3717493,python,[JIT],0x0000fea5aa7ed67c
248269.0,3717493,python,[JIT],0x0000fea5aa7ee054
248269.0,3717460,python,[JIT],0x0000fddad2555e58
248269.0,3717230,python,[JIT],0x0000ebf80a72d038
248269.0,3717318,python,[JIT],0x0000e148ee7dd15c
248268.0,3717318,python,[JIT],0x0000e148ee8810e0
248268.0,3717460,python,[JIT],0x0000fddad252b1e0
248268.0,3717250,python,[JIT],0x0000e1001dc3e754
248268.0,3717318,python,[kernel.kallsyms],perf_iterate_ctx
248267.0,3717318,python,[JIT],0x0000e148ee881030
248267.0,3717460,python,[JIT],0x0000fddad252b448
248267.0,3717230,python,[JIT],0x0000ebf80a7ffc2c
248267.0,3717318,python,[JIT],0x0000e148ee8aa8a4
248266.0,3717250,python,[JIT],0x0000e1001dce21a0
248266.0,3717250,python,[JIT],0x0000e1001dce21b8
248266.0,3717381,python,[kernel.kallsyms],pfn_is_map_memory
248266.0,3717230,python,[JIT],0x0000ebf80a7d626c
248266.0,3717318,python,python,_PyEval_ReleaseLock
248266.0,3717493,python,[JIT],0x0000fea5aa7ed64c
248265.0,3717460,python,[JIT],0x0000fddad252c080
248265.0,3717460,python,[JIT],0x0000fddad2556168
248265.0,3717381,python,[JIT],0x0000eeaad50ce488
248264.0,3717318,python,[JIT],0x0000e148ee8ab728
248264.0,3717460,python,[JIT],0x0000fddad2556614
248264.0,3717460,python,python,slot_tp_new
248264.0,3717230,python,[JIT],0x0000ebf80a7ffc18
248263.0,3717493,python,python,sre_ucs1_count
248263.0,3717460,python,python,pthread_self@plt
248262.0,3717318,python,[JIT],0x0000e148ee8aa2f4
248262.0,3717318,python,[JIT],0x0000e148ee8ab4bc
248262.0,3717493,python,[JIT],0x0000fea5aa7e8290
248262.0,3717493,python,[JIT],0x0000fea5aa817c50
248261.0,3717318,python,[JIT],0x0000e148ee7da1bc
248261.0,3717318,python,[JIT],0x0000e148ee8aa07c
248261.0,3717460,python,[JIT],0x0000fddad2555860
248261.0,3717381,python,[JIT],0x0000eeaad5172678
248261.0,3717350,python,[JIT],0x0000fa769628a338
248261.0,3717460,python,[kernel.kallsyms],mntput_no_expire
248261.0,3717318,python,[kernel.kallsyms],kmem_cache_free
248260.0,3717318,python,[kernel.kallsyms],__brelse
248260.0,3717250,python,python,sre_ucs1_match
248260.0,3717460,python,[JIT],0x0000fddad252607c
248260.0,3717460,python,[JIT],0x0000fddad25298b4
248260.0,3717250,python,[kernel.kallsyms],aa_file_perm
248260.0,3717250,python,[JIT],0x0000e1001dce11c8
248260.0,3717230,python,[JIT],0x0000ebf80a7d1088
248260.0,3717230,python,[JIT],0x0000ebf80a7ff1f4
248259.0,3717493,python,[kernel.kallsyms],set_root
248259.0,3717460,python,[JIT],0x0000fddad2555580
248259.0,3717460,python,[JIT],0x0000fddad2555a64
248259.0,3717381,python,[JIT],0x0000eeaad519e28c
248259.0,3717230,python,[JIT],0x0000ebf80a7ff93c
248259.0,3717493,python,[JIT],0x0000fea5aa81721c
248258.0,3717318,python,python,PyLong_FromLong
248258.0,3717493,python,[JIT],0x0000fea5aa81745c
248257.0,3717250,python,[JIT],0x0000e1001dc3e2a8
248257.0,3717460,python,[kernel.kallsyms],__kmalloc
248256.0,3717350,python,[JIT],0x0000fa769628a2e0
248256.0,3717381,python,python,allocate_from_new_pool
248256.0,3717230,python,[JIT],0x0000ebf80a7ff4cc
248256.0,3717230,python,[JIT],0x0000ebf80a7ff9d0
248256.0,3717230,python,[JIT],0x0000ebf80a8001ec
248256.0,3717318,python,[JIT],0x0000e148ee7df038
248255.0,3717460,python,[JIT],0x0000fddad252b160
248255.0,3717381,python,[kernel.kallsyms],memmove
248254.0,3717460,python,[JIT],0x0000fddad252b618
248254.0,3717381,python,[JIT],0x0000eeaad50cb114
248254.0,3717460,python,python,_PyType_AllocNoTrack
248254.0,3717460,python,[kernel.kallsyms],vfs_getattr_nosec
248253.0,3717318,python,[JIT],0x0000e148ee7dd458
248253.0,3717460,python,[JIT],0x0000fddad2555388
248253.0,3717381,python,libc.so.6,_int_free
248253.0,3717460,python,python,_PyThreadState_Detach
248253.0,3717318,python,python,PyMethod_New
248252.0,3717318,python,[JIT],0x0000e148ee8aabf4
248252.0,3717460,python,python,PyList_New.constprop.0
248252.0,3717460,python,python,_PyEval_ReleaseLock
248252.0,3717318,python,[JIT],0x0000e148ee7df6bc
248251.0,3717318,python,[JIT],0x0000e148ee8aa588
248251.0,3717230,python,[JIT],0x0000ebf80a7ff17c
248250.0,3717493,python,[JIT],0x0000fea5aa8179ac
248250.0,3717350,python,[kernel.kallsyms],vfs_getattr_nosec
248250.0,3717381,python,python,gc_collect_main
248249.0,3717318,python,[JIT],0x0000e148ee8aa0b8
248249.0,3717460,python,[JIT],0x0000fddad25554a4
248249.0,3717230,python,[JIT],0x0000ebf80a72f0d8
248248.0,3717493,python,python,PyObject_IsTrue
248248.0,3717493,python,libc.so.6,__aarch64_swp4_rel
248248.0,3717230,python,[JIT],0x0000ebf80a7d1160
248248.0,3717493,python,[JIT],0x0000fea5aa81703c
248246.0,3717460,python,[JIT],0x0000fddad2529028
248246.0,3717460,python,[JIT],0x0000fddad2556270
248245.0,3717250,python,[JIT],0x0000e1001dc3e0fc
248245.0,3717381,python,[kernel.kallsyms],mas_walk
248244.0,3717250,python,[JIT],0x0000e1001dd0b9f0
248244.0,3717460,python,[JIT],0x0000fddad25230c8
248244.0,3717250,python,[JIT],0x0000e1001dd0ba34
248244.0,3717350,python,python,_PyJIT_Entry
248244.0,3717381,python,python,PyStructSequence_SetItem
248243.0,3717381,python,[JIT],0x0000eeaad5175154
248243.0,3717460,python,[JIT],0x0000fddad25566bc
248243.0,3717493,python,[JIT],0x0000fea5aa7e9040
248242.0,3717250,python,python,PyIndex_Check
248242.0,3717460,python,[JIT],0x0000fddad2555b84
248242.0,3717381,python,[JIT],0x0000eeaad519e424
248241.0,3717493,python,[kernel.kallsyms],getname_flags.part.0
248241.0,3717230,python,[kernel.kallsyms],should_failslab.constprop.0
248241.0,3717230,python,[JIT],0x0000ebf80a7d6178
248241.0,3717230,python,[JIT],0x0000ebf80a7d659c
248241.0,3717318,python,[kernel.kallsyms],security_inode_permission
248240.0,3717250,python,[JIT],0x0000e1001dc3e588
248240.0,3717230,python,[JIT],0x0000ebf80a7ff7e0
248239.0,3717493,python,[kernel.kallsyms],invoke_syscall
248239.0,3717318,python,[JIT],0x0000e148ee8810c4
248239.0,3717250,python,[JIT],0x0000e1001dc3e4e8
248239.0,3717381,python,python,_PyType_AllocNoTrack
248239.0,3717230,python,[JIT],0x0000ebf80a7ff8a8
248238.0,3717493,python,[JIT],0x0000fea5aa81789c
248238.0,3717250,python,python,_Py_CallBuiltinClass_StackRef
248237.0,3717318,python,libc.so.6,__errno_location
248236.0,3717250,python,python,object_dealloc
248236.0,3717381,python,[kernel.kallsyms],__memcg_slab_post_alloc_hook
248236.0,3717230,python,[JIT],0x0000ebf80a7d6058
248235.0,3717318,python,[kernel.kallsyms],perf_iterate_ctx
248235.0,3717250,python,[JIT],0x0000e1001dd0ba2c
248235.0,3717460,python,[JIT],0x0000fddad252b060
248235.0,3717381,python,[JIT],0x0000eeaad50c90dc
248234.0,3717460,python,[JIT],0x0000fddad2555e38
248233.0,3717460,python,[JIT],0x0000fddad25262d0
248233.0,3717250,python,[JIT],0x0000e1001dc374a8
248233.0,3717230,python,[JIT],0x0000ebf80a7d6568
248232.0,3717250,python,libc.so.6,pthread_cond_signal@@GLIBC_2.17
248232.0,3717318,python,python,PyType_IsSubtype
248231.0,3717493,python,[kernel.kallsyms],slab_update_freelist.isra.0
248231.0,3717381,python,[JIT],0x0000eeaad5174560
248231.0,3717350,python,[kernel.kallsyms],cp_new_stat
248230.0,3717460,python,[JIT],0x0000fddad25558bc
248230.0,3717230,python,[kernel.kallsyms],ext4_htree_next_block
248230.0,3717230,python,[JIT],0x0000ebf80a7ffde8
248230.0,3717230,python,[JIT],0x0000ebf80a7fffac
248229.0,3717250,python,[JIT],0x0000e1001dd0b5a8
248228.0,3717493,python,python,__errno_location@plt
248228.0,3717318,python,[JIT],0x0000e148ee7df3b0
248228.0,3717318,python,python,_PyObject_VectorcallDictTstate
248227.0,3717460,python,[JIT],0x0000fddad252b120
248227.0,3717460,python,[JIT],0x0000fddad25560f0
248226.0,3717230,python,[JIT],0x0000ebf80a7d6698
248225.0,3717460,python,[JIT],0x0000fddad255515c
248225.0,3717250,python,[JIT],0x0000e1001dd0bb8c
248225.0,3717381,python,[JIT],0x0000eeaad519e628
248225.0,3717318,python,python,_pystat_fromstructstat
248224.0,3717460,python,[JIT],0x0000fddad252b4a8
248224.0,3717230,python,[JIT],0x0000ebf80a7d5008
248223.0,3717460,python,[JIT],0x0000fddad25552f4
248223.0,3717230,python,[JIT],0x0000ebf80a800084
248223.0,3717493,python,[JIT],0x0000fea5aa7ed140
248220.0,3717460,python,[JIT],0x0000fddad252908c
248219.0,3717460,python,python,memset@plt
248217.0,3717493,python,[JIT],0x0000fea5aa817bc4
248217.0,3717318,python,[JIT],0x0000e148ee8aa834
248217.0,3717381,python,[JIT],0x0000eeaad5172f9c
248216.0,3717493,python,[kernel.kallsyms],__rcu_read_unlock
248215.0,3717381,python,[kernel.kallsyms],cp_new_stat
248215.0,3717460,python,[kernel.kallsyms],_raw_spin_trylock
248214.0,3717493,python,[JIT],0x0000fea5aa8172a8
248214.0,3717230,python,[JIT],0x0000ebf80a7ffb14
248213.0,3717460,python,[JIT],0x0000fddad252917c
248212.0,3717493,python,[kernel.kallsyms],current_obj_cgroup
248212.0,3717250,python,python,_PyThreadState_Detach
248212.0,3717460,python,[JIT],0x0000fddad252b43c
248212.0,3717460,python,[JIT],0x0000fddad252b4d4
248212.0,3717381,python,[JIT],0x0000eeaad517502c
248212.0,3717230,python,[kernel.kallsyms],ext4_es_lookup_extent
248211.0,3717318,python,python,dict_dealloc
248211.0,3717318,python,python,object_dealloc
248210.0,3717460,python,[JIT],0x0000fddad25560d4
248210.0,3717381,python,[JIT],0x0000eeaad519ea10
248210.0,3717460,python,python,_PyUnicode_Equal
248209.0,3717230,python,[JIT],0x0000ebf80a8001bc
248209.0,3717230,python,[JIT],0x0000ebf80a800578
248208.0,3717250,python,[kernel.kallsyms],from_kuid_munged
248206.0,3717230,python,[JIT],0x0000ebf80a7ff5bc
248205.0,3717493,python,python,PyObject_Vectorcall
248204.0,3717460,python,[JIT],0x0000fddad252b040
248204.0,3717460,python,python,PyObject_GC_Del
248204.0,3717230,python,python,object_get_class
248204.0,3717318,python,python,list_dealloc
248202.0,3717230,python,[JIT],0x0000ebf80a7ff5e8
248200.0,3717318,python,[kernel.kallsyms],mas_alloc_nodes
248200.0,3717460,python,[JIT],0x0000fddad252c138
248197.0,3717230,python,python,PyDescr_IsData
248197.0,3717493,python,[JIT],0x0000fea5aa7eb670
248196.0,3717460,python,[kernel.kallsyms],perf_iterate_ctx
248194.0,3717493,python,python,PyObject_CallFinalizerFromDealloc
248194.0,3717318,python,python,unicodekeys_lookup_unicode
248192.0,3717493,python,python,PyList_New.constprop.0
248192.0,3717318,python,[JIT],0x0000e148ee8aa03c
248191.0,3717381,python,[JIT],0x0000eeaad519eb40
248191.0,3717230,python,[JIT],0x0000ebf80a7fff2c
248190.0,3717318,python,[JIT],0x0000e148ee8aa224
248189.0,3717460,python,python,_PyJit_TryInitializeTracing
248186.0,3717318,python,[JIT],0x0000e148ee7df2f8
248186.0,3717318,python,[JIT],0x0000e148ee881160
248182.0,3717318,python,[kernel.kallsyms],path_init
248181.0,3717250,python,python,_PyObject_GC_Link
248179.0,3717250,python,[JIT],0x0000e1001dce1334
248179.0,3717318,python,[JIT],0x0000e148ee8aa558
248177.0,3717460,python,[kernel.kallsyms],check_stack_object
248177.0,3717460,python,[JIT],0x0000fddad25559f0
248173.0,3717250,python,[JIT],0x0000e1001dd0b980
248173.0,3717381,python,[JIT],0x0000eeaad519e998
248171.0,3717381,python,[JIT],0x0000eeaad519edec
248167.0,3717381,python,[JIT],0x0000eeaad519e9c0
248165.0,3717381,python,[JIT],0x0000eeaad519e744
248164.0,3717381,python,[JIT],0x0000eeaad519e0b0
248164.0,3717230,python,[JIT],0x0000ebf80a7d7118
248163.0,3717493,python,[JIT],0x0000fea5aa81711c
248155.0,3717493,python,python,os_fspath
248155.0,3717460,python,[JIT],0x0000fddad2555bf8
248153.0,3717460,python,[JIT],0x0000fddad2555e70
248152.0,3717350,python,[JIT],0x0000fa769628a308
248149.0,3717250,python,[JIT],0x0000e1001dd0b71c
248144.0,3717381,python,[JIT],0x0000eeaad5174574
248139.0,3717318,python,[JIT],0x0000e148ee7dd5d8
248138.0,3717493,python,[JIT],0x0000fea5aa7ee1cc
248136.0,3717460,python,[JIT],0x0000fddad2555238
248136.0,3717381,python,[kernel.kallsyms],__lruvec_stat_mod_folio
248134.0,3717230,python,[JIT],0x0000ebf80a7ff438
248133.0,3717460,python,[JIT],0x0000fddad252c0e0
248130.0,3717460,python,[JIT],0x0000fddad25253d0
248130.0,3717493,python,[JIT],0x0000fea5aa817790
248123.0,3717460,python,[kernel.kallsyms],_raw_spin_lock
248123.0,3717230,python,[JIT],0x0000ebf80a7ff308
248114.0,3717460,python,[JIT],0x0000fddad2555e08
248103.0,3717230,python,[kernel.kallsyms],sync_icache_aliases
248101.0,3717493,python,[JIT],0x0000fea5aa7ee034
248100.0,3717318,python,[JIT],0x0000e148ee7d923c
248098.0,3717460,python,[JIT],0x0000fddad2555794
248097.0,3717318,python,python,_PyObject_VectorcallPrepend
248089.0,3717250,python,[JIT],0x0000e1001dd0b93c
248087.0,3717230,python,[JIT],0x0000ebf80a7d65b8
248084.0,3717493,python,[JIT],0x0000fea5aa817cb0
248076.0,3717493,python,[JIT],0x0000fea5aa8172cc
248067.0,3717381,python,[JIT],0x0000eeaad5174314
248050.0,3717250,python,[JIT],0x0000e1001dce3078
248036.0,3717230,python,[JIT],0x0000ebf80a7ff004
248016.0,3717493,python,[JIT],0x0000fea5aa817980
248015.0,3717460,python,[JIT],0x0000fddad2555da4
248010.0,3717250,python,[JIT],0x0000e1001dce169c
247992.0,3717318,python,[JIT],0x0000e148ee88107c
247988.0,3717381,python,[JIT],0x0000eeaad519e600
247978.0,3717381,python,[JIT],0x0000eeaad519e884
247970.0,3717230,python,[JIT],0x0000ebf80a7d67a4
247959.0,3717318,python,python,PyMem_Realloc
247956.0,3717230,python,libc.so.6,realloc
247951.0,3717460,python,python,dict_traverse
247944.0,3717460,python,[JIT],0x0000fddad2556090
247937.0,3717318,python,python,unicode_encode_utf8
247924.0,3717493,python,[JIT],0x0000fea5aa817498
247922.0,3717230,python,[JIT],0x0000ebf80a7ff97c
247919.0,3717493,python,[kernel.kallsyms],perf_iterate_ctx
247903.0,3717318,python,[JIT],0x0000e148ee8aa31c
247903.0,3717460,python,[JIT],0x0000fddad25564ac
247895.0,3717381,python,[kernel.kallsyms],set_ptes.isra.0
247891.0,3717250,python,[kernel.kallsyms],vm_mmap_pgoff
247890.0,3717493,python,[JIT],0x0000fea5aa81763c
247876.0,3717318,python,[JIT],0x0000e148ee7dfcf8
247862.0,3717250,python,[JIT],0x0000e1001dd0b934
247835.0,3717230,python,[JIT],0x0000ebf80a7ff924
247815.0,3717230,python,[JIT],0x0000ebf80a7d6660
247806.0,3717230,python,[JIT],0x0000ebf80a7ff8a0
247718.0,3717460,python,[JIT],0x0000fddad2555760
247705.0,3717493,python,[JIT],0x0000fea5aa7ed1e0
247703.0,3717493,python,[JIT],0x0000fea5aa7ee0fc
247680.0,3717381,python,python,list_traverse
247670.0,3717381,python,python,_list_extend
247649.0,3717381,python,[JIT],0x0000eeaad517413c
247627.0,3717230,python,[JIT],0x0000ebf80a7d6314
247624.0,3717493,python,[JIT],0x0000fea5aa817628
247623.0,3717460,python,[JIT],0x0000fddad252b0f0
247619.0,3717230,python,[JIT],0x0000ebf80a7d669c
247535.0,3717381,python,[JIT],0x0000eeaad51a0744
247514.0,3717381,python,[JIT],0x0000eeaad51746dc
247461.0,3717250,python,[JIT],0x0000e1001dce1118
247438.0,3717460,python,[kernel.kallsyms],el0_da
247420.0,3717381,python,[JIT],0x0000eeaad519e918
247381.0,3717318,python,[JIT],0x0000e148ee8aaa2c
247380.0,3717230,python,[JIT],0x0000ebf80a7ffb5c
247345.0,3717230,python,[JIT],0x0000ebf80a72f4dc
247343.0,3717250,python,[JIT],0x0000e1001dd0b8a0
247329.0,3717460,python,[JIT],0x0000fddad2555678
247284.0,3717460,python,[JIT],0x0000fddad2555788
247236.0,3717230,python,[JIT],0x0000ebf80a7d63c4
247171.0,3717460,python,[JIT],0x0000fddad252b038
247166.0,3717493,python,[JIT],0x0000fea5aa8172c0
247156.0,3717250,python,[JIT],0x0000e1001dce20bc
247121.0,3717250,python,[JIT],0x0000e1001dd0bb40
247108.0,3717250,python,[kernel.kallsyms],__alloc_pages
247033.0,3717318,python,[kernel.kallsyms],iterate_dir
247025.0,3717381,python,[JIT],0x0000eeaad517514c
246994.0,3717250,python,libc.so.6,_int_realloc
246961.0,3717381,python,[kernel.kallsyms],xas_start
246944.0,3717493,python,[JIT],0x0000fea5aa8179ac
246939.0,3717381,python,[JIT],0x0000eeaad519ec50
246924.0,3717493,python,[JIT],0x0000fea5aa817174
246876.0,3717493,python,[JIT],0x0000fea5aa817398
246792.0,3717381,python,[kernel.kallsyms],handle_mm_fault
246785.0,3717318,python,[JIT],0x0000e148ee8aa9ec
246776.0,3717318,python,[kernel.kallsyms],__alloc_pages
246709.0,3717493,python,[JIT],0x0000fea5aa7ed0d8
246629.0,3717460,python,python,_PyObject_GC_New
246609.0,3717230,python,python,dict_traverse
246565.0,3717460,python,[JIT],0x0000fddad25572a4
246498.0,3717250,python,[JIT],0x0000e1001dd0baa8
246427.0,3717493,python,python,tuple_alloc
246421.0,3717493,python,[JIT],0x0000fea5aa8177e0
246286.0,3717318,python,[JIT],0x0000e148ee7d6344
246223.0,3717493,python,python,visit_reachable
246210.0,3717318,python,[JIT],0x0000e148ee8aa2b4
245903.0,3717493,python,[JIT],0x0000fea5aa817d38
245815.0,3717250,python,[JIT],0x0000e1001dd0b26c
245755.0,3717318,python,[JIT],0x0000e148ee8aaf50
245559.0,3717493,python,python,gc_collect_main
245488.0,3717493,python,[JIT],0x0000fea5aa7ed28c
245331.0,3717250,python,python,type_is_gc
245286.0,3717318,python,[JIT],0x0000e148ee7df374
245117.0,3717460,python,libc.so.6,realloc
244813.0,3717460,python,python,_PyObject_New
244654.0,3717460,python,[JIT],0x0000fddad25564d0
244609.0,3717250,python,[JIT],0x0000e1001dd0b850
244484.0,3717381,python,[JIT],0x0000eeaad519e80c
244291.0,3717460,python,[JIT],0x0000fddad252b63c
244162.0,3717460,python,python,_list_extend
244021.0,3717381,python,[kernel.kallsyms],__brelse
243918.0,3717250,python,[JIT],0x0000e1001dd0bb34
243915.0,3717381,python,[JIT],0x0000eeaad519e0b4
243219.0,3717460,python,[JIT],0x0000fddad255651c
242556.0,3717318,python,[JIT],0x0000e148ee7df04c
242340.0,3717318,python,[kernel.kallsyms],put_cpu_partial
241806.0,3717230,python,[kernel.kallsyms],iterate_dir
241110.0,3717381,python,[JIT],0x0000eeaad519e16c
240797.0,3717460,python,[kernel.kallsyms],__pi_clear_page
239982.0,3717250,python,[kernel.kallsyms],get_mem_cgroup_from_mm
239430.0,3717460,python,[kernel.kallsyms],folio_add_lru_vma
238633.0,3717381,python,[JIT],0x0000eeaad50c9410
238160.0,3717250,python,[JIT],0x0000e1001dc37280
238046.0,3717381,python,[JIT],0x0000eeaad5174774
236953.0,3717381,python,[JIT],0x0000eeaad5172788
236916.0,3717460,python,[JIT],0x0000fddad2555f18
236704.0,3717460,python,[JIT],0x0000fddad2521144
235852.0,3717250,python,[JIT],0x0000e1001dce1610
235617.0,3717381,python,[JIT],0x0000eeaad517272c
234829.0,3717318,python,python,allocate_from_new_pool
234401.0,3717493,python,python,type_call
232957.0,3717460,python,[JIT],0x0000fddad2521288
231940.0,3717493,python,libc.so.6,__aarch64_cas4_acq
230779.0,3717493,python,[JIT],0x0000fea5aa7eb450
230246.0,3717460,python,[JIT],0x0000fddad252d004
229923.0,3717318,python,[JIT],0x0000e148ee8aa530
227590.0,3717493,python,[JIT],0x0000fea5aa7e3518
226831.0,3717250,python,[kernel.kallsyms],_raw_spin_unlock_irqrestore
225476.0,3717493,python,[kernel.kallsyms],percpu_ref_get_many
225425.0,3717250,python,[JIT],0x0000e1001dc3ede8
218885.0,3717250,python,[kernel.kallsyms],__fget_light
208034.0,3717381,python,[JIT],0x0000eeaad50c90f0
200463.0,3717250,python,python,_PyThreadState_MustExit
199396.0,3717250,python,[JIT],0x0000e1001dc375a0
199326.0,3717250,python,[JIT],0x0000e1001dc3e10c
198127.0,3717460,python,[JIT],0x0000fddad25298d4
189673.0,3717493,python,libc.so.6,__mmap
187464.0,3717250,python,[kernel.kallsyms],uaccess_ttbr0_enable.isra.0
177564.0,3717381,python,python,_PyEval_AcquireLock
174934.0,3717493,python,[kernel.kallsyms],folio_add_lru_vma
159572.0,3717250,python,[kernel.kallsyms],__check_heap_object
147713.0,3717493,python,[kernel.kallsyms],task_mm_cid_work
141118.0,3717350,python,[kernel.kallsyms],arch_local_irq_restore
103300.0,3717250,python,[kernel.kallsyms],slab_update_freelist.isra.0
45254.0,3717250,python,[kernel.kallsyms],__ext4_read_dirblock
39677.0,3717350,python,[kernel.kallsyms],task_mm_cid_work
37927.0,3717318,python,[kernel.kallsyms],task_mm_cid_work
5868.0,3717350,python,[kernel.kallsyms],do_notify_resume
5491.0,3717318,python,[kernel.kallsyms],do_notify_resume
2704.0,3717493,python,[kernel.kallsyms],_raw_spin_unlock_irqrestore
1352.0,3717493,python,[kernel.kallsyms],finish_task_switch.isra.0
1.0,3717493,python,[kernel.kallsyms],finish_task_switch.isra.0
1.0,3717318,python,[kernel.kallsyms],finish_task_switch.isra.0
1.0,3717250,python,[kernel.kallsyms],finish_task_switch.isra.0
1.0,3717460,python,[kernel.kallsyms],finish_task_switch.isra.0
1.0,3717250,python,[kernel.kallsyms],finish_task_switch.isra.0
1.0,3717381,python,[kernel.kallsyms],finish_task_switch.isra.0
1.0,3717350,python,[kernel.kallsyms],finish_task_switch.isra.0
1.0,3717381,python,[kernel.kallsyms],finish_task_switch.isra.0
1.0,3717460,python,[kernel.kallsyms],finish_task_switch.isra.0
1.0,3717230,python,[kernel.kallsyms],finish_task_switch.isra.0
1.0,3717318,python,[kernel.kallsyms],finish_task_switch.isra.0
