self,pid,command,shared_obj,symbol
3396160115.0,3718030,python,python,x_divrem
3109556072.0,3718292,python,python,x_divrem
3109423097.0,3718535,python,python,x_divrem
3108478852.0,3718107,python,python,x_divrem
3094815037.0,3718352,python,python,x_divrem
3073371943.0,3718441,python,python,x_divrem
2249786258.0,3718030,python,python,k_mul
2048149908.0,3718441,python,python,k_mul
2033948079.0,3718292,python,python,k_mul
2028588428.0,3718107,python,python,k_mul
2026715407.0,3718352,python,python,k_mul
2017722825.0,3718535,python,python,k_mul
1326192888.0,3718030,python,python,x_add
1212250393.0,3718441,python,python,x_add
1209324690.0,3718535,python,python,x_add
1205661137.0,3718292,python,python,x_add
1204763573.0,3718352,python,python,x_add
1181694731.0,3718107,python,python,x_add
463655315.0,3718030,python,python,x_sub
441269910.0,3718352,python,python,x_sub
433156219.0,3718107,python,python,x_sub
430189992.0,3718535,python,python,x_sub
428534811.0,3718441,python,python,x_sub
410034419.0,3718292,python,python,x_sub
316760483.0,3718200,python,python,x_divrem
315041008.0,3718107,python,python,x_divrem
311931979.0,3718441,python,python,x_divrem
309789407.0,3718292,python,python,x_divrem
303315093.0,3718535,python,python,x_divrem
300659064.0,3718352,python,python,x_divrem
217031333.0,3718352,python,python,k_mul
209846365.0,3718535,python,python,k_mul
205735252.0,3718441,python,python,k_mul
205143498.0,3718200,python,python,k_mul
202741703.0,3718107,python,python,k_mul
192398461.0,3718292,python,python,k_mul
127134494.0,3718292,python,python,x_add
117895598.0,3718535,python,python,x_add
117238222.0,3718200,python,python,x_add
115017032.0,3718441,python,python,x_add
114678567.0,3718352,python,python,x_add
113282900.0,3718107,python,python,x_add
99087421.0,3718030,python,libc.so.6,_int_malloc
92607201.0,3718107,python,libc.so.6,_int_malloc
92372662.0,3718441,python,libc.so.6,_int_malloc
86952069.0,3718292,python,libc.so.6,_int_malloc
84458764.0,3718352,python,libc.so.6,_int_malloc
83931310.0,3718535,python,libc.so.6,_int_malloc
60110119.0,3718107,python,libc.so.6,__memset_zva64
55842857.0,3718352,python,libc.so.6,__memset_zva64
55369603.0,3718441,python,libc.so.6,__memset_zva64
53907203.0,3718292,python,libc.so.6,__memset_zva64
51888732.0,3718030,python,libc.so.6,__memset_zva64
48440999.0,3718535,python,libc.so.6,__memset_zva64
46671114.0,3718107,python,python,x_sub
46454304.0,3718292,python,python,x_sub
45692709.0,3718441,python,python,x_sub
42229731.0,3718535,python,python,x_sub
41682205.0,3718352,python,python,x_sub
40662132.0,3718200,python,python,x_sub
28268209.0,3718107,python,python,_PyObject_Free
27320595.0,3718030,python,libc.so.6,malloc
27071246.0,3718352,python,libc.so.6,malloc
26466600.0,3718030,python,python,_PyObject_Free
26076399.0,3718292,python,libc.so.6,malloc
24838143.0,3718441,python,libc.so.6,malloc
24027320.0,3718030,python,python,_PyEval_EvalFrameDefault
22810472.0,3718292,python,python,_PyObject_Free
22144166.0,3718535,python,python,_PyObject_Free
22103980.0,3718030,python,libc.so.6,_int_free
21907481.0,3718441,python,python,_PyObject_Free
21860928.0,3718107,python,libc.so.6,malloc
21566320.0,3718030,python,python,long_alloc
21263554.0,3718352,python,python,_PyObject_Free
21196163.0,3718107,python,python,_PyEval_EvalFrameDefault
20865479.0,3718352,python,libc.so.6,_int_free
20614956.0,3718441,python,libc.so.6,_int_free
20614561.0,3718030,python,libc.so.6,_int_free_merge_chunk
20512252.0,3718030,python,python,_PyObject_Malloc
20306783.0,3718535,python,libc.so.6,_int_free_merge_chunk
19621192.0,3718535,python,libc.so.6,malloc
19118405.0,3718352,python,python,_PyEval_EvalFrameDefault
18867657.0,3718535,python,python,_PyEval_EvalFrameDefault
18601966.0,3718441,python,python,long_alloc
18379996.0,3718441,python,libc.so.6,_int_free_merge_chunk
17885336.0,3718292,python,libc.so.6,_int_free_create_chunk
17868756.0,3718107,python,libc.so.6,cfree@GLIBC_2.17
17636810.0,3718352,python,libc.so.6,_int_free_merge_chunk
17389317.0,3718352,python,libc.so.6,cfree@GLIBC_2.17
17386554.0,3718441,python,libc.so.6,_int_free_create_chunk
17141964.0,3718535,python,python,long_alloc
17057222.0,3718292,python,python,long_alloc
16889104.0,3718107,python,libc.so.6,_int_free
16642764.0,3718107,python,libc.so.6,_int_free_merge_chunk
16392639.0,3718352,python,python,long_alloc
16391062.0,3718535,python,libc.so.6,cfree@GLIBC_2.17
16388956.0,3718292,python,python,_PyObject_Malloc
16143123.0,3718030,python,python,_Py_Dealloc
15911621.0,3718107,python,python,_PyObject_Malloc
15900560.0,3718292,python,libc.so.6,_int_free
15898486.0,3718352,python,libc.so.6,unlink_chunk.isra.0
15648245.0,3718292,python,python,_Py_Dealloc
15644555.0,3718441,python,python,_PyEval_EvalFrameDefault
15400649.0,3718535,python,libc.so.6,_int_free
14902553.0,3718292,python,libc.so.6,unlink_chunk.isra.0
14900191.0,3718535,python,python,_PyObject_Malloc
14895486.0,3718535,python,libc.so.6,_int_free_create_chunk
14743071.0,3718352,python,python,_PyObject_Malloc
14656644.0,3718107,python,libc.so.6,unlink_chunk.isra.0
14649932.0,3718441,python,python,_PyObject_Malloc
14646446.0,3718030,python,libc.so.6,cfree@GLIBC_2.17
14570903.0,3718292,python,python,_PyEval_EvalFrameDefault
14409770.0,3718292,python,libc.so.6,_int_free_merge_chunk
14407948.0,3718535,python,libc.so.6,unlink_chunk.isra.0
13911188.0,3718352,python,libc.so.6,_int_free_create_chunk
13909026.0,3718030,python,libc.so.6,_int_free_create_chunk
13670680.0,3718535,python,python,_Py_Dealloc
13662201.0,3718107,python,python,long_alloc
13660926.0,3718030,python,libc.so.6,unlink_chunk.isra.0
13655541.0,3718107,python,python,_Py_Dealloc
13647840.0,3718292,python,libc.so.6,cfree@GLIBC_2.17
13201769.0,3718441,python,python,_Py_Dealloc
13186973.0,3718535,python,python,_Py_NewReference
13165100.0,3718107,python,libc.so.6,_int_free_create_chunk
12915362.0,3718441,python,libc.so.6,cfree@GLIBC_2.17
12666617.0,3718441,python,libc.so.6,unlink_chunk.isra.0
11695989.0,3718352,python,python,_Py_Dealloc
10936785.0,3718535,python,python,PyErr_CheckSignals
10195728.0,3718352,python,python,long_dealloc
10182397.0,3718441,python,libc.so.6,_int_malloc
10170317.0,3718292,python,python,long_dealloc
10059931.0,3718107,python,python,_PyEval_EvalFrameDefault
9935497.0,3718292,python,python,long_mul
9934710.0,3718030,python,python,_PyFrame_ClearExceptCode
9782606.0,3718030,python,python,_PyCompactLong_Multiply
9440276.0,3718200,python,libc.so.6,_int_malloc
9436446.0,3718107,python,python,_PyCompactLong_Multiply
9181664.0,3718352,python,python,_Py_NewReference
9181393.0,3718441,python,python,_Py_NewReference
9166858.0,3718292,python,libc.so.6,_int_malloc
9154562.0,3718352,python,python,_PyCompactLong_Multiply
8951530.0,3718441,python,python,long_dealloc
8941785.0,3718030,python,python,long_dealloc
8940801.0,3718030,python,python,PyErr_CheckSignals
8694377.0,3718535,python,libc.so.6,_int_malloc
8692033.0,3718107,python,libc.so.6,_int_malloc
8679635.0,3718535,python,python,PyNumber_Add
8534727.0,3718441,python,python,_PyEval_EvalFrameDefault
8452906.0,3718441,python,python,tuple_dealloc
8452819.0,3718107,python,python,tuple_dealloc
8433731.0,3718292,python,python,PyNumber_Multiply
8202042.0,3718107,python,python,PyNumber_Multiply
8197996.0,3718352,python,libc.so.6,_int_malloc
8197733.0,3718352,python,python,maybe_small_long
8184074.0,3718535,python,python,PyObject_Free
8181777.0,3718352,python,python,_PyFrame_ClearExceptCode
8167313.0,3718352,python,python,_PyEval_EvalFrameDefault
8038893.0,3718535,python,python,_PyEval_EvalFrameDefault
7965255.0,3718441,python,python,PyNumber_Multiply
7957657.0,3718107,python,python,PyObject_Malloc
7951858.0,3718441,python,python,l_divmod
7951579.0,3718030,python,python,l_divmod
7949022.0,3718292,python,python,_PyFrame_ClearExceptCode
7948880.0,3718535,python,python,long_dealloc
7948528.0,3718030,python,python,maybe_small_long
7947727.0,3718441,python,python,_PyCompactLong_Multiply
7946972.0,3718352,python,python,PyErr_CheckSignals
7944205.0,3718352,python,python,PyObject_Free
7884559.0,3718030,python,python,tuple_alloc
7709618.0,3718107,python,python,long_dealloc
7701967.0,3718292,python,python,PyObject_Malloc
7701274.0,3718535,python,python,_PyCompactLong_Multiply
7461909.0,3718535,python,python,tuple_dealloc
7459464.0,3718200,python,python,_PyEval_EvalFrameDefault
7456873.0,3718441,python,python,_PyFrame_ClearExceptCode
7451638.0,3718441,python,libc.so.6,__memset_zva64
7451069.0,3718292,python,python,_Py_NewReference
7211517.0,3718352,python,python,l_divmod
7191375.0,3718030,python,python,tuple_dealloc
7169124.0,3718292,python,python,l_divmod
6956137.0,3718535,python,python,PyObject_Malloc
6955618.0,3718535,python,python,maybe_small_long
6955272.0,3718107,python,python,PyNumber_Add
6949125.0,3718292,python,python,PyObject_Free
6945613.0,3718535,python,python,_PyFrame_ClearExceptCode
6944015.0,3718030,python,python,PyThread_get_thread_ident
6707170.0,3718535,python,python,PyNumber_Multiply
6707165.0,3718352,python,python,PyNumber_Add
6707071.0,3718107,python,python,PyErr_CheckSignals
6706652.0,3718292,python,python,tuple_dealloc
6705951.0,3718030,python,python,_PyErr_CheckSignalsTstate
6705682.0,3718352,python,python,PyObject_Malloc
6686220.0,3718535,python,python,long_mul
6654174.0,3718292,python,python,_PyEval_EvalFrameDefault
6522950.0,3718441,python,python,PyNumber_Add
6505803.0,3718107,python,python,_PyFrame_ClearExceptCode
6502097.0,3718292,python,python,_PyCompactLong_Multiply
6459110.0,3718292,python,python,PyNumber_Add
6457157.0,3718030,python,python,PyObject_Malloc
6456924.0,3718030,python,python,_Py_NewReference
6456688.0,3718441,python,python,_PyEval_FrameClearAndPop
6451708.0,3718352,python,python,_PyRunRemoteDebugger
6434994.0,3718441,python,python,maybe_small_long
6314355.0,3718535,python,libc.so.6,__memset_zva64
6210919.0,3718107,python,python,_Py_NewReference
6208532.0,3718441,python,python,PyObject_Malloc
6205058.0,3718030,python,python,PyNumber_Add
6202351.0,3718030,python,python,PyNumber_Multiply
5964955.0,3718441,python,python,PyErr_CheckSignals
5964831.0,3718292,python,python,maybe_small_long
5961914.0,3718535,python,python,l_divmod
5961862.0,3718292,python,python,PyErr_CheckSignals
5961551.0,3718030,python,python,long_mul
5960363.0,3718107,python,python,l_divmod
5958400.0,3718030,python,python,map_next
5714340.0,3718292,python,python,tuple_alloc
5714215.0,3718030,python,python,PyObject_Free
5713109.0,3718107,python,python,PyObject_Free
5707007.0,3718352,python,python,tuple_dealloc
5474297.0,3718107,python,python,long_mul
5465634.0,3718292,python,python,_PyJIT_Entry
5464986.0,3718441,python,python,long_mul
5447895.0,3718352,python,python,long_mul
5444561.0,3718535,python,python,PyThread_get_thread_ident
5242066.0,3718352,python,python,_PyErr_CheckSignalsTstate
5221809.0,3718441,python,python,_PyRunRemoteDebugger
5216850.0,3718535,python,python,_PyErr_CheckSignalsTstate
5216666.0,3718107,python,python,maybe_small_long
5214276.0,3718352,python,python,PyThread_get_thread_ident
4939027.0,3718441,python,python,long_add_method
4720234.0,3718292,python,libc.so.6,__memset_zva64
4719940.0,3718292,python,python,_PyMem_RawFree
4719591.0,3718107,python,python,long_add_method
4719244.0,3718441,python,python,long_divrem
4714455.0,3718352,python,python,_PyEval_FrameClearAndPop
4712305.0,3718030,python,python,_PyTuple_FromStackRefStealOnSuccess
4496023.0,3718352,python,python,map_next
4477249.0,3718107,python,libc.so.6,__memset_zva64
4472357.0,3718352,python,python,tuple_alloc
4471997.0,3718292,python,python,map_next
4471792.0,3718535,python,python,tuple_alloc
4471419.0,3718535,python,python,_Py_IsMainThread
4471266.0,3718352,python,python,long_add_method
4471137.0,3718441,python,python,_PyTuple_FromStackRefStealOnSuccess
4466148.0,3718030,python,python,_PyEval_FrameClearAndPop
4458532.0,3718441,python,python,PyThread_get_thread_ident
4276993.0,3718107,python,python,PyNumber_FloorDivide
4268734.0,3718030,python,python,long_add_method
4260471.0,3718441,python,python,_PyJIT_Entry
4223399.0,3718535,python,python,_PyEval_FrameClearAndPop
4223216.0,3718107,python,python,_PyMem_RawFree
4216715.0,3718107,python,python,map_next
4215741.0,3718352,python,libc.so.6,__memset_zva64
4214737.0,3718352,python,python,long_divrem
4210486.0,3718441,python,python,_PyErr_CheckSignalsTstate
3985362.0,3718107,python,python,tuple_alloc
3976793.0,3718292,python,python,long_add_method
3975240.0,3718292,python,python,_PyEval_FrameClearAndPop
3975002.0,3718292,python,python,_Py_IsMainThread
3974866.0,3718535,python,python,long_divrem
3974635.0,3718352,python,python,PyNumber_Multiply
3974459.0,3718535,python,python,_PyJIT_Entry
3973840.0,3718441,python,python,PyObject_Free
3973440.0,3718030,python,python,_PyMem_RawMalloc
3965018.0,3718200,python,libc.so.6,__memset_zva64
3957978.0,3718030,python,python,_PyJIT_Entry
3811738.0,3718292,python,python,_PyObject_Free
3726504.0,3718535,python,python,_PyInterpreterState_Main
3726424.0,3718352,python,libc.so.6,_int_free_merge_chunk
3726330.0,3718292,python,python,PyThread_get_thread_ident
3724871.0,3718441,python,python,tuple_alloc
3723572.0,3718107,python,python,_PyRunRemoteDebugger
3720488.0,3718292,python,python,_PyTuple_FromStackRefStealOnSuccess
3719656.0,3718292,python,python,_PyErr_CheckSignalsTstate
3718552.0,3718030,python,python,_Py_IsMainThread
3486731.0,3718107,python,[kernel.kallsyms],task_mm_cid_work
3483039.0,3718292,python,python,long_div
3479109.0,3718107,python,python,_Py_IsMainThread
3478123.0,3718352,python,python,_PyJIT_Entry
3477997.0,3718292,python,python,_PyMem_RawMalloc
3477833.0,3718107,python,python,_PyJIT_Entry
3477211.0,3718441,python,python,long_mul_method
3477021.0,3718107,python,python,_PyInterpreterState_Main
3476744.0,3718030,python,python,_PyRunRemoteDebugger
3237897.0,3718107,python,python,long_divrem
3229829.0,3718292,python,python,_PyRunRemoteDebugger
3229514.0,3718107,python,python,PyThread_get_thread_ident
3229490.0,3718535,python,python,_Py_Dealloc
3229452.0,3718107,python,python,_PyEval_FrameClearAndPop
3229372.0,3718535,python,python,map_next
3229140.0,3718030,python,python,_PyCompactLong_Add
3229049.0,3718030,python,python,long_div
3226894.0,3718107,python,python,_PyErr_CheckSignalsTstate
3220437.0,3718292,python,python,long_divrem
3208970.0,3718535,python,python,long_add_method
2997012.0,3718107,python,python,_PyCompactLong_Add
2985527.0,3718535,python,python,_PyRunRemoteDebugger
2981202.0,3718535,python,python,long_div
2980487.0,3718441,python,python,_PyMem_RawMalloc
2972886.0,3718030,python,python,_PyThreadState_PopFrame
2755157.0,3718535,python,python,_PyTuple_FromStackRefStealOnSuccess
2734615.0,3718292,python,python,_PyInterpreterState_Main
2732908.0,3718535,python,libc.so.6,malloc
2732808.0,3718535,python,python,_PyMem_RawMalloc
2732469.0,3718441,python,python,_PyObject_Free
2732458.0,3718352,python,python,_PyObject_Free
2732281.0,3718107,python,python,_PyThreadState_PopFrame
2732247.0,3718030,python,python,PyNumber_FloorDivide
2713917.0,3718107,python,python,_PyTuple_FromStackRefStealOnSuccess
2543382.0,3718352,python,[kernel.kallsyms],task_mm_cid_work
2498242.0,3718535,python,python,_PyEval_Vector
2492231.0,3718441,python,python,_PyInterpreterState_Main
2484362.0,3718352,python,python,long_div
2484359.0,3718292,python,libc.so.6,unlink_chunk.isra.0
2484054.0,3718292,python,python,initialize_locals
2484047.0,3718030,python,python,long_mul_method
2483931.0,3718107,python,python,long_div
2483841.0,3718030,python,python,_PyMem_RawFree
2483630.0,3718535,python,python,initialize_locals
2236001.0,3718352,python,python,_PyInterpreterState_Main
2235937.0,3718292,python,libc.so.6,malloc
2235804.0,3718292,python,python,_PyObject_Malloc
2235575.0,3718352,python,python,PyNumber_FloorDivide
2235455.0,3718030,python,python,free@plt
2235445.0,3718535,python,python,PyNumber_FloorDivide
2235421.0,3718441,python,python,_PyMem_RawFree
2235395.0,3718441,python,libc.so.6,_int_free_maybe_consolidate.part.0
2235347.0,3718441,python,python,map_next
2234685.0,3718352,python,python,long_mul_method
2234369.0,3718292,python,python,PyNumber_FloorDivide
2232770.0,3718030,python,python,initialize_locals
2232599.0,3718535,python,python,_PyMem_RawFree
2212353.0,3718352,python,python,PyNumber_Multiply
2203848.0,3718535,python,python,_PyObject_Free
2124909.0,3718352,python,python,_Py_Dealloc
2036317.0,3718107,python,python,_PyObject_Malloc
2019170.0,3718107,python,python,long_alloc
1991073.0,3718200,python,python,_PyObject_Malloc
1988281.0,3718107,python,libc.so.6,_int_free
1987882.0,3718107,python,libc.so.6,malloc
1987838.0,3718107,python,python,_PyMem_RawMalloc
1987567.0,3718352,python,python,_PyMem_RawFree
1987528.0,3718292,python,python,_Py_NewReference
1987436.0,3718352,python,libc.so.6,malloc
1987365.0,3718535,python,python,long_mul_method
1987232.0,3718107,python,python,_PyObject_Free
1987210.0,3718441,python,libc.so.6,malloc
1987100.0,3718535,python,python,_PyObject_Malloc
1987025.0,3718535,python,libc.so.6,_int_free_maybe_consolidate.part.0
1987025.0,3718030,python,python,_Py_BuiltinCallFast_StackRef
1987005.0,3718030,python,python,long_divrem
1987003.0,3718535,python,python,_PyCompactLong_Add
1986924.0,3718441,python,python,_PyThreadState_PopFrame
1983825.0,3718030,python,python,_PyEval_Vector
1982645.0,3718441,python,python,PyNumber_FloorDivide
1951743.0,3718292,python,python,long_mul_method
1788234.0,3718030,python,[kernel.kallsyms],task_mm_cid_work
1743999.0,3718107,python,python,_Py_BuiltinCallFast_StackRef
1739505.0,3718352,python,python,long_dealloc
1739238.0,3718535,python,libc.so.6,_int_free
1739110.0,3718292,python,python,count_next
1739080.0,3718292,python,python,free@plt
1739075.0,3718200,python,libc.so.6,_int_free_create_chunk
1739015.0,3718292,python,libc.so.6,_int_free_create_chunk
1738996.0,3718200,python,python,_PyObject_Free
1738990.0,3718200,python,python,l_divmod
1738983.0,3718535,python,python,_PyInterpreterState_GetConfig
1738834.0,3718292,python,libc.so.6,cfree@GLIBC_2.17
1738830.0,3718352,python,python,_PyMem_RawMalloc
1738803.0,3718107,python,python,long_mul_method
1738774.0,3718441,python,python,long_alloc
1738762.0,3718352,python,python,_Py_IsMainThread
1738744.0,3718352,python,libc.so.6,_int_free_create_chunk
1738655.0,3718441,python,libc.so.6,_int_free_create_chunk
1738638.0,3718292,python,python,_PyEval_Vector
1738636.0,3718292,python,python,_PyCompactLong_Add
1738609.0,3718441,python,python,long_div
1738603.0,3718107,python,python,_PyEval_Vector
1738088.0,3718535,python,python,PyObject_GC_UnTrack
1723114.0,3718352,python,python,_PyThreadState_PopFrame
1703936.0,3718352,python,python,_PyObject_Malloc
1700284.0,3718292,python,python,long_alloc
1696569.0,3718535,python,python,long_alloc
1688361.0,3718352,python,python,_PyCompactLong_Add
1490850.0,3718535,python,libc.so.6,cfree@GLIBC_2.17
1490757.0,3718292,python,python,_PyLong_FromMedium
1490692.0,3718292,python,python,_PyThreadState_PopFrame
1490664.0,3718352,python,python,_PyTuple_FromStackRefStealOnSuccess
1490603.0,3718352,python,python,initialize_locals
1490580.0,3718535,python,libc.so.6,unlink_chunk.isra.0
1490567.0,3718030,python,python,pthread_self@plt
1490542.0,3718107,python,python,long_dealloc
1490541.0,3718107,python,libc.so.6,unlink_chunk.isra.0
1490483.0,3718200,python,libc.so.6,_int_free_merge_chunk
1490460.0,3718352,python,[JIT],0x0000f5e53d647fdc
1490452.0,3718441,python,python,_PyInterpreterState_GetConfig
1490423.0,3718535,python,libc.so.6,alloc_perturb
1490407.0,3718535,python,python,_PyCompactLong_Multiply
1490407.0,3718441,python,libc.so.6,unlink_chunk.isra.0
1490359.0,3718200,python,python,_Py_Dealloc
1490353.0,3718535,python,[JIT],0x0000eba32357ce50
1490269.0,3718030,python,python,islice_next
1490250.0,3718441,python,python,initialize_locals
1490248.0,3718441,python,python,_Py_IsMainThread
1490078.0,3718535,python,libc.so.6,__GI___pthread_self
1488555.0,3718030,python,python,_PyEvalFramePushAndInit
1486752.0,3718352,python,python,_Py_BuiltinCallFast_StackRef
1485824.0,3718200,python,libc.so.6,_int_free
1479868.0,3718292,python,python,_PyInterpreterState_GetConfig
1478784.0,3718292,python,python,_Py_Dealloc
1442226.0,3718441,python,python,tuple_alloc
1357892.0,3718107,python,python,tuple_dealloc
1283053.0,3718441,python,python,_PyObject_Malloc
1273834.0,3718107,python,[kernel.kallsyms],task_mm_cid_work
1249725.0,3718441,python,python,_Py_NewReference
1242351.0,3718292,python,python,malloc@plt
1242351.0,3718107,python,python,initialize_locals
1242340.0,3718292,python,python,builtin_next
1242334.0,3718292,python,libc.so.6,alloc_perturb
1242290.0,3718292,python,libc.so.6,_int_free_maybe_consolidate.part.0
1242290.0,3718107,python,libc.so.6,cfree@GLIBC_2.17
1242271.0,3718352,python,python,_Py_NewReference
1242208.0,3718352,python,libc.so.6,alloc_perturb
1242169.0,3718107,python,libc.so.6,_int_free_maybe_consolidate.part.0
1242159.0,3718200,python,python,PyErr_CheckSignals
1242155.0,3718535,python,libc.so.6,_int_free_merge_chunk
1242125.0,3718441,python,python,_Py_Dealloc
1242119.0,3718107,python,python,malloc@plt
1242110.0,3718535,python,python,long_mul
1242045.0,3718535,python,libc.so.6,_int_free_create_chunk
1242019.0,3718352,python,python,PyObject_Free
1241974.0,3718441,python,python,malloc@plt
1241965.0,3718352,python,libc.so.6,_int_free
1241929.0,3718441,python,python,_PyEval_Vector
1241868.0,3718030,python,python,malloc@plt
1241839.0,3718107,python,python,_PyInterpreterState_GetConfig
1241816.0,3718441,python,libc.so.6,cfree@GLIBC_2.17
1241790.0,3718030,python,python,_PyInterpreterState_GetConfig
1241788.0,3718107,python,python,memset@plt
1241734.0,3718352,python,python,_PyEval_Vector
1238270.0,3718292,python,python,islice_next
1211521.0,3718352,python,libc.so.6,_int_free_maybe_consolidate.part.0
1158442.0,3718107,python,python,PyNumber_Add
1030161.0,3718292,python,[kernel.kallsyms],task_mm_cid_work
1017136.0,3718441,python,[kernel.kallsyms],task_mm_cid_work
1009371.0,3718535,python,[kernel.kallsyms],task_mm_cid_work
1004722.0,3718200,python,python,long_dealloc
998872.0,3718441,python,python,pthread_self@plt
996421.0,3718535,python,python,_PyThreadState_PopFrame
994565.0,3718292,python,python,memset@plt
994479.0,3718441,python,python,tuple_dealloc
994022.0,3718352,python,python,_PyFrame_ClearExceptCode
993989.0,3718200,python,libc.so.6,cfree@GLIBC_2.17
993855.0,3718200,python,python,PyObject_Malloc
993835.0,3718107,python,python,long_add_method
993830.0,3718292,python,python,PyNumber_Add
993824.0,3718292,python,python,PyObject_GC_UnTrack
993824.0,3718292,python,python,long_dealloc
993819.0,3718352,python,[JIT],0x0000f5e53d67236c
993819.0,3718292,python,python,pthread_self@plt
993788.0,3718352,python,python,l_divmod
993773.0,3718352,python,python,long_mul
993761.0,3718292,python,python,_PyCompactLong_Multiply
993743.0,3718352,python,python,_PyRunRemoteDebugger
993711.0,3718441,python,python,long_dealloc
993696.0,3718030,python,[JIT],0x0000f5f57c016470
993695.0,3718352,python,python,free@plt
993695.0,3718535,python,python,memset@plt
993673.0,3718292,python,libc.so.6,_int_free_merge_chunk
993672.0,3718107,python,python,PyObject_Malloc
993657.0,3718352,python,python,PyNumber_Add
993654.0,3718107,python,python,_PyEvalFramePushAndInit
993630.0,3718107,python,python,free@plt
993609.0,3718107,python,libc.so.6,_int_free_create_chunk
993604.0,3718441,python,python,free@plt
993595.0,3718352,python,libc.so.6,cfree@GLIBC_2.17
993583.0,3718107,python,python,pthread_self@plt
993524.0,3718200,python,python,long_mul
993509.0,3718441,python,python,_PyLong_FromMedium
993500.0,3718107,python,libc.so.6,_int_free_merge_chunk
993495.0,3718441,python,python,_PyCompactLong_Add
993492.0,3718441,python,python,_Py_CheckFunctionResult
993485.0,3718441,python,[JIT],0x0000fa66fdb0cfdc
993447.0,3718441,python,libc.so.6,_int_free_merge_chunk
993392.0,3718292,python,libc.so.6,_int_free
993363.0,3718352,python,libc.so.6,__GI___pthread_self
993348.0,3718352,python,python,memset@plt
989654.0,3718535,python,python,long_dealloc
984734.0,3718200,python,python,_PyFrame_ClearExceptCode
984226.0,3718292,python,python,long_mul
978718.0,3718200,python,libc.so.6,malloc
976526.0,3718030,python,libc.so.6,__GI___pthread_self
972677.0,3718292,python,[JIT],0x0000ec3f0d987fdc
945675.0,3718352,python,python,_PyErr_CheckSignalsTstate
804244.0,3718441,python,python,PyNumber_Multiply
803741.0,3718107,python,python,_Py_Dealloc
762957.0,3718200,python,python,_PyCompactLong_Add
748013.0,3718107,python,python,_Py_IsMainThread
747076.0,3718535,python,[JIT],0x0000eba323622fdc
746370.0,3718441,python,libc.so.6,_int_free
745468.0,3718535,python,python,_Py_NewReference
745443.0,3718107,python,[JIT],0x0000ede47f2eefdc
745426.0,3718292,python,libc.so.6,__GI___pthread_self
745389.0,3718352,python,libc.so.6,unlink_chunk.isra.0
745388.0,3718441,python,python,_Py_BuiltinCallFast_StackRef
745388.0,3718292,python,python,PyObject_Free
745359.0,3718200,python,python,_PyCompactLong_Multiply
745354.0,3718107,python,python,_PyFrame_ClearExceptCode
745348.0,3718107,python,libc.so.6,__GI___pthread_self
745346.0,3718352,python,python,PyIter_Check
745326.0,3718352,python,python,PyObject_GC_UnTrack
745322.0,3718292,python,[JIT],0x0000ec3f0d9b0b54
745310.0,3718107,python,[JIT],0x0000ede47f2ed090
745306.0,3718107,python,python,_PyTuple_FromStackRefStealOnSuccess
745301.0,3718292,python,python,l_divmod
745283.0,3718107,python,python,PyIter_Check
745274.0,3718535,python,python,PyNumber_Add
745274.0,3718107,python,[JIT],0x0000ede47f2ed470
745273.0,3718352,python,python,maybe_small_long
745272.0,3718292,python,[JIT],0x0000ec3f0d982494
745264.0,3718535,python,python,free@plt
745259.0,3718535,python,python,_PyFrame_ClearExceptCode
745259.0,3718200,python,libc.so.6,unlink_chunk.isra.0
745257.0,3718535,python,python,PyObject_Malloc
745250.0,3718535,python,python,PyObject_Free
745247.0,3718200,python,python,maybe_small_long
745245.0,3718535,python,python,l_divmod
745242.0,3718352,python,python,PyNumber_FloorDivide
745237.0,3718535,python,python,_PyLong_FromMedium
745234.0,3718352,python,python,_PyCompactLong_Multiply
745232.0,3718292,python,python,_PyFrame_ClearExceptCode
745223.0,3718441,python,python,_PyThreadState_PushFrame
745214.0,3718107,python,python,PyObject_Free
745214.0,3718200,python,python,long_add_method
745210.0,3718292,python,[JIT],0x0000ec3f0d982e50
745207.0,3718535,python,python,_PyRunRemoteDebugger
745203.0,3718107,python,python,PyNumber_FloorDivide
745193.0,3718107,python,python,PyLong_FromSsize_t
745172.0,3718441,python,[JIT],0x0000fa66fdb07e50
745154.0,3718107,python,[JIT],0x0000ede47f2eae50
745142.0,3718352,python,python,_PyLong_FromMedium
745131.0,3718535,python,python,_PyEval_FrameClearAndPop
745129.0,3718200,python,python,PyNumber_Multiply
745126.0,3718030,python,libc.so.6,_int_free_maybe_consolidate.part.0
745124.0,3718441,python,python,PyObject_GC_UnTrack
745117.0,3718107,python,python,long_div
745103.0,3718292,python,[JIT],0x0000ec3f0d986488
745091.0,3718535,python,python,tuple_dealloc
745089.0,3718441,python,python,long_add_method
745033.0,3718352,python,python,PyThread_get_thread_ident
745023.0,3718535,python,[JIT],0x0000eba323621828
745021.0,3718107,python,[JIT],0x0000ede47f2ed2cc
744983.0,3718441,python,python,_PyFrame_ClearExceptCode
744970.0,3718200,python,python,_PyMem_RawMalloc
744583.0,3718535,python,python,_PyMem_RawMalloc
744210.0,3718030,python,python,_PyInterpreterState_Main
741770.0,3718030,python,python,PyObject_GC_UnTrack
741482.0,3718535,python,[JIT],0x0000eba323621880
724381.0,3718030,python,[JIT],0x0000f5f57c016200
686319.0,3718292,python,python,_PyErr_CheckSignalsTstate
541211.0,3718292,python,python,tuple_alloc
520911.0,3718441,python,python,_PyEval_FrameClearAndPop
515793.0,3718292,python,[kernel.kallsyms],do_notify_resume
507975.0,3718441,python,python,map_next
504651.0,3718535,python,[kernel.kallsyms],do_notify_resume
502760.0,3718535,python,python,PyIter_Check
498855.0,3718030,python,python,_PyThreadState_PushFrame
498373.0,3718441,python,[JIT],0x0000fa66fdb011b4
498288.0,3718441,python,python,islice_next
498024.0,3718107,python,python,_PyRunRemoteDebugger
497613.0,3718535,python,[JIT],0x0000eba323621224
497089.0,3718352,python,[JIT],0x0000f5e53d641ee8
497058.0,3718292,python,[JIT],0x0000ec3f0d981eac
497022.0,3718292,python,python,_PyThreadState_PushFrame
497016.0,3718107,python,python,long_mul
497010.0,3718352,python,[JIT],0x0000f5e53d646444
497003.0,3718292,python,python,_list_extend
496999.0,3718292,python,python,long_divrem
496993.0,3718292,python,[JIT],0x0000ec3f0d9813a8
496992.0,3718535,python,python,PyErr_CheckSignals
496991.0,3718535,python,python,_Py_BuiltinCallFast_StackRef
496991.0,3718352,python,python,long_alloc
496988.0,3718292,python,[JIT],0x0000ec3f0d986424
496978.0,3718292,python,libc.so.6,__GI___pthread_self
496971.0,3718535,python,python,_PyEvalFramePushAndInit
496970.0,3718030,python,[JIT],0x0000f5f57c0162d4
496966.0,3718352,python,python,_list_extend
496964.0,3718107,python,python,PyNumber_Multiply
496962.0,3718352,python,python,_PyInterpreterState_GetConfig
496954.0,3718292,python,python,_PyThreadState_PopFrame
496949.0,3718352,python,[JIT],0x0000f5e53d641b44
496949.0,3718535,python,[JIT],0x0000eba323621c38
496949.0,3718200,python,python,_PyInterpreterState_Main
496946.0,3718107,python,[JIT],0x0000ede47f2ed188
496944.0,3718535,python,python,map_next
496941.0,3718107,python,python,_PyJIT_Entry
496940.0,3718441,python,python,_PyTuple_FromStackRefStealOnSuccess
496939.0,3718292,python,[JIT],0x0000ec3f0d984370
496937.0,3718535,python,libc.so.6,_int_free_maybe_consolidate.part.0
496937.0,3718292,python,python,PyObject_Malloc
496935.0,3718352,python,[JIT],0x0000f5e53d6422b8
496935.0,3718292,python,python,_Py_CheckFunctionResult
496930.0,3718107,python,python,_PyCompactLong_Add
496924.0,3718292,python,[JIT],0x0000ec3f0d9b08ec
496922.0,3718107,python,[JIT],0x0000ede47f2e9398
496922.0,3718107,python,[JIT],0x0000ede47f2e93a8
496918.0,3718352,python,python,_PyLong_ExactDealloc
496913.0,3718107,python,[JIT],0x0000ede47f2ed05c
496911.0,3718292,python,python,_Py_BuiltinCallFast_StackRef
496910.0,3718535,python,python,long_divrem
496910.0,3718352,python,[JIT],0x0000f5e53d6440a8
496909.0,3718535,python,[JIT],0x0000eba32357e1e4
496909.0,3718200,python,python,_Py_IsMainThread
496906.0,3718292,python,[JIT],0x0000ec3f0d8de778
496903.0,3718352,python,python,_PyThreadState_PopFrame
496898.0,3718352,python,python,_PyEvalFramePushAndInit
496897.0,3718352,python,[JIT],0x0000f5e53d59b1c0
496896.0,3718535,python,python,_PyTuple_FromStackRefStealOnSuccess
496895.0,3718441,python,python,long_divrem
496893.0,3718352,python,python,PyErr_CheckSignals
496891.0,3718292,python,python,long_add_method
496889.0,3718107,python,[JIT],0x0000ede47f2eae4c
496888.0,3718441,python,python,_PyMem_RawMalloc
496888.0,3718200,python,python,_PyTuple_FromStackRefStealOnSuccess
496887.0,3718535,python,[JIT],0x0000eba32357c0b8
496884.0,3718107,python,python,count_next
496883.0,3718292,python,python,_PyEvalFramePushAndInit
496883.0,3718352,python,python,_PyCompactLong_Add
496880.0,3718441,python,python,_PyMem_RawFree
496879.0,3718535,python,[JIT],0x0000eba3235772dc
496879.0,3718200,python,python,_PyEval_Vector
496876.0,3718352,python,python,_PyThreadState_PushFrame
496875.0,3718535,python,[JIT],0x0000eba32357b38c
496871.0,3718352,python,[JIT],0x0000f5e53d641c4c
496866.0,3718535,python,python,_PyCompactLong_Add
496866.0,3718107,python,python,builtin_next
496865.0,3718352,python,[JIT],0x0000f5e53d64628c
496865.0,3718535,python,python,malloc@plt
496864.0,3718292,python,[JIT],0x0000ec3f0d981fc8
496861.0,3718292,python,python,tuple_dealloc
496860.0,3718292,python,[JIT],0x0000ec3f0d981e88
496860.0,3718107,python,python,_Py_CheckFunctionResult
496860.0,3718535,python,python,PyLong_FromSsize_t
496854.0,3718441,python,python,memset@plt
496854.0,3718107,python,python,_PyErr_CheckSignalsTstate
496854.0,3718030,python,[JIT],0x0000f5f57c01639c
496854.0,3718292,python,python,_Py_IsMainThread
496852.0,3718292,python,[JIT],0x0000ec3f0d9814a0
496849.0,3718030,python,[JIT],0x0000f5f57c016680
496847.0,3718292,python,[JIT],0x0000ec3f0d982244
496847.0,3718535,python,[JIT],0x0000eba32357e2d0
496847.0,3718292,python,python,_PyCompactLong_Add
496847.0,3718200,python,python,_Py_NewReference
496845.0,3718352,python,[JIT],0x0000f5e53d642e50
496845.0,3718441,python,python,PyThread_get_thread_ident
496844.0,3718441,python,[JIT],0x0000fa66fdb0b740
496843.0,3718441,python,python,_list_extend
496843.0,3718535,python,[JIT],0x0000eba323621520
496840.0,3718352,python,[JIT],0x0000f5e53d59b800
496840.0,3718107,python,[JIT],0x0000ede47f2e9e94
496840.0,3718107,python,[JIT],0x0000ede47f2ef02c
496840.0,3718535,python,[JIT],0x0000eba32357b64c
496839.0,3718535,python,python,_PyEval_Vector
496839.0,3718352,python,[JIT],0x0000f5e53d646364
496839.0,3718030,python,[JIT],0x0000f5f57c012e64
496839.0,3718200,python,python,_PyLong_ExactDealloc
496838.0,3718292,python,python,PyIter_Check
496838.0,3718030,python,[JIT],0x0000f5f57c015230
496831.0,3718352,python,[JIT],0x0000f5e53d641bc4
496829.0,3718292,python,[JIT],0x0000ec3f0d8db414
496829.0,3718107,python,[kernel.kallsyms],el0_svc
496829.0,3718107,python,python,l_divmod
496825.0,3718535,python,python,_PyThreadState_PushFrame
496825.0,3718441,python,python,free@plt
496824.0,3718352,python,python,_PyMem_RawMalloc
496822.0,3718030,python,[JIT],0x0000f5f57c015050
496819.0,3718352,python,[JIT],0x0000f5e53d6465e4
496818.0,3718030,python,[JIT],0x0000f5f57c01264c
496816.0,3718292,python,[JIT],0x0000ec3f0d9842c4
496816.0,3718107,python,[JIT],0x0000ede47f2ed730
496815.0,3718107,python,[JIT],0x0000ede47f2e9c34
496815.0,3718535,python,[JIT],0x0000eba3236215e0
496814.0,3718107,python,libc.so.6,alloc_perturb
496814.0,3718107,python,[JIT],0x0000ede47f2ed5f8
496805.0,3718107,python,[JIT],0x0000ede47f2e9bd8
496805.0,3718535,python,[JIT],0x0000eba323576238
496805.0,3718441,python,python,l_divmod
496804.0,3718030,python,[JIT],0x0000f5f57c012ea0
496802.0,3718352,python,[JIT],0x0000f5e53d642494
496801.0,3718030,python,[JIT],0x0000f5f57c01607c
496800.0,3718535,python,[JIT],0x0000eba32362174c
496798.0,3718200,python,python,_PyEval_FrameClearAndPop
496797.0,3718441,python,python,_PyFunction_Vectorcall
496796.0,3718292,python,[JIT],0x0000ec3f0d98138c
496790.0,3718352,python,python,_PyTuple_FromStackRefStealOnSuccess
496789.0,3718535,python,[JIT],0x0000eba3235765bc
496789.0,3718030,python,[JIT],0x0000f5f57c013114
496789.0,3718030,python,[JIT],0x0000f5f57c015124
496789.0,3718292,python,python,PyNumber_FloorDivide
496788.0,3718535,python,python,_PyJIT_Entry
496788.0,3718107,python,[JIT],0x0000ede47f2e9ac4
496787.0,3718107,python,[JIT],0x0000ede47f2ee9a8
496787.0,3718200,python,python,PyObject_Free
496781.0,3718352,python,[JIT],0x0000f5e53d64679c
496780.0,3718441,python,python,PyIter_Check
496780.0,3718030,python,[JIT],0x0000f5f57c013188
496778.0,3718535,python,python,PyThread_get_thread_ident
496778.0,3718030,python,[JIT],0x0000f5f57c01687c
496777.0,3718352,python,python,builtin_next
496774.0,3718352,python,python,long_mul_method
496772.0,3718030,python,[JIT],0x0000f5f57c016f24
496767.0,3718352,python,python,_PyEvalFramePushAndInit
496765.0,3718441,python,[JIT],0x0000fa66fdb0b5e4
496762.0,3718441,python,[JIT],0x0000fa66fdb06c4c
496761.0,3718352,python,[JIT],0x0000f5e53d646108
496761.0,3718107,python,[JIT],0x0000ede47f2e4598
496761.0,3718441,python,[JIT],0x0000fa66fdb068f0
496758.0,3718107,python,[JIT],0x0000ede47f2e94b4
496758.0,3718441,python,[JIT],0x0000fa66fdb0b470
496757.0,3718107,python,[JIT],0x0000ede47f2e9d48
496757.0,3718030,python,python,_Py_CheckFunctionResult
496756.0,3718441,python,[JIT],0x0000fa66fdb0bf24
496755.0,3718107,python,python,gen_iternext
496753.0,3718107,python,[JIT],0x0000ede47f2ed09c
496753.0,3718030,python,[JIT],0x0000f5f57c016340
496750.0,3718441,python,python,_PyEvalFramePushAndInit
496747.0,3718535,python,python,PyNumber_Multiply
496747.0,3718030,python,libc.so.6,__memcpy_generic
496745.0,3718200,python,python,_PyMem_RawFree
496744.0,3718441,python,[JIT],0x0000fa66fdb0677c
496736.0,3718107,python,[JIT],0x0000ede47f3b946c
496734.0,3718107,python,[JIT],0x0000ede47f2e9c4c
496733.0,3718030,python,[JIT],0x0000f5f57c0121a4
496731.0,3718030,python,[JIT],0x0000f5f57c016410
496729.0,3718030,python,[JIT],0x0000f5f57c012e1c
496728.0,3718441,python,[JIT],0x0000fa66fdb0b09c
496727.0,3718292,python,python,_Py_Specialize_BinaryOp
496727.0,3718441,python,[JIT],0x0000fa66fdb0c34c
496719.0,3718441,python,libc.so.6,__GI___pthread_self
496716.0,3718030,python,python,PyIter_Check
496711.0,3718441,python,[JIT],0x0000fa66fdb0b104
496705.0,3718441,python,[JIT],0x0000fa66fdb07180
496703.0,3718441,python,[JIT],0x0000fa66fdb062b4
496701.0,3718352,python,python,PyObject_Malloc
496700.0,3718441,python,[JIT],0x0000fa66fdb0b598
496700.0,3718030,python,[JIT],0x0000f5f57c0123a8
496697.0,3718030,python,python,_PyLong_FromMedium
496696.0,3718535,python,[JIT],0x0000eba323621080
496693.0,3718030,python,[JIT],0x0000f5f57c016880
496674.0,3718107,python,[JIT],0x0000ede47f2ed2d8
496667.0,3718030,python,[JIT],0x0000f5f57c01289c
496657.0,3718030,python,[JIT],0x0000f5f57c04026c
496653.0,3718441,python,[JIT],0x0000fa66fdb06fd0
496640.0,3718030,python,[JIT],0x0000f5f57c012fd8
496635.0,3718030,python,[JIT],0x0000f5f57c013164
496634.0,3718352,python,[JIT],0x0000f5e53d646814
496592.0,3718535,python,[JIT],0x0000eba32357b36c
496537.0,3718292,python,python,PyErr_CheckSignals
496496.0,3718107,python,[JIT],0x0000ede47f2ea244
496453.0,3718535,python,python,islice_next
496364.0,3718352,python,python,malloc@plt
496363.0,3718292,python,python,count_next
495835.0,3718030,python,[JIT],0x0000f5f57c0162dc
493899.0,3718200,python,python,_PyLong_FromMedium
492516.0,3718030,python,[JIT],0x0000f5f57c012de4
491815.0,3718292,python,python,_PyEval_FrameClearAndPop
491240.0,3718030,python,python,gen_iternext
489723.0,3718352,python,[JIT],0x0000f5e53d6462e4
486326.0,3718535,python,[JIT],0x0000eba32357beac
451631.0,3718441,python,python,_Py_Specialize_BinaryOp
409924.0,3718292,python,python,initialize_locals
403430.0,3718030,python,[kernel.kallsyms],__pi_clear_page
321458.0,3718441,python,[JIT],0x0000fa66fdb0b2f8
289883.0,3718200,python,python,PyLong_FromSsize_t
282297.0,3718441,python,python,count_next
273788.0,3718441,python,[JIT],0x0000fa66fdb35744
261334.0,3718107,python,[JIT],0x0000ede47f3b9bec
259695.0,3718441,python,[JIT],0x0000fa66fdb06ebc
259229.0,3718107,python,[JIT],0x0000ede47f2e908c
258305.0,3718441,python,[JIT],0x0000fa66fdb0c068
257005.0,3718441,python,[JIT],0x0000fa66fdb06154
255961.0,3718441,python,[JIT],0x0000fa66fdb07194
255008.0,3718107,python,[JIT],0x0000ede47f2e44dc
253754.0,3718030,python,[JIT],0x0000f5f57c0150c8
253408.0,3718107,python,[JIT],0x0000ede47f2e10a8
253232.0,3718441,python,[JIT],0x0000fa66fdb0b084
253209.0,3718441,python,[JIT],0x0000fa66fdb350c8
252858.0,3718441,python,[JIT],0x0000fa66fdb063a8
252096.0,3718107,python,[JIT],0x0000ede47f2ee0ec
252038.0,3718292,python,[JIT],0x0000ec3f0d9860e0
251827.0,3718030,python,python,allocate_from_new_pool
251788.0,3718535,python,[JIT],0x0000eba323577324
251536.0,3718107,python,[JIT],0x0000ede47f2ee4bc
251402.0,3718030,python,[JIT],0x0000f5f57c016000
250910.0,3718292,python,[JIT],0x0000ec3f0d981050
250691.0,3718535,python,[JIT],0x0000eba32364b574
250152.0,3718107,python,[JIT],0x0000ede47f2ed1c8
250125.0,3718200,python,python,PyNumber_FloorDivide
250049.0,3718292,python,[JIT],0x0000ec3f0d9b0194
249985.0,3718441,python,[JIT],0x0000fa66fdb09128
249932.0,3718441,python,[JIT],0x0000fa66fdb015e0
249726.0,3718535,python,[JIT],0x0000eba32362112c
249654.0,3718441,python,[JIT],0x0000fa66fdb06628
249581.0,3718535,python,[JIT],0x0000eba32357b1c0
249511.0,3718535,python,[JIT],0x0000eba3236212c8
249179.0,3718441,python,[JIT],0x0000fa66fdb0b5e0
249049.0,3718535,python,[JIT],0x0000eba3236214c8
249045.0,3718292,python,[JIT],0x0000ec3f0d9862f0
248915.0,3718535,python,[JIT],0x0000eba323576438
248804.0,3718292,python,[JIT],0x0000ec3f0d98436c
248762.0,3718107,python,[JIT],0x0000ede47f2e9428
248707.0,3718030,python,[JIT],0x0000f5f57c0167f8
248690.0,3718352,python,[JIT],0x0000f5e53d59c36c
248604.0,3718535,python,[JIT],0x0000eba323621598
248590.0,3718107,python,[JIT],0x0000ede47f2e4464
248588.0,3718292,python,[JIT],0x0000ec3f0d986e88
248586.0,3718107,python,[JIT],0x0000ede47f2e41c8
248575.0,3718535,python,python,_PyJit_translate_single_bytecode_to_trace
248574.0,3718535,python,[JIT],0x0000eba3235771d4
248573.0,3718292,python,[JIT],0x0000ec3f0d8d9dcc
248571.0,3718535,python,python,_PyLong_ExactDealloc
248568.0,3718292,python,[JIT],0x0000ec3f0d98230c
248568.0,3718535,python,[JIT],0x0000eba32357e030
248562.0,3718292,python,[JIT],0x0000ec3f0d9811e0
248560.0,3718535,python,[JIT],0x0000eba32357bdac
248558.0,3718292,python,[JIT],0x0000ec3f0d981f40
248558.0,3718535,python,[JIT],0x0000eba323621234
248556.0,3718107,python,[JIT],0x0000ede47f2e9340
248556.0,3718535,python,[JIT],0x0000eba32357b1a4
248553.0,3718535,python,[JIT],0x0000eba32357e218
248551.0,3718292,python,[JIT],0x0000ec3f0d986548
248550.0,3718107,python,[JIT],0x0000ede47f2ed808
248550.0,3718200,python,python,_PyObject_Realloc
248548.0,3718292,python,[JIT],0x0000ec3f0d9b13e0
248547.0,3718535,python,[JIT],0x0000eba3236215e4
248546.0,3718535,python,[JIT],0x0000eba32364bb08
248544.0,3718535,python,[JIT],0x0000eba32364b438
248542.0,3718352,python,[JIT],0x0000f5e53d671080
248540.0,3718292,python,[JIT],0x0000ec3f0d9b0674
248539.0,3718292,python,[JIT],0x0000ec3f0d986810
248539.0,3718107,python,[JIT],0x0000ede47f3b9660
248538.0,3718292,python,[JIT],0x0000ec3f0d9869f4
248538.0,3718107,python,[JIT],0x0000ede47f2e9410
248534.0,3718107,python,[JIT],0x0000ede47f2e972c
248533.0,3718107,python,python,_PyInterpreterState_GetConfig
248532.0,3718292,python,[JIT],0x0000ec3f0d986710
248531.0,3718352,python,python,emit__SET_IP_r11
248529.0,3718292,python,[JIT],0x0000ec3f0d9867f0
248529.0,3718535,python,[JIT],0x0000eba32364bc48
248527.0,3718107,python,[JIT],0x0000ede47f2ec078
248527.0,3718535,python,[JIT],0x0000eba32357bd90
248527.0,3718030,python,[JIT],0x0000f5f57c0404d8
248526.0,3718535,python,[JIT],0x0000eba32357b5e4
248524.0,3718535,python,[JIT],0x0000eba32357b7bc
248523.0,3718352,python,[JIT],0x0000f5e53d646a8c
248523.0,3718441,python,[JIT],0x0000fa66fdb0b2e0
248523.0,3718535,python,[JIT],0x0000eba323621798
248522.0,3718352,python,[JIT],0x0000f5e53d641444
248522.0,3718352,python,[JIT],0x0000f5e53d647474
248522.0,3718292,python,[kernel.kallsyms],__alloc_pages
248522.0,3718292,python,[JIT],0x0000ec3f0d986178
248521.0,3718292,python,[JIT],0x0000ec3f0d98639c
248521.0,3718030,python,[JIT],0x0000f5f57c0400fc
248520.0,3718292,python,[JIT],0x0000ec3f0d9b0990
248519.0,3718352,python,[JIT],0x0000f5e53d59b074
248519.0,3718535,python,[JIT],0x0000eba323621e9c
248518.0,3718107,python,[JIT],0x0000ede47f2ed580
248517.0,3718292,python,[JIT],0x0000ec3f0d9b037c
248517.0,3718441,python,[JIT],0x0000fa66fdb06c38
248516.0,3718352,python,[JIT],0x0000f5e53d646118
248515.0,3718107,python,[JIT],0x0000ede47f2ee3d4
248515.0,3718535,python,[JIT],0x0000eba32357bfec
248514.0,3718292,python,[JIT],0x0000ec3f0d984064
248514.0,3718535,python,[JIT],0x0000eba323621330
248514.0,3718030,python,[JIT],0x0000f5f57c0411d0
248513.0,3718352,python,[JIT],0x0000f5e53d59c134
248512.0,3718352,python,[JIT],0x0000f5e53d646ed0
248511.0,3718292,python,[JIT],0x0000ec3f0d8db7c4
248511.0,3718292,python,[JIT],0x0000ec3f0d986768
248510.0,3718535,python,[JIT],0x0000eba32357676c
248510.0,3718030,python,[JIT],0x0000f5f57c015038
248509.0,3718441,python,[JIT],0x0000fa66fdb02228
248509.0,3718030,python,[JIT],0x0000f5f57c0117f4
248509.0,3718200,python,python,PyNumber_Add
248508.0,3718292,python,python,patch_aarch64_33rx
248508.0,3718107,python,[JIT],0x0000ede47f2e9f10
248508.0,3718352,python,[JIT],0x0000f5e53d646400
248507.0,3718352,python,[JIT],0x0000f5e53d641af0
248507.0,3718292,python,[JIT],0x0000ec3f0d981384
248507.0,3718352,python,[JIT],0x0000f5e53d67034c
248506.0,3718030,python,[JIT],0x0000f5f57c040c34
248505.0,3718107,python,[JIT],0x0000ede47f2ed68c
248505.0,3718107,python,[JIT],0x0000ede47f3b9304
248504.0,3718535,python,[JIT],0x0000eba32357e038
248504.0,3718535,python,[JIT],0x0000eba32362231c
248503.0,3718292,python,[JIT],0x0000ec3f0d8d8d78
248503.0,3718535,python,[JIT],0x0000eba32364b384
248503.0,3718200,python,python,_PyOptimizer_Optimize
248502.0,3718352,python,[JIT],0x0000f5e53d642344
248501.0,3718292,python,[JIT],0x0000ec3f0d981f6c
248501.0,3718292,python,[JIT],0x0000ec3f0d986408
248501.0,3718107,python,[JIT],0x0000ede47f3b9b54
248501.0,3718200,python,[JIT],0x0000f496232da55c
248500.0,3718535,python,[JIT],0x0000eba32357b7e4
248500.0,3718292,python,python,free@plt
248499.0,3718535,python,[JIT],0x0000eba323573d60
248499.0,3718535,python,[JIT],0x0000eba323621530
248498.0,3718292,python,[JIT],0x0000ec3f0d9b0c20
248498.0,3718535,python,[JIT],0x0000eba32357bc4c
248497.0,3718352,python,[JIT],0x0000f5e53d59b36c
248497.0,3718107,python,[JIT],0x0000ede47f2e9aa0
248497.0,3718535,python,[JIT],0x0000eba3236213c0
248497.0,3718352,python,[kernel.kallsyms],el0_da
248497.0,3718030,python,[kernel.kallsyms],__perf_addr_filters_adjust
248496.0,3718107,python,[JIT],0x0000ede47f2edb40
248496.0,3718535,python,[JIT],0x0000eba323574dcc
248496.0,3718030,python,[JIT],0x0000f5f57c0133a4
248495.0,3718352,python,[JIT],0x0000f5e53d646708
248495.0,3718292,python,[JIT],0x0000ec3f0d9812b8
248495.0,3718107,python,[JIT],0x0000ede47f2e4cbc
248495.0,3718107,python,[JIT],0x0000ede47f2ec1ec
248495.0,3718030,python,[JIT],0x0000f5f57c0120b4
248494.0,3718292,python,[JIT],0x0000ec3f0d98619c
248494.0,3718292,python,[JIT],0x0000ec3f0d987548
248494.0,3718107,python,[JIT],0x0000ede47f2ed3c8
248494.0,3718107,python,[JIT],0x0000ede47f2ee404
248494.0,3718441,python,libc.so.6,alloc_perturb
248494.0,3718441,python,[JIT],0x0000fa66fdb069fc
248494.0,3718535,python,[JIT],0x0000eba32357c1bc
248494.0,3718107,python,[JIT],0x0000ede47f3b94d8
248494.0,3718200,python,[kernel.kallsyms],search_cmp_ftr_reg
248493.0,3718292,python,[JIT],0x0000ec3f0d981ff0
248493.0,3718030,python,[JIT],0x0000f5f57c012824
248492.0,3718292,python,python,PyThread_get_thread_ident
248491.0,3718352,python,[JIT],0x0000f5e53d6420b8
248491.0,3718352,python,[JIT],0x0000f5e53d64212c
248491.0,3718441,python,[JIT],0x0000fa66fdb0b6f0
248491.0,3718535,python,[JIT],0x0000eba32357bcc4
248490.0,3718292,python,[JIT],0x0000ec3f0d986a1c
248490.0,3718535,python,[JIT],0x0000eba32357bea0
248490.0,3718535,python,[JIT],0x0000eba323621c00
248489.0,3718535,python,[JIT],0x0000eba32364b200
248489.0,3718292,python,[JIT],0x0000ec3f0d986230
248489.0,3718292,python,[JIT],0x0000ec3f0d986478
248489.0,3718441,python,[JIT],0x0000fa66fdb0b138
248488.0,3718441,python,[kernel.kallsyms],__pi_clear_page
248488.0,3718441,python,[JIT],0x0000fa66fdb0beb0
248488.0,3718535,python,[JIT],0x0000eba323573f00
248488.0,3718030,python,[JIT],0x0000f5f57c0126f8
248487.0,3718352,python,[JIT],0x0000f5e53d670ae4
248487.0,3718292,python,python,gen_iternext
248487.0,3718535,python,[JIT],0x0000eba3236213f8
248487.0,3718292,python,[JIT],0x0000ec3f0d9863ec
248486.0,3718292,python,[JIT],0x0000ec3f0d98609c
248486.0,3718292,python,[JIT],0x0000ec3f0d9b0744
248485.0,3718352,python,[JIT],0x0000f5e53d6418ec
248485.0,3718352,python,[JIT],0x0000f5e53d646a90
248485.0,3718107,python,[JIT],0x0000ede47f2e4880
248485.0,3718107,python,[JIT],0x0000ede47f2ee52c
248485.0,3718200,python,[kernel.kallsyms],get_mem_cgroup_from_mm
248484.0,3718352,python,[JIT],0x0000f5e53d6462cc
248484.0,3718352,python,[JIT],0x0000f5e53d646f24
248484.0,3718292,python,[JIT],0x0000ec3f0d8db598
248484.0,3718292,python,[JIT],0x0000ec3f0d981254
248484.0,3718107,python,[JIT],0x0000ede47f2e2394
248484.0,3718107,python,[JIT],0x0000ede47f2ed6b4
248483.0,3718352,python,[JIT],0x0000f5e53d598d4c
248483.0,3718292,python,[JIT],0x0000ec3f0d986470
248483.0,3718292,python,[JIT],0x0000ec3f0d9b0618
248483.0,3718535,python,[JIT],0x0000eba32357c21c
248483.0,3718441,python,[kernel.kallsyms],el0_svc_common.constprop.0
248482.0,3718292,python,[JIT],0x0000ec3f0d981acc
248482.0,3718292,python,[JIT],0x0000ec3f0d981fc0
248482.0,3718292,python,[JIT],0x0000ec3f0d982234
248482.0,3718441,python,[JIT],0x0000fa66fdb0107c
248482.0,3718535,python,[JIT],0x0000eba32362166c
248482.0,3718030,python,[JIT],0x0000f5f57c01311c
248481.0,3718535,python,python,_PyInterpreterState_Main
248481.0,3718352,python,[JIT],0x0000f5e53d6479a0
248481.0,3718292,python,[JIT],0x0000ec3f0d986080
248481.0,3718535,python,python,builtin_next
248481.0,3718535,python,[JIT],0x0000eba32357c420
248481.0,3718352,python,python,_PyEval_Vector
248480.0,3718352,python,[JIT],0x0000f5e53d646e28
248480.0,3718292,python,[JIT],0x0000ec3f0d9861f4
248480.0,3718107,python,[JIT],0x0000ede47f2e92ec
248480.0,3718441,python,[JIT],0x0000fa66fdb0b574
248480.0,3718535,python,[kernel.kallsyms],sched_mm_cid_remote_clear
248480.0,3718030,python,[JIT],0x0000f5f57c01238c
248479.0,3718292,python,[JIT],0x0000ec3f0d981184
248479.0,3718292,python,[JIT],0x0000ec3f0d9812a0
248479.0,3718107,python,[kernel.kallsyms],__perf_addr_filters_adjust
248478.0,3718535,python,[JIT],0x0000eba32364c814
248478.0,3718292,python,[JIT],0x0000ec3f0d9864cc
248478.0,3718107,python,[JIT],0x0000ede47f2e9dbc
248478.0,3718441,python,python,count_next
248477.0,3718535,python,[kernel.kallsyms],_raw_spin_lock
248477.0,3718107,python,[JIT],0x0000ede47f2e9d7c
248477.0,3718441,python,[JIT],0x0000fa66fdb091e0
248477.0,3718535,python,[JIT],0x0000eba32357675c
248477.0,3718535,python,[JIT],0x0000eba3236222b0
248477.0,3718352,python,python,_PyMem_RawFree
248476.0,3718535,python,[JIT],0x0000eba32364bb48
248475.0,3718352,python,[JIT],0x0000f5e53d6420b4
248475.0,3718292,python,[JIT],0x0000ec3f0d986324
248475.0,3718107,python,[JIT],0x0000ede47f3bb36c
248475.0,3718535,python,[JIT],0x0000eba323621140
248475.0,3718535,python,[JIT],0x0000eba323621200
248475.0,3718352,python,[kernel.kallsyms],__pi_clear_page
248474.0,3718292,python,[JIT],0x0000ec3f0d981f58
248474.0,3718292,python,[JIT],0x0000ec3f0d982480
248474.0,3718535,python,[JIT],0x0000eba32362177c
248474.0,3718535,python,[JIT],0x0000eba3236217dc
248474.0,3718107,python,[JIT],0x0000ede47f3b9500
248473.0,3718352,python,[JIT],0x0000f5e53d641730
248473.0,3718292,python,[JIT],0x0000ec3f0d986598
248473.0,3718535,python,[kernel.kallsyms],arch_local_irq_restore
248473.0,3718292,python,python,maybe_small_long
248472.0,3718292,python,[JIT],0x0000ec3f0d8db5c4
248472.0,3718292,python,[JIT],0x0000ec3f0d981bdc
248472.0,3718107,python,[JIT],0x0000ede47f2e9770
248472.0,3718107,python,[JIT],0x0000ede47f2ed6e0
248472.0,3718535,python,[JIT],0x0000eba32357bfc0
248472.0,3718535,python,[JIT],0x0000eba32364b6c8
248471.0,3718535,python,[kernel.kallsyms],perf_iterate_ctx
248471.0,3718030,python,[JIT],0x0000f5f57c01331c
248470.0,3718292,python,[JIT],0x0000ec3f0d981648
248470.0,3718292,python,[JIT],0x0000ec3f0d9862d8
248470.0,3718107,python,[JIT],0x0000ede47f2e9ab8
248470.0,3718030,python,python,compactlong_float_guard
248469.0,3718352,python,python,gen_iternext
248469.0,3718441,python,[JIT],0x0000fa66fdb02150
248469.0,3718535,python,[JIT],0x0000eba32357e2a8
248469.0,3718200,python,python,long_mul_method
248468.0,3718352,python,[JIT],0x0000f5e53d5982a0
248468.0,3718352,python,[JIT],0x0000f5e53d5990e4
248468.0,3718352,python,[JIT],0x0000f5e53d641564
248468.0,3718292,python,[JIT],0x0000ec3f0d98670c
248468.0,3718441,python,[JIT],0x0000fa66fdb0681c
248468.0,3718535,python,[JIT],0x0000eba32364c1bc
248468.0,3718030,python,[JIT],0x0000f5f57c012d90
248468.0,3718292,python,[kernel.kallsyms],tlb_batch_pages_flush
248467.0,3718352,python,[JIT],0x0000f5e53d642450
248467.0,3718292,python,[JIT],0x0000ec3f0d981ad8
248467.0,3718107,python,[JIT],0x0000ede47f2e98e4
248467.0,3718107,python,[JIT],0x0000ede47f2edd9c
248467.0,3718441,python,[JIT],0x0000fa66fdb09078
248467.0,3718535,python,[JIT],0x0000eba32364b2f8
248467.0,3718352,python,[JIT],0x0000f5e53d646828
248466.0,3718292,python,[JIT],0x0000ec3f0d98623c
248466.0,3718292,python,[JIT],0x0000ec3f0d986ec0
248466.0,3718107,python,[JIT],0x0000ede47f2ed138
248466.0,3718107,python,python,_PyEval_FrameClearAndPop
248466.0,3718292,python,python,_PyRunRemoteDebugger
248466.0,3718200,python,[JIT],0x0000f496232da384
248465.0,3718535,python,python,_PyThreadState_PopFrame
248465.0,3718352,python,[JIT],0x0000f5e53d670910
248465.0,3718292,python,[JIT],0x0000ec3f0d9840f8
248465.0,3718292,python,[JIT],0x0000ec3f0d984128
248465.0,3718292,python,[JIT],0x0000ec3f0d98602c
248465.0,3718107,python,[JIT],0x0000ede47f2edf88
248465.0,3718535,python,[JIT],0x0000eba323621614
248465.0,3718030,python,[JIT],0x0000f5f57c017270
248464.0,3718352,python,[JIT],0x0000f5e53d641040
248464.0,3718352,python,[JIT],0x0000f5e53d641c0c
248464.0,3718352,python,[JIT],0x0000f5e53d646274
248464.0,3718535,python,[kernel.kallsyms],__perf_addr_filters_adjust
248464.0,3718030,python,[JIT],0x0000f5f57c012190
248464.0,3718292,python,python,_PyMem_RawFree
248463.0,3718292,python,[JIT],0x0000ec3f0d8db528
248463.0,3718292,python,[JIT],0x0000ec3f0d9810cc
248463.0,3718292,python,[JIT],0x0000ec3f0d98205c
248463.0,3718292,python,[JIT],0x0000ec3f0d986808
248463.0,3718535,python,[JIT],0x0000eba3236223a8
248463.0,3718107,python,python,PyErr_CheckSignals
248463.0,3718292,python,python,_Py_BuiltinCallFast_StackRef
248462.0,3718352,python,[JIT],0x0000f5e53d59b1ac
248462.0,3718352,python,[JIT],0x0000f5e53d670c40
248462.0,3718292,python,[JIT],0x0000ec3f0d8db18c
248462.0,3718292,python,[JIT],0x0000ec3f0d9820bc
248462.0,3718292,python,[JIT],0x0000ec3f0d9861ac
248462.0,3718107,python,python,list_dealloc
248462.0,3718030,python,[JIT],0x0000f5f57c040844
248461.0,3718352,python,[JIT],0x0000f5e53d6411a4
248461.0,3718292,python,[JIT],0x0000ec3f0d986638
248461.0,3718292,python,[JIT],0x0000ec3f0d9868c8
248461.0,3718292,python,[JIT],0x0000ec3f0d98734c
248461.0,3718107,python,[JIT],0x0000ede47f2e9df0
248461.0,3718107,python,[JIT],0x0000ede47f2ec0e4
248461.0,3718535,python,[JIT],0x0000eba3235767a4
248461.0,3718535,python,[JIT],0x0000eba32364b5e8
248461.0,3718030,python,[JIT],0x0000f5f57c0152b0
248460.0,3718107,python,python,_Py_uop_sym_tuple_getitem
248460.0,3718107,python,[JIT],0x0000ede47f2e521c
248460.0,3718107,python,[JIT],0x0000ede47f2ed2f0
248460.0,3718107,python,[JIT],0x0000ede47f3b92d4
248460.0,3718030,python,[JIT],0x0000f5f57c012060
248459.0,3718352,python,[JIT],0x0000f5e53d6411f4
248459.0,3718292,python,[JIT],0x0000ec3f0d982374
248459.0,3718107,python,[JIT],0x0000ede47f2e9ac0
248459.0,3718441,python,[JIT],0x0000fa66fdb3910c
248459.0,3718535,python,[JIT],0x0000eba32357e19c
248459.0,3718107,python,python,_PyJit_translate_single_bytecode_to_trace
248459.0,3718441,python,python,_PyErr_CheckSignalsTstate
248458.0,3718352,python,[JIT],0x0000f5e53d598ec8
248458.0,3718292,python,[JIT],0x0000ec3f0d986550
248458.0,3718441,python,[JIT],0x0000fa66fdb06614
248458.0,3718535,python,[JIT],0x0000eba32357bf64
248458.0,3718535,python,[JIT],0x0000eba32357c388
248458.0,3718030,python,[JIT],0x0000f5f57c012840
248457.0,3718352,python,[JIT],0x0000f5e53d64103c
248457.0,3718352,python,[JIT],0x0000f5e53d6420c0
248457.0,3718292,python,[JIT],0x0000ec3f0d986480
248457.0,3718292,python,[JIT],0x0000ec3f0d986568
248457.0,3718107,python,[JIT],0x0000ede47f2ec36c
248457.0,3718107,python,[JIT],0x0000ede47f2ed200
248457.0,3718441,python,[JIT],0x0000fa66fdb01154
248457.0,3718535,python,[kernel.kallsyms],handle_softirqs
248456.0,3718352,python,[JIT],0x0000f5e53d599360
248456.0,3718352,python,[JIT],0x0000f5e53d6410b4
248456.0,3718352,python,[JIT],0x0000f5e53d641bbc
248456.0,3718292,python,[kernel.kallsyms],_find_next_bit
248456.0,3718292,python,[JIT],0x0000ec3f0d981664
248456.0,3718535,python,[JIT],0x0000eba323621c10
248456.0,3718107,python,[JIT],0x0000ede47f3b93c4
248456.0,3718030,python,[JIT],0x0000f5f57c012250
248455.0,3718352,python,[JIT],0x0000f5e53d641428
248455.0,3718352,python,[JIT],0x0000f5e53d6420bc
248455.0,3718292,python,[JIT],0x0000ec3f0d981348
248455.0,3718292,python,[JIT],0x0000ec3f0d986698
248455.0,3718107,python,[JIT],0x0000ede47f2ec4ec
248455.0,3718107,python,[JIT],0x0000ede47f3b93d8
248455.0,3718535,python,[JIT],0x0000eba32357b1d0
248455.0,3718535,python,[JIT],0x0000eba323621638
248455.0,3718352,python,[JIT],0x0000f5e53d67138c
248455.0,3718292,python,python,PyNumber_Multiply
248455.0,3718292,python,libc.so.6,_int_free_maybe_consolidate.part.0
248454.0,3718352,python,[JIT],0x0000f5e53d59b844
248454.0,3718352,python,[JIT],0x0000f5e53d641d2c
248454.0,3718352,python,[JIT],0x0000f5e53d644044
248454.0,3718107,python,[JIT],0x0000ede47f2e4244
248454.0,3718535,python,[JIT],0x0000eba32357c244
248454.0,3718292,python,[kernel.kallsyms],__pi_clear_page
248453.0,3718352,python,[JIT],0x0000f5e53d59df48
248453.0,3718292,python,[JIT],0x0000ec3f0d8dc2dc
248453.0,3718292,python,[JIT],0x0000ec3f0d98155c
248453.0,3718292,python,[JIT],0x0000ec3f0d982074
248453.0,3718107,python,[JIT],0x0000ede47f2e485c
248453.0,3718107,python,[JIT],0x0000ede47f2ee57c
248453.0,3718292,python,[JIT],0x0000ec3f0d9867f8
248452.0,3718352,python,[JIT],0x0000f5e53d646480
248452.0,3718352,python,[JIT],0x0000f5e53d646638
248452.0,3718352,python,[JIT],0x0000f5e53d646fdc
248452.0,3718292,python,[JIT],0x0000ec3f0d981334
248452.0,3718107,python,[JIT],0x0000ede47f2e9924
248452.0,3718441,python,[JIT],0x0000fa66fdb07124
248451.0,3718292,python,[JIT],0x0000ec3f0d8db034
248451.0,3718292,python,[JIT],0x0000ec3f0d981828
248451.0,3718292,python,[JIT],0x0000ec3f0d986684
248451.0,3718107,python,[JIT],0x0000ede47f2e9530
248451.0,3718107,python,[JIT],0x0000ede47f2e9d3c
248451.0,3718107,python,[JIT],0x0000ede47f3b9454
248451.0,3718441,python,[JIT],0x0000fa66fdb0b2d8
248451.0,3718535,python,[JIT],0x0000eba32357b160
248451.0,3718535,python,[JIT],0x0000eba32357b704
248451.0,3718352,python,[JIT],0x0000f5e53d6700b8
248451.0,3718292,python,[JIT],0x0000ec3f0d9b0a40
248450.0,3718535,python,[JIT],0x0000eba32364bdcc
248450.0,3718352,python,[JIT],0x0000f5e53d647074
248450.0,3718352,python,[JIT],0x0000f5e53d6473e4
248450.0,3718352,python,[JIT],0x0000f5e53d670be4
248450.0,3718292,python,[JIT],0x0000ec3f0d981888
248450.0,3718292,python,[JIT],0x0000ec3f0d9b14c4
248450.0,3718535,python,[JIT],0x0000eba32357705c
248450.0,3718535,python,[JIT],0x0000eba323577080
248450.0,3718535,python,[JIT],0x0000eba32357bf44
248450.0,3718535,python,[JIT],0x0000eba323621648
248450.0,3718535,python,[JIT],0x0000eba32364b074
248449.0,3718535,python,[JIT],0x0000eba32364b64c
248449.0,3718352,python,[JIT],0x0000f5e53d5986e4
248449.0,3718352,python,[JIT],0x0000f5e53d64233c
248449.0,3718352,python,[JIT],0x0000f5e53d646670
248449.0,3718352,python,[JIT],0x0000f5e53d646c48
248449.0,3718292,python,[JIT],0x0000ec3f0d981804
248449.0,3718292,python,[JIT],0x0000ec3f0d981c08
248449.0,3718292,python,[JIT],0x0000ec3f0d9862cc
248449.0,3718535,python,[JIT],0x0000eba3235761c0
248449.0,3718535,python,[JIT],0x0000eba32357b220
248449.0,3718535,python,[JIT],0x0000eba32357e4f0
248449.0,3718535,python,[JIT],0x0000eba323621484
248449.0,3718535,python,[JIT],0x0000eba323622994
248449.0,3718292,python,python,_PyLong_FromMedium
248449.0,3718200,python,[JIT],0x0000f496232da75c
248448.0,3718535,python,python,builtin_next
248448.0,3718352,python,[JIT],0x0000f5e53d59b758
248448.0,3718352,python,[JIT],0x0000f5e53d6463b8
248448.0,3718352,python,[JIT],0x0000f5e53d6467fc
248448.0,3718107,python,[JIT],0x0000ede47f2e5310
248448.0,3718441,python,[JIT],0x0000fa66fdb0603c
248448.0,3718441,python,[JIT],0x0000fa66fdb06160
248448.0,3718030,python,[JIT],0x0000f5f57c0406e0
248447.0,3718352,python,python,_PyFunction_Vectorcall
248447.0,3718352,python,[JIT],0x0000f5e53d644114
248447.0,3718292,python,[JIT],0x0000ec3f0d8db4c8
248447.0,3718292,python,[JIT],0x0000ec3f0d9813a4
248447.0,3718535,python,[JIT],0x0000eba323621308
248446.0,3718535,python,python,optimize_pop_top
248446.0,3718352,python,python,_Py_CheckFunctionResult
248446.0,3718352,python,[JIT],0x0000f5e53d641c34
248446.0,3718352,python,[JIT],0x0000f5e53d64239c
248446.0,3718352,python,[JIT],0x0000f5e53d6462d4
248446.0,3718107,python,[JIT],0x0000ede47f3b9154
248446.0,3718200,python,[JIT],0x0000f4962320efdc
248445.0,3718352,python,[JIT],0x0000f5e53d6420ac
248445.0,3718292,python,[JIT],0x0000ec3f0d8db408
248445.0,3718292,python,[JIT],0x0000ec3f0d981150
248445.0,3718292,python,[JIT],0x0000ec3f0d98172c
248445.0,3718292,python,[JIT],0x0000ec3f0d9861e0
248445.0,3718292,python,[JIT],0x0000ec3f0d98667c
248445.0,3718107,python,[JIT],0x0000ede47f2e45bc
248445.0,3718107,python,[JIT],0x0000ede47f3b90d4
248445.0,3718441,python,[JIT],0x0000fa66fdb02200
248445.0,3718441,python,[JIT],0x0000fa66fdb0cfd8
248445.0,3718535,python,[JIT],0x0000eba323621bac
248445.0,3718107,python,[JIT],0x0000ede47f3b9810
248445.0,3718030,python,[JIT],0x0000f5f57c013e80
248444.0,3718352,python,[JIT],0x0000f5e53d641390
248444.0,3718352,python,[JIT],0x0000f5e53d641bd8
248444.0,3718292,python,[JIT],0x0000ec3f0d981d88
248444.0,3718292,python,[JIT],0x0000ec3f0d982420
248444.0,3718107,python,[JIT],0x0000ede47f2e97c0
248444.0,3718535,python,[JIT],0x0000eba32357b078
248444.0,3718535,python,[JIT],0x0000eba32357b190
248444.0,3718535,python,[JIT],0x0000eba32357c3d0
248444.0,3718030,python,[JIT],0x0000f5f57c012594
248444.0,3718292,python,[JIT],0x0000ec3f0d987068
248443.0,3718352,python,[JIT],0x0000f5e53d670c34
248443.0,3718441,python,[JIT],0x0000fa66fdb014d0
248443.0,3718352,python,[JIT],0x0000f5e53d670640
248442.0,3718352,python,[JIT],0x0000f5e53d598ca8
248442.0,3718352,python,[JIT],0x0000f5e53d646934
248442.0,3718352,python,[JIT],0x0000f5e53d670340
248442.0,3718292,python,[JIT],0x0000ec3f0d986498
248442.0,3718292,python,[JIT],0x0000ec3f0d986890
248442.0,3718292,python,[JIT],0x0000ec3f0d987450
248442.0,3718107,python,[JIT],0x0000ede47f2e507c
248442.0,3718441,python,python,_PyJit_translate_single_bytecode_to_trace
248442.0,3718441,python,python,_PyThreadState_PopFrame
248442.0,3718200,python,python,pthread_self@plt
248441.0,3718352,python,python,list_dealloc
248441.0,3718352,python,[JIT],0x0000f5e53d641528
248441.0,3718107,python,[JIT],0x0000ede47f2ed3c0
248441.0,3718441,python,[JIT],0x0000fa66fda5dacc
248441.0,3718441,python,[JIT],0x0000fa66fdb06384
248441.0,3718441,python,[JIT],0x0000fa66fdb06790
248441.0,3718441,python,[JIT],0x0000fa66fdb072b8
248441.0,3718535,python,[JIT],0x0000eba323576390
248441.0,3718535,python,[JIT],0x0000eba3236212dc
248441.0,3718030,python,[JIT],0x0000f5f57c012624
248440.0,3718352,python,[JIT],0x0000f5e53d64189c
248440.0,3718352,python,[JIT],0x0000f5e53d64687c
248440.0,3718107,python,[JIT],0x0000ede47f2ed2fc
248440.0,3718535,python,[JIT],0x0000eba3235770dc
248440.0,3718352,python,[JIT],0x0000f5e53d646608
248440.0,3718107,python,[kernel.kallsyms],folio_add_new_anon_rmap
248440.0,3718030,python,python,_Py_uop_analyze_and_optimize
248440.0,3718030,python,[JIT],0x0000f5f57c0128ac
248440.0,3718030,python,[JIT],0x0000f5f57c012c44
248440.0,3718200,python,python,islice_next
248440.0,3718200,python,[JIT],0x0000f4962320d324
248439.0,3718535,python,[JIT],0x0000eba32364b8e8
248439.0,3718352,python,[JIT],0x0000f5e53d641c68
248439.0,3718535,python,python,gen_iternext
248438.0,3718535,python,python,PyNumber_FloorDivide
248438.0,3718352,python,[JIT],0x0000f5e53d646090
248438.0,3718352,python,[JIT],0x0000f5e53d670368
248438.0,3718292,python,[JIT],0x0000ec3f0d984164
248438.0,3718107,python,[JIT],0x0000ede47f2ec088
248438.0,3718107,python,[JIT],0x0000ede47f2ed100
248438.0,3718441,python,[JIT],0x0000fa66fdb062bc
248438.0,3718441,python,[JIT],0x0000fa66fdb0b448
248438.0,3718441,python,[JIT],0x0000fa66fdb364f8
248438.0,3718535,python,[JIT],0x0000eba3236212d0
248437.0,3718352,python,[JIT],0x0000f5e53d641800
248437.0,3718292,python,[JIT],0x0000ec3f0d981394
248437.0,3718107,python,[JIT],0x0000ede47f2e9e1c
248437.0,3718107,python,[JIT],0x0000ede47f2ed2d0
248437.0,3718441,python,[JIT],0x0000fa66fda5d3ac
248437.0,3718441,python,[JIT],0x0000fa66fdb06000
248437.0,3718535,python,[kernel.kallsyms],rcu_nocb_unlock_irqrestore
248437.0,3718535,python,[JIT],0x0000eba32357b788
248437.0,3718535,python,[JIT],0x0000eba32357bf14
248437.0,3718535,python,[JIT],0x0000eba3236213f0
248437.0,3718441,python,python,PyErr_CheckSignals
248437.0,3718200,python,[JIT],0x0000f496232da31c
248436.0,3718352,python,[JIT],0x0000f5e53d6461b4
248436.0,3718292,python,[JIT],0x0000ec3f0d9873ec
248436.0,3718441,python,[JIT],0x0000fa66fdb06e30
248436.0,3718535,python,[kernel.kallsyms],xas_start
248436.0,3718535,python,[JIT],0x0000eba3236210d8
248436.0,3718030,python,[JIT],0x0000f5f57c0124b0
248436.0,3718292,python,[JIT],0x0000ec3f0d987fdc
248436.0,3718292,python,[JIT],0x0000ec3f0d9b0660
248435.0,3718352,python,[JIT],0x0000f5e53d64409c
248435.0,3718352,python,[JIT],0x0000f5e53d64606c
248435.0,3718352,python,[JIT],0x0000f5e53d6460f0
248435.0,3718352,python,[JIT],0x0000f5e53d646680
248435.0,3718292,python,[JIT],0x0000ec3f0d9b051c
248435.0,3718107,python,[JIT],0x0000ede47f2e9090
248435.0,3718107,python,[JIT],0x0000ede47f2e9528
248435.0,3718107,python,[JIT],0x0000ede47f2ec100
248435.0,3718107,python,[JIT],0x0000ede47f2ed290
248435.0,3718441,python,[JIT],0x0000fa66fdb0650c
248435.0,3718292,python,[JIT],0x0000ec3f0d9864b4
248434.0,3718352,python,[JIT],0x0000f5e53d59b340
248434.0,3718352,python,[JIT],0x0000f5e53d6703e0
248434.0,3718292,python,[JIT],0x0000ec3f0d981ce8
248434.0,3718107,python,[JIT],0x0000ede47f2ed6d0
248434.0,3718107,python,[JIT],0x0000ede47f3b92c8
248434.0,3718030,python,[JIT],0x0000f5f57c040a80
248433.0,3718352,python,[JIT],0x0000f5e53d641b38
248433.0,3718292,python,[JIT],0x0000ec3f0d9860ec
248433.0,3718535,python,[JIT],0x0000eba32357c0f0
248433.0,3718535,python,[JIT],0x0000eba32357e128
248433.0,3718030,python,[JIT],0x0000f5f57c0153a8
248433.0,3718441,python,python,_PyCompactLong_Multiply
248432.0,3718107,python,[JIT],0x0000ede47f2edfe8
248432.0,3718107,python,[JIT],0x0000ede47f3b94d8
248432.0,3718441,python,[JIT],0x0000fa66fdb350b0
248432.0,3718535,python,[JIT],0x0000eba32357b0c8
248432.0,3718535,python,[JIT],0x0000eba32357b888
248432.0,3718030,python,[JIT],0x0000f5f57c012248
248432.0,3718030,python,[JIT],0x0000f5f57c012e50
248432.0,3718030,python,[JIT],0x0000f5f57c0400d4
248431.0,3718352,python,[JIT],0x0000f5e53d64154c
248431.0,3718292,python,[JIT],0x0000ec3f0d8db368
248431.0,3718292,python,[JIT],0x0000ec3f0d981774
248431.0,3718292,python,[JIT],0x0000ec3f0d981c30
248431.0,3718535,python,[JIT],0x0000eba32357b4ec
248431.0,3718535,python,[JIT],0x0000eba32357b780
248431.0,3718535,python,[JIT],0x0000eba32364c048
248431.0,3718030,python,[JIT],0x0000f5f57c016628
248431.0,3718441,python,python,_PyJIT_Entry
248430.0,3718352,python,[JIT],0x0000f5e53d646740
248430.0,3718535,python,[JIT],0x0000eba32362140c
248430.0,3718535,python,[JIT],0x0000eba32364b640
248430.0,3718030,python,[JIT],0x0000f5f57c040ae4
248430.0,3718200,python,python,PyThread_get_thread_ident
248430.0,3718200,python,[JIT],0x0000f496232da12c
248429.0,3718352,python,[JIT],0x0000f5e53d6418e4
248429.0,3718352,python,[JIT],0x0000f5e53d646438
248429.0,3718352,python,[JIT],0x0000f5e53d646a30
248429.0,3718352,python,[JIT],0x0000f5e53d646d38
248429.0,3718441,python,[JIT],0x0000fa66fdb022e8
248429.0,3718535,python,[JIT],0x0000eba3236223d4
248428.0,3718352,python,python,_Py_Specialize_BinaryOp
248428.0,3718352,python,[JIT],0x0000f5e53d646828
248428.0,3718292,python,[JIT],0x0000ec3f0d982240
248428.0,3718292,python,[JIT],0x0000ec3f0d9842a4
248428.0,3718441,python,[JIT],0x0000fa66fda5dfa8
248428.0,3718441,python,[JIT],0x0000fa66fdb07440
248428.0,3718535,python,[JIT],0x0000eba32357bfc8
248428.0,3718535,python,[JIT],0x0000eba3236217c8
248428.0,3718441,python,python,PyObject_Malloc
248428.0,3718441,python,[kernel.kallsyms],handle_pte_fault
248427.0,3718352,python,[JIT],0x0000f5e53d646348
248427.0,3718352,python,[JIT],0x0000f5e53d670558
248427.0,3718107,python,[JIT],0x0000ede47f2e9b80
248427.0,3718107,python,[JIT],0x0000ede47f2ec254
248427.0,3718107,python,[JIT],0x0000ede47f2ed10c
248427.0,3718107,python,[JIT],0x0000ede47f2ed76c
248427.0,3718535,python,[kernel.kallsyms],__rcu_read_lock
248427.0,3718030,python,[JIT],0x0000f5f57c0117e8
248427.0,3718030,python,[JIT],0x0000f5f57c017060
248427.0,3718200,python,[JIT],0x0000f496232da744
248426.0,3718352,python,[JIT],0x0000f5e53d646878
248426.0,3718107,python,[JIT],0x0000ede47f2ed56c
248426.0,3718107,python,[JIT],0x0000ede47f2ed74c
248426.0,3718535,python,[kernel.kallsyms],pipe_write
248426.0,3718030,python,[JIT],0x0000f5f57bf6c2d0
248426.0,3718030,python,[JIT],0x0000f5f57c012130
248425.0,3718352,python,[kernel.kallsyms],__rcu_read_lock
248425.0,3718352,python,[JIT],0x0000f5e53d641244
248425.0,3718352,python,[JIT],0x0000f5e53d64172c
248425.0,3718352,python,[JIT],0x0000f5e53d641c2c
248425.0,3718292,python,[JIT],0x0000ec3f0d9815e4
248425.0,3718107,python,[JIT],0x0000ede47f2e41c0
248425.0,3718107,python,[JIT],0x0000ede47f2ed6c4
248425.0,3718441,python,[JIT],0x0000fa66fdb06d94
248425.0,3718535,python,[JIT],0x0000eba32357e094
248425.0,3718535,python,[JIT],0x0000eba323621f84
248425.0,3718030,python,[kernel.kallsyms],do_notify_resume
248425.0,3718030,python,[JIT],0x0000f5f57c0160d0
248425.0,3718292,python,[JIT],0x0000ec3f0d9b1380
248424.0,3718352,python,python,PyLong_AsSsize_t
248424.0,3718352,python,[JIT],0x0000f5e53d64110c
248424.0,3718352,python,[JIT],0x0000f5e53d6467e0
248424.0,3718292,python,[JIT],0x0000ec3f0d98673c
248424.0,3718107,python,[JIT],0x0000ede47f2ed3f4
248424.0,3718107,python,[JIT],0x0000ede47f2ed638
248424.0,3718441,python,[kernel.kallsyms],do_notify_resume
248424.0,3718441,python,[JIT],0x0000fa66fdb35058
248424.0,3718441,python,[JIT],0x0000fa66fdb35b1c
248424.0,3718535,python,[JIT],0x0000eba3236212d4
248424.0,3718107,python,python,PyThread_get_thread_ident
248424.0,3718292,python,[JIT],0x0000ec3f0d9862f0
248424.0,3718441,python,python,_Py_IsMainThread
248423.0,3718292,python,[JIT],0x0000ec3f0d9817c8
248423.0,3718292,python,[JIT],0x0000ec3f0d98621c
248423.0,3718292,python,[JIT],0x0000ec3f0d986748
248423.0,3718107,python,[kernel.kallsyms],__rcu_read_lock
248423.0,3718107,python,[JIT],0x0000ede47f2e1c58
248423.0,3718107,python,[JIT],0x0000ede47f2e1ebc
248423.0,3718107,python,[JIT],0x0000ede47f2edc90
248423.0,3718441,python,[JIT],0x0000fa66fdb36478
248423.0,3718535,python,[JIT],0x0000eba3236217fc
248422.0,3718352,python,[JIT],0x0000f5e53d59c208
248422.0,3718352,python,[JIT],0x0000f5e53d641530
248422.0,3718352,python,[JIT],0x0000f5e53d646808
248422.0,3718107,python,[JIT],0x0000ede47f3b951c
248422.0,3718441,python,[JIT],0x0000fa66fdb06664
248422.0,3718030,python,[JIT],0x0000f5f57c012b80
248421.0,3718352,python,[JIT],0x0000f5e53d6420e8
248421.0,3718352,python,[JIT],0x0000f5e53d64619c
248421.0,3718107,python,[JIT],0x0000ede47f2e449c
248421.0,3718107,python,[JIT],0x0000ede47f2e9394
248421.0,3718107,python,[JIT],0x0000ede47f2e9fd8
248421.0,3718441,python,[kernel.kallsyms],__memcg_slab_post_alloc_hook
248421.0,3718441,python,[JIT],0x0000fa66fdb0719c
248421.0,3718535,python,python,count_next
248421.0,3718535,python,[JIT],0x0000eba32357be4c
248421.0,3718535,python,[JIT],0x0000eba32364bd94
248421.0,3718030,python,[JIT],0x0000f5f57c012284
248421.0,3718441,python,python,_PyRunRemoteDebugger
248420.0,3718352,python,[JIT],0x0000f5e53d646f98
248420.0,3718352,python,[JIT],0x0000f5e53d6470b0
248420.0,3718107,python,python,list_dealloc
248420.0,3718535,python,[JIT],0x0000eba32364b580
248420.0,3718030,python,[JIT],0x0000f5f57bf69698
248420.0,3718030,python,[JIT],0x0000f5f57c0166e0
248420.0,3718200,python,python,long_alloc
248419.0,3718107,python,[JIT],0x0000ede47f2e17e4
248419.0,3718107,python,[JIT],0x0000ede47f2ec108
248419.0,3718535,python,[JIT],0x0000eba32357bb2c
248419.0,3718107,python,python,_Py_NewReference
248418.0,3718352,python,[JIT],0x0000f5e53d6462d0
248418.0,3718352,python,[JIT],0x0000f5e53d646758
248418.0,3718352,python,[JIT],0x0000f5e53d6702f8
248418.0,3718292,python,[JIT],0x0000ec3f0d982390
248418.0,3718107,python,[JIT],0x0000ede47f2ed7ec
248418.0,3718441,python,[JIT],0x0000fa66fdb0207c
248418.0,3718441,python,[JIT],0x0000fa66fdb09054
248418.0,3718441,python,[JIT],0x0000fa66fdb0b798
248418.0,3718107,python,[JIT],0x0000ede47f3bb3cc
248418.0,3718030,python,[JIT],0x0000f5f57c013eb0
248417.0,3718352,python,[JIT],0x0000f5e53d641120
248417.0,3718292,python,[JIT],0x0000ec3f0d986794
248417.0,3718107,python,[JIT],0x0000ede47f2e4180
248417.0,3718107,python,[JIT],0x0000ede47f2ec030
248417.0,3718107,python,[JIT],0x0000ede47f2edc2c
248417.0,3718535,python,[JIT],0x0000eba323573254
248417.0,3718030,python,[JIT],0x0000f5f57c0125c0
248417.0,3718441,python,python,_PyEval_Vector
248416.0,3718352,python,[JIT],0x0000f5e53d646298
248416.0,3718441,python,[JIT],0x0000fa66fdb3516c
248416.0,3718535,python,[JIT],0x0000eba32357e2b0
248416.0,3718107,python,python,islice_next
248416.0,3718030,python,[JIT],0x0000f5f57c0127bc
248416.0,3718441,python,[kernel.kallsyms],mas_parent_type
248416.0,3718441,python,[JIT],0x0000fa66fdb350d0
248416.0,3718200,python,python,_PyRunRemoteDebugger
248415.0,3718352,python,[JIT],0x0000f5e53d641498
248415.0,3718292,python,[JIT],0x0000ec3f0d8d8fa8
248415.0,3718292,python,[JIT],0x0000ec3f0d981c28
248415.0,3718107,python,[JIT],0x0000ede47f2e9510
248415.0,3718441,python,[JIT],0x0000fa66fdb02128
248415.0,3718535,python,[JIT],0x0000eba323573108
248415.0,3718535,python,[JIT],0x0000eba32362128c
248415.0,3718352,python,[kernel.kallsyms],_raw_spin_unlock_irqrestore
248414.0,3718352,python,[JIT],0x0000f5e53d6413ac
248414.0,3718352,python,[JIT],0x0000f5e53d64644c
248414.0,3718292,python,[JIT],0x0000ec3f0d8dc1e8
248414.0,3718292,python,[JIT],0x0000ec3f0d98624c
248414.0,3718107,python,[JIT],0x0000ede47f3b9168
248414.0,3718535,python,python,pthread_self@plt
248414.0,3718535,python,[JIT],0x0000eba323621264
248414.0,3718030,python,python,memset@plt
248414.0,3718030,python,[JIT],0x0000f5f57bf69b70
248414.0,3718030,python,[JIT],0x0000f5f57c0117c8
248414.0,3718030,python,[JIT],0x0000f5f57c01271c
248414.0,3718030,python,[JIT],0x0000f5f57c016684
248413.0,3718352,python,[JIT],0x0000f5e53d641910
248413.0,3718352,python,[JIT],0x0000f5e53d647254
248413.0,3718441,python,[JIT],0x0000fa66fdb015d0
248413.0,3718535,python,[JIT],0x0000eba3236224e0
248413.0,3718030,python,[JIT],0x0000f5f57c0122b8
248413.0,3718030,python,[JIT],0x0000f5f57c0166f4
248413.0,3718030,python,[JIT],0x0000f5f57c0416f8
248413.0,3718200,python,python,long_div
248412.0,3718352,python,[JIT],0x0000f5e53d5983c4
248412.0,3718352,python,[JIT],0x0000f5e53d646c3c
248412.0,3718107,python,[JIT],0x0000ede47f2e434c
248412.0,3718107,python,[JIT],0x0000ede47f2e9fc8
248412.0,3718535,python,[JIT],0x0000eba323621814
248411.0,3718352,python,[kernel.kallsyms],__flush_tlb_range
248411.0,3718352,python,[JIT],0x0000f5e53d67062c
248411.0,3718292,python,[JIT],0x0000ec3f0d986b40
248411.0,3718107,python,[JIT],0x0000ede47f2ed1f4
248411.0,3718107,python,[JIT],0x0000ede47f2edfe0
248411.0,3718441,python,[JIT],0x0000fa66fdb06f0c
248411.0,3718441,python,[JIT],0x0000fa66fdb091a4
248411.0,3718441,python,[JIT],0x0000fa66fdb0b6e0
248411.0,3718441,python,[JIT],0x0000fa66fdb3585c
248411.0,3718535,python,[JIT],0x0000eba32357664c
248411.0,3718030,python,[JIT],0x0000f5f57c012c54
248410.0,3718441,python,[JIT],0x0000fa66fdb013e0
248410.0,3718441,python,[JIT],0x0000fa66fdb062c0
248410.0,3718441,python,[JIT],0x0000fa66fdb0be38
248410.0,3718535,python,[JIT],0x0000eba323573b64
248410.0,3718535,python,[JIT],0x0000eba323621094
248410.0,3718030,python,[JIT],0x0000f5f57c012034
248410.0,3718292,python,[JIT],0x0000ec3f0d9b1624
248409.0,3718292,python,[JIT],0x0000ec3f0d9842cc
248409.0,3718441,python,[JIT],0x0000fa66fdb010ac
248409.0,3718441,python,[JIT],0x0000fa66fdb072e8
248409.0,3718441,python,[JIT],0x0000fa66fdb350cc
248409.0,3718535,python,[JIT],0x0000eba323622328
248408.0,3718292,python,python,_PyFunction_Vectorcall
248408.0,3718292,python,[JIT],0x0000ec3f0d982358
248408.0,3718441,python,[JIT],0x0000fa66fda5dd84
248408.0,3718441,python,[JIT],0x0000fa66fdb0b22c
248408.0,3718535,python,[JIT],0x0000eba3236210a4
248408.0,3718535,python,[JIT],0x0000eba32364c3bc
248408.0,3718030,python,[JIT],0x0000f5f57c01134c
248408.0,3718030,python,[JIT],0x0000f5f57c01702c
248407.0,3718292,python,[JIT],0x0000ec3f0d8db03c
248407.0,3718107,python,[JIT],0x0000ede47f2e9384
248407.0,3718107,python,[JIT],0x0000ede47f2e964c
248407.0,3718107,python,[JIT],0x0000ede47f2ec218
248407.0,3718107,python,[JIT],0x0000ede47f2ede04
248407.0,3718441,python,[JIT],0x0000fa66fdb0b4fc
248407.0,3718441,python,[JIT],0x0000fa66fdb0bf34
248407.0,3718441,python,[JIT],0x0000fa66fdb35c98
248407.0,3718535,python,[JIT],0x0000eba323577334
248407.0,3718535,python,[JIT],0x0000eba32357bb8c
248407.0,3718535,python,[JIT],0x0000eba32364b5e4
248406.0,3718352,python,[JIT],0x0000f5e53d641e98
248406.0,3718107,python,[JIT],0x0000ede47f2e5800
248406.0,3718107,python,[JIT],0x0000ede47f2ec29c
248406.0,3718441,python,[JIT],0x0000fa66fdb0664c
248406.0,3718441,python,[JIT],0x0000fa66fdb06e18
248406.0,3718441,python,[JIT],0x0000fa66fdb0b670
248406.0,3718535,python,[JIT],0x0000eba32357e110
248405.0,3718535,python,python,_PyErr_CheckSignalsTstate
248405.0,3718352,python,[JIT],0x0000f5e53d6417d4
248405.0,3718352,python,[JIT],0x0000f5e53d646cf8
248405.0,3718107,python,[JIT],0x0000ede47f2e52bc
248405.0,3718107,python,[JIT],0x0000ede47f2ed794
248405.0,3718441,python,[JIT],0x0000fa66fdb09290
248405.0,3718441,python,[JIT],0x0000fa66fdb0b530
248405.0,3718441,python,[JIT],0x0000fa66fdb3609c
248405.0,3718535,python,[JIT],0x0000eba3236214dc
248405.0,3718200,python,python,tuple_dealloc
248404.0,3718292,python,[JIT],0x0000ec3f0d98220c
248404.0,3718292,python,[JIT],0x0000ec3f0d9873c8
248404.0,3718441,python,[JIT],0x0000fa66fdb072c4
248404.0,3718030,python,[JIT],0x0000f5f57c012e8c
248403.0,3718352,python,[JIT],0x0000f5e53d641b3c
248403.0,3718352,python,[JIT],0x0000f5e53d641f18
248403.0,3718352,python,[JIT],0x0000f5e53d6467a0
248403.0,3718292,python,[JIT],0x0000ec3f0d986680
248403.0,3718292,python,[JIT],0x0000ec3f0d986828
248403.0,3718292,python,[JIT],0x0000ec3f0d9b05c4
248403.0,3718441,python,[kernel.kallsyms],_raw_spin_unlock_irqrestore
248403.0,3718535,python,[JIT],0x0000eba32357603c
248403.0,3718535,python,[JIT],0x0000eba3235771bc
248403.0,3718030,python,[JIT],0x0000f5f57c016c4c
248402.0,3718352,python,[JIT],0x0000f5e53d646664
248402.0,3718292,python,[JIT],0x0000ec3f0d98627c
248402.0,3718292,python,[JIT],0x0000ec3f0d9866f4
248402.0,3718107,python,[JIT],0x0000ede47f2e407c
248402.0,3718107,python,[JIT],0x0000ede47f2ec1a0
248402.0,3718107,python,python,_PyCompactLong_Multiply
248402.0,3718292,python,python,map_next
248401.0,3718352,python,[JIT],0x0000f5e53d642390
248401.0,3718292,python,[JIT],0x0000ec3f0d986ecc
248401.0,3718107,python,[JIT],0x0000ede47f2e4368
248401.0,3718441,python,[JIT],0x0000fa66fdb06bd8
248401.0,3718441,python,[JIT],0x0000fa66fdb06d90
248401.0,3718441,python,[JIT],0x0000fa66fdb071fc
248401.0,3718441,python,[JIT],0x0000fa66fdb0b6a8
248401.0,3718030,python,[JIT],0x0000f5f57bf6c0f8
248401.0,3718030,python,[JIT],0x0000f5f57c0120bc
248401.0,3718030,python,[JIT],0x0000f5f57c013338
248400.0,3718352,python,[JIT],0x0000f5e53d644328
248400.0,3718292,python,[JIT],0x0000ec3f0d981f38
248400.0,3718107,python,[JIT],0x0000ede47f2e4790
248400.0,3718441,python,[JIT],0x0000fa66fdb01708
248400.0,3718441,python,[JIT],0x0000fa66fdb0bbbc
248400.0,3718030,python,python,optimize_uops.isra.0
248400.0,3718441,python,[JIT],0x0000fa66fdb36024
248399.0,3718352,python,[JIT],0x0000f5e53d641f60
248399.0,3718107,python,[JIT],0x0000ede47f2ed2b4
248399.0,3718441,python,[JIT],0x0000fa66fdb06f20
248399.0,3718441,python,[JIT],0x0000fa66fdb0c9a0
248399.0,3718107,python,python,long_divrem
248399.0,3718030,python,[JIT],0x0000f5f57c012120
248398.0,3718441,python,[JIT],0x0000fa66fdb06110
248398.0,3718441,python,[JIT],0x0000fa66fdb064bc
248398.0,3718441,python,[JIT],0x0000fa66fdb06594
248398.0,3718535,python,[JIT],0x0000eba32357b2c0
248398.0,3718030,python,python,unicode_dealloc
248398.0,3718030,python,[JIT],0x0000f5f57c040600
248397.0,3718292,python,[JIT],0x0000ec3f0d8db2b4
248397.0,3718292,python,[JIT],0x0000ec3f0d981544
248397.0,3718441,python,[JIT],0x0000fa66fdb06dcc
248397.0,3718535,python,[JIT],0x0000eba32362106c
248396.0,3718292,python,[JIT],0x0000ec3f0d981c54
248396.0,3718107,python,[JIT],0x0000ede47f2e90fc
248396.0,3718441,python,[JIT],0x0000fa66fdb06da0
248396.0,3718030,python,[JIT],0x0000f5f57c01241c
248396.0,3718030,python,[JIT],0x0000f5f57c0173cc
248395.0,3718535,python,python,_Py_IsMainThread
248395.0,3718292,python,[JIT],0x0000ec3f0d986694
248395.0,3718107,python,[JIT],0x0000ede47f2ed748
248395.0,3718107,python,python,maybe_small_long
248395.0,3718030,python,[JIT],0x0000f5f57c01628c
248395.0,3718030,python,[JIT],0x0000f5f57c0411b4
248394.0,3718352,python,[JIT],0x0000f5e53d59b140
248394.0,3718352,python,[JIT],0x0000f5e53d6700b0
248394.0,3718292,python,[JIT],0x0000ec3f0d981484
248394.0,3718292,python,[JIT],0x0000ec3f0d9816f8
248394.0,3718292,python,[JIT],0x0000ec3f0d986dc4
248394.0,3718030,python,[JIT],0x0000f5f57c016894
248394.0,3718441,python,python,PyNumber_Add
248393.0,3718352,python,[JIT],0x0000f5e53d646e00
248393.0,3718292,python,[JIT],0x0000ec3f0d9812bc
248393.0,3718292,python,[JIT],0x0000ec3f0d981490
248393.0,3718292,python,[JIT],0x0000ec3f0d9b0d24
248393.0,3718107,python,[JIT],0x0000ede47f2ee0ac
248393.0,3718441,python,[JIT],0x0000fa66fda5d650
248393.0,3718441,python,[JIT],0x0000fa66fdb06dac
248393.0,3718030,python,[JIT],0x0000f5f57c012c68
248393.0,3718030,python,[JIT],0x0000f5f57c016600
248392.0,3718292,python,[JIT],0x0000ec3f0d981144
248392.0,3718292,python,[JIT],0x0000ec3f0d9816bc
248392.0,3718292,python,[JIT],0x0000ec3f0d981894
248392.0,3718292,python,[JIT],0x0000ec3f0d981c44
248392.0,3718107,python,[JIT],0x0000ede47f3b976c
248392.0,3718107,python,[JIT],0x0000ede47f2ed410
248392.0,3718030,python,[JIT],0x0000f5f57c0130b4
248392.0,3718030,python,[JIT],0x0000f5f57c016244
248392.0,3718030,python,[JIT],0x0000f5f57c016678
248391.0,3718352,python,[JIT],0x0000f5e53d642138
248391.0,3718352,python,[JIT],0x0000f5e53d646198
248391.0,3718292,python,[JIT],0x0000ec3f0d98687c
248391.0,3718107,python,[JIT],0x0000ede47f2ed880
248391.0,3718441,python,[JIT],0x0000fa66fdb0c00c
248391.0,3718030,python,[JIT],0x0000f5f57c016700
248390.0,3718292,python,[JIT],0x0000ec3f0d98677c
248390.0,3718292,python,[JIT],0x0000ec3f0d9867c8
248390.0,3718292,python,[JIT],0x0000ec3f0d9b00c0
248390.0,3718441,python,[JIT],0x0000fa66fdb0139c
248390.0,3718441,python,[JIT],0x0000fa66fdb061a4
248390.0,3718441,python,[JIT],0x0000fa66fdb067d0
248390.0,3718441,python,[JIT],0x0000fa66fdb0b794
248390.0,3718535,python,[JIT],0x0000eba32357681c
248390.0,3718107,python,[JIT],0x0000ede47f2ed470
248390.0,3718030,python,[JIT],0x0000f5f57c01330c
248390.0,3718030,python,[JIT],0x0000f5f57c013418
248390.0,3718030,python,[JIT],0x0000f5f57c01503c
248390.0,3718030,python,[JIT],0x0000f5f57c0164fc
248389.0,3718352,python,[JIT],0x0000f5e53d646710
248389.0,3718292,python,[JIT],0x0000ec3f0d982040
248389.0,3718107,python,[JIT],0x0000ede47f2e1f3c
248389.0,3718107,python,[JIT],0x0000ede47f2e513c
248389.0,3718441,python,[JIT],0x0000fa66fdb06df4
248389.0,3718030,python,[JIT],0x0000f5f57bf69730
248389.0,3718030,python,[JIT],0x0000f5f57c013070
248389.0,3718030,python,[JIT],0x0000f5f57c016140
248389.0,3718030,python,[JIT],0x0000f5f57c040ec0
248388.0,3718352,python,[JIT],0x0000f5e53d59b718
248388.0,3718292,python,[JIT],0x0000ec3f0d8db1e4
248388.0,3718292,python,[JIT],0x0000ec3f0d9b1000
248388.0,3718107,python,[JIT],0x0000ede47f2ed1d4
248388.0,3718441,python,[JIT],0x0000fa66fdb011f4
248388.0,3718441,python,[JIT],0x0000fa66fdb012c8
248388.0,3718441,python,[JIT],0x0000fa66fdb07308
248388.0,3718441,python,[JIT],0x0000fa66fdb0910c
248387.0,3718535,python,[JIT],0x0000eba323621818
248387.0,3718292,python,[JIT],0x0000ec3f0d8db610
248387.0,3718292,python,[JIT],0x0000ec3f0d9815c8
248387.0,3718292,python,[JIT],0x0000ec3f0d986008
248387.0,3718107,python,[JIT],0x0000ede47f2e96fc
248387.0,3718107,python,[JIT],0x0000ede47f2ed888
248387.0,3718441,python,[JIT],0x0000fa66fdb070c4
248387.0,3718535,python,[JIT],0x0000eba32357b25c
248387.0,3718535,python,[JIT],0x0000eba32357b530
248387.0,3718535,python,[JIT],0x0000eba32364bfe0
248387.0,3718352,python,python,_PyJit_translate_single_bytecode_to_trace
248386.0,3718107,python,[JIT],0x0000ede47f2ed894
248386.0,3718441,python,[JIT],0x0000fa66fdb0b608
248386.0,3718441,python,[JIT],0x0000fa66fdb0b930
248386.0,3718030,python,[JIT],0x0000f5f57c01100c
248385.0,3718535,python,[JIT],0x0000eba3236223e0
248385.0,3718292,python,[JIT],0x0000ec3f0d8db3d8
248385.0,3718292,python,[JIT],0x0000ec3f0d9841a0
248385.0,3718107,python,[JIT],0x0000ede47f2e5338
248385.0,3718441,python,[JIT],0x0000fa66fdb36794
248385.0,3718352,python,python,_Py_IsMainThread
248385.0,3718030,python,[JIT],0x0000f5f57c01348c
248385.0,3718030,python,[JIT],0x0000f5f57c016538
248384.0,3718352,python,[JIT],0x0000f5e53d6703bc
248384.0,3718441,python,[JIT],0x0000fa66fdb015bc
248384.0,3718441,python,[JIT],0x0000fa66fdb06f64
248384.0,3718030,python,[JIT],0x0000f5f57c016710
248384.0,3718030,python,[JIT],0x0000f5f57c016ccc
248383.0,3718352,python,[JIT],0x0000f5e53d64155c
248383.0,3718292,python,[JIT],0x0000ec3f0d981498
248383.0,3718292,python,[JIT],0x0000ec3f0d981d2c
248383.0,3718292,python,[JIT],0x0000ec3f0d984398
248383.0,3718107,python,[JIT],0x0000ede47f2e9ce8
248383.0,3718441,python,python,builtin_next
248383.0,3718441,python,[JIT],0x0000fa66fdb0b3a0
248383.0,3718535,python,[JIT],0x0000eba32357b3b4
248383.0,3718535,python,[JIT],0x0000eba32364b340
248383.0,3718030,python,[JIT],0x0000f5f57c040d20
248382.0,3718535,python,[JIT],0x0000eba3236215fc
248382.0,3718292,python,[JIT],0x0000ec3f0d981038
248382.0,3718441,python,[JIT],0x0000fa66fdb0bd18
248382.0,3718441,python,[JIT],0x0000fa66fdb35ef0
248382.0,3718441,python,[JIT],0x0000fa66fdb3736c
248382.0,3718030,python,[JIT],0x0000f5f57c0122bc
248381.0,3718352,python,[JIT],0x0000f5e53d6412dc
248381.0,3718352,python,[JIT],0x0000f5e53d6414a0
248381.0,3718352,python,[JIT],0x0000f5e53d646540
248381.0,3718352,python,[JIT],0x0000f5e53d6704d8
248381.0,3718292,python,[JIT],0x0000ec3f0d981388
248381.0,3718292,python,[JIT],0x0000ec3f0d9820c0
248381.0,3718292,python,[JIT],0x0000ec3f0d9879a8
248381.0,3718441,python,[JIT],0x0000fa66fdb070c8
248381.0,3718441,python,[JIT],0x0000fa66fdb0b46c
248381.0,3718441,python,[JIT],0x0000fa66fdb0b4dc
248381.0,3718352,python,[JIT],0x0000f5e53d6700c4
248380.0,3718292,python,[JIT],0x0000ec3f0d9862ec
248380.0,3718107,python,[JIT],0x0000ede47f3b92c0
248380.0,3718030,python,[JIT],0x0000f5f57c012290
248380.0,3718030,python,[JIT],0x0000f5f57c016888
248380.0,3718200,python,python,map_next
248379.0,3718292,python,[JIT],0x0000ec3f0d981660
248379.0,3718107,python,[JIT],0x0000ede47f2e1ee0
248379.0,3718441,python,[JIT],0x0000fa66fdb01574
248379.0,3718441,python,[JIT],0x0000fa66fdb3600c
248379.0,3718535,python,[JIT],0x0000eba32357bd64
248379.0,3718292,python,[JIT],0x0000ec3f0d9b236c
248378.0,3718292,python,[JIT],0x0000ec3f0d9865e4
248378.0,3718441,python,[JIT],0x0000fa66fdb011f8
248378.0,3718441,python,[JIT],0x0000fa66fdb07044
248378.0,3718441,python,[JIT],0x0000fa66fdb0b3cc
248378.0,3718535,python,[JIT],0x0000eba323573604
248377.0,3718352,python,[JIT],0x0000f5e53d59b0e8
248377.0,3718352,python,[JIT],0x0000f5e53d6703c0
248377.0,3718107,python,[JIT],0x0000ede47f2e43c0
248377.0,3718441,python,[JIT],0x0000fa66fdb066f8
248377.0,3718441,python,[JIT],0x0000fa66fdb09368
248377.0,3718441,python,[JIT],0x0000fa66fdb0b428
248377.0,3718441,python,[JIT],0x0000fa66fdb0b4b4
248377.0,3718535,python,[JIT],0x0000eba32357e060
248377.0,3718030,python,[JIT],0x0000f5f57c012ae8
248377.0,3718030,python,[JIT],0x0000f5f57c012bc0
248377.0,3718292,python,[JIT],0x0000ec3f0d9b0370
248377.0,3718200,python,[kernel.kallsyms],mem_cgroup_commit_charge
248376.0,3718292,python,[JIT],0x0000ec3f0d981b20
248376.0,3718441,python,[JIT],0x0000fa66fdb0b244
248376.0,3718441,python,[JIT],0x0000fa66fdb0c40c
248376.0,3718030,python,[JIT],0x0000f5f57c013180
248376.0,3718030,python,[JIT],0x0000f5f57c013334
248375.0,3718352,python,[JIT],0x0000f5e53d670304
248375.0,3718292,python,python,emit__POP_TOP_INT_r10
248375.0,3718292,python,[JIT],0x0000ec3f0d8d91bc
248375.0,3718292,python,[JIT],0x0000ec3f0d9872f0
248375.0,3718107,python,[JIT],0x0000ede47f2e9804
248375.0,3718441,python,[JIT],0x0000fa66fda5d5d0
248375.0,3718441,python,[JIT],0x0000fa66fdb06678
248375.0,3718441,python,[JIT],0x0000fa66fdb069ec
248375.0,3718441,python,[JIT],0x0000fa66fdb09150
248375.0,3718441,python,[JIT],0x0000fa66fdb3541c
248375.0,3718535,python,[JIT],0x0000eba32357b348
248375.0,3718535,python,[JIT],0x0000eba3236211fc
248375.0,3718535,python,[JIT],0x0000eba32364b604
248375.0,3718030,python,python,_PyLong_ExactDealloc
248375.0,3718030,python,[JIT],0x0000f5f57c0405e4
248374.0,3718352,python,[JIT],0x0000f5e53d641924
248374.0,3718107,python,[JIT],0x0000ede47f2ed738
248374.0,3718441,python,[JIT],0x0000fa66fdb35f60
248374.0,3718107,python,[JIT],0x0000ede47f3ba45c
248373.0,3718352,python,[JIT],0x0000f5e53d6412c0
248373.0,3718352,python,[JIT],0x0000f5e53d642084
248373.0,3718292,python,[JIT],0x0000ec3f0d8db1fc
248373.0,3718107,python,[JIT],0x0000ede47f2ed2d4
248373.0,3718441,python,[JIT],0x0000fa66fdb070e8
248373.0,3718441,python,[JIT],0x0000fa66fdb0b680
248373.0,3718441,python,[JIT],0x0000fa66fdb0b79c
248373.0,3718441,python,[JIT],0x0000fa66fdb352c0
248373.0,3718352,python,python,_PyJIT_Entry
248373.0,3718352,python,[JIT],0x0000f5e53d646444
248373.0,3718030,python,[JIT],0x0000f5f57c012b1c
248373.0,3718030,python,[JIT],0x0000f5f57c0151f4
248373.0,3718030,python,[JIT],0x0000f5f57c0400cc
248373.0,3718200,python,[JIT],0x0000f496232db13c
248372.0,3718107,python,[JIT],0x0000ede47f2e105c
248372.0,3718535,python,[JIT],0x0000eba323621560
248372.0,3718030,python,[JIT],0x0000f5f57bf69a44
248372.0,3718030,python,[JIT],0x0000f5f57c012390
248372.0,3718030,python,[JIT],0x0000f5f57c012814
248372.0,3718030,python,[JIT],0x0000f5f57c040340
248371.0,3718535,python,python,long_mul_method
248371.0,3718441,python,[JIT],0x0000fa66fdb016b8
248371.0,3718441,python,[JIT],0x0000fa66fdb0b77c
248371.0,3718535,python,[JIT],0x0000eba323621204
248371.0,3718107,python,[JIT],0x0000ede47f2ed4b0
248371.0,3718030,python,[JIT],0x0000f5f57c013020
248371.0,3718292,python,[JIT],0x0000ec3f0d987270
248371.0,3718200,python,[JIT],0x0000f496232da8ec
248370.0,3718352,python,[JIT],0x0000f5e53d59b4bc
248370.0,3718352,python,[JIT],0x0000f5e53d59c370
248370.0,3718352,python,[JIT],0x0000f5e53d6411a0
248370.0,3718352,python,[JIT],0x0000f5e53d64136c
248370.0,3718292,python,[JIT],0x0000ec3f0d982120
248370.0,3718107,python,[JIT],0x0000ede47f3b9358
248370.0,3718535,python,[JIT],0x0000eba323621b18
248370.0,3718030,python,[JIT],0x0000f5f57c012270
248370.0,3718030,python,[JIT],0x0000f5f57c016b3c
248369.0,3718352,python,[JIT],0x0000f5e53d646258
248369.0,3718107,python,[JIT],0x0000ede47f2e5154
248369.0,3718535,python,libc.so.6,_int_realloc
248369.0,3718535,python,[JIT],0x0000eba32357c494
248369.0,3718030,python,[JIT],0x0000f5f57c012038
248369.0,3718200,python,[JIT],0x0000f4962320e9a8
248368.0,3718352,python,[JIT],0x0000f5e53d641b6c
248368.0,3718292,python,[JIT],0x0000ec3f0d981740
248368.0,3718107,python,[JIT],0x0000ede47f2e4084
248368.0,3718107,python,[JIT],0x0000ede47f2ea494
248368.0,3718107,python,[JIT],0x0000ede47f2edbf0
248368.0,3718535,python,[JIT],0x0000eba323573238
248368.0,3718535,python,[JIT],0x0000eba32357b5b4
248368.0,3718030,python,[JIT],0x0000f5f57c011714
248368.0,3718030,python,[JIT],0x0000f5f57c01670c
248367.0,3718352,python,[JIT],0x0000f5e53d64151c
248367.0,3718107,python,[JIT],0x0000ede47f2e9b38
248367.0,3718441,python,[JIT],0x0000fa66fdb0b1fc
248367.0,3718441,python,[JIT],0x0000fa66fdb0bb68
248367.0,3718441,python,[JIT],0x0000fa66fdb0bbcc
248367.0,3718441,python,[JIT],0x0000fa66fdb0c3d4
248367.0,3718441,python,[JIT],0x0000fa66fdb35054
248367.0,3718535,python,python,_PyFunction_Vectorcall
248367.0,3718535,python,[JIT],0x0000eba32357bf24
248367.0,3718535,python,[JIT],0x0000eba32362105c
248367.0,3718535,python,[JIT],0x0000eba323622264
248367.0,3718107,python,python,_PyMem_RawMalloc
248366.0,3718352,python,[JIT],0x0000f5e53d59b050
248366.0,3718352,python,[JIT],0x0000f5e53d6462e0
248366.0,3718107,python,[JIT],0x0000ede47f2ea3c4
248366.0,3718107,python,[JIT],0x0000ede47f2eda80
248366.0,3718030,python,[JIT],0x0000f5f57bf6c16c
248366.0,3718030,python,[JIT],0x0000f5f57c012dd0
248365.0,3718107,python,[JIT],0x0000ede47f2e9334
248365.0,3718107,python,[JIT],0x0000ede47f2e9f14
248365.0,3718107,python,[JIT],0x0000ede47f2ea33c
248365.0,3718107,python,[JIT],0x0000ede47f2ed3c0
248364.0,3718352,python,[JIT],0x0000f5e53d59c034
248364.0,3718352,python,[JIT],0x0000f5e53d641048
248364.0,3718352,python,[JIT],0x0000f5e53d641bf0
248364.0,3718292,python,[JIT],0x0000ec3f0d981948
248364.0,3718441,python,[JIT],0x0000fa66fdb0c558
248364.0,3718535,python,[JIT],0x0000eba32357b394
248364.0,3718535,python,[JIT],0x0000eba32357c36c
248364.0,3718030,python,[JIT],0x0000f5f57c013450
248364.0,3718030,python,[JIT],0x0000f5f57c01504c
248364.0,3718200,python,[JIT],0x0000f496232da774
248363.0,3718352,python,[JIT],0x0000f5e53d646190
248363.0,3718352,python,[JIT],0x0000f5e53d6700b8
248363.0,3718292,python,[JIT],0x0000ec3f0d981788
248363.0,3718292,python,[JIT],0x0000ec3f0d981ed8
248363.0,3718107,python,[JIT],0x0000ede47f2e4884
248363.0,3718441,python,[JIT],0x0000fa66fdb0638c
248363.0,3718441,python,[JIT],0x0000fa66fdb06478
248363.0,3718535,python,[JIT],0x0000eba323621368
248362.0,3718352,python,[JIT],0x0000f5e53d646ef0
248362.0,3718441,python,[JIT],0x0000fa66fdb013c8
248362.0,3718441,python,[JIT],0x0000fa66fdb0b1d8
248362.0,3718535,python,[JIT],0x0000eba32357b0d0
248362.0,3718535,python,[JIT],0x0000eba32364bc88
248361.0,3718107,python,[kernel.kallsyms],ima_file_mprotect
248361.0,3718535,python,[JIT],0x0000eba323576698
248361.0,3718535,python,[JIT],0x0000eba323621c50
248361.0,3718030,python,[JIT],0x0000f5f57c0161e8
248361.0,3718200,python,[JIT],0x0000f496232da0b4
248360.0,3718352,python,[JIT],0x0000f5e53d642244
248360.0,3718107,python,[JIT],0x0000ede47f2e4858
248360.0,3718030,python,[JIT],0x0000f5f57c016698
248360.0,3718030,python,[JIT],0x0000f5f57c016d9c
248360.0,3718030,python,[JIT],0x0000f5f57c040918
248360.0,3718441,python,python,_PyLong_ExactDealloc
248359.0,3718107,python,[JIT],0x0000ede47f2eae70
248359.0,3718107,python,[JIT],0x0000ede47f2ed4a0
248359.0,3718107,python,libc.so.6,__strlen_asimd
248359.0,3718030,python,[JIT],0x0000f5f57c016a1c
248359.0,3718030,python,[JIT],0x0000f5f57c041680
248358.0,3718352,python,[JIT],0x0000f5e53d67036c
248358.0,3718292,python,[kernel.kallsyms],mas_next_setup.constprop.0
248358.0,3718292,python,[JIT],0x0000ec3f0d981bc4
248358.0,3718107,python,[JIT],0x0000ede47f3b90bc
248358.0,3718441,python,[JIT],0x0000fa66fdb3613c
248358.0,3718535,python,[JIT],0x0000eba3235779f4
248358.0,3718535,python,[JIT],0x0000eba32357e370
248357.0,3718535,python,[JIT],0x0000eba32364bfa8
248357.0,3718352,python,[kernel.kallsyms],perf_iterate_ctx
248357.0,3718292,python,[JIT],0x0000ec3f0d8d9284
248357.0,3718107,python,python,PyObject_Vectorcall
248357.0,3718107,python,[JIT],0x0000ede47f2e92c0
248357.0,3718441,python,[JIT],0x0000fa66fdb364c8
248357.0,3718030,python,[kernel.kallsyms],up_write
248357.0,3718030,python,[JIT],0x0000f5f57c016060
248356.0,3718107,python,[JIT],0x0000ede47f2e94ac
248356.0,3718441,python,[JIT],0x0000fa66fdb066c8
248356.0,3718441,python,[JIT],0x0000fa66fdb0671c
248356.0,3718535,python,[JIT],0x0000eba323573d6c
248356.0,3718535,python,[JIT],0x0000eba32357b50c
248356.0,3718352,python,[JIT],0x0000f5e53d646810
248355.0,3718535,python,[kernel.kallsyms],__fget_light
248355.0,3718292,python,[JIT],0x0000ec3f0d9862e0
248355.0,3718441,python,[JIT],0x0000fa66fdb0641c
248355.0,3718441,python,[JIT],0x0000fa66fdb373a8
248355.0,3718535,python,[JIT],0x0000eba32357b41c
248355.0,3718535,python,[JIT],0x0000eba32364bd48
248355.0,3718030,python,[JIT],0x0000f5f57c016550
248355.0,3718292,python,python,memset@plt
248355.0,3718200,python,python,_PyInterpreterState_GetConfig
248354.0,3718352,python,[JIT],0x0000f5e53d641294
248354.0,3718292,python,[JIT],0x0000ec3f0d8db0a8
248354.0,3718292,python,[JIT],0x0000ec3f0d986150
248354.0,3718107,python,[JIT],0x0000ede47f2e9fbc
248354.0,3718535,python,[JIT],0x0000eba32362157c
248354.0,3718030,python,[JIT],0x0000f5f57c013368
248353.0,3718292,python,[JIT],0x0000ec3f0d9842f0
248353.0,3718107,python,[JIT],0x0000ede47f2ed448
248353.0,3718535,python,[JIT],0x0000eba32357bd3c
248353.0,3718352,python,python,map_next
248353.0,3718030,python,python,_PyOptimizer_Optimize
248352.0,3718352,python,python,pthread_self@plt
248352.0,3718107,python,[JIT],0x0000ede47f2ec204
248352.0,3718441,python,[JIT],0x0000fa66fdb0148c
248352.0,3718535,python,python,count_dealloc
248352.0,3718535,python,[JIT],0x0000eba32357b6c4
248352.0,3718535,python,[JIT],0x0000eba323621168
248352.0,3718030,python,[JIT],0x0000f5f57c0123b8
248351.0,3718352,python,[JIT],0x0000f5e53d641fe8
248351.0,3718292,python,[JIT],0x0000ec3f0d981850
248351.0,3718292,python,[JIT],0x0000ec3f0d986c34
248351.0,3718107,python,[JIT],0x0000ede47f2e4184
248351.0,3718441,python,[JIT],0x0000fa66fdb071b4
248351.0,3718441,python,[JIT],0x0000fa66fdb0bc00
248351.0,3718441,python,[JIT],0x0000fa66fdb35918
248351.0,3718535,python,[JIT],0x0000eba32357b87c
248351.0,3718107,python,python,_Py_BuiltinCallFast_StackRef
248351.0,3718030,python,[kernel.kallsyms],__alloc_pages
248350.0,3718352,python,[JIT],0x0000f5e53d641dac
248350.0,3718107,python,[JIT],0x0000ede47f2e92a0
248350.0,3718441,python,[JIT],0x0000fa66fdb06fe8
248350.0,3718535,python,[JIT],0x0000eba32357e078
248350.0,3718535,python,[JIT],0x0000eba32364d36c
248349.0,3718292,python,[JIT],0x0000ec3f0d98634c
248349.0,3718107,python,[JIT],0x0000ede47f2e23d8
248349.0,3718107,python,[JIT],0x0000ede47f2e9c00
248349.0,3718107,python,[JIT],0x0000ede47f2ee258
248349.0,3718441,python,[JIT],0x0000fa66fdb072c8
248349.0,3718352,python,python,tuple_dealloc
248348.0,3718107,python,[JIT],0x0000ede47f2ed000
248348.0,3718441,python,[JIT],0x0000fa66fdb017b4
248348.0,3718441,python,[JIT],0x0000fa66fdb0be08
248348.0,3718535,python,[JIT],0x0000eba32357b100
248348.0,3718535,python,[JIT],0x0000eba32357e3a8
248348.0,3718030,python,[JIT],0x0000f5f57c0132fc
248348.0,3718030,python,[JIT],0x0000f5f57c017504
248347.0,3718352,python,[JIT],0x0000f5e53d6413a4
248347.0,3718352,python,[JIT],0x0000f5e53d641c28
248347.0,3718292,python,[JIT],0x0000ec3f0d8db718
248347.0,3718292,python,[JIT],0x0000ec3f0d8dc36c
248347.0,3718107,python,[JIT],0x0000ede47f2e45c4
248347.0,3718441,python,[JIT],0x0000fa66fdb0623c
248347.0,3718535,python,[JIT],0x0000eba323621154
248346.0,3718292,python,[JIT],0x0000ec3f0d8db204
248346.0,3718107,python,[JIT],0x0000ede47f2e464c
248346.0,3718107,python,[JIT],0x0000ede47f2eda90
248346.0,3718107,python,[JIT],0x0000ede47f2ee024
248346.0,3718030,python,python,builtin_next
248346.0,3718030,python,[JIT],0x0000f5f57c013240
248345.0,3718292,python,[JIT],0x0000ec3f0d986b50
248345.0,3718107,python,[JIT],0x0000ede47f2e9aa8
248345.0,3718107,python,[JIT],0x0000ede47f2ee4ec
248345.0,3718030,python,[kernel.kallsyms],map_id_up
248345.0,3718200,python,python,_PyJIT_Entry
248344.0,3718535,python,python,_PyEvalFramePushAndInit
248344.0,3718441,python,[JIT],0x0000fa66fdb35a38
248344.0,3718535,python,[JIT],0x0000eba32357b334
248344.0,3718535,python,[JIT],0x0000eba32357bd68
248344.0,3718535,python,[JIT],0x0000eba32362251c
248343.0,3718352,python,[JIT],0x0000f5e53d646c00
248343.0,3718292,python,[JIT],0x0000ec3f0d9811c0
248343.0,3718107,python,[JIT],0x0000ede47f2ea084
248343.0,3718441,python,[JIT],0x0000fa66fdb06910
248343.0,3718441,python,[JIT],0x0000fa66fdb0b2ec
248343.0,3718535,python,[JIT],0x0000eba323576848
248343.0,3718107,python,python,_PyMem_RawFree
248343.0,3718030,python,[JIT],0x0000f5f57c0113dc
248343.0,3718030,python,[JIT],0x0000f5f57c011450
248343.0,3718030,python,[JIT],0x0000f5f57c0127d4
248342.0,3718352,python,[JIT],0x0000f5e53d642038
248342.0,3718292,python,[JIT],0x0000ec3f0d981fd8
248342.0,3718535,python,[kernel.kallsyms],handle_mm_fault
248342.0,3718535,python,[JIT],0x0000eba323621090
248342.0,3718030,python,[JIT],0x0000f5f57c0173ec
248341.0,3718441,python,[JIT],0x0000fa66fdb06b38
248341.0,3718535,python,[JIT],0x0000eba323621df0
248341.0,3718030,python,[JIT],0x0000f5f57c01344c
248341.0,3718030,python,[JIT],0x0000f5f57c041798
248340.0,3718292,python,[JIT],0x0000ec3f0d981720
248340.0,3718107,python,python,_PyLong_FromMedium
248340.0,3718107,python,[JIT],0x0000ede47f2ed270
248340.0,3718441,python,[JIT],0x0000fa66fda5dcac
248340.0,3718535,python,[JIT],0x0000eba323621004
248340.0,3718292,python,python,builtin_next
248339.0,3718441,python,[kernel.kallsyms],__perf_addr_filters_adjust
248339.0,3718441,python,[kernel.kallsyms],mnt_get_write_access
248339.0,3718535,python,[JIT],0x0000eba32357bfdc
248339.0,3718535,python,[JIT],0x0000eba323622240
248338.0,3718352,python,[JIT],0x0000f5e53d670af0
248338.0,3718030,python,[JIT],0x0000f5f57c011298
248337.0,3718352,python,[JIT],0x0000f5e53d6442e8
248337.0,3718292,python,[JIT],0x0000ec3f0d981694
248337.0,3718107,python,[JIT],0x0000ede47f2e937c
248337.0,3718535,python,[JIT],0x0000eba32357bbdc
248337.0,3718352,python,[JIT],0x0000f5e53d646a94
248337.0,3718030,python,[kernel.kallsyms],alloc_pages_mpol
248337.0,3718030,python,[JIT],0x0000f5f57c011860
248336.0,3718292,python,python,_Py_uop_analyze_and_optimize
248336.0,3718292,python,[JIT],0x0000ec3f0d98103c
248335.0,3718441,python,[JIT],0x0000fa66fdb06748
248335.0,3718441,python,[JIT],0x0000fa66fdb359f0
248335.0,3718535,python,[JIT],0x0000eba32357411c
248335.0,3718030,python,[JIT],0x0000f5f57c01316c
248334.0,3718352,python,[JIT],0x0000f5e53d59b494
248334.0,3718107,python,[JIT],0x0000ede47f2edc38
248334.0,3718030,python,[JIT],0x0000f5f57c012eac
248334.0,3718030,python,[JIT],0x0000f5f57c0131c4
248334.0,3718030,python,[JIT],0x0000f5f57c0162cc
248334.0,3718441,python,[JIT],0x0000fa66fdb37388
248334.0,3718200,python,python,_PyErr_CheckSignalsTstate
248332.0,3718352,python,[JIT],0x0000f5e53d6714c4
248332.0,3718107,python,[JIT],0x0000ede47f2ea204
248332.0,3718107,python,[JIT],0x0000ede47f2ec19c
248332.0,3718441,python,[JIT],0x0000fa66fdb0672c
248332.0,3718352,python,[JIT],0x0000f5e53d6704d8
248332.0,3718030,python,[JIT],0x0000f5f57c011068
248332.0,3718030,python,[JIT],0x0000f5f57c013120
248332.0,3718441,python,python,_PyInterpreterState_Main
248331.0,3718441,python,[JIT],0x0000fa66fdb064a8
248331.0,3718441,python,[JIT],0x0000fa66fdb07390
248331.0,3718441,python,[JIT],0x0000fa66fdb09324
248331.0,3718441,python,[JIT],0x0000fa66fdb0c3e4
248331.0,3718535,python,[JIT],0x0000eba32357c060
248331.0,3718030,python,[JIT],0x0000f5f57bf6c1ec
248331.0,3718030,python,[JIT],0x0000f5f57c0162d8
248330.0,3718352,python,[JIT],0x0000f5e53d646b98
248330.0,3718535,python,[JIT],0x0000eba32357bcd0
248329.0,3718352,python,[JIT],0x0000f5e53d64634c
248329.0,3718292,python,[JIT],0x0000ec3f0d981e34
248329.0,3718441,python,[JIT],0x0000fa66fda5dec4
248329.0,3718441,python,[JIT],0x0000fa66fdb0717c
248329.0,3718441,python,[JIT],0x0000fa66fdb0c43c
248329.0,3718535,python,[JIT],0x0000eba32357b8d4
248329.0,3718030,python,[JIT],0x0000f5f57bf69ca8
248328.0,3718030,python,[JIT],0x0000f5f57c012fec
248327.0,3718441,python,[JIT],0x0000fa66fdb0b4bc
248327.0,3718441,python,[JIT],0x0000fa66fdb0ba8c
248327.0,3718352,python,python,_PyInterpreterState_GetConfig
248327.0,3718030,python,[kernel.kallsyms],perf_iterate_ctx
248326.0,3718352,python,[JIT],0x0000f5e53d641f48
248326.0,3718352,python,[JIT],0x0000f5e53d6466b8
248326.0,3718107,python,[JIT],0x0000ede47f2edf1c
248326.0,3718030,python,[JIT],0x0000f5f57bf6c0ac
248326.0,3718030,python,[JIT],0x0000f5f57c01513c
248326.0,3718030,python,[JIT],0x0000f5f57c0152a8
248326.0,3718441,python,python,builtin_next
248325.0,3718292,python,[JIT],0x0000ec3f0d8db428
248325.0,3718292,python,[JIT],0x0000ec3f0d9b033c
248325.0,3718441,python,[JIT],0x0000fa66fdb0b790
248324.0,3718441,python,[JIT],0x0000fa66fdb0b324
248324.0,3718030,python,[JIT],0x0000f5f57c0123dc
248324.0,3718030,python,[JIT],0x0000f5f57c0173c8
248324.0,3718030,python,[JIT],0x0000f5f57c04108c
248323.0,3718352,python,[JIT],0x0000f5e53d641fd4
248323.0,3718030,python,[JIT],0x0000f5f57c012254
248322.0,3718352,python,[JIT],0x0000f5e53d641508
248322.0,3718352,python,[JIT],0x0000f5e53d641804
248322.0,3718292,python,[JIT],0x0000ec3f0d98674c
248322.0,3718535,python,[JIT],0x0000eba32357673c
248322.0,3718030,python,[JIT],0x0000f5f57c012d54
248321.0,3718441,python,[JIT],0x0000fa66fdb090cc
248321.0,3718535,python,[JIT],0x0000eba32357be94
248321.0,3718030,python,[JIT],0x0000f5f57c013138
248320.0,3718441,python,[JIT],0x0000fa66fdb06fec
248319.0,3718107,python,python,_PyThreadState_PushFrame
248319.0,3718441,python,[JIT],0x0000fa66fdb01aa0
248319.0,3718441,python,[JIT],0x0000fa66fdb0919c
248319.0,3718441,python,[JIT],0x0000fa66fdb3555c
248319.0,3718030,python,[JIT],0x0000f5f57c0116bc
248319.0,3718030,python,[JIT],0x0000f5f57c016824
248318.0,3718352,python,libc.so.6,__errno_location
248318.0,3718107,python,[JIT],0x0000ede47f2ed444
248318.0,3718107,python,[JIT],0x0000ede47f2ed608
248318.0,3718107,python,[JIT],0x0000ede47f3b9318
248318.0,3718441,python,[JIT],0x0000fa66fdb065dc
248318.0,3718030,python,[JIT],0x0000f5f57c0114e8
248318.0,3718441,python,python,long_mul
248317.0,3718107,python,[JIT],0x0000ede47f2ed578
248317.0,3718441,python,[JIT],0x0000fa66fdb35444
248317.0,3718441,python,[JIT],0x0000fa66fdb359e0
248317.0,3718030,python,[JIT],0x0000f5f57c016ee8
248316.0,3718441,python,[JIT],0x0000fa66fdb0b488
248315.0,3718441,python,[JIT],0x0000fa66fdb017e0
248315.0,3718441,python,[JIT],0x0000fa66fdb0b87c
248315.0,3718030,python,libc.so.6,alloc_perturb
248314.0,3718352,python,[JIT],0x0000f5e53d641394
248314.0,3718441,python,[JIT],0x0000fa66fdb09398
248314.0,3718030,python,[JIT],0x0000f5f57c0125d4
248313.0,3718441,python,[JIT],0x0000fa66fdb0ba94
248313.0,3718441,python,[JIT],0x0000fa66fdb35ecc
248313.0,3718441,python,[JIT],0x0000fa66fdb36560
248312.0,3718352,python,[JIT],0x0000f5e53d598638
248312.0,3718107,python,[JIT],0x0000ede47f2e45fc
248312.0,3718535,python,[JIT],0x0000eba32357b70c
248312.0,3718030,python,[JIT],0x0000f5f57c01220c
248311.0,3718292,python,[JIT],0x0000ec3f0d8db568
248310.0,3718107,python,[JIT],0x0000ede47f2ed094
248310.0,3718030,python,[JIT],0x0000f5f57c017518
248309.0,3718352,python,[JIT],0x0000f5e53d6466ac
248309.0,3718030,python,[JIT],0x0000f5f57c012740
248308.0,3718535,python,python,_PyOpcode_RecordFunction_NOS
248308.0,3718030,python,[JIT],0x0000f5f57c0179a8
248307.0,3718441,python,[JIT],0x0000fa66fda5d0cc
248306.0,3718292,python,[JIT],0x0000ec3f0d9b0cf4
248306.0,3718441,python,[JIT],0x0000fa66fdb06fd8
248306.0,3718030,python,[JIT],0x0000f5f57c0130b0
248306.0,3718030,python,[JIT],0x0000f5f57c0167ec
248305.0,3718441,python,[JIT],0x0000fa66fdb06834
248305.0,3718441,python,[JIT],0x0000fa66fdb06d78
248305.0,3718441,python,[JIT],0x0000fa66fdb0b2ac
248305.0,3718030,python,[JIT],0x0000f5f57bf6e778
248304.0,3718441,python,[JIT],0x0000fa66fdb06004
248304.0,3718441,python,[JIT],0x0000fa66fdb073fc
248304.0,3718030,python,[JIT],0x0000f5f57c016ecc
248303.0,3718352,python,[JIT],0x0000f5e53d641acc
248303.0,3718352,python,[JIT],0x0000f5e53d6462e8
248303.0,3718441,python,[JIT],0x0000fa66fdb0620c
248303.0,3718441,python,[JIT],0x0000fa66fdb0b24c
248302.0,3718441,python,[JIT],0x0000fa66fdb0b8c4
248302.0,3718030,python,python,_PyFunction_Vectorcall
248302.0,3718030,python,[JIT],0x0000f5f57c017fdc
248301.0,3718441,python,[JIT],0x0000fa66fdb016a0
248301.0,3718441,python,[JIT],0x0000fa66fdb064ac
248301.0,3718441,python,[JIT],0x0000fa66fdb0b4a4
248301.0,3718535,python,[JIT],0x0000eba32357b508
248299.0,3718292,python,[JIT],0x0000ec3f0d981de4
248299.0,3718441,python,[JIT],0x0000fa66fdb07024
248299.0,3718030,python,[JIT],0x0000f5f57c016fec
248298.0,3718535,python,[JIT],0x0000eba3235761a4
248297.0,3718030,python,[JIT],0x0000f5f57c0129d8
248295.0,3718441,python,[JIT],0x0000fa66fdb01854
248294.0,3718030,python,[JIT],0x0000f5f57c0423c8
248293.0,3718352,python,[JIT],0x0000f5e53d598a50
248293.0,3718441,python,[JIT],0x0000fa66fdb09248
248293.0,3718030,python,[JIT],0x0000f5f57c0111c0
248292.0,3718352,python,[JIT],0x0000f5e53d59c350
248292.0,3718441,python,[JIT],0x0000fa66fdb02310
248292.0,3718030,python,[JIT],0x0000f5f57c0150ec
248292.0,3718030,python,[JIT],0x0000f5f57c017fd8
248291.0,3718441,python,[JIT],0x0000fa66fdb0b150
248291.0,3718535,python,[JIT],0x0000eba32357b2b8
248290.0,3718441,python,[JIT],0x0000fa66fdb090d8
248289.0,3718030,python,[JIT],0x0000f5f57bf69204
248289.0,3718030,python,[JIT],0x0000f5f57bf6a39c
248288.0,3718352,python,[JIT],0x0000f5e53d64429c
248288.0,3718107,python,[JIT],0x0000ede47f2e9648
248288.0,3718441,python,[JIT],0x0000fa66fdb0b814
248288.0,3718030,python,[JIT],0x0000f5f57c012494
248288.0,3718200,python,[kernel.kallsyms],__rcu_read_lock
248287.0,3718441,python,[JIT],0x0000fa66fdb020ec
248287.0,3718030,python,[JIT],0x0000f5f57c013224
248287.0,3718030,python,[JIT],0x0000f5f57c0150a8
248286.0,3718441,python,[JIT],0x0000fa66fdb35ae4
248286.0,3718441,python,[vdso],__kernel_clock_gettime
248283.0,3718441,python,[kernel.kallsyms],perf_iterate_ctx
248283.0,3718441,python,[JIT],0x0000fa66fdb0b70c
248283.0,3718441,python,[JIT],0x0000fa66fdb35318
248283.0,3718030,python,[JIT],0x0000f5f57bf69500
248283.0,3718030,python,[JIT],0x0000f5f57c04138c
248282.0,3718352,python,[kernel.kallsyms],mas_node_count_gfp
248282.0,3718535,python,[JIT],0x0000eba323573ad0
248281.0,3718441,python,[JIT],0x0000fa66fdb09108
248280.0,3718030,python,[JIT],0x0000f5f57c0150fc
248279.0,3718441,python,[JIT],0x0000fa66fdb066c0
248279.0,3718030,python,[JIT],0x0000f5f57c01644c
248274.0,3718030,python,[JIT],0x0000f5f57c0113e0
248273.0,3718030,python,[JIT],0x0000f5f57c01103c
248272.0,3718030,python,[JIT],0x0000f5f57c011080
248270.0,3718441,python,[JIT],0x0000fa66fdb0103c
248270.0,3718030,python,[JIT],0x0000f5f57c012fa8
248268.0,3718030,python,[JIT],0x0000f5f57c016418
248265.0,3718030,python,[JIT],0x0000f5f57c040360
248263.0,3718352,python,[JIT],0x0000f5e53d646894
248263.0,3718030,python,[JIT],0x0000f5f57c015290
248262.0,3718107,python,[JIT],0x0000ede47f2e9db8
248262.0,3718441,python,[JIT],0x0000fa66fdb07418
248260.0,3718107,python,[JIT],0x0000ede47f2eda40
248257.0,3718441,python,[JIT],0x0000fa66fdb0bd94
248256.0,3718030,python,[JIT],0x0000f5f57c0126c0
248254.0,3718441,python,[JIT],0x0000fa66fdb35160
248250.0,3718107,python,[JIT],0x0000ede47f2e9028
248249.0,3718441,python,[JIT],0x0000fa66fdb0b008
248248.0,3718107,python,[JIT],0x0000ede47f2e9404
248248.0,3718441,python,python,maybe_small_long
248229.0,3718441,python,[JIT],0x0000fa66fdb0b560
248223.0,3718535,python,[JIT],0x0000eba32362137c
248220.0,3718441,python,[JIT],0x0000fa66fdb06f98
248218.0,3718030,python,[JIT],0x0000f5f57c012490
248210.0,3718030,python,[JIT],0x0000f5f57c012aa8
248207.0,3718030,python,[JIT],0x0000f5f57c016540
248191.0,3718107,python,python,_Py_Specialize_BinaryOp
248182.0,3718030,python,[JIT],0x0000f5f57c012338
248179.0,3718292,python,[JIT],0x0000ec3f0d986190
248178.0,3718292,python,[JIT],0x0000ec3f0d9869a8
248160.0,3718441,python,[JIT],0x0000fa66fdb090a4
248156.0,3718441,python,[JIT],0x0000fa66fdb04778
248143.0,3718292,python,[JIT],0x0000ec3f0d986c4c
248102.0,3718292,python,[JIT],0x0000ec3f0d981f10
248083.0,3718441,python,[JIT],0x0000fa66fdb350ac
248039.0,3718200,python,[JIT],0x0000f4962320d290
248007.0,3718107,python,[JIT],0x0000ede47f2ed38c
247921.0,3718292,python,[JIT],0x0000ec3f0d9818ec
247903.0,3718030,python,python,PyLong_FromSsize_t
247902.0,3718292,python,[JIT],0x0000ec3f0d9820a4
247703.0,3718441,python,python,pthread_self@plt
247554.0,3718352,python,[JIT],0x0000f5e53d64421c
247503.0,3718352,python,[JIT],0x0000f5e53d670914
247091.0,3718292,python,[JIT],0x0000ec3f0d984300
247064.0,3718030,python,[JIT],0x0000f5f57c013494
246924.0,3718030,python,[JIT],0x0000f5f57c011354
246835.0,3718030,python,[JIT],0x0000f5f57c01634c
246834.0,3718292,python,[JIT],0x0000ec3f0d981f0c
246797.0,3718030,python,libc.so.6,realloc
246792.0,3718030,python,[JIT],0x0000f5f57c012b6c
246667.0,3718352,python,[JIT],0x0000f5e53d646440
246332.0,3718030,python,[JIT],0x0000f5f57c012f38
246108.0,3718030,python,[JIT],0x0000f5f57c011180
245848.0,3718352,python,[JIT],0x0000f5e53d670348
245810.0,3718292,python,[JIT],0x0000ec3f0d98750c
245620.0,3718352,python,[JIT],0x0000f5e53d598390
245257.0,3718292,python,[JIT],0x0000ec3f0d986028
245176.0,3718535,python,[JIT],0x0000eba32357e058
244938.0,3718292,python,[JIT],0x0000ec3f0d98653c
244407.0,3718352,python,[JIT],0x0000f5e53d670e54
244307.0,3718292,python,[JIT],0x0000ec3f0d8db7f4
244067.0,3718107,python,[JIT],0x0000ede47f2ed264
244001.0,3718441,python,[JIT],0x0000fa66fdb011c0
243715.0,3718107,python,[JIT],0x0000ede47f2e938c
243697.0,3718030,python,[JIT],0x0000f5f57bf6c2c8
242225.0,3718030,python,[JIT],0x0000f5f57c0167cc
242145.0,3718107,python,[JIT],0x0000ede47f2edb68
241579.0,3718292,python,[JIT],0x0000ec3f0d981d3c
240840.0,3718535,python,[JIT],0x0000eba32357c10c
240562.0,3718441,python,[JIT],0x0000fa66fdb060bc
240154.0,3718030,python,[JIT],0x0000f5f57c0124c0
239995.0,3718535,python,[JIT],0x0000eba32357b700
239242.0,3718107,python,[kernel.kallsyms],handle_softirqs
238211.0,3718030,python,[JIT],0x0000f5f57c04002c
237138.0,3718352,python,[JIT],0x0000f5e53d5980ac
236252.0,3718535,python,python,maybe_small_long
234418.0,3718535,python,[JIT],0x0000eba32357e0e8
233987.0,3718352,python,[JIT],0x0000f5e53d6474e0
233491.0,3718030,python,[JIT],0x0000f5f57c013444
233297.0,3718535,python,[JIT],0x0000eba32357e178
232405.0,3718107,python,[JIT],0x0000ede47f2ed668
232027.0,3718352,python,[JIT],0x0000f5e53d646c40
230854.0,3718352,python,[JIT],0x0000f5e53d6412bc
227679.0,3718107,python,[JIT],0x0000ede47f2ed708
226243.0,3718107,python,python,PyObject_GC_UnTrack
226112.0,3718107,python,[JIT],0x0000ede47f2ed644
225904.0,3718535,python,python,_Py_BuiltinCallFast_StackRef
220575.0,3718352,python,[JIT],0x0000f5e53d670064
202398.0,3718292,python,[JIT],0x0000ec3f0d9b03b4
201216.0,3718441,python,[JIT],0x0000fa66fdb0678c
195965.0,3718352,python,python,_Py_Specialize_BinaryOp
101057.0,3718352,python,python,_Py_BuiltinCallFast_StackRef
70604.0,3718535,python,[kernel.kallsyms],task_mm_cid_work
50326.0,3718352,python,[JIT],0x0000f5e53d670640
50238.0,3718352,python,[kernel.kallsyms],task_mm_cid_work
42466.0,3718292,python,[kernel.kallsyms],task_mm_cid_work
34604.0,3718200,python,[kernel.kallsyms],task_mm_cid_work
29716.0,3718535,python,[kernel.kallsyms],_find_next_bit
22147.0,3718292,python,[kernel.kallsyms],__handle_mm_fault
12050.0,3718441,python,[kernel.kallsyms],handle_softirqs
11932.0,3718107,python,[kernel.kallsyms],do_notify_resume
6977.0,3718441,python,[kernel.kallsyms],__find_get_block_slow
6580.0,3718200,python,[kernel.kallsyms],handle_softirqs
6580.0,3718200,python,[kernel.kallsyms],sched_mm_cid_remote_clear
3597.0,3718107,python,[kernel.kallsyms],do_notify_resume
1350.0,3718441,python,[kernel.kallsyms],finish_task_switch.isra.0
1350.0,3718441,python,[kernel.kallsyms],finish_wait
1350.0,3718441,python,[kernel.kallsyms],pipe_read
1.0,3718535,python,[kernel.kallsyms],finish_task_switch.isra.0
1.0,3718352,python,[kernel.kallsyms],finish_task_switch.isra.0
1.0,3718292,python,[kernel.kallsyms],finish_task_switch.isra.0
1.0,3718107,python,[kernel.kallsyms],finish_task_switch.isra.0
1.0,3718441,python,[kernel.kallsyms],finish_task_switch.isra.0
1.0,3718535,python,[kernel.kallsyms],finish_task_switch.isra.0
1.0,3718352,python,[kernel.kallsyms],finish_task_switch.isra.0
1.0,3718107,python,[kernel.kallsyms],finish_task_switch.isra.0
1.0,3718030,python,[kernel.kallsyms],finish_task_switch.isra.0
1.0,3718292,python,[kernel.kallsyms],finish_task_switch.isra.0
1.0,3718200,python,[kernel.kallsyms],finish_task_switch.isra.0
