self,pid,command,shared_obj,symbol
85354957.0,195719,python,python,_PyEval_EvalFrameDefault
77471803.0,195809,python,python,_PyFrame_ClearExceptCode
75445400.0,195719,python,python,_PyFrame_ClearExceptCode
71682252.0,195984,python,python,_PyFrame_ClearExceptCode
71670936.0,195775,python,python,_PyFrame_ClearExceptCode
71550757.0,195915,python,python,_PyFrame_ClearExceptCode
71480064.0,195843,python,python,_PyFrame_ClearExceptCode
66981924.0,195719,python,python,_PyEval_FrameClearAndPop
59030686.0,195775,python,python,_PyEval_FrameClearAndPop
58720107.0,195984,python,python,_PyEval_FrameClearAndPop
58254851.0,195843,python,python,_PyEval_FrameClearAndPop
55401102.0,195915,python,python,_PyEval_FrameClearAndPop
53290329.0,195809,python,python,_PyEval_FrameClearAndPop
52339179.0,195915,python,python,_PyEval_EvalFrameDefault
52201338.0,195809,python,python,_PyEval_EvalFrameDefault
50122332.0,195843,python,python,_PyEval_EvalFrameDefault
47430336.0,195984,python,python,_PyEval_EvalFrameDefault
46635583.0,195775,python,python,_PyEval_EvalFrameDefault
46545166.0,195946,python,python,_PyEval_EvalFrameDefault
39079087.0,195984,python,python,_PyEval_EvalFrameDefault
37091441.0,195809,python,python,_PyEval_EvalFrameDefault
34978704.0,195775,python,python,_PyEval_EvalFrameDefault
32661363.0,195915,python,python,_PyEval_EvalFrameDefault
31425675.0,195843,python,python,_PyEval_EvalFrameDefault
28535397.0,195719,python,python,_PyThreadState_PopFrame
24818226.0,195984,python,python,_PyThreadState_PopFrame
24015716.0,195843,python,python,_PyThreadState_PopFrame
23696155.0,195775,python,python,_PyThreadState_PopFrame
22838854.0,195809,python,python,_PyThreadState_PopFrame
20452047.0,195915,python,python,_PyThreadState_PopFrame
19587739.0,195719,python,python,_PyObject_GetMethodStackRef
18859265.0,195719,python,python,_PyTypeCache_Lookup
15791228.0,195775,python,python,_PyObject_GetMethodStackRef
15370034.0,195915,python,python,_PyObject_GetMethodStackRef
15137868.0,195809,python,python,_PyObject_GetMethodStackRef
14348163.0,195843,python,python,_PyObject_GetMethodStackRef
13876473.0,195984,python,python,_PyObject_GetMethodStackRef
13876169.0,195775,python,python,_PyTypeCache_Lookup
13681689.0,195915,python,python,_PyTypeCache_Lookup
12635839.0,195809,python,python,_PyCompactLong_Add
12157556.0,195984,python,python,_PyTypeCache_Lookup
11630605.0,195843,python,python,_PyTypeCache_Lookup
11163090.0,195719,python,python,unicodekeys_lookup_unicode
10672130.0,195775,python,python,_PyCompactLong_Add
10440713.0,195843,python,python,_PyCompactLong_Add
10356300.0,195809,python,python,unicodekeys_lookup_unicode
10177608.0,195984,python,python,_PyFrame_ClearExceptCode
10172534.0,195915,python,python,_PyCompactLong_Add
10121512.0,195946,python,python,_PyFrame_ClearExceptCode
9930363.0,195984,python,python,long_dealloc
9416112.0,195984,python,python,_PyCompactLong_Add
9415654.0,195809,python,python,_PyTypeCache_Lookup
9069744.0,195915,python,python,_PyFrame_ClearExceptCode
8931941.0,195775,python,python,_PyFrame_ClearExceptCode
8193931.0,195915,python,python,long_dealloc
8186073.0,195843,python,python,_PyFrame_ClearExceptCode
8183731.0,195775,python,python,long_dealloc
7939566.0,195775,python,python,unicodekeys_lookup_unicode
7936700.0,195719,python,python,long_dealloc
7428105.0,195719,python,python,_Py_LoadAttr_StackRefSteal
7269353.0,195719,python,python,_PyObject_TryGetInstanceAttribute
7188278.0,195915,python,python,_PyType_LookupStackRefAndVersion
7127200.0,195775,python,python,_PyEval_FrameClearAndPop
6952720.0,195719,python,python,_PyType_LookupStackRefAndVersion
6932601.0,195809,python,python,long_dealloc
6912431.0,195984,python,python,unicodekeys_lookup_unicode
6702380.0,195984,python,python,_PyType_LookupStackRefAndVersion
6698385.0,195915,python,python,unicodekeys_lookup_unicode
6697345.0,195719,python,python,_PyCompactLong_Add
6686472.0,195843,python,python,unicodekeys_lookup_unicode
6678348.0,195775,python,python,_Py_LoadAttr_StackRefSteal
6456624.0,195843,python,python,long_dealloc
6448450.0,195984,python,python,_Py_LoadAttr_StackRefSteal
5960107.0,195946,python,python,_PyEval_FrameClearAndPop
5949237.0,195843,python,python,_PyType_LookupStackRefAndVersion
5710567.0,195809,python,python,_PyFrame_ClearExceptCode
5706251.0,195915,python,python,_PyObject_TryGetInstanceAttribute
5692114.0,195809,python,python,_PyObject_TryGetInstanceAttribute
5689710.0,195984,python,python,_PyObject_TryGetInstanceAttribute
5456827.0,195915,python,python,_Py_LoadAttr_StackRefSteal
5456752.0,195809,python,python,_Py_LoadAttr_StackRefSteal
4966717.0,195915,python,python,_Py_Dealloc
4965854.0,195984,python,python,_PyEval_FrameClearAndPop
4956936.0,195809,python,python,_Py_Dealloc
4947724.0,195775,python,python,_PyType_LookupStackRefAndVersion
4717675.0,195719,python,python,_PyJIT_Entry
4716223.0,195809,python,python,_PyJIT_Entry
4715598.0,195843,python,python,_PyEval_FrameClearAndPop
4469344.0,195719,python,python,_PyObject_GenericGetAttrWithDict
4468794.0,195809,python,python,_PyEval_FrameClearAndPop
4461639.0,195775,python,python,_Py_Dealloc
4457965.0,195843,python,python,_Py_Dealloc
4228141.0,195843,python,python,_Py_LoadAttr_StackRefSteal
4219541.0,195719,python,python,_Py_Dealloc
4218906.0,195915,python,python,_PyLong_FromMedium
4214581.0,195719,python,python,_PyLong_FromMedium
4193994.0,195843,python,python,unicodekeys_lookup_unicode
3972401.0,195809,python,python,_PyObject_GetMethodStackRef
3971762.0,195843,python,python,_PyObject_TryGetInstanceAttribute
3971436.0,195984,python,python,_Py_Dealloc
3971040.0,195809,python,python,_PyTypeCache_Lookup
3969558.0,195775,python,python,_PyTypeCache_Lookup
3964481.0,195775,python,python,_PyObject_TryGetInstanceAttribute
3961138.0,195843,python,python,_PyTypeCache_Lookup
3941550.0,195946,python,python,_PyObject_TryGetInstanceAttribute
3715750.0,195775,python,python,_PyCompactLong_Subtract
3706587.0,195915,python,python,_PyEval_FrameClearAndPop
3701865.0,195984,python,python,_PyCompactLong_Subtract
3479280.0,195915,python,python,_PyCompactLong_Subtract
3476814.0,195984,python,python,_PyTypeCache_Lookup
3471975.0,195809,python,python,_PyType_LookupStackRefAndVersion
3464229.0,195946,python,python,unicodekeys_lookup_unicode
3224270.0,195843,python,python,_PyCompactLong_Subtract
3224084.0,195946,python,python,_PyThreadState_PopFrame
3222603.0,195775,python,python,_PyLong_FromMedium
3215606.0,195809,python,python,PyObject_IsInstance
3209598.0,195809,python,python,_PyCompactLong_Subtract
3026726.0,195915,python,python,_PyTypeCache_Lookup
2981835.0,195843,python,python,PyObject_IsInstance
2980052.0,195843,python,python,_PyType_GetDict
2979902.0,195984,python,python,_PyThreadState_PopFrame
2978388.0,195915,python,python,PyLong_FromSsize_t
2978071.0,195843,python,python,_PyObject_GetMethodStackRef
2977574.0,195809,python,python,unicodekeys_lookup_unicode
2976938.0,195809,python,python,_PyLong_FromMedium
2968033.0,195843,python,python,_Py_NewReference
2965222.0,195843,python,python,_PyJIT_Entry
2914682.0,195775,python,python,unicodekeys_lookup_unicode
2741952.0,195915,python,python,_PyObject_GetMethodStackRef
2732571.0,195915,python,python,unicodekeys_lookup_unicode
2731714.0,195719,python,python,_PyCompactLong_Subtract
2731069.0,195719,python,python,PyObject_IsInstance
2730985.0,195809,python,python,_PyObject_GenericGetAttrWithDict
2730400.0,195809,python,python,_PyObject_TryGetInstanceAttribute
2729329.0,195984,python,python,_PyJIT_Entry
2728747.0,195984,python,python,_PyObject_GenericGetAttrWithDict
2728717.0,195984,python,python,_PyType_GetDict
2728473.0,195984,python,python,unicodekeys_lookup_unicode
2723126.0,195946,python,python,_PyTypeCache_Lookup
2723125.0,195915,python,python,_PyType_LookupStackRefAndVersion
2722493.0,195843,python,python,_PyJIT_Entry
2719406.0,195984,python,python,_PyLong_FromMedium
2682341.0,195843,python,python,_PyObject_GenericGetAttrWithDict
2483978.0,195843,python,python,_PyLong_FromMedium
2483480.0,195775,python,python,_PyObject_TryGetInstanceAttribute
2483229.0,195775,python,python,_PyThreadState_PopFrame
2481938.0,195809,python,python,PyLong_FromSsize_t
2477357.0,195843,python,python,_PyThreadState_PopFrame
2235862.0,195946,python,python,_PyJIT_Entry
2234809.0,195984,python,python,_PyObject_GetMethodStackRef
2234769.0,195915,python,[JIT],0x0000e5957c9326c0
2234708.0,195843,python,python,_PyType_LookupStackRefAndVersion
2234697.0,195946,python,python,_PyObject_GenericGetAttrWithDict
2234597.0,195775,python,[JIT],0x0000e031bd85c3c4
2234503.0,195809,python,python,_PyJIT_Entry
2234218.0,195809,python,python,long_div
2234134.0,195984,python,python,PyObject_IsInstance
2233412.0,195984,python,python,_PyType_LookupStackRefAndVersion
2233323.0,195809,python,python,_PyThreadState_PopFrame
2230877.0,195719,python,python,_PyObject_GetAttrStackRef
2225332.0,195719,python,python,PyLong_FromLong
2224624.0,195719,python,python,PyLong_FromSsize_t
2212295.0,195915,python,python,_PyObject_GenericGetAttrWithDict
2159169.0,195775,python,python,_PyJIT_Entry
1997517.0,195719,python,python,long_div
1987226.0,195843,python,python,PyLong_FromLong
1986922.0,195915,python,python,compactlongs_and
1986588.0,195946,python,python,_PyObject_GetMethodStackRef
1986582.0,195915,python,python,_PyType_GetDict
1986312.0,195915,python,python,_PyObject_GetAttrStackRef
1986017.0,195843,python,python,_PyObject_TryGetInstanceAttribute
1985999.0,195775,python,python,_PyObject_GenericGetAttrWithDict
1985986.0,195809,python,python,_Py_NewReference
1985869.0,195719,python,python,_PyType_GetDict
1985615.0,195915,python,python,PyLong_FromLong
1983801.0,195775,python,python,_Py_NewReference
1970589.0,195719,python,[JIT],0x0000e48a96afc854
1966297.0,195984,python,[JIT],0x0000fa70fc8166c0
1964798.0,195809,python,python,range_iter
1738658.0,195775,python,python,_PyJIT_Entry
1738611.0,195843,python,[JIT],0x0000f826445d96c0
1738182.0,195775,python,python,_PyType_GetDict
1738012.0,195946,python,python,_PyCompactLong_Add
1737801.0,195915,python,python,_Py_NewReference
1737737.0,195775,python,[JIT],0x0000e031bd8536c0
1737672.0,195809,python,python,PyLong_FromLong
1737488.0,195984,python,python,_Py_NewReference
1737449.0,195984,python,python,_PyJIT_Entry
1737248.0,195984,python,python,PyLong_FromLong
1736963.0,195915,python,python,_PyObject_TryGetInstanceAttribute
1736678.0,195984,python,python,_PyObject_GetAttrStackRef
1735784.0,195775,python,python,PyLong_FromLong
1735235.0,195809,python,python,_PyCompactLong_Add
1734671.0,195984,python,python,long_dealloc
1733525.0,195915,python,[JIT],0x0000e5957c9392e0
1733356.0,195719,python,python,PyDict_GetItemRef
1732898.0,195915,python,python,_PyJIT_Entry
1589542.0,195843,python,python,long_div
1500333.0,195915,python,python,_PyObject_GetAttrStackRef
1496578.0,195719,python,[JIT],0x0000e48a9738d6d0
1494059.0,195719,python,python,_Py_NewReference
1490199.0,195719,python,python,compactlongs_guard
1490146.0,195984,python,python,store_instance_attr_lock_held
1490121.0,195984,python,python,_PyObject_TryGetInstanceAttribute
1489908.0,195915,python,python,PyObject_IsInstance
1489813.0,195775,python,python,long_dealloc
1489684.0,195984,python,python,long_div
1489166.0,195809,python,python,_PyType_LookupStackRefAndVersion
1489149.0,195984,python,python,PyLong_FromSsize_t
1488445.0,195809,python,python,_PyType_GetDict
1487871.0,195775,python,python,_PyObject_GetAttrStackRef
1485761.0,195775,python,[JIT],0x0000e031bd50c1ac
1483278.0,195775,python,python,_PyType_LookupStackRefAndVersion
1478938.0,195984,python,[JIT],0x0000fa70fc81d378
1242334.0,195946,python,python,_PyType_LookupStackRefAndVersion
1242157.0,195915,python,[JIT],0x0000e5957c966324
1242093.0,195843,python,[JIT],0x0000f82644373a9c
1241950.0,195719,python,python,store_instance_attr_lock_held
1241915.0,195843,python,python,range_iter
1241680.0,195775,python,[JIT],0x0000e031bd855c0c
1241670.0,195775,python,[JIT],0x0000e031bd8872c0
1241668.0,195915,python,python,_PyObject_GenericGetAttrWithDict
1241663.0,195984,python,[JIT],0x0000fa70fc84a1d0
1241658.0,195809,python,[JIT],0x0000e96f068abc3c
1241644.0,195843,python,[JIT],0x0000f826446b01d0
1241622.0,195775,python,[JIT],0x0000e031bd887060
1241612.0,195915,python,python,long_div
1241607.0,195984,python,python,_PyObject_GenericGetAttrWithDict
1241531.0,195775,python,[JIT],0x0000e031bd85a2e0
1241501.0,195984,python,[JIT],0x0000fa70fc84a178
1241427.0,195719,python,python,_PyEvalFramePushAndInit
1241347.0,195843,python,[JIT],0x0000f82644683138
1241261.0,195809,python,[JIT],0x0000e96f068a8104
1241196.0,195809,python,python,_PyObject_GetAttrStackRef
1241110.0,195915,python,python,_PyThreadState_PopFrame
1241022.0,195719,python,[JIT],0x0000e48a97384324
1240950.0,195809,python,[JIT],0x0000e96f068a6c0c
1240651.0,195809,python,python,compactlongs_xor
1240554.0,195775,python,[JIT],0x0000e031bd855c08
1240382.0,195843,python,python,_PyObject_GetAttrStackRef
1240381.0,195809,python,[JIT],0x0000e96f068a6118
1240258.0,195775,python,python,PyObject_IsInstance
1238140.0,195775,python,python,PyLong_FromSsize_t
1237029.0,195775,python,python,range_iter
1235028.0,195775,python,[JIT],0x0000e031bd85a814
1230239.0,195915,python,python,PyNumber_FloorDivide
1228834.0,195719,python,[JIT],0x0000e48a9745e1d0
1225635.0,195915,python,python,PyNumber_InPlaceFloorDivide
1223823.0,195915,python,[JIT],0x0000e5957c939748
1220818.0,195809,python,[JIT],0x0000e96f068ab2d8
1003852.0,195809,python,[JIT],0x0000e96f068ab444
996282.0,195915,python,[JIT],0x0000e5957c935914
996078.0,195809,python,python,_PyObject_GenericGetAttrWithDict
994721.0,195915,python,[JIT],0x0000e5957c9661d0
994343.0,195915,python,python,_PyObject_StoreInstanceAttribute
993938.0,195843,python,[JIT],0x0000f8264433b158
993787.0,195843,python,python,PyLong_FromSsize_t
993773.0,195915,python,python,store_instance_attr_lock_held
993733.0,195984,python,python,PyObject_GenericSetAttr
993683.0,195719,python,python,compactlongs_and
993663.0,195719,python,[JIT],0x0000e48a973896c0
993659.0,195843,python,python,PyObject_GenericSetAttr
993618.0,195719,python,[JIT],0x0000e48a97431160
993615.0,195843,python,[JIT],0x0000f826445d2200
993599.0,195843,python,python,PyLong_AsLong
993595.0,195843,python,[JIT],0x0000f82644682840
993578.0,195915,python,[JIT],0x0000e5957c4eb820
993476.0,195915,python,[JIT],0x0000e5957c5238b8
993425.0,195915,python,[JIT],0x0000e5957bff6268
993422.0,195915,python,[JIT],0x0000e5957c939808
993378.0,195775,python,python,store_instance_attr_lock_held
993369.0,195775,python,python,PyLong_AsLong
993347.0,195915,python,[JIT],0x0000e5957c9662d0
993317.0,195719,python,[kernel.kallsyms],perf_iterate_ctx
993306.0,195809,python,python,_PyObject_GetAttrStackRef
993301.0,195984,python,[JIT],0x0000fa70fc81d0f8
993297.0,195915,python,[JIT],0x0000e5957c4ecb54
993292.0,195915,python,[JIT],0x0000e5957c4eb358
993286.0,195775,python,[JIT],0x0000e031bd85a2d4
993279.0,195775,python,python,compactlongs_and
993239.0,195915,python,python,long_dealloc
993232.0,195984,python,[JIT],0x0000fa70fc81d2f0
993227.0,195984,python,python,_PyJIT_Compile
993225.0,195984,python,[JIT],0x0000fa70fc81df80
993224.0,195843,python,[JIT],0x0000f826446b0004
993220.0,195809,python,python,PyLong_AsLong
993211.0,195984,python,[JIT],0x0000fa70fc81d88c
993190.0,195915,python,[JIT],0x0000e5957c8889f0
993178.0,195843,python,[JIT],0x0000f82644683dbc
993152.0,195915,python,[JIT],0x0000e5957c9366d0
993148.0,195915,python,python,_PyCompactLong_Add
993122.0,195946,python,python,long_dealloc
993119.0,195719,python,[JIT],0x0000e48a97431084
993052.0,195915,python,[JIT],0x0000e5957c93918c
993050.0,195915,python,python,range_iter
993037.0,195809,python,[JIT],0x0000e96f068ad3c4
993025.0,195984,python,[JIT],0x0000fa70fc4f6700
993000.0,195843,python,[JIT],0x0000f826446b02c0
992989.0,195984,python,[JIT],0x0000fa70fc764a9c
992970.0,195984,python,[JIT],0x0000fa70fc81d570
992947.0,195775,python,[JIT],0x0000e031bd85a8b0
992941.0,195843,python,[JIT],0x0000f826446830f8
992904.0,195984,python,[JIT],0x0000fa70fc818c0c
992900.0,195984,python,[JIT],0x0000fa70fc5037a8
992852.0,195843,python,[JIT],0x0000f826445db2d8
992846.0,195915,python,python,_PyJIT_Entry
992825.0,195809,python,[JIT],0x0000e96f068ab130
992817.0,195984,python,python,_PyOptimizer_Optimize
992774.0,195809,python,[JIT],0x0000e96f068d8918
992771.0,195809,python,[JIT],0x0000e96f064f6854
992743.0,195775,python,python,PyObject_GenericSetAttr
992603.0,195809,python,[JIT],0x0000e96f068ab498
992584.0,195809,python,[JIT],0x0000e96f068ab378
992567.0,195809,python,[JIT],0x0000e96f067f1644
992539.0,195719,python,[JIT],0x0000e48a97432a28
992535.0,195984,python,[JIT],0x0000fa70fc81d0d4
992486.0,195984,python,[JIT],0x0000fa70fc81d814
992456.0,195719,python,python,PyObject_GenericSetAttr
992420.0,195809,python,[JIT],0x0000e96f064f61a8
992418.0,195775,python,python,long_div
992373.0,195915,python,[JIT],0x0000e5957c9349c4
992325.0,195809,python,[JIT],0x0000e96f068a46c0
992165.0,195843,python,[JIT],0x0000f826445dbec4
992030.0,195984,python,[JIT],0x0000fa70fc7633b0
992003.0,195843,python,[JIT],0x0000f826446b01fc
991831.0,195915,python,[JIT],0x0000e5957c4eef78
991645.0,195843,python,[JIT],0x0000f826445d806c
990878.0,195719,python,[JIT],0x0000e48a96aceb14
990377.0,195915,python,[JIT],0x0000e5957bf9d628
989881.0,195984,python,python,_PyCompactLong_Add
989407.0,195719,python,[JIT],0x0000e48a974312e0
988141.0,195809,python,python,_Py_dict_lookup
987857.0,195775,python,[JIT],0x0000e031bd887264
987853.0,195809,python,python,PyObject_SetAttr
987671.0,195775,python,[JIT],0x0000e031bd501a3c
985670.0,195843,python,python,PyDict_GetItemRef
984718.0,195719,python,[JIT],0x0000e48a97431138
981937.0,195915,python,[JIT],0x0000e5957c939138
981708.0,195775,python,[JIT],0x0000e031bd85a2d8
981006.0,195915,python,python,PyObject_GenericSetAttr
980802.0,195915,python,[JIT],0x0000e5957c93911c
980368.0,195809,python,[JIT],0x0000e96f068d8178
975356.0,195984,python,[JIT],0x0000fa70fc84a140
971002.0,195843,python,[JIT],0x0000f82644683260
970732.0,195719,python,[JIT],0x0000e48a9745e5cc
966566.0,195915,python,python,PyObject_SetAttr
944167.0,195775,python,python,_PyObject_GetMethodStackRef
766797.0,195719,python,[kernel.kallsyms],task_mm_cid_work
766744.0,195915,python,python,PyLong_FromSsize_t
758152.0,195775,python,[JIT],0x0000e031bd85a114
753658.0,195915,python,[JIT],0x0000e5957c9399f4
752527.0,195915,python,[JIT],0x0000e5957c9396c4
751729.0,195775,python,[JIT],0x0000e031bd545840
751578.0,195984,python,[JIT],0x0000fa70fc81d114
749959.0,195775,python,[JIT],0x0000e031bd85a3c0
747713.0,195915,python,[JIT],0x0000e5957c887430
746905.0,195719,python,[JIT],0x0000e48a97431814
746540.0,195775,python,[JIT],0x0000e031bd50b47c
746056.0,195719,python,[JIT],0x0000e48a97431070
745751.0,195719,python,python,_PyOptimizer_Optimize
745513.0,195719,python,python,range_iter
745502.0,195915,python,[JIT],0x0000e5957c931214
745478.0,195719,python,[JIT],0x0000e48a9745e0dc
745464.0,195915,python,[JIT],0x0000e5957c9392f0
745383.0,195775,python,python,_PyOptimizer_Optimize
745381.0,195719,python,[JIT],0x0000e48a970edd0c
745379.0,195843,python,[JIT],0x0000f82644683c3c
745352.0,195946,python,python,_PyObject_StoreInstanceAttribute
745337.0,195843,python,[JIT],0x0000f8264468302c
745336.0,195915,python,[JIT],0x0000e5957c9390dc
745336.0,195843,python,[JIT],0x0000f826446b038c
745328.0,195719,python,[JIT],0x0000e48a9738806c
745323.0,195843,python,[JIT],0x0000f826445dbb08
745304.0,195915,python,[JIT],0x0000e5957c8895ec
745300.0,195843,python,[JIT],0x0000f826445d82ac
745291.0,195843,python,[JIT],0x0000f826446b0124
745287.0,195915,python,[JIT],0x0000e5957c9661d8
745285.0,195843,python,[JIT],0x0000f8264433b44c
745263.0,195719,python,[JIT],0x0000e48a973842b8
745256.0,195719,python,[JIT],0x0000e48a9745e48c
745254.0,195719,python,[JIT],0x0000e48a974333c4
745252.0,195719,python,[JIT],0x0000e48a96acb9bc
745230.0,195775,python,[JIT],0x0000e031bd851140
745225.0,195843,python,python,_PyObject_GetAttrStackRef
745204.0,195719,python,[JIT],0x0000e48a9738d104
745201.0,195915,python,[JIT],0x0000e5957c939a7c
745193.0,195843,python,python,long_dealloc
745189.0,195843,python,[JIT],0x0000f826446840cc
745188.0,195719,python,[JIT],0x0000e48a97431378
745182.0,195915,python,[JIT],0x0000e5957c9390f4
745164.0,195915,python,[JIT],0x0000e5957c88c310
745163.0,195719,python,[JIT],0x0000e48a9712a5cc
745161.0,195719,python,[JIT],0x0000e48a9712a504
745157.0,195843,python,[JIT],0x0000f8264433c854
745157.0,195843,python,[JIT],0x0000f82644683554
745154.0,195719,python,[JIT],0x0000e48a970ed6d8
745150.0,195719,python,[JIT],0x0000e48a9745e0fc
745148.0,195719,python,[JIT],0x0000e48a974310e4
745147.0,195843,python,[JIT],0x0000f826445db170
745143.0,195843,python,[JIT],0x0000f826446b03a0
745142.0,195843,python,python,compactlongs_and
745140.0,195775,python,python,_PyObject_GetAttrStackRef
745140.0,195719,python,[JIT],0x0000e48a9743135c
745135.0,195843,python,[JIT],0x0000f826446832e0
745134.0,195915,python,[JIT],0x0000e5957c88c358
745133.0,195843,python,python,_Py_LoadAttr_StackRefSteal
745130.0,195915,python,[JIT],0x0000e5957c9398b0
745130.0,195843,python,[JIT],0x0000f826445dc608
745126.0,195984,python,[JIT],0x0000fa70fc81d244
745126.0,195843,python,[JIT],0x0000f8264430f0a4
745125.0,195915,python,[JIT],0x0000e5957c4ec1a8
745124.0,195719,python,[JIT],0x0000e48a970eda24
745121.0,195775,python,[JIT],0x0000e031bd85a160
745121.0,195719,python,[JIT],0x0000e48a9745e178
745113.0,195843,python,[JIT],0x0000f8264433b118
745110.0,195775,python,[JIT],0x0000e031bd887178
745104.0,195719,python,[JIT],0x0000e48a9743258c
745097.0,195719,python,[JIT],0x0000e48a9745e1a0
745096.0,195775,python,[JIT],0x0000e031bd542964
745095.0,195984,python,[JIT],0x0000fa70fc848078
745092.0,195843,python,python,_PySuper_LookupDescr
745088.0,195719,python,[JIT],0x0000e48a97383224
745087.0,195843,python,[JIT],0x0000f826446843b8
745085.0,195984,python,[JIT],0x0000fa70fc84a298
745084.0,195843,python,[JIT],0x0000f82644684180
745080.0,195719,python,[JIT],0x0000e48a97431a38
745076.0,195915,python,[JIT],0x0000e5957c523a50
745064.0,195775,python,python,rangeiter_dealloc
745060.0,195843,python,[JIT],0x0000f826446b0128
745053.0,195843,python,[JIT],0x0000f826446b0140
745051.0,195843,python,[JIT],0x0000f826446836c4
745045.0,195775,python,python,_Py_NewReference
745044.0,195984,python,[JIT],0x0000fa70fc81d80c
745041.0,195719,python,[JIT],0x0000e48a97431038
745038.0,195915,python,[JIT],0x0000e5957bf9d270
745034.0,195843,python,[JIT],0x0000f82644683208
745030.0,195809,python,[JIT],0x0000e96f068d8108
745029.0,195915,python,python,PyObject_GetIter
745028.0,195843,python,[JIT],0x0000f82644309a3c
745025.0,195915,python,[JIT],0x0000e5957c935168
745017.0,195946,python,python,PyDict_GetItemRef
745014.0,195719,python,[JIT],0x0000e48a9712b4fc
745012.0,195775,python,python,PyObject_GenericSetAttr
745010.0,195775,python,[JIT],0x0000e031bd855c58
745009.0,195915,python,[JIT],0x0000e5957c935268
745003.0,195915,python,[JIT],0x0000e5957c939038
745003.0,195843,python,[JIT],0x0000f82644685dec
745003.0,195843,python,[JIT],0x0000f826446866dc
745001.0,195915,python,[JIT],0x0000e5957c84e02c
744999.0,195915,python,[JIT],0x0000e5957c965948
744998.0,195719,python,[JIT],0x0000e48a9745e2f4
744997.0,195775,python,[JIT],0x0000e031bd8576d0
744993.0,195775,python,[JIT],0x0000e031bd545c18
744993.0,195775,python,[JIT],0x0000e031bd85a06c
744993.0,195946,python,[kernel.kallsyms],perf_iterate_ctx
744992.0,195719,python,[JIT],0x0000e48a97431c3c
744989.0,195915,python,[JIT],0x0000e5957c93a08c
744989.0,195775,python,[JIT],0x0000e031bd8567fc
744986.0,195984,python,[JIT],0x0000fa70fc81e198
744984.0,195775,python,[JIT],0x0000e031bd5453e0
744983.0,195915,python,[JIT],0x0000e5957c9359b0
744979.0,195719,python,[JIT],0x0000e48a974311e4
744978.0,195775,python,[JIT],0x0000e031bd851038
744977.0,195843,python,[JIT],0x0000f826446824b4
744976.0,195984,python,[JIT],0x0000fa70fc81d17c
744976.0,195843,python,[JIT],0x0000f82644682178
744972.0,195719,python,[JIT],0x0000e48a97431000
744969.0,195775,python,[JIT],0x0000e031bd50cd90
744969.0,195719,python,[JIT],0x0000e48a9743118c
744960.0,195775,python,[JIT],0x0000e031bd85a680
744955.0,195719,python,[JIT],0x0000e48a97432198
744953.0,195775,python,[JIT],0x0000e031bd85a19c
744952.0,195915,python,[JIT],0x0000e5957c939638
744950.0,195775,python,[JIT],0x0000e031bd7a8318
744948.0,195719,python,[JIT],0x0000e48a9745e164
744947.0,195843,python,[JIT],0x0000f826446836a8
744946.0,195843,python,[kernel.kallsyms],perf_iterate_ctx
744943.0,195719,python,[JIT],0x0000e48a9743111c
744942.0,195984,python,[JIT],0x0000fa70fc504c84
744939.0,195775,python,[JIT],0x0000e031bd4f4060
744939.0,195775,python,[JIT],0x0000e031bd887918
744939.0,195719,python,[JIT],0x0000e48a97431a84
744938.0,195984,python,[JIT],0x0000fa70fc81d130
744936.0,195915,python,[JIT],0x0000e5957c93a92c
744929.0,195775,python,[JIT],0x0000e031bd503350
744929.0,195843,python,[JIT],0x0000f82644683a08
744927.0,195775,python,[JIT],0x0000e031bd8552e0
744927.0,195843,python,[JIT],0x0000f826446b09e4
744926.0,195775,python,[JIT],0x0000e031bd85a10c
744925.0,195984,python,[JIT],0x0000fa70fc81f2a4
744922.0,195984,python,[JIT],0x0000fa70fc84a1ec
744916.0,195843,python,[JIT],0x0000f826446b03d4
744913.0,195719,python,[JIT],0x0000e48a9745e0e0
744912.0,195719,python,[JIT],0x0000e48a974312b4
744912.0,195719,python,[JIT],0x0000e48a9745e174
744908.0,195984,python,[JIT],0x0000fa70fc81d080
744907.0,195984,python,[JIT],0x0000fa70fc81d170
744902.0,195984,python,[JIT],0x0000fa70fc76daec
744896.0,195915,python,[JIT],0x0000e5957c4eb688
744896.0,195915,python,[JIT],0x0000e5957c93977c
744894.0,195719,python,[JIT],0x0000e48a96acc938
744889.0,195915,python,[JIT],0x0000e5957c93a3cc
744889.0,195775,python,[JIT],0x0000e031bd8556cc
744887.0,195775,python,[JIT],0x0000e031bd85b578
744885.0,195984,python,[JIT],0x0000fa70fc503678
744885.0,195984,python,[JIT],0x0000fa70fc81d118
744882.0,195843,python,[JIT],0x0000f826445dc4c8
744881.0,195915,python,[JIT],0x0000e5957c934984
744871.0,195915,python,[JIT],0x0000e5957c93a194
744868.0,195915,python,[JIT],0x0000e5957c939414
744866.0,195984,python,[JIT],0x0000fa70fc81d2d8
744865.0,195915,python,[JIT],0x0000e5957c88867c
744864.0,195915,python,[JIT],0x0000e5957c9392dc
744863.0,195915,python,[JIT],0x0000e5957c5230a8
744862.0,195915,python,[JIT],0x0000e5957c9390e0
744857.0,195775,python,[JIT],0x0000e031bd7aabb0
744856.0,195843,python,[JIT],0x0000f82644372cc8
744854.0,195915,python,[JIT],0x0000e5957c93a1a8
744854.0,195843,python,[JIT],0x0000f826445db104
744849.0,195984,python,[JIT],0x0000fa70fc81dc48
744849.0,195915,python,[JIT],0x0000e5957c525778
744848.0,195915,python,[JIT],0x0000e5957c93914c
744848.0,195915,python,[JIT],0x0000e5957c96502c
744846.0,195775,python,[JIT],0x0000e031bd546a9c
744838.0,195719,python,[JIT],0x0000e48a97388008
744833.0,195915,python,[JIT],0x0000e5957c88c1d0
744832.0,195775,python,[JIT],0x0000e031bd50b258
744825.0,195984,python,[JIT],0x0000fa70fc76b080
744818.0,195775,python,[JIT],0x0000e031bd85121c
744816.0,195809,python,[JIT],0x0000e96f068a69c4
744804.0,195984,python,[JIT],0x0000fa70fc81d138
744802.0,195915,python,[JIT],0x0000e5957c93935c
744802.0,195809,python,[JIT],0x0000e96f064f64e8
744792.0,195915,python,[JIT],0x0000e5957c934b50
744785.0,195843,python,[JIT],0x0000f82644683ac0
744782.0,195984,python,[JIT],0x0000fa70fc81a6d0
744779.0,195915,python,[JIT],0x0000e5957c966558
744777.0,195984,python,[JIT],0x0000fa70fc8166ac
744774.0,195809,python,python,_PyLong_FromMedium
744765.0,195915,python,[JIT],0x0000e5957c9366cc
744758.0,195809,python,python,PyObject_SetAttr
744757.0,195775,python,[JIT],0x0000e031bd85a5b8
744756.0,195843,python,[JIT],0x0000f8264433c1b8
744752.0,195775,python,[JIT],0x0000e031bd7aa2d8
744750.0,195809,python,[JIT],0x0000e96f064f5808
744737.0,195775,python,[JIT],0x0000e031bd7aa628
744733.0,195809,python,[JIT],0x0000e96f064eb96c
744730.0,195809,python,python,_PyObject_StoreInstanceAttribute
744729.0,195775,python,[JIT],0x0000e031bd54576c
744724.0,195984,python,python,PyNumber_FloorDivide
744723.0,195984,python,[JIT],0x0000fa70fc4f52c8
744719.0,195984,python,[JIT],0x0000fa70fc81d000
744718.0,195984,python,[JIT],0x0000fa70fc811264
744718.0,195843,python,[JIT],0x0000f826446b003c
744717.0,195775,python,[JIT],0x0000e031bd8867c0
744717.0,195843,python,[JIT],0x0000f826446b00fc
744711.0,195775,python,[JIT],0x0000e031bd855c18
744705.0,195984,python,[JIT],0x0000fa70fc81d060
744704.0,195809,python,python,PyNumber_InPlaceFloorDivide
744698.0,195775,python,[JIT],0x0000e031bd85a090
744696.0,195809,python,[JIT],0x0000e96f068ab594
744688.0,195915,python,python,_Py_LoadAttr_StackRefSteal
744688.0,195719,python,[JIT],0x0000e48a970ed8ec
744683.0,195775,python,[JIT],0x0000e031bd85a594
744677.0,195809,python,[JIT],0x0000e96f067f13d0
744667.0,195775,python,[JIT],0x0000e031bd85b1ec
744662.0,195843,python,[JIT],0x0000f82644372df4
744657.0,195915,python,[JIT],0x0000e5957c9392d4
744655.0,195809,python,[JIT],0x0000e96f064eb964
744642.0,195775,python,[JIT],0x0000e031bd4eb624
744634.0,195915,python,[JIT],0x0000e5957bff6700
744634.0,195809,python,[JIT],0x0000e96f068ab138
744634.0,195809,python,[JIT],0x0000e96f068ab2f0
744633.0,195984,python,[JIT],0x0000fa70fc4f6f90
744632.0,195809,python,[JIT],0x0000e96f068a6084
744630.0,195809,python,[JIT],0x0000e96f068a6b14
744628.0,195984,python,python,long_div
744621.0,195915,python,[JIT],0x0000e5957c8884b0
744603.0,195809,python,[JIT],0x0000e96f067fa8e4
744596.0,195809,python,[JIT],0x0000e96f068abb38
744585.0,195809,python,[JIT],0x0000e96f067f12dc
744578.0,195915,python,[JIT],0x0000e5957c93906c
744570.0,195719,python,[JIT],0x0000e48a9745e548
744565.0,195843,python,[JIT],0x0000f826446b0358
744564.0,195843,python,[JIT],0x0000f826446836d0
744563.0,195809,python,[JIT],0x0000e96f068d6078
744549.0,195915,python,[JIT],0x0000e5957c9359b8
744544.0,195809,python,[JIT],0x0000e96f068ab528
744516.0,195809,python,[JIT],0x0000e96f068ac180
744497.0,195843,python,[JIT],0x0000f826445d96b0
744484.0,195775,python,[JIT],0x0000e031bd50c118
744480.0,195809,python,[JIT],0x0000e96f064f5104
744479.0,195809,python,[JIT],0x0000e96f05f5c1ac
744461.0,195984,python,[JIT],0x0000fa70fc815214
744456.0,195719,python,[JIT],0x0000e48a974312a0
744452.0,195915,python,[JIT],0x0000e5957c939d48
744439.0,195915,python,python,PyLong_AsLong
744436.0,195915,python,[JIT],0x0000e5957c93910c
744432.0,195809,python,[JIT],0x0000e96f068a602c
744425.0,195984,python,[JIT],0x0000fa70fc503b74
744413.0,195809,python,[JIT],0x0000e96f068a6fa0
744388.0,195775,python,[JIT],0x0000e031bd502a44
744374.0,195809,python,[JIT],0x0000e96f05f51628
744363.0,195809,python,python,compactlongs_and
744360.0,195775,python,[JIT],0x0000e031bd85a6c8
744352.0,195775,python,python,_PyCompactLong_Subtract
744348.0,195915,python,[JIT],0x0000e5957c939260
744331.0,195809,python,[JIT],0x0000e96f064eb0a4
744299.0,195809,python,python,PyObject_GenericSetAttr
744288.0,195984,python,[JIT],0x0000fa70fc4fb974
744281.0,195809,python,[JIT],0x0000e96f05f98648
744262.0,195775,python,[JIT],0x0000e031bd7aa7d0
744247.0,195809,python,[JIT],0x0000e96f05f99f80
744234.0,195843,python,[JIT],0x0000f8264433c330
744195.0,195809,python,[JIT],0x0000e96f05f98bc8
744191.0,195843,python,python,compactlongs_xor
744164.0,195719,python,[JIT],0x0000e48a96acb5fc
744136.0,195719,python,[JIT],0x0000e48a9738c40c
744108.0,195809,python,[JIT],0x0000e96f068a7f6c
744105.0,195984,python,[JIT],0x0000fa70fc81d2d0
744105.0,195915,python,[JIT],0x0000e5957c888774
744057.0,195984,python,[JIT],0x0000fa70fc4fb1b4
744007.0,195775,python,[JIT],0x0000e031bd50c89c
743932.0,195809,python,[JIT],0x0000e96f067f99b8
743855.0,195809,python,[JIT],0x0000e96f067f2a9c
743806.0,195809,python,[JIT],0x0000e96f068abe08
743761.0,195775,python,[JIT],0x0000e031bd50bab8
743642.0,195719,python,[JIT],0x0000e48a9745e1bc
743609.0,195775,python,python,compactlongs_guard
743543.0,195984,python,[JIT],0x0000fa70fc84a4b4
743438.0,195843,python,[JIT],0x0000f8264468220c
743342.0,195984,python,[JIT],0x0000fa70fc8182ac
743321.0,195843,python,[JIT],0x0000f82644684198
743182.0,195984,python,[JIT],0x0000fa70fc848898
742819.0,195809,python,[JIT],0x0000e96f064f5cb8
742511.0,195843,python,[JIT],0x0000f826446840ac
742307.0,195984,python,[JIT],0x0000fa70fc7636fc
741870.0,195984,python,[JIT],0x0000fa70fc4f53b4
741836.0,195843,python,python,_PyCompactLong_Add
741355.0,195843,python,[JIT],0x0000f82644683b44
740302.0,195843,python,python,PyNumber_InPlaceFloorDivide
740120.0,195809,python,[JIT],0x0000e96f067f9eac
739241.0,195719,python,[JIT],0x0000e48a974333b8
739086.0,195915,python,[JIT],0x0000e5957c4ebccc
738654.0,195719,python,python,PyObject_SetAttr
738071.0,195809,python,[JIT],0x0000e96f068d8474
737450.0,195775,python,[JIT],0x0000e031bd851358
737019.0,195915,python,[JIT],0x0000e5957c93966c
736624.0,195843,python,[JIT],0x0000f826446830e0
735313.0,195719,python,[JIT],0x0000e48a96accb78
734649.0,195809,python,[JIT],0x0000e96f068ac584
734321.0,195809,python,[JIT],0x0000e96f05f9a320
734129.0,195809,python,[JIT],0x0000e96f068ab8b0
733655.0,195775,python,python,_PyObject_GenericGetAttrWithDict
733652.0,195719,python,[JIT],0x0000e48a9745e400
733515.0,195775,python,python,_PyUnicode_InternMortal
733162.0,195775,python,[JIT],0x0000e031bd8511cc
729857.0,195915,python,[JIT],0x0000e5957c9661c0
729775.0,195915,python,[JIT],0x0000e5957c9662c0
726430.0,195775,python,[JIT],0x0000e031bd855880
725776.0,195984,python,[JIT],0x0000fa70fc4f67d8
722875.0,195809,python,[JIT],0x0000e96f068ab10c
722320.0,195843,python,[JIT],0x0000f826446840b4
721903.0,195915,python,[JIT],0x0000e5957c4ecb50
699364.0,195843,python,[JIT],0x0000f82644683720
609596.0,195915,python,[JIT],0x0000e5957c5252b4
582901.0,195809,python,[JIT],0x0000e96f067f9328
580694.0,195915,python,python,compactlongs_xor
529661.0,195719,python,python,_PyUnicode_InternMortal
524688.0,195915,python,[kernel.kallsyms],task_mm_cid_work
515138.0,195915,python,[JIT],0x0000e5957c888fd8
514674.0,195984,python,[JIT],0x0000fa70fc7630c8
513965.0,195719,python,[JIT],0x0000e48a96a9cb58
512585.0,195719,python,[JIT],0x0000e48a9738d54c
511989.0,195984,python,[JIT],0x0000fa70fc81d4c4
510349.0,195915,python,python,_PyCompactLong_Subtract
509866.0,195775,python,[JIT],0x0000e031bd856f6c
508423.0,195915,python,[JIT],0x0000e5957c93aa1c
508367.0,195775,python,[JIT],0x0000e031bd8873c4
508294.0,195719,python,[kernel.kallsyms],handle_softirqs
507004.0,195843,python,[kernel.kallsyms],task_mm_cid_work
506019.0,195809,python,[JIT],0x0000e96f064f3a68
505912.0,195809,python,[JIT],0x0000e96f068d83f0
504490.0,195809,python,[JIT],0x0000e96f064f61ac
503966.0,195809,python,[JIT],0x0000e96f064f63a8
503784.0,195984,python,[kernel.kallsyms],task_mm_cid_work
503123.0,195843,python,[JIT],0x0000f826445d15c4
502973.0,195915,python,[JIT],0x0000e5957c4eb1ac
502767.0,195915,python,[JIT],0x0000e5957c931008
502225.0,195809,python,[JIT],0x0000e96f064f5ef8
501987.0,195843,python,[JIT],0x0000f826445d3cbc
501151.0,195775,python,[JIT],0x0000e031bd501a70
500835.0,195719,python,[JIT],0x0000e48a9745c7dc
500378.0,195843,python,[JIT],0x0000f826446b0178
499677.0,195719,python,[JIT],0x0000e48a96a97320
499505.0,195915,python,[JIT],0x0000e5957c888a04
499476.0,195719,python,[JIT],0x0000e48a974318a8
499387.0,195719,python,[JIT],0x0000e48a9738b118
499067.0,195719,python,[JIT],0x0000e48a96afb954
498921.0,195843,python,[JIT],0x0000f82644683414
498758.0,195915,python,[JIT],0x0000e5957c88722c
498546.0,195915,python,[JIT],0x0000e5957c525ab0
498414.0,195843,python,[JIT],0x0000f826445dd22c
497982.0,195719,python,[JIT],0x0000e48a96accb40
497971.0,195809,python,[JIT],0x0000e96f068a62d4
497842.0,195915,python,[JIT],0x0000e5957c8887c4
497791.0,195915,python,[JIT],0x0000e5957c939e44
497645.0,195719,python,[JIT],0x0000e48a96acc2d0
497600.0,195915,python,[JIT],0x0000e5957c93aa28
497560.0,195843,python,[JIT],0x0000f826445d89a0
497551.0,195809,python,[JIT],0x0000e96f05f992a0
497310.0,195775,python,[JIT],0x0000e031bd887124
497216.0,195915,python,[JIT],0x0000e5957c523b78
497200.0,195775,python,python,optimize_uops.isra.0
497116.0,195775,python,[JIT],0x0000e031bd8874d4
497109.0,195984,python,[JIT],0x0000fa70fc819178
497094.0,195843,python,[JIT],0x0000f826445dc7c0
497061.0,195719,python,[JIT],0x0000e48a974310c0
497058.0,195843,python,[JIT],0x0000f826446b0348
497046.0,195843,python,[JIT],0x0000f826445d14d8
497044.0,195775,python,[JIT],0x0000e031bd76eb78
497043.0,195843,python,[JIT],0x0000f826445db220
497027.0,195719,python,[JIT],0x0000e48a97431788
497023.0,195843,python,[JIT],0x0000f826445dc0a8
497014.0,195719,python,[JIT],0x0000e48a97432084
497007.0,195843,python,[JIT],0x0000f82644684658
497003.0,195843,python,[JIT],0x0000f8264468411c
497002.0,195843,python,python,rangeiter_dealloc
496998.0,195719,python,[JIT],0x0000e48a96af37e4
496995.0,195984,python,[JIT],0x0000fa70fc81d370
496984.0,195915,python,[JIT],0x0000e5957bff69b8
496984.0,195719,python,[JIT],0x0000e48a970ed008
496975.0,195843,python,[JIT],0x0000f8264430f040
496969.0,195843,python,[JIT],0x0000f8264430aa10
496965.0,195719,python,[JIT],0x0000e48a9743120c
496955.0,195843,python,[JIT],0x0000f8264468212c
496952.0,195843,python,[JIT],0x0000f82644683b4c
496951.0,195915,python,[JIT],0x0000e5957bff6024
496951.0,195775,python,[JIT],0x0000e031bd85a804
496951.0,195719,python,[JIT],0x0000e48a96afba28
496950.0,195915,python,[JIT],0x0000e5957c9660b8
496946.0,195719,python,[JIT],0x0000e48a97384028
496945.0,195984,python,[JIT],0x0000fa70fc81d8b0
496943.0,195843,python,[JIT],0x0000f826443720e4
496939.0,195719,python,[JIT],0x0000e48a970edce8
496936.0,195843,python,[JIT],0x0000f826446b04d4
496935.0,195775,python,[JIT],0x0000e031bd85abc8
496929.0,195843,python,[JIT],0x0000f826446b0254
496927.0,195809,python,python,_PySuper_Lookup
496926.0,195775,python,[JIT],0x0000e031bd50cd0c
496924.0,195915,python,[JIT],0x0000e5957c93aaa0
496919.0,195809,python,[JIT],0x0000e96f068d8288
496919.0,195843,python,[JIT],0x0000f826445d15d8
496916.0,195843,python,[JIT],0x0000f826446af748
496915.0,195915,python,[JIT],0x0000e5957bff6bc4
496915.0,195719,python,[JIT],0x0000e48a974331f8
496915.0,195843,python,[JIT],0x0000f826445d2a80
496913.0,195719,python,[JIT],0x0000e48a97431a7c
496912.0,195843,python,[JIT],0x0000f826445d831c
496912.0,195843,python,[JIT],0x0000f82644684190
496907.0,195809,python,[JIT],0x0000e96f068a6880
496905.0,195775,python,[JIT],0x0000e031bd50c464
496905.0,195719,python,[JIT],0x0000e48a9738b6d8
496903.0,195719,python,[JIT],0x0000e48a9743232c
496901.0,195809,python,[JIT],0x0000e96f067f18f0
496900.0,195843,python,[JIT],0x0000f82644309c5c
496898.0,195915,python,[JIT],0x0000e5957c965718
496898.0,195915,python,[JIT],0x0000e5957c966174
496898.0,195843,python,[JIT],0x0000f826445db618
496898.0,195843,python,[JIT],0x0000f82644683094
496896.0,195719,python,[JIT],0x0000e48a9738bd90
496895.0,195719,python,[JIT],0x0000e48a97431fd8
496892.0,195915,python,[JIT],0x0000e5957c966040
496891.0,195915,python,[JIT],0x0000e5957c934bd8
496890.0,195775,python,[JIT],0x0000e031bd545a08
496890.0,195775,python,[JIT],0x0000e031bd85a94c
496890.0,195775,python,[JIT],0x0000e031bd85b298
496889.0,195719,python,[JIT],0x0000e48a9738c4c8
496888.0,195843,python,[JIT],0x0000f8264433b7c4
496887.0,195843,python,[JIT],0x0000f82644682154
496886.0,195915,python,[JIT],0x0000e5957c934030
496886.0,195946,python,python,PyObject_GenericSetAttr
496884.0,195915,python,[JIT],0x0000e5957c4eb2ec
496883.0,195946,python,python,_PySuper_Lookup
496883.0,195719,python,[JIT],0x0000e48a9738b684
496880.0,195843,python,[JIT],0x0000f826445dc9b8
496878.0,195775,python,[JIT],0x0000e031bd50c330
496877.0,195843,python,[JIT],0x0000f8264468407c
496876.0,195915,python,[JIT],0x0000e5957c931044
496875.0,195719,python,[JIT],0x0000e48a973840f0
496874.0,195915,python,[JIT],0x0000e5957c939984
496874.0,195775,python,[JIT],0x0000e031bd545348
496874.0,195719,python,[JIT],0x0000e48a97431c48
496873.0,195915,python,[JIT],0x0000e5957c9390d0
496873.0,195843,python,[JIT],0x0000f82644683114
496872.0,195984,python,[JIT],0x0000fa70fc72e2b0
496871.0,195843,python,[JIT],0x0000f826445d103c
496868.0,195915,python,[JIT],0x0000e5957bf969cc
496868.0,195719,python,[JIT],0x0000e48a9738c4b0
496867.0,195719,python,[JIT],0x0000e48a97432578
496866.0,195915,python,[JIT],0x0000e5957c93b3c4
496865.0,195843,python,python,_Py_uop_analyze_and_optimize
496864.0,195915,python,[JIT],0x0000e5957c9393d8
496864.0,195719,python,[JIT],0x0000e48a970ed13c
496864.0,195843,python,[JIT],0x0000f82644684d84
496863.0,195719,python,[JIT],0x0000e48a9738d22c
496862.0,195915,python,[JIT],0x0000e5957c93a8a4
496862.0,195946,python,python,PyUnicode_CompareWithASCIIString
496861.0,195915,python,[JIT],0x0000e5957c888d78
496860.0,195915,python,python,analyze_descriptor_load.constprop.0
496858.0,195719,python,[JIT],0x0000e48a970ed290
496858.0,195843,python,[JIT],0x0000f826446832d8
496857.0,195719,python,[JIT],0x0000e48a9712a9a8
496856.0,195719,python,[JIT],0x0000e48a96accad8
496856.0,195719,python,[JIT],0x0000e48a9738b918
496856.0,195843,python,[JIT],0x0000f8264433bd7c
496856.0,195843,python,[JIT],0x0000f82644682174
496854.0,195719,python,[JIT],0x0000e48a9745e2d0
496852.0,195915,python,[JIT],0x0000e5957c939214
496851.0,195984,python,[JIT],0x0000fa70fc81d12c
496851.0,195843,python,[JIT],0x0000f826442ef73c
496850.0,195719,python,[JIT],0x0000e48a96acba3c
496849.0,195719,python,[JIT],0x0000e48a97431b44
496849.0,195843,python,[JIT],0x0000f8264468202c
496849.0,195843,python,[JIT],0x0000f826446b0038
496848.0,195915,python,[JIT],0x0000e5957c88c0f0
496848.0,195915,python,[JIT],0x0000e5957c939a60
496848.0,195719,python,[JIT],0x0000e48a96afba44
496846.0,195775,python,[JIT],0x0000e031bd856738
496842.0,195719,python,[JIT],0x0000e48a96afc5f8
496841.0,195775,python,[JIT],0x0000e031bd5424ac
496841.0,195775,python,[JIT],0x0000e031bd85c3c0
496841.0,195719,python,[JIT],0x0000e48a97432288
496840.0,195915,python,[JIT],0x0000e5957c889368
496840.0,195843,python,[JIT],0x0000f8264433b6bc
496840.0,195843,python,[JIT],0x0000f826445d2c30
496839.0,195843,python,[JIT],0x0000f82644683340
496839.0,195843,python,[JIT],0x0000f82644683ba4
496837.0,195719,python,[JIT],0x0000e48a96af3040
496833.0,195719,python,[JIT],0x0000e48a974319d4
496830.0,195719,python,[JIT],0x0000e48a9745e2b8
496830.0,195843,python,[JIT],0x0000f826446821d0
496829.0,195915,python,[JIT],0x0000e5957c93540c
496828.0,195915,python,[JIT],0x0000e5957bf959e0
496828.0,195915,python,[JIT],0x0000e5957c96638c
496827.0,195843,python,[JIT],0x0000f82644684ea8
496822.0,195915,python,[JIT],0x0000e5957c939c3c
496822.0,195775,python,python,initialize_locals
496822.0,195843,python,[JIT],0x0000f826445dc160
496821.0,195843,python,[JIT],0x0000f82644683724
496820.0,195775,python,[JIT],0x0000e031bd5029cc
496820.0,195775,python,[JIT],0x0000e031bd856054
496820.0,195719,python,[JIT],0x0000e48a9738938c
496820.0,195843,python,[JIT],0x0000f82644683160
496819.0,195843,python,[JIT],0x0000f82644683a38
496818.0,195915,python,[JIT],0x0000e5957bff6294
496818.0,195719,python,[JIT],0x0000e48a97431030
496817.0,195915,python,[JIT],0x0000e5957c93962c
496817.0,195719,python,[JIT],0x0000e48a974312d4
496816.0,195915,python,[JIT],0x0000e5957c4ebfc8
496815.0,195915,python,[JIT],0x0000e5957c84e740
496814.0,195915,python,[JIT],0x0000e5957c9391e4
496814.0,195843,python,[JIT],0x0000f82644372b6c
496813.0,195719,python,[JIT],0x0000e48a97433dec
496811.0,195719,python,[JIT],0x0000e48a97432ee8
496810.0,195775,python,[JIT],0x0000e031bd8564c0
496809.0,195775,python,[JIT],0x0000e031bd545978
496808.0,195984,python,python,_PySuper_LookupDescr
496807.0,195843,python,[JIT],0x0000f82644683598
496806.0,195719,python,[JIT],0x0000e48a973841bc
496804.0,195719,python,[JIT],0x0000e48a9712a7d4
496803.0,195915,python,[JIT],0x0000e5957c935f6c
496803.0,195775,python,[JIT],0x0000e031bd7a95d8
496802.0,195719,python,[JIT],0x0000e48a96afb7c4
496801.0,195719,python,python,PyNumber_FloorDivide
496801.0,195719,python,[JIT],0x0000e48a9745c720
496801.0,195719,python,[JIT],0x0000e48a9745e3ec
496801.0,195843,python,[JIT],0x0000f8264430f1b4
496800.0,195775,python,[JIT],0x0000e031bd8513b0
496797.0,195915,python,[JIT],0x0000e5957c935d34
496797.0,195719,python,[JIT],0x0000e48a96acbd94
496796.0,195915,python,[JIT],0x0000e5957c4ec7f0
496796.0,195775,python,[JIT],0x0000e031bd8871d0
496796.0,195915,python,libc.so.6,__strlen_asimd
496794.0,195915,python,[JIT],0x0000e5957c8897e0
496794.0,195915,python,[JIT],0x0000e5957c939208
496793.0,195915,python,[JIT],0x0000e5957bff55c4
496793.0,195915,python,[JIT],0x0000e5957c8891a4
496793.0,195719,python,[JIT],0x0000e48a973841a0
496793.0,195719,python,[JIT],0x0000e48a97431808
496792.0,195984,python,[JIT],0x0000fa70fc4f5378
496792.0,195915,python,[JIT],0x0000e5957c4eb550
496791.0,195984,python,[JIT],0x0000fa70fc81d73c
496791.0,195984,python,python,_PyUnicode_InternMortal
496791.0,195719,python,[JIT],0x0000e48a970ed15c
496791.0,195843,python,[JIT],0x0000f8264430aafc
496786.0,195984,python,[JIT],0x0000fa70fc81def4
496786.0,195915,python,[JIT],0x0000e5957c939d24
496786.0,195775,python,[JIT],0x0000e031bd5031c8
496786.0,195946,python,python,_PyObject_GetAttrStackRef
496786.0,195843,python,[JIT],0x0000f826445d1f58
496785.0,195915,python,[JIT],0x0000e5957c93a9ec
496785.0,195775,python,[JIT],0x0000e031bd856884
496785.0,195719,python,[JIT],0x0000e48a9738c920
496784.0,195719,python,[JIT],0x0000e48a9738ca68
496783.0,195719,python,[JIT],0x0000e48a97431af4
496782.0,195775,python,[JIT],0x0000e031bd5012b4
496782.0,195843,python,[JIT],0x0000f8264433a088
496781.0,195719,python,[JIT],0x0000e48a9745e184
496779.0,195946,python,python,_PyEvalFramePushAndInit
496779.0,195719,python,[JIT],0x0000e48a96a95148
496779.0,195719,python,[JIT],0x0000e48a9745e510
496778.0,195915,python,[JIT],0x0000e5957c9390d8
496778.0,195915,python,[JIT],0x0000e5957c966108
496778.0,195719,python,[JIT],0x0000e48a96acc3ac
496778.0,195843,python,[JIT],0x0000f82644683848
496778.0,195843,python,[JIT],0x0000f82644683de8
496777.0,195915,python,[JIT],0x0000e5957c96649c
496776.0,195775,python,[JIT],0x0000e031bd7a98a8
496776.0,195843,python,[JIT],0x0000f826445dc3f0
496775.0,195915,python,[JIT],0x0000e5957c93584c
496775.0,195843,python,[JIT],0x0000f8264468337c
496774.0,195775,python,[JIT],0x0000e031bd852178
496774.0,195775,python,[JIT],0x0000e031bd85a740
496772.0,195915,python,[JIT],0x0000e5957c934878
496772.0,195775,python,[JIT],0x0000e031bd50c1a8
496772.0,195719,python,[JIT],0x0000e48a9738b0f8
496772.0,195719,python,[JIT],0x0000e48a97431d58
496772.0,195843,python,[JIT],0x0000f826446842f8
496772.0,195843,python,[JIT],0x0000f826446b0040
496771.0,195843,python,[JIT],0x0000f82644683088
496771.0,195843,python,[JIT],0x0000f826446af558
496770.0,195775,python,[JIT],0x0000e031bd542590
496769.0,195915,python,[JIT],0x0000e5957c4eb6f4
496769.0,195915,python,python,_PyType_GetDict
496769.0,195843,python,[JIT],0x0000f826443093b4
496769.0,195843,python,[JIT],0x0000f826443095c4
496768.0,195915,python,[JIT],0x0000e5957c523c20
496768.0,195775,python,[JIT],0x0000e031bd851054
496768.0,195843,python,[JIT],0x0000f82644309df0
496767.0,195915,python,[JIT],0x0000e5957c93b1d0
496767.0,195719,python,[JIT],0x0000e48a974313c0
496767.0,195843,python,[JIT],0x0000f826442fc238
496767.0,195809,python,python,_PyCompactLong_Subtract
496766.0,195843,python,[JIT],0x0000f826446b020c
496765.0,195843,python,[JIT],0x0000f826442f8150
496765.0,195843,python,[JIT],0x0000f826443722b4
496764.0,195775,python,[JIT],0x0000e031bd7a9eac
496763.0,195915,python,[JIT],0x0000e5957c9340d4
496763.0,195915,python,[JIT],0x0000e5957c939424
496762.0,195946,python,python,PyObject_IsInstance
496761.0,195719,python,[JIT],0x0000e48a9745c464
496760.0,195915,python,[JIT],0x0000e5957c5232f8
496760.0,195719,python,[JIT],0x0000e48a9712aca4
496760.0,195719,python,[JIT],0x0000e48a9738bc34
496760.0,195843,python,[JIT],0x0000f8264433c8cc
496760.0,195809,python,python,initialize_locals
496759.0,195984,python,[JIT],0x0000fa70fc76b408
496759.0,195915,python,[JIT],0x0000e5957bff5bec
496759.0,195775,python,[JIT],0x0000e031bd85687c
496759.0,195843,python,python,_PyUnicode_InternMortal
496759.0,195843,python,[JIT],0x0000f82644682008
496759.0,195843,python,[JIT],0x0000f82644685278
496758.0,195915,python,[JIT],0x0000e5957c939070
496758.0,195719,python,[JIT],0x0000e48a97431118
496758.0,195719,python,[JIT],0x0000e48a9745d0b0
496758.0,195809,python,[JIT],0x0000e96f068ad3c0
496758.0,195843,python,[JIT],0x0000f8264468377c
496757.0,195915,python,[JIT],0x0000e5957c9357ac
496757.0,195915,python,[JIT],0x0000e5957c966140
496756.0,195984,python,[JIT],0x0000fa70fc8110f4
496756.0,195775,python,python,_PyCompactLong_Add
496754.0,195719,python,[JIT],0x0000e48a96afb584
496754.0,195843,python,[JIT],0x0000f82644683090
496754.0,195843,python,[JIT],0x0000f826446b011c
496753.0,195915,python,[kernel.kallsyms],__perf_addr_filters_adjust
496753.0,195843,python,[JIT],0x0000f826445dc4c4
496752.0,195719,python,[JIT],0x0000e48a97389970
496752.0,195719,python,[JIT],0x0000e48a9738bf50
496752.0,195843,python,[JIT],0x0000f826446b030c
496751.0,195984,python,[JIT],0x0000fa70fc5032b4
496751.0,195915,python,[JIT],0x0000e5957c5256a4
496751.0,195719,python,[JIT],0x0000e48a9738302c
496751.0,195843,python,[JIT],0x0000f826445d18b8
496750.0,195915,python,[JIT],0x0000e5957c939680
496750.0,195843,python,[JIT],0x0000f826445dbe9c
496749.0,195775,python,[JIT],0x0000e031bd85ac20
496749.0,195719,python,[JIT],0x0000e48a96afc7ec
496749.0,195843,python,[JIT],0x0000f826446834d8
496748.0,195775,python,[JIT],0x0000e031bd54275c
496748.0,195775,python,[JIT],0x0000e031bd85a248
496747.0,195915,python,[JIT],0x0000e5957c9396d4
496746.0,195915,python,[JIT],0x0000e5957c9664c0
496745.0,195843,python,[JIT],0x0000f8264433c464
496745.0,195843,python,[JIT],0x0000f82644683d18
496744.0,195843,python,[JIT],0x0000f826446822f4
496743.0,195915,python,[JIT],0x0000e5957c934138
496742.0,195719,python,[JIT],0x0000e48a9743110c
496742.0,195843,python,[JIT],0x0000f826445d29d4
496740.0,195775,python,[JIT],0x0000e031bd503480
496740.0,195775,python,[JIT],0x0000e031bd8550d4
496740.0,195843,python,[JIT],0x0000f826446af02c
496739.0,195775,python,[JIT],0x0000e031bd852140
496739.0,195843,python,[JIT],0x0000f8264433b550
496738.0,195984,python,[JIT],0x0000fa70fc84a0b8
496738.0,195915,python,[JIT],0x0000e5957c939590
496738.0,195809,python,[JIT],0x0000e96f067f9604
496737.0,195915,python,[JIT],0x0000e5957c939c40
496736.0,195775,python,[JIT],0x0000e031bd85b56c
496736.0,195719,python,[JIT],0x0000e48a974333ac
496736.0,195843,python,[JIT],0x0000f826443721b8
496735.0,195984,python,[JIT],0x0000fa70fc818090
496735.0,195775,python,[JIT],0x0000e031bd855118
496735.0,195946,python,[JIT],0x0000fc22a97a2ec4
496735.0,195719,python,[JIT],0x0000e48a973880e8
496735.0,195719,python,[JIT],0x0000e48a97431080
496734.0,195984,python,python,initialize_locals
496734.0,195915,python,[JIT],0x0000e5957c84e0a8
496734.0,195775,python,[JIT],0x0000e031bd502694
496734.0,195775,python,[JIT],0x0000e031bd7aa174
496733.0,195775,python,[JIT],0x0000e031bd501240
496733.0,195775,python,[JIT],0x0000e031bd50b544
496733.0,195843,python,[JIT],0x0000f82644309120
496732.0,195915,python,[JIT],0x0000e5957c4ebee0
496732.0,195915,python,[JIT],0x0000e5957c93a190
496732.0,195915,python,[JIT],0x0000e5957c966918
496732.0,195775,python,[JIT],0x0000e031bd85ac48
496732.0,195809,python,[kernel.kallsyms],__flush_tlb_range
496731.0,195915,python,[JIT],0x0000e5957c52555c
496730.0,195843,python,[JIT],0x0000f8264430a970
496729.0,195984,python,[JIT],0x0000fa70fc504b4c
496729.0,195915,python,[JIT],0x0000e5957c4ec7f8
496728.0,195719,python,[JIT],0x0000e48a97431e48
496728.0,195843,python,[JIT],0x0000f8264430acf0
496727.0,195915,python,[JIT],0x0000e5957c4ec19c
496727.0,195775,python,[JIT],0x0000e031bd502b30
496727.0,195775,python,[JIT],0x0000e031bd50b7e8
496726.0,195775,python,[JIT],0x0000e031bd887140
496726.0,195719,python,[JIT],0x0000e48a9738cd30
496724.0,195775,python,[JIT],0x0000e031bd5024f8
496724.0,195719,python,[JIT],0x0000e48a9745e33c
496723.0,195775,python,[JIT],0x0000e031bd85a038
496723.0,195809,python,[JIT],0x0000e96f068a79b8
496723.0,195843,python,[JIT],0x0000f826446b0064
496721.0,195915,python,[JIT],0x0000e5957c965530
496721.0,195719,python,[JIT],0x0000e48a97432034
496720.0,195984,python,[JIT],0x0000fa70fc7637b8
496720.0,195984,python,[JIT],0x0000fa70fc84a358
496720.0,195775,python,[JIT],0x0000e031bd7a9dd0
496720.0,195719,python,[JIT],0x0000e48a974321dc
496720.0,195843,python,python,_Py_Dealloc
496720.0,195843,python,[JIT],0x0000f82644372ec8
496719.0,195984,python,[JIT],0x0000fa70fc503bd4
496719.0,195719,python,[JIT],0x0000e48a970edb7c
496719.0,195719,python,[JIT],0x0000e48a9738c4d4
496718.0,195915,python,[JIT],0x0000e5957c5250a4
496718.0,195915,python,[JIT],0x0000e5957c939878
496717.0,195915,python,[JIT],0x0000e5957c8898b0
496717.0,195719,python,[JIT],0x0000e48a9745e58c
496715.0,195984,python,[JIT],0x0000fa70fc76d0f8
496715.0,195915,python,[JIT],0x0000e5957c939d3c
496715.0,195843,python,python,_Py_NewReference
496715.0,195843,python,[JIT],0x0000f826445d126c
496715.0,195843,python,[JIT],0x0000f826446837f0
496714.0,195984,python,python,_PyObject_GetAttrStackRef
496714.0,195843,python,[JIT],0x0000f8264433c0a8
496714.0,195843,python,[JIT],0x0000f826445dc738
496713.0,195984,python,[JIT],0x0000fa70fc81d6b0
496713.0,195719,python,[JIT],0x0000e48a974312f8
496713.0,195843,python,[JIT],0x0000f826446af214
496712.0,195984,python,[JIT],0x0000fa70fc8182d4
496712.0,195775,python,[JIT],0x0000e031bd85a8e4
496712.0,195775,python,[JIT],0x0000e031bd85b308
496712.0,195719,python,[JIT],0x0000e48a9745e1ec
496711.0,195843,python,[JIT],0x0000f8264433cc1c
496710.0,195719,python,[JIT],0x0000e48a9712b210
496710.0,195843,python,[JIT],0x0000f826445d1894
496709.0,195984,python,[JIT],0x0000fa70fc8493d0
496709.0,195915,python,[kernel.kallsyms],__alloc_pages
496709.0,195775,python,[JIT],0x0000e031bd4f92b8
496709.0,195719,python,[JIT],0x0000e48a9738b29c
496709.0,195719,python,[JIT],0x0000e48a9745e060
496708.0,195775,python,[JIT],0x0000e031bd85a18c
496708.0,195843,python,[JIT],0x0000f826445d1cec
496707.0,195775,python,[JIT],0x0000e031bd503260
496707.0,195719,python,[JIT],0x0000e48a970ed644
496707.0,195843,python,python,_Py_uop_analyze_and_optimize
496707.0,195843,python,[JIT],0x0000f826446822bc
496706.0,195915,python,[JIT],0x0000e5957c523698
496706.0,195915,python,[JIT],0x0000e5957c523b70
496705.0,195719,python,[JIT],0x0000e48a9712a2ec
496705.0,195719,python,[JIT],0x0000e48a97431c38
496705.0,195843,python,[JIT],0x0000f826445dc014
496704.0,195984,python,[JIT],0x0000fa70fc81db74
496704.0,195946,python,python,PyObject_SetAttr
496704.0,195843,python,[JIT],0x0000f826446af034
496703.0,195915,python,[JIT],0x0000e5957c9352a0
496703.0,195915,python,[JIT],0x0000e5957c9398c0
496703.0,195719,python,[JIT],0x0000e48a9738d544
496702.0,195915,python,[JIT],0x0000e5957c4ec1b0
496701.0,195915,python,[JIT],0x0000e5957c9358f8
496701.0,195719,python,[JIT],0x0000e48a97432f88
496701.0,195843,python,[JIT],0x0000f826445db0c4
496700.0,195719,python,[JIT],0x0000e48a974314b8
496700.0,195809,python,[JIT],0x0000e96f068ab160
496700.0,195843,python,[JIT],0x0000f82644683928
496699.0,195719,python,[JIT],0x0000e48a96accedc
496699.0,195843,python,[JIT],0x0000f826445d1eac
496699.0,195843,python,[JIT],0x0000f826446831f4
496698.0,195984,python,[JIT],0x0000fa70fc503584
496698.0,195775,python,[JIT],0x0000e031bd85a0c4
496698.0,195775,python,[JIT],0x0000e031bd85a1d8
496697.0,195915,python,[JIT],0x0000e5957c93b168
496696.0,195719,python,[JIT],0x0000e48a9712b06c
496696.0,195809,python,[JIT],0x0000e96f064f337c
496695.0,195915,python,[JIT],0x0000e5957c88c02c
496695.0,195719,python,[JIT],0x0000e48a9738b870
496694.0,195719,python,[JIT],0x0000e48a9712a6b4
496694.0,195719,python,[JIT],0x0000e48a97432ab0
496693.0,195984,python,[JIT],0x0000fa70fbef562c
496693.0,195984,python,[JIT],0x0000fa70fc81db94
496692.0,195915,python,[JIT],0x0000e5957c8890f8
496692.0,195915,python,[JIT],0x0000e5957c935334
496692.0,195719,python,[JIT],0x0000e48a973842c0
496691.0,195984,python,[JIT],0x0000fa70fc81800c
496691.0,195775,python,python,_PySuper_Lookup
496691.0,195719,python,[JIT],0x0000e48a974316cc
496691.0,195719,python,[JIT],0x0000e48a974318b0
496691.0,195843,python,[JIT],0x0000f8264468388c
496689.0,195984,python,[JIT],0x0000fa70fc763648
496689.0,195719,python,[JIT],0x0000e48a96afb404
496689.0,195719,python,[JIT],0x0000e48a97431074
496689.0,195719,python,[JIT],0x0000e48a97431238
496688.0,195775,python,[JIT],0x0000e031bd50bd10
496688.0,195775,python,[JIT],0x0000e031bd886028
496687.0,195984,python,[JIT],0x0000fa70fc76c4b0
496687.0,195915,python,[JIT],0x0000e5957bff71d8
496687.0,195775,python,[JIT],0x0000e031bd85a5a0
496687.0,195719,python,[JIT],0x0000e48a9745e498
496686.0,195984,python,[JIT],0x0000fa70fc81eef8
496685.0,195775,python,[JIT],0x0000e031bd545e08
496684.0,195984,python,[JIT],0x0000fa70fc81d580
496684.0,195775,python,[JIT],0x0000e031bd76e850
496684.0,195775,python,[JIT],0x0000e031bd85a3d8
496683.0,195984,python,[JIT],0x0000fa70fc4f52e4
496683.0,195984,python,[JIT],0x0000fa70fc84a2b8
496683.0,195915,python,[JIT],0x0000e5957c88c16c
496683.0,195915,python,[JIT],0x0000e5957c9392a0
496683.0,195719,python,[JIT],0x0000e48a9745e040
496683.0,195809,python,[JIT],0x0000e96f068a660c
496682.0,195984,python,[JIT],0x0000fa70fc4f5fac
496682.0,195915,python,[JIT],0x0000e5957c9394c0
496682.0,195775,python,[JIT],0x0000e031bd7a8490
496681.0,195915,python,[JIT],0x0000e5957c9326b8
496680.0,195984,python,[JIT],0x0000fa70fc503248
496680.0,195915,python,[JIT],0x0000e5957c93410c
496680.0,195915,python,[JIT],0x0000e5957c939814
496680.0,195843,python,[JIT],0x0000f826446823b0
496679.0,195775,python,[JIT],0x0000e031bd85ac34
496678.0,195775,python,[JIT],0x0000e031bd4f06e0
496678.0,195843,python,[JIT],0x0000f826446836b8
496677.0,195984,python,[JIT],0x0000fa70fc503f0c
496677.0,195915,python,[JIT],0x0000e5957c939b44
496677.0,195775,python,[JIT],0x0000e031bd50c5cc
496677.0,195809,python,python,PyLong_FromSsize_t
496676.0,195984,python,[JIT],0x0000fa70fc5044d8
496676.0,195915,python,[JIT],0x0000e5957c9366c4
496676.0,195775,python,[JIT],0x0000e031bd88718c
496675.0,195719,python,[JIT],0x0000e48a96afcb68
496675.0,195843,python,[JIT],0x0000f826446af304
496674.0,195984,python,[JIT],0x0000fa70fc81dbd4
496674.0,195915,python,[JIT],0x0000e5957c525974
496674.0,195775,python,[JIT],0x0000e031bd545a24
496674.0,195946,python,[JIT],0x0000fc22a97a205c
496674.0,195719,python,[JIT],0x0000e48a96a97a98
496673.0,195915,python,[JIT],0x0000e5957c96633c
496673.0,195946,python,[kernel.kallsyms],el0_da
496673.0,195719,python,[JIT],0x0000e48a974310d4
496672.0,195984,python,[JIT],0x0000fa70fc84a1b0
496671.0,195915,python,[JIT],0x0000e5957c4eb698
496671.0,195775,python,[JIT],0x0000e031bd85a0f4
496671.0,195915,python,[JIT],0x0000e5957c9390f8
496671.0,195809,python,python,_PyEvalFramePushAndInit
496669.0,195915,python,[JIT],0x0000e5957c9356f8
496669.0,195719,python,[JIT],0x0000e48a974323cc
496669.0,195843,python,[JIT],0x0000f826445d1f84
496668.0,195809,python,[JIT],0x0000e96f05f98224
496667.0,195915,python,[JIT],0x0000e5957c88c408
496667.0,195915,python,[JIT],0x0000e5957c9394ec
496667.0,195843,python,[JIT],0x0000f826445db574
496666.0,195719,python,[JIT],0x0000e48a9743216c
496666.0,195843,python,[JIT],0x0000f826446853c4
496665.0,195915,python,[JIT],0x0000e5957c934a4c
496665.0,195775,python,[JIT],0x0000e031bd50c558
496665.0,195843,python,[JIT],0x0000f8264433b820
496665.0,195843,python,[JIT],0x0000f826446b0068
496665.0,195809,python,python,store_instance_attr_lock_held
496662.0,195915,python,[JIT],0x0000e5957c5251f4
496662.0,195775,python,[JIT],0x0000e031bd851368
496662.0,195719,python,[JIT],0x0000e48a96afcc34
496662.0,195843,python,[JIT],0x0000f8264433b06c
496661.0,195915,python,[JIT],0x0000e5957c4eb8b0
496661.0,195775,python,[JIT],0x0000e031bd7a9dc0
496660.0,195775,python,[JIT],0x0000e031bd545ba4
496660.0,195775,python,[JIT],0x0000e031bd7a91a0
496660.0,195915,python,[JIT],0x0000e5957c934b08
496659.0,195775,python,[JIT],0x0000e031bd502ac8
496659.0,195775,python,[JIT],0x0000e031bd502f24
496659.0,195809,python,[JIT],0x0000e96f05f9991c
496659.0,195843,python,[JIT],0x0000f826446830c4
496658.0,195984,python,[JIT],0x0000fa70fc81802c
496658.0,195915,python,[JIT],0x0000e5957bff5c54
496658.0,195915,python,[JIT],0x0000e5957c93afcc
496658.0,195843,python,[JIT],0x0000f826445d14b8
496657.0,195984,python,[JIT],0x0000fa70fc81d808
496657.0,195775,python,[JIT],0x0000e031bd4f14dc
496657.0,195719,python,[JIT],0x0000e48a96a98298
496657.0,195843,python,[JIT],0x0000f826443096b0
496656.0,195915,python,[JIT],0x0000e5957bff6f5c
496656.0,195775,python,[JIT],0x0000e031bd50b550
496656.0,195775,python,[JIT],0x0000e031bd855878
496656.0,195775,python,[JIT],0x0000e031bd85c3c4
496656.0,195719,python,[JIT],0x0000e48a96accab8
496655.0,195915,python,[JIT],0x0000e5957c887214
496655.0,195843,python,[JIT],0x0000f826446830d0
496654.0,195984,python,[JIT],0x0000fa70fc81d134
496653.0,195915,python,[JIT],0x0000e5957c931900
496653.0,195915,python,[JIT],0x0000e5957c93aa14
496652.0,195984,python,python,PyObject_GenericSetAttr
496652.0,195984,python,[JIT],0x0000fa70fc76d7c8
496652.0,195775,python,[JIT],0x0000e031bd7aa2e8
496652.0,195843,python,[JIT],0x0000f826446b0224
496651.0,195984,python,[JIT],0x0000fa70fc815004
496651.0,195915,python,[JIT],0x0000e5957c4eb808
496651.0,195915,python,[JIT],0x0000e5957c936128
496651.0,195719,python,[JIT],0x0000e48a97432844
496651.0,195843,python,[JIT],0x0000f8264430a7b0
496650.0,195775,python,[JIT],0x0000e031bd50b6e0
496649.0,195984,python,[JIT],0x0000fa70fc72e5a0
496649.0,195984,python,[JIT],0x0000fa70fc76c108
496649.0,195984,python,[JIT],0x0000fa70fc84a060
496649.0,195915,python,[JIT],0x0000e5957c939d18
496649.0,195775,python,[JIT],0x0000e031bd85a6fc
496649.0,195719,python,[JIT],0x0000e48a973843d8
496648.0,195984,python,[JIT],0x0000fa70fc8155f0
496648.0,195915,python,[JIT],0x0000e5957c93a084
496647.0,195915,python,[JIT],0x0000e5957c966124
496647.0,195809,python,[JIT],0x0000e96f068ab078
496646.0,195984,python,[JIT],0x0000fa70fc504854
496646.0,195984,python,[JIT],0x0000fa70fc818720
496646.0,195843,python,[JIT],0x0000f82644372f84
496645.0,195984,python,[JIT],0x0000fa70fc81d3f0
496644.0,195719,python,[JIT],0x0000e48a96af36bc
496644.0,195719,python,[JIT],0x0000e48a970edcb0
496644.0,195719,python,[JIT],0x0000e48a974316d4
496642.0,195984,python,[JIT],0x0000fa70fc503058
496642.0,195843,python,[JIT],0x0000f8264433a204
496641.0,195915,python,[JIT],0x0000e5957bff5408
496641.0,195809,python,[JIT],0x0000e96f064f6118
496640.0,195915,python,[JIT],0x0000e5957c939f80
496640.0,195775,python,[JIT],0x0000e031bd85552c
496638.0,195775,python,[JIT],0x0000e031bd8559c4
496638.0,195719,python,[JIT],0x0000e48a96afc0bc
496638.0,195719,python,[JIT],0x0000e48a96afccf8
496638.0,195719,python,[JIT],0x0000e48a9745dd84
496637.0,195984,python,[JIT],0x0000fa70fc76d110
496637.0,195915,python,[JIT],0x0000e5957c939598
496637.0,195843,python,[JIT],0x0000f82644683470
496636.0,195775,python,[JIT],0x0000e031bd85a7f8
496636.0,195843,python,[JIT],0x0000f826445d82b0
496636.0,195843,python,[JIT],0x0000f82644681164
496634.0,195984,python,[JIT],0x0000fa70fc816250
496634.0,195719,python,[JIT],0x0000e48a9745c55c
496633.0,195984,python,[JIT],0x0000fa70fc503290
496633.0,195984,python,[JIT],0x0000fa70fc76d7d0
496633.0,195719,python,[JIT],0x0000e48a970ed274
496633.0,195809,python,[JIT],0x0000e96f068d65c4
496632.0,195915,python,[JIT],0x0000e5957c88870c
496632.0,195843,python,[JIT],0x0000f826446831b0
496631.0,195984,python,[JIT],0x0000fa70fc811164
496631.0,195775,python,[JIT],0x0000e031bd856780
496631.0,195719,python,[JIT],0x0000e48a9738438c
496630.0,195984,python,[JIT],0x0000fa70fc81811c
496630.0,195915,python,[JIT],0x0000e5957bff7220
496630.0,195719,python,[JIT],0x0000e48a974316b4
496629.0,195915,python,[JIT],0x0000e5957c4eca68
496629.0,195915,python,[JIT],0x0000e5957c9662f4
496628.0,195775,python,[JIT],0x0000e031bd7a99d4
496628.0,195946,python,python,_Py_Dealloc
496627.0,195719,python,[JIT],0x0000e48a96accce4
496627.0,195719,python,[JIT],0x0000e48a974315fc
496626.0,195984,python,[JIT],0x0000fa70fc72e38c
496626.0,195915,python,[JIT],0x0000e5957bfc3964
496626.0,195915,python,[JIT],0x0000e5957c93b3c4
496626.0,195775,python,[JIT],0x0000e031bd887448
496626.0,195719,python,[JIT],0x0000e48a97431ab0
496626.0,195809,python,[JIT],0x0000e96f064f6320
496625.0,195984,python,[JIT],0x0000fa70fc8180b8
496625.0,195915,python,[JIT],0x0000e5957c5256d8
496623.0,195775,python,[JIT],0x0000e031bd4eb4c8
496623.0,195719,python,python,_PySuper_Lookup
496623.0,195719,python,[JIT],0x0000e48a9738b084
496623.0,195809,python,[JIT],0x0000e96f05f52638
496623.0,195809,python,[JIT],0x0000e96f068ab80c
496623.0,195843,python,[JIT],0x0000f826445db11c
496622.0,195984,python,[JIT],0x0000fa70fc4f5e88
496622.0,195915,python,[JIT],0x0000e5957c93a3b8
496622.0,195719,python,[JIT],0x0000e48a96afb890
496621.0,195984,python,[JIT],0x0000fa70fc81da84
496621.0,195915,python,[JIT],0x0000e5957c936524
496621.0,195843,python,[JIT],0x0000f82644684ff4
496620.0,195984,python,[JIT],0x0000fa70fc81d314
496619.0,195775,python,[JIT],0x0000e031bd851178
496618.0,195984,python,python,compactlongs_and
496618.0,195984,python,[JIT],0x0000fa70fc76b0b8
496618.0,195915,python,[JIT],0x0000e5957c965148
496618.0,195775,python,[JIT],0x0000e031bd4f0804
496618.0,195775,python,[JIT],0x0000e031bd501098
496618.0,195775,python,[JIT],0x0000e031bd85127c
496618.0,195843,python,[JIT],0x0000f826445dc7f8
496618.0,195843,python,[JIT],0x0000f826445de330
496617.0,195984,python,[JIT],0x0000fa70fc81d7d0
496617.0,195915,python,[JIT],0x0000e5957c9660ac
496617.0,195915,python,python,_PyJit_translate_single_bytecode_to_trace
496616.0,195775,python,[JIT],0x0000e031bd7aa5c0
496616.0,195719,python,[JIT],0x0000e48a97388fd0
496615.0,195984,python,[JIT],0x0000fa70fc811840
496615.0,195719,python,[JIT],0x0000e48a974332a8
496614.0,195984,python,[JIT],0x0000fa70fc84a34c
496614.0,195775,python,[JIT],0x0000e031bd85118c
496614.0,195775,python,[JIT],0x0000e031bd85a668
496613.0,195984,python,[JIT],0x0000fa70fbef4b8c
496613.0,195984,python,[JIT],0x0000fa70fc81d63c
496613.0,195775,python,[JIT],0x0000e031bd85b584
496613.0,195719,python,[JIT],0x0000e48a974320bc
496612.0,195915,python,[JIT],0x0000e5957bff6f60
496611.0,195984,python,[JIT],0x0000fa70fc8189fc
496610.0,195915,python,[JIT],0x0000e5957c4ec118
496610.0,195915,python,[JIT],0x0000e5957c889200
496607.0,195719,python,python,initialize_locals
496607.0,195843,python,[JIT],0x0000f8264430a9e0
496606.0,195984,python,[JIT],0x0000fa70fc81d598
496606.0,195915,python,[JIT],0x0000e5957bff6fc8
496605.0,195984,python,[JIT],0x0000fa70fc84a0f0
496605.0,195775,python,[JIT],0x0000e031bd85a618
496605.0,195775,python,[JIT],0x0000e031bd88555c
496605.0,195719,python,[JIT],0x0000e48a97431900
496604.0,195984,python,[JIT],0x0000fa70fc4f5524
496604.0,195984,python,[JIT],0x0000fa70fc50339c
496604.0,195809,python,[JIT],0x0000e96f068ab0f0
496603.0,195775,python,[JIT],0x0000e031bd50c7bc
496603.0,195775,python,[JIT],0x0000e031bd8562f0
496602.0,195984,python,[JIT],0x0000fa70fc819218
496602.0,195915,python,[JIT],0x0000e5957c88c154
496602.0,195719,python,python,optimize_uops.isra.0
496601.0,195809,python,[JIT],0x0000e96f068a77f8
496601.0,195809,python,[JIT],0x0000e96f068ab804
496600.0,195719,python,[JIT],0x0000e48a9738b114
496599.0,195719,python,python,gc_collect_main
496599.0,195719,python,[JIT],0x0000e48a9738d220
496599.0,195843,python,[JIT],0x0000f8264433b678
496598.0,195984,python,[JIT],0x0000fa70fc4f59f4
496598.0,195915,python,[JIT],0x0000e5957bff53b4
496598.0,195915,python,[JIT],0x0000e5957c88c3b0
496598.0,195809,python,[JIT],0x0000e96f067f1778
496597.0,195984,python,[JIT],0x0000fa70fc84a274
496597.0,195775,python,[JIT],0x0000e031bd85206c
496597.0,195775,python,[JIT],0x0000e031bd85a734
496597.0,195843,python,[JIT],0x0000f826446820dc
496596.0,195719,python,[JIT],0x0000e48a9738c040
496595.0,195915,python,[JIT],0x0000e5957bff63bc
496595.0,195915,python,[JIT],0x0000e5957c88c3f4
496595.0,195719,python,[JIT],0x0000e48a97460020
496594.0,195984,python,[JIT],0x0000fa70fc76b834
496594.0,195915,python,[JIT],0x0000e5957bff5d70
496594.0,195775,python,[JIT],0x0000e031bd85c3b8
496593.0,195719,python,[JIT],0x0000e48a9738cbcc
496592.0,195984,python,[JIT],0x0000fa70fc81d41c
496592.0,195915,python,[JIT],0x0000e5957c8881d0
496591.0,195915,python,python,PyObject_SetAttr
496591.0,195915,python,python,_PyEvalFramePushAndInit
496591.0,195719,python,[JIT],0x0000e48a9745e118
496590.0,195915,python,[JIT],0x0000e5957c934000
496590.0,195775,python,[JIT],0x0000e031bd85a0d0
496590.0,195719,python,[JIT],0x0000e48a9745e558
496589.0,195775,python,[JIT],0x0000e031bd50bbd4
496589.0,195775,python,[JIT],0x0000e031bd855f6c
496589.0,195843,python,[JIT],0x0000f826446847b0
496588.0,195915,python,[JIT],0x0000e5957c966298
496588.0,195843,python,[JIT],0x0000f826446b2020
496587.0,195984,python,[JIT],0x0000fa70fc818130
496587.0,195775,python,[JIT],0x0000e031bd85b158
496587.0,195843,python,[JIT],0x0000f8264433cb7c
496586.0,195984,python,[JIT],0x0000fa70fc503ff0
496585.0,195775,python,[JIT],0x0000e031bd855038
496585.0,195775,python,[JIT],0x0000e031bd8871c4
496585.0,195719,python,[JIT],0x0000e48a96afc11c
496584.0,195915,python,[JIT],0x0000e5957c939084
496584.0,195719,python,[JIT],0x0000e48a9712b038
496583.0,195719,python,[JIT],0x0000e48a9745e34c
496582.0,195984,python,[JIT],0x0000fa70fc81ef88
496582.0,195775,python,python,PyDict_GetItemRef
496582.0,195775,python,[JIT],0x0000e031bd85b080
496582.0,195946,python,[JIT],0x0000fc22a94f46d8
496582.0,195843,python,[JIT],0x0000f826446853b8
496581.0,195984,python,[JIT],0x0000fa70fc81dbbc
496580.0,195775,python,[JIT],0x0000e031bd85a4c4
496580.0,195843,python,[JIT],0x0000f826445dc858
496579.0,195984,python,[JIT],0x0000fa70fc763578
496579.0,195915,python,[JIT],0x0000e5957c934e14
496579.0,195843,python,[JIT],0x0000f826445d28fc
496578.0,195984,python,[JIT],0x0000fa70fc76d510
496578.0,195984,python,[JIT],0x0000fa70fc81d4ec
496578.0,195915,python,[JIT],0x0000e5957c88837c
496578.0,195843,python,[JIT],0x0000f8264430f140
496577.0,195843,python,[JIT],0x0000f82644683814
496576.0,195984,python,[JIT],0x0000fa70fc81f1d0
496575.0,195915,python,[JIT],0x0000e5957c939008
496575.0,195915,python,[JIT],0x0000e5957c9392d8
496575.0,195775,python,[JIT],0x0000e031bd7a8108
496574.0,195915,python,[JIT],0x0000e5957c84ecbc
496574.0,195775,python,[JIT],0x0000e031bd85aa88
496573.0,195984,python,[JIT],0x0000fa70fc848088
496573.0,195719,python,[JIT],0x0000e48a970edcc8
496573.0,195843,python,[JIT],0x0000f826445dbc08
496572.0,195915,python,[JIT],0x0000e5957c93a25c
496572.0,195775,python,[JIT],0x0000e031bd887154
496572.0,195946,python,[JIT],0x0000fc22a97a7080
496571.0,195984,python,[JIT],0x0000fa70fc503ef8
496571.0,195915,python,[JIT],0x0000e5957c93a588
496570.0,195984,python,python,range_iter
496569.0,195984,python,python,_PyOptimizer_Optimize
496569.0,195843,python,[JIT],0x0000f8264433b7a4
496568.0,195809,python,[JIT],0x0000e96f068ab598
496567.0,195915,python,[JIT],0x0000e5957c84f1d0
496567.0,195915,python,python,_PyUnicode_InternMortal
496566.0,195915,python,[JIT],0x0000e5957c935188
496566.0,195809,python,[JIT],0x0000e96f068ab260
496565.0,195984,python,[JIT],0x0000fa70fc8186a8
496565.0,195984,python,[JIT],0x0000fa70fc81d034
496565.0,195915,python,[JIT],0x0000e5957c4eb4c8
496565.0,195775,python,[JIT],0x0000e031bd85a3f4
496565.0,195809,python,[JIT],0x0000e96f067f94b4
496564.0,195915,python,[JIT],0x0000e5957c5258ec
496563.0,195915,python,[JIT],0x0000e5957c93a480
496562.0,195984,python,[JIT],0x0000fa70fc81e0a8
496562.0,195984,python,[JIT],0x0000fa70fc84a128
496562.0,195946,python,[JIT],0x0000fc22a97a74c4
496561.0,195915,python,[JIT],0x0000e5957c5237bc
496561.0,195775,python,[JIT],0x0000e031bd8872d0
496559.0,195984,python,[JIT],0x0000fa70fc81e3b8
496559.0,195915,python,[JIT],0x0000e5957c93a198
496559.0,195719,python,[JIT],0x0000e48a9712b594
496557.0,195984,python,[JIT],0x0000fa70fc81e07c
496557.0,195843,python,[JIT],0x0000f826445d813c
496556.0,195984,python,[JIT],0x0000fa70fc849570
496556.0,195775,python,[JIT],0x0000e031bd85602c
496556.0,195843,python,[JIT],0x0000f826443381e4
496555.0,195984,python,[JIT],0x0000fa70fc5042c0
496555.0,195775,python,[JIT],0x0000e031bd851108
496555.0,195775,python,[JIT],0x0000e031bd85a58c
496554.0,195984,python,[JIT],0x0000fa70fc815368
496554.0,195775,python,[JIT],0x0000e031bd7aac24
496553.0,195775,python,[JIT],0x0000e031bd7aa368
496553.0,195775,python,[JIT],0x0000e031bd855ce8
496553.0,195809,python,[JIT],0x0000e96f064eb130
496553.0,195809,python,[JIT],0x0000e96f064f60a8
496552.0,195719,python,python,_PySuper_LookupDescr
496552.0,195843,python,[JIT],0x0000f82644683b98
496550.0,195843,python,python,_PyCompactLong_Subtract
496550.0,195809,python,[JIT],0x0000e96f05f51f08
496550.0,195843,python,[JIT],0x0000f826445db700
496549.0,195915,python,[JIT],0x0000e5957c9395fc
496549.0,195775,python,[JIT],0x0000e031bd50c258
496547.0,195719,python,[JIT],0x0000e48a96afbf3c
496547.0,195843,python,[JIT],0x0000f8264430b3e0
496546.0,195984,python,[JIT],0x0000fa70fc8180f8
496545.0,195915,python,[JIT],0x0000e5957c939234
496544.0,195984,python,[JIT],0x0000fa70fc72edbc
496544.0,195775,python,[JIT],0x0000e031bd85a694
496543.0,195775,python,[JIT],0x0000e031bd8531a8
496542.0,195775,python,[JIT],0x0000e031bd5022dc
496542.0,195775,python,[JIT],0x0000e031bd76e92c
496541.0,195915,python,[JIT],0x0000e5957c4ec3d0
496541.0,195775,python,[JIT],0x0000e031bd855840
496541.0,195775,python,[JIT],0x0000e031bd85a344
496541.0,195843,python,[JIT],0x0000f826445d2174
496539.0,195775,python,[JIT],0x0000e031bd502738
496539.0,195809,python,[JIT],0x0000e96f068d8060
496537.0,195719,python,[JIT],0x0000e48a96afc7d0
496537.0,195809,python,[JIT],0x0000e96f068ab1e4
496536.0,195984,python,[JIT],0x0000fa70fc4fb318
496536.0,195915,python,[JIT],0x0000e5957c93a6e8
496536.0,195809,python,[JIT],0x0000e96f068a30b0
496536.0,195809,python,[JIT],0x0000e96f068ac078
496535.0,195775,python,[JIT],0x0000e031bd887540
496534.0,195984,python,python,rangeiter_dealloc
496534.0,195984,python,[JIT],0x0000fa70fc8111a0
496533.0,195719,python,[JIT],0x0000e48a96accc44
496533.0,195809,python,[JIT],0x0000e96f068ab434
496533.0,195843,python,[JIT],0x0000f826445dbc48
496531.0,195915,python,[JIT],0x0000e5957c9664b4
496530.0,195719,python,[JIT],0x0000e48a970ebb78
496529.0,195984,python,[JIT],0x0000fa70fc4f6b74
496529.0,195775,python,[JIT],0x0000e031bd8560d8
496529.0,195809,python,python,PyObject_IsInstance
496527.0,195984,python,[JIT],0x0000fa70fbef5638
496527.0,195775,python,python,PyNumber_FloorDivide
496527.0,195775,python,[JIT],0x0000e031bd85a808
496527.0,195809,python,[JIT],0x0000e96f068ab11c
496526.0,195719,python,[JIT],0x0000e48a9745e4f0
496525.0,195843,python,[JIT],0x0000f826446b0060
496524.0,195719,python,[JIT],0x0000e48a96afb0a0
496522.0,195984,python,[JIT],0x0000fa70fc8113f4
496521.0,195719,python,[JIT],0x0000e48a96afbccc
496520.0,195915,python,[JIT],0x0000e5957c939254
496520.0,195775,python,[JIT],0x0000e031bd7a802c
496520.0,195775,python,[JIT],0x0000e031bd8556d8
496520.0,195809,python,[JIT],0x0000e96f068ab94c
496519.0,195946,python,python,supercheck
496519.0,195719,python,[JIT],0x0000e48a9738b4e0
496516.0,195984,python,[JIT],0x0000fa70fc818ec4
496516.0,195984,python,[JIT],0x0000fa70fc81a6cc
496515.0,195719,python,[JIT],0x0000e48a9712b8f8
496514.0,195719,python,[JIT],0x0000e48a97431090
496514.0,195719,python,[JIT],0x0000e48a9745e320
496513.0,195775,python,[JIT],0x0000e031bd856dc4
496513.0,195719,python,[JIT],0x0000e48a973896bc
496513.0,195809,python,[JIT],0x0000e96f068a784c
496513.0,195843,python,[JIT],0x0000f826445d8998
496512.0,195775,python,[JIT],0x0000e031bd5022e0
496511.0,195809,python,[JIT],0x0000e96f068acd5c
496510.0,195984,python,[JIT],0x0000fa70fc4f57c0
496510.0,195775,python,[JIT],0x0000e031bd85a11c
496510.0,195719,python,[JIT],0x0000e48a97388940
496510.0,195719,python,[JIT],0x0000e48a9738c19c
496510.0,195809,python,[JIT],0x0000e96f05f9a050
496509.0,195719,python,[JIT],0x0000e48a9745e3b8
496508.0,195775,python,[JIT],0x0000e031bd85a598
496507.0,195984,python,[JIT],0x0000fa70fc8194c0
496507.0,195719,python,[JIT],0x0000e48a96afbf0c
496507.0,195809,python,[JIT],0x0000e96f068ab76c
496506.0,195984,python,[JIT],0x0000fa70fc81d2b8
496506.0,195809,python,[JIT],0x0000e96f068d610c
496505.0,195915,python,[JIT],0x0000e5957c93406c
496504.0,195915,python,[JIT],0x0000e5957bff5378
496504.0,195809,python,[JIT],0x0000e96f068d7718
496503.0,195984,python,[JIT],0x0000fa70fc81e3cc
496503.0,195809,python,[JIT],0x0000e96f067f9d88
496503.0,195843,python,[JIT],0x0000f826446b0354
496502.0,195809,python,[JIT],0x0000e96f064f3598
496501.0,195915,python,[JIT],0x0000e5957c88c1c4
496500.0,195984,python,[JIT],0x0000fa70fc7633b8
496499.0,195775,python,[JIT],0x0000e031bd887288
496497.0,195984,python,[JIT],0x0000fa70fc763504
496497.0,195984,python,[JIT],0x0000fa70fc76354c
496497.0,195843,python,[JIT],0x0000f826445dbc0c
496496.0,195984,python,[JIT],0x0000fa70fc4f6d6c
496496.0,195984,python,[JIT],0x0000fa70fc848068
496496.0,195915,python,[JIT],0x0000e5957c525444
496496.0,195719,python,[JIT],0x0000e48a97431700
496495.0,195775,python,[JIT],0x0000e031bd7a9874
496495.0,195809,python,[JIT],0x0000e96f068ab234
496494.0,195719,python,[JIT],0x0000e48a96a9f2b4
496494.0,195843,python,[JIT],0x0000f82644682358
496493.0,195984,python,[JIT],0x0000fa70fc818eac
496493.0,195984,python,[JIT],0x0000fa70fc84a040
496493.0,195719,python,[JIT],0x0000e48a96afbee0
496491.0,195775,python,[JIT],0x0000e031bd85ac58
496491.0,195809,python,[JIT],0x0000e96f068aba1c
496491.0,195843,python,[JIT],0x0000f82644683428
496490.0,195809,python,[JIT],0x0000e96f064f5438
496490.0,195843,python,[JIT],0x0000f826442fdf50
496489.0,195775,python,[JIT],0x0000e031bd4f173c
496487.0,195984,python,[JIT],0x0000fa70fc81de64
496486.0,195984,python,[JIT],0x0000fa70fc76dbf4
496486.0,195775,python,[JIT],0x0000e031bd50c854
496486.0,195809,python,[JIT],0x0000e96f064f6330
496486.0,195809,python,[JIT],0x0000e96f068ab374
496485.0,195719,python,[JIT],0x0000e48a970eb0e8
496482.0,195984,python,[JIT],0x0000fa70fbefb76c
496482.0,195809,python,[JIT],0x0000e96f067f1d1c
496482.0,195809,python,[JIT],0x0000e96f068a60b8
496481.0,195984,python,[JIT],0x0000fa70fc4f7184
496481.0,195915,python,[JIT],0x0000e5957bff7108
496481.0,195775,python,[JIT],0x0000e031bd85a004
496481.0,195843,python,[JIT],0x0000f8264433bcc8
496480.0,195984,python,[JIT],0x0000fa70fc76cd58
496478.0,195775,python,[JIT],0x0000e031bd8871c0
496476.0,195809,python,[JIT],0x0000e96f05f5a0f4
496475.0,195984,python,[JIT],0x0000fa70fc8182dc
496475.0,195809,python,[JIT],0x0000e96f068ab204
496473.0,195984,python,[JIT],0x0000fa70fc76c0ac
496473.0,195809,python,[JIT],0x0000e96f068ad3b0
496472.0,195775,python,[JIT],0x0000e031bd545750
496472.0,195719,python,[JIT],0x0000e48a9738b134
496472.0,195809,python,[JIT],0x0000e96f067f1b9c
496471.0,195984,python,[JIT],0x0000fa70fc504b44
496471.0,195984,python,[JIT],0x0000fa70fc81d8c0
496471.0,195719,python,[JIT],0x0000e48a9738b7fc
496470.0,195809,python,[JIT],0x0000e96f068ab038
496469.0,195809,python,[JIT],0x0000e96f068a22a0
496469.0,195809,python,[JIT],0x0000e96f068a3140
496468.0,195775,python,[JIT],0x0000e031bd88721c
496468.0,195809,python,[JIT],0x0000e96f068d8918
496466.0,195775,python,[JIT],0x0000e031bd8567d0
496466.0,195775,python,[JIT],0x0000e031bd85a460
496465.0,195984,python,[JIT],0x0000fa70fc811298
496465.0,195984,python,[JIT],0x0000fa70fc815624
496465.0,195809,python,[JIT],0x0000e96f067f2a94
496465.0,195809,python,[JIT],0x0000e96f067f9c00
496465.0,195809,python,[JIT],0x0000e96f068d81d0
496464.0,195719,python,[JIT],0x0000e48a96acc270
496464.0,195809,python,[JIT],0x0000e96f068a6244
496463.0,195984,python,[JIT],0x0000fa70fc81d10c
496462.0,195719,python,[JIT],0x0000e48a96a9ca6c
496462.0,195719,python,[JIT],0x0000e48a970eb064
496461.0,195809,python,[JIT],0x0000e96f068ab18c
496461.0,195843,python,[JIT],0x0000f826445dd0c0
496460.0,195915,python,[JIT],0x0000e5957c9661e8
496458.0,195809,python,[JIT],0x0000e96f068ac34c
496457.0,195915,python,[JIT],0x0000e5957bff77b0
496457.0,195775,python,python,_PyLong_FromMedium
496456.0,195775,python,[JIT],0x0000e031bd50b7e4
496455.0,195809,python,[JIT],0x0000e96f068d8030
496455.0,195843,python,[JIT],0x0000f8264430f48c
496453.0,195915,python,[JIT],0x0000e5957c4ecd90
496453.0,195775,python,[JIT],0x0000e031bd50b170
496453.0,195719,python,[JIT],0x0000e48a9712aa5c
496453.0,195809,python,[JIT],0x0000e96f068d8118
496452.0,195984,python,[JIT],0x0000fa70fc76d8fc
496451.0,195809,python,[JIT],0x0000e96f064f5204
496450.0,195915,python,[JIT],0x0000e5957c9323d4
496450.0,195809,python,[JIT],0x0000e96f068d702c
496449.0,195719,python,[JIT],0x0000e48a96a92478
496448.0,195809,python,[JIT],0x0000e96f05f9a3f0
496448.0,195809,python,[JIT],0x0000e96f068ab0c4
496447.0,195984,python,[JIT],0x0000fa70fc818064
496446.0,195915,python,[JIT],0x0000e5957c9664d4
496443.0,195719,python,[JIT],0x0000e48a97431034
496442.0,195809,python,[JIT],0x0000e96f068ab734
496441.0,195775,python,[JIT],0x0000e031bd887274
496441.0,195809,python,[JIT],0x0000e96f068a2288
496440.0,195809,python,[JIT],0x0000e96f05f5a080
496440.0,195809,python,[JIT],0x0000e96f064f38bc
496439.0,195984,python,[JIT],0x0000fa70fc763d00
496439.0,195843,python,[JIT],0x0000f826446b0174
496438.0,195984,python,[JIT],0x0000fa70fc8112c0
496438.0,195984,python,[JIT],0x0000fa70fc8180d0
496438.0,195915,python,[JIT],0x0000e5957bfc87fc
496437.0,195915,python,[JIT],0x0000e5957c9344c8
496437.0,195775,python,[JIT],0x0000e031bd85b12c
496434.0,195984,python,[JIT],0x0000fa70fc8199ac
496433.0,195809,python,[JIT],0x0000e96f064eb05c
496431.0,195984,python,[JIT],0x0000fa70fc818f50
496431.0,195843,python,[JIT],0x0000f82644309194
496429.0,195809,python,[JIT],0x0000e96f068a6ae8
496427.0,195809,python,[JIT],0x0000e96f064f6288
496426.0,195984,python,[JIT],0x0000fa70fc763a58
496426.0,195775,python,[JIT],0x0000e031bd8871fc
496425.0,195719,python,[JIT],0x0000e48a973882a0
496425.0,195809,python,[JIT],0x0000e96f067f9ca4
496423.0,195775,python,[JIT],0x0000e031bd7aa220
496422.0,195809,python,[JIT],0x0000e96f064f5bd4
496422.0,195809,python,[JIT],0x0000e96f068acb30
496421.0,195984,python,[JIT],0x0000fa70fc81d2e0
496421.0,195809,python,[JIT],0x0000e96f068abef4
496420.0,195775,python,[JIT],0x0000e031bd50e960
496420.0,195809,python,[JIT],0x0000e96f068ab5ec
496415.0,195809,python,[JIT],0x0000e96f068abd18
496414.0,195915,python,[JIT],0x0000e5957c523210
496413.0,195984,python,[JIT],0x0000fa70fc81dfb0
496413.0,195775,python,[JIT],0x0000e031bd4ef16c
496413.0,195809,python,[JIT],0x0000e96f067f1cb0
496413.0,195809,python,[JIT],0x0000e96f068a23ac
496412.0,195809,python,[JIT],0x0000e96f068ac198
496411.0,195775,python,[JIT],0x0000e031bd886648
496411.0,195809,python,[JIT],0x0000e96f068d64cc
496410.0,195809,python,[JIT],0x0000e96f067f9dac
496409.0,195984,python,[JIT],0x0000fa70fbeff2b8
496407.0,195843,python,[JIT],0x0000f826445d8064
496406.0,195984,python,[JIT],0x0000fa70fc8166bc
496404.0,195809,python,[JIT],0x0000e96f067f1a24
496403.0,195809,python,[JIT],0x0000e96f067f1a0c
496401.0,195809,python,[JIT],0x0000e96f068a822c
496400.0,195984,python,[JIT],0x0000fa70fc81e7c4
496400.0,195915,python,python,_PyJit_translate_single_bytecode_to_trace
496400.0,195809,python,[JIT],0x0000e96f068ab2e0
496399.0,195843,python,[JIT],0x0000f8264433c118
496398.0,195984,python,[JIT],0x0000fa70fc819048
496398.0,195915,python,[JIT],0x0000e5957c525cc8
496396.0,195915,python,[JIT],0x0000e5957c96629c
496396.0,195809,python,[JIT],0x0000e96f068a6754
496395.0,195775,python,[JIT],0x0000e031bd886078
496394.0,195984,python,[JIT],0x0000fa70fc76c604
496394.0,195809,python,[JIT],0x0000e96f067fa7cc
496394.0,195843,python,[JIT],0x0000f8264430b4cc
496393.0,195915,python,[JIT],0x0000e5957c934038
496393.0,195915,python,[JIT],0x0000e5957c96635c
496393.0,195809,python,[JIT],0x0000e96f064eb180
496393.0,195809,python,[JIT],0x0000e96f067f96c4
496393.0,195809,python,[JIT],0x0000e96f068acb9c
496392.0,195775,python,[JIT],0x0000e031bd856284
496390.0,195809,python,[JIT],0x0000e96f064f6834
496390.0,195809,python,[JIT],0x0000e96f064fd17c
496389.0,195984,python,python,_PySuper_LookupDescr
496389.0,195984,python,[JIT],0x0000fa70fc503ec8
496389.0,195809,python,[JIT],0x0000e96f05f99bc4
496388.0,195809,python,[JIT],0x0000e96f068a2178
496385.0,195984,python,[JIT],0x0000fa70fc81d1e4
496383.0,195984,python,[JIT],0x0000fa70fc4f5228
496383.0,195915,python,[JIT],0x0000e5957c4ec908
496383.0,195843,python,[JIT],0x0000f82644682274
496380.0,195843,python,[JIT],0x0000f82644683d04
496379.0,195775,python,[JIT],0x0000e031bd8875cc
496379.0,195809,python,[JIT],0x0000e96f068a23b0
496379.0,195809,python,[JIT],0x0000e96f068ab92c
496378.0,195809,python,[JIT],0x0000e96f067f10b8
496378.0,195809,python,[JIT],0x0000e96f068a7a88
496376.0,195775,python,[JIT],0x0000e031bd7a8444
496376.0,195843,python,[JIT],0x0000f8264468351c
496375.0,195809,python,[JIT],0x0000e96f068ab2b0
496374.0,195809,python,[JIT],0x0000e96f068ab180
496373.0,195719,python,[JIT],0x0000e48a9738cf04
496371.0,195809,python,[JIT],0x0000e96f067f1308
496370.0,195775,python,[JIT],0x0000e031bd8550c4
496370.0,195719,python,[JIT],0x0000e48a96af36f8
496368.0,195915,python,[JIT],0x0000e5957c93477c
496367.0,195915,python,[JIT],0x0000e5957c939370
496365.0,195809,python,[JIT],0x0000e96f068d854c
496365.0,195843,python,[JIT],0x0000f826445dbee4
496363.0,195775,python,[JIT],0x0000e031bd85b4f0
496363.0,195809,python,[JIT],0x0000e96f068d80f8
496361.0,195984,python,[JIT],0x0000fa70fc8184d4
496361.0,195915,python,[JIT],0x0000e5957c4eb6e0
496359.0,195775,python,[JIT],0x0000e031bd887254
496359.0,195809,python,[JIT],0x0000e96f068ab034
496358.0,195775,python,[JIT],0x0000e031bd885480
496358.0,195809,python,python,store_instance_attr_lock_held
496356.0,195915,python,[JIT],0x0000e5957c93a258
496356.0,195809,python,[JIT],0x0000e96f067f9f5c
496353.0,195775,python,[JIT],0x0000e031bd855fac
496352.0,195719,python,[JIT],0x0000e48a9738b1dc
496352.0,195809,python,[JIT],0x0000e96f068a77fc
496350.0,195809,python,[JIT],0x0000e96f068ab6e8
496349.0,195809,python,[JIT],0x0000e96f05f98144
496348.0,195984,python,python,_PyType_GetDict
496348.0,195809,python,[JIT],0x0000e96f068ac194
496347.0,195809,python,[JIT],0x0000e96f068aba4c
496346.0,195775,python,[JIT],0x0000e031bd7a9a98
496345.0,195719,python,[JIT],0x0000e48a970ed840
496344.0,195809,python,[JIT],0x0000e96f067f11e4
496344.0,195809,python,[JIT],0x0000e96f068ac084
496343.0,195719,python,[JIT],0x0000e48a9712abac
496342.0,195809,python,[JIT],0x0000e96f05f5a060
496339.0,195809,python,[JIT],0x0000e96f068a2310
496338.0,195809,python,[JIT],0x0000e96f068abd00
496336.0,195984,python,[JIT],0x0000fa70fc84a164
496335.0,195984,python,[JIT],0x0000fa70fbef7500
496335.0,195984,python,[JIT],0x0000fa70fc76313c
496335.0,195775,python,[JIT],0x0000e031bd50c6f0
496335.0,195809,python,[JIT],0x0000e96f068ab090
496333.0,195775,python,[JIT],0x0000e031bd8552d0
496333.0,195809,python,[JIT],0x0000e96f068a2040
496333.0,195809,python,[JIT],0x0000e96f068ac078
496333.0,195843,python,[JIT],0x0000f82644684320
496331.0,195775,python,[JIT],0x0000e031bd501678
496331.0,195719,python,[JIT],0x0000e48a9745c7f0
496329.0,195719,python,[JIT],0x0000e48a9745e050
496329.0,195809,python,[JIT],0x0000e96f05f9a2ac
496325.0,195719,python,[JIT],0x0000e48a96afb248
496322.0,195719,python,[JIT],0x0000e48a9745e108
496320.0,195809,python,[JIT],0x0000e96f067f13d8
496319.0,195775,python,[JIT],0x0000e031bd851390
496316.0,195775,python,[JIT],0x0000e031bd7a90bc
496315.0,195809,python,[JIT],0x0000e96f068a2840
496315.0,195809,python,[JIT],0x0000e96f068d60ec
496314.0,195915,python,[JIT],0x0000e5957c966064
496314.0,195719,python,[JIT],0x0000e48a9738c510
496313.0,195775,python,[JIT],0x0000e031bd88720c
496309.0,195809,python,[JIT],0x0000e96f068ab074
496309.0,195843,python,[JIT],0x0000f82644683730
496307.0,195809,python,[JIT],0x0000e96f068d707c
496306.0,195809,python,[JIT],0x0000e96f064f61b0
496305.0,195809,python,[JIT],0x0000e96f067fab58
496302.0,195843,python,[JIT],0x0000f82644683900
496301.0,195984,python,[JIT],0x0000fa70fc81d040
496301.0,195775,python,[JIT],0x0000e031bd887570
496300.0,195843,python,[JIT],0x0000f826446b02b8
496294.0,195809,python,[JIT],0x0000e96f05f983d0
496292.0,195984,python,[JIT],0x0000fa70fc81dca4
496291.0,195915,python,[JIT],0x0000e5957c965674
496289.0,195809,python,[JIT],0x0000e96f068ab5e4
496288.0,195809,python,[JIT],0x0000e96f068ae6dc
496286.0,195915,python,[JIT],0x0000e5957c931304
496283.0,195984,python,[JIT],0x0000fa70fc81e0a0
496282.0,195719,python,[JIT],0x0000e48a9712a330
496282.0,195843,python,[JIT],0x0000f8264430b320
496281.0,195984,python,[JIT],0x0000fa70fc819258
496280.0,195915,python,[JIT],0x0000e5957c8871d8
496280.0,195719,python,[JIT],0x0000e48a9745d304
496279.0,195984,python,[JIT],0x0000fa70fc81d344
496278.0,195809,python,[JIT],0x0000e96f064f6a74
496276.0,195984,python,[JIT],0x0000fa70fc50344c
496273.0,195984,python,[JIT],0x0000fa70fc8497d0
496266.0,195809,python,[JIT],0x0000e96f068ab220
496266.0,195843,python,[JIT],0x0000f826445d18fc
496264.0,195719,python,[JIT],0x0000e48a974331f4
496261.0,195915,python,python,_Py_Dealloc
496261.0,195809,python,[JIT],0x0000e96f05f98a74
496260.0,195775,python,[JIT],0x0000e031bd85bef4
496259.0,195809,python,[JIT],0x0000e96f05f99268
496259.0,195809,python,[JIT],0x0000e96f068ab354
496259.0,195809,python,[JIT],0x0000e96f068aca1c
496253.0,195809,python,[JIT],0x0000e96f068abb84
496249.0,195984,python,[JIT],0x0000fa70fc81d160
496249.0,195809,python,[JIT],0x0000e96f067f93c0
496247.0,195775,python,[JIT],0x0000e031bd886068
496245.0,195809,python,[JIT],0x0000e96f068a7878
496243.0,195915,python,[JIT],0x0000e5957c5253e0
496238.0,195809,python,[JIT],0x0000e96f068ab06c
496234.0,195809,python,[JIT],0x0000e96f067f197c
496232.0,195775,python,[JIT],0x0000e031bd855060
496231.0,195809,python,[JIT],0x0000e96f068ab254
496229.0,195984,python,[JIT],0x0000fa70fc4f61b0
496227.0,195915,python,[JIT],0x0000e5957c93a1ec
496226.0,195719,python,[JIT],0x0000e48a96a91e40
496223.0,195809,python,[JIT],0x0000e96f068d8224
496221.0,195809,python,[JIT],0x0000e96f064f54d0
496221.0,195843,python,[JIT],0x0000f8264468311c
496218.0,195719,python,[JIT],0x0000e48a97432048
496216.0,195719,python,[JIT],0x0000e48a96afcb54
496216.0,195809,python,[JIT],0x0000e96f068ab9d8
496215.0,195809,python,[JIT],0x0000e96f068a6c18
496213.0,195775,python,[JIT],0x0000e031bd85a434
496209.0,195843,python,[JIT],0x0000f826446832d0
496206.0,195775,python,[JIT],0x0000e031bd7aa194
496204.0,195915,python,[JIT],0x0000e5957c4eb4b8
496198.0,195719,python,[JIT],0x0000e48a970edc0c
496197.0,195809,python,python,PyNumber_FloorDivide
496194.0,195719,python,[JIT],0x0000e48a9738857c
496194.0,195843,python,[JIT],0x0000f8264430aa20
496191.0,195809,python,[JIT],0x0000e96f068ab1d8
496188.0,195775,python,[JIT],0x0000e031bd85a63c
496182.0,195984,python,[JIT],0x0000fa70fc849308
496182.0,195843,python,[JIT],0x0000f82644683c98
496177.0,195775,python,[JIT],0x0000e031bd5020b4
496176.0,195984,python,[JIT],0x0000fa70fc76302c
496174.0,195809,python,[JIT],0x0000e96f067f1658
496171.0,195984,python,[JIT],0x0000fa70fc504d08
496170.0,195775,python,[JIT],0x0000e031bcefe4b8
496170.0,195809,python,[JIT],0x0000e96f068ac678
496168.0,195775,python,[JIT],0x0000e031bd545ce8
496168.0,195775,python,[JIT],0x0000e031bd85b420
496168.0,195946,python,python,_Py_LoadAttr_StackRefSteal
496168.0,195809,python,[JIT],0x0000e96f068a64f4
496167.0,195775,python,[JIT],0x0000e031bd503394
496166.0,195775,python,[JIT],0x0000e031bd85a034
496164.0,195719,python,[JIT],0x0000e48a9738c0ac
496152.0,195843,python,[JIT],0x0000f82644309134
496144.0,195843,python,[JIT],0x0000f82644683808
496144.0,195843,python,[JIT],0x0000f826445dea98
496141.0,195775,python,[JIT],0x0000e031bd886858
496136.0,195915,python,[JIT],0x0000e5957c889b80
496135.0,195719,python,[JIT],0x0000e48a97383838
496134.0,195984,python,[JIT],0x0000fa70fc81ddec
496125.0,195984,python,[JIT],0x0000fa70fc7636a4
496120.0,195915,python,[JIT],0x0000e5957c888c0c
496116.0,195719,python,[JIT],0x0000e48a9745e21c
496112.0,195719,python,[JIT],0x0000e48a9738bc90
496111.0,195719,python,[JIT],0x0000e48a9745e50c
496108.0,195719,python,[JIT],0x0000e48a96afcdc8
496103.0,195984,python,[JIT],0x0000fa70fc818494
496102.0,195809,python,[JIT],0x0000e96f068a6170
496101.0,195915,python,[JIT],0x0000e5957c939ba4
496101.0,195843,python,python,PyObject_SetAttr
496098.0,195984,python,[JIT],0x0000fa70fc76d658
496092.0,195809,python,[JIT],0x0000e96f064f5550
496082.0,195809,python,[JIT],0x0000e96f064f5bc8
496081.0,195809,python,[JIT],0x0000e96f05f51f80
496080.0,195809,python,[JIT],0x0000e96f068ac6c4
496078.0,195984,python,python,_PySuper_Lookup
496075.0,195775,python,[JIT],0x0000e031bd855114
496075.0,195809,python,[JIT],0x0000e96f068d8424
496072.0,195809,python,[JIT],0x0000e96f068a202c
496071.0,195809,python,[JIT],0x0000e96f068ab0d8
496069.0,195809,python,[JIT],0x0000e96f068a20dc
496065.0,195809,python,[JIT],0x0000e96f068a32ac
496064.0,195984,python,[JIT],0x0000fa70fc81d6fc
496053.0,195809,python,[JIT],0x0000e96f067f1e60
496053.0,195809,python,python,compactlongs_guard
496049.0,195775,python,[JIT],0x0000e031bd856d80
496049.0,195843,python,[JIT],0x0000f82644684b30
496038.0,195775,python,[JIT],0x0000e031bd85a1f4
496034.0,195809,python,[JIT],0x0000e96f068ab0f4
496025.0,195809,python,[JIT],0x0000e96f05f5c498
496022.0,195843,python,[JIT],0x0000f8264433b47c
496018.0,195809,python,[JIT],0x0000e96f068ab02c
496017.0,195809,python,[JIT],0x0000e96f068a9330
496012.0,195775,python,[JIT],0x0000e031bd7a95b8
496009.0,195984,python,[JIT],0x0000fa70fc81d214
495996.0,195809,python,[JIT],0x0000e96f064f6dc8
495990.0,195809,python,[JIT],0x0000e96f05f98ff0
495987.0,195775,python,[JIT],0x0000e031bd856e64
495978.0,195775,python,[JIT],0x0000e031bd8871b0
495976.0,195984,python,[JIT],0x0000fa70fc4f6b40
495971.0,195915,python,[JIT],0x0000e5957c934220
495963.0,195809,python,[JIT],0x0000e96f068abc94
495960.0,195843,python,python,PyObject_GenericGetAttr
495958.0,195984,python,[JIT],0x0000fa70fc4fbcbc
495949.0,195915,python,[JIT],0x0000e5957c939cac
495943.0,195809,python,[JIT],0x0000e96f064f38f0
495941.0,195775,python,[JIT],0x0000e031bd7a9bf8
495932.0,195809,python,[JIT],0x0000e96f068abc54
495921.0,195809,python,[JIT],0x0000e96f068ab758
495914.0,195719,python,[JIT],0x0000e48a96afbfb8
495892.0,195775,python,[JIT],0x0000e031bd85a5e0
495882.0,195775,python,[JIT],0x0000e031bd85b6c8
495875.0,195775,python,[JIT],0x0000e031bd85a73c
495869.0,195843,python,[JIT],0x0000f8264433b3a0
495863.0,195843,python,[JIT],0x0000f8264433bd10
495861.0,195809,python,[JIT],0x0000e96f05f99dd8
495857.0,195843,python,[JIT],0x0000f826446b0474
495851.0,195915,python,[JIT],0x0000e5957c5238e4
495851.0,195809,python,[JIT],0x0000e96f068d82b8
495828.0,195775,python,[kernel.kallsyms],perf_iterate_ctx
495822.0,195719,python,[JIT],0x0000e48a97431458
495815.0,195984,python,[JIT],0x0000fa70fc81d970
495807.0,195719,python,python,PyNumber_InPlaceFloorDivide
495801.0,195719,python,[JIT],0x0000e48a9738c434
495797.0,195843,python,[JIT],0x0000f82644682834
495791.0,195915,python,[JIT],0x0000e5957c9390c4
495784.0,195719,python,[JIT],0x0000e48a9738bcd4
495780.0,195984,python,[JIT],0x0000fa70fc5047d0
495773.0,195984,python,[JIT],0x0000fa70fc81dc3c
495759.0,195915,python,[JIT],0x0000e5957bf9957c
495731.0,195719,python,[JIT],0x0000e48a9712b804
495714.0,195984,python,[JIT],0x0000fa70fc818cf4
495695.0,195719,python,[JIT],0x0000e48a9745e2dc
495674.0,195809,python,[JIT],0x0000e96f068a799c
495669.0,195719,python,[JIT],0x0000e48a9738c6c4
495667.0,195775,python,[JIT],0x0000e031bd887164
495652.0,195719,python,[JIT],0x0000e48a9738b038
495606.0,195719,python,[JIT],0x0000e48a97433228
495567.0,195984,python,[JIT],0x0000fa70fc5041ac
495563.0,195719,python,[JIT],0x0000e48a96acc248
495550.0,195775,python,[JIT],0x0000e031bd50b02c
495448.0,195775,python,[JIT],0x0000e031bd856598
495445.0,195984,python,[JIT],0x0000fa70fc8180c8
495391.0,195915,python,[JIT],0x0000e5957c934b08
495376.0,195719,python,[JIT],0x0000e48a96acb45c
495363.0,195719,python,[JIT],0x0000e48a9712a540
495346.0,195775,python,[JIT],0x0000e031bd4eb73c
495345.0,195775,python,[JIT],0x0000e031bd85ac78
495343.0,195809,python,[JIT],0x0000e96f067f113c
495286.0,195809,python,[JIT],0x0000e96f068d80fc
495283.0,195775,python,[JIT],0x0000e031bd502b78
495251.0,195915,python,python,rangeiter_dealloc
495135.0,195984,python,[JIT],0x0000fa70fc81d204
495092.0,195984,python,[JIT],0x0000fa70fc81d2c4
495071.0,195843,python,[JIT],0x0000f82644372214
495037.0,195984,python,[JIT],0x0000fa70fc84a1c0
494982.0,195719,python,[JIT],0x0000e48a9738c9a4
494951.0,195809,python,[JIT],0x0000e96f067be1b4
494940.0,195843,python,[JIT],0x0000f826446b00f8
494915.0,195775,python,[JIT],0x0000e031bd856594
494913.0,195984,python,[JIT],0x0000fa70fc8111d0
494910.0,195843,python,[JIT],0x0000f82644338fb0
494898.0,195915,python,[JIT],0x0000e5957c93ad0c
494897.0,195984,python,[JIT],0x0000fa70fc81b330
494890.0,195984,python,[JIT],0x0000fa70fc81d0e4
494829.0,195809,python,[JIT],0x0000e96f068ab08c
494827.0,195719,python,[JIT],0x0000e48a9738c378
494827.0,195809,python,[JIT],0x0000e96f068d80dc
494791.0,195775,python,[JIT],0x0000e031bd7aa150
494745.0,195843,python,[JIT],0x0000f82644373a94
494701.0,195809,python,[JIT],0x0000e96f068a69fc
494671.0,195984,python,[JIT],0x0000fa70fc81d090
494670.0,195775,python,[JIT],0x0000e031bd85a7e8
494646.0,195809,python,libc.so.6,__strlen_asimd
494622.0,195809,python,[JIT],0x0000e96f064eb960
494549.0,195984,python,[JIT],0x0000fa70fc8483c0
494537.0,195775,python,[JIT],0x0000e031bd85a664
494532.0,195915,python,[JIT],0x0000e5957c939244
494520.0,195843,python,[JIT],0x0000f826442fc104
494422.0,195809,python,[JIT],0x0000e96f05f570a8
494366.0,195775,python,[JIT],0x0000e031bd8576cc
494336.0,195809,python,[JIT],0x0000e96f064f69b0
494296.0,195719,python,[JIT],0x0000e48a9745e29c
494169.0,195984,python,[JIT],0x0000fa70fc81e8cc
494083.0,195775,python,[JIT],0x0000e031bd54508c
494058.0,195915,python,[JIT],0x0000e5957c93aff0
494028.0,195719,python,[JIT],0x0000e48a9712b9d4
493949.0,195843,python,[JIT],0x0000f82644372890
493927.0,195775,python,[JIT],0x0000e031bd85a07c
493882.0,195984,python,[JIT],0x0000fa70fc81e0d8
493847.0,195984,python,[JIT],0x0000fa70fc4f744c
493739.0,195843,python,[JIT],0x0000f8264430f964
493679.0,195775,python,[JIT],0x0000e031bd85ac88
493671.0,195775,python,[JIT],0x0000e031bd856568
493671.0,195843,python,[JIT],0x0000f8264433c9c4
493612.0,195775,python,[JIT],0x0000e031bd855f9c
493493.0,195809,python,[JIT],0x0000e96f068a6840
493461.0,195984,python,[JIT],0x0000fa70fc76d4f8
493448.0,195843,python,[JIT],0x0000f826446b00e0
493429.0,195719,python,[JIT],0x0000e48a97431734
493380.0,195843,python,[JIT],0x0000f826446b0424
493235.0,195775,python,[JIT],0x0000e031bd8520c0
493201.0,195984,python,[JIT],0x0000fa70fc81d7f8
493112.0,195775,python,[JIT],0x0000e031bd50c0a8
492936.0,195719,python,[JIT],0x0000e48a96a945f8
492821.0,195915,python,[JIT],0x0000e5957c939028
492712.0,195809,python,[JIT],0x0000e96f068a86c4
492698.0,195719,python,[JIT],0x0000e48a970ed3e0
492619.0,195775,python,[JIT],0x0000e031bd85a700
492548.0,195915,python,[JIT],0x0000e5957c8895b4
492525.0,195843,python,[JIT],0x0000f826446b2020
492467.0,195915,python,[JIT],0x0000e5957c939954
492400.0,195984,python,[JIT],0x0000fa70fc81e288
492195.0,195809,python,[JIT],0x0000e96f064f5114
492170.0,195843,python,[JIT],0x0000f82644372bf0
492063.0,195984,python,[JIT],0x0000fa70fc4f55c4
492048.0,195843,python,python,store_instance_attr_lock_held
491982.0,195984,python,[JIT],0x0000fa70fc818d20
491734.0,195984,python,[JIT],0x0000fa70fc763898
491659.0,195843,python,[JIT],0x0000f826446840e4
491640.0,195843,python,[JIT],0x0000f826446837e4
491500.0,195719,python,[JIT],0x0000e48a9712ae64
491359.0,195915,python,[JIT],0x0000e5957c4eba20
491288.0,195775,python,[JIT],0x0000e031bd85a4c8
491088.0,195915,python,[JIT],0x0000e5957bf9d184
491087.0,195843,python,[JIT],0x0000f826443387b0
490890.0,195809,python,[JIT],0x0000e96f068ab914
490882.0,195809,python,python,_PyOptimizer_Optimize
490874.0,195843,python,[JIT],0x0000f826442f8808
490842.0,195843,python,[JIT],0x0000f826446b2084
490729.0,195719,python,[JIT],0x0000e48a9745c228
490576.0,195719,python,[JIT],0x0000e48a97384350
490513.0,195984,python,[JIT],0x0000fa70fc8112a0
490390.0,195984,python,python,compactlongs_guard
490322.0,195809,python,[JIT],0x0000e96f068ab1b0
490141.0,195843,python,[JIT],0x0000f82644683810
489867.0,195775,python,[JIT],0x0000e031bd855874
489764.0,195843,python,[JIT],0x0000f82644683864
489745.0,195775,python,[JIT],0x0000e031bd76e2ac
489423.0,195719,python,[JIT],0x0000e48a974326cc
489270.0,195775,python,[JIT],0x0000e031bd5452f4
489170.0,195809,python,[JIT],0x0000e96f067f9fe8
489079.0,195719,python,[JIT],0x0000e48a9745e10c
488723.0,195843,python,[JIT],0x0000f826445dcb7c
488398.0,195775,python,python,_PyObject_StoreInstanceAttribute
488232.0,195775,python,[JIT],0x0000e031bd852328
488117.0,195843,python,[JIT],0x0000f82644684bb8
487902.0,195775,python,[JIT],0x0000e031bd85ba90
487157.0,195984,python,[JIT],0x0000fa70fc81d19c
486841.0,195719,python,[JIT],0x0000e48a9738c010
486780.0,195719,python,[JIT],0x0000e48a97431d38
486498.0,195984,python,[JIT],0x0000fa70fc81806c
486154.0,195809,python,[JIT],0x0000e96f068a3214
486096.0,195843,python,[JIT],0x0000f82644372524
485805.0,195809,python,[JIT],0x0000e96f064eb3ec
485644.0,195775,python,[JIT],0x0000e031bd4f6a78
485629.0,195719,python,[JIT],0x0000e48a9745e1c4
485553.0,195719,python,[JIT],0x0000e48a974311d8
485358.0,195843,python,[JIT],0x0000f82644683214
485279.0,195719,python,[JIT],0x0000e48a9745e3a0
485138.0,195984,python,[JIT],0x0000fa70fc81e0dc
484887.0,195809,python,[JIT],0x0000e96f067fbcbc
483955.0,195843,python,[JIT],0x0000f826445dc54c
483899.0,195984,python,[JIT],0x0000fa70fc763130
482903.0,195984,python,[JIT],0x0000fa70fc8194c8
482792.0,195775,python,[JIT],0x0000e031bd7a9eac
482570.0,195775,python,python,compactlongs_xor
481673.0,195843,python,[JIT],0x0000f826445dc054
481226.0,195775,python,[JIT],0x0000e031bd85b858
480608.0,195843,python,python,_PyObject_GenericGetAttrWithDict
480478.0,195843,python,[JIT],0x0000f8264459e1ec
480407.0,195984,python,[JIT],0x0000fa70fc81d6a8
480048.0,195809,python,[JIT],0x0000e96f068d63ac
479725.0,195843,python,[kernel.kallsyms],arch_local_irq_restore
479525.0,195843,python,[JIT],0x0000f8264468233c
479208.0,195809,python,[JIT],0x0000e96f068a2298
479170.0,195843,python,[kernel.kallsyms],try_charge_memcg
478991.0,195915,python,[JIT],0x0000e5957bf6c514
478930.0,195775,python,[JIT],0x0000e031bd855dd8
478779.0,195809,python,[JIT],0x0000e96f067f1090
477838.0,195775,python,[JIT],0x0000e031bd85a0f8
477641.0,195775,python,[JIT],0x0000e031bd85a6f0
477544.0,195775,python,python,_PyType_GetDict
476293.0,195843,python,[JIT],0x0000f8264430a97c
475849.0,195915,python,[JIT],0x0000e5957bff5a40
474960.0,195719,python,[JIT],0x0000e48a96afbf1c
474946.0,195809,python,[JIT],0x0000e96f067f1578
474568.0,195809,python,[JIT],0x0000e96f064f5664
474347.0,195775,python,python,long_div
473958.0,195719,python,[JIT],0x0000e48a970ed3d8
473326.0,195915,python,[JIT],0x0000e5957c5237b0
473244.0,195843,python,[JIT],0x0000f826446b049c
473078.0,195843,python,[JIT],0x0000f826445db434
472640.0,195775,python,[JIT],0x0000e031bd8872f4
472358.0,195915,python,[JIT],0x0000e5957c939c94
471484.0,195984,python,[JIT],0x0000fa70fc4f6160
471064.0,195809,python,[JIT],0x0000e96f068ab814
469712.0,195843,python,[JIT],0x0000f826445db038
468425.0,195775,python,[JIT],0x0000e031bd85a1c4
451033.0,195809,python,[JIT],0x0000e96f068a3428
449808.0,195843,python,[JIT],0x0000f82644681174
363001.0,195809,python,[JIT],0x0000e96f068a65cc
357404.0,195915,python,[JIT],0x0000e5957c88c21c
348064.0,195775,python,[JIT],0x0000e031bd50b758
321469.0,195809,python,[JIT],0x0000e96f068a7628
295740.0,195809,python,[JIT],0x0000e96f068a6980
294474.0,195915,python,[JIT],0x0000e5957c4ecd64
292200.0,195809,python,python,_Py_Specialize_LoadAttr
288227.0,195809,python,[JIT],0x0000e96f067f7180
282507.0,195809,python,[JIT],0x0000e96f068a30cc
279195.0,195775,python,[kernel.kallsyms],task_mm_cid_work
277852.0,195984,python,[JIT],0x0000fa70fc76b3ec
275100.0,195843,python,[JIT],0x0000f82644309f04
274965.0,195843,python,[JIT],0x0000f826446b03b8
273364.0,195915,python,[JIT],0x0000e5957c525214
273364.0,195915,python,[JIT],0x0000e5957c939790
270702.0,195843,python,[JIT],0x0000f826445dc79c
270580.0,195843,python,[JIT],0x0000f82644338d58
270296.0,195915,python,[JIT],0x0000e5957c93a4f0
270211.0,195809,python,[kernel.kallsyms],task_mm_cid_work
270056.0,195984,python,[JIT],0x0000fa70fc81697c
269534.0,195719,python,[JIT],0x0000e48a9738c644
269410.0,195719,python,[JIT],0x0000e48a96afb554
268440.0,195843,python,[JIT],0x0000f826442f99fc
266823.0,195719,python,[JIT],0x0000e48a974316e8
265625.0,195915,python,[JIT],0x0000e5957c9653b4
265503.0,195915,python,[JIT],0x0000e5957c966414
265487.0,195719,python,[JIT],0x0000e48a970eda5c
262966.0,195843,python,[JIT],0x0000f826446b021c
262907.0,195915,python,[JIT],0x0000e5957c9640b4
262605.0,195843,python,[JIT],0x0000f8264433cda0
261458.0,195809,python,[JIT],0x0000e96f064eb098
261339.0,195719,python,[JIT],0x0000e48a97431340
261027.0,195915,python,[JIT],0x0000e5957bf9d208
259643.0,195809,python,[JIT],0x0000e96f064eb480
259280.0,195915,python,[JIT],0x0000e5957c88c254
259249.0,195843,python,[JIT],0x0000f8264430a42c
258649.0,195843,python,[JIT],0x0000f8264433beb0
258417.0,195843,python,[JIT],0x0000f826442f9d18
258347.0,195775,python,[JIT],0x0000e031bd85bbdc
258005.0,195809,python,[JIT],0x0000e96f067f1af8
257997.0,195984,python,[JIT],0x0000fa70fc503478
257930.0,195843,python,[JIT],0x0000f826442ed9b4
257005.0,195843,python,[JIT],0x0000f826445db890
256676.0,195809,python,[JIT],0x0000e96f064f5338
256640.0,195809,python,[JIT],0x0000e96f068a7d28
256628.0,195843,python,[JIT],0x0000f826445d1bdc
256339.0,195719,python,[JIT],0x0000e48a9738cfe0
256180.0,195843,python,[JIT],0x0000f82644682294
255897.0,195719,python,[JIT],0x0000e48a96accc34
255520.0,195809,python,[JIT],0x0000e96f068ab0cc
255206.0,195915,python,[JIT],0x0000e5957c93132c
254849.0,195719,python,[JIT],0x0000e48a9712b174
254846.0,195809,python,[JIT],0x0000e96f064f62d0
254839.0,195843,python,[JIT],0x0000f82644683700
254805.0,195843,python,[JIT],0x0000f8264433bfc0
254797.0,195719,python,[JIT],0x0000e48a9738b138
254740.0,195809,python,[JIT],0x0000e96f067fa500
254714.0,195843,python,[JIT],0x0000f826445d8450
254588.0,195719,python,[JIT],0x0000e48a96afbc14
254145.0,195843,python,[JIT],0x0000f82644684624
253878.0,195843,python,[JIT],0x0000f8264430afb4
253822.0,195719,python,[JIT],0x0000e48a96acbe4c
253790.0,195809,python,[JIT],0x0000e96f064f3c60
253777.0,195915,python,[JIT],0x0000e5957c5257f0
253397.0,195775,python,[JIT],0x0000e031bd7a925c
253397.0,195775,python,[JIT],0x0000e031bd855748
253262.0,195915,python,[JIT],0x0000e5957c96505c
253136.0,195809,python,[JIT],0x0000e96f067fa350
253122.0,195843,python,[JIT],0x0000f826446af240
253085.0,195719,python,[JIT],0x0000e48a97431c7c
253050.0,195719,python,[JIT],0x0000e48a96afc954
252755.0,195984,python,[JIT],0x0000fa70fc766320
252544.0,195915,python,[kernel.kallsyms],fpsimd_restore_current_state
252352.0,195915,python,[JIT],0x0000e5957c93a080
252331.0,195843,python,[JIT],0x0000f8264430a39c
252128.0,195809,python,[JIT],0x0000e96f064f37bc
252118.0,195809,python,[JIT],0x0000e96f05f98744
252091.0,195843,python,[JIT],0x0000f826442feef0
251959.0,195719,python,[JIT],0x0000e48a96acc0f4
251918.0,195843,python,[JIT],0x0000f8264433b344
251918.0,195843,python,[JIT],0x0000f826443732e8
251797.0,195843,python,[JIT],0x0000f826445d27f0
251669.0,195915,python,[JIT],0x0000e5957c934114
251530.0,195915,python,[JIT],0x0000e5957c93b030
251510.0,195719,python,[JIT],0x0000e48a9745e260
251505.0,195843,python,[JIT],0x0000f826442f3cd8
251472.0,195719,python,[JIT],0x0000e48a9745e0f8
251314.0,195843,python,[JIT],0x0000f826442f52b4
251213.0,195809,python,[JIT],0x0000e96f067fa668
251107.0,195809,python,[JIT],0x0000e96f05f9a04c
251095.0,195843,python,[JIT],0x0000f82643cfcc9c
250908.0,195843,python,[JIT],0x0000f826445dcf7c
250880.0,195809,python,[JIT],0x0000e96f067fa468
250854.0,195775,python,[JIT],0x0000e031bd501228
250813.0,195809,python,[JIT],0x0000e96f05f5b1d0
250799.0,195843,python,[JIT],0x0000f8264433892c
250789.0,195915,python,[JIT],0x0000e5957c8881d4
250761.0,195915,python,[JIT],0x0000e5957c888794
250686.0,195843,python,[JIT],0x0000f82644683804
250668.0,195719,python,[JIT],0x0000e48a96acd2c4
250668.0,195719,python,[JIT],0x0000e48a970ed5ec
250496.0,195775,python,[JIT],0x0000e031bd50242c
250428.0,195775,python,[JIT],0x0000e031bd88556c
250411.0,195719,python,[JIT],0x0000e48a96a916d4
250382.0,195719,python,[JIT],0x0000e48a96a91490
250339.0,195915,python,[JIT],0x0000e5957bff50a4
250252.0,195809,python,[JIT],0x0000e96f068d7208
250131.0,195915,python,[JIT],0x0000e5957c9665cc
250036.0,195843,python,[JIT],0x0000f826445d9128
249962.0,195809,python,[JIT],0x0000e96f064f6968
249948.0,195915,python,[JIT],0x0000e5957c8884b8
249896.0,195775,python,[JIT],0x0000e031bd501da4
249875.0,195843,python,[JIT],0x0000f82644372714
249843.0,195775,python,[JIT],0x0000e031bd85af80
249726.0,195809,python,[JIT],0x0000e96f068ab54c
249666.0,195775,python,[JIT],0x0000e031bd85b848
249635.0,195915,python,[JIT],0x0000e5957c932268
249631.0,195809,python,[JIT],0x0000e96f05f9a140
249591.0,195775,python,[JIT],0x0000e031bd5027b0
249582.0,195915,python,[JIT],0x0000e5957bfc5338
249566.0,195719,python,[JIT],0x0000e48a96a9c9f4
249542.0,195809,python,[JIT],0x0000e96f067f937c
249524.0,195775,python,[JIT],0x0000e031bd76ee00
249464.0,195809,python,[JIT],0x0000e96f064f6c1c
249420.0,195915,python,[JIT],0x0000e5957c939144
249416.0,195915,python,[JIT],0x0000e5957bf9a244
249362.0,195775,python,[JIT],0x0000e031bd545df4
249296.0,195775,python,[JIT],0x0000e031bd4f64dc
249238.0,195915,python,[JIT],0x0000e5957c939f5c
249232.0,195809,python,[JIT],0x0000e96f068a72f0
249216.0,195843,python,[JIT],0x0000f82644683038
249170.0,195719,python,[JIT],0x0000e48a97431130
249164.0,195719,python,[JIT],0x0000e48a97432868
249158.0,195915,python,[JIT],0x0000e5957c4ecb10
249128.0,195915,python,[JIT],0x0000e5957c4ecb0c
249109.0,195775,python,[JIT],0x0000e031bd85a208
249108.0,195915,python,[JIT],0x0000e5957c939ba0
249094.0,195719,python,[JIT],0x0000e48a96afb3a8
249076.0,195915,python,python,_PySuper_Lookup
249068.0,195915,python,[JIT],0x0000e5957c84e140
249043.0,195984,python,[JIT],0x0000fa70fc81e5c0
249031.0,195809,python,[JIT],0x0000e96f068a2908
249013.0,195809,python,[JIT],0x0000e96f05f5d7c4
249013.0,195809,python,[JIT],0x0000e96f068a30e4
248969.0,195915,python,[JIT],0x0000e5957bfc767c
248933.0,195809,python,[JIT],0x0000e96f064f6088
248898.0,195915,python,[JIT],0x0000e5957c523920
248890.0,195843,python,[JIT],0x0000f8264433c678
248888.0,195809,python,[JIT],0x0000e96f068ab3f4
248881.0,195775,python,[JIT],0x0000e031bd5015b8
248873.0,195809,python,[JIT],0x0000e96f064f6aa4
248868.0,195809,python,[JIT],0x0000e96f064eb518
248822.0,195843,python,[JIT],0x0000f8264430a3ac
248802.0,195719,python,[JIT],0x0000e48a97384174
248782.0,195719,python,[JIT],0x0000e48a96afb400
248774.0,195843,python,[JIT],0x0000f826445dbad8
248766.0,195719,python,[JIT],0x0000e48a97431c18
248765.0,195719,python,[JIT],0x0000e48a9712a224
248754.0,195719,python,[JIT],0x0000e48a9738cbb0
248746.0,195843,python,[JIT],0x0000f826445dc7a8
248741.0,195843,python,[JIT],0x0000f826442ef96c
248736.0,195719,python,[JIT],0x0000e48a97388f5c
248733.0,195984,python,[JIT],0x0000fa70fc763798
248724.0,195843,python,[JIT],0x0000f82644683810
248719.0,195719,python,[JIT],0x0000e48a96a95184
248719.0,195719,python,[JIT],0x0000e48a96accbc0
248717.0,195719,python,[JIT],0x0000e48a9738c320
248715.0,195775,python,[JIT],0x0000e031bd851530
248710.0,195719,python,[JIT],0x0000e48a970ed2ec
248707.0,195915,python,[JIT],0x0000e5957c525978
248703.0,195915,python,[JIT],0x0000e5957c4ec3a8
248702.0,195915,python,[JIT],0x0000e5957c88c544
248694.0,195775,python,[JIT],0x0000e031bd855234
248692.0,195775,python,[JIT],0x0000e031bd85aa60
248691.0,195719,python,[JIT],0x0000e48a9712b7c8
248684.0,195915,python,[JIT],0x0000e5957c4ec990
248684.0,195843,python,[JIT],0x0000f82644681140
248682.0,195946,python,[JIT],0x0000fc22a97d40ac
248674.0,195809,python,[JIT],0x0000e96f068a1328
248669.0,195984,python,[JIT],0x0000fa70fc818ba4
248665.0,195719,python,[JIT],0x0000e48a9712a288
248664.0,195775,python,[kernel.kallsyms],__call_rcu_common
248663.0,195843,python,[JIT],0x0000f82644372c10
248662.0,195775,python,[JIT],0x0000e031bd502cf4
248662.0,195719,python,[JIT],0x0000e48a96afca8c
248662.0,195719,python,[JIT],0x0000e48a9712a580
248658.0,195915,python,[JIT],0x0000e5957c9316d0
248655.0,195843,python,[JIT],0x0000f8264430b370
248654.0,195719,python,[JIT],0x0000e48a96afc104
248650.0,195719,python,[JIT],0x0000e48a9738445c
248650.0,195843,python,[JIT],0x0000f8264430a4ec
248647.0,195984,python,[JIT],0x0000fa70fc81d40c
248647.0,195843,python,[JIT],0x0000f8264433c0d4
248645.0,195719,python,[JIT],0x0000e48a97388730
248644.0,195719,python,[JIT],0x0000e48a96afb5dc
248643.0,195775,python,[JIT],0x0000e031bd501db8
248639.0,195915,python,[JIT],0x0000e5957c888ed4
248639.0,195843,python,python,_PyObject_Malloc
248638.0,195809,python,[JIT],0x0000e96f064f6db0
248636.0,195775,python,[JIT],0x0000e031bd501bec
248633.0,195915,python,[JIT],0x0000e5957c8888f0
248632.0,195719,python,[JIT],0x0000e48a9738c248
248631.0,195915,python,[JIT],0x0000e5957c96406c
248631.0,195843,python,[JIT],0x0000f8264430ac04
248629.0,195719,python,[JIT],0x0000e48a96accb68
248624.0,195843,python,[JIT],0x0000f826445db0f4
248623.0,195915,python,[JIT],0x0000e5957bf9996c
248623.0,195719,python,[JIT],0x0000e48a974346dc
248622.0,195775,python,[JIT],0x0000e031bd50b808
248621.0,195775,python,[JIT],0x0000e031bd85a3d0
248620.0,195719,python,[JIT],0x0000e48a9738cd34
248620.0,195719,python,[JIT],0x0000e48a9745c2cc
248619.0,195719,python,[JIT],0x0000e48a9738d1fc
248618.0,195984,python,[JIT],0x0000fa70fbef4db0
248617.0,195719,python,[JIT],0x0000e48a970eb4fc
248616.0,195915,python,[JIT],0x0000e5957bff62d0
248614.0,195984,python,[JIT],0x0000fa70fc84818c
248614.0,195915,python,[JIT],0x0000e5957c4ec5b0
248614.0,195843,python,[JIT],0x0000f8264459e030
248613.0,195915,python,[JIT],0x0000e5957bf95070
248612.0,195843,python,[JIT],0x0000f8264433b39c
248610.0,195843,python,[JIT],0x0000f826445db114
248609.0,195915,python,[JIT],0x0000e5957bf924c4
248608.0,195984,python,[JIT],0x0000fa70fc763868
248606.0,195843,python,[JIT],0x0000f82644684578
248603.0,195719,python,[JIT],0x0000e48a9738b438
248602.0,195915,python,[JIT],0x0000e5957bf9d2ac
248602.0,195719,python,[JIT],0x0000e48a97432b9c
248602.0,195843,python,[JIT],0x0000f82644684480
248601.0,195843,python,[JIT],0x0000f8264433b7b8
248601.0,195843,python,[JIT],0x0000f826445de31c
248601.0,195843,python,[JIT],0x0000f826446b05bc
248600.0,195719,python,[JIT],0x0000e48a96a9886c
248600.0,195719,python,[JIT],0x0000e48a96a9bf5c
248600.0,195843,python,[JIT],0x0000f826446af5d0
248599.0,195843,python,[JIT],0x0000f8264433c9f0
248597.0,195843,python,[JIT],0x0000f8264430a158
248596.0,195915,python,[JIT],0x0000e5957bf9e1c8
248595.0,195719,python,[JIT],0x0000e48a96acbfac
248595.0,195719,python,[JIT],0x0000e48a9738bb14
248594.0,195984,python,[JIT],0x0000fa70fc8188fc
248594.0,195915,python,[JIT],0x0000e5957bff5a3c
248594.0,195775,python,[JIT],0x0000e031bd50b534
248593.0,195984,python,[JIT],0x0000fa70fbeb5a44
248592.0,195915,python,[kernel.kallsyms],mem_cgroup_commit_charge
248591.0,195915,python,[JIT],0x0000e5957c931630
248591.0,195775,python,[JIT],0x0000e031bd855a50
248591.0,195719,python,[JIT],0x0000e48a970ed7b0
248590.0,195719,python,[JIT],0x0000e48a96a94350
248589.0,195915,python,[JIT],0x0000e5957c934214
248589.0,195719,python,[JIT],0x0000e48a9743150c
248588.0,195719,python,[JIT],0x0000e48a97432cac
248587.0,195809,python,[JIT],0x0000e96f068a60c8
248586.0,195984,python,[JIT],0x0000fa70fc81183c
248586.0,195915,python,[JIT],0x0000e5957c934e00
248585.0,195843,python,[JIT],0x0000f826442ed12c
248585.0,195843,python,[JIT],0x0000f8264430f81c
248583.0,195719,python,[JIT],0x0000e48a96afc240
248583.0,195719,python,[JIT],0x0000e48a970ed238
248583.0,195719,python,[JIT],0x0000e48a97431250
248582.0,195843,python,[JIT],0x0000f826445dbff0
248581.0,195719,python,[JIT],0x0000e48a9712a4a4
248581.0,195843,python,[JIT],0x0000f82644372e18
248580.0,195915,python,[JIT],0x0000e5957c934c04
248580.0,195719,python,[JIT],0x0000e48a970edc14
248579.0,195719,python,[JIT],0x0000e48a9738cd28
248578.0,195915,python,[JIT],0x0000e5957bfc779c
248578.0,195719,python,[JIT],0x0000e48a97389278
248576.0,195984,python,[JIT],0x0000fa70fc81decc
248576.0,195915,python,[JIT],0x0000e5957c939200
248576.0,195915,python,[JIT],0x0000e5957c9390f4
248575.0,195915,python,[JIT],0x0000e5957bff5714
248575.0,195915,python,[JIT],0x0000e5957c93ac84
248574.0,195915,python,[JIT],0x0000e5957c9394f0
248572.0,195984,python,[JIT],0x0000fa70fc76cc10
248572.0,195946,python,[JIT],0x0000fc22a94f4284
248572.0,195775,python,[JIT],0x0000e031bd85b400
248572.0,195843,python,[JIT],0x0000f826442f9834
248570.0,195915,python,[JIT],0x0000e5957c523984
248570.0,195843,python,python,_PyEvalFramePushAndInit
248569.0,195915,python,[JIT],0x0000e5957c93a8d4
248569.0,195719,python,[JIT],0x0000e48a970ed6b4
248568.0,195775,python,[JIT],0x0000e031bd50c460
248568.0,195946,python,[JIT],0x0000fc22a94f52a0
248568.0,195843,python,[JIT],0x0000f826442fedcc
248567.0,195915,python,[JIT],0x0000e5957c934228
248567.0,195915,python,[JIT],0x0000e5957c96584c
248564.0,195775,python,[JIT],0x0000e031bd7a8188
248564.0,195719,python,[JIT],0x0000e48a970eb7a8
248564.0,195719,python,[JIT],0x0000e48a9712b170
248563.0,195915,python,[JIT],0x0000e5957bff5d94
248562.0,195915,python,[JIT],0x0000e5957c88c274
248562.0,195719,python,[JIT],0x0000e48a970edc34
248562.0,195809,python,[JIT],0x0000e96f064fc734
248561.0,195984,python,[JIT],0x0000fa70fc849230
248560.0,195915,python,[JIT],0x0000e5957c88c224
248560.0,195719,python,[JIT],0x0000e48a96a9b6d0
248559.0,195719,python,[JIT],0x0000e48a97431064
248559.0,195719,python,[JIT],0x0000e48a9745e514
248558.0,195915,python,[JIT],0x0000e5957bff5e68
248558.0,195775,python,[JIT],0x0000e031bd85bc3c
248558.0,195843,python,[JIT],0x0000f826445dce5c
248558.0,195843,python,[JIT],0x0000f826446b0410
248556.0,195809,python,[JIT],0x0000e96f068a73e0
248555.0,195915,python,[JIT],0x0000e5957c936544
248555.0,195775,python,[JIT],0x0000e031bd85b168
248555.0,195719,python,[JIT],0x0000e48a96a947fc
248554.0,195984,python,[JIT],0x0000fa70fc8487b8
248554.0,195719,python,[JIT],0x0000e48a96acc738
248554.0,195843,python,[JIT],0x0000f82644684d10
248554.0,195843,python,[JIT],0x0000f826446b03b0
248553.0,195915,python,[JIT],0x0000e5957c934c4c
248552.0,195915,python,[JIT],0x0000e5957c9391f4
248552.0,195843,python,[JIT],0x0000f826445d8130
248551.0,195915,python,[JIT],0x0000e5957c934f04
248551.0,195775,python,[JIT],0x0000e031bd5012c8
248551.0,195775,python,[JIT],0x0000e031bd856e6c
248551.0,195843,python,[JIT],0x0000f8264430a0fc
248551.0,195843,python,[JIT],0x0000f8264433c5d4
248550.0,195915,python,[JIT],0x0000e5957c939818
248549.0,195719,python,[JIT],0x0000e48a96a94238
248548.0,195843,python,[JIT],0x0000f8264433c448
248547.0,195915,python,[JIT],0x0000e5957c523754
248547.0,195915,python,[JIT],0x0000e5957c52576c
248547.0,195719,python,[JIT],0x0000e48a9745d078
248547.0,195809,python,python,PyUnicode_CompareWithASCIIString
248546.0,195915,python,[JIT],0x0000e5957c525788
248546.0,195915,python,[JIT],0x0000e5957c9354c8
248546.0,195843,python,[JIT],0x0000f826445dcfe8
248545.0,195775,python,[JIT],0x0000e031bd4ebbf8
248545.0,195719,python,[JIT],0x0000e48a96afbf78
248544.0,195915,python,[JIT],0x0000e5957c4ece38
248544.0,195915,python,[JIT],0x0000e5957c88914c
248544.0,195719,python,[JIT],0x0000e48a96acc384
248544.0,195719,python,[JIT],0x0000e48a96afb5a0
248544.0,195719,python,[JIT],0x0000e48a974334ec
248543.0,195915,python,[JIT],0x0000e5957c521630
248543.0,195915,python,[JIT],0x0000e5957c9391c8
248541.0,195915,python,[JIT],0x0000e5957bff5150
248541.0,195915,python,[JIT],0x0000e5957c934590
248541.0,195775,python,[JIT],0x0000e031bd8851b8
248540.0,195843,python,[JIT],0x0000f82644683c08
248539.0,195984,python,[JIT],0x0000fa70fbef44c4
248539.0,195984,python,[JIT],0x0000fa70fc5031b0
248539.0,195719,python,[JIT],0x0000e48a96a91744
248539.0,195843,python,[JIT],0x0000f826445d859c
248538.0,195775,python,[JIT],0x0000e031bd8552fc
248538.0,195719,python,[JIT],0x0000e48a9745dd80
248538.0,195843,python,[JIT],0x0000f826442f8ad4
248538.0,195843,python,[JIT],0x0000f8264430957c
248537.0,195719,python,[JIT],0x0000e48a96acbd80
248536.0,195915,python,[JIT],0x0000e5957c525334
248536.0,195915,python,[JIT],0x0000e5957c935248
248535.0,195915,python,[JIT],0x0000e5957c888220
248535.0,195719,python,[JIT],0x0000e48a96afcb4c
248534.0,195915,python,[JIT],0x0000e5957c88c410
248534.0,195775,python,[JIT],0x0000e031bd4f103c
248534.0,195843,python,[JIT],0x0000f82644683118
248533.0,195915,python,[JIT],0x0000e5957c93162c
248533.0,195843,python,[JIT],0x0000f82644338770
248532.0,195915,python,[JIT],0x0000e5957c96672c
248532.0,195843,python,[JIT],0x0000f826446834a4
248531.0,195719,python,[JIT],0x0000e48a970eb168
248530.0,195915,python,[JIT],0x0000e5957c934f2c
248530.0,195775,python,[JIT],0x0000e031bd7a9068
248530.0,195843,python,[JIT],0x0000f82644683170
248529.0,195915,python,[JIT],0x0000e5957c93b258
248529.0,195915,python,[JIT],0x0000e5957c939c3c
248529.0,195719,python,[kernel.kallsyms],mas_next_slot
248529.0,195843,python,[JIT],0x0000f8264433b40c
248529.0,195843,python,[JIT],0x0000f82644372328
248529.0,195843,python,[JIT],0x0000f826445d1694
248529.0,195843,python,[JIT],0x0000f826445dd5a0
248528.0,195775,python,[JIT],0x0000e031bd50b8b0
248528.0,195946,python,[JIT],0x0000fc22a97a24a8
248528.0,195915,python,[JIT],0x0000e5957c9364c8
248527.0,195719,python,[JIT],0x0000e48a9745d02c
248527.0,195843,python,[JIT],0x0000f826443710e8
248527.0,195843,python,[JIT],0x0000f826443722a0
248527.0,195843,python,[JIT],0x0000f826445db91c
248526.0,195719,python,[JIT],0x0000e48a97433004
248526.0,195843,python,[JIT],0x0000f82644372768
248526.0,195843,python,[JIT],0x0000f826442fd144
248525.0,195915,python,[JIT],0x0000e5957c965d80
248525.0,195843,python,[JIT],0x0000f8264433b2fc
248524.0,195915,python,[JIT],0x0000e5957c935eb0
248524.0,195915,python,[JIT],0x0000e5957c93a10c
248524.0,195719,python,[JIT],0x0000e48a96acc6d8
248523.0,195915,python,[JIT],0x0000e5957c93a0e8
248523.0,195719,python,[JIT],0x0000e48a96afca68
248522.0,195843,python,[JIT],0x0000f82644682540
248521.0,195915,python,[JIT],0x0000e5957bf63b64
248521.0,195809,python,[JIT],0x0000e96f05f9922c
248521.0,195843,python,[JIT],0x0000f826445d12c4
248521.0,195843,python,[JIT],0x0000f826446837c4
248520.0,195915,python,[JIT],0x0000e5957c889acc
248520.0,195915,python,[JIT],0x0000e5957c93a000
248520.0,195775,python,[JIT],0x0000e031bd50b504
248520.0,195719,python,[JIT],0x0000e48a96afc098
248520.0,195843,python,[JIT],0x0000f82643cf91ec
248520.0,195843,python,[JIT],0x0000f826445dc168
248520.0,195843,python,[JIT],0x0000f82644683458
248519.0,195915,python,[JIT],0x0000e5957c88990c
248518.0,195984,python,[JIT],0x0000fa70fc81d07c
248518.0,195984,python,[JIT],0x0000fa70fc8482c4
248518.0,195775,python,[JIT],0x0000e031bd7aa1fc
248518.0,195843,python,[JIT],0x0000f8264433be9c
248517.0,195915,python,[JIT],0x0000e5957c9392c4
248517.0,195915,python,[JIT],0x0000e5957c939114
248517.0,195719,python,[JIT],0x0000e48a970ed6dc
248517.0,195843,python,[JIT],0x0000f82644683cf0
248517.0,195843,python,[JIT],0x0000f8264433ba9c
248516.0,195915,python,[JIT],0x0000e5957bfc7e80
248516.0,195946,python,[JIT],0x0000fc22a96f5838
248516.0,195719,python,[JIT],0x0000e48a96af31bc
248515.0,195915,python,[JIT],0x0000e5957c966060
248515.0,195719,python,[JIT],0x0000e48a9712a62c
248515.0,195719,python,[JIT],0x0000e48a9745e188
248515.0,195843,python,[JIT],0x0000f82644684150
248515.0,195843,python,[JIT],0x0000f826442fb9a0
248515.0,195843,python,[JIT],0x0000f826445d21cc
248514.0,195915,python,[JIT],0x0000e5957c88754c
248514.0,195809,python,[JIT],0x0000e96f068a6314
248514.0,195843,python,[JIT],0x0000f826446835a8
248514.0,195843,python,[JIT],0x0000f826446af770
248513.0,195775,python,[JIT],0x0000e031bd502fd4
248513.0,195775,python,[JIT],0x0000e031bd856658
248513.0,195946,python,[JIT],0x0000fc22a97a2f80
248513.0,195775,python,python,_Py_uop_abstractcontext_init
248513.0,195719,python,[JIT],0x0000e48a96acb388
248513.0,195719,python,[JIT],0x0000e48a9738c188
248513.0,195843,python,python,_PyJIT_Compile
248513.0,195809,python,[JIT],0x0000e96f05f98394
248513.0,195843,python,[JIT],0x0000f826442f202c
248512.0,195775,python,[JIT],0x0000e031bd5450f4
248512.0,195719,python,[JIT],0x0000e48a970edb5c
248512.0,195719,python,[JIT],0x0000e48a97389550
248512.0,195719,python,[JIT],0x0000e48a97431578
248512.0,195719,python,[JIT],0x0000e48a97431f80
248511.0,195775,python,[JIT],0x0000e031bd76e200
248511.0,195719,python,[JIT],0x0000e48a96a9443c
248511.0,195719,python,[JIT],0x0000e48a96acb648
248511.0,195719,python,[JIT],0x0000e48a9712bbe4
248511.0,195719,python,[JIT],0x0000e48a974311d4
248511.0,195843,python,[JIT],0x0000f826445d8c20
248510.0,195719,python,[JIT],0x0000e48a96afb484
248510.0,195719,python,[JIT],0x0000e48a97432618
248510.0,195843,python,[JIT],0x0000f8264433b28c
248509.0,195984,python,[JIT],0x0000fa70fc81e26c
248509.0,195915,python,[JIT],0x0000e5957c4eb72c
248509.0,195775,python,[JIT],0x0000e031bd85a5f8
248508.0,195719,python,[JIT],0x0000e48a9738b528
248508.0,195719,python,[JIT],0x0000e48a974315d8
248508.0,195719,python,[JIT],0x0000e48a97431ba0
248508.0,195843,python,[JIT],0x0000f8264433bb10
248507.0,195719,python,[JIT],0x0000e48a96acb910
248507.0,195719,python,[JIT],0x0000e48a97431518
248507.0,195843,python,[JIT],0x0000f826443093fc
248507.0,195843,python,[JIT],0x0000f8264433b730
248506.0,195915,python,[JIT],0x0000e5957c523744
248506.0,195719,python,[JIT],0x0000e48a96a6d0d0
248506.0,195719,python,[JIT],0x0000e48a96a97820
248506.0,195719,python,[JIT],0x0000e48a96aceaf0
248506.0,195843,python,[JIT],0x0000f826442effe4
248505.0,195915,python,[JIT],0x0000e5957bf9906c
248505.0,195915,python,[JIT],0x0000e5957c939290
248505.0,195719,python,[JIT],0x0000e48a9712a250
248504.0,195984,python,[JIT],0x0000fa70fc848734
248504.0,195984,python,[JIT],0x0000fa70fc81d7e8
248504.0,195946,python,[JIT],0x0000fc22a97a4414
248504.0,195719,python,[JIT],0x0000e48a96acc478
248504.0,195719,python,[JIT],0x0000e48a9743158c
248503.0,195915,python,[JIT],0x0000e5957c889350
248503.0,195809,python,[JIT],0x0000e96f064f6e40
248503.0,195843,python,[JIT],0x0000f826443720cc
248502.0,195915,python,[JIT],0x0000e5957bfc44f0
248502.0,195915,python,[JIT],0x0000e5957c931920
248502.0,195915,python,[JIT],0x0000e5957c9363ec
248502.0,195775,python,[JIT],0x0000e031bcef548c
248502.0,195719,python,[JIT],0x0000e48a970eb1e4
248502.0,195719,python,[JIT],0x0000e48a9738b77c
248502.0,195719,python,[JIT],0x0000e48a9738d274
248502.0,195719,python,[JIT],0x0000e48a97432c00
248502.0,195719,python,[JIT],0x0000e48a9745e3d4
248501.0,195915,python,[JIT],0x0000e5957c525af4
248501.0,195915,python,[JIT],0x0000e5957c889144
248501.0,195775,python,[JIT],0x0000e031bd855834
248501.0,195719,python,[JIT],0x0000e48a96a65198
248501.0,195719,python,[JIT],0x0000e48a9738c318
248501.0,195719,python,[JIT],0x0000e48a9745e124
248501.0,195843,python,[JIT],0x0000f82644372e7c
248501.0,195843,python,[JIT],0x0000f826442ef468
248501.0,195843,python,[JIT],0x0000f8264433bcdc
248501.0,195843,python,[JIT],0x0000f82644372594
248500.0,195984,python,[JIT],0x0000fa70fc8182b4
248500.0,195915,python,[JIT],0x0000e5957c521c24
248500.0,195843,python,[JIT],0x0000f82644683794
248499.0,195843,python,[JIT],0x0000f82643cfcf74
248499.0,195843,python,[JIT],0x0000f82644309b14
248499.0,195843,python,[JIT],0x0000f8264433c6e8
248499.0,195843,python,[JIT],0x0000f826445db9c4
248498.0,195915,python,[JIT],0x0000e5957c934900
248498.0,195719,python,[JIT],0x0000e48a96a94000
248498.0,195719,python,[JIT],0x0000e48a970edaf4
248498.0,195843,python,[JIT],0x0000f826446af330
248497.0,195915,python,[JIT],0x0000e5957c8890a8
248497.0,195775,python,[JIT],0x0000e031bd545530
248497.0,195719,python,[JIT],0x0000e48a96a97fa8
248497.0,195719,python,[JIT],0x0000e48a9745c518
248497.0,195843,python,[JIT],0x0000f826442f8e08
248497.0,195843,python,[JIT],0x0000f8264433881c
248497.0,195843,python,[JIT],0x0000f82644683f20
248497.0,195843,python,[JIT],0x0000f826446b045c
248497.0,195843,python,[JIT],0x0000f826446b2110
248496.0,195915,python,[JIT],0x0000e5957bf92b2c
248496.0,195915,python,[JIT],0x0000e5957c4eb494
248496.0,195719,python,[JIT],0x0000e48a96a9776c
248496.0,195719,python,[JIT],0x0000e48a96acb6b4
248496.0,195719,python,[JIT],0x0000e48a96af3624
248496.0,195719,python,[JIT],0x0000e48a970ed6d4
248496.0,195719,python,[JIT],0x0000e48a9734e040
248496.0,195843,python,[JIT],0x0000f8264430ab64
248496.0,195843,python,[JIT],0x0000f8264430b140
248496.0,195843,python,[JIT],0x0000f826445d2754
248495.0,195915,python,[JIT],0x0000e5957c939430
248495.0,195915,python,[JIT],0x0000e5957c9663f0
248495.0,195775,python,[JIT],0x0000e031bd88705c
248495.0,195719,python,[kernel.kallsyms],el0_svc
248495.0,195719,python,[JIT],0x0000e48a96afbf68
248495.0,195809,python,[JIT],0x0000e96f067f7328
248495.0,195843,python,[JIT],0x0000f826442f7074
248495.0,195843,python,[JIT],0x0000f8264430b260
248495.0,195809,python,ld-linux-aarch64.so.1,_dl_fixup
248494.0,195984,python,[JIT],0x0000fa70fc81e904
248494.0,195915,python,[JIT],0x0000e5957bff5bc8
248494.0,195946,python,python,optimize_uops.isra.0
248494.0,195843,python,[JIT],0x0000f826445dbf6c
248493.0,195984,python,[JIT],0x0000fa70fc818830
248493.0,195775,python,[JIT],0x0000e031bd852028
248493.0,195719,python,[JIT],0x0000e48a9745c2d0
248493.0,195719,python,[JIT],0x0000e48a9745d7fc
248493.0,195843,python,[JIT],0x0000f826446b201c
248493.0,195843,python,[JIT],0x0000f8264433b758
248493.0,195843,python,[JIT],0x0000f82644683e48
248492.0,195915,python,python,_Py_uop_frame_new
248492.0,195915,python,[JIT],0x0000e5957c939e88
248492.0,195719,python,[JIT],0x0000e48a96a6b3d4
248492.0,195719,python,[JIT],0x0000e48a96a919bc
248492.0,195719,python,[JIT],0x0000e48a96a982d0
248492.0,195719,python,[JIT],0x0000e48a96acb3b0
248492.0,195843,python,[JIT],0x0000f826446b0118
248491.0,195984,python,[JIT],0x0000fa70fc815048
248491.0,195719,python,[JIT],0x0000e48a9712a7e4
248491.0,195719,python,[JIT],0x0000e48a9745c3b0
248491.0,195843,python,[JIT],0x0000f826446838a0
248490.0,195915,python,[JIT],0x0000e5957c523ee4
248490.0,195775,python,[JIT],0x0000e031bd4f0d8c
248490.0,195719,python,[JIT],0x0000e48a973842d0
248490.0,195719,python,[JIT],0x0000e48a9738b5a0
248490.0,195843,python,[JIT],0x0000f8264433ccec
248490.0,195843,python,[JIT],0x0000f826445db030
248490.0,195843,python,[JIT],0x0000f826446b03c4
248489.0,195719,python,[JIT],0x0000e48a970ed048
248489.0,195719,python,[JIT],0x0000e48a97121e98
248489.0,195719,python,[JIT],0x0000e48a9738d200
248489.0,195719,python,[JIT],0x0000e48a97431758
248489.0,195719,python,[JIT],0x0000e48a9745c1b0
248489.0,195809,python,[JIT],0x0000e96f068ab900
248489.0,195843,python,[JIT],0x0000f82644338c54
248488.0,195915,python,[JIT],0x0000e5957c8810b8
248488.0,195915,python,[JIT],0x0000e5957c939a30
248488.0,195719,python,[JIT],0x0000e48a97431590
248488.0,195719,python,[JIT],0x0000e48a9745d388
248488.0,195719,python,[JIT],0x0000e48a9745e048
248488.0,195843,python,python,set_bits.constprop.0
248488.0,195843,python,[JIT],0x0000f8264433b168
248488.0,195843,python,[JIT],0x0000f8264468325c
248488.0,195843,python,[JIT],0x0000f82644685ddc
248487.0,195775,python,[JIT],0x0000e031bd50c574
248487.0,195775,python,[JIT],0x0000e031bd85ab70
248487.0,195719,python,[JIT],0x0000e48a96a942b0
248487.0,195719,python,[JIT],0x0000e48a973882b0
248487.0,195719,python,[JIT],0x0000e48a97431fb0
248487.0,195719,python,[JIT],0x0000e48a9745e1b0
248487.0,195843,python,[JIT],0x0000f826443097b0
248487.0,195843,python,[JIT],0x0000f8264433a100
248487.0,195843,python,[JIT],0x0000f8264433b650
248487.0,195843,python,[JIT],0x0000f8264433bae4
248487.0,195843,python,[JIT],0x0000f8264433bccc
248487.0,195843,python,[JIT],0x0000f8264433ccfc
248487.0,195843,python,[JIT],0x0000f826445d26c8
248486.0,195984,python,[JIT],0x0000fa70fc811424
248486.0,195984,python,[JIT],0x0000fa70fc819908
248486.0,195915,python,python,specialize_py_call
248486.0,195915,python,[JIT],0x0000e5957c934fd0
248486.0,195946,python,[JIT],0x0000fc22a97d44b4
248486.0,195719,python,[JIT],0x0000e48a96accb20
248486.0,195719,python,[JIT],0x0000e48a96afc5dc
248486.0,195719,python,[JIT],0x0000e48a97431408
248486.0,195843,python,[JIT],0x0000f82643ccc358
248485.0,195915,python,[JIT],0x0000e5957c525cd8
248485.0,195915,python,[JIT],0x0000e5957c93aca4
248485.0,195915,python,[JIT],0x0000e5957c966540
248485.0,195719,python,[JIT],0x0000e48a9712ccbc
248485.0,195719,python,[JIT],0x0000e48a97385864
248485.0,195843,python,[JIT],0x0000f82644683180
248484.0,195946,python,[JIT],0x0000fc22a97a72d8
248484.0,195843,python,[JIT],0x0000f8264430b3f0
248484.0,195843,python,[JIT],0x0000f826445db484
248484.0,195843,python,[JIT],0x0000f82644683640
248484.0,195843,python,[JIT],0x0000f82644684fe0
248483.0,195915,python,[JIT],0x0000e5957c525a20
248483.0,195915,python,[JIT],0x0000e5957c939690
248483.0,195775,python,[JIT],0x0000e031bd851118
248483.0,195719,python,[JIT],0x0000e48a96af1138
248483.0,195843,python,[JIT],0x0000f82644309f80
248483.0,195843,python,[JIT],0x0000f8264430b240
248483.0,195843,python,[JIT],0x0000f826445d14e8
248483.0,195843,python,[JIT],0x0000f826445dc164
248482.0,195984,python,[kernel.kallsyms],_raw_spin_unlock_irq
248482.0,195984,python,[JIT],0x0000fa70fc504464
248482.0,195984,python,[JIT],0x0000fa70fc72e124
248482.0,195984,python,[JIT],0x0000fa70fc818f4c
248482.0,195984,python,[JIT],0x0000fa70fc84a490
248482.0,195809,python,[JIT],0x0000e96f064f6584
248482.0,195809,python,[JIT],0x0000e96f068ab710
248482.0,195843,python,[JIT],0x0000f826443094b8
248482.0,195843,python,[JIT],0x0000f8264433c2d0
248482.0,195843,python,[JIT],0x0000f826445d19f0
248482.0,195843,python,[JIT],0x0000f826446b04b8
248481.0,195984,python,[JIT],0x0000fa70fc8187fc
248481.0,195915,python,[JIT],0x0000e5957bf99468
248481.0,195915,python,[JIT],0x0000e5957bff6dd0
248481.0,195775,python,[JIT],0x0000e031bd85b998
248481.0,195719,python,[JIT],0x0000e48a9738d56c
248481.0,195719,python,[JIT],0x0000e48a97431e84
248481.0,195843,python,[JIT],0x0000f82644683b38
248481.0,195809,python,[JIT],0x0000e96f067fa6d8
248481.0,195843,python,[JIT],0x0000f826442f70a8
248481.0,195843,python,[JIT],0x0000f826442fec90
248481.0,195843,python,[JIT],0x0000f82644683748
248481.0,195843,python,[JIT],0x0000f826446ae7f8
248480.0,195775,python,[JIT],0x0000e031bd85a95c
248480.0,195775,python,[JIT],0x0000e031bd85b324
248480.0,195946,python,[JIT],0x0000fc22a94f7b94
248480.0,195915,python,[JIT],0x0000e5957c931b90
248480.0,195775,python,[JIT],0x0000e031bd855bd0
248480.0,195719,python,[JIT],0x0000e48a96afb964
248480.0,195719,python,[JIT],0x0000e48a974313f8
248480.0,195719,python,[JIT],0x0000e48a97431a30
248480.0,195809,python,[JIT],0x0000e96f068a7990
248480.0,195843,python,[JIT],0x0000f82644372cc0
248480.0,195843,python,[JIT],0x0000f826445d1a40
248479.0,195984,python,[JIT],0x0000fa70fc503300
248479.0,195984,python,[JIT],0x0000fa70fc5037e4
248479.0,195984,python,[JIT],0x0000fa70fc81e000
248479.0,195915,python,[JIT],0x0000e5957bff6874
248479.0,195915,python,[JIT],0x0000e5957c93a0a8
248479.0,195775,python,[JIT],0x0000e031bd501bb8
248479.0,195719,python,[JIT],0x0000e48a96a91cdc
248479.0,195719,python,[JIT],0x0000e48a9712b608
248479.0,195719,python,[JIT],0x0000e48a9745d094
248479.0,195809,python,[JIT],0x0000e96f067f998c
248479.0,195843,python,[JIT],0x0000f8264430f2e8
248479.0,195843,python,[JIT],0x0000f82644338e14
248479.0,195843,python,[JIT],0x0000f8264433b328
248478.0,195915,python,[JIT],0x0000e5957c888460
248478.0,195915,python,[JIT],0x0000e5957c939ab4
248478.0,195915,python,[JIT],0x0000e5957c88c1fc
248478.0,195719,python,[JIT],0x0000e48a96a97790
248478.0,195719,python,[JIT],0x0000e48a96afc2a0
248478.0,195719,python,[JIT],0x0000e48a9743163c
248478.0,195719,python,[JIT],0x0000e48a97432858
248478.0,195719,python,[JIT],0x0000e48a9745d848
248478.0,195719,python,[JIT],0x0000e48a9745e12c
248478.0,195719,python,[JIT],0x0000e48a9745e908
248478.0,195843,python,[JIT],0x0000f826445dd2a8
248478.0,195843,python,[JIT],0x0000f8264430ac18
248478.0,195843,python,[JIT],0x0000f8264430f074
248478.0,195843,python,[JIT],0x0000f8264437259c
248478.0,195843,python,[JIT],0x0000f826446b0320
248477.0,195984,python,[JIT],0x0000fa70fbeb8ef0
248477.0,195915,python,[JIT],0x0000e5957c52534c
248477.0,195915,python,[JIT],0x0000e5957c84e7e8
248477.0,195719,python,[JIT],0x0000e48a9712155c
248477.0,195809,python,[JIT],0x0000e96f068a677c
248477.0,195843,python,[JIT],0x0000f826442eb430
248477.0,195843,python,[JIT],0x0000f8264433a184
248477.0,195843,python,[JIT],0x0000f826445dbd0c
248476.0,195915,python,python,_PyJit_FinalizeTracing
248476.0,195915,python,[JIT],0x0000e5957c8870dc
248476.0,195915,python,[JIT],0x0000e5957c887180
248476.0,195775,python,[JIT],0x0000e031bd85bb20
248476.0,195915,python,[JIT],0x0000e5957c4ecafc
248476.0,195719,python,[JIT],0x0000e48a96acd290
248476.0,195719,python,[JIT],0x0000e48a970ed0c8
248476.0,195719,python,[JIT],0x0000e48a97432e84
248476.0,195843,python,[JIT],0x0000f826442efa88
248476.0,195843,python,[JIT],0x0000f826445dc2a0
248476.0,195809,python,[JIT],0x0000e96f068a6084
248475.0,195984,python,[JIT],0x0000fa70fc81e9f0
248475.0,195915,python,[JIT],0x0000e5957c88820c
248475.0,195915,python,[JIT],0x0000e5957c93a4cc
248475.0,195915,python,[JIT],0x0000e5957c93ad5c
248475.0,195915,python,[JIT],0x0000e5957c93aff4
248475.0,195775,python,[JIT],0x0000e031bd545664
248475.0,195719,python,[JIT],0x0000e48a9745e1a4
248475.0,195843,python,python,_PySuper_LookupDescr
248475.0,195843,python,[JIT],0x0000f8264433c2a4
248475.0,195843,python,[JIT],0x0000f826445d29fc
248475.0,195843,python,[JIT],0x0000f82644683878
248475.0,195843,python,[JIT],0x0000f826446af7d4
248474.0,195915,python,[JIT],0x0000e5957bfc88b0
248474.0,195915,python,[JIT],0x0000e5957c4ebe74
248474.0,195915,python,[JIT],0x0000e5957c4ec0b0
248474.0,195915,python,[JIT],0x0000e5957c936104
248474.0,195775,python,[JIT],0x0000e031bd4f1cc8
248474.0,195719,python,[JIT],0x0000e48a96accdf0
248474.0,195719,python,[JIT],0x0000e48a9712a4b0
248474.0,195719,python,[JIT],0x0000e48a9743285c
248474.0,195843,python,[JIT],0x0000f826446851d8
248474.0,195809,python,[JIT],0x0000e96f068a3614
248474.0,195843,python,[JIT],0x0000f826443723d0
248474.0,195843,python,[JIT],0x0000f826445db10c
248474.0,195843,python,[JIT],0x0000f826446820f0
248473.0,195915,python,[JIT],0x0000e5957c4ec9fc
248473.0,195915,python,[JIT],0x0000e5957c935400
248473.0,195915,python,[JIT],0x0000e5957c93b4ec
248473.0,195719,python,[JIT],0x0000e48a96afb828
248473.0,195719,python,[JIT],0x0000e48a9712b5c0
248473.0,195719,python,[JIT],0x0000e48a9738b3e4
248473.0,195719,python,[JIT],0x0000e48a9738c15c
248473.0,195719,python,[JIT],0x0000e48a9738c8a8
248473.0,195843,python,libc.so.6,__strlen_asimd
248473.0,195809,python,[JIT],0x0000e96f068d7648
248473.0,195843,python,[JIT],0x0000f82643cf97d8
248473.0,195843,python,[JIT],0x0000f8264433cbfc
248473.0,195843,python,[JIT],0x0000f826445d1794
248473.0,195843,python,[JIT],0x0000f826445dc0dc
248473.0,195843,python,[JIT],0x0000f826446820fc
248472.0,195915,python,[JIT],0x0000e5957bfc7a20
248472.0,195775,python,[JIT],0x0000e031bd545494
248472.0,195775,python,[JIT],0x0000e031bd8867dc
248472.0,195946,python,[JIT],0x0000fc22a94f94c4
248472.0,195946,python,[JIT],0x0000fc22a96f6e48
248472.0,195946,python,[JIT],0x0000fc22a96f6f44
248472.0,195946,python,[JIT],0x0000fc22a97d416c
248472.0,195775,python,[JIT],0x0000e031bd85a5e4
248472.0,195719,python,[JIT],0x0000e48a96afc98c
248472.0,195719,python,[JIT],0x0000e48a97381380
248472.0,195719,python,[JIT],0x0000e48a9738b0f0
248472.0,195719,python,[JIT],0x0000e48a9745d06c
248472.0,195719,python,[JIT],0x0000e48a9745d16c
248472.0,195843,python,[JIT],0x0000f826445dca90
248472.0,195843,python,[JIT],0x0000f8264430f1c4
248472.0,195843,python,[JIT],0x0000f8264433b88c
248471.0,195915,python,[JIT],0x0000e5957c9342cc
248471.0,195775,python,[JIT],0x0000e031bd76ea74
248471.0,195775,python,[JIT],0x0000e031bd85b3c4
248471.0,195719,python,[JIT],0x0000e48a96acd240
248471.0,195719,python,[JIT],0x0000e48a96afc680
248471.0,195809,python,[JIT],0x0000e96f05f9889c
248471.0,195843,python,[JIT],0x0000f826442f2700
248471.0,195843,python,[JIT],0x0000f8264433b804
248471.0,195843,python,[JIT],0x0000f8264468151c
248470.0,195984,python,[JIT],0x0000fa70fc819348
248470.0,195915,python,[JIT],0x0000e5957bfc966c
248470.0,195915,python,[JIT],0x0000e5957c88834c
248470.0,195915,python,[JIT],0x0000e5957c9391c4
248470.0,195775,python,[JIT],0x0000e031bd50c490
248470.0,195775,python,[JIT],0x0000e031bd85b298
248470.0,195843,python,[JIT],0x0000f8264433b85c
248470.0,195843,python,[JIT],0x0000f826445d1bc0
248469.0,195915,python,[JIT],0x0000e5957c4ebf3c
248469.0,195915,python,[JIT],0x0000e5957c88c100
248469.0,195775,python,[JIT],0x0000e031bd4f75c0
248469.0,195946,python,[JIT],0x0000fc22a97a77fc
248469.0,195719,python,[JIT],0x0000e48a970ed0e4
248469.0,195719,python,[JIT],0x0000e48a9712a5b8
248469.0,195719,python,[JIT],0x0000e48a9738b030
248469.0,195719,python,[JIT],0x0000e48a97431444
248468.0,195915,python,[JIT],0x0000e5957c93a550
248468.0,195719,python,[JIT],0x0000e48a97431750
248468.0,195719,python,[JIT],0x0000e48a974325a0
248468.0,195843,python,[JIT],0x0000f82644683354
248468.0,195843,python,[JIT],0x0000f826446b02f4
248467.0,195915,python,[JIT],0x0000e5957bfc8254
248467.0,195915,python,[JIT],0x0000e5957c525070
248467.0,195915,python,[JIT],0x0000e5957c5255e8
248467.0,195915,python,[JIT],0x0000e5957c964744
248467.0,195775,python,[JIT],0x0000e031bd851278
248467.0,195775,python,[JIT],0x0000e031bd856948
248467.0,195946,python,[JIT],0x0000fc22a97a7598
248467.0,195719,python,[JIT],0x0000e48a96a6b3a0
248467.0,195719,python,[JIT],0x0000e48a97388910
248467.0,195719,python,[JIT],0x0000e48a9738bc68
248467.0,195719,python,[JIT],0x0000e48a974317d0
248467.0,195719,python,[JIT],0x0000e48a97431b54
248467.0,195719,python,[JIT],0x0000e48a974322f8
248467.0,195719,python,[JIT],0x0000e48a9745d300
248467.0,195843,python,[JIT],0x0000f826446b0174
248467.0,195843,python,[JIT],0x0000f8264433c9e0
248467.0,195843,python,[JIT],0x0000f8264433ca64
248467.0,195843,python,[JIT],0x0000f826445dc628
248466.0,195915,python,[JIT],0x0000e5957bfc3d8c
248466.0,195915,python,[JIT],0x0000e5957c4eba34
248466.0,195915,python,[JIT],0x0000e5957c4ec854
248466.0,195915,python,[JIT],0x0000e5957c9364d4
248466.0,195775,python,[JIT],0x0000e031bd501a2c
248466.0,195775,python,python,insert_split_key
248466.0,195719,python,[JIT],0x0000e48a970ed7a8
248466.0,195719,python,[JIT],0x0000e48a9712a4b4
248466.0,195719,python,[JIT],0x0000e48a974314c0
248466.0,195719,python,[JIT],0x0000e48a97431628
248466.0,195809,python,[JIT],0x0000e96f068a6408
248466.0,195843,python,[JIT],0x0000f826442f2698
248466.0,195843,python,[JIT],0x0000f826445d2530
248465.0,195984,python,[JIT],0x0000fa70fc81503c
248465.0,195915,python,[JIT],0x0000e5957bfc7c90
248465.0,195915,python,[JIT],0x0000e5957bfc9218
248465.0,195915,python,[JIT],0x0000e5957c939810
248465.0,195775,python,[JIT],0x0000e031bd76ea28
248465.0,195775,python,[JIT],0x0000e031bd856548
248465.0,195775,python,[JIT],0x0000e031bd7aaa10
248465.0,195843,python,[JIT],0x0000f82644683878
248465.0,195843,python,[JIT],0x0000f8264430f5dc
248465.0,195843,python,[JIT],0x0000f8264433cb44
248465.0,195843,python,[JIT],0x0000f826445db668
248465.0,195843,python,[JIT],0x0000f82644683104
248464.0,195984,python,[JIT],0x0000fa70fc81f0e0
248464.0,195915,python,[JIT],0x0000e5957c4eb368
248464.0,195915,python,[JIT],0x0000e5957c966154
248464.0,195775,python,[JIT],0x0000e031bd545df8
248464.0,195775,python,[JIT],0x0000e031bd85ace0
248464.0,195775,python,[JIT],0x0000e031bd85b60c
248464.0,195946,python,[JIT],0x0000fc22a94fdd08
248464.0,195719,python,[JIT],0x0000e48a96afc024
248464.0,195719,python,[JIT],0x0000e48a9712a4fc
248464.0,195719,python,[JIT],0x0000e48a9734f008
248464.0,195719,python,[JIT],0x0000e48a9743239c
248464.0,195843,python,[JIT],0x0000f826442f8824
248464.0,195843,python,[JIT],0x0000f82644683bfc
248463.0,195984,python,[JIT],0x0000fa70fc81db60
248463.0,195984,python,[JIT],0x0000fa70fc50a004
248463.0,195915,python,[JIT],0x0000e5957bff5ec8
248463.0,195915,python,[JIT],0x0000e5957bff6934
248463.0,195915,python,[JIT],0x0000e5957c52597c
248463.0,195775,python,[JIT],0x0000e031bd8554bc
248463.0,195719,python,[JIT],0x0000e48a96acc700
248463.0,195719,python,[JIT],0x0000e48a96afcacc
248463.0,195843,python,[JIT],0x0000f82643cf926c
248463.0,195843,python,[JIT],0x0000f8264430a83c
248463.0,195843,python,[JIT],0x0000f8264430f23c
248463.0,195843,python,[JIT],0x0000f826443384ac
248463.0,195843,python,[JIT],0x0000f8264433c6a8
248463.0,195843,python,[JIT],0x0000f826445dc568
248462.0,195984,python,[JIT],0x0000fa70fc8151fc
248462.0,195915,python,[JIT],0x0000e5957c888c04
248462.0,195915,python,[JIT],0x0000e5957c96563c
248462.0,195775,python,[JIT],0x0000e031bd50b43c
248462.0,195775,python,[JIT],0x0000e031bd85220c
248462.0,195775,python,[JIT],0x0000e031bd8569a4
248462.0,195775,python,[JIT],0x0000e031bd856f70
248462.0,195719,python,[JIT],0x0000e48a96a946f0
248462.0,195719,python,[JIT],0x0000e48a97384124
248462.0,195809,python,[JIT],0x0000e96f068a457c
248462.0,195843,python,[JIT],0x0000f826445d21f4
248462.0,195843,python,[JIT],0x0000f826445db630
248462.0,195843,python,[JIT],0x0000f82644684ef8
248461.0,195984,python,[JIT],0x0000fa70fc76d420
248461.0,195984,python,[JIT],0x0000fa70fc81d50c
248461.0,195915,python,[JIT],0x0000e5957bfc2078
248461.0,195915,python,[JIT],0x0000e5957bff6a28
248461.0,195915,python,[JIT],0x0000e5957c5257b8
248461.0,195915,python,[JIT],0x0000e5957c9340dc
248461.0,195775,python,[JIT],0x0000e031bd85a36c
248461.0,195775,python,[JIT],0x0000e031bd85c02c
248461.0,195775,python,[JIT],0x0000e031bd85a5ec
248461.0,195775,python,[JIT],0x0000e031bd8853f4
248461.0,195719,python,[JIT],0x0000e48a96a95300
248461.0,195719,python,[JIT],0x0000e48a96accbe4
248461.0,195719,python,[JIT],0x0000e48a9712bb9c
248461.0,195843,python,[JIT],0x0000f826445d14b0
248461.0,195843,python,[JIT],0x0000f82644683590
248460.0,195984,python,[JIT],0x0000fa70fc81d3d0
248460.0,195775,python,[JIT],0x0000e031bd7a8058
248460.0,195775,python,[JIT],0x0000e031bd7a952c
248460.0,195719,python,[JIT],0x0000e48a96acc9e0
248460.0,195719,python,[JIT],0x0000e48a9738c734
248460.0,195719,python,[JIT],0x0000e48a9738cd98
248460.0,195719,python,[JIT],0x0000e48a97431234
248460.0,195843,python,[JIT],0x0000f826443723dc
248460.0,195843,python,[JIT],0x0000f826442fd808
248460.0,195843,python,[JIT],0x0000f8264430a1b8
248459.0,195984,python,[JIT],0x0000fa70fc503544
248459.0,195984,python,[JIT],0x0000fa70fc763acc
248459.0,195915,python,python,_Py_uop_analyze_and_optimize
248459.0,195915,python,[JIT],0x0000e5957bff56b0
248459.0,195915,python,[JIT],0x0000e5957c939be8
248459.0,195915,python,[JIT],0x0000e5957c93a578
248459.0,195915,python,[JIT],0x0000e5957c93ace8
248459.0,195775,python,[JIT],0x0000e031bd85acd0
248459.0,195946,python,[JIT],0x0000fc22a94f4230
248459.0,195719,python,[JIT],0x0000e48a97388290
248459.0,195719,python,[JIT],0x0000e48a9738bca0
248459.0,195719,python,[JIT],0x0000e48a9738d128
248459.0,195719,python,[JIT],0x0000e48a9743151c
248459.0,195719,python,[JIT],0x0000e48a97433588
248459.0,195809,python,[JIT],0x0000e96f067fa148
248459.0,195843,python,[JIT],0x0000f826442f3624
248458.0,195984,python,[JIT],0x0000fa70fc815008
248458.0,195915,python,[JIT],0x0000e5957bff6ac8
248458.0,195915,python,[JIT],0x0000e5957c939118
248458.0,195915,python,[JIT],0x0000e5957c939888
248458.0,195775,python,[JIT],0x0000e031bd545284
248458.0,195775,python,[JIT],0x0000e031bd85657c
248458.0,195719,python,[JIT],0x0000e48a9712b8f0
248458.0,195809,python,[JIT],0x0000e96f068a6544
248458.0,195843,python,[JIT],0x0000f826442fa210
248458.0,195843,python,[JIT],0x0000f8264468332c
248457.0,195984,python,[JIT],0x0000fa70fc8181f4
248457.0,195915,python,[JIT],0x0000e5957c5256c4
248457.0,195915,python,[JIT],0x0000e5957c525a1c
248457.0,195915,python,[JIT],0x0000e5957c939464
248457.0,195915,python,[JIT],0x0000e5957c939c58
248457.0,195775,python,[JIT],0x0000e031bd7a11ec
248457.0,195775,python,[JIT],0x0000e031bd856908
248457.0,195775,python,[JIT],0x0000e031bd85b1e4
248457.0,195719,python,[JIT],0x0000e48a96a66064
248457.0,195719,python,[JIT],0x0000e48a9745e100
248457.0,195809,python,[JIT],0x0000e96f064f360c
248457.0,195809,python,[JIT],0x0000e96f067fa038
248457.0,195843,python,[JIT],0x0000f826445d1e60
248457.0,195843,python,[JIT],0x0000f82644684964
248456.0,195984,python,[JIT],0x0000fa70fc72e8bc
248456.0,195915,python,[JIT],0x0000e5957bff5a20
248456.0,195915,python,[JIT],0x0000e5957c889044
248456.0,195719,python,[JIT],0x0000e48a973810cc
248456.0,195719,python,[JIT],0x0000e48a974310f8
248456.0,195843,python,[JIT],0x0000f82644376f50
248456.0,195843,python,[JIT],0x0000f826445d1f90
248456.0,195843,python,[JIT],0x0000f826446835fc
248456.0,195843,python,[JIT],0x0000f82644684cbc
248455.0,195915,python,[JIT],0x0000e5957bfc20b0
248455.0,195915,python,[JIT],0x0000e5957c9661c4
248455.0,195775,python,[JIT],0x0000e031bd50199c
248455.0,195775,python,[JIT],0x0000e031bd545c04
248455.0,195775,python,[JIT],0x0000e031bd8511e8
248455.0,195775,python,[JIT],0x0000e031bd8557c4
248455.0,195775,python,[JIT],0x0000e031bd7a60d0
248455.0,195719,python,[JIT],0x0000e48a96acd24c
248455.0,195719,python,[JIT],0x0000e48a970eb9c8
248455.0,195719,python,[JIT],0x0000e48a9712a800
248455.0,195719,python,[JIT],0x0000e48a97388188
248455.0,195843,python,python,initialize_locals
248455.0,195843,python,[JIT],0x0000f826445dc228
248455.0,195843,python,[JIT],0x0000f826445dc624
248455.0,195809,python,[JIT],0x0000e96f068ac9c0
248454.0,195984,python,[JIT],0x0000fa70fbeb964c
248454.0,195984,python,[JIT],0x0000fa70fc81d2dc
248454.0,195984,python,[JIT],0x0000fa70fc81e06c
248454.0,195915,python,[JIT],0x0000e5957c84e158
248454.0,195915,python,[JIT],0x0000e5957c966050
248454.0,195719,python,[JIT],0x0000e48a96acd140
248454.0,195719,python,[JIT],0x0000e48a974311b4
248454.0,195809,python,[JIT],0x0000e96f068d6150
248454.0,195843,python,[JIT],0x0000f826442f00ec
248454.0,195843,python,[JIT],0x0000f82644683d34
248453.0,195984,python,[JIT],0x0000fa70fc4ed044
248453.0,195915,python,[JIT],0x0000e5957bf9e628
248453.0,195915,python,[JIT],0x0000e5957c8882d4
248453.0,195915,python,[JIT],0x0000e5957c9317d4
248453.0,195915,python,[JIT],0x0000e5957c935298
248453.0,195915,python,[JIT],0x0000e5957c966510
248453.0,195775,python,[JIT],0x0000e031bd85b044
248453.0,195775,python,[JIT],0x0000e031bd85a44c
248453.0,195719,python,[JIT],0x0000e48a97388970
248453.0,195719,python,[JIT],0x0000e48a9738c4a0
248453.0,195843,python,[JIT],0x0000f82644372070
248453.0,195843,python,[JIT],0x0000f826445d80b4
248453.0,195843,python,[JIT],0x0000f826445d8414
248453.0,195843,python,[JIT],0x0000f8264468155c
248453.0,195843,python,[JIT],0x0000f82644684a70
248452.0,195984,python,[JIT],0x0000fa70fc81a2f4
248452.0,195915,python,[JIT],0x0000e5957c93abb0
248452.0,195915,python,[JIT],0x0000e5957c9645b8
248452.0,195775,python,[JIT],0x0000e031bd50102c
248452.0,195719,python,[JIT],0x0000e48a97431c68
248452.0,195843,python,[JIT],0x0000f82644338c58
248452.0,195843,python,[JIT],0x0000f8264433ba70
248452.0,195843,python,[JIT],0x0000f8264433bf3c
248452.0,195843,python,[JIT],0x0000f826445dcbd0
248451.0,195915,python,[JIT],0x0000e5957c888228
248451.0,195915,python,[JIT],0x0000e5957c939f24
248451.0,195775,python,python,PyObject_GenericGetAttr
248451.0,195719,python,[JIT],0x0000e48a97432d14
248451.0,195719,python,[JIT],0x0000e48a9745c1ac
248451.0,195843,python,[JIT],0x0000f826442f0580
248451.0,195843,python,[JIT],0x0000f82644683a88
248450.0,195915,python,[JIT],0x0000e5957bfc8574
248450.0,195915,python,[JIT],0x0000e5957bff73d8
248450.0,195775,python,[JIT],0x0000e031bd855290
248450.0,195775,python,[JIT],0x0000e031bd85b1a8
248450.0,195775,python,[JIT],0x0000e031bd85b720
248450.0,195915,python,[JIT],0x0000e5957c939ff8
248450.0,195719,python,[JIT],0x0000e48a96acb008
248450.0,195719,python,[JIT],0x0000e48a971232c4
248450.0,195843,python,[JIT],0x0000f82644683db0
248450.0,195843,python,[JIT],0x0000f82644684aa0
248450.0,195843,python,[JIT],0x0000f826446ae46c
248449.0,195984,python,[JIT],0x0000fa70fc503fb8
248449.0,195984,python,[JIT],0x0000fa70fc81e810
248449.0,195984,python,[JIT],0x0000fa70fc818840
248449.0,195915,python,[JIT],0x0000e5957c4ebfe4
248449.0,195775,python,[JIT],0x0000e031bd85a02c
248449.0,195775,python,[JIT],0x0000e031bd8874d8
248449.0,195719,python,python,PyUnicode_CompareWithASCIIString
248449.0,195719,python,python,_PyEval_GetIter
248449.0,195719,python,[JIT],0x0000e48a96afb0b0
248449.0,195719,python,[JIT],0x0000e48a96afc258
248449.0,195719,python,[JIT],0x0000e48a970ed42c
248449.0,195719,python,[JIT],0x0000e48a9738b5f0
248449.0,195843,python,[JIT],0x0000f826445db680
248449.0,195843,python,[JIT],0x0000f826446848b8
248449.0,195843,python,[JIT],0x0000f8264430ac80
248449.0,195843,python,[JIT],0x0000f826446ae040
248448.0,195915,python,[JIT],0x0000e5957bff56ac
248448.0,195915,python,[JIT],0x0000e5957c8899a4
248448.0,195915,python,[JIT],0x0000e5957c9394a8
248448.0,195775,python,[JIT],0x0000e031bd503438
248448.0,195946,python,[JIT],0x0000fc22a96fdf6c
248448.0,195915,python,[JIT],0x0000e5957c968108
248448.0,195719,python,[JIT],0x0000e48a96a94cd4
248448.0,195719,python,[JIT],0x0000e48a96a9bcec
248448.0,195719,python,[JIT],0x0000e48a96acb148
248448.0,195719,python,[JIT],0x0000e48a96af31b8
248448.0,195809,python,[JIT],0x0000e96f064f5acc
248448.0,195843,python,[JIT],0x0000f826445d290c
248448.0,195843,python,[JIT],0x0000f82644682128
248448.0,195843,python,[JIT],0x0000f8264468283c
248447.0,195984,python,[JIT],0x0000fa70fc763c40
248447.0,195915,python,[JIT],0x0000e5957c88723c
248447.0,195915,python,[JIT],0x0000e5957c934544
248447.0,195915,python,[JIT],0x0000e5957c9390c0
248447.0,195775,python,[JIT],0x0000e031bd501300
248447.0,195775,python,[JIT],0x0000e031bd502144
248447.0,195775,python,[JIT],0x0000e031bd8567dc
248447.0,195775,python,[JIT],0x0000e031bd8576d0
248447.0,195719,python,[JIT],0x0000e48a96afcd88
248447.0,195719,python,[JIT],0x0000e48a97432ed0
248447.0,195809,python,[JIT],0x0000e96f05f51c38
248447.0,195809,python,[JIT],0x0000e96f067bf0e8
248447.0,195843,python,[JIT],0x0000f826442efa7c
248447.0,195843,python,[JIT],0x0000f826442f7234
248447.0,195843,python,[JIT],0x0000f826445db754
248447.0,195843,python,[JIT],0x0000f826445dc154
248447.0,195843,python,[JIT],0x0000f82644683508
248447.0,195843,python,[JIT],0x0000f82644684a14
248446.0,195915,python,[JIT],0x0000e5957bff6c14
248446.0,195915,python,[JIT],0x0000e5957c4ebe08
248446.0,195915,python,[JIT],0x0000e5957c4ecacc
248446.0,195915,python,[JIT],0x0000e5957c5259a4
248446.0,195915,python,[JIT],0x0000e5957c525e18
248446.0,195915,python,[JIT],0x0000e5957c88827c
248446.0,195915,python,[JIT],0x0000e5957c934eec
248446.0,195915,python,[JIT],0x0000e5957c934efc
248446.0,195775,python,[JIT],0x0000e031bd4ef2c0
248446.0,195775,python,[JIT],0x0000e031bd4f6108
248446.0,195775,python,[JIT],0x0000e031bd855080
248446.0,195946,python,[JIT],0x0000fc22a97a7e30
248446.0,195719,python,[JIT],0x0000e48a96afbdc4
248446.0,195719,python,[JIT],0x0000e48a973841ec
248446.0,195719,python,[JIT],0x0000e48a9738cf70
248446.0,195719,python,[JIT],0x0000e48a9745e2d8
248446.0,195843,python,[JIT],0x0000f8264430aa34
248446.0,195843,python,[JIT],0x0000f8264433829c
248446.0,195843,python,[JIT],0x0000f8264437220c
248446.0,195843,python,[JIT],0x0000f8264437275c
248446.0,195843,python,[JIT],0x0000f8264459e124
248446.0,195843,python,[JIT],0x0000f8264468433c
248446.0,195843,python,[JIT],0x0000f826446b2008
248446.0,195809,python,[JIT],0x0000e96f064ef870
248446.0,195809,python,[JIT],0x0000e96f068ab594
248445.0,195984,python,[kernel.kallsyms],folio_add_lru
248445.0,195915,python,[JIT],0x0000e5957bfc453c
248445.0,195915,python,[JIT],0x0000e5957c52515c
248445.0,195915,python,[JIT],0x0000e5957c966264
248445.0,195775,python,[JIT],0x0000e031bd4f55e4
248445.0,195775,python,[JIT],0x0000e031bd7a8308
248445.0,195775,python,[JIT],0x0000e031bd8865e4
248445.0,195915,python,[JIT],0x0000e5957c9395a0
248445.0,195719,python,[JIT],0x0000e48a96a94868
248445.0,195719,python,[JIT],0x0000e48a96accaa0
248445.0,195719,python,[JIT],0x0000e48a96afca50
248445.0,195719,python,[JIT],0x0000e48a9745e500
248445.0,195843,python,[JIT],0x0000f8264433b068
248445.0,195843,python,[JIT],0x0000f826445dcdb8
248445.0,195843,python,[JIT],0x0000f826445dce1c
248445.0,195843,python,[JIT],0x0000f826446af7e8
248444.0,195984,python,[JIT],0x0000fa70fc84902c
248444.0,195915,python,[JIT],0x0000e5957bff5468
248444.0,195915,python,[JIT],0x0000e5957c939be4
248444.0,195775,python,[JIT],0x0000e031bcec611c
248444.0,195775,python,[JIT],0x0000e031bd85c8ac
248444.0,195915,python,[JIT],0x0000e5957c9352e4
248444.0,195719,python,[JIT],0x0000e48a970ebb90
248444.0,195719,python,[JIT],0x0000e48a973882b4
248444.0,195719,python,[JIT],0x0000e48a9738c67c
248444.0,195843,python,[JIT],0x0000f826445d1a38
248444.0,195843,python,[JIT],0x0000f826445d2380
248444.0,195843,python,[JIT],0x0000f82644682288
248443.0,195984,python,[JIT],0x0000fa70fc72eee0
248443.0,195984,python,[JIT],0x0000fa70fc84a5bc
248443.0,195915,python,[JIT],0x0000e5957c888ab8
248443.0,195915,python,[JIT],0x0000e5957c9656a0
248443.0,195775,python,[JIT],0x0000e031bd8550e4
248443.0,195719,python,[JIT],0x0000e48a96a9cbcc
248443.0,195719,python,[JIT],0x0000e48a96ac244c
248443.0,195719,python,[JIT],0x0000e48a96acc274
248443.0,195719,python,[JIT],0x0000e48a973896b8
248443.0,195719,python,[JIT],0x0000e48a9743231c
248443.0,195809,python,python,_PyDictKeys_StringLookupAndVersion
248443.0,195843,python,[JIT],0x0000f826443723e0
248443.0,195843,python,[JIT],0x0000f826445d1f54
248443.0,195843,python,[JIT],0x0000f8264468252c
248443.0,195843,python,[JIT],0x0000f826446841d0
248442.0,195984,python,[JIT],0x0000fa70fc503688
248442.0,195915,python,[JIT],0x0000e5957bfc81a4
248442.0,195915,python,[JIT],0x0000e5957c934b14
248442.0,195915,python,[JIT],0x0000e5957c93945c
248442.0,195775,python,[JIT],0x0000e031bd5454f8
248442.0,195775,python,[JIT],0x0000e031bd855110
248442.0,195719,python,[JIT],0x0000e48a9738c594
248442.0,195843,python,[JIT],0x0000f8264433c490
248442.0,195843,python,[JIT],0x0000f82644372774
248441.0,195984,python,[JIT],0x0000fa70fc8114c4
248441.0,195984,python,[JIT],0x0000fa70fc818dd8
248441.0,195915,python,[JIT],0x0000e5957bfc347c
248441.0,195915,python,[JIT],0x0000e5957c4ec2ac
248441.0,195915,python,[JIT],0x0000e5957c525c10
248441.0,195775,python,[JIT],0x0000e031bd4f0a04
248441.0,195775,python,[JIT],0x0000e031bd50b484
248441.0,195775,python,[JIT],0x0000e031bd85a378
248441.0,195775,python,[JIT],0x0000e031bd85a788
248441.0,195775,python,[kernel.kallsyms],do_nocb_deferred_wakeup.isra.0
248441.0,195719,python,[kernel.kallsyms],_raw_spin_lock
248441.0,195719,python,[JIT],0x0000e48a96a6b5e0
248441.0,195719,python,[JIT],0x0000e48a96acb398
248441.0,195719,python,[JIT],0x0000e48a96acb5e0
248441.0,195719,python,[JIT],0x0000e48a96afc56c
248441.0,195719,python,[JIT],0x0000e48a970ede54
248441.0,195719,python,[JIT],0x0000e48a9738cefc
248441.0,195719,python,[JIT],0x0000e48a97432ea8
248441.0,195843,python,python,_PyObject_StoreInstanceAttribute
248441.0,195843,python,[JIT],0x0000f826442f02e0
248441.0,195843,python,[JIT],0x0000f826445dd104
248441.0,195843,python,[JIT],0x0000f826446833f4
248441.0,195843,python,[JIT],0x0000f826446af534
248440.0,195915,python,[JIT],0x0000e5957c4ec114
248440.0,195915,python,[JIT],0x0000e5957c939ac4
248440.0,195946,python,[JIT],0x0000fc22a97d4918
248440.0,195775,python,[JIT],0x0000e031bd85c0ec
248440.0,195719,python,[JIT],0x0000e48a96af142c
248440.0,195719,python,[JIT],0x0000e48a970edaac
248440.0,195719,python,[JIT],0x0000e48a9712a254
248440.0,195719,python,[JIT],0x0000e48a9712b39c
248440.0,195719,python,[JIT],0x0000e48a97383564
248440.0,195719,python,[JIT],0x0000e48a9738b7a8
248440.0,195719,python,[JIT],0x0000e48a9738d6cc
248440.0,195719,python,[JIT],0x0000e48a97431e20
248440.0,195719,python,[JIT],0x0000e48a97431f2c
248440.0,195843,python,[JIT],0x0000f826445db90c
248440.0,195843,python,[JIT],0x0000f826445d8050
248439.0,195915,python,[JIT],0x0000e5957c525208
248439.0,195915,python,[JIT],0x0000e5957c889684
248439.0,195915,python,[JIT],0x0000e5957c934ef8
248439.0,195775,python,[JIT],0x0000e031bd4ebd74
248439.0,195775,python,[JIT],0x0000e031bd4ec1a0
248439.0,195775,python,[JIT],0x0000e031bd5023dc
248439.0,195775,python,[JIT],0x0000e031bd855d90
248439.0,195719,python,[kernel.kallsyms],_raw_spin_unlock_irqrestore
248439.0,195719,python,[JIT],0x0000e48a96a6c248
248439.0,195719,python,[JIT],0x0000e48a9712a328
248439.0,195719,python,[JIT],0x0000e48a9738be4c
248439.0,195809,python,[JIT],0x0000e96f068d7d80
248439.0,195843,python,[JIT],0x0000f826443726b4
248439.0,195843,python,[JIT],0x0000f826445d29f8
248439.0,195843,python,[JIT],0x0000f826445d2b3c
248438.0,195984,python,[JIT],0x0000fa70fbefd8cc
248438.0,195984,python,[JIT],0x0000fa70fc8112b8
248438.0,195915,python,[JIT],0x0000e5957bff6088
248438.0,195915,python,[JIT],0x0000e5957c4ecd8c
248438.0,195915,python,[JIT],0x0000e5957c93407c
248438.0,195775,python,[JIT],0x0000e031bd857328
248438.0,195915,python,[JIT],0x0000e5957c935858
248438.0,195719,python,[JIT],0x0000e48a96acb2e4
248438.0,195719,python,[JIT],0x0000e48a96accba0
248438.0,195719,python,[JIT],0x0000e48a96afca7c
248438.0,195719,python,[JIT],0x0000e48a974312d8
248438.0,195719,python,[JIT],0x0000e48a97433110
248438.0,195843,python,[JIT],0x0000f826445dcb10
248438.0,195843,python,[JIT],0x0000f82643cfc4d4
248438.0,195843,python,[JIT],0x0000f826445dd128
248437.0,195984,python,[JIT],0x0000fa70fc818674
248437.0,195915,python,[JIT],0x0000e5957bff61e0
248437.0,195915,python,[JIT],0x0000e5957c52511c
248437.0,195775,python,[JIT],0x0000e031bd85a81c
248437.0,195946,python,[JIT],0x0000fc22a97a2e50
248437.0,195719,python,[JIT],0x0000e48a96a6bc94
248437.0,195719,python,[JIT],0x0000e48a96acc3a4
248437.0,195719,python,[JIT],0x0000e48a96af6430
248437.0,195719,python,[JIT],0x0000e48a9738c6d0
248437.0,195719,python,[JIT],0x0000e48a97431748
248437.0,195809,python,[JIT],0x0000e96f05f9a394
248437.0,195843,python,[JIT],0x0000f82643cfb6e0
248437.0,195843,python,[JIT],0x0000f826445d9394
248437.0,195843,python,[JIT],0x0000f826445dc058
248436.0,195915,python,[JIT],0x0000e5957c939864
248436.0,195775,python,[JIT],0x0000e031bcefc084
248436.0,195775,python,[JIT],0x0000e031bd502710
248436.0,195775,python,[JIT],0x0000e031bd502f2c
248436.0,195775,python,[JIT],0x0000e031bd503330
248436.0,195775,python,[JIT],0x0000e031bd85bc00
248436.0,195719,python,[JIT],0x0000e48a9745d41c
248436.0,195719,python,[JIT],0x0000e48a9745d868
248436.0,195719,python,[JIT],0x0000e48a9745e4f4
248436.0,195843,python,[JIT],0x0000f826442ef404
248436.0,195843,python,[JIT],0x0000f826445db9a8
248436.0,195843,python,[JIT],0x0000f8264468405c
248436.0,195809,python,[JIT],0x0000e96f067fd4ec
248436.0,195809,python,[JIT],0x0000e96f068ab35c
248435.0,195984,python,[kernel.kallsyms],perf_iterate_ctx
248435.0,195984,python,[JIT],0x0000fa70fc84a0e0
248435.0,195915,python,[JIT],0x0000e5957bf9d360
248435.0,195915,python,[JIT],0x0000e5957c9392a4
248435.0,195775,python,[JIT],0x0000e031bd7aa09c
248435.0,195775,python,[JIT],0x0000e031bd85ae58
248435.0,195775,python,[JIT],0x0000e031bd88503c
248435.0,195775,python,[JIT],0x0000e031bd88602c
248435.0,195719,python,[JIT],0x0000e48a9712b598
248435.0,195719,python,[JIT],0x0000e48a9712b940
248435.0,195719,python,[JIT],0x0000e48a9734e084
248435.0,195719,python,[JIT],0x0000e48a973881e4
248435.0,195719,python,[JIT],0x0000e48a9738b58c
248435.0,195719,python,[JIT],0x0000e48a9738be48
248434.0,195984,python,[JIT],0x0000fa70fbebdee0
248434.0,195984,python,[JIT],0x0000fa70fc504900
248434.0,195984,python,[JIT],0x0000fa70fc72e470
248434.0,195984,python,[JIT],0x0000fa70fc818388
248434.0,195984,python,[JIT],0x0000fa70fc8487bc
248434.0,195775,python,[JIT],0x0000e031bd50b3a4
248434.0,195775,python,[JIT],0x0000e031bd856e1c
248434.0,195719,python,[JIT],0x0000e48a96af37c8
248434.0,195719,python,[JIT],0x0000e48a974314d4
248434.0,195719,python,[JIT],0x0000e48a97431c84
248434.0,195719,python,[JIT],0x0000e48a974322c0
248434.0,195719,python,[JIT],0x0000e48a9745e4d4
248434.0,195843,python,[JIT],0x0000f8264433b470
248434.0,195843,python,[JIT],0x0000f826445d2c28
248434.0,195843,python,[JIT],0x0000f82644683ae4
248434.0,195843,python,[JIT],0x0000f82644683fec
248433.0,195915,python,[JIT],0x0000e5957bfc7e78
248433.0,195915,python,[JIT],0x0000e5957c84f000
248433.0,195915,python,[JIT],0x0000e5957c939e08
248433.0,195775,python,[JIT],0x0000e031bd851000
248433.0,195775,python,[JIT],0x0000e031bd85a87c
248433.0,195719,python,[JIT],0x0000e48a9745d6c0
248433.0,195843,python,[JIT],0x0000f82644377764
248433.0,195809,python,[JIT],0x0000e96f067f1538
248433.0,195809,python,[JIT],0x0000e96f067f9d4c
248433.0,195843,python,[JIT],0x0000f82644372708
248433.0,195843,python,[JIT],0x0000f826445d2420
248433.0,195809,python,[JIT],0x0000e96f068a761c
248432.0,195984,python,[JIT],0x0000fa70fbef40e8
248432.0,195984,python,[JIT],0x0000fa70fc504cf4
248432.0,195984,python,[JIT],0x0000fa70fc8112b4
248432.0,195984,python,[JIT],0x0000fa70fc819c7c
248432.0,195915,python,[JIT],0x0000e5957bf94eb4
248432.0,195915,python,[JIT],0x0000e5957bf9d9f4
248432.0,195915,python,[JIT],0x0000e5957c4ec460
248432.0,195915,python,[JIT],0x0000e5957c9346cc
248432.0,195915,python,[JIT],0x0000e5957c9397f8
248432.0,195915,python,[JIT],0x0000e5957c939eec
248432.0,195946,python,[JIT],0x0000fc22a94f7580
248432.0,195946,python,[JIT],0x0000fc22a97a8138
248432.0,195915,python,[JIT],0x0000e5957c88d620
248432.0,195719,python,[JIT],0x0000e48a96a9c9b0
248432.0,195719,python,[JIT],0x0000e48a96acbe3c
248432.0,195719,python,[JIT],0x0000e48a96afce54
248432.0,195719,python,[JIT],0x0000e48a9712a784
248432.0,195719,python,[JIT],0x0000e48a9745e4d8
248432.0,195843,python,[JIT],0x0000f82644309e48
248432.0,195843,python,[JIT],0x0000f82644372040
248432.0,195843,python,[JIT],0x0000f826445d8140
248431.0,195984,python,[JIT],0x0000fa70fbef34c4
248431.0,195984,python,[JIT],0x0000fa70fc4ed0f4
248431.0,195984,python,[JIT],0x0000fa70fc811334
248431.0,195984,python,[JIT],0x0000fa70fc84872c
248431.0,195915,python,[JIT],0x0000e5957c4eb5fc
248431.0,195915,python,[JIT],0x0000e5957c4ec680
248431.0,195915,python,[JIT],0x0000e5957c9661b0
248431.0,195775,python,[JIT],0x0000e031bd4f16f4
248431.0,195775,python,[JIT],0x0000e031bd4f1fc4
248431.0,195775,python,[JIT],0x0000e031bd76e1e4
248431.0,195775,python,[JIT],0x0000e031bd852358
248431.0,195775,python,[JIT],0x0000e031bd85a234
248431.0,195719,python,[JIT],0x0000e48a96a91fa0
248431.0,195719,python,[JIT],0x0000e48a96a9c194
248431.0,195843,python,[JIT],0x0000f826442efed0
248431.0,195843,python,[JIT],0x0000f8264430fcbc
248431.0,195843,python,[JIT],0x0000f826445d1254
248431.0,195843,python,[JIT],0x0000f826445dc13c
248431.0,195843,python,[JIT],0x0000f82644683080
248431.0,195843,python,[JIT],0x0000f82644684810
248430.0,195915,python,[JIT],0x0000e5957c9353d4
248430.0,195775,python,[JIT],0x0000e031bcef9a90
248430.0,195775,python,[JIT],0x0000e031bd5028f0
248430.0,195775,python,[JIT],0x0000e031bd85a6c0
248430.0,195946,python,[JIT],0x0000fc22a97a37dc
248430.0,195915,python,[JIT],0x0000e5957c939d34
248430.0,195719,python,[JIT],0x0000e48a96afc244
248430.0,195719,python,[JIT],0x0000e48a970eb218
248430.0,195719,python,[JIT],0x0000e48a970ed788
248430.0,195719,python,[JIT],0x0000e48a970edbd8
248430.0,195719,python,[JIT],0x0000e48a97127c08
248430.0,195719,python,[JIT],0x0000e48a9712a1b4
248430.0,195719,python,[JIT],0x0000e48a974315e8
248430.0,195719,python,[JIT],0x0000e48a97431608
248430.0,195843,python,[JIT],0x0000f82644683b90
248430.0,195843,python,[JIT],0x0000f826445db5e8
248429.0,195984,python,[JIT],0x0000fa70fc818424
248429.0,195984,python,[JIT],0x0000fa70fc81d0d0
248429.0,195915,python,[kernel.kallsyms],el0_da
248429.0,195915,python,[JIT],0x0000e5957bf9d134
248429.0,195915,python,[JIT],0x0000e5957bff6e50
248429.0,195915,python,[JIT],0x0000e5957c521a74
248429.0,195915,python,[JIT],0x0000e5957c9310b0
248429.0,195915,python,[JIT],0x0000e5957c9312a8
248429.0,195775,python,[JIT],0x0000e031bd855238
248429.0,195775,python,[JIT],0x0000e031bd856de0
248429.0,195775,python,[JIT],0x0000e031bd889020
248429.0,195719,python,[JIT],0x0000e48a970eb158
248429.0,195843,python,[JIT],0x0000f826445dbf6c
248429.0,195843,python,[JIT],0x0000f82644309b00
248429.0,195843,python,[JIT],0x0000f826446824d4
248429.0,195843,python,[JIT],0x0000f82644683130
248429.0,195843,python,[JIT],0x0000f82644684ca8
248428.0,195984,python,[JIT],0x0000fa70fc763444
248428.0,195984,python,[JIT],0x0000fa70fc81d3f4
248428.0,195915,python,[JIT],0x0000e5957bfc7338
248428.0,195915,python,[JIT],0x0000e5957bff6ca0
248428.0,195915,python,[JIT],0x0000e5957bff6e08
248428.0,195915,python,[JIT],0x0000e5957c4eca74
248428.0,195915,python,[JIT],0x0000e5957c887048
248428.0,195915,python,[JIT],0x0000e5957c965360
248428.0,195775,python,[JIT],0x0000e031bd85583c
248428.0,195775,python,[JIT],0x0000e031bd8851a8
248428.0,195775,python,[JIT],0x0000e031bd886898
248428.0,195775,python,[JIT],0x0000e031bd887528
248428.0,195719,python,[JIT],0x0000e48a9712aee0
248428.0,195719,python,[JIT],0x0000e48a9712b628
248428.0,195719,python,[JIT],0x0000e48a9738b444
248428.0,195719,python,[JIT],0x0000e48a9738c150
248428.0,195719,python,[JIT],0x0000e48a9738cffc
248428.0,195719,python,[JIT],0x0000e48a97431b5c
248428.0,195843,python,[JIT],0x0000f826446843a4
248428.0,195843,python,[JIT],0x0000f8264433c44c
248428.0,195843,python,[JIT],0x0000f826445d8abc
248427.0,195984,python,[JIT],0x0000fa70fbefb538
248427.0,195984,python,[JIT],0x0000fa70fc81a250
248427.0,195984,python,[JIT],0x0000fa70fc8206bc
248427.0,195915,python,python,_Py_dict_lookup
248427.0,195915,python,[JIT],0x0000e5957bf99240
248427.0,195915,python,[JIT],0x0000e5957bff5fc4
248427.0,195915,python,[JIT],0x0000e5957c939040
248427.0,195775,python,[JIT],0x0000e031bd8569b4
248427.0,195719,python,[JIT],0x0000e48a96acd260
248427.0,195719,python,[JIT],0x0000e48a96afc9cc
248427.0,195719,python,[JIT],0x0000e48a9712a444
248427.0,195719,python,[JIT],0x0000e48a97384008
248427.0,195719,python,[JIT],0x0000e48a97431b74
248427.0,195719,python,[JIT],0x0000e48a9745e270
248427.0,195843,python,[JIT],0x0000f82644372190
248427.0,195809,python,[JIT],0x0000e96f067f174c
248427.0,195843,python,[JIT],0x0000f8264433ba20
248426.0,195984,python,[JIT],0x0000fa70fc4f7260
248426.0,195984,python,[JIT],0x0000fa70fc76b0a8
248426.0,195984,python,[JIT],0x0000fa70fc8110b4
248426.0,195984,python,[JIT],0x0000fa70fc815290
248426.0,195984,python,[JIT],0x0000fa70fc81df04
248426.0,195984,python,[JIT],0x0000fa70fc81e2e0
248426.0,195984,python,[JIT],0x0000fa70fc81eef0
248426.0,195915,python,[JIT],0x0000e5957bf94c68
248426.0,195915,python,[JIT],0x0000e5957bfc4bd4
248426.0,195915,python,[JIT],0x0000e5957c4eb484
248426.0,195915,python,[JIT],0x0000e5957c4ecc48
248426.0,195915,python,[JIT],0x0000e5957c9641c4
248426.0,195915,python,[JIT],0x0000e5957c96446c
248426.0,195775,python,[JIT],0x0000e031bd50b7c8
248426.0,195775,python,[JIT],0x0000e031bd76e104
248426.0,195775,python,[JIT],0x0000e031bd7a9580
248426.0,195775,python,[JIT],0x0000e031bd85ba80
248426.0,195775,python,[JIT],0x0000e031bd886450
248426.0,195946,python,[JIT],0x0000fc22a97a39b0
248426.0,195719,python,[kernel.kallsyms],__call_rcu_common
248426.0,195719,python,[JIT],0x0000e48a96afb528
248426.0,195719,python,[JIT],0x0000e48a9712a334
248426.0,195719,python,[JIT],0x0000e48a9738d074
248426.0,195719,python,[JIT],0x0000e48a97431040
248426.0,195719,python,[JIT],0x0000e48a97431218
248426.0,195719,python,[JIT],0x0000e48a97431794
248426.0,195719,python,[JIT],0x0000e48a97433288
248426.0,195719,python,[JIT],0x0000e48a9745e594
248426.0,195843,python,[JIT],0x0000f826445db138
248426.0,195843,python,[JIT],0x0000f82644683110
248426.0,195843,python,[JIT],0x0000f826446b013c
248425.0,195984,python,[JIT],0x0000fa70fbeb8cc8
248425.0,195984,python,[JIT],0x0000fa70fbef7e74
248425.0,195984,python,[JIT],0x0000fa70fbefbc98
248425.0,195984,python,[JIT],0x0000fa70fc81d4a4
248425.0,195984,python,[JIT],0x0000fa70fc8120fc
248425.0,195915,python,[JIT],0x0000e5957bfc3310
248425.0,195775,python,[JIT],0x0000e031bd50158c
248425.0,195719,python,[JIT],0x0000e48a97431288
248425.0,195719,python,[JIT],0x0000e48a9743170c
248425.0,195843,python,[JIT],0x0000f8264437634c
248425.0,195843,python,[JIT],0x0000f82644372b7c
248425.0,195843,python,[JIT],0x0000f826445d20b0
248425.0,195843,python,[JIT],0x0000f826445d2624
248425.0,195843,python,[JIT],0x0000f826445db87c
248425.0,195843,python,[JIT],0x0000f826446853c0
248425.0,195843,python,[JIT],0x0000f826446af3c8
248425.0,195843,python,[JIT],0x0000f826446b018c
248424.0,195984,python,[JIT],0x0000fa70fc81d2d4
248424.0,195915,python,[JIT],0x0000e5957bff590c
248424.0,195915,python,[JIT],0x0000e5957c88c124
248424.0,195775,python,[JIT],0x0000e031bd545cc8
248424.0,195775,python,[JIT],0x0000e031bd852ee4
248424.0,195775,python,[JIT],0x0000e031bd886410
248424.0,195719,python,[kernel.kallsyms],ext4_inode_csum_set
248424.0,195719,python,[JIT],0x0000e48a97431584
248424.0,195843,python,[JIT],0x0000f82644377bd0
248424.0,195809,python,[JIT],0x0000e96f068acc88
248424.0,195843,python,python,_PyObject_GC_New
248424.0,195843,python,[JIT],0x0000f826442f83ac
248424.0,195843,python,[JIT],0x0000f8264437b17c
248423.0,195984,python,[JIT],0x0000fa70fbef86b0
248423.0,195984,python,[JIT],0x0000fa70fc76b140
248423.0,195984,python,[JIT],0x0000fa70fc8162e4
248423.0,195984,python,[JIT],0x0000fa70fc819a94
248423.0,195984,python,[JIT],0x0000fa70fc81e9d0
248423.0,195915,python,[JIT],0x0000e5957bfc83dc
248423.0,195915,python,[JIT],0x0000e5957bff5ce8
248423.0,195915,python,[JIT],0x0000e5957c4eb164
248423.0,195915,python,[JIT],0x0000e5957c4ecc2c
248423.0,195915,python,[JIT],0x0000e5957c888194
248423.0,195915,python,[JIT],0x0000e5957c888d1c
248423.0,195915,python,[JIT],0x0000e5957c965470
248423.0,195775,python,[JIT],0x0000e031bd545704
248423.0,195915,python,[JIT],0x0000e5957c939160
248423.0,195719,python,[JIT],0x0000e48a9712a808
248423.0,195719,python,[JIT],0x0000e48a9738bbec
248423.0,195719,python,[JIT],0x0000e48a974316e0
248423.0,195719,python,[JIT],0x0000e48a97431d04
248423.0,195719,python,[JIT],0x0000e48a97431e68
248423.0,195719,python,[JIT],0x0000e48a9745e264
248423.0,195843,python,python,PyObject_SetAttr
248423.0,195843,python,[JIT],0x0000f826442ec284
248423.0,195843,python,[JIT],0x0000f826442efde8
248423.0,195843,python,[JIT],0x0000f82644309658
248423.0,195843,python,[JIT],0x0000f82644338028
248423.0,195843,python,[JIT],0x0000f826443386bc
248423.0,195843,python,[JIT],0x0000f82644338768
248423.0,195843,python,[JIT],0x0000f8264433e958
248423.0,195843,python,[JIT],0x0000f826445d8538
248423.0,195843,python,[JIT],0x0000f826445dc228
248423.0,195809,python,[JIT],0x0000e96f068ab74c
248423.0,195809,python,[JIT],0x0000e96f068d63a4
248422.0,195984,python,[JIT],0x0000fa70fc76b3cc
248422.0,195915,python,[JIT],0x0000e5957c935b28
248422.0,195915,python,[JIT],0x0000e5957c939224
248422.0,195915,python,[JIT],0x0000e5957c939458
248422.0,195915,python,[JIT],0x0000e5957c9653f4
248422.0,195775,python,[JIT],0x0000e031bd7aa690
248422.0,195775,python,[JIT],0x0000e031bd855b78
248422.0,195775,python,[JIT],0x0000e031bd85aaa4
248422.0,195719,python,[JIT],0x0000e48a96afc6d4
248422.0,195719,python,[JIT],0x0000e48a970ed590
248422.0,195719,python,[JIT],0x0000e48a9712b044
248422.0,195719,python,[JIT],0x0000e48a974316fc
248422.0,195719,python,[JIT],0x0000e48a97433168
248422.0,195843,python,[JIT],0x0000f8264433bc18
248422.0,195843,python,[JIT],0x0000f8264433bebc
248422.0,195843,python,[JIT],0x0000f82644681090
248422.0,195843,python,[JIT],0x0000f82644684340
248422.0,195843,python,[JIT],0x0000f826446af52c
248421.0,195984,python,[JIT],0x0000fa70fc769264
248421.0,195984,python,[JIT],0x0000fa70fc818540
248421.0,195984,python,[JIT],0x0000fa70fc81d220
248421.0,195984,python,[JIT],0x0000fa70fc818740
248421.0,195915,python,python,compactlongs_guard
248421.0,195915,python,[JIT],0x0000e5957bf6c430
248421.0,195915,python,[JIT],0x0000e5957c4ec520
248421.0,195915,python,[JIT],0x0000e5957c5250f4
248421.0,195915,python,[JIT],0x0000e5957c93240c
248421.0,195915,python,[JIT],0x0000e5957c93976c
248421.0,195915,python,[JIT],0x0000e5957c934034
248421.0,195915,python,[JIT],0x0000e5957c939e6c
248421.0,195775,python,python,_Py_Dealloc
248421.0,195719,python,[JIT],0x0000e48a96a9b80c
248421.0,195719,python,[JIT],0x0000e48a9734e02c
248421.0,195719,python,[JIT],0x0000e48a9738b0f4
248421.0,195719,python,[JIT],0x0000e48a9738b260
248421.0,195719,python,[JIT],0x0000e48a9738b9a0
248421.0,195719,python,[JIT],0x0000e48a9738ca18
248421.0,195719,python,[JIT],0x0000e48a974314a8
248421.0,195843,python,[JIT],0x0000f826442f00a4
248421.0,195843,python,[JIT],0x0000f826445dcf6c
248420.0,195984,python,[JIT],0x0000fa70fc72e104
248420.0,195984,python,[JIT],0x0000fa70fc818fcc
248420.0,195915,python,[JIT],0x0000e5957bf96384
248420.0,195915,python,[JIT],0x0000e5957bf9e38c
248420.0,195915,python,[JIT],0x0000e5957bff5054
248420.0,195915,python,[JIT],0x0000e5957c84e490
248420.0,195915,python,[JIT],0x0000e5957c888e44
248420.0,195915,python,[JIT],0x0000e5957c889be4
248420.0,195915,python,[JIT],0x0000e5957c934c0c
248420.0,195775,python,[JIT],0x0000e031bcef700c
248420.0,195775,python,[JIT],0x0000e031bd4f1638
248420.0,195775,python,[JIT],0x0000e031bd50304c
248420.0,195775,python,[JIT],0x0000e031bd8557a0
248420.0,195946,python,[JIT],0x0000fc22a96f3a30
248420.0,195719,python,[JIT],0x0000e48a96a691f0
248420.0,195719,python,[JIT],0x0000e48a96a6da00
248420.0,195719,python,[JIT],0x0000e48a96acbcfc
248420.0,195719,python,[JIT],0x0000e48a96afb4b8
248420.0,195843,python,[JIT],0x0000f826442ef948
248420.0,195843,python,[JIT],0x0000f826445db1f4
248420.0,195843,python,[JIT],0x0000f826445dcca8
248420.0,195843,python,[JIT],0x0000f82644682428
248420.0,195843,python,[JIT],0x0000f82644683e88
248420.0,195843,python,[JIT],0x0000f826446b0478
248419.0,195915,python,[JIT],0x0000e5957bff6b14
248419.0,195915,python,[JIT],0x0000e5957c52519c
248419.0,195915,python,[JIT],0x0000e5957c8885d8
248419.0,195915,python,[JIT],0x0000e5957c9344b0
248419.0,195915,python,[JIT],0x0000e5957c934af8
248419.0,195915,python,[JIT],0x0000e5957c939cd0
248419.0,195915,python,[JIT],0x0000e5957c93a020
248419.0,195915,python,[JIT],0x0000e5957c96618c
248419.0,195775,python,[JIT],0x0000e031bd856608
248419.0,195719,python,[JIT],0x0000e48a96afcb2c
248419.0,195719,python,[JIT],0x0000e48a9712b118
248419.0,195719,python,[JIT],0x0000e48a9738cc6c
248419.0,195719,python,[JIT],0x0000e48a974333b4
248419.0,195719,python,[JIT],0x0000e48a9745e2c0
248419.0,195719,python,[JIT],0x0000e48a97460010
248419.0,195843,python,[JIT],0x0000f82644683f1c
248419.0,195843,python,[JIT],0x0000f8264430a1dc
248419.0,195843,python,[JIT],0x0000f826443383c4
248419.0,195843,python,[JIT],0x0000f8264433c6c0
248419.0,195843,python,[JIT],0x0000f826445dc648
248419.0,195843,python,[JIT],0x0000f826446823d0
248419.0,195843,python,[JIT],0x0000f8264468321c
248418.0,195984,python,[JIT],0x0000fa70fbef41a8
248418.0,195984,python,[JIT],0x0000fa70fc8187c8
248418.0,195915,python,[JIT],0x0000e5957bf94b78
248418.0,195915,python,[JIT],0x0000e5957bfc20c0
248418.0,195915,python,[JIT],0x0000e5957bff5224
248418.0,195915,python,[JIT],0x0000e5957c84f06c
248418.0,195915,python,[JIT],0x0000e5957c93a910
248418.0,195915,python,[JIT],0x0000e5957c9657c0
248418.0,195775,python,[JIT],0x0000e031bd4f75c4
248418.0,195775,python,[JIT],0x0000e031bd7a61b8
248418.0,195775,python,[JIT],0x0000e031bd85120c
248418.0,195719,python,[JIT],0x0000e48a96acb098
248418.0,195719,python,[JIT],0x0000e48a96acc930
248418.0,195719,python,[JIT],0x0000e48a9712b568
248418.0,195719,python,[JIT],0x0000e48a9743213c
248418.0,195719,python,[JIT],0x0000e48a9745e000
248418.0,195843,python,[JIT],0x0000f82643cfb46c
248418.0,195843,python,[JIT],0x0000f826445dbed4
248418.0,195843,python,[JIT],0x0000f826445dc3c8
248417.0,195984,python,[JIT],0x0000fa70fc50411c
248417.0,195984,python,[JIT],0x0000fa70fc76c690
248417.0,195984,python,[JIT],0x0000fa70fc81e7e0
248417.0,195915,python,[JIT],0x0000e5957c4ec130
248417.0,195915,python,[JIT],0x0000e5957c9310fc
248417.0,195915,python,[JIT],0x0000e5957c93436c
248417.0,195915,python,[JIT],0x0000e5957c9395a0
248417.0,195775,python,[JIT],0x0000e031bd50b944
248417.0,195775,python,[JIT],0x0000e031bd76e448
248417.0,195775,python,[JIT],0x0000e031bd7aa4cc
248417.0,195775,python,[JIT],0x0000e031bd85b084
248417.0,195719,python,[JIT],0x0000e48a96a94de4
248417.0,195719,python,[JIT],0x0000e48a973833a4
248417.0,195719,python,[JIT],0x0000e48a97432914
248417.0,195719,python,[JIT],0x0000e48a9745d544
248417.0,195809,python,[JIT],0x0000e96f064f5d04
248417.0,195809,python,libgcc_s.so.1,0x0000000000019338
248417.0,195843,python,[JIT],0x0000f826442f2c00
248417.0,195843,python,[JIT],0x0000f826442f3588
248417.0,195843,python,[JIT],0x0000f826442fc0f4
248417.0,195843,python,[JIT],0x0000f826443720c0
248417.0,195843,python,[JIT],0x0000f82644372c14
248417.0,195843,python,[JIT],0x0000f82644372d9c
248417.0,195843,python,[JIT],0x0000f826446af38c
248417.0,195843,python,[JIT],0x0000f826446b0264
248416.0,195984,python,[JIT],0x0000fa70fbef8da0
248416.0,195984,python,[JIT],0x0000fa70fc504be0
248416.0,195915,python,[JIT],0x0000e5957c5257c0
248416.0,195915,python,[JIT],0x0000e5957c93452c
248416.0,195915,python,[JIT],0x0000e5957c96418c
248416.0,195775,python,[JIT],0x0000e031bcefd580
248416.0,195775,python,[JIT],0x0000e031bd502a00
248416.0,195775,python,[JIT],0x0000e031bd85640c
248416.0,195775,python,[JIT],0x0000e031bd886948
248416.0,195719,python,[JIT],0x0000e48a96afca70
248416.0,195719,python,[JIT],0x0000e48a9712a5e0
248416.0,195719,python,[JIT],0x0000e48a97432b28
248416.0,195843,python,[JIT],0x0000f8264459e264
248416.0,195843,python,[JIT],0x0000f82644682550
248416.0,195843,python,[JIT],0x0000f826446841cc
248416.0,195843,python,[JIT],0x0000f826446ae5c0
248415.0,195984,python,[JIT],0x0000fa70fc811028
248415.0,195984,python,[JIT],0x0000fa70fc8150b0
248415.0,195984,python,[JIT],0x0000fa70fc818660
248415.0,195915,python,[JIT],0x0000e5957bff54d8
248415.0,195915,python,[JIT],0x0000e5957bff6c44
248415.0,195775,python,[JIT],0x0000e031bcef822c
248415.0,195775,python,[JIT],0x0000e031bd501a04
248415.0,195775,python,[JIT],0x0000e031bd54539c
248415.0,195775,python,[JIT],0x0000e031bd855930
248415.0,195775,python,[JIT],0x0000e031bd85a144
248415.0,195775,python,[JIT],0x0000e031bd85b180
248415.0,195719,python,[JIT],0x0000e48a96a6cb3c
248415.0,195719,python,[JIT],0x0000e48a96acc180
248415.0,195719,python,[JIT],0x0000e48a96afd21c
248415.0,195719,python,[JIT],0x0000e48a9712b540
248415.0,195719,python,[JIT],0x0000e48a9712b6a4
248415.0,195719,python,[JIT],0x0000e48a9738b0c0
248415.0,195719,python,[JIT],0x0000e48a9738ce1c
248415.0,195719,python,[JIT],0x0000e48a974316bc
248415.0,195719,python,[JIT],0x0000e48a9745e410
248415.0,195843,python,[JIT],0x0000f82644338184
248415.0,195843,python,[JIT],0x0000f8264433c1a8
248415.0,195843,python,[JIT],0x0000f8264433cca8
248415.0,195843,python,[JIT],0x0000f82644684148
248415.0,195843,python,[JIT],0x0000f826446af614
248414.0,195984,python,[JIT],0x0000fa70fbef53fc
248414.0,195984,python,[JIT],0x0000fa70fc50406c
248414.0,195984,python,[JIT],0x0000fa70fc5048f0
248414.0,195915,python,python,PyDict_GetItemRef
248414.0,195915,python,[JIT],0x0000e5957c931668
248414.0,195775,python,[JIT],0x0000e031bcefc028
248414.0,195775,python,[JIT],0x0000e031bd7a9a30
248414.0,195946,python,python,store_instance_attr_lock_held
248414.0,195946,python,[JIT],0x0000fc22a97a2584
248414.0,195719,python,[JIT],0x0000e48a96acc5cc
248414.0,195719,python,[JIT],0x0000e48a96af311c
248414.0,195719,python,[JIT],0x0000e48a96af3314
248414.0,195719,python,[JIT],0x0000e48a96afb08c
248414.0,195719,python,[JIT],0x0000e48a9743107c
248414.0,195719,python,[JIT],0x0000e48a974310f4
248414.0,195843,python,[kernel.kallsyms],handle_mm_fault
248414.0,195843,python,[JIT],0x0000f826446822dc
248414.0,195809,python,[JIT],0x0000e96f068ad0a4
248414.0,195843,python,[JIT],0x0000f8264433b9a8
248414.0,195843,python,[JIT],0x0000f826445d10a8
248414.0,195843,python,[JIT],0x0000f826445db7c4
248414.0,195843,python,[JIT],0x0000f826445dbe14
248413.0,195984,python,python,object_dealloc
248413.0,195984,python,[JIT],0x0000fa70fc4f6d34
248413.0,195984,python,[JIT],0x0000fa70fc76d0d4
248413.0,195984,python,[JIT],0x0000fa70fc81e298
248413.0,195984,python,[JIT],0x0000fa70fc849544
248413.0,195984,python,[JIT],0x0000fa70fc81d848
248413.0,195915,python,[JIT],0x0000e5957c523088
248413.0,195915,python,[JIT],0x0000e5957c523bc0
248413.0,195915,python,[JIT],0x0000e5957c9322dc
248413.0,195915,python,[JIT],0x0000e5957c935678
248413.0,195915,python,[JIT],0x0000e5957c93a004
248413.0,195775,python,[JIT],0x0000e031bd545034
248413.0,195775,python,[JIT],0x0000e031bd7aa75c
248413.0,195775,python,[JIT],0x0000e031bd85a4ec
248413.0,195775,python,[JIT],0x0000e031bd85aa1c
248413.0,195946,python,[JIT],0x0000fc22a96f5214
248413.0,195946,python,[JIT],0x0000fc22a97a5328
248413.0,195719,python,[JIT],0x0000e48a96a951b0
248413.0,195719,python,[JIT],0x0000e48a96acd03c
248413.0,195719,python,[JIT],0x0000e48a96acd050
248413.0,195719,python,[JIT],0x0000e48a970eb3e0
248413.0,195719,python,[JIT],0x0000e48a970ed820
248413.0,195719,python,[JIT],0x0000e48a9712aab0
248413.0,195719,python,[JIT],0x0000e48a9738c154
248413.0,195719,python,[JIT],0x0000e48a97431fc8
248413.0,195719,python,[JIT],0x0000e48a97432110
248413.0,195719,python,[JIT],0x0000e48a97432e98
248413.0,195719,python,[JIT],0x0000e48a974330fc
248413.0,195719,python,[JIT],0x0000e48a9745e324
248413.0,195843,python,[kernel.kallsyms],prepare_to_wait_event
248413.0,195843,python,[JIT],0x0000f826442f3888
248413.0,195843,python,[JIT],0x0000f826442fd954
248413.0,195843,python,[JIT],0x0000f8264430a840
248413.0,195843,python,[JIT],0x0000f8264433c4a4
248413.0,195843,python,[JIT],0x0000f82644372dac
248413.0,195843,python,[JIT],0x0000f826445d19b4
248413.0,195843,python,[JIT],0x0000f826445d28b0
248413.0,195843,python,[JIT],0x0000f826445dc150
248413.0,195843,python,[JIT],0x0000f826445dc768
248413.0,195843,python,[JIT],0x0000f826446b0548
248412.0,195984,python,[JIT],0x0000fa70fbefb1b8
248412.0,195984,python,[JIT],0x0000fa70fc763768
248412.0,195984,python,[JIT],0x0000fa70fc8155cc
248412.0,195915,python,[JIT],0x0000e5957bf912c0
248412.0,195915,python,[JIT],0x0000e5957bff118c
248412.0,195915,python,[JIT],0x0000e5957c88854c
248412.0,195915,python,[JIT],0x0000e5957c931194
248412.0,195915,python,[JIT],0x0000e5957c93b0d8
248412.0,195775,python,[JIT],0x0000e031bcef3030
248412.0,195775,python,[JIT],0x0000e031bd502b10
248412.0,195775,python,[JIT],0x0000e031bd7a9b94
248412.0,195719,python,[JIT],0x0000e48a970ed834
248412.0,195719,python,[JIT],0x0000e48a9712a0ac
248412.0,195719,python,[JIT],0x0000e48a9738428c
248412.0,195719,python,[JIT],0x0000e48a97431dbc
248412.0,195843,python,[JIT],0x0000f82643cf8a8c
248412.0,195843,python,[JIT],0x0000f8264430f02c
248412.0,195843,python,[JIT],0x0000f826443724f4
248412.0,195843,python,[JIT],0x0000f826445d10f8
248412.0,195843,python,[JIT],0x0000f826445d90d8
248412.0,195843,python,[JIT],0x0000f826445dc578
248412.0,195843,python,[JIT],0x0000f82644684ba4
248412.0,195843,python,[JIT],0x0000f826446866ac
248412.0,195809,python,[JIT],0x0000e96f068d770c
248411.0,195915,python,[JIT],0x0000e5957c4ed140
248411.0,195915,python,[JIT],0x0000e5957c88c178
248411.0,195915,python,[JIT],0x0000e5957c939518
248411.0,195915,python,[JIT],0x0000e5957c93afe0
248411.0,195915,python,[JIT],0x0000e5957c965230
248411.0,195775,python,[JIT],0x0000e031bd545520
248411.0,195719,python,[JIT],0x0000e48a96a697c0
248411.0,195719,python,[JIT],0x0000e48a96a98548
248411.0,195719,python,[JIT],0x0000e48a96af2100
248411.0,195719,python,[JIT],0x0000e48a9738c3f0
248411.0,195719,python,[JIT],0x0000e48a97431028
248411.0,195719,python,[JIT],0x0000e48a97432f00
248411.0,195843,python,[JIT],0x0000f826445dc3f4
248410.0,195984,python,[JIT],0x0000fa70fc7635f8
248410.0,195984,python,[JIT],0x0000fa70fc81da54
248410.0,195984,python,[JIT],0x0000fa70fc84a2bc
248410.0,195915,python,[JIT],0x0000e5957bf94ef0
248410.0,195915,python,[JIT],0x0000e5957bff5ab0
248410.0,195915,python,[JIT],0x0000e5957c4ec3e8
248410.0,195915,python,[JIT],0x0000e5957c4ec824
248410.0,195915,python,[JIT],0x0000e5957c888cc0
248410.0,195915,python,[JIT],0x0000e5957c889940
248410.0,195915,python,[JIT],0x0000e5957c931b64
248410.0,195915,python,[JIT],0x0000e5957c934160
248410.0,195915,python,[JIT],0x0000e5957c965260
248410.0,195775,python,[JIT],0x0000e031bcef5210
248410.0,195775,python,[JIT],0x0000e031bd50c688
248410.0,195775,python,[JIT],0x0000e031bd50cbac
248410.0,195775,python,[JIT],0x0000e031bd856d10
248410.0,195946,python,[JIT],0x0000fc22a96f6c94
248410.0,195915,python,[JIT],0x0000e5957c52af60
248410.0,195915,python,[JIT],0x0000e5957c88c2c0
248410.0,195719,python,[JIT],0x0000e48a96a910a4
248410.0,195719,python,[JIT],0x0000e48a96acc488
248410.0,195719,python,[JIT],0x0000e48a96af2248
248410.0,195719,python,[JIT],0x0000e48a96afc4a4
248410.0,195719,python,[JIT],0x0000e48a96afc5a4
248410.0,195719,python,[JIT],0x0000e48a970edcc0
248410.0,195719,python,[JIT],0x0000e48a9712afc8
248410.0,195719,python,[JIT],0x0000e48a97388638
248410.0,195719,python,[JIT],0x0000e48a9738997c
248410.0,195719,python,[JIT],0x0000e48a9738bd20
248410.0,195719,python,[JIT],0x0000e48a9745c758
248410.0,195719,python,[JIT],0x0000e48a9745d948
248410.0,195843,python,[JIT],0x0000f8264433172c
248410.0,195843,python,[JIT],0x0000f8264433bf78
248410.0,195843,python,[JIT],0x0000f82644372190
248410.0,195843,python,[JIT],0x0000f82644684268
248410.0,195843,python,[JIT],0x0000f826446b05c0
248409.0,195984,python,[JIT],0x0000fa70fc4f60a0
248409.0,195984,python,[JIT],0x0000fa70fc81d178
248409.0,195915,python,[JIT],0x0000e5957bff6500
248409.0,195915,python,[JIT],0x0000e5957c4ece40
248409.0,195915,python,[JIT],0x0000e5957c523548
248409.0,195915,python,[JIT],0x0000e5957c88c324
248409.0,195915,python,[JIT],0x0000e5957c939b28
248409.0,195915,python,[JIT],0x0000e5957c939f04
248409.0,195915,python,[JIT],0x0000e5957c93a058
248409.0,195915,python,[JIT],0x0000e5957c96630c
248409.0,195775,python,[JIT],0x0000e031bd76e538
248409.0,195775,python,[JIT],0x0000e031bd887030
248409.0,195719,python,[JIT],0x0000e48a96afd3dc
248409.0,195719,python,[JIT],0x0000e48a9712b9cc
248409.0,195719,python,[JIT],0x0000e48a97381cb0
248409.0,195719,python,[JIT],0x0000e48a9738817c
248409.0,195719,python,[JIT],0x0000e48a97431434
248409.0,195843,python,[JIT],0x0000f826445d1080
248409.0,195843,python,[JIT],0x0000f826442f8470
248409.0,195843,python,[JIT],0x0000f8264430ac20
248409.0,195843,python,[JIT],0x0000f8264430f1f8
248409.0,195843,python,[JIT],0x0000f826445d1518
248409.0,195843,python,[JIT],0x0000f826445d8260
248409.0,195843,python,[JIT],0x0000f826445dc9a8
248409.0,195843,python,[JIT],0x0000f826446830e4
248409.0,195843,python,[JIT],0x0000f82644683558
248409.0,195843,python,[JIT],0x0000f826446849e4
248409.0,195843,python,[JIT],0x0000f826446ae51c
248408.0,195984,python,[JIT],0x0000fa70fc819584
248408.0,195915,python,[JIT],0x0000e5957bfc3d7c
248408.0,195915,python,[JIT],0x0000e5957c525f54
248408.0,195915,python,[JIT],0x0000e5957c5261c4
248408.0,195915,python,[JIT],0x0000e5957c888ec4
248408.0,195915,python,[JIT],0x0000e5957c931dcc
248408.0,195915,python,[JIT],0x0000e5957c935858
248408.0,195915,python,[JIT],0x0000e5957c964610
248408.0,195915,python,[JIT],0x0000e5957c9660ec
248408.0,195775,python,[JIT],0x0000e031bd5028f4
248408.0,195719,python,[JIT],0x0000e48a96a98990
248408.0,195719,python,[JIT],0x0000e48a96acce3c
248408.0,195719,python,[JIT],0x0000e48a9738b85c
248408.0,195719,python,[JIT],0x0000e48a9738bb94
248408.0,195719,python,[JIT],0x0000e48a97431b38
248408.0,195719,python,[JIT],0x0000e48a97432164
248408.0,195843,python,python,_Py_uop_sym_is_not_null
248408.0,195843,python,python,optimize_pop_top
248408.0,195843,python,[JIT],0x0000f8264433b088
248408.0,195843,python,[JIT],0x0000f8264433b7f8
248408.0,195843,python,[JIT],0x0000f82644372b9c
248408.0,195843,python,[JIT],0x0000f826445d28e4
248408.0,195843,python,[JIT],0x0000f826445d2940
248408.0,195843,python,[JIT],0x0000f826445db478
248408.0,195843,python,[JIT],0x0000f826446af1e0
248408.0,195843,python,[JIT],0x0000f826446b012c
248407.0,195984,python,[JIT],0x0000fa70fc818cd4
248407.0,195984,python,[JIT],0x0000fa70fc81e350
248407.0,195915,python,[JIT],0x0000e5957c525708
248407.0,195915,python,[JIT],0x0000e5957c84e34c
248407.0,195915,python,[JIT],0x0000e5957c937acc
248407.0,195915,python,[JIT],0x0000e5957c939444
248407.0,195915,python,[JIT],0x0000e5957c939e00
248407.0,195775,python,[JIT],0x0000e031bd4eba70
248407.0,195775,python,[JIT],0x0000e031bd502460
248407.0,195775,python,[JIT],0x0000e031bd50b378
248407.0,195775,python,[JIT],0x0000e031bd545b90
248407.0,195775,python,[JIT],0x0000e031bd7aa200
248407.0,195775,python,[JIT],0x0000e031bd85b0dc
248407.0,195946,python,[JIT],0x0000fc22a96fa690
248407.0,195719,python,[JIT],0x0000e48a96a9188c
248407.0,195719,python,[JIT],0x0000e48a970edc00
248407.0,195719,python,[JIT],0x0000e48a97431588
248407.0,195719,python,[JIT],0x0000e48a974315a0
248407.0,195719,python,[JIT],0x0000e48a97432828
248407.0,195809,python,[JIT],0x0000e96f068a6220
248407.0,195809,python,[JIT],0x0000e96f068a8074
248407.0,195843,python,[JIT],0x0000f8264430ab0c
248407.0,195843,python,[JIT],0x0000f826446821bc
248407.0,195843,python,[JIT],0x0000f826446b04fc
248407.0,195809,python,[JIT],0x0000e96f064f3674
248406.0,195984,python,[JIT],0x0000fa70fc8111fc
248406.0,195984,python,[JIT],0x0000fa70fc81d654
248406.0,195984,python,[JIT],0x0000fa70fc81da9c
248406.0,195984,python,[JIT],0x0000fa70fc848774
248406.0,195915,python,[JIT],0x0000e5957bff6138
248406.0,195915,python,[JIT],0x0000e5957c52618c
248406.0,195915,python,[JIT],0x0000e5957c935318
248406.0,195775,python,[JIT],0x0000e031bd4f15f4
248406.0,195775,python,[JIT],0x0000e031bd76ef64
248406.0,195775,python,[JIT],0x0000e031bd853660
248406.0,195775,python,[JIT],0x0000e031bd85a6e4
248406.0,195775,python,[JIT],0x0000e031bd85b49c
248406.0,195775,python,[JIT],0x0000e031bd85b574
248406.0,195946,python,[JIT],0x0000fc22a94f4c94
248406.0,195946,python,[JIT],0x0000fc22a96f71a4
248406.0,195719,python,[JIT],0x0000e48a96a971b0
248406.0,195719,python,[JIT],0x0000e48a96a97a08
248406.0,195719,python,[JIT],0x0000e48a973881c0
248406.0,195719,python,[JIT],0x0000e48a97431fd0
248406.0,195719,python,[JIT],0x0000e48a97432018
248406.0,195843,python,[JIT],0x0000f826442f40c0
248406.0,195843,python,[JIT],0x0000f8264433c388
248406.0,195843,python,[JIT],0x0000f8264433cd5c
248406.0,195843,python,[JIT],0x0000f8264459e02c
248405.0,195984,python,[JIT],0x0000fa70fbef1bfc
248405.0,195984,python,[JIT],0x0000fa70fc504608
248405.0,195984,python,[JIT],0x0000fa70fc820698
248405.0,195915,python,[JIT],0x0000e5957c888420
248405.0,195915,python,[JIT],0x0000e5957c9340b8
248405.0,195915,python,[JIT],0x0000e5957c939914
248405.0,195775,python,[JIT],0x0000e031bd4f0494
248405.0,195775,python,[JIT],0x0000e031bd4f0828
248405.0,195775,python,[JIT],0x0000e031bd501448
248405.0,195775,python,[JIT],0x0000e031bd851354
248405.0,195775,python,[JIT],0x0000e031bd85a830
248405.0,195775,python,[JIT],0x0000e031bd8559a0
248405.0,195719,python,[JIT],0x0000e48a96acb8b8
248405.0,195719,python,[JIT],0x0000e48a96acc108
248405.0,195719,python,[JIT],0x0000e48a970eb060
248405.0,195719,python,[JIT],0x0000e48a9738109c
248405.0,195719,python,[JIT],0x0000e48a973880dc
248405.0,195719,python,[JIT],0x0000e48a97389074
248405.0,195719,python,[JIT],0x0000e48a9738cb8c
248405.0,195719,python,[JIT],0x0000e48a9745d2fc
248405.0,195843,python,[JIT],0x0000f826445d83fc
248405.0,195843,python,[JIT],0x0000f826442f3748
248405.0,195843,python,[JIT],0x0000f826442f3d2c
248405.0,195843,python,[JIT],0x0000f8264430a278
248405.0,195843,python,[JIT],0x0000f826443388b8
248405.0,195843,python,[JIT],0x0000f826443723dc
248405.0,195843,python,[JIT],0x0000f826445d2394
248405.0,195843,python,[JIT],0x0000f826445db63c
248405.0,195843,python,[JIT],0x0000f826445dbc58
248405.0,195843,python,[JIT],0x0000f8264468248c
248405.0,195843,python,[JIT],0x0000f82644683850
248405.0,195809,python,[JIT],0x0000e96f064fc014
248404.0,195984,python,python,strlen@plt
248404.0,195984,python,[JIT],0x0000fa70fc819d04
248404.0,195984,python,[JIT],0x0000fa70fc8187c8
248404.0,195915,python,[JIT],0x0000e5957bf999a4
248404.0,195915,python,[JIT],0x0000e5957bfc8da4
248404.0,195915,python,[JIT],0x0000e5957bff5700
248404.0,195915,python,[JIT],0x0000e5957c4ec708
248404.0,195915,python,[JIT],0x0000e5957c525b90
248404.0,195915,python,[JIT],0x0000e5957c934d0c
248404.0,195775,python,[JIT],0x0000e031bd502a10
248404.0,195775,python,[JIT],0x0000e031bd5454b4
248404.0,195775,python,[JIT],0x0000e031bd7aa9d0
248404.0,195775,python,[JIT],0x0000e031bd856894
248404.0,195775,python,[JIT],0x0000e031bd85a0ec
248404.0,195775,python,[JIT],0x0000e031bd85b094
248404.0,195775,python,[JIT],0x0000e031bd887034
248404.0,195946,python,[JIT],0x0000fc22a96f67fc
248404.0,195775,python,[JIT],0x0000e031bd8566e4
248404.0,195719,python,[JIT],0x0000e48a96a95050
248404.0,195719,python,[JIT],0x0000e48a96acd070
248404.0,195719,python,[JIT],0x0000e48a96afccfc
248404.0,195719,python,[JIT],0x0000e48a9738bba4
248404.0,195719,python,[JIT],0x0000e48a9738c514
248404.0,195719,python,[JIT],0x0000e48a9743194c
248404.0,195719,python,[JIT],0x0000e48a97432d94
248404.0,195809,python,[JIT],0x0000e96f068a663c
248404.0,195843,python,[JIT],0x0000f82644309028
248404.0,195843,python,[JIT],0x0000f8264430aa4c
248404.0,195843,python,[JIT],0x0000f82644338d70
248404.0,195843,python,[JIT],0x0000f8264433c158
248404.0,195843,python,[JIT],0x0000f826445db4ec
248404.0,195843,python,[JIT],0x0000f826445dca88
248404.0,195843,python,[JIT],0x0000f826446823a0
248403.0,195984,python,[JIT],0x0000fa70fc76d7c4
248403.0,195915,python,[JIT],0x0000e5957bf99cb8
248403.0,195915,python,[JIT],0x0000e5957bff6930
248403.0,195915,python,[JIT],0x0000e5957c4ec128
248403.0,195915,python,[JIT],0x0000e5957c525bf0
248403.0,195915,python,[JIT],0x0000e5957c9341d8
248403.0,195915,python,[JIT],0x0000e5957c935e4c
248403.0,195915,python,[JIT],0x0000e5957c96600c
248403.0,195775,python,[JIT],0x0000e031bd545798
248403.0,195946,python,[JIT],0x0000fc22a97a77e8
248403.0,195915,python,[JIT],0x0000e5957c96417c
248403.0,195719,python,[JIT],0x0000e48a96afc654
248403.0,195719,python,[JIT],0x0000e48a970ed08c
248403.0,195843,python,[JIT],0x0000f826445dc3d0
248403.0,195843,python,[JIT],0x0000f826442ef688
248403.0,195843,python,[JIT],0x0000f826442feb80
248403.0,195843,python,[JIT],0x0000f82644309cc8
248403.0,195843,python,[JIT],0x0000f826443721c4
248403.0,195843,python,[JIT],0x0000f826445d8354
248403.0,195843,python,[JIT],0x0000f826446835f8
248402.0,195984,python,[JIT],0x0000fa70fbef80b0
248402.0,195984,python,[JIT],0x0000fa70fc76356c
248402.0,195984,python,[JIT],0x0000fa70fc81d02c
248402.0,195984,python,[JIT],0x0000fa70fc81dba0
248402.0,195915,python,[JIT],0x0000e5957bf927dc
248402.0,195915,python,[JIT],0x0000e5957bff5830
248402.0,195915,python,[JIT],0x0000e5957bff6f7c
248402.0,195915,python,[JIT],0x0000e5957c935728
248402.0,195915,python,[JIT],0x0000e5957c9661fc
248402.0,195775,python,[JIT],0x0000e031bd852134
248402.0,195775,python,[JIT],0x0000e031bd8563ec
248402.0,195775,python,[JIT],0x0000e031bd8564b0
248402.0,195946,python,[JIT],0x0000fc22a97d41e8
248402.0,195915,python,[JIT],0x0000e5957c88c000
248402.0,195719,python,[JIT],0x0000e48a96acb7c4
248402.0,195719,python,[JIT],0x0000e48a96acd1f0
248402.0,195719,python,[JIT],0x0000e48a96afc62c
248402.0,195719,python,[JIT],0x0000e48a970edc68
248402.0,195719,python,[JIT],0x0000e48a97388728
248402.0,195719,python,[JIT],0x0000e48a9738b78c
248402.0,195719,python,[JIT],0x0000e48a9745d348
248402.0,195719,python,[JIT],0x0000e48a9745e028
248402.0,195843,python,[JIT],0x0000f826442ef4dc
248402.0,195843,python,[JIT],0x0000f826442fc004
248402.0,195843,python,[JIT],0x0000f8264433b244
248402.0,195843,python,[JIT],0x0000f82644372af4
248402.0,195843,python,[JIT],0x0000f826445d20d8
248402.0,195843,python,[JIT],0x0000f826445dc22c
248402.0,195843,python,[JIT],0x0000f82644681124
248402.0,195843,python,[JIT],0x0000f826446813e0
248402.0,195843,python,[JIT],0x0000f82644682570
248402.0,195843,python,[JIT],0x0000f8264468447c
248402.0,195843,python,[JIT],0x0000f826446b02cc
248401.0,195984,python,[JIT],0x0000fa70fc763890
248401.0,195984,python,[JIT],0x0000fa70fc76d1b4
248401.0,195984,python,[JIT],0x0000fa70fc81dff8
248401.0,195984,python,[JIT],0x0000fa70fc84a368
248401.0,195915,python,[JIT],0x0000e5957bf9d624
248401.0,195915,python,[JIT],0x0000e5957bff5398
248401.0,195915,python,[JIT],0x0000e5957c4eb8e8
248401.0,195915,python,[JIT],0x0000e5957c888ea4
248401.0,195915,python,[JIT],0x0000e5957c931db4
248401.0,195915,python,[JIT],0x0000e5957c9356f4
248401.0,195915,python,[JIT],0x0000e5957c939190
248401.0,195915,python,[JIT],0x0000e5957c93a288
248401.0,195775,python,[JIT],0x0000e031bd5023cc
248401.0,195775,python,[JIT],0x0000e031bd7a2008
248401.0,195775,python,[JIT],0x0000e031bd8536b8
248401.0,195775,python,[JIT],0x0000e031bd8564e8
248401.0,195946,python,[JIT],0x0000fc22a97a1064
248401.0,195719,python,[JIT],0x0000e48a96a918fc
248401.0,195719,python,[JIT],0x0000e48a96acd0f8
248401.0,195719,python,[JIT],0x0000e48a96afb27c
248401.0,195719,python,[JIT],0x0000e48a9738b46c
248401.0,195719,python,[JIT],0x0000e48a97431194
248401.0,195719,python,[JIT],0x0000e48a97431c64
248401.0,195719,python,[JIT],0x0000e48a9745c3ac
248401.0,195843,python,python,_PySuper_Lookup
248401.0,195809,python,[JIT],0x0000e96f067f92c8
248401.0,195843,python,[JIT],0x0000f82644309ed0
248401.0,195843,python,[JIT],0x0000f8264430ac14
248401.0,195843,python,[JIT],0x0000f82644683528
248401.0,195843,python,[JIT],0x0000f82644684138
248400.0,195984,python,[JIT],0x0000fa70fc4f60c8
248400.0,195984,python,[JIT],0x0000fa70fc81dc78
248400.0,195915,python,[JIT],0x0000e5957c4eb880
248400.0,195915,python,[JIT],0x0000e5957c8898f4
248400.0,195915,python,[JIT],0x0000e5957c931f6c
248400.0,195915,python,[JIT],0x0000e5957c937328
248400.0,195915,python,[JIT],0x0000e5957c939d04
248400.0,195915,python,[JIT],0x0000e5957c9642d8
248400.0,195915,python,[JIT],0x0000e5957c965528
248400.0,195775,python,[JIT],0x0000e031bd5024c8
248400.0,195775,python,[JIT],0x0000e031bd545c48
248400.0,195775,python,[JIT],0x0000e031bd852210
248400.0,195775,python,[JIT],0x0000e031bd856f00
248400.0,195775,python,[JIT],0x0000e031bd85b6dc
248400.0,195946,python,python,PyObject_GenericGetAttr
248400.0,195946,python,[JIT],0x0000fc22a94f4c70
248400.0,195775,python,python,specialize_py_call
248400.0,195719,python,[JIT],0x0000e48a970edb9c
248400.0,195719,python,[JIT],0x0000e48a970edd8c
248400.0,195719,python,[JIT],0x0000e48a97388ec8
248400.0,195719,python,[JIT],0x0000e48a9738b5a4
248400.0,195719,python,[JIT],0x0000e48a9743128c
248400.0,195719,python,[JIT],0x0000e48a97432bf4
248400.0,195843,python,[JIT],0x0000f826442eb14c
248400.0,195843,python,[JIT],0x0000f826442f41fc
248400.0,195843,python,[JIT],0x0000f82644309bf8
248400.0,195843,python,[JIT],0x0000f82644338400
248400.0,195843,python,[JIT],0x0000f826445dba74
248400.0,195843,python,[JIT],0x0000f826445dd2d8
248400.0,195843,python,[JIT],0x0000f8264468256c
248400.0,195843,python,[JIT],0x0000f82644683344
248400.0,195843,python,[JIT],0x0000f826446835ec
248399.0,195984,python,[JIT],0x0000fa70fc81d0c4
248399.0,195915,python,[JIT],0x0000e5957bfc9790
248399.0,195915,python,[JIT],0x0000e5957bff5280
248399.0,195915,python,[JIT],0x0000e5957bff5d0c
248399.0,195915,python,[JIT],0x0000e5957c9316f8
248399.0,195915,python,[JIT],0x0000e5957c9345fc
248399.0,195915,python,[JIT],0x0000e5957c934fcc
248399.0,195915,python,[JIT],0x0000e5957c9363e8
248399.0,195775,python,[JIT],0x0000e031bd76e484
248399.0,195775,python,[JIT],0x0000e031bd85514c
248399.0,195775,python,[JIT],0x0000e031bd85c298
248399.0,195775,python,[JIT],0x0000e031bd887558
248399.0,195915,python,[JIT],0x0000e5957c93a010
248399.0,195719,python,[JIT],0x0000e48a96af3974
248399.0,195719,python,[JIT],0x0000e48a970ededc
248399.0,195719,python,[JIT],0x0000e48a9712b370
248399.0,195719,python,[JIT],0x0000e48a9712b4ec
248399.0,195719,python,[JIT],0x0000e48a97384030
248399.0,195843,python,[JIT],0x0000f826442f9474
248399.0,195843,python,[JIT],0x0000f82644309f38
248399.0,195843,python,[JIT],0x0000f8264430a00c
248399.0,195843,python,[JIT],0x0000f8264433b7a8
248399.0,195843,python,[JIT],0x0000f82644372e64
248399.0,195843,python,[JIT],0x0000f826445d2fb0
248399.0,195843,python,[JIT],0x0000f82644681150
248399.0,195843,python,[JIT],0x0000f8264468390c
248399.0,195843,python,[JIT],0x0000f826446848f8
248399.0,195843,python,[JIT],0x0000f826446af8a8
248399.0,195809,python,[JIT],0x0000e96f068ab064
248398.0,195984,python,[JIT],0x0000fa70fbefb550
248398.0,195984,python,[JIT],0x0000fa70fc4f7310
248398.0,195984,python,[JIT],0x0000fa70fc76c4a4
248398.0,195984,python,[JIT],0x0000fa70fc8193ec
248398.0,195915,python,[JIT],0x0000e5957bf92adc
248398.0,195915,python,[JIT],0x0000e5957bf99cec
248398.0,195915,python,[JIT],0x0000e5957bfc376c
248398.0,195915,python,[JIT],0x0000e5957bfc37e4
248398.0,195915,python,[JIT],0x0000e5957c889174
248398.0,195915,python,[JIT],0x0000e5957c939618
248398.0,195775,python,[JIT],0x0000e031bd4eb2cc
248398.0,195775,python,[JIT],0x0000e031bd545568
248398.0,195775,python,[JIT],0x0000e031bd545d18
248398.0,195775,python,[JIT],0x0000e031bd7a20e8
248398.0,195775,python,[JIT],0x0000e031bd7a9c34
248398.0,195775,python,[JIT],0x0000e031bd7aa3a8
248398.0,195946,python,python,insert_split_key
248398.0,195719,python,[JIT],0x0000e48a96acba40
248398.0,195719,python,[JIT],0x0000e48a96acce28
248398.0,195719,python,[JIT],0x0000e48a96af36a0
248398.0,195719,python,[JIT],0x0000e48a970ebdc8
248398.0,195719,python,[JIT],0x0000e48a9712a184
248398.0,195719,python,[JIT],0x0000e48a9712b55c
248398.0,195719,python,[JIT],0x0000e48a97381628
248398.0,195719,python,[JIT],0x0000e48a974311bc
248398.0,195719,python,[JIT],0x0000e48a9743123c
248398.0,195719,python,[JIT],0x0000e48a97432490
248398.0,195843,python,[JIT],0x0000f826442f3264
248398.0,195843,python,[JIT],0x0000f82644372e80
248398.0,195843,python,[JIT],0x0000f826445d96b8
248397.0,195984,python,[JIT],0x0000fa70fc763bfc
248397.0,195915,python,[JIT],0x0000e5957c523ec4
248397.0,195915,python,[JIT],0x0000e5957c8897a8
248397.0,195915,python,[JIT],0x0000e5957c939498
248397.0,195915,python,[JIT],0x0000e5957c9663a0
248397.0,195775,python,[JIT],0x0000e031bd5456e0
248397.0,195775,python,[JIT],0x0000e031bd85a070
248397.0,195775,python,[JIT],0x0000e031bd886250
248397.0,195946,python,[JIT],0x0000fc22a97a8788
248397.0,195915,python,[JIT],0x0000e5957c9392e0
248397.0,195719,python,[JIT],0x0000e48a96acd3f0
248397.0,195719,python,[JIT],0x0000e48a96afccc0
248397.0,195719,python,[JIT],0x0000e48a974312bc
248397.0,195719,python,[JIT],0x0000e48a97432c24
248397.0,195843,python,[JIT],0x0000f82643cfb524
248397.0,195843,python,[JIT],0x0000f826442f72c0
248397.0,195843,python,[JIT],0x0000f826442f82dc
248397.0,195843,python,[JIT],0x0000f826443043c8
248397.0,195843,python,[JIT],0x0000f82644338188
248397.0,195843,python,[JIT],0x0000f826443729fc
248397.0,195843,python,[JIT],0x0000f826445d2a28
248397.0,195843,python,[JIT],0x0000f826445dd6c4
248397.0,195843,python,[JIT],0x0000f82644683768
248397.0,195809,python,[JIT],0x0000e96f068abc18
248396.0,195984,python,[JIT],0x0000fa70fc76d9f4
248396.0,195984,python,[JIT],0x0000fa70fc81d44c
248396.0,195984,python,[JIT],0x0000fa70fc81dcf0
248396.0,195984,python,[JIT],0x0000fa70fc81dfdc
248396.0,195915,python,[JIT],0x0000e5957c4eb3f4
248396.0,195915,python,[JIT],0x0000e5957c5252fc
248396.0,195915,python,[JIT],0x0000e5957c84e27c
248396.0,195775,python,[JIT],0x0000e031bd4f75f4
248396.0,195775,python,[JIT],0x0000e031bd501cdc
248396.0,195775,python,[JIT],0x0000e031bd502d10
248396.0,195775,python,[JIT],0x0000e031bd545824
248396.0,195775,python,[JIT],0x0000e031bd7aa0f0
248396.0,195775,python,[JIT],0x0000e031bd7aa638
248396.0,195775,python,[JIT],0x0000e031bd85a448
248396.0,195775,python,[JIT],0x0000e031bd85b198
248396.0,195775,python,[JIT],0x0000e031bd8854f4
248396.0,195775,python,[JIT],0x0000e031bd8857e8
248396.0,195719,python,[JIT],0x0000e48a96acc140
248396.0,195719,python,[JIT],0x0000e48a970edb14
248396.0,195719,python,[JIT],0x0000e48a9712accc
248396.0,195719,python,[JIT],0x0000e48a973886b8
248396.0,195719,python,[JIT],0x0000e48a97431498
248396.0,195719,python,[JIT],0x0000e48a97431660
248396.0,195809,python,[JIT],0x0000e96f05f5a02c
248396.0,195809,python,[JIT],0x0000e96f068a69d8
248396.0,195843,python,[JIT],0x0000f826442f9378
248396.0,195843,python,[JIT],0x0000f8264433c0bc
248396.0,195843,python,[JIT],0x0000f826445d1d78
248396.0,195843,python,[JIT],0x0000f82644683494
248395.0,195984,python,[JIT],0x0000fa70fc4f55c8
248395.0,195984,python,[JIT],0x0000fa70fc7632a8
248395.0,195984,python,[JIT],0x0000fa70fc81e960
248395.0,195984,python,[JIT],0x0000fa70fc815140
248395.0,195915,python,[JIT],0x0000e5957bf9e188
248395.0,195915,python,[JIT],0x0000e5957c4eb6d0
248395.0,195915,python,[JIT],0x0000e5957c8898e4
248395.0,195915,python,[JIT],0x0000e5957c889b70
248395.0,195915,python,[JIT],0x0000e5957c934ef0
248395.0,195915,python,[JIT],0x0000e5957c93656c
248395.0,195915,python,[JIT],0x0000e5957c966590
248395.0,195775,python,[JIT],0x0000e031bd7a9148
248395.0,195775,python,[JIT],0x0000e031bd7aa91c
248395.0,195775,python,[JIT],0x0000e031bd85aba0
248395.0,195775,python,[JIT],0x0000e031bd85b33c
248395.0,195775,python,[JIT],0x0000e031bd851840
248395.0,195775,python,[JIT],0x0000e031bd852008
248395.0,195719,python,[JIT],0x0000e48a96acb7b0
248395.0,195719,python,[JIT],0x0000e48a96acb86c
248395.0,195719,python,[JIT],0x0000e48a96acbd70
248395.0,195719,python,[JIT],0x0000e48a96af3358
248395.0,195719,python,[JIT],0x0000e48a96afb3e4
248395.0,195719,python,[JIT],0x0000e48a9738bd28
248395.0,195719,python,[JIT],0x0000e48a9738e330
248395.0,195719,python,[JIT],0x0000e48a97431d18
248395.0,195719,python,[JIT],0x0000e48a97431d60
248395.0,195719,python,[JIT],0x0000e48a97431ff0
248395.0,195719,python,[JIT],0x0000e48a97432bdc
248395.0,195843,python,[JIT],0x0000f826445d513c
248395.0,195809,python,[JIT],0x0000e96f064f4858
248395.0,195809,python,[JIT],0x0000e96f068a373c
248395.0,195843,python,[JIT],0x0000f826442f3450
248395.0,195843,python,[JIT],0x0000f8264430adf4
248395.0,195843,python,[JIT],0x0000f8264433b494
248395.0,195843,python,[JIT],0x0000f826446af03c
248395.0,195843,python,[JIT],0x0000f826446af7d0
248394.0,195984,python,[JIT],0x0000fa70fbef7028
248394.0,195984,python,[JIT],0x0000fa70fc8196c0
248394.0,195984,python,[JIT],0x0000fa70fc81d364
248394.0,195915,python,[JIT],0x0000e5957bfc8eec
248394.0,195915,python,[JIT],0x0000e5957c525da0
248394.0,195915,python,[JIT],0x0000e5957c88102c
248394.0,195915,python,[JIT],0x0000e5957c8896e4
248394.0,195915,python,[JIT],0x0000e5957c939758
248394.0,195915,python,[JIT],0x0000e5957c939a80
248394.0,195775,python,[JIT],0x0000e031bd5027d0
248394.0,195775,python,[JIT],0x0000e031bd502c74
248394.0,195775,python,[JIT],0x0000e031bd542418
248394.0,195775,python,[JIT],0x0000e031bd8519b4
248394.0,195775,python,[JIT],0x0000e031bd855c10
248394.0,195946,python,[JIT],0x0000fc22a97d313c
248394.0,195719,python,python,emit__SAVE_RETURN_OFFSET_r11
248394.0,195719,python,[JIT],0x0000e48a96a66508
248394.0,195719,python,[JIT],0x0000e48a96a98d4c
248394.0,195719,python,[JIT],0x0000e48a96acb48c
248394.0,195719,python,[JIT],0x0000e48a96afc8d0
248394.0,195719,python,[JIT],0x0000e48a9738c4bc
248394.0,195719,python,[JIT],0x0000e48a9738c4e8
248394.0,195809,python,[JIT],0x0000e96f05f5162c
248394.0,195843,python,[JIT],0x0000f826442f8438
248394.0,195843,python,[JIT],0x0000f826442f8804
248394.0,195843,python,[JIT],0x0000f826443093b0
248394.0,195843,python,[JIT],0x0000f82644338b28
248394.0,195843,python,[JIT],0x0000f826445dcdc8
248394.0,195843,python,[JIT],0x0000f826445dcf98
248394.0,195843,python,[JIT],0x0000f826446839b4
248394.0,195809,python,[JIT],0x0000e96f068acf88
248393.0,195984,python,python,PyNumber_InPlaceFloorDivide
248393.0,195984,python,[JIT],0x0000fa70fc504fc4
248393.0,195984,python,[JIT],0x0000fa70fc7636d8
248393.0,195984,python,[JIT],0x0000fa70fc763cc4
248393.0,195915,python,[JIT],0x0000e5957bff6f80
248393.0,195915,python,[JIT],0x0000e5957c4ec6a8
248393.0,195915,python,[JIT],0x0000e5957c525164
248393.0,195915,python,[JIT],0x0000e5957c9342f0
248393.0,195915,python,[JIT],0x0000e5957c935608
248393.0,195915,python,[JIT],0x0000e5957c9362e8
248393.0,195915,python,[JIT],0x0000e5957c93a340
248393.0,195775,python,[JIT],0x0000e031bd4eb214
248393.0,195775,python,[JIT],0x0000e031bd7a319c
248393.0,195775,python,[JIT],0x0000e031bd85b11c
248393.0,195775,python,[JIT],0x0000e031bd8874c4
248393.0,195915,python,[kernel.kallsyms],alloc_pages_mpol
248393.0,195915,python,[JIT],0x0000e5957c9343d8
248393.0,195719,python,[JIT],0x0000e48a96a9b00c
248393.0,195719,python,[JIT],0x0000e48a96acccd4
248393.0,195719,python,[JIT],0x0000e48a970ed3b0
248393.0,195719,python,[JIT],0x0000e48a9738b000
248393.0,195719,python,[JIT],0x0000e48a9738b60c
248393.0,195719,python,[JIT],0x0000e48a974317e8
248393.0,195719,python,[JIT],0x0000e48a974319f4
248393.0,195719,python,[JIT],0x0000e48a9743205c
248393.0,195719,python,[JIT],0x0000e48a9745d230
248393.0,195719,python,[JIT],0x0000e48a9745e36c
248393.0,195843,python,[JIT],0x0000f8264433bd10
248393.0,195843,python,[JIT],0x0000f826446ae460
248393.0,195809,python,[JIT],0x0000e96f05f9861c
248393.0,195843,python,[JIT],0x0000f826442f2238
248393.0,195843,python,[JIT],0x0000f8264430f19c
248393.0,195843,python,[JIT],0x0000f82644373cf0
248393.0,195843,python,[JIT],0x0000f826445db2f0
248393.0,195843,python,[JIT],0x0000f82644683758
248393.0,195843,python,[JIT],0x0000f82644683978
248393.0,195843,python,[JIT],0x0000f82644684638
248393.0,195843,python,[JIT],0x0000f826446ae0ec
248392.0,195984,python,[JIT],0x0000fa70fbefc1ac
248392.0,195984,python,[JIT],0x0000fa70fc81d550
248392.0,195915,python,[JIT],0x0000e5957bff12b0
248392.0,195915,python,[JIT],0x0000e5957bff7094
248392.0,195915,python,[JIT],0x0000e5957c4eb8cc
248392.0,195915,python,[JIT],0x0000e5957c5218f8
248392.0,195915,python,[JIT],0x0000e5957c934d5c
248392.0,195915,python,[JIT],0x0000e5957c939238
248392.0,195775,python,[kernel.kallsyms],arch_local_irq_restore
248392.0,195775,python,[JIT],0x0000e031bd852138
248392.0,195775,python,[JIT],0x0000e031bd8550f0
248392.0,195775,python,[JIT],0x0000e031bd886260
248392.0,195946,python,[JIT],0x0000fc22a97a20b8
248392.0,195915,python,python,_Py_dict_lookup
248392.0,195775,python,[kernel.kallsyms],mas_leaf_max_gap
248392.0,195719,python,[JIT],0x0000e48a96a98970
248392.0,195719,python,[JIT],0x0000e48a96afb3f0
248392.0,195719,python,[JIT],0x0000e48a96afcc74
248392.0,195719,python,[JIT],0x0000e48a9712b8e0
248392.0,195719,python,[JIT],0x0000e48a97381004
248392.0,195719,python,[JIT],0x0000e48a9738bfcc
248392.0,195719,python,[JIT],0x0000e48a9738c310
248392.0,195719,python,[JIT],0x0000e48a974326ec
248392.0,195719,python,[JIT],0x0000e48a97432dbc
248392.0,195843,python,[JIT],0x0000f826446833c4
248392.0,195843,python,[JIT],0x0000f826442f0654
248392.0,195843,python,[JIT],0x0000f8264437288c
248392.0,195843,python,[JIT],0x0000f826445d134c
248391.0,195984,python,[JIT],0x0000fa70fc4f6070
248391.0,195984,python,[JIT],0x0000fa70fc504210
248391.0,195984,python,[JIT],0x0000fa70fc76d200
248391.0,195984,python,[JIT],0x0000fa70fc508d4c
248391.0,195984,python,[JIT],0x0000fa70fc76382c
248391.0,195915,python,[JIT],0x0000e5957bf993ec
248391.0,195915,python,[JIT],0x0000e5957bf9e5dc
248391.0,195915,python,[JIT],0x0000e5957bff744c
248391.0,195915,python,[JIT],0x0000e5957c934670
248391.0,195775,python,[JIT],0x0000e031bd7a94f0
248391.0,195775,python,[JIT],0x0000e031bd851474
248391.0,195775,python,[JIT],0x0000e031bd8552b0
248391.0,195775,python,[JIT],0x0000e031bd85bf80
248391.0,195775,python,[JIT],0x0000e031bd887414
248391.0,195946,python,[JIT],0x0000fc22a97a7668
248391.0,195775,python,[JIT],0x0000e031bd7adda8
248391.0,195775,python,[JIT],0x0000e031bd887164
248391.0,195719,python,[JIT],0x0000e48a96a9935c
248391.0,195719,python,[JIT],0x0000e48a96accf6c
248391.0,195719,python,[JIT],0x0000e48a96afc4ec
248391.0,195719,python,[JIT],0x0000e48a9738bd0c
248391.0,195719,python,[JIT],0x0000e48a9738ca1c
248391.0,195843,python,[JIT],0x0000f8264430b018
248391.0,195843,python,[JIT],0x0000f826443724a0
248391.0,195843,python,[JIT],0x0000f826445d1a0c
248391.0,195843,python,[JIT],0x0000f826445d22a8
248391.0,195843,python,[JIT],0x0000f82644683e64
248391.0,195843,python,[JIT],0x0000f826446847f8
248391.0,195843,python,[JIT],0x0000f826446ae7b8
248390.0,195984,python,[JIT],0x0000fa70fc763dbc
248390.0,195984,python,[JIT],0x0000fa70fc819000
248390.0,195915,python,[JIT],0x0000e5957bf9deb8
248390.0,195915,python,[JIT],0x0000e5957c4ec6fc
248390.0,195915,python,[JIT],0x0000e5957c93a754
248390.0,195775,python,[JIT],0x0000e031bd4f10a8
248390.0,195775,python,[JIT],0x0000e031bd50ccb4
248390.0,195775,python,[JIT],0x0000e031bd7a205c
248390.0,195775,python,[JIT],0x0000e031bd7a80c8
248390.0,195946,python,[JIT],0x0000fc22a94f5140
248390.0,195946,python,[JIT],0x0000fc22a97a7364
248390.0,195946,python,[JIT],0x0000fc22a97d3578
248390.0,195915,python,python,emit__DYNAMIC_EXIT_r10
248390.0,195719,python,[JIT],0x0000e48a970eb81c
248390.0,195719,python,[JIT],0x0000e48a9712a20c
248390.0,195719,python,[JIT],0x0000e48a9738ce38
248390.0,195719,python,[JIT],0x0000e48a97431864
248390.0,195843,python,[JIT],0x0000f8264433c10c
248390.0,195843,python,[JIT],0x0000f8264433c230
248390.0,195843,python,[JIT],0x0000f826445dc62c
248390.0,195843,python,[JIT],0x0000f826445dcbf0
248390.0,195843,python,[JIT],0x0000f826445dd05c
248390.0,195843,python,[JIT],0x0000f82644681410
248390.0,195843,python,[JIT],0x0000f826446824fc
248389.0,195984,python,[JIT],0x0000fa70fc503084
248389.0,195984,python,[JIT],0x0000fa70fc72e850
248389.0,195984,python,[JIT],0x0000fa70fc7633d8
248389.0,195984,python,[JIT],0x0000fa70fc763790
248389.0,195984,python,[JIT],0x0000fa70fc81d77c
248389.0,195984,python,[JIT],0x0000fa70fc84a060
248389.0,195915,python,[JIT],0x0000e5957c521b18
248389.0,195915,python,[JIT],0x0000e5957c525e7c
248389.0,195915,python,[JIT],0x0000e5957c939cd4
248389.0,195915,python,[JIT],0x0000e5957c93b0a4
248389.0,195915,python,[JIT],0x0000e5957c9650b0
248389.0,195775,python,[JIT],0x0000e031bd7a81d8
248389.0,195775,python,[JIT],0x0000e031bd7a998c
248389.0,195775,python,[JIT],0x0000e031bd85130c
248389.0,195775,python,[JIT],0x0000e031bd8515bc
248389.0,195775,python,[JIT],0x0000e031bd88712c
248389.0,195775,python,[JIT],0x0000e031bd85348c
248389.0,195719,python,[JIT],0x0000e48a96af1008
248389.0,195719,python,[JIT],0x0000e48a973851dc
248389.0,195719,python,[JIT],0x0000e48a97431244
248389.0,195843,python,[JIT],0x0000f82643cfc2d4
248389.0,195843,python,[JIT],0x0000f826442f8a50
248389.0,195843,python,[JIT],0x0000f826442fe524
248389.0,195843,python,[JIT],0x0000f8264430a1a8
248389.0,195843,python,[JIT],0x0000f8264433b1e0
248389.0,195843,python,[JIT],0x0000f82644372868
248389.0,195843,python,[JIT],0x0000f826445d80b0
248389.0,195843,python,[JIT],0x0000f82644685168
248388.0,195984,python,[JIT],0x0000fa70fbefd2dc
248388.0,195984,python,[JIT],0x0000fa70fc81814c
248388.0,195984,python,[JIT],0x0000fa70fc84a040
248388.0,195915,python,python,_PyOptimizer_Optimize
248388.0,195915,python,[JIT],0x0000e5957bf99898
248388.0,195915,python,[JIT],0x0000e5957bfc8a1c
248388.0,195915,python,[JIT],0x0000e5957c525320
248388.0,195915,python,[JIT],0x0000e5957c888f5c
248388.0,195915,python,[JIT],0x0000e5957c935430
248388.0,195775,python,[JIT],0x0000e031bd501e08
248388.0,195775,python,[JIT],0x0000e031bd502afc
248388.0,195775,python,[JIT],0x0000e031bd50c4d4
248388.0,195775,python,[JIT],0x0000e031bd7aa064
248388.0,195775,python,[JIT],0x0000e031bd7aa07c
248388.0,195775,python,[JIT],0x0000e031bd855bf8
248388.0,195775,python,[JIT],0x0000e031bd85b6e0
248388.0,195915,python,[JIT],0x0000e5957c8851a4
248388.0,195915,python,[JIT],0x0000e5957c939070
248388.0,195719,python,[JIT],0x0000e48a96af2348
248388.0,195719,python,[JIT],0x0000e48a9712b43c
248388.0,195719,python,[JIT],0x0000e48a97388098
248388.0,195719,python,[JIT],0x0000e48a9745d858
248388.0,195843,python,[JIT],0x0000f8264430ab10
248388.0,195843,python,[JIT],0x0000f826443343ac
248388.0,195843,python,[JIT],0x0000f8264433b8a0
248388.0,195843,python,[JIT],0x0000f8264433c878
248388.0,195843,python,[JIT],0x0000f82644372588
248388.0,195843,python,[JIT],0x0000f826443727e0
248388.0,195843,python,[JIT],0x0000f82644372d8c
248388.0,195843,python,[JIT],0x0000f826445d130c
248388.0,195843,python,[JIT],0x0000f826445db880
248388.0,195843,python,[JIT],0x0000f82644681044
248388.0,195843,python,[JIT],0x0000f82644683698
248387.0,195984,python,[JIT],0x0000fa70fc7691e0
248387.0,195984,python,[JIT],0x0000fa70fc818624
248387.0,195984,python,[JIT],0x0000fa70fc819b70
248387.0,195984,python,[JIT],0x0000fa70fc81d5d4
248387.0,195915,python,[JIT],0x0000e5957bfc411c
248387.0,195915,python,[JIT],0x0000e5957bfc85fc
248387.0,195915,python,[JIT],0x0000e5957bff55a0
248387.0,195915,python,[JIT],0x0000e5957bff5724
248387.0,195915,python,[JIT],0x0000e5957c4eb170
248387.0,195915,python,[JIT],0x0000e5957c4ec254
248387.0,195915,python,[JIT],0x0000e5957c88c060
248387.0,195915,python,[JIT],0x0000e5957c88c2c0
248387.0,195775,python,[JIT],0x0000e031bd50c0ac
248387.0,195775,python,[JIT],0x0000e031bd851224
248387.0,195775,python,[JIT],0x0000e031bd855f40
248387.0,195775,python,[JIT],0x0000e031bd85bb30
248387.0,195946,python,[JIT],0x0000fc22a97a22b0
248387.0,195946,python,[JIT],0x0000fc22a97a3568
248387.0,195719,python,[JIT],0x0000e48a97389238
248387.0,195719,python,[JIT],0x0000e48a9738b8fc
248387.0,195719,python,[JIT],0x0000e48a97431f7c
248387.0,195719,python,[JIT],0x0000e48a9745d250
248387.0,195719,python,[JIT],0x0000e48a9745e1a8
248387.0,195809,python,python,_Py_uop_frame_new
248387.0,195809,python,[JIT],0x0000e96f064ec9a0
248387.0,195843,python,[JIT],0x0000f826442ff574
248387.0,195843,python,[JIT],0x0000f8264433b0a0
248387.0,195843,python,[JIT],0x0000f8264433b2d4
248387.0,195843,python,[JIT],0x0000f826445d8560
248387.0,195843,python,[JIT],0x0000f82644682320
248387.0,195843,python,[JIT],0x0000f82644683360
248387.0,195843,python,[JIT],0x0000f82644683518
248387.0,195843,python,[JIT],0x0000f826446836c0
248387.0,195843,python,[JIT],0x0000f82644683c88
248387.0,195843,python,[JIT],0x0000f826446af0bc
248386.0,195984,python,[JIT],0x0000fa70fbef5168
248386.0,195984,python,[JIT],0x0000fa70fc503ae0
248386.0,195984,python,[JIT],0x0000fa70fc506f74
248386.0,195915,python,[JIT],0x0000e5957bfc73a8
248386.0,195915,python,[JIT],0x0000e5957c4ec3dc
248386.0,195915,python,[JIT],0x0000e5957c93b1c0
248386.0,195775,python,[JIT],0x0000e031bcefd6fc
248386.0,195775,python,[JIT],0x0000e031bd4f5ec8
248386.0,195775,python,[JIT],0x0000e031bd50c56c
248386.0,195775,python,[JIT],0x0000e031bd7a93a8
248386.0,195775,python,[JIT],0x0000e031bd7aa358
248386.0,195775,python,[JIT],0x0000e031bd85aefc
248386.0,195775,python,[JIT],0x0000e031bd85afcc
248386.0,195775,python,[JIT],0x0000e031bd8854f8
248386.0,195719,python,[JIT],0x0000e48a97388f6c
248386.0,195719,python,[JIT],0x0000e48a97431f14
248386.0,195809,python,[JIT],0x0000e96f068a6934
248386.0,195809,python,[JIT],0x0000e96f068ab96c
248386.0,195843,python,[JIT],0x0000f826442f91f8
248386.0,195843,python,[JIT],0x0000f826442ff924
248386.0,195843,python,[JIT],0x0000f82644338534
248386.0,195843,python,[JIT],0x0000f8264433bff4
248386.0,195843,python,[JIT],0x0000f826443724a4
248386.0,195843,python,[JIT],0x0000f82644372c7c
248386.0,195843,python,[JIT],0x0000f826445d8248
248385.0,195984,python,[JIT],0x0000fa70fc7631ec
248385.0,195984,python,[JIT],0x0000fa70fc76d194
248385.0,195915,python,[JIT],0x0000e5957c4eb45c
248385.0,195915,python,[JIT],0x0000e5957c4ec3d8
248385.0,195915,python,[JIT],0x0000e5957c525898
248385.0,195915,python,[JIT],0x0000e5957c939b98
248385.0,195915,python,[JIT],0x0000e5957c966358
248385.0,195775,python,[JIT],0x0000e031bd504b14
248385.0,195775,python,[JIT],0x0000e031bd50ce50
248385.0,195775,python,[JIT],0x0000e031bd5451f8
248385.0,195775,python,[JIT],0x0000e031bd54547c
248385.0,195775,python,[JIT],0x0000e031bd7a2048
248385.0,195775,python,[JIT],0x0000e031bd856f48
248385.0,195775,python,[JIT],0x0000e031bd85b6cc
248385.0,195946,python,[JIT],0x0000fc22a97a3268
248385.0,195719,python,[kernel.kallsyms],up_read
248385.0,195719,python,[JIT],0x0000e48a96a97748
248385.0,195719,python,[JIT],0x0000e48a96afc1f4
248385.0,195719,python,[JIT],0x0000e48a9712a5e4
248385.0,195719,python,[JIT],0x0000e48a97388d70
248385.0,195719,python,[JIT],0x0000e48a973893c0
248385.0,195719,python,[JIT],0x0000e48a97389414
248385.0,195719,python,[JIT],0x0000e48a97432748
248385.0,195719,python,[JIT],0x0000e48a97432ce0
248385.0,195843,python,[JIT],0x0000f826445d1e6c
248385.0,195843,python,[JIT],0x0000f82643cce258
248385.0,195843,python,[JIT],0x0000f82644372080
248385.0,195843,python,[JIT],0x0000f82644684134
248385.0,195843,python,[JIT],0x0000f826446af2f4
248384.0,195984,python,[JIT],0x0000fa70fc76cdd4
248384.0,195984,python,[JIT],0x0000fa70fc84a30c
248384.0,195984,python,[JIT],0x0000fa70fc7631e8
248384.0,195915,python,[JIT],0x0000e5957c4ebcc8
248384.0,195915,python,[JIT],0x0000e5957c8899f8
248384.0,195915,python,[JIT],0x0000e5957c935758
248384.0,195775,python,[JIT],0x0000e031bd50222c
248384.0,195775,python,[JIT],0x0000e031bd85aa4c
248384.0,195775,python,[JIT],0x0000e031bd885614
248384.0,195946,python,[JIT],0x0000fc22a97a2cdc
248384.0,195946,python,[JIT],0x0000fc22a97a778c
248384.0,195946,python,[JIT],0x0000fc22a97a8e34
248384.0,195719,python,[JIT],0x0000e48a9712aae0
248384.0,195719,python,[JIT],0x0000e48a9712af84
248384.0,195719,python,[JIT],0x0000e48a9712ba60
248384.0,195719,python,[JIT],0x0000e48a97431370
248384.0,195843,python,[JIT],0x0000f8264433bc04
248384.0,195843,python,[JIT],0x0000f826442f0174
248384.0,195843,python,[JIT],0x0000f826442f351c
248384.0,195843,python,[JIT],0x0000f8264433c34c
248384.0,195843,python,[JIT],0x0000f826445d2000
248384.0,195843,python,[JIT],0x0000f826445dc0f8
248384.0,195843,python,[JIT],0x0000f826446858b4
248384.0,195843,python,[JIT],0x0000f826446ae454
248384.0,195843,python,[JIT],0x0000f826446af2e0
248384.0,195843,python,[JIT],0x0000f826446b0530
248384.0,195809,python,[JIT],0x0000e96f068a72a0
248383.0,195984,python,[JIT],0x0000fa70fc766d78
248383.0,195984,python,[JIT],0x0000fa70fc819904
248383.0,195984,python,[JIT],0x0000fa70fc8480a4
248383.0,195915,python,[JIT],0x0000e5957bf959ac
248383.0,195915,python,[JIT],0x0000e5957bfc42dc
248383.0,195915,python,[JIT],0x0000e5957bfc7dd0
248383.0,195915,python,[JIT],0x0000e5957bff61bc
248383.0,195915,python,[JIT],0x0000e5957bff66fc
248383.0,195915,python,[JIT],0x0000e5957c4ec328
248383.0,195915,python,[JIT],0x0000e5957c52308c
248383.0,195915,python,[JIT],0x0000e5957c84f188
248383.0,195915,python,[JIT],0x0000e5957c88816c
248383.0,195775,python,[JIT],0x0000e031bd4eb0b0
248383.0,195775,python,[JIT],0x0000e031bd545600
248383.0,195775,python,[JIT],0x0000e031bd851264
248383.0,195775,python,[JIT],0x0000e031bd855428
248383.0,195775,python,[JIT],0x0000e031bd855a4c
248383.0,195775,python,[JIT],0x0000e031bd85a374
248383.0,195719,python,python,executor_traverse
248383.0,195719,python,python,tuple_traverse
248383.0,195719,python,[JIT],0x0000e48a96a922e0
248383.0,195719,python,[JIT],0x0000e48a96acbdf0
248383.0,195719,python,[JIT],0x0000e48a96afcb50
248383.0,195719,python,[JIT],0x0000e48a970ed1d4
248383.0,195719,python,[JIT],0x0000e48a9738824c
248383.0,195719,python,[JIT],0x0000e48a9738b2e0
248383.0,195719,python,[JIT],0x0000e48a9738bbf8
248383.0,195809,python,[kernel.kallsyms],mas_parent_type
248383.0,195809,python,[JIT],0x0000e96f068ab370
248383.0,195843,python,[JIT],0x0000f826442fe274
248383.0,195843,python,[JIT],0x0000f826445dc118
248382.0,195984,python,[JIT],0x0000fa70fc504280
248382.0,195984,python,[JIT],0x0000fa70fc763dd4
248382.0,195984,python,[JIT],0x0000fa70fc81d174
248382.0,195984,python,[JIT],0x0000fa70fc769cb0
248382.0,195915,python,[JIT],0x0000e5957bf9e048
248382.0,195915,python,[JIT],0x0000e5957bfc41a4
248382.0,195915,python,[JIT],0x0000e5957c4eb560
248382.0,195915,python,[JIT],0x0000e5957c9317fc
248382.0,195915,python,[JIT],0x0000e5957c934934
248382.0,195915,python,[JIT],0x0000e5957c935e84
248382.0,195915,python,[JIT],0x0000e5957c939628
248382.0,195775,python,[JIT],0x0000e031bd50b1f4
248382.0,195775,python,[JIT],0x0000e031bd50bb74
248382.0,195775,python,[JIT],0x0000e031bd545e3c
248382.0,195775,python,[JIT],0x0000e031bd8520a8
248382.0,195946,python,[kernel.kallsyms],__perf_addr_filters_adjust
248382.0,195946,python,[JIT],0x0000fc22a94f40e4
248382.0,195719,python,[JIT],0x0000e48a96a91384
248382.0,195719,python,[JIT],0x0000e48a96afc570
248382.0,195719,python,[JIT],0x0000e48a97381144
248382.0,195719,python,[JIT],0x0000e48a9738bb40
248382.0,195719,python,[JIT],0x0000e48a9738cbc0
248382.0,195719,python,[JIT],0x0000e48a97432550
248382.0,195843,python,[JIT],0x0000f826442ef22c
248382.0,195843,python,[JIT],0x0000f82644309700
248382.0,195843,python,[JIT],0x0000f8264433b084
248382.0,195843,python,[JIT],0x0000f826445d1874
248382.0,195843,python,[JIT],0x0000f826445d24fc
248382.0,195843,python,[JIT],0x0000f826445dd440
248381.0,195984,python,[JIT],0x0000fa70fc4fb158
248381.0,195984,python,[JIT],0x0000fa70fc76cb80
248381.0,195984,python,[JIT],0x0000fa70fc81d130
248381.0,195984,python,[JIT],0x0000fa70fc81d35c
248381.0,195915,python,[JIT],0x0000e5957bf9d148
248381.0,195915,python,[JIT],0x0000e5957bfc7eb0
248381.0,195915,python,[JIT],0x0000e5957c4ebbd0
248381.0,195915,python,[JIT],0x0000e5957c4ecbc4
248381.0,195915,python,[JIT],0x0000e5957c939ab0
248381.0,195775,python,[JIT],0x0000e031bd502698
248381.0,195775,python,[JIT],0x0000e031bd50c808
248381.0,195775,python,[JIT],0x0000e031bd5452ec
248381.0,195775,python,[JIT],0x0000e031bd7a1074
248381.0,195775,python,[JIT],0x0000e031bd856060
248381.0,195775,python,[JIT],0x0000e031bd88710c
248381.0,195775,python,[JIT],0x0000e031bd88754c
248381.0,195719,python,[JIT],0x0000e48a96a98718
248381.0,195719,python,[JIT],0x0000e48a96ac24c4
248381.0,195719,python,[JIT],0x0000e48a96afcac0
248381.0,195719,python,[JIT],0x0000e48a96afcc84
248381.0,195719,python,[JIT],0x0000e48a9712b184
248381.0,195719,python,[JIT],0x0000e48a9738b068
248381.0,195719,python,[JIT],0x0000e48a9738cf28
248381.0,195719,python,[JIT],0x0000e48a97431078
248381.0,195809,python,[JIT],0x0000e96f068d8548
248381.0,195843,python,[JIT],0x0000f8264430b290
248381.0,195843,python,[JIT],0x0000f8264430f420
248381.0,195843,python,[JIT],0x0000f826445db6d8
248381.0,195843,python,[JIT],0x0000f826445dc728
248381.0,195843,python,[JIT],0x0000f826446810cc
248381.0,195843,python,[JIT],0x0000f82644683f80
248381.0,195843,python,[JIT],0x0000f82644684028
248380.0,195984,python,[JIT],0x0000fa70fc848840
248380.0,195915,python,[JIT],0x0000e5957bff5c08
248380.0,195915,python,[JIT],0x0000e5957c4ec7cc
248380.0,195915,python,[JIT],0x0000e5957c525aac
248380.0,195915,python,[JIT],0x0000e5957c84f094
248380.0,195915,python,[JIT],0x0000e5957c9364c8
248380.0,195915,python,[JIT],0x0000e5957c964580
248380.0,195915,python,[JIT],0x0000e5957c9665ac
248380.0,195775,python,[JIT],0x0000e031bd5010a0
248380.0,195775,python,[JIT],0x0000e031bd5010fc
248380.0,195775,python,[JIT],0x0000e031bd8530e4
248380.0,195775,python,[JIT],0x0000e031bd85a4e8
248380.0,195775,python,[JIT],0x0000e031bd85a654
248380.0,195775,python,python,PyObject_SetAttr
248380.0,195719,python,[JIT],0x0000e48a96a6d04c
248380.0,195719,python,[JIT],0x0000e48a96acc900
248380.0,195719,python,[JIT],0x0000e48a96afb198
248380.0,195719,python,[JIT],0x0000e48a970ed7d4
248380.0,195719,python,[JIT],0x0000e48a970eddf8
248380.0,195719,python,[JIT],0x0000e48a9712a6a0
248380.0,195719,python,[JIT],0x0000e48a97431720
248380.0,195809,python,[JIT],0x0000e96f068ab88c
248380.0,195843,python,[JIT],0x0000f826442f8984
248380.0,195843,python,[JIT],0x0000f82644309074
248380.0,195843,python,[JIT],0x0000f8264433c75c
248380.0,195843,python,[JIT],0x0000f826445db19c
248380.0,195843,python,[JIT],0x0000f826445dccd0
248379.0,195984,python,[JIT],0x0000fa70fc4f7314
248379.0,195984,python,[JIT],0x0000fa70fc504af0
248379.0,195984,python,[JIT],0x0000fa70fc811224
248379.0,195984,python,[JIT],0x0000fa70fc81dbac
248379.0,195915,python,[JIT],0x0000e5957bff668c
248379.0,195915,python,[JIT],0x0000e5957c4eb828
248379.0,195915,python,[JIT],0x0000e5957c4eba08
248379.0,195915,python,[JIT],0x0000e5957c4ec8ec
248379.0,195915,python,[JIT],0x0000e5957c525984
248379.0,195915,python,[JIT],0x0000e5957c84f058
248379.0,195915,python,[JIT],0x0000e5957c934c7c
248379.0,195915,python,[JIT],0x0000e5957c93a180
248379.0,195915,python,[JIT],0x0000e5957c93a278
248379.0,195775,python,[JIT],0x0000e031bd4f01ac
248379.0,195775,python,[JIT],0x0000e031bd502bc0
248379.0,195775,python,[JIT],0x0000e031bd76e3b0
248379.0,195775,python,[JIT],0x0000e031bd7a849c
248379.0,195775,python,[JIT],0x0000e031bd8557d8
248379.0,195775,python,[JIT],0x0000e031bd855fa8
248379.0,195775,python,[JIT],0x0000e031bd85b078
248379.0,195915,python,[JIT],0x0000e5957c93100c
248379.0,195719,python,[JIT],0x0000e48a96a97034
248379.0,195719,python,[JIT],0x0000e48a96a975dc
248379.0,195719,python,[JIT],0x0000e48a9738412c
248379.0,195719,python,[JIT],0x0000e48a9738be30
248379.0,195719,python,[JIT],0x0000e48a97432584
248379.0,195843,python,[JIT],0x0000f826446af164
248379.0,195809,python,[JIT],0x0000e96f064f5b60
248379.0,195809,python,[JIT],0x0000e96f067f1768
248379.0,195843,python,[JIT],0x0000f826443090b8
248379.0,195843,python,[JIT],0x0000f8264430aee4
248379.0,195843,python,[JIT],0x0000f8264430b048
248379.0,195843,python,[JIT],0x0000f8264433bb74
248379.0,195843,python,[JIT],0x0000f826445dbf50
248379.0,195843,python,[JIT],0x0000f826445dcda8
248379.0,195843,python,[JIT],0x0000f82644683c94
248379.0,195843,python,[JIT],0x0000f82644684c44
248379.0,195843,python,[JIT],0x0000f826446b0100
248378.0,195984,python,[JIT],0x0000fa70fc76c1ac
248378.0,195984,python,[JIT],0x0000fa70fc8193e8
248378.0,195984,python,[JIT],0x0000fa70fc818c08
248378.0,195915,python,[JIT],0x0000e5957bfc3094
248378.0,195915,python,[JIT],0x0000e5957bfc6320
248378.0,195915,python,[JIT],0x0000e5957bff66b4
248378.0,195915,python,[JIT],0x0000e5957c939f34
248378.0,195915,python,[JIT],0x0000e5957c93a400
248378.0,195775,python,[JIT],0x0000e031bd5013b4
248378.0,195775,python,[JIT],0x0000e031bd502b28
248378.0,195775,python,[JIT],0x0000e031bd545264
248378.0,195775,python,[JIT],0x0000e031bd545d8c
248378.0,195775,python,[JIT],0x0000e031bd76e798
248378.0,195775,python,[JIT],0x0000e031bd7a9ee4
248378.0,195775,python,[JIT],0x0000e031bd852044
248378.0,195775,python,[JIT],0x0000e031bd8556ec
248378.0,195775,python,[JIT],0x0000e031bd85af1c
248378.0,195946,python,python,_PyType_GetDict
248378.0,195719,python,[JIT],0x0000e48a96acc694
248378.0,195719,python,[JIT],0x0000e48a97432334
248378.0,195719,python,[JIT],0x0000e48a9745e20c
248378.0,195719,python,[JIT],0x0000e48a9745e224
248378.0,195843,python,[JIT],0x0000f82644683608
248378.0,195809,python,[JIT],0x0000e96f05f98d7c
248378.0,195809,python,[JIT],0x0000e96f067f1bc0
248378.0,195843,python,[JIT],0x0000f8264433ca44
248378.0,195843,python,[JIT],0x0000f826445d8178
248378.0,195843,python,[JIT],0x0000f82644683fc0
248378.0,195843,python,[JIT],0x0000f826446b0008
248378.0,195809,python,[JIT],0x0000e96f067fa81c
248377.0,195984,python,[JIT],0x0000fa70fc72e688
248377.0,195984,python,[JIT],0x0000fa70fc763094
248377.0,195984,python,[JIT],0x0000fa70fc81e138
248377.0,195915,python,python,PyUnicode_CompareWithASCIIString
248377.0,195915,python,[JIT],0x0000e5957bf9d2f4
248377.0,195915,python,[JIT],0x0000e5957bff5088
248377.0,195915,python,[JIT],0x0000e5957c4eb118
248377.0,195915,python,[JIT],0x0000e5957c5237d8
248377.0,195915,python,[JIT],0x0000e5957c52586c
248377.0,195915,python,[JIT],0x0000e5957c931028
248377.0,195915,python,[JIT],0x0000e5957c934a9c
248377.0,195915,python,[JIT],0x0000e5957c939088
248377.0,195915,python,[JIT],0x0000e5957c93a7c4
248377.0,195915,python,[JIT],0x0000e5957c966840
248377.0,195775,python,[JIT],0x0000e031bcef92e4
248377.0,195775,python,[JIT],0x0000e031bd50244c
248377.0,195775,python,[JIT],0x0000e031bd76f858
248377.0,195775,python,[JIT],0x0000e031bd7a9c70
248377.0,195775,python,[JIT],0x0000e031bd85b2ec
248377.0,195775,python,python,_Py_LoadAttr_StackRefSteal
248377.0,195719,python,[kernel.kallsyms],mas_walk
248377.0,195719,python,[JIT],0x0000e48a96a9d2ec
248377.0,195719,python,[JIT],0x0000e48a970eb6b0
248377.0,195719,python,[JIT],0x0000e48a9738d320
248377.0,195719,python,[JIT],0x0000e48a97432020
248377.0,195843,python,[JIT],0x0000f826445dcba4
248377.0,195809,python,[JIT],0x0000e96f05f99b0c
248377.0,195843,python,[JIT],0x0000f826442f9cb8
248377.0,195843,python,[JIT],0x0000f8264430b144
248377.0,195843,python,[JIT],0x0000f8264433c3d8
248377.0,195843,python,[JIT],0x0000f826443725ec
248377.0,195843,python,[JIT],0x0000f82644373194
248377.0,195843,python,[JIT],0x0000f826445db9ec
248377.0,195809,python,python,PyDict_GetItemRef
248377.0,195809,python,[JIT],0x0000e96f067f16c0
248376.0,195984,python,[JIT],0x0000fa70fc4f6c94
248376.0,195984,python,[JIT],0x0000fa70fc818c08
248376.0,195984,python,[JIT],0x0000fa70fc819e64
248376.0,195984,python,[JIT],0x0000fa70fc81d680
248376.0,195984,python,[JIT],0x0000fa70fc81d7d4
248376.0,195984,python,[JIT],0x0000fa70fc81e2d8
248376.0,195915,python,[JIT],0x0000e5957bf9e370
248376.0,195915,python,[JIT],0x0000e5957c84e474
248376.0,195915,python,[JIT],0x0000e5957c9349c0
248376.0,195775,python,[JIT],0x0000e031bd4eb628
248376.0,195775,python,[JIT],0x0000e031bd855a18
248376.0,195775,python,[JIT],0x0000e031bd85677c
248376.0,195775,python,[JIT],0x0000e031bd85a084
248376.0,195775,python,[JIT],0x0000e031bd85a6ac
248376.0,195775,python,[JIT],0x0000e031bd85af04
248376.0,195775,python,[JIT],0x0000e031bd8856c4
248376.0,195775,python,[JIT],0x0000e031bd887324
248376.0,195915,python,[JIT],0x0000e5957c888334
248376.0,195719,python,[JIT],0x0000e48a96af4648
248376.0,195719,python,[JIT],0x0000e48a96afb178
248376.0,195719,python,[JIT],0x0000e48a9712a978
248376.0,195719,python,[JIT],0x0000e48a97384840
248376.0,195719,python,[JIT],0x0000e48a9738c2a0
248376.0,195719,python,[JIT],0x0000e48a9738d02c
248376.0,195719,python,[JIT],0x0000e48a97431694
248376.0,195719,python,[JIT],0x0000e48a9745e034
248376.0,195719,python,[JIT],0x0000e48a9746012c
248376.0,195809,python,[JIT],0x0000e96f067f16e8
248376.0,195843,python,[JIT],0x0000f82643ccdd98
248376.0,195843,python,[JIT],0x0000f82643cfb890
248376.0,195843,python,[JIT],0x0000f826443099e4
248376.0,195843,python,[JIT],0x0000f826445db12c
248376.0,195843,python,[JIT],0x0000f826445db5f8
248376.0,195843,python,[JIT],0x0000f8264468314c
248375.0,195984,python,[JIT],0x0000fa70fc4f694c
248375.0,195984,python,[JIT],0x0000fa70fc81120c
248375.0,195915,python,[JIT],0x0000e5957c4ebfbc
248375.0,195915,python,[JIT],0x0000e5957c525048
248375.0,195915,python,[JIT],0x0000e5957c9340f4
248375.0,195915,python,[JIT],0x0000e5957c935b70
248375.0,195915,python,[JIT],0x0000e5957c939508
248375.0,195915,python,[JIT],0x0000e5957c939788
248375.0,195775,python,[JIT],0x0000e031bcef2d34
248375.0,195775,python,[JIT],0x0000e031bd76e8f0
248375.0,195775,python,[JIT],0x0000e031bd7a8548
248375.0,195775,python,[JIT],0x0000e031bd7aafb8
248375.0,195775,python,[JIT],0x0000e031bd852ae8
248375.0,195775,python,[JIT],0x0000e031bd85a168
248375.0,195946,python,[JIT],0x0000fc22a97a3858
248375.0,195915,python,[JIT],0x0000e5957c93a40c
248375.0,195719,python,[JIT],0x0000e48a96afc7c4
248375.0,195719,python,[JIT],0x0000e48a97127130
248375.0,195719,python,[JIT],0x0000e48a973891f0
248375.0,195719,python,[JIT],0x0000e48a9738cd00
248375.0,195719,python,[JIT],0x0000e48a97431ef4
248375.0,195719,python,[JIT],0x0000e48a9745e404
248375.0,195843,python,[JIT],0x0000f826445d802c
248375.0,195809,python,[JIT],0x0000e96f05f983dc
248375.0,195809,python,[JIT],0x0000e96f068ac25c
248375.0,195843,python,[JIT],0x0000f826442f421c
248375.0,195843,python,[JIT],0x0000f826445db084
248374.0,195984,python,[JIT],0x0000fa70fbebe660
248374.0,195984,python,[JIT],0x0000fa70fc72e9c4
248374.0,195984,python,[JIT],0x0000fa70fc81d710
248374.0,195984,python,python,PyUnicode_CompareWithASCIIString
248374.0,195984,python,[JIT],0x0000fa70fc81ea18
248374.0,195915,python,[JIT],0x0000e5957bfc7d0c
248374.0,195915,python,[JIT],0x0000e5957c888348
248374.0,195915,python,[JIT],0x0000e5957c889ae0
248374.0,195915,python,[JIT],0x0000e5957c88c0fc
248374.0,195915,python,[JIT],0x0000e5957c931038
248374.0,195915,python,[JIT],0x0000e5957c9643a4
248374.0,195915,python,[JIT],0x0000e5957c966224
248374.0,195775,python,[JIT],0x0000e031bd4f39dc
248374.0,195775,python,[JIT],0x0000e031bd501a08
248374.0,195775,python,[JIT],0x0000e031bd5424b0
248374.0,195775,python,[JIT],0x0000e031bd855e24
248374.0,195775,python,[JIT],0x0000e031bd85a258
248374.0,195915,python,[JIT],0x0000e5957c528280
248374.0,195915,python,[JIT],0x0000e5957c935f04
248374.0,195719,python,[JIT],0x0000e48a96a92348
248374.0,195843,python,[JIT],0x0000f826445d2880
248374.0,195843,python,[JIT],0x0000f826446836b8
248374.0,195809,python,[JIT],0x0000e96f068ab0d4
248374.0,195843,python,[JIT],0x0000f82643cfd394
248374.0,195843,python,[JIT],0x0000f82644309400
248374.0,195843,python,[JIT],0x0000f82644338500
248374.0,195843,python,[JIT],0x0000f826443725b4
248374.0,195843,python,[JIT],0x0000f82644372c40
248374.0,195843,python,[JIT],0x0000f826445d1d0c
248374.0,195843,python,[JIT],0x0000f826445d1e6c
248374.0,195843,python,[JIT],0x0000f826445db90c
248374.0,195843,python,[JIT],0x0000f826446812ec
248373.0,195984,python,[JIT],0x0000fa70fbef3074
248373.0,195984,python,[JIT],0x0000fa70fc4f63d4
248373.0,195984,python,[JIT],0x0000fa70fc81d36c
248373.0,195984,python,libc.so.6,_int_malloc
248373.0,195915,python,[JIT],0x0000e5957bfc53b4
248373.0,195915,python,[JIT],0x0000e5957bff74cc
248373.0,195915,python,[JIT],0x0000e5957c52516c
248373.0,195915,python,[JIT],0x0000e5957c5251f8
248373.0,195915,python,[JIT],0x0000e5957c5253d8
248373.0,195915,python,[JIT],0x0000e5957c84e178
248373.0,195915,python,[JIT],0x0000e5957c935014
248373.0,195775,python,[JIT],0x0000e031bd54237c
248373.0,195775,python,[JIT],0x0000e031bd7a8330
248373.0,195915,python,python,_PyEval_GetIter
248373.0,195719,python,[JIT],0x0000e48a96a97af8
248373.0,195719,python,[JIT],0x0000e48a970eb028
248373.0,195719,python,[JIT],0x0000e48a970eba08
248373.0,195719,python,[JIT],0x0000e48a9738c98c
248373.0,195719,python,[JIT],0x0000e48a9738ca84
248373.0,195719,python,[JIT],0x0000e48a97431970
248373.0,195719,python,[JIT],0x0000e48a974319f0
248373.0,195719,python,[JIT],0x0000e48a974333b0
248373.0,195843,python,[JIT],0x0000f826445db10c
248373.0,195809,python,[JIT],0x0000e96f05f5c16c
248373.0,195843,python,[JIT],0x0000f82643cfda70
248373.0,195843,python,[JIT],0x0000f82644338d64
248373.0,195843,python,[JIT],0x0000f8264433c800
248373.0,195843,python,[JIT],0x0000f826443710a4
248373.0,195843,python,[JIT],0x0000f8264437b704
248373.0,195843,python,[JIT],0x0000f8264437bde0
248373.0,195843,python,[JIT],0x0000f826446ae528
248373.0,195843,python,[JIT],0x0000f826446af620
248373.0,195809,python,python,_PyOptimizer_Optimize
248372.0,195984,python,[JIT],0x0000fa70fc8156f8
248372.0,195984,python,[JIT],0x0000fa70fc8196fc
248372.0,195915,python,[JIT],0x0000e5957bff6344
248372.0,195915,python,[JIT],0x0000e5957c4eb2c0
248372.0,195915,python,[JIT],0x0000e5957c88c918
248372.0,195915,python,[JIT],0x0000e5957c9399b4
248372.0,195775,python,[JIT],0x0000e031bd50cc30
248372.0,195775,python,[JIT],0x0000e031bd542cbc
248372.0,195775,python,[JIT],0x0000e031bd7a9c80
248372.0,195946,python,[JIT],0x0000fc22a97a11bc
248372.0,195719,python,[JIT],0x0000e48a96accdd4
248372.0,195719,python,[JIT],0x0000e48a96af3044
248372.0,195719,python,[JIT],0x0000e48a9738b5bc
248372.0,195719,python,[JIT],0x0000e48a9745d72c
248372.0,195809,python,[JIT],0x0000e96f064f6208
248372.0,195809,python,[JIT],0x0000e96f068ab77c
248372.0,195843,python,[JIT],0x0000f82643cfc874
248372.0,195843,python,[JIT],0x0000f8264430ae48
248372.0,195843,python,[JIT],0x0000f826445db840
248372.0,195843,python,[JIT],0x0000f8264468341c
248372.0,195843,python,[JIT],0x0000f82644685dd8
248372.0,195843,python,[JIT],0x0000f826446b0368
248371.0,195984,python,[JIT],0x0000fa70fc4f5d00
248371.0,195984,python,[JIT],0x0000fa70fc81d7b8
248371.0,195915,python,[JIT],0x0000e5957bf9da70
248371.0,195915,python,[JIT],0x0000e5957bff728c
248371.0,195915,python,[JIT],0x0000e5957c5236e4
248371.0,195915,python,[JIT],0x0000e5957c939080
248371.0,195775,python,[JIT],0x0000e031bd545658
248371.0,195775,python,[JIT],0x0000e031bd545768
248371.0,195775,python,[JIT],0x0000e031bd76e36c
248371.0,195775,python,[JIT],0x0000e031bd7a9ddc
248371.0,195775,python,[JIT],0x0000e031bd85a290
248371.0,195775,python,[JIT],0x0000e031bd85ae38
248371.0,195946,python,[JIT],0x0000fc22a97a3594
248371.0,195946,python,[JIT],0x0000fc22a97a7804
248371.0,195946,python,[JIT],0x0000fc22a97d405c
248371.0,195775,python,[JIT],0x0000e031bd85b8cc
248371.0,195719,python,[JIT],0x0000e48a96acc2dc
248371.0,195719,python,[JIT],0x0000e48a96af6de4
248371.0,195719,python,[JIT],0x0000e48a96afcce0
248371.0,195719,python,[JIT],0x0000e48a9712a09c
248371.0,195719,python,[JIT],0x0000e48a97431a08
248371.0,195843,python,[JIT],0x0000f826442feb58
248371.0,195843,python,[JIT],0x0000f82644309210
248371.0,195843,python,[JIT],0x0000f8264430a050
248371.0,195843,python,[JIT],0x0000f82644372998
248371.0,195843,python,[JIT],0x0000f826445d24a4
248371.0,195843,python,[JIT],0x0000f826445d2720
248371.0,195843,python,[JIT],0x0000f826445d8ebc
248371.0,195843,python,[JIT],0x0000f8264468320c
248371.0,195843,python,[JIT],0x0000f82644683694
248371.0,195843,python,[JIT],0x0000f82644683964
248371.0,195843,python,[JIT],0x0000f826446ae468
248370.0,195984,python,[JIT],0x0000fa70fc76d564
248370.0,195984,python,[JIT],0x0000fa70fc811060
248370.0,195984,python,[JIT],0x0000fa70fc811178
248370.0,195984,python,[JIT],0x0000fa70fc81d0f0
248370.0,195984,python,[JIT],0x0000fa70fc81db80
248370.0,195915,python,[JIT],0x0000e5957c4ebdac
248370.0,195915,python,[JIT],0x0000e5957c525e60
248370.0,195915,python,[JIT],0x0000e5957c93a788
248370.0,195915,python,[JIT],0x0000e5957c96504c
248370.0,195775,python,[JIT],0x0000e031bd4eb634
248370.0,195775,python,[JIT],0x0000e031bd502aec
248370.0,195775,python,[JIT],0x0000e031bd76e81c
248370.0,195775,python,[JIT],0x0000e031bd7a98d8
248370.0,195775,python,[JIT],0x0000e031bd7a9d78
248370.0,195946,python,[JIT],0x0000fc22a94f77fc
248370.0,195719,python,[JIT],0x0000e48a96a9bd84
248370.0,195719,python,[JIT],0x0000e48a96acccd8
248370.0,195719,python,[JIT],0x0000e48a96af342c
248370.0,195719,python,[JIT],0x0000e48a970ed538
248370.0,195719,python,[JIT],0x0000e48a97388bd4
248370.0,195719,python,[JIT],0x0000e48a9738b11c
248370.0,195719,python,[JIT],0x0000e48a97431204
248370.0,195719,python,[JIT],0x0000e48a97433578
248370.0,195843,python,[JIT],0x0000f82644372b48
248370.0,195843,python,[JIT],0x0000f82644377948
248370.0,195809,python,[JIT],0x0000e96f05f5d854
248370.0,195843,python,[JIT],0x0000f826442fc154
248370.0,195843,python,[JIT],0x0000f826442ffa28
248370.0,195843,python,[JIT],0x0000f82644371008
248370.0,195843,python,[JIT],0x0000f826443729f4
248370.0,195843,python,[JIT],0x0000f826445db2e0
248370.0,195843,python,[JIT],0x0000f826446822c0
248370.0,195843,python,[JIT],0x0000f826446af57c
248370.0,195809,python,python,PyLong_AsLong
248370.0,195809,python,[JIT],0x0000e96f068da020
248369.0,195984,python,[JIT],0x0000fa70fc4fb468
248369.0,195984,python,[JIT],0x0000fa70fc76c2d0
248369.0,195984,python,[JIT],0x0000fa70fc819434
248369.0,195984,python,[JIT],0x0000fa70fc8199a4
248369.0,195984,python,[JIT],0x0000fa70fc81ec18
248369.0,195984,python,[JIT],0x0000fa70fc84a2f4
248369.0,195915,python,[JIT],0x0000e5957bff6470
248369.0,195915,python,[JIT],0x0000e5957c4eb168
248369.0,195915,python,[JIT],0x0000e5957c889bd8
248369.0,195915,python,[JIT],0x0000e5957c934b74
248369.0,195915,python,[JIT],0x0000e5957c935d70
248369.0,195915,python,[JIT],0x0000e5957c939b60
248369.0,195915,python,[JIT],0x0000e5957c93a774
248369.0,195775,python,[JIT],0x0000e031bd502610
248369.0,195775,python,[JIT],0x0000e031bd503024
248369.0,195775,python,[JIT],0x0000e031bd5432f0
248369.0,195775,python,[JIT],0x0000e031bd5453a0
248369.0,195775,python,[JIT],0x0000e031bd545bb4
248369.0,195775,python,[JIT],0x0000e031bd7a97d4
248369.0,195775,python,[JIT],0x0000e031bd85248c
248369.0,195775,python,[JIT],0x0000e031bd856048
248369.0,195775,python,[JIT],0x0000e031bd857108
248369.0,195775,python,[JIT],0x0000e031bd85755c
248369.0,195775,python,[JIT],0x0000e031bd85a4a0
248369.0,195775,python,[JIT],0x0000e031bd85aa7c
248369.0,195946,python,[JIT],0x0000fc22a97a2204
248369.0,195915,python,[JIT],0x0000e5957c935e7c
248369.0,195775,python,[JIT],0x0000e031bd7aa4a4
248369.0,195719,python,[JIT],0x0000e48a96af62d4
248369.0,195719,python,[JIT],0x0000e48a9712bb70
248369.0,195719,python,[JIT],0x0000e48a97388c1c
248369.0,195719,python,[JIT],0x0000e48a974327c8
248369.0,195843,python,[JIT],0x0000f8264437270c
248369.0,195809,python,[JIT],0x0000e96f064f628c
248369.0,195809,python,[JIT],0x0000e96f068a3c7c
248369.0,195843,python,[JIT],0x0000f826442fda20
248369.0,195843,python,[JIT],0x0000f82644309844
248369.0,195843,python,[JIT],0x0000f8264430ab2c
248369.0,195843,python,[JIT],0x0000f82644372068
248369.0,195843,python,[JIT],0x0000f826445dbc14
248369.0,195843,python,[JIT],0x0000f826445dbc34
248369.0,195843,python,[JIT],0x0000f826446af14c
248369.0,195843,python,[JIT],0x0000f826446b0150
248369.0,195809,python,[JIT],0x0000e96f068ab9ec
248368.0,195984,python,[JIT],0x0000fa70fbefb7a4
248368.0,195984,python,[JIT],0x0000fa70fc76d410
248368.0,195984,python,[JIT],0x0000fa70fc848084
248368.0,195915,python,[kernel.kallsyms],mas_data_end
248368.0,195915,python,[JIT],0x0000e5957bf9e418
248368.0,195915,python,[JIT],0x0000e5957bfc8e6c
248368.0,195915,python,[JIT],0x0000e5957bff6e28
248368.0,195915,python,[JIT],0x0000e5957c4eb320
248368.0,195915,python,[JIT],0x0000e5957c4ec1d8
248368.0,195915,python,[JIT],0x0000e5957c4ec21c
248368.0,195915,python,[JIT],0x0000e5957c4ec704
248368.0,195915,python,[JIT],0x0000e5957c84f360
248368.0,195915,python,[JIT],0x0000e5957c889184
248368.0,195915,python,[JIT],0x0000e5957c934068
248368.0,195915,python,[JIT],0x0000e5957c934f3c
248368.0,195915,python,[JIT],0x0000e5957c939a50
248368.0,195915,python,[JIT],0x0000e5957c939e54
248368.0,195775,python,[JIT],0x0000e031bd4f6d10
248368.0,195775,python,[JIT],0x0000e031bd502158
248368.0,195775,python,[JIT],0x0000e031bd502fc4
248368.0,195775,python,[JIT],0x0000e031bd7a80a8
248368.0,195775,python,[JIT],0x0000e031bd7aa508
248368.0,195775,python,[JIT],0x0000e031bd8553f0
248368.0,195775,python,[JIT],0x0000e031bd85a1e4
248368.0,195775,python,[JIT],0x0000e031bd85afd4
248368.0,195946,python,[JIT],0x0000fc22a97a80cc
248368.0,195719,python,[JIT],0x0000e48a97431b48
248368.0,195843,python,[JIT],0x0000f826442f3720
248368.0,195843,python,[JIT],0x0000f82644309448
248368.0,195843,python,[JIT],0x0000f8264433cb54
248368.0,195843,python,[JIT],0x0000f826445d1ec4
248368.0,195843,python,[JIT],0x0000f826445dcc04
248368.0,195843,python,[JIT],0x0000f826446837b8
248368.0,195809,python,[JIT],0x0000e96f068da00c
248367.0,195984,python,[JIT],0x0000fa70fc763c80
248367.0,195984,python,[JIT],0x0000fa70fc84a068
248367.0,195984,python,[kernel.kallsyms],ptep_modify_prot_commit
248367.0,195915,python,[JIT],0x0000e5957c4ec0a8
248367.0,195915,python,[JIT],0x0000e5957c5252dc
248367.0,195915,python,[JIT],0x0000e5957c526250
248367.0,195915,python,[JIT],0x0000e5957c935990
248367.0,195915,python,[JIT],0x0000e5957c935e1c
248367.0,195775,python,[kernel.kallsyms],__alloc_pages
248367.0,195775,python,[JIT],0x0000e031bd545728
248367.0,195775,python,[JIT],0x0000e031bd76e268
248367.0,195775,python,[JIT],0x0000e031bd8525f0
248367.0,195775,python,[JIT],0x0000e031bd856690
248367.0,195775,python,[JIT],0x0000e031bd85a2bc
248367.0,195946,python,[JIT],0x0000fc22a97a7388
248367.0,195775,python,[JIT],0x0000e031bd8874c0
248367.0,195719,python,[JIT],0x0000e48a9712abc8
248367.0,195719,python,[JIT],0x0000e48a9738410c
248367.0,195719,python,[JIT],0x0000e48a97431f28
248367.0,195809,python,[JIT],0x0000e96f068abe88
248367.0,195809,python,[JIT],0x0000e96f068ac990
248367.0,195843,python,[JIT],0x0000f826443095b0
248367.0,195843,python,[JIT],0x0000f826445d1e70
248367.0,195843,python,[JIT],0x0000f826445dbfc0
248367.0,195843,python,[JIT],0x0000f82644683bb0
248366.0,195984,python,[JIT],0x0000fa70fc4f708c
248366.0,195984,python,[JIT],0x0000fa70fc5041b4
248366.0,195984,python,[JIT],0x0000fa70fc7630ec
248366.0,195984,python,[JIT],0x0000fa70fc76d834
248366.0,195984,python,[JIT],0x0000fa70fc816210
248366.0,195984,python,[JIT],0x0000fa70fc81d848
248366.0,195984,python,[JIT],0x0000fa70fc81e03c
248366.0,195915,python,[JIT],0x0000e5957c4eb86c
248366.0,195915,python,[JIT],0x0000e5957c4ec190
248366.0,195915,python,[JIT],0x0000e5957c84f168
248366.0,195915,python,[JIT],0x0000e5957c888328
248366.0,195915,python,[JIT],0x0000e5957c88c028
248366.0,195915,python,[JIT],0x0000e5957c88c270
248366.0,195915,python,[JIT],0x0000e5957c9340f8
248366.0,195915,python,[JIT],0x0000e5957c93415c
248366.0,195915,python,[JIT],0x0000e5957c9393f8
248366.0,195915,python,[JIT],0x0000e5957c939ed4
248366.0,195915,python,[JIT],0x0000e5957c93aec0
248366.0,195915,python,[JIT],0x0000e5957c966448
248366.0,195775,python,[JIT],0x0000e031bd50bf1c
248366.0,195775,python,[JIT],0x0000e031bd7a61ac
248366.0,195775,python,[JIT],0x0000e031bd855204
248366.0,195946,python,[JIT],0x0000fc22a97a24e0
248366.0,195719,python,[JIT],0x0000e48a96ac2768
248366.0,195719,python,[JIT],0x0000e48a9712a8f0
248366.0,195719,python,[JIT],0x0000e48a97388030
248366.0,195719,python,[JIT],0x0000e48a9738b554
248366.0,195719,python,[JIT],0x0000e48a97432004
248366.0,195843,python,[JIT],0x0000f82644684d20
248365.0,195984,python,[JIT],0x0000fa70fc4f5a40
248365.0,195984,python,[JIT],0x0000fa70fc76d2e8
248365.0,195984,python,[JIT],0x0000fa70fc815304
248365.0,195984,python,[JIT],0x0000fa70fc8166b8
248365.0,195984,python,[JIT],0x0000fa70fc84a1d8
248365.0,195915,python,[JIT],0x0000e5957c4ec294
248365.0,195915,python,[JIT],0x0000e5957c4ec754
248365.0,195915,python,[JIT],0x0000e5957c525178
248365.0,195915,python,[JIT],0x0000e5957c88c1d8
248365.0,195915,python,[JIT],0x0000e5957c939750
248365.0,195915,python,[JIT],0x0000e5957c9399d4
248365.0,195915,python,[JIT],0x0000e5957c939a28
248365.0,195915,python,[JIT],0x0000e5957c964068
248365.0,195915,python,[JIT],0x0000e5957c964840
248365.0,195915,python,[JIT],0x0000e5957c9662bc
248365.0,195775,python,[JIT],0x0000e031bd4ebc1c
248365.0,195775,python,[JIT],0x0000e031bd4f1e18
248365.0,195775,python,[JIT],0x0000e031bd502be0
248365.0,195775,python,[JIT],0x0000e031bd50c1a4
248365.0,195775,python,[JIT],0x0000e031bd545778
248365.0,195775,python,[JIT],0x0000e031bd855f3c
248365.0,195775,python,[JIT],0x0000e031bd855f50
248365.0,195775,python,[JIT],0x0000e031bd85d6dc
248365.0,195915,python,[kernel.kallsyms],__memcg_slab_free_hook
248365.0,195775,python,[JIT],0x0000e031bd85a508
248365.0,195775,python,[JIT],0x0000e031bd85bb8c
248365.0,195719,python,[JIT],0x0000e48a96afb838
248365.0,195719,python,[JIT],0x0000e48a96afcb70
248365.0,195719,python,[JIT],0x0000e48a970eb448
248365.0,195719,python,[JIT],0x0000e48a970ed96c
248365.0,195719,python,[JIT],0x0000e48a970edc10
248365.0,195719,python,[JIT],0x0000e48a9738b004
248365.0,195719,python,[JIT],0x0000e48a97431358
248365.0,195719,python,[JIT],0x0000e48a97431b64
248365.0,195719,python,[JIT],0x0000e48a97431ee8
248365.0,195719,python,[JIT],0x0000e48a97432128
248365.0,195719,python,[JIT],0x0000e48a9745e57c
248365.0,195843,python,[JIT],0x0000f826446b011c
248365.0,195809,python,[JIT],0x0000e96f064f5c8c
248365.0,195809,python,[JIT],0x0000e96f068ab550
248365.0,195843,python,[JIT],0x0000f826445dc6c0
248365.0,195843,python,[JIT],0x0000f826445dccf0
248365.0,195843,python,[JIT],0x0000f826446848f4
248365.0,195843,python,[JIT],0x0000f826446ae1c0
248365.0,195843,python,[JIT],0x0000f826446ae56c
248364.0,195984,python,[JIT],0x0000fa70fc4f5fc4
248364.0,195984,python,[JIT],0x0000fa70fc504b54
248364.0,195984,python,[JIT],0x0000fa70fc76d174
248364.0,195984,python,[JIT],0x0000fa70fc819c30
248364.0,195915,python,[JIT],0x0000e5957bf9a2f0
248364.0,195915,python,[JIT],0x0000e5957bfc37a4
248364.0,195915,python,[JIT],0x0000e5957c4ec4e0
248364.0,195915,python,[JIT],0x0000e5957c523730
248364.0,195915,python,[JIT],0x0000e5957c934248
248364.0,195915,python,[JIT],0x0000e5957c934a24
248364.0,195915,python,[JIT],0x0000e5957c935178
248364.0,195915,python,[JIT],0x0000e5957c9660f4
248364.0,195775,python,[JIT],0x0000e031bd54574c
248364.0,195775,python,[JIT],0x0000e031bd7a20c8
248364.0,195775,python,[JIT],0x0000e031bd85c110
248364.0,195915,python,[JIT],0x0000e5957c93484c
248364.0,195915,python,[JIT],0x0000e5957c93a774
248364.0,195719,python,[JIT],0x0000e48a96a6bef8
248364.0,195719,python,[JIT],0x0000e48a96a94218
248364.0,195719,python,[JIT],0x0000e48a96a993c4
248364.0,195719,python,[JIT],0x0000e48a973881e8
248364.0,195719,python,[JIT],0x0000e48a9738cb00
248364.0,195719,python,[JIT],0x0000e48a974311e0
248364.0,195719,python,[JIT],0x0000e48a97432568
248364.0,195843,python,[JIT],0x0000f8264433bccc
248364.0,195809,python,[JIT],0x0000e96f064eb1d4
248364.0,195843,python,[JIT],0x0000f8264430f3bc
248364.0,195843,python,[JIT],0x0000f8264433bde0
248364.0,195843,python,[JIT],0x0000f8264437102c
248364.0,195843,python,[JIT],0x0000f826445d91a8
248364.0,195843,python,[JIT],0x0000f826445db6bc
248364.0,195843,python,[JIT],0x0000f826445db934
248364.0,195843,python,[JIT],0x0000f826446832b4
248363.0,195984,python,[JIT],0x0000fa70fc504120
248363.0,195984,python,[JIT],0x0000fa70fc81e3c4
248363.0,195915,python,[JIT],0x0000e5957c4eb7a8
248363.0,195915,python,[JIT],0x0000e5957c4ecb9c
248363.0,195915,python,[JIT],0x0000e5957c9399dc
248363.0,195915,python,[JIT],0x0000e5957c966514
248363.0,195775,python,[JIT],0x0000e031bd50cb8c
248363.0,195775,python,[JIT],0x0000e031bd542004
248363.0,195775,python,[JIT],0x0000e031bd76e048
248363.0,195775,python,[JIT],0x0000e031bd7aa03c
248363.0,195775,python,[JIT],0x0000e031bd857258
248363.0,195775,python,[JIT],0x0000e031bd858a88
248363.0,195775,python,[JIT],0x0000e031bd85ac08
248363.0,195775,python,[JIT],0x0000e031bd85c250
248363.0,195775,python,[JIT],0x0000e031bd886324
248363.0,195915,python,[JIT],0x0000e5957c93a0a8
248363.0,195775,python,[JIT],0x0000e031bd85b2b4
248363.0,195719,python,[JIT],0x0000e48a96acb180
248363.0,195719,python,[JIT],0x0000e48a96acb824
248363.0,195719,python,[JIT],0x0000e48a9745e2fc
248363.0,195843,python,[JIT],0x0000f8264430b24c
248363.0,195843,python,[JIT],0x0000f8264430f168
248363.0,195843,python,[JIT],0x0000f826445db07c
248363.0,195843,python,[JIT],0x0000f826445dcf34
248363.0,195843,python,[JIT],0x0000f826445dcf50
248363.0,195843,python,[JIT],0x0000f82644684774
248362.0,195984,python,[JIT],0x0000fa70fbeb3230
248362.0,195984,python,[JIT],0x0000fa70fc5043a8
248362.0,195984,python,[JIT],0x0000fa70fc81e96c
248362.0,195915,python,[JIT],0x0000e5957bfc5410
248362.0,195915,python,[JIT],0x0000e5957c4ebbf4
248362.0,195915,python,[JIT],0x0000e5957c523a4c
248362.0,195915,python,[JIT],0x0000e5957c525430
248362.0,195915,python,[JIT],0x0000e5957c88c1cc
248362.0,195915,python,[JIT],0x0000e5957c931620
248362.0,195915,python,[JIT],0x0000e5957c9347b4
248362.0,195915,python,[JIT],0x0000e5957c9663c0
248362.0,195775,python,[JIT],0x0000e031bd50c2cc
248362.0,195775,python,[JIT],0x0000e031bd542208
248362.0,195775,python,[JIT],0x0000e031bd85619c
248362.0,195775,python,[JIT],0x0000e031bd85a650
248362.0,195775,python,[JIT],0x0000e031bd85ae88
248362.0,195775,python,[JIT],0x0000e031bd85c8b0
248362.0,195775,python,[JIT],0x0000e031bd8857d0
248362.0,195946,python,[JIT],0x0000fc22a97a3990
248362.0,195915,python,[JIT],0x0000e5957c88d30c
248362.0,195719,python,[JIT],0x0000e48a96a9424c
248362.0,195719,python,[JIT],0x0000e48a96af3804
248362.0,195719,python,[JIT],0x0000e48a970eb270
248362.0,195719,python,[JIT],0x0000e48a97431174
248362.0,195719,python,[JIT],0x0000e48a97431a3c
248362.0,195809,python,[JIT],0x0000e96f064eb7c8
248362.0,195809,python,[JIT],0x0000e96f064f5624
248362.0,195809,python,[JIT],0x0000e96f068ab3ac
248362.0,195843,python,[JIT],0x0000f8264437b0f4
248362.0,195843,python,[JIT],0x0000f826445d2080
248362.0,195843,python,[JIT],0x0000f826445d21bc
248362.0,195843,python,[JIT],0x0000f82644684608
248362.0,195843,python,[JIT],0x0000f826446af658
248361.0,195984,python,[JIT],0x0000fa70fbefd270
248361.0,195984,python,[JIT],0x0000fa70fc503e94
248361.0,195984,python,[JIT],0x0000fa70fc763c94
248361.0,195984,python,[JIT],0x0000fa70fc8495a8
248361.0,195984,python,[JIT],0x0000fa70fc81ef98
248361.0,195915,python,[JIT],0x0000e5957bf9d62c
248361.0,195915,python,[JIT],0x0000e5957bff74c8
248361.0,195915,python,[JIT],0x0000e5957c4ec2dc
248361.0,195915,python,[JIT],0x0000e5957c931158
248361.0,195915,python,[JIT],0x0000e5957c939570
248361.0,195775,python,[JIT],0x0000e031bd50b1b8
248361.0,195775,python,[JIT],0x0000e031bd50b5b4
248361.0,195775,python,[JIT],0x0000e031bd7aa4a0
248361.0,195775,python,[JIT],0x0000e031bd85136c
248361.0,195775,python,[JIT],0x0000e031bd852580
248361.0,195775,python,[JIT],0x0000e031bd857080
248361.0,195775,python,[JIT],0x0000e031bd8850e0
248361.0,195915,python,[JIT],0x0000e5957c5291c4
248361.0,195775,python,[JIT],0x0000e031bd855a08
248361.0,195719,python,[JIT],0x0000e48a96a97730
248361.0,195719,python,[JIT],0x0000e48a96a97778
248361.0,195719,python,[JIT],0x0000e48a96a97bc8
248361.0,195719,python,[JIT],0x0000e48a96acc7b0
248361.0,195719,python,[JIT],0x0000e48a96accbc4
248361.0,195719,python,[JIT],0x0000e48a970eb588
248361.0,195719,python,[JIT],0x0000e48a970ed084
248361.0,195719,python,[JIT],0x0000e48a9738b238
248361.0,195809,python,[JIT],0x0000e96f067fa708
248361.0,195809,python,[JIT],0x0000e96f068a66f0
248361.0,195809,python,[JIT],0x0000e96f068d74c4
248361.0,195843,python,[JIT],0x0000f82643cf7490
248361.0,195843,python,[JIT],0x0000f8264430a268
248361.0,195843,python,[JIT],0x0000f82644683e24
248361.0,195843,python,[JIT],0x0000f826446af5e4
248361.0,195809,python,python,emit__SET_IP_r33
248360.0,195984,python,[JIT],0x0000fa70fbef4434
248360.0,195984,python,[JIT],0x0000fa70fc4f5fd0
248360.0,195984,python,[JIT],0x0000fa70fc4f715c
248360.0,195984,python,[JIT],0x0000fa70fc503f1c
248360.0,195984,python,[JIT],0x0000fa70fc5041fc
248360.0,195984,python,[JIT],0x0000fa70fc81da74
248360.0,195984,python,[JIT],0x0000fa70fc849564
248360.0,195915,python,[JIT],0x0000e5957bfc8af4
248360.0,195915,python,[JIT],0x0000e5957bff62f0
248360.0,195915,python,[JIT],0x0000e5957c4ec6d4
248360.0,195915,python,[JIT],0x0000e5957c523424
248360.0,195915,python,[JIT],0x0000e5957c84e0f8
248360.0,195915,python,[JIT],0x0000e5957c888c7c
248360.0,195915,python,[JIT],0x0000e5957c889bb0
248360.0,195915,python,[JIT],0x0000e5957c93a9b8
248360.0,195775,python,[JIT],0x0000e031bd4eb184
248360.0,195775,python,[JIT],0x0000e031bd4f645c
248360.0,195775,python,[JIT],0x0000e031bd545d7c
248360.0,195775,python,[JIT],0x0000e031bd7a8234
248360.0,195775,python,[JIT],0x0000e031bd8511d8
248360.0,195775,python,[JIT],0x0000e031bd852604
248360.0,195775,python,[JIT],0x0000e031bd85ab0c
248360.0,195719,python,[JIT],0x0000e48a96acb0d4
248360.0,195719,python,[JIT],0x0000e48a96afcb40
248360.0,195719,python,[JIT],0x0000e48a97384048
248360.0,195719,python,[JIT],0x0000e48a9738ba48
248360.0,195719,python,[JIT],0x0000e48a97431170
248360.0,195719,python,[JIT],0x0000e48a9745d7dc
248360.0,195719,python,[JIT],0x0000e48a9746000c
248360.0,195809,python,[JIT],0x0000e96f068a1094
248360.0,195843,python,[JIT],0x0000f826442ff7a4
248360.0,195843,python,[JIT],0x0000f8264430a26c
248360.0,195843,python,[JIT],0x0000f8264430aa1c
248360.0,195843,python,[JIT],0x0000f8264433b2b4
248360.0,195843,python,[JIT],0x0000f82644372974
248360.0,195843,python,[JIT],0x0000f826445d1240
248360.0,195843,python,[JIT],0x0000f826445d24e0
248360.0,195843,python,[JIT],0x0000f82644683c48
248360.0,195843,python,[JIT],0x0000f826446af308
248360.0,195843,python,[JIT],0x0000f826446af7c0
248359.0,195984,python,[JIT],0x0000fa70fc7610cc
248359.0,195984,python,[JIT],0x0000fa70fc763348
248359.0,195984,python,[JIT],0x0000fa70fc815158
248359.0,195984,python,[kernel.kallsyms],mas_walk
248359.0,195915,python,[JIT],0x0000e5957bff6c20
248359.0,195915,python,[JIT],0x0000e5957c8899bc
248359.0,195915,python,[JIT],0x0000e5957c931314
248359.0,195915,python,[JIT],0x0000e5957c93502c
248359.0,195915,python,[JIT],0x0000e5957c935734
248359.0,195915,python,[JIT],0x0000e5957c9392bc
248359.0,195775,python,[JIT],0x0000e031bd50c710
248359.0,195775,python,[JIT],0x0000e031bd50c818
248359.0,195775,python,[JIT],0x0000e031bd85c190
248359.0,195719,python,[JIT],0x0000e48a96a975f0
248359.0,195719,python,[JIT],0x0000e48a96a9bfe0
248359.0,195719,python,[JIT],0x0000e48a96afb688
248359.0,195719,python,[JIT],0x0000e48a970ebabc
248359.0,195719,python,[JIT],0x0000e48a9738d05c
248359.0,195719,python,[JIT],0x0000e48a97431374
248359.0,195719,python,[JIT],0x0000e48a97431680
248359.0,195843,python,[JIT],0x0000f826445dc09c
248359.0,195843,python,[JIT],0x0000f82644682264
248359.0,195843,python,[JIT],0x0000f826442f844c
248359.0,195843,python,[JIT],0x0000f82644309a10
248359.0,195843,python,[JIT],0x0000f8264430abc4
248359.0,195843,python,[JIT],0x0000f8264433c5f8
248359.0,195843,python,[JIT],0x0000f826443723cc
248359.0,195843,python,[JIT],0x0000f82644372cd8
248359.0,195843,python,[JIT],0x0000f82644684804
248359.0,195809,python,python,memcmp@plt
248358.0,195984,python,[JIT],0x0000fa70fbef72c0
248358.0,195984,python,[JIT],0x0000fa70fc4f5cd8
248358.0,195984,python,[JIT],0x0000fa70fc4f60e8
248358.0,195984,python,[JIT],0x0000fa70fc504cc0
248358.0,195984,python,[JIT],0x0000fa70fc76d9cc
248358.0,195984,python,python,_PyEval_GetIter
248358.0,195984,python,[JIT],0x0000fa70fc766060
248358.0,195984,python,[JIT],0x0000fa70fc815304
248358.0,195915,python,[JIT],0x0000e5957c4eb174
248358.0,195915,python,[JIT],0x0000e5957c4eba94
248358.0,195915,python,[JIT],0x0000e5957c523ec0
248358.0,195915,python,[JIT],0x0000e5957c5251e0
248358.0,195915,python,[JIT],0x0000e5957c9310ac
248358.0,195915,python,[JIT],0x0000e5957c9324d4
248358.0,195915,python,[JIT],0x0000e5957c9346d4
248358.0,195915,python,[JIT],0x0000e5957c93a11c
248358.0,195775,python,[JIT],0x0000e031bd501a80
248358.0,195775,python,[JIT],0x0000e031bd501ffc
248358.0,195775,python,[JIT],0x0000e031bd50ce64
248358.0,195775,python,[JIT],0x0000e031bd545050
248358.0,195775,python,[JIT],0x0000e031bd545b24
248358.0,195775,python,[JIT],0x0000e031bd856fa4
248358.0,195775,python,[JIT],0x0000e031bd85a2b0
248358.0,195775,python,[JIT],0x0000e031bd85bad8
248358.0,195946,python,[JIT],0x0000fc22a97a78ac
248358.0,195775,python,[JIT],0x0000e031bd889020
248358.0,195719,python,[JIT],0x0000e48a96a9c6f0
248358.0,195719,python,[JIT],0x0000e48a96acc528
248358.0,195719,python,[JIT],0x0000e48a9712ad0c
248358.0,195719,python,[JIT],0x0000e48a97384140
248358.0,195719,python,[JIT],0x0000e48a974311b0
248358.0,195719,python,[JIT],0x0000e48a9745d354
248358.0,195843,python,[JIT],0x0000f826445d82bc
248358.0,195843,python,[JIT],0x0000f826446b00bc
248358.0,195809,python,[JIT],0x0000e96f05f99938
248358.0,195809,python,[JIT],0x0000e96f05f99f7c
248358.0,195843,python,python,PyUnicode_CompareWithASCIIString
248358.0,195843,python,[JIT],0x0000f82643cfc494
248358.0,195843,python,[JIT],0x0000f826442ff0d0
248358.0,195843,python,[JIT],0x0000f8264430a700
248358.0,195843,python,[JIT],0x0000f8264430f11c
248358.0,195843,python,[JIT],0x0000f826443389a8
248358.0,195843,python,[JIT],0x0000f82644372580
248358.0,195843,python,[JIT],0x0000f826445dc87c
248358.0,195843,python,[JIT],0x0000f826446840d0
248357.0,195984,python,[JIT],0x0000fa70fc4f6828
248357.0,195984,python,[JIT],0x0000fa70fc4fb188
248357.0,195984,python,[JIT],0x0000fa70fc4fb18c
248357.0,195984,python,[JIT],0x0000fa70fc763830
248357.0,195984,python,[JIT],0x0000fa70fc81db78
248357.0,195984,python,[JIT],0x0000fa70fc818714
248357.0,195915,python,[JIT],0x0000e5957c4eb1b8
248357.0,195915,python,[JIT],0x0000e5957c4ecc78
248357.0,195915,python,[JIT],0x0000e5957c88835c
248357.0,195915,python,[JIT],0x0000e5957c935428
248357.0,195915,python,[JIT],0x0000e5957c968084
248357.0,195775,python,[JIT],0x0000e031bd4ebec8
248357.0,195775,python,[JIT],0x0000e031bd5420a0
248357.0,195775,python,[JIT],0x0000e031bd85b320
248357.0,195775,python,[JIT],0x0000e031bd886058
248357.0,195946,python,python,_PyType_LookupRefAndVersion
248357.0,195946,python,[JIT],0x0000fc22a97d6018
248357.0,195719,python,[JIT],0x0000e48a96a9745c
248357.0,195719,python,[JIT],0x0000e48a96acb068
248357.0,195719,python,[JIT],0x0000e48a96accd08
248357.0,195719,python,[JIT],0x0000e48a96afb758
248357.0,195719,python,[JIT],0x0000e48a96afc5bc
248357.0,195719,python,[JIT],0x0000e48a96afc820
248357.0,195719,python,[JIT],0x0000e48a96afe960
248357.0,195719,python,[JIT],0x0000e48a970ed14c
248357.0,195719,python,[JIT],0x0000e48a970ed3dc
248357.0,195719,python,[JIT],0x0000e48a97383344
248357.0,195719,python,[JIT],0x0000e48a97388740
248357.0,195719,python,[JIT],0x0000e48a9738cb6c
248357.0,195719,python,[JIT],0x0000e48a9738d6c4
248357.0,195719,python,[JIT],0x0000e48a97431354
248357.0,195719,python,[JIT],0x0000e48a974321d0
248357.0,195719,python,[JIT],0x0000e48a9745d274
248357.0,195809,python,[JIT],0x0000e96f064f51ac
248357.0,195809,python,[JIT],0x0000e96f068a2254
248357.0,195809,python,[JIT],0x0000e96f068a70f8
248357.0,195843,python,[JIT],0x0000f82644309224
248357.0,195843,python,[JIT],0x0000f82644309ac0
248357.0,195843,python,[JIT],0x0000f8264433cba0
248357.0,195843,python,[JIT],0x0000f826445db4ac
248357.0,195843,python,[JIT],0x0000f826445dc2a4
248357.0,195843,python,[JIT],0x0000f826445dcdcc
248356.0,195984,python,[JIT],0x0000fa70fc4f5654
248356.0,195984,python,[JIT],0x0000fa70fc4f6268
248356.0,195984,python,[JIT],0x0000fa70fc76c4b8
248356.0,195984,python,[JIT],0x0000fa70fc819924
248356.0,195984,python,[JIT],0x0000fa70fc84905c
248356.0,195915,python,[JIT],0x0000e5957bf998f8
248356.0,195915,python,[JIT],0x0000e5957bff507c
248356.0,195915,python,[JIT],0x0000e5957c5250e4
248356.0,195915,python,[JIT],0x0000e5957c52575c
248356.0,195915,python,[JIT],0x0000e5957c939000
248356.0,195915,python,[JIT],0x0000e5957c939580
248356.0,195915,python,[JIT],0x0000e5957c93a0cc
248356.0,195915,python,[JIT],0x0000e5957c93b140
248356.0,195775,python,[JIT],0x0000e031bd7aaa80
248356.0,195775,python,[JIT],0x0000e031bd7aab80
248356.0,195775,python,[JIT],0x0000e031bd8513ec
248356.0,195775,python,[JIT],0x0000e031bd8566e0
248356.0,195775,python,[JIT],0x0000e031bd85a8ac
248356.0,195946,python,[JIT],0x0000fc22a94f0138
248356.0,195719,python,[kernel.kallsyms],post_alloc_hook
248356.0,195719,python,[JIT],0x0000e48a96938390
248356.0,195719,python,[JIT],0x0000e48a96a9a320
248356.0,195719,python,[JIT],0x0000e48a970ed2d8
248356.0,195719,python,[JIT],0x0000e48a970ed4f4
248356.0,195719,python,[JIT],0x0000e48a97383028
248356.0,195843,python,libc.so.6,_int_malloc
248356.0,195843,python,[JIT],0x0000f826445db2bc
248356.0,195809,python,[JIT],0x0000e96f05f994ec
248356.0,195809,python,[JIT],0x0000e96f064f5048
248356.0,195809,python,[JIT],0x0000e96f068a37fc
248356.0,195843,python,[JIT],0x0000f826442f247c
248356.0,195843,python,[JIT],0x0000f826442fc120
248356.0,195843,python,[JIT],0x0000f826443380e4
248356.0,195843,python,[JIT],0x0000f826445db9bc
248356.0,195843,python,[JIT],0x0000f82644683edc
248356.0,195843,python,[JIT],0x0000f82644683ef4
248355.0,195984,python,[JIT],0x0000fa70fc4f5aa0
248355.0,195984,python,[JIT],0x0000fa70fc76b4e0
248355.0,195984,python,[JIT],0x0000fa70fc818430
248355.0,195984,python,[JIT],0x0000fa70fc81d8b4
248355.0,195984,python,[JIT],0x0000fa70fc81ecb0
248355.0,195915,python,[JIT],0x0000e5957bfc76e8
248355.0,195915,python,[JIT],0x0000e5957c4ecaa4
248355.0,195915,python,[JIT],0x0000e5957c888da0
248355.0,195915,python,[JIT],0x0000e5957c9355f8
248355.0,195915,python,[JIT],0x0000e5957c9360c4
248355.0,195915,python,[JIT],0x0000e5957c939004
248355.0,195915,python,[JIT],0x0000e5957c93a6d8
248355.0,195915,python,[JIT],0x0000e5957c93a85c
248355.0,195915,python,[JIT],0x0000e5957c9664a8
248355.0,195775,python,[JIT],0x0000e031bd4ec638
248355.0,195775,python,[JIT],0x0000e031bd501ed0
248355.0,195775,python,[JIT],0x0000e031bd50b954
248355.0,195775,python,[JIT],0x0000e031bd85ab54
248355.0,195775,python,[JIT],0x0000e031bd887000
248355.0,195775,python,[JIT],0x0000e031bd887310
248355.0,195946,python,[JIT],0x0000fc22a97a8aa0
248355.0,195915,python,[JIT],0x0000e5957c9353d4
248355.0,195915,python,[JIT],0x0000e5957c935c54
248355.0,195775,python,[JIT],0x0000e031bd85b910
248355.0,195719,python,[JIT],0x0000e48a96afb9fc
248355.0,195809,python,[JIT],0x0000e96f05f99b80
248355.0,195809,python,[JIT],0x0000e96f064f54a8
248355.0,195843,python,[JIT],0x0000f8264430f974
248355.0,195843,python,[JIT],0x0000f8264433844c
248355.0,195843,python,[JIT],0x0000f826445db870
248355.0,195843,python,[JIT],0x0000f826446839f0
248355.0,195843,python,[JIT],0x0000f826446ae754
248354.0,195984,python,[JIT],0x0000fa70fc4f5a2c
248354.0,195984,python,[JIT],0x0000fa70fc81148c
248354.0,195984,python,[JIT],0x0000fa70fc818c14
248354.0,195984,python,[JIT],0x0000fa70fc81a104
248354.0,195984,python,[JIT],0x0000fa70fc81f3b0
248354.0,195984,python,[JIT],0x0000fa70fc84809c
248354.0,195984,python,[JIT],0x0000fa70fc509014
248354.0,195984,python,[JIT],0x0000fa70fc5097f8
248354.0,195915,python,[JIT],0x0000e5957bff5ed0
248354.0,195915,python,[JIT],0x0000e5957bff5f5c
248354.0,195915,python,[JIT],0x0000e5957bff6680
248354.0,195915,python,[JIT],0x0000e5957c4eb954
248354.0,195915,python,[JIT],0x0000e5957c525ae0
248354.0,195915,python,[JIT],0x0000e5957c932078
248354.0,195915,python,[JIT],0x0000e5957c964790
248354.0,195775,python,[JIT],0x0000e031bd4eb320
248354.0,195775,python,[JIT],0x0000e031bd4f0520
248354.0,195775,python,[JIT],0x0000e031bd4f426c
248354.0,195775,python,[JIT],0x0000e031bd4f53a8
248354.0,195775,python,[JIT],0x0000e031bd7a94f8
248354.0,195775,python,[JIT],0x0000e031bd8561a0
248354.0,195775,python,[JIT],0x0000e031bd85a748
248354.0,195775,python,[JIT],0x0000e031bd8562a0
248354.0,195775,python,[JIT],0x0000e031bd85bb28
248354.0,195719,python,[JIT],0x0000e48a96afb7d0
248354.0,195719,python,[JIT],0x0000e48a97388408
248354.0,195719,python,[JIT],0x0000e48a9738b66c
248354.0,195719,python,[JIT],0x0000e48a97432c78
248354.0,195809,python,[JIT],0x0000e96f068a2008
248354.0,195843,python,[JIT],0x0000f826442fe0a4
248354.0,195843,python,[JIT],0x0000f826445dbf90
248354.0,195843,python,[JIT],0x0000f826445dcd30
248353.0,195984,python,[JIT],0x0000fa70fbef1ad4
248353.0,195984,python,[JIT],0x0000fa70fbef4af4
248353.0,195984,python,[JIT],0x0000fa70fc4f620c
248353.0,195984,python,[JIT],0x0000fa70fc4f73f4
248353.0,195984,python,[JIT],0x0000fa70fc504694
248353.0,195984,python,[JIT],0x0000fa70fc76d4b4
248353.0,195984,python,[JIT],0x0000fa70fc818330
248353.0,195984,python,[JIT],0x0000fa70fc81a170
248353.0,195984,python,[JIT],0x0000fa70fc81d664
248353.0,195984,python,[JIT],0x0000fa70fc81ecd0
248353.0,195984,python,[JIT],0x0000fa70fc84a254
248353.0,195915,python,[JIT],0x0000e5957bf9d630
248353.0,195915,python,[JIT],0x0000e5957c523b28
248353.0,195915,python,[JIT],0x0000e5957c931d88
248353.0,195915,python,[JIT],0x0000e5957c934bf8
248353.0,195915,python,[JIT],0x0000e5957c934f48
248353.0,195915,python,[JIT],0x0000e5957c9392b0
248353.0,195915,python,[JIT],0x0000e5957c939438
248353.0,195775,python,[JIT],0x0000e031bcefd37c
248353.0,195775,python,[JIT],0x0000e031bd7aa100
248353.0,195775,python,[JIT],0x0000e031bd7abcbc
248353.0,195775,python,[JIT],0x0000e031bd856dd4
248353.0,195915,python,[JIT],0x0000e5957c8895c4
248353.0,195915,python,[JIT],0x0000e5957c93139c
248353.0,195915,python,[JIT],0x0000e5957c9347b4
248353.0,195775,python,[JIT],0x0000e031bd85a6b8
248353.0,195719,python,[JIT],0x0000e48a970eb8f0
248353.0,195719,python,[JIT],0x0000e48a970ed768
248353.0,195719,python,[JIT],0x0000e48a970ede24
248353.0,195719,python,[JIT],0x0000e48a9712b32c
248353.0,195719,python,[JIT],0x0000e48a973831b0
248353.0,195719,python,[JIT],0x0000e48a97384178
248353.0,195719,python,[JIT],0x0000e48a974313f4
248353.0,195719,python,[JIT],0x0000e48a97431b78
248353.0,195809,python,[JIT],0x0000e96f067f96c8
248353.0,195809,python,[JIT],0x0000e96f068a2050
248353.0,195809,python,[JIT],0x0000e96f068ad3bc
248353.0,195843,python,[JIT],0x0000f82643ccdd0c
248353.0,195843,python,[JIT],0x0000f826445dbc68
248353.0,195843,python,[JIT],0x0000f826445dc588
248353.0,195843,python,[JIT],0x0000f826446af6f8
248352.0,195984,python,python,_PyOpcode_RecordFunction_TOS_TYPE
248352.0,195984,python,[JIT],0x0000fa70fc72e0d8
248352.0,195984,python,[JIT],0x0000fa70fc7639ac
248352.0,195984,python,[JIT],0x0000fa70fc81e164
248352.0,195915,python,[JIT],0x0000e5957bfc8af8
248352.0,195915,python,[JIT],0x0000e5957c5234b0
248352.0,195915,python,[JIT],0x0000e5957c84e500
248352.0,195915,python,[JIT],0x0000e5957c88c344
248352.0,195915,python,[JIT],0x0000e5957c935908
248352.0,195915,python,[JIT],0x0000e5957c939650
248352.0,195775,python,[JIT],0x0000e031bd5015f4
248352.0,195775,python,[JIT],0x0000e031bd5451e0
248352.0,195775,python,[JIT],0x0000e031bd545208
248352.0,195775,python,[JIT],0x0000e031bd76eb9c
248352.0,195775,python,[JIT],0x0000e031bd852204
248352.0,195775,python,[JIT],0x0000e031bd856278
248352.0,195719,python,[JIT],0x0000e48a96acba08
248352.0,195719,python,[JIT],0x0000e48a96afef74
248352.0,195719,python,[JIT],0x0000e48a9738c178
248352.0,195809,python,libc.so.6,realloc
248352.0,195809,python,[JIT],0x0000e96f05f57644
248352.0,195809,python,[JIT],0x0000e96f067f9144
248352.0,195809,python,[JIT],0x0000e96f068a7b68
248352.0,195843,python,[JIT],0x0000f826442f96c0
248352.0,195843,python,[JIT],0x0000f8264430996c
248352.0,195843,python,[JIT],0x0000f826445dc050
248352.0,195843,python,[JIT],0x0000f826445dd4a8
248352.0,195843,python,[JIT],0x0000f8264468316c
248352.0,195843,python,[JIT],0x0000f8264468428c
248351.0,195984,python,[JIT],0x0000fa70fc50444c
248351.0,195984,python,[JIT],0x0000fa70fc763b8c
248351.0,195984,python,[JIT],0x0000fa70fc818344
248351.0,195984,python,[JIT],0x0000fa70fc84a410
248351.0,195984,python,[JIT],0x0000fa70fc508e58
248351.0,195915,python,[JIT],0x0000e5957bf9d968
248351.0,195915,python,[JIT],0x0000e5957bfc3324
248351.0,195915,python,[JIT],0x0000e5957bff5fd8
248351.0,195915,python,[JIT],0x0000e5957c84e378
248351.0,195775,python,python,_PySuper_Lookup
248351.0,195775,python,[JIT],0x0000e031bcef8020
248351.0,195775,python,[JIT],0x0000e031bd4ef1ec
248351.0,195775,python,[JIT],0x0000e031bd50308c
248351.0,195775,python,[JIT],0x0000e031bd50cd74
248351.0,195775,python,[JIT],0x0000e031bd7a8000
248351.0,195775,python,[JIT],0x0000e031bd7a9070
248351.0,195775,python,[JIT],0x0000e031bd8511b0
248351.0,195946,python,[JIT],0x0000fc22a97a29c4
248351.0,195915,python,[JIT],0x0000e5957c889430
248351.0,195775,python,[JIT],0x0000e031bd8551d8
248351.0,195719,python,[JIT],0x0000e48a96a6d4f4
248351.0,195719,python,[JIT],0x0000e48a96a9c608
248351.0,195719,python,[JIT],0x0000e48a96acb820
248351.0,195719,python,[JIT],0x0000e48a96acba38
248351.0,195719,python,[JIT],0x0000e48a97122ebc
248351.0,195719,python,[JIT],0x0000e48a9712ac34
248351.0,195719,python,[JIT],0x0000e48a9738c84c
248351.0,195719,python,[JIT],0x0000e48a9738d040
248351.0,195719,python,[JIT],0x0000e48a9743152c
248351.0,195719,python,[JIT],0x0000e48a97432390
248351.0,195719,python,[JIT],0x0000e48a9745c794
248351.0,195719,python,[JIT],0x0000e48a9745d6e8
248351.0,195719,python,[JIT],0x0000e48a9745e3ac
248351.0,195809,python,[JIT],0x0000e96f068a614c
248351.0,195809,python,[JIT],0x0000e96f068a72a8
248351.0,195809,python,[JIT],0x0000e96f068aba50
248351.0,195809,python,[JIT],0x0000e96f068abff4
248351.0,195843,python,[JIT],0x0000f826445d8b94
248351.0,195843,python,[JIT],0x0000f82644683064
248351.0,195809,python,[JIT],0x0000e96f068ab118
248351.0,195809,python,[JIT],0x0000e96f068ab7e4
248350.0,195984,python,python,analyze_descriptor_load.constprop.0
248350.0,195984,python,[JIT],0x0000fa70fbef4624
248350.0,195984,python,[JIT],0x0000fa70fc763ae0
248350.0,195984,python,[JIT],0x0000fa70fc81d608
248350.0,195915,python,[JIT],0x0000e5957bf6d3e4
248350.0,195915,python,[JIT],0x0000e5957bff54c0
248350.0,195915,python,[JIT],0x0000e5957bff60d8
248350.0,195915,python,[JIT],0x0000e5957bff662c
248350.0,195915,python,[JIT],0x0000e5957c5230d8
248350.0,195915,python,[JIT],0x0000e5957c5258e4
248350.0,195915,python,[JIT],0x0000e5957c84f204
248350.0,195915,python,[JIT],0x0000e5957c8851dc
248350.0,195915,python,[JIT],0x0000e5957c9310d0
248350.0,195915,python,[JIT],0x0000e5957c9346b0
248350.0,195915,python,[JIT],0x0000e5957c93934c
248350.0,195915,python,[JIT],0x0000e5957c93a594
248350.0,195915,python,[JIT],0x0000e5957c93b0b4
248350.0,195775,python,[JIT],0x0000e031bd4eb5e4
248350.0,195775,python,[JIT],0x0000e031bd501248
248350.0,195775,python,[JIT],0x0000e031bd502090
248350.0,195775,python,[JIT],0x0000e031bd50b074
248350.0,195775,python,[JIT],0x0000e031bd85154c
248350.0,195775,python,[JIT],0x0000e031bd8554e0
248350.0,195775,python,[JIT],0x0000e031bd887368
248350.0,195719,python,[JIT],0x0000e48a96afc19c
248350.0,195719,python,[JIT],0x0000e48a9712a0c0
248350.0,195719,python,[JIT],0x0000e48a9738cf6c
248350.0,195719,python,[JIT],0x0000e48a9745c45c
248350.0,195719,python,[JIT],0x0000e48a9745e3d8
248350.0,195843,python,[kernel.kallsyms],down_write
248350.0,195809,python,[JIT],0x0000e96f05f992e4
248350.0,195843,python,[JIT],0x0000f826445db1fc
248350.0,195843,python,[JIT],0x0000f826445db420
248350.0,195843,python,[JIT],0x0000f826445dbfcc
248350.0,195843,python,[JIT],0x0000f826446832a0
248350.0,195843,python,[JIT],0x0000f82644683668
248350.0,195843,python,[JIT],0x0000f826446858a4
248349.0,195984,python,[JIT],0x0000fa70fbeb5078
248349.0,195984,python,[JIT],0x0000fa70fbebe480
248349.0,195984,python,[JIT],0x0000fa70fc7638f8
248349.0,195984,python,[JIT],0x0000fa70fc76cfcc
248349.0,195984,python,[JIT],0x0000fa70fc818e04
248349.0,195984,python,[JIT],0x0000fa70fc81e348
248349.0,195984,python,[JIT],0x0000fa70fc8481f4
248349.0,195915,python,[JIT],0x0000e5957bf9dd1c
248349.0,195915,python,[JIT],0x0000e5957c4ec694
248349.0,195915,python,[JIT],0x0000e5957c525260
248349.0,195915,python,[JIT],0x0000e5957c931b54
248349.0,195915,python,[JIT],0x0000e5957c939668
248349.0,195775,python,[JIT],0x0000e031bcefc53c
248349.0,195775,python,[JIT],0x0000e031bd4f5f5c
248349.0,195775,python,[JIT],0x0000e031bd501908
248349.0,195775,python,[JIT],0x0000e031bd50245c
248349.0,195775,python,[JIT],0x0000e031bd85a2d0
248349.0,195775,python,[JIT],0x0000e031bd85bb5c
248349.0,195946,python,[JIT],0x0000fc22a96fa5d0
248349.0,195775,python,[JIT],0x0000e031bd549744
248349.0,195775,python,[JIT],0x0000e031bd85a648
248349.0,195719,python,[JIT],0x0000e48a96a6509c
248349.0,195719,python,[JIT],0x0000e48a96a99494
248349.0,195719,python,[JIT],0x0000e48a96acbf88
248349.0,195719,python,[JIT],0x0000e48a97384558
248349.0,195843,python,[JIT],0x0000f826445d1c98
248349.0,195843,python,[JIT],0x0000f8264430af7c
248349.0,195843,python,[JIT],0x0000f8264433c850
248349.0,195843,python,[JIT],0x0000f826445d2640
248349.0,195843,python,[JIT],0x0000f826445dc5a4
248349.0,195843,python,[JIT],0x0000f826446ae834
248349.0,195809,python,[JIT],0x0000e96f068a68e4
248349.0,195809,python,[JIT],0x0000e96f068a7618
248348.0,195984,python,[JIT],0x0000fa70fc4f7108
248348.0,195984,python,[JIT],0x0000fa70fc76da74
248348.0,195984,python,[JIT],0x0000fa70fc8151f0
248348.0,195984,python,[JIT],0x0000fa70fc8195ec
248348.0,195984,python,[JIT],0x0000fa70fc81ddf8
248348.0,195984,python,[JIT],0x0000fa70fc81ea1c
248348.0,195915,python,[JIT],0x0000e5957c9342fc
248348.0,195915,python,[JIT],0x0000e5957c934574
248348.0,195915,python,[JIT],0x0000e5957c934a58
248348.0,195915,python,[JIT],0x0000e5957c939608
248348.0,195915,python,[JIT],0x0000e5957c965554
248348.0,195775,python,[JIT],0x0000e031bcef9088
248348.0,195775,python,[JIT],0x0000e031bd50b664
248348.0,195775,python,[JIT],0x0000e031bd545b44
248348.0,195775,python,[JIT],0x0000e031bd855654
248348.0,195775,python,[JIT],0x0000e031bd85613c
248348.0,195775,python,[JIT],0x0000e031bd85ad3c
248348.0,195775,python,[JIT],0x0000e031bd85baf0
248348.0,195719,python,python,supercheck
248348.0,195719,python,[JIT],0x0000e48a96a91f0c
248348.0,195719,python,[JIT],0x0000e48a96a9c120
248348.0,195719,python,[JIT],0x0000e48a96acc0a0
248348.0,195719,python,[JIT],0x0000e48a96afc3f8
248348.0,195719,python,[JIT],0x0000e48a9712ac10
248348.0,195719,python,[JIT],0x0000e48a974315b0
248348.0,195719,python,[JIT],0x0000e48a974326c0
248348.0,195719,python,[JIT],0x0000e48a9745e348
248348.0,195809,python,[JIT],0x0000e96f064f5258
248348.0,195809,python,[JIT],0x0000e96f064f6254
248348.0,195843,python,[JIT],0x0000f82643cfca04
248348.0,195843,python,[JIT],0x0000f8264430f960
248348.0,195843,python,[JIT],0x0000f8264433b544
248348.0,195843,python,[JIT],0x0000f8264433c14c
248348.0,195843,python,[JIT],0x0000f826446836c8
248348.0,195843,python,[JIT],0x0000f82644684094
248348.0,195843,python,[JIT],0x0000f826446846f4
248347.0,195984,python,[JIT],0x0000fa70fbebd964
248347.0,195984,python,[JIT],0x0000fa70fc4f6d44
248347.0,195984,python,[JIT],0x0000fa70fc4f7518
248347.0,195984,python,[JIT],0x0000fa70fc4fc350
248347.0,195984,python,[JIT],0x0000fa70fc72e2a8
248347.0,195984,python,[JIT],0x0000fa70fc81dd10
248347.0,195984,python,[JIT],0x0000fa70fc81e6e8
248347.0,195984,python,[JIT],0x0000fa70fc81f1fc
248347.0,195915,python,[JIT],0x0000e5957bfc5080
248347.0,195915,python,[JIT],0x0000e5957bfc7320
248347.0,195915,python,[JIT],0x0000e5957bff622c
248347.0,195915,python,[JIT],0x0000e5957bff7050
248347.0,195915,python,[JIT],0x0000e5957c4eb968
248347.0,195915,python,[JIT],0x0000e5957c93937c
248347.0,195775,python,[JIT],0x0000e031bcefcca4
248347.0,195775,python,[JIT],0x0000e031bd542470
248347.0,195775,python,[JIT],0x0000e031bd545864
248347.0,195775,python,[JIT],0x0000e031bd76e240
248347.0,195946,python,[JIT],0x0000fc22a97a129c
248347.0,195775,python,[JIT],0x0000e031bd85502c
248347.0,195719,python,[JIT],0x0000e48a96acc030
248347.0,195719,python,[JIT],0x0000e48a96af337c
248347.0,195719,python,[JIT],0x0000e48a9734e174
248347.0,195719,python,[JIT],0x0000e48a973891c8
248347.0,195719,python,[JIT],0x0000e48a9738b1c8
248347.0,195719,python,[JIT],0x0000e48a9738ba18
248347.0,195719,python,[JIT],0x0000e48a974322c4
248347.0,195809,python,[JIT],0x0000e96f068a20e0
248347.0,195809,python,[JIT],0x0000e96f068a2348
248347.0,195843,python,[JIT],0x0000f8264430f1a4
248347.0,195843,python,[JIT],0x0000f82644683648
248347.0,195843,python,[JIT],0x0000f82644683aac
248347.0,195843,python,[JIT],0x0000f82644684848
248347.0,195843,python,[JIT],0x0000f826446af160
248347.0,195809,python,[JIT],0x0000e96f064f6904
248347.0,195809,python,[JIT],0x0000e96f064fa5f0
248347.0,195809,python,[JIT],0x0000e96f064fbf50
248347.0,195809,python,[JIT],0x0000e96f068ac1d0
248347.0,195809,python,[JIT],0x0000e96f068ad158
248346.0,195984,python,[JIT],0x0000fa70fc4f5eac
248346.0,195984,python,[JIT],0x0000fa70fc4f6290
248346.0,195984,python,[JIT],0x0000fa70fc76346c
248346.0,195984,python,[JIT],0x0000fa70fc76cdc4
248346.0,195984,python,[JIT],0x0000fa70fc8111d8
248346.0,195984,python,[JIT],0x0000fa70fc8192a8
248346.0,195984,python,[JIT],0x0000fa70fc81d9f4
248346.0,195984,python,[JIT],0x0000fa70fc8111bc
248346.0,195915,python,[JIT],0x0000e5957bff645c
248346.0,195915,python,[JIT],0x0000e5957c5218a0
248346.0,195915,python,[JIT],0x0000e5957c889198
248346.0,195775,python,[JIT],0x0000e031bd4f6a6c
248346.0,195775,python,[JIT],0x0000e031bd501070
248346.0,195775,python,[JIT],0x0000e031bd5029e0
248346.0,195775,python,[JIT],0x0000e031bd7a9700
248346.0,195775,python,[JIT],0x0000e031bd85aa08
248346.0,195775,python,[JIT],0x0000e031bd85b930
248346.0,195946,python,[JIT],0x0000fc22a8e9a600
248346.0,195946,python,[JIT],0x0000fc22a96f61b4
248346.0,195719,python,[JIT],0x0000e48a96acbce4
248346.0,195719,python,[JIT],0x0000e48a96acbf10
248346.0,195719,python,[JIT],0x0000e48a96acc408
248346.0,195719,python,[JIT],0x0000e48a970eb4c8
248346.0,195719,python,[JIT],0x0000e48a9745c398
248346.0,195809,python,[JIT],0x0000e96f05f98524
248346.0,195809,python,[JIT],0x0000e96f064f5cc8
248346.0,195809,python,[JIT],0x0000e96f068a6dd0
248346.0,195809,python,[JIT],0x0000e96f068ac658
248346.0,195843,python,[JIT],0x0000f82643cfba24
248346.0,195843,python,[JIT],0x0000f82644338e34
248346.0,195843,python,[JIT],0x0000f82644372fe4
248346.0,195843,python,[JIT],0x0000f826445d12f0
248346.0,195843,python,[JIT],0x0000f826445db9a4
248346.0,195843,python,[JIT],0x0000f826445dccd8
248346.0,195843,python,[JIT],0x0000f82644682028
248346.0,195843,python,[JIT],0x0000f82644683084
248345.0,195984,python,[JIT],0x0000fa70fbeb55a0
248345.0,195984,python,[JIT],0x0000fa70fc504814
248345.0,195984,python,[JIT],0x0000fa70fc763950
248345.0,195984,python,[JIT],0x0000fa70fc76ceac
248345.0,195984,python,[JIT],0x0000fa70fc8197e8
248345.0,195984,python,[JIT],0x0000fa70fc81e880
248345.0,195984,python,[JIT],0x0000fa70fc81e8a0
248345.0,195984,python,[JIT],0x0000fa70fc848100
248345.0,195915,python,[JIT],0x0000e5957bff5660
248345.0,195915,python,[JIT],0x0000e5957c523df0
248345.0,195915,python,[JIT],0x0000e5957c935dec
248345.0,195915,python,[JIT],0x0000e5957c939060
248345.0,195775,python,[JIT],0x0000e031bd4f0f8c
248345.0,195775,python,[JIT],0x0000e031bd7a1008
248345.0,195775,python,[JIT],0x0000e031bd85a498
248345.0,195775,python,[JIT],0x0000e031bd85ad6c
248345.0,195775,python,[JIT],0x0000e031bd88583c
248345.0,195915,python,[kernel.kallsyms],_raw_spin_unlock_irqrestore
248345.0,195775,python,python,PyLong_FromLong
248345.0,195719,python,[JIT],0x0000e48a96a9b468
248345.0,195719,python,[JIT],0x0000e48a96acb0a4
248345.0,195719,python,[JIT],0x0000e48a96af329c
248345.0,195719,python,[JIT],0x0000e48a96afc254
248345.0,195719,python,[JIT],0x0000e48a9738322c
248345.0,195719,python,[JIT],0x0000e48a9738864c
248345.0,195719,python,[JIT],0x0000e48a9738b38c
248345.0,195719,python,[JIT],0x0000e48a97432930
248345.0,195719,python,[JIT],0x0000e48a97432dd8
248345.0,195809,python,[JIT],0x0000e96f05f2f7e4
248345.0,195809,python,[JIT],0x0000e96f05f99c74
248345.0,195809,python,[JIT],0x0000e96f067f4d84
248345.0,195843,python,[JIT],0x0000f826442fe648
248345.0,195843,python,[JIT],0x0000f82644372274
248345.0,195843,python,[JIT],0x0000f826446840a4
248344.0,195984,python,python,_PyUnicode_JoinArray.part.0
248344.0,195984,python,[JIT],0x0000fa70fbeb922c
248344.0,195984,python,[JIT],0x0000fa70fbef40b0
248344.0,195984,python,[JIT],0x0000fa70fbefbaf0
248344.0,195984,python,[JIT],0x0000fa70fc81d610
248344.0,195984,python,[JIT],0x0000fa70fc81d668
248344.0,195984,python,[JIT],0x0000fa70fc81dae4
248344.0,195984,python,[JIT],0x0000fa70fc81ec9c
248344.0,195915,python,[JIT],0x0000e5957bf994fc
248344.0,195915,python,[JIT],0x0000e5957bff59b4
248344.0,195915,python,[JIT],0x0000e5957bff6a2c
248344.0,195915,python,[JIT],0x0000e5957c523568
248344.0,195915,python,[JIT],0x0000e5957c939ac0
248344.0,195775,python,[JIT],0x0000e031bcefcdec
248344.0,195775,python,[JIT],0x0000e031bd502194
248344.0,195775,python,[JIT],0x0000e031bd50b384
248344.0,195775,python,[JIT],0x0000e031bd50bce8
248344.0,195775,python,[JIT],0x0000e031bd85158c
248344.0,195775,python,[JIT],0x0000e031bd85511c
248344.0,195775,python,[JIT],0x0000e031bd85aa80
248344.0,195775,python,[JIT],0x0000e031bd85ae18
248344.0,195946,python,[JIT],0x0000fc22a97a24d4
248344.0,195915,python,[JIT],0x0000e5957c52530c
248344.0,195775,python,[JIT],0x0000e031bd8523b0
248344.0,195775,python,[JIT],0x0000e031bd855890
248344.0,195719,python,[JIT],0x0000e48a96afc6dc
248344.0,195719,python,[JIT],0x0000e48a970ed3bc
248344.0,195719,python,[JIT],0x0000e48a97432614
248344.0,195719,python,[JIT],0x0000e48a9745e218
248344.0,195843,python,[JIT],0x0000f826443721b0
248344.0,195843,python,[JIT],0x0000f82644683038
248344.0,195843,python,[JIT],0x0000f826442f0470
248344.0,195843,python,[JIT],0x0000f826442ff8d8
248344.0,195843,python,[JIT],0x0000f8264433a1c4
248344.0,195843,python,[JIT],0x0000f826445d12d8
248344.0,195843,python,[JIT],0x0000f82644683000
248344.0,195843,python,[JIT],0x0000f82644684f70
248344.0,195843,python,[JIT],0x0000f826446854e8
248344.0,195843,python,[JIT],0x0000f826446aebbc
248344.0,195809,python,[JIT],0x0000e96f068ab034
248343.0,195984,python,[JIT],0x0000fa70fc4fb5f8
248343.0,195984,python,[JIT],0x0000fa70fc76cb88
248343.0,195984,python,[JIT],0x0000fa70fc8115cc
248343.0,195984,python,[JIT],0x0000fa70fc8155bc
248343.0,195984,python,[JIT],0x0000fa70fc81a324
248343.0,195984,python,[JIT],0x0000fa70fc81d110
248343.0,195984,python,[JIT],0x0000fa70fc81db70
248343.0,195984,python,[JIT],0x0000fa70fc81dc64
248343.0,195984,python,[JIT],0x0000fa70fc81e81c
248343.0,195915,python,[JIT],0x0000e5957bff5ad4
248343.0,195915,python,[JIT],0x0000e5957c4ebff8
248343.0,195915,python,[JIT],0x0000e5957c523a2c
248343.0,195915,python,[JIT],0x0000e5957c52506c
248343.0,195915,python,[JIT],0x0000e5957c935554
248343.0,195915,python,[JIT],0x0000e5957c935b90
248343.0,195915,python,[JIT],0x0000e5957c93a2e0
248343.0,195775,python,[JIT],0x0000e031bd4ec15c
248343.0,195775,python,[JIT],0x0000e031bd4f04a8
248343.0,195775,python,[JIT],0x0000e031bd503018
248343.0,195775,python,[JIT],0x0000e031bd50b7a4
248343.0,195775,python,[JIT],0x0000e031bd7a96a0
248343.0,195775,python,[JIT],0x0000e031bd7aab70
248343.0,195775,python,[JIT],0x0000e031bd88748c
248343.0,195946,python,[JIT],0x0000fc22a97a8f00
248343.0,195946,python,[JIT],0x0000fc22a97d4298
248343.0,195915,python,[JIT],0x0000e5957c96523c
248343.0,195775,python,[JIT],0x0000e031bd85a500
248343.0,195719,python,[JIT],0x0000e48a96accf3c
248343.0,195719,python,[JIT],0x0000e48a96afcf44
248343.0,195719,python,[JIT],0x0000e48a970ed444
248343.0,195719,python,[JIT],0x0000e48a970edc3c
248343.0,195719,python,[JIT],0x0000e48a973840dc
248343.0,195809,python,[JIT],0x0000e96f068acbd4
248343.0,195843,python,[JIT],0x0000f826442f8fb8
248343.0,195843,python,[JIT],0x0000f826442f9260
248343.0,195843,python,[JIT],0x0000f8264430aee0
248343.0,195843,python,[JIT],0x0000f826446832dc
248343.0,195843,python,[JIT],0x0000f82644683654
248343.0,195809,python,[JIT],0x0000e96f068d8060
248342.0,195984,python,[JIT],0x0000fa70fc4f5834
248342.0,195984,python,[JIT],0x0000fa70fc503e84
248342.0,195984,python,[JIT],0x0000fa70fc766410
248342.0,195984,python,[JIT],0x0000fa70fc819168
248342.0,195984,python,[JIT],0x0000fa70fc81d444
248342.0,195984,python,[JIT],0x0000fa70fc849438
248342.0,195984,python,[JIT],0x0000fa70fc81f3b4
248342.0,195915,python,[JIT],0x0000e5957bff6a60
248342.0,195915,python,[JIT],0x0000e5957c525ba4
248342.0,195915,python,[JIT],0x0000e5957c93ad24
248342.0,195775,python,[JIT],0x0000e031bd50c978
248342.0,195775,python,[JIT],0x0000e031bd5457d4
248342.0,195775,python,[JIT],0x0000e031bd76e4a4
248342.0,195775,python,[JIT],0x0000e031bd851028
248342.0,195775,python,[JIT],0x0000e031bd8853c0
248342.0,195915,python,[JIT],0x0000e5957c93ab24
248342.0,195915,python,[JIT],0x0000e5957c93acd8
248342.0,195775,python,python,emit__SWAP_2_r12
248342.0,195719,python,[JIT],0x0000e48a96a9810c
248342.0,195719,python,[JIT],0x0000e48a970eb404
248342.0,195719,python,[JIT],0x0000e48a97122ff4
248342.0,195719,python,[JIT],0x0000e48a97388d14
248342.0,195719,python,[JIT],0x0000e48a9743208c
248342.0,195843,python,[JIT],0x0000f82644372c80
248342.0,195809,python,[JIT],0x0000e96f064f3b68
248342.0,195809,python,[JIT],0x0000e96f064f6954
248342.0,195809,python,[JIT],0x0000e96f067f1ae8
248342.0,195843,python,[JIT],0x0000f826442f9b80
248342.0,195843,python,[JIT],0x0000f8264430989c
248342.0,195843,python,[JIT],0x0000f8264433c36c
248342.0,195843,python,[JIT],0x0000f8264433c3b8
248342.0,195843,python,[JIT],0x0000f82644372840
248342.0,195843,python,[JIT],0x0000f826445d8028
248342.0,195843,python,[JIT],0x0000f826445dc08c
248342.0,195843,python,[JIT],0x0000f826446832a8
248342.0,195809,python,python,strlen@plt
248342.0,195809,python,[JIT],0x0000e96f068a6094
248341.0,195984,python,python,_Py_uop_analyze_and_optimize
248341.0,195984,python,[JIT],0x0000fa70fc819050
248341.0,195984,python,[JIT],0x0000fa70fc819670
248341.0,195915,python,[JIT],0x0000e5957c4ec458
248341.0,195915,python,[JIT],0x0000e5957c8889a4
248341.0,195915,python,[JIT],0x0000e5957c931130
248341.0,195775,python,[JIT],0x0000e031bcefd6bc
248341.0,195775,python,[JIT],0x0000e031bd50cbe0
248341.0,195775,python,[JIT],0x0000e031bd8557c8
248341.0,195775,python,[JIT],0x0000e031bd85a000
248341.0,195915,python,[JIT],0x0000e5957c528a60
248341.0,195775,python,[JIT],0x0000e031bd855b08
248341.0,195719,python,[JIT],0x0000e48a96acd1d8
248341.0,195719,python,[JIT],0x0000e48a96afcc48
248341.0,195719,python,[JIT],0x0000e48a970eda00
248341.0,195719,python,[JIT],0x0000e48a9712b3a8
248341.0,195719,python,[JIT],0x0000e48a97388314
248341.0,195719,python,[JIT],0x0000e48a97388db0
248341.0,195719,python,[JIT],0x0000e48a9743141c
248341.0,195719,python,[JIT],0x0000e48a974316f8
248341.0,195843,python,[JIT],0x0000f8264468350c
248341.0,195809,python,python,_Py_dict_lookup
248341.0,195809,python,[JIT],0x0000e96f067f1708
248341.0,195809,python,[JIT],0x0000e96f068ab340
248341.0,195843,python,python,_Py_dict_lookup
248341.0,195843,python,[JIT],0x0000f8264430f478
248341.0,195843,python,[JIT],0x0000f82644372a24
248341.0,195843,python,[JIT],0x0000f82644683fb8
248340.0,195984,python,[JIT],0x0000fa70fbebdb9c
248340.0,195984,python,[JIT],0x0000fa70fbebe6f8
248340.0,195984,python,[JIT],0x0000fa70fc4f6f80
248340.0,195984,python,[JIT],0x0000fa70fc81e3b0
248340.0,195915,python,[JIT],0x0000e5957bff57c0
248340.0,195915,python,[JIT],0x0000e5957c525418
248340.0,195915,python,[JIT],0x0000e5957c888cd0
248340.0,195915,python,[JIT],0x0000e5957c966428
248340.0,195775,python,[kernel.kallsyms],__pi_clear_page
248340.0,195775,python,[JIT],0x0000e031bd50c3d4
248340.0,195775,python,[JIT],0x0000e031bd54366c
248340.0,195775,python,[JIT],0x0000e031bd76ea4c
248340.0,195775,python,[JIT],0x0000e031bd887590
248340.0,195719,python,[JIT],0x0000e48a96acbc5c
248340.0,195719,python,[JIT],0x0000e48a970ee04c
248340.0,195719,python,[JIT],0x0000e48a9712b494
248340.0,195719,python,[JIT],0x0000e48a97388dc4
248340.0,195719,python,[JIT],0x0000e48a97432340
248340.0,195719,python,[JIT],0x0000e48a97432ba0
248340.0,195719,python,[JIT],0x0000e48a9745c214
248340.0,195809,python,[JIT],0x0000e96f05f98054
248340.0,195809,python,[JIT],0x0000e96f064f52d0
248340.0,195809,python,[JIT],0x0000e96f064f5674
248340.0,195809,python,[JIT],0x0000e96f067f98d8
248340.0,195809,python,[JIT],0x0000e96f068a315c
248340.0,195809,python,[JIT],0x0000e96f068a61e4
248340.0,195809,python,[JIT],0x0000e96f068a6724
248340.0,195809,python,[JIT],0x0000e96f068a67ec
248340.0,195809,python,[JIT],0x0000e96f068abd38
248340.0,195843,python,[kernel.kallsyms],handle_pte_fault
248340.0,195843,python,[JIT],0x0000f826442f3634
248340.0,195843,python,[JIT],0x0000f826442fd484
248340.0,195843,python,[JIT],0x0000f826443382c0
248340.0,195843,python,[JIT],0x0000f8264433bee0
248340.0,195843,python,[JIT],0x0000f82644372aa8
248340.0,195843,python,[JIT],0x0000f82644683434
248340.0,195843,python,[JIT],0x0000f82644684b24
248340.0,195843,python,[JIT],0x0000f82644684b34
248340.0,195809,python,[JIT],0x0000e96f067f41d4
248339.0,195984,python,[JIT],0x0000fa70fc4f58f4
248339.0,195984,python,[JIT],0x0000fa70fc4f6a24
248339.0,195984,python,[JIT],0x0000fa70fc4fb1f8
248339.0,195984,python,[JIT],0x0000fa70fc4fb400
248339.0,195984,python,[JIT],0x0000fa70fc504b20
248339.0,195984,python,[JIT],0x0000fa70fc72e29c
248339.0,195984,python,[JIT],0x0000fa70fc72e750
248339.0,195984,python,[JIT],0x0000fa70fc72e824
248339.0,195984,python,[JIT],0x0000fa70fc81104c
248339.0,195984,python,[JIT],0x0000fa70fc8186b0
248339.0,195915,python,[JIT],0x0000e5957bfc8534
248339.0,195915,python,[JIT],0x0000e5957bff7084
248339.0,195915,python,[JIT],0x0000e5957c5238bc
248339.0,195915,python,[JIT],0x0000e5957c934fac
248339.0,195915,python,[JIT],0x0000e5957c939428
248339.0,195775,python,[JIT],0x0000e031bd5031f0
248339.0,195775,python,[JIT],0x0000e031bd50c8bc
248339.0,195775,python,[JIT],0x0000e031bd50cd8c
248339.0,195775,python,[JIT],0x0000e031bd7aa6c8
248339.0,195775,python,[JIT],0x0000e031bd856134
248339.0,195775,python,[JIT],0x0000e031bd85b8c0
248339.0,195946,python,[JIT],0x0000fc22a97d3030
248339.0,195775,python,[JIT],0x0000e031bd855530
248339.0,195719,python,[JIT],0x0000e48a96acca6c
248339.0,195719,python,[JIT],0x0000e48a96afba0c
248339.0,195719,python,[JIT],0x0000e48a97388e1c
248339.0,195719,python,[JIT],0x0000e48a97432b30
248339.0,195809,python,[JIT],0x0000e96f064ec638
248339.0,195843,python,python,PyNumber_FloorDivide
248339.0,195843,python,[JIT],0x0000f8264433ca7c
248339.0,195843,python,[JIT],0x0000f826445d8994
248339.0,195843,python,[JIT],0x0000f82644682140
248339.0,195843,python,[JIT],0x0000f82644683f78
248339.0,195843,python,[JIT],0x0000f826446843dc
248339.0,195843,python,[JIT],0x0000f82644684b88
248339.0,195809,python,python,supercheck
248338.0,195984,python,[JIT],0x0000fa70fbebd3a0
248338.0,195984,python,[JIT],0x0000fa70fbef7e08
248338.0,195984,python,[JIT],0x0000fa70fc4f6b3c
248338.0,195984,python,[JIT],0x0000fa70fc503dfc
248338.0,195984,python,[JIT],0x0000fa70fc76397c
248338.0,195984,python,[JIT],0x0000fa70fc76cda4
248338.0,195984,python,[JIT],0x0000fa70fc818d08
248338.0,195984,python,[JIT],0x0000fa70fc81dadc
248338.0,195984,python,[JIT],0x0000fa70fc81e0e0
248338.0,195984,python,[JIT],0x0000fa70fc81ece0
248338.0,195984,python,[JIT],0x0000fa70fc849640
248338.0,195984,python,[JIT],0x0000fa70fc812548
248338.0,195915,python,[JIT],0x0000e5957bf9d230
248338.0,195915,python,[JIT],0x0000e5957bfc4320
248338.0,195915,python,[JIT],0x0000e5957c4ec9d8
248338.0,195915,python,[JIT],0x0000e5957c4ecd0c
248338.0,195915,python,[JIT],0x0000e5957c939c68
248338.0,195775,python,[JIT],0x0000e031bd507224
248338.0,195775,python,[JIT],0x0000e031bd7a8164
248338.0,195775,python,[JIT],0x0000e031bd8555f4
248338.0,195775,python,[JIT],0x0000e031bd855a30
248338.0,195775,python,[JIT],0x0000e031bd8560a0
248338.0,195946,python,[JIT],0x0000fc22a94f4b70
248338.0,195946,python,[JIT],0x0000fc22a97a8584
248338.0,195775,python,[JIT],0x0000e031bd7a9cc0
248338.0,195775,python,[JIT],0x0000e031bd85ba1c
248338.0,195719,python,[JIT],0x0000e48a96a91d20
248338.0,195719,python,[JIT],0x0000e48a96afbb1c
248338.0,195719,python,[JIT],0x0000e48a9712b1f8
248338.0,195843,python,[JIT],0x0000f82644372bfc
248338.0,195809,python,[JIT],0x0000e96f067f1954
248338.0,195843,python,[JIT],0x0000f8264433b074
248338.0,195843,python,[JIT],0x0000f82644683874
248338.0,195843,python,[JIT],0x0000f82644683c34
248338.0,195843,python,[JIT],0x0000f82644683d28
248338.0,195843,python,[JIT],0x0000f8264468457c
248338.0,195843,python,[JIT],0x0000f826446af868
248338.0,195809,python,[JIT],0x0000e96f068a6b08
248337.0,195984,python,[JIT],0x0000fa70fbebd850
248337.0,195984,python,[JIT],0x0000fa70fc7620c4
248337.0,195984,python,[JIT],0x0000fa70fc7636b0
248337.0,195984,python,[JIT],0x0000fa70fc7636b4
248337.0,195984,python,[JIT],0x0000fa70fc76b500
248337.0,195984,python,[JIT],0x0000fa70fc76c34c
248337.0,195984,python,[JIT],0x0000fa70fc76cbac
248337.0,195984,python,[JIT],0x0000fa70fc76cf5c
248337.0,195984,python,[JIT],0x0000fa70fc81d568
248337.0,195984,python,[JIT],0x0000fa70fc81dbec
248337.0,195984,python,[JIT],0x0000fa70fc8487e8
248337.0,195984,python,[JIT],0x0000fa70fc849648
248337.0,195984,python,[JIT],0x0000fa70fc76639c
248337.0,195984,python,[JIT],0x0000fa70fc81a40c
248337.0,195915,python,[JIT],0x0000e5957bf99fa0
248337.0,195915,python,[JIT],0x0000e5957bff58cc
248337.0,195915,python,[JIT],0x0000e5957c4eb438
248337.0,195915,python,[JIT],0x0000e5957c5252c8
248337.0,195915,python,[JIT],0x0000e5957c887444
248337.0,195915,python,[JIT],0x0000e5957c88903c
248337.0,195915,python,[JIT],0x0000e5957c8899ac
248337.0,195915,python,[JIT],0x0000e5957c88c57c
248337.0,195915,python,[JIT],0x0000e5957c934ea8
248337.0,195915,python,[JIT],0x0000e5957c939f20
248337.0,195915,python,[JIT],0x0000e5957c93b1f4
248337.0,195915,python,[JIT],0x0000e5957c9665b4
248337.0,195775,python,[JIT],0x0000e031bceff174
248337.0,195775,python,[JIT],0x0000e031bd501da0
248337.0,195775,python,[JIT],0x0000e031bd7a9cb0
248337.0,195775,python,[JIT],0x0000e031bd856768
248337.0,195775,python,[JIT],0x0000e031bd85a138
248337.0,195775,python,[JIT],0x0000e031bd85baf4
248337.0,195775,python,[JIT],0x0000e031bd88728c
248337.0,195946,python,[JIT],0x0000fc22a96f3150
248337.0,195946,python,[JIT],0x0000fc22a96f5550
248337.0,195946,python,[JIT],0x0000fc22a97a1118
248337.0,195719,python,[JIT],0x0000e48a970eea9c
248337.0,195719,python,[JIT],0x0000e48a9738c7f8
248337.0,195719,python,[JIT],0x0000e48a974321a8
248337.0,195809,python,[JIT],0x0000e96f05f517b0
248337.0,195809,python,[JIT],0x0000e96f064eb680
248337.0,195809,python,[JIT],0x0000e96f068a61f8
248337.0,195809,python,[JIT],0x0000e96f068ac608
248337.0,195843,python,python,PyDict_GetItemRef
248337.0,195843,python,[JIT],0x0000f826442f454c
248337.0,195843,python,[JIT],0x0000f82644309678
248337.0,195843,python,[JIT],0x0000f8264437283c
248337.0,195843,python,[JIT],0x0000f826445db5dc
248337.0,195843,python,[JIT],0x0000f826445dc56c
248337.0,195843,python,[JIT],0x0000f826446b05cc
248337.0,195809,python,[JIT],0x0000e96f068a32ac
248337.0,195809,python,[JIT],0x0000e96f068ab794
248336.0,195984,python,[JIT],0x0000fa70fc76c070
248336.0,195984,python,[JIT],0x0000fa70fc76cea8
248336.0,195984,python,[JIT],0x0000fa70fc81da48
248336.0,195984,python,[JIT],0x0000fa70fc81eb60
248336.0,195915,python,[JIT],0x0000e5957bff6960
248336.0,195915,python,[JIT],0x0000e5957bff6d6c
248336.0,195915,python,[JIT],0x0000e5957c52345c
248336.0,195915,python,[JIT],0x0000e5957c93621c
248336.0,195915,python,[JIT],0x0000e5957c966178
248336.0,195775,python,[JIT],0x0000e031bd5037b4
248336.0,195775,python,[JIT],0x0000e031bd85157c
248336.0,195775,python,[JIT],0x0000e031bd857580
248336.0,195775,python,[JIT],0x0000e031bd85c1a4
248336.0,195775,python,[JIT],0x0000e031bd887334
248336.0,195915,python,[JIT],0x0000e5957c888594
248336.0,195775,python,[JIT],0x0000e031bd85a2d8
248336.0,195719,python,[JIT],0x0000e48a96af6d2c
248336.0,195719,python,[JIT],0x0000e48a9712ac54
248336.0,195719,python,[JIT],0x0000e48a97432fd8
248336.0,195719,python,[JIT],0x0000e48a9745e4cc
248336.0,195843,python,[JIT],0x0000f826445db11c
248336.0,195809,python,[JIT],0x0000e96f068a7c48
248336.0,195843,python,[JIT],0x0000f82644331c24
248336.0,195843,python,[JIT],0x0000f826443387a4
248336.0,195843,python,[JIT],0x0000f82644338934
248336.0,195843,python,[JIT],0x0000f82644373140
248336.0,195843,python,[JIT],0x0000f826445d1fe8
248336.0,195843,python,[JIT],0x0000f826445d85cc
248336.0,195843,python,[JIT],0x0000f826445dbfe8
248336.0,195843,python,[JIT],0x0000f826446b0310
248335.0,195984,python,[JIT],0x0000fa70fc763124
248335.0,195984,python,[JIT],0x0000fa70fc76c9d8
248335.0,195984,python,[JIT],0x0000fa70fc81eb90
248335.0,195915,python,python,_PySuper_Lookup
248335.0,195915,python,[JIT],0x0000e5957bff68f0
248335.0,195915,python,[JIT],0x0000e5957c4ec290
248335.0,195915,python,[JIT],0x0000e5957c525414
248335.0,195915,python,[JIT],0x0000e5957c525794
248335.0,195915,python,[JIT],0x0000e5957c934070
248335.0,195915,python,[JIT],0x0000e5957c934504
248335.0,195915,python,[JIT],0x0000e5957c934cd4
248335.0,195915,python,[JIT],0x0000e5957c93a3a0
248335.0,195775,python,[JIT],0x0000e031bd4f6484
248335.0,195775,python,[JIT],0x0000e031bd50b8a0
248335.0,195775,python,[JIT],0x0000e031bd7a9518
248335.0,195775,python,[JIT],0x0000e031bd851410
248335.0,195775,python,[JIT],0x0000e031bd855688
248335.0,195775,python,[JIT],0x0000e031bd85a520
248335.0,195775,python,[JIT],0x0000e031bd85a964
248335.0,195775,python,[JIT],0x0000e031bd85a20c
248335.0,195719,python,[JIT],0x0000e48a9712b108
248335.0,195719,python,[JIT],0x0000e48a973896b4
248335.0,195719,python,[JIT],0x0000e48a9745c0e4
248335.0,195719,python,[JIT],0x0000e48a9745e3f0
248335.0,195719,python,[JIT],0x0000e48a9745e4dc
248335.0,195843,python,[kernel.kallsyms],folio_add_lru
248335.0,195843,python,[JIT],0x0000f82644377b80
248335.0,195843,python,[JIT],0x0000f826445dc0b8
248335.0,195809,python,[JIT],0x0000e96f05f233c4
248335.0,195809,python,[JIT],0x0000e96f05f5c2ac
248335.0,195809,python,[JIT],0x0000e96f064f3b58
248335.0,195843,python,[JIT],0x0000f82644309da0
248335.0,195843,python,[JIT],0x0000f826445dc990
248334.0,195984,python,[JIT],0x0000fa70fbebdb08
248334.0,195984,python,[JIT],0x0000fa70fbebe5e8
248334.0,195984,python,[JIT],0x0000fa70fbef4fb0
248334.0,195984,python,[JIT],0x0000fa70fc4f5ff4
248334.0,195984,python,[JIT],0x0000fa70fc763bc4
248334.0,195984,python,[JIT],0x0000fa70fc76ce24
248334.0,195984,python,[JIT],0x0000fa70fc8111c4
248334.0,195984,python,[JIT],0x0000fa70fc815204
248334.0,195984,python,[JIT],0x0000fa70fc815d48
248334.0,195984,python,[JIT],0x0000fa70fc819908
248334.0,195984,python,[JIT],0x0000fa70fc81a14c
248334.0,195984,python,[JIT],0x0000fa70fc81d600
248334.0,195915,python,[JIT],0x0000e5957bfc7ca4
248334.0,195915,python,[JIT],0x0000e5957c84e804
248334.0,195915,python,[JIT],0x0000e5957c8870f4
248334.0,195915,python,[JIT],0x0000e5957c88c298
248334.0,195915,python,[JIT],0x0000e5957c932204
248334.0,195915,python,[JIT],0x0000e5957c935b74
248334.0,195915,python,[JIT],0x0000e5957c9390f0
248334.0,195915,python,[JIT],0x0000e5957c93a53c
248334.0,195915,python,[JIT],0x0000e5957c93a7d0
248334.0,195775,python,[JIT],0x0000e031bd886848
248334.0,195775,python,[JIT],0x0000e031bd88734c
248334.0,195775,python,[JIT],0x0000e031bd887910
248334.0,195946,python,python,_Py_NewReference
248334.0,195775,python,[JIT],0x0000e031bd548df4
248334.0,195775,python,[JIT],0x0000e031bd7a103c
248334.0,195719,python,[JIT],0x0000e48a96a95188
248334.0,195719,python,[JIT],0x0000e48a96af60a8
248334.0,195719,python,[JIT],0x0000e48a970ed2a0
248334.0,195719,python,[JIT],0x0000e48a97384528
248334.0,195719,python,[JIT],0x0000e48a974310c4
248334.0,195719,python,[JIT],0x0000e48a97431d08
248334.0,195809,python,[JIT],0x0000e96f067f95cc
248334.0,195809,python,[JIT],0x0000e96f068abab0
248334.0,195843,python,[JIT],0x0000f826442f8964
248334.0,195843,python,[JIT],0x0000f8264430a918
248334.0,195843,python,[JIT],0x0000f8264433b3a8
248334.0,195843,python,[JIT],0x0000f826445d2fa4
248334.0,195843,python,[JIT],0x0000f826445dd264
248334.0,195843,python,[JIT],0x0000f82644683c58
248334.0,195843,python,[JIT],0x0000f826446b0918
248334.0,195809,python,[JIT],0x0000e96f068ac74c
248333.0,195984,python,[JIT],0x0000fa70fbef54d8
248333.0,195984,python,[JIT],0x0000fa70fc72edf8
248333.0,195984,python,[JIT],0x0000fa70fc763cbc
248333.0,195984,python,[JIT],0x0000fa70fc815a84
248333.0,195984,python,[JIT],0x0000fa70fc81984c
248333.0,195984,python,[JIT],0x0000fa70fc5091d8
248333.0,195984,python,[JIT],0x0000fa70fc8112d0
248333.0,195915,python,[JIT],0x0000e5957bff6f50
248333.0,195915,python,[JIT],0x0000e5957c4eb5ec
248333.0,195915,python,[JIT],0x0000e5957c88975c
248333.0,195775,python,[JIT],0x0000e031bd4eb100
248333.0,195775,python,[JIT],0x0000e031bd4f616c
248333.0,195775,python,[JIT],0x0000e031bd501054
248333.0,195775,python,[JIT],0x0000e031bd7a9220
248333.0,195775,python,[JIT],0x0000e031bd7a9f9c
248333.0,195775,python,[JIT],0x0000e031bd852b88
248333.0,195775,python,[JIT],0x0000e031bd855df4
248333.0,195775,python,[JIT],0x0000e031bd85c8a8
248333.0,195775,python,[JIT],0x0000e031bd5491bc
248333.0,195719,python,[JIT],0x0000e48a96acc884
248333.0,195719,python,[JIT],0x0000e48a97383108
248333.0,195719,python,[JIT],0x0000e48a9738c924
248333.0,195719,python,[JIT],0x0000e48a9745e9b4
248333.0,195843,python,[JIT],0x0000f826446ae2cc
248333.0,195843,python,[JIT],0x0000f8264433b9bc
248333.0,195843,python,[JIT],0x0000f8264433c690
248333.0,195843,python,[JIT],0x0000f826446821cc
248333.0,195843,python,[JIT],0x0000f826446835c4
248333.0,195843,python,[JIT],0x0000f82644684584
248333.0,195843,python,[JIT],0x0000f82644684a40
248333.0,195843,python,[JIT],0x0000f82644685004
248333.0,195843,python,[JIT],0x0000f826446ae194
248332.0,195984,python,[JIT],0x0000fa70fc50358c
248332.0,195984,python,[JIT],0x0000fa70fc503af4
248332.0,195984,python,[JIT],0x0000fa70fc763780
248332.0,195984,python,[JIT],0x0000fa70fc76c96c
248332.0,195984,python,[JIT],0x0000fa70fc76cd5c
248332.0,195984,python,[JIT],0x0000fa70fc76d044
248332.0,195984,python,[JIT],0x0000fa70fc76d468
248332.0,195984,python,[JIT],0x0000fa70fc818114
248332.0,195984,python,[JIT],0x0000fa70fc818260
248332.0,195984,python,[JIT],0x0000fa70fc818470
248332.0,195984,python,[JIT],0x0000fa70fc84a064
248332.0,195915,python,[JIT],0x0000e5957bf9c560
248332.0,195915,python,[JIT],0x0000e5957bf9d120
248332.0,195915,python,[JIT],0x0000e5957bff50ac
248332.0,195915,python,[JIT],0x0000e5957c52571c
248332.0,195915,python,[JIT],0x0000e5957c88c5b4
248332.0,195915,python,[JIT],0x0000e5957c934604
248332.0,195915,python,[JIT],0x0000e5957c935780
248332.0,195915,python,[JIT],0x0000e5957c935924
248332.0,195915,python,[JIT],0x0000e5957c935c70
248332.0,195915,python,[JIT],0x0000e5957c964008
248332.0,195775,python,[JIT],0x0000e031bcefc890
248332.0,195775,python,[JIT],0x0000e031bd4f57fc
248332.0,195775,python,[JIT],0x0000e031bd54246c
248332.0,195775,python,[JIT],0x0000e031bd7a9118
248332.0,195775,python,[JIT],0x0000e031bd8551a8
248332.0,195775,python,[JIT],0x0000e031bd856300
248332.0,195775,python,[JIT],0x0000e031bd887410
248332.0,195946,python,[JIT],0x0000fc22a97a7e88
248332.0,195775,python,[JIT],0x0000e031bd889018
248332.0,195719,python,[JIT],0x0000e48a96a94bc8
248332.0,195719,python,[JIT],0x0000e48a96afbbc8
248332.0,195719,python,[JIT],0x0000e48a970ed0f0
248332.0,195719,python,[JIT],0x0000e48a9738435c
248332.0,195719,python,[JIT],0x0000e48a9738b940
248332.0,195719,python,[JIT],0x0000e48a9738bfbc
248332.0,195719,python,[JIT],0x0000e48a9738d45c
248332.0,195719,python,[JIT],0x0000e48a97432118
248332.0,195719,python,[JIT],0x0000e48a97432aac
248332.0,195809,python,[JIT],0x0000e96f05f99b30
248332.0,195809,python,[JIT],0x0000e96f067fa698
248332.0,195843,python,[JIT],0x0000f826442fc15c
248332.0,195843,python,[JIT],0x0000f8264433c35c
248332.0,195843,python,[JIT],0x0000f82644371034
248332.0,195843,python,[JIT],0x0000f82644372c94
248332.0,195843,python,[JIT],0x0000f826445d14f0
248332.0,195843,python,[JIT],0x0000f826446821fc
248332.0,195843,python,[JIT],0x0000f826446af860
248331.0,195984,python,[JIT],0x0000fa70fbef80f0
248331.0,195984,python,[JIT],0x0000fa70fbef8c9c
248331.0,195984,python,[JIT],0x0000fa70fc76da18
248331.0,195984,python,[JIT],0x0000fa70fc81d0ec
248331.0,195984,python,[JIT],0x0000fa70fc76999c
248331.0,195984,python,[JIT],0x0000fa70fc76d808
248331.0,195984,python,[JIT],0x0000fa70fc81def4
248331.0,195915,python,[JIT],0x0000e5957c4ebedc
248331.0,195915,python,[JIT],0x0000e5957c9350fc
248331.0,195775,python,python,PyObject_ClearWeakRefs
248331.0,195775,python,[JIT],0x0000e031bd4f23b4
248331.0,195775,python,[JIT],0x0000e031bd50311c
248331.0,195775,python,[JIT],0x0000e031bd76e4c8
248331.0,195775,python,[JIT],0x0000e031bd885108
248331.0,195775,python,[JIT],0x0000e031bd85a824
248331.0,195719,python,[JIT],0x0000e48a973831d0
248331.0,195719,python,[JIT],0x0000e48a974318ac
248331.0,195719,python,[JIT],0x0000e48a97431a9c
248331.0,195843,python,[JIT],0x0000f826446830c4
248331.0,195809,python,[JIT],0x0000e96f064f34fc
248331.0,195809,python,[JIT],0x0000e96f064f52e8
248331.0,195809,python,[JIT],0x0000e96f064f68c8
248331.0,195809,python,[JIT],0x0000e96f068a4980
248331.0,195809,python,[JIT],0x0000e96f068ab8a0
248331.0,195809,python,[JIT],0x0000e96f068d60cc
248331.0,195843,python,python,_PyOptimizer_Optimize
248331.0,195843,python,[kernel.kallsyms],__task_pid_nr_ns
248331.0,195843,python,[JIT],0x0000f826442f9274
248331.0,195843,python,[JIT],0x0000f826445dbbb4
248331.0,195843,python,[JIT],0x0000f82644682260
248331.0,195809,python,[JIT],0x0000e96f068a32f4
248330.0,195984,python,[JIT],0x0000fa70fc4f697c
248330.0,195984,python,[JIT],0x0000fa70fc4fb2e0
248330.0,195984,python,[JIT],0x0000fa70fc72ec6c
248330.0,195984,python,[JIT],0x0000fa70fc76d91c
248330.0,195984,python,[JIT],0x0000fa70fc81a5b4
248330.0,195984,python,[JIT],0x0000fa70fc81e7d4
248330.0,195984,python,[JIT],0x0000fa70fc8491e0
248330.0,195984,python,[JIT],0x0000fa70fc81d4f4
248330.0,195984,python,[JIT],0x0000fa70fc81db50
248330.0,195915,python,[JIT],0x0000e5957bff6edc
248330.0,195915,python,[JIT],0x0000e5957c936050
248330.0,195775,python,[JIT],0x0000e031bd501df0
248330.0,195775,python,[JIT],0x0000e031bd85500c
248330.0,195946,python,[JIT],0x0000fc22a94f4300
248330.0,195946,python,[JIT],0x0000fc22a97a8164
248330.0,195719,python,[JIT],0x0000e48a96acb610
248330.0,195719,python,[JIT],0x0000e48a9712a5d8
248330.0,195719,python,[JIT],0x0000e48a973811e0
248330.0,195719,python,[JIT],0x0000e48a9738800c
248330.0,195719,python,[JIT],0x0000e48a973890e4
248330.0,195843,python,[JIT],0x0000f826446b0354
248330.0,195843,python,[JIT],0x0000f826442fecf4
248330.0,195843,python,[JIT],0x0000f8264433b2a0
248330.0,195843,python,[JIT],0x0000f8264433c21c
248330.0,195843,python,[JIT],0x0000f82644372260
248329.0,195984,python,[JIT],0x0000fa70fc72e36c
248329.0,195984,python,[JIT],0x0000fa70fc819630
248329.0,195984,python,[JIT],0x0000fa70fc81a49c
248329.0,195984,python,[JIT],0x0000fa70fc81d698
248329.0,195775,python,[JIT],0x0000e031bd501d6c
248329.0,195775,python,[JIT],0x0000e031bd50b67c
248329.0,195775,python,[JIT],0x0000e031bd545d9c
248329.0,195775,python,[JIT],0x0000e031bd8532ec
248329.0,195775,python,[JIT],0x0000e031bd855d18
248329.0,195775,python,[JIT],0x0000e031bd85aab0
248329.0,195775,python,[JIT],0x0000e031bd5453d8
248329.0,195775,python,[JIT],0x0000e031bd8552d8
248329.0,195719,python,python,_PyObject_Malloc
248329.0,195719,python,[JIT],0x0000e48a96a97130
248329.0,195719,python,[JIT],0x0000e48a96af3098
248329.0,195719,python,[JIT],0x0000e48a970ed2b0
248329.0,195719,python,[JIT],0x0000e48a9712aae8
248329.0,195719,python,[JIT],0x0000e48a97388708
248329.0,195719,python,[JIT],0x0000e48a974318e4
248329.0,195809,python,[JIT],0x0000e96f05f57088
248329.0,195809,python,[JIT],0x0000e96f064f5290
248329.0,195809,python,[JIT],0x0000e96f064f6394
248329.0,195809,python,[JIT],0x0000e96f067bf0a8
248329.0,195809,python,[JIT],0x0000e96f067f9d14
248329.0,195843,python,[JIT],0x0000f826442f88b0
248329.0,195843,python,[JIT],0x0000f8264430a2f0
248329.0,195843,python,[JIT],0x0000f8264430f3a4
248329.0,195843,python,[JIT],0x0000f826443722fc
248329.0,195843,python,[JIT],0x0000f826445d8ec8
248329.0,195843,python,[JIT],0x0000f82644682334
248329.0,195843,python,[JIT],0x0000f826446825cc
248329.0,195843,python,[JIT],0x0000f8264468366c
248329.0,195809,python,[JIT],0x0000e96f068ad3ac
248328.0,195984,python,[JIT],0x0000fa70fc4ed080
248328.0,195984,python,[JIT],0x0000fa70fc503fec
248328.0,195984,python,[JIT],0x0000fa70fc504afc
248328.0,195984,python,[JIT],0x0000fa70fc81d6b4
248328.0,195984,python,[JIT],0x0000fa70fc81de84
248328.0,195984,python,[JIT],0x0000fa70fc81ef98
248328.0,195984,python,[JIT],0x0000fa70fc8486b8
248328.0,195915,python,[JIT],0x0000e5957bfc8148
248328.0,195915,python,[JIT],0x0000e5957bff6f14
248328.0,195915,python,[JIT],0x0000e5957c939e20
248328.0,195775,python,[JIT],0x0000e031bcef1224
248328.0,195775,python,[JIT],0x0000e031bd4f1184
248328.0,195775,python,[JIT],0x0000e031bd501e00
248328.0,195775,python,[JIT],0x0000e031bd502d6c
248328.0,195775,python,[JIT],0x0000e031bd50d670
248328.0,195775,python,[JIT],0x0000e031bd545c9c
248328.0,195775,python,[JIT],0x0000e031bd852060
248328.0,195775,python,[JIT],0x0000e031bd85ade0
248328.0,195775,python,[JIT],0x0000e031bd85b0bc
248328.0,195775,python,[JIT],0x0000e031bd85b774
248328.0,195915,python,[JIT],0x0000e5957c93a05c
248328.0,195719,python,[JIT],0x0000e48a96a9173c
248328.0,195719,python,[JIT],0x0000e48a96afc38c
248328.0,195719,python,[JIT],0x0000e48a96afcd34
248328.0,195719,python,[JIT],0x0000e48a97388178
248328.0,195719,python,[JIT],0x0000e48a9738b548
248328.0,195719,python,[JIT],0x0000e48a9738bea8
248328.0,195719,python,[JIT],0x0000e48a97431adc
248328.0,195719,python,[JIT],0x0000e48a9745e4b4
248328.0,195809,python,[JIT],0x0000e96f05f5d0d0
248328.0,195809,python,[JIT],0x0000e96f064ec068
248328.0,195809,python,[JIT],0x0000e96f064f6568
248328.0,195809,python,[JIT],0x0000e96f067fa8f8
248328.0,195809,python,[JIT],0x0000e96f068ab1dc
248328.0,195809,python,[JIT],0x0000e96f068d76f8
248328.0,195843,python,[JIT],0x0000f826442f8f0c
248328.0,195843,python,[JIT],0x0000f8264430f7c4
248328.0,195843,python,[JIT],0x0000f8264433b76c
248328.0,195843,python,[JIT],0x0000f826446b0840
248328.0,195809,python,[JIT],0x0000e96f068abc3c
248327.0,195984,python,[JIT],0x0000fa70fbefcc9c
248327.0,195984,python,[JIT],0x0000fa70fc504bb8
248327.0,195984,python,[JIT],0x0000fa70fc76cbdc
248327.0,195984,python,[JIT],0x0000fa70fc50856c
248327.0,195984,python,[JIT],0x0000fa70fc763228
248327.0,195915,python,[JIT],0x0000e5957bf99564
248327.0,195915,python,[JIT],0x0000e5957bfc4578
248327.0,195915,python,[JIT],0x0000e5957bfc8378
248327.0,195915,python,[JIT],0x0000e5957c887210
248327.0,195915,python,[JIT],0x0000e5957c939c64
248327.0,195915,python,[JIT],0x0000e5957c93ac3c
248327.0,195915,python,[JIT],0x0000e5957c9663c8
248327.0,195915,python,[JIT],0x0000e5957c9669e4
248327.0,195775,python,[JIT],0x0000e031bd4f1ff8
248327.0,195775,python,[JIT],0x0000e031bd4f43ac
248327.0,195775,python,[JIT],0x0000e031bd501d8c
248327.0,195775,python,[JIT],0x0000e031bd5025b8
248327.0,195775,python,[JIT],0x0000e031bd7a931c
248327.0,195775,python,[JIT],0x0000e031bd851334
248327.0,195775,python,[JIT],0x0000e031bd85aba8
248327.0,195775,python,[JIT],0x0000e031bd8873b0
248327.0,195719,python,[JIT],0x0000e48a96a94f70
248327.0,195719,python,[JIT],0x0000e48a96afbba4
248327.0,195719,python,[JIT],0x0000e48a96afc49c
248327.0,195719,python,[JIT],0x0000e48a9712a25c
248327.0,195719,python,[JIT],0x0000e48a9738bc04
248327.0,195719,python,[JIT],0x0000e48a97432840
248327.0,195719,python,[JIT],0x0000e48a974338b4
248327.0,195843,python,[JIT],0x0000f826445d25ec
248327.0,195809,python,[JIT],0x0000e96f05f98a94
248327.0,195809,python,[JIT],0x0000e96f05f99f60
248327.0,195809,python,[JIT],0x0000e96f064eb2e4
248327.0,195809,python,[JIT],0x0000e96f064f30d0
248327.0,195809,python,[JIT],0x0000e96f064f6c74
248327.0,195809,python,[JIT],0x0000e96f067be03c
248327.0,195809,python,[JIT],0x0000e96f068a7594
248327.0,195809,python,[JIT],0x0000e96f068a8124
248327.0,195809,python,[JIT],0x0000e96f068ab064
248327.0,195809,python,[JIT],0x0000e96f068abf80
248327.0,195843,python,[JIT],0x0000f826442f902c
248327.0,195843,python,[JIT],0x0000f8264459e0ac
248327.0,195843,python,[JIT],0x0000f826445d2b64
248327.0,195843,python,[JIT],0x0000f8264468372c
248327.0,195843,python,[JIT],0x0000f826446ae538
248327.0,195809,python,[JIT],0x0000e96f064fba58
248327.0,195809,python,[JIT],0x0000e96f068a62dc
248327.0,195809,python,[JIT],0x0000e96f068a6890
248327.0,195809,python,[JIT],0x0000e96f068a6f50
248327.0,195809,python,[JIT],0x0000e96f068ac774
248326.0,195984,python,[JIT],0x0000fa70fbebd734
248326.0,195984,python,[JIT],0x0000fa70fbebe2d4
248326.0,195984,python,[JIT],0x0000fa70fc4fb27c
248326.0,195984,python,[JIT],0x0000fa70fc7632f4
248326.0,195984,python,[JIT],0x0000fa70fc76b0f4
248326.0,195984,python,[JIT],0x0000fa70fc81518c
248326.0,195984,python,[JIT],0x0000fa70fc8154e4
248326.0,195984,python,[JIT],0x0000fa70fc816268
248326.0,195984,python,[JIT],0x0000fa70fc819778
248326.0,195984,python,[JIT],0x0000fa70fc81dc28
248326.0,195915,python,[JIT],0x0000e5957bff5c1c
248326.0,195915,python,[JIT],0x0000e5957c4ebb34
248326.0,195915,python,[JIT],0x0000e5957c84e480
248326.0,195775,python,[JIT],0x0000e031bd5020fc
248326.0,195775,python,[JIT],0x0000e031bd502268
248326.0,195775,python,[JIT],0x0000e031bd50ef78
248326.0,195775,python,[JIT],0x0000e031bd7a9244
248326.0,195775,python,[JIT],0x0000e031bd7aa018
248326.0,195775,python,[JIT],0x0000e031bd852168
248326.0,195775,python,[JIT],0x0000e031bd8522c8
248326.0,195775,python,[JIT],0x0000e031bd855704
248326.0,195775,python,[JIT],0x0000e031bd85d6d8
248326.0,195915,python,[JIT],0x0000e5957c939fec
248326.0,195915,python,[JIT],0x0000e5957c93ad5c
248326.0,195775,python,[JIT],0x0000e031bd7a9194
248326.0,195719,python,[JIT],0x0000e48a96a9739c
248326.0,195719,python,[JIT],0x0000e48a970ed794
248326.0,195719,python,[JIT],0x0000e48a9712adb8
248326.0,195719,python,[JIT],0x0000e48a97383370
248326.0,195719,python,[JIT],0x0000e48a973840ec
248326.0,195719,python,[JIT],0x0000e48a9738802c
248326.0,195719,python,[JIT],0x0000e48a974313ac
248326.0,195809,python,[JIT],0x0000e96f05f5ca68
248326.0,195809,python,[JIT],0x0000e96f05f98dc4
248326.0,195843,python,[JIT],0x0000f82644309b9c
248326.0,195843,python,[JIT],0x0000f826445d2658
248326.0,195843,python,[JIT],0x0000f826446af818
248325.0,195984,python,[JIT],0x0000fa70fc4f6720
248325.0,195984,python,[JIT],0x0000fa70fc4f6fd4
248325.0,195984,python,[JIT],0x0000fa70fc4fb1a8
248325.0,195984,python,[JIT],0x0000fa70fc504e64
248325.0,195984,python,[JIT],0x0000fa70fc76c25c
248325.0,195984,python,[JIT],0x0000fa70fc811918
248325.0,195984,python,[JIT],0x0000fa70fc818088
248325.0,195984,python,[JIT],0x0000fa70fc818a80
248325.0,195984,python,[JIT],0x0000fa70fc818e2c
248325.0,195984,python,[JIT],0x0000fa70fc81d35c
248325.0,195984,python,[JIT],0x0000fa70fc81da54
248325.0,195984,python,[JIT],0x0000fa70fc81e078
248325.0,195915,python,[kernel.kallsyms],handle_mm_fault
248325.0,195915,python,[JIT],0x0000e5957bff5048
248325.0,195915,python,[JIT],0x0000e5957bff626c
248325.0,195915,python,[JIT],0x0000e5957c4ecc98
248325.0,195915,python,[JIT],0x0000e5957c84f144
248325.0,195915,python,[JIT],0x0000e5957c88751c
248325.0,195915,python,[JIT],0x0000e5957c939b40
248325.0,195915,python,[JIT],0x0000e5957c93a720
248325.0,195775,python,[JIT],0x0000e031bcef5060
248325.0,195775,python,[JIT],0x0000e031bd50ea14
248325.0,195775,python,[JIT],0x0000e031bd7aa724
248325.0,195946,python,[JIT],0x0000fc22a94f4028
248325.0,195915,python,[JIT],0x0000e5957c9390d8
248325.0,195775,python,python,compactlongs_guard
248325.0,195775,python,[JIT],0x0000e031bd85a8c0
248325.0,195719,python,[JIT],0x0000e48a96af4770
248325.0,195719,python,[JIT],0x0000e48a96afb2d0
248325.0,195719,python,[JIT],0x0000e48a970ebee0
248325.0,195809,python,[JIT],0x0000e96f05f55078
248325.0,195809,python,[JIT],0x0000e96f05f5c0b0
248325.0,195809,python,[JIT],0x0000e96f05f996d4
248325.0,195809,python,[JIT],0x0000e96f064f6c58
248325.0,195809,python,[JIT],0x0000e96f068a3328
248325.0,195843,python,[JIT],0x0000f826445d2038
248325.0,195843,python,[JIT],0x0000f826445d25a8
248325.0,195843,python,[JIT],0x0000f82644682368
248325.0,195843,python,[JIT],0x0000f82644684b60
248324.0,195984,python,[JIT],0x0000fa70fbeb62b4
248324.0,195984,python,[JIT],0x0000fa70fbefda1c
248324.0,195984,python,[JIT],0x0000fa70fc72e950
248324.0,195984,python,[JIT],0x0000fa70fc76cd28
248324.0,195984,python,[JIT],0x0000fa70fc818fcc
248324.0,195984,python,[JIT],0x0000fa70fc76d150
248324.0,195915,python,[JIT],0x0000e5957bff5650
248324.0,195915,python,[JIT],0x0000e5957c525494
248324.0,195915,python,[JIT],0x0000e5957c93a6c4
248324.0,195915,python,[JIT],0x0000e5957c93b0e8
248324.0,195775,python,[JIT],0x0000e031bd855d80
248324.0,195775,python,[JIT],0x0000e031bd85a9f4
248324.0,195775,python,[JIT],0x0000e031bd85bc5c
248324.0,195775,python,python,PyDict_GetItemRef
248324.0,195719,python,[JIT],0x0000e48a9712ab00
248324.0,195719,python,[JIT],0x0000e48a9712ba74
248324.0,195719,python,[JIT],0x0000e48a97384064
248324.0,195719,python,[JIT],0x0000e48a9745c7b0
248324.0,195809,python,[JIT],0x0000e96f068d820c
248324.0,195843,python,[JIT],0x0000f826442f93ec
248324.0,195843,python,[JIT],0x0000f8264433cc84
248324.0,195843,python,[JIT],0x0000f826445db674
248324.0,195843,python,[JIT],0x0000f826446ae10c
248324.0,195843,python,[JIT],0x0000f826446b2124
248324.0,195809,python,[JIT],0x0000e96f068a86d0
248324.0,195809,python,[JIT],0x0000e96f068ab1dc
248323.0,195984,python,[JIT],0x0000fa70fbef4318
248323.0,195984,python,[JIT],0x0000fa70fc4f5134
248323.0,195984,python,[JIT],0x0000fa70fc4f5ad0
248323.0,195984,python,[JIT],0x0000fa70fc4fc66c
248323.0,195984,python,[JIT],0x0000fa70fc5035e8
248323.0,195984,python,[JIT],0x0000fa70fc5038a0
248323.0,195984,python,[JIT],0x0000fa70fc503984
248323.0,195984,python,[JIT],0x0000fa70fc504954
248323.0,195984,python,[JIT],0x0000fa70fc8194c4
248323.0,195984,python,[JIT],0x0000fa70fc84a54c
248323.0,195984,python,[JIT],0x0000fa70fc81d08c
248323.0,195915,python,[JIT],0x0000e5957bf6d760
248323.0,195915,python,[JIT],0x0000e5957bf99394
248323.0,195915,python,[JIT],0x0000e5957bf996bc
248323.0,195915,python,[JIT],0x0000e5957c4ec5ec
248323.0,195915,python,[JIT],0x0000e5957c4ec7d0
248323.0,195915,python,[JIT],0x0000e5957c9350ac
248323.0,195915,python,[JIT],0x0000e5957c93b3b8
248323.0,195775,python,python,specialize_dict_access.isra.0
248323.0,195775,python,[JIT],0x0000e031bd4fa29c
248323.0,195775,python,[JIT],0x0000e031bd545b84
248323.0,195775,python,[JIT],0x0000e031bd853018
248323.0,195775,python,[JIT],0x0000e031bd8874b4
248323.0,195946,python,[JIT],0x0000fc22a97a79ec
248323.0,195775,python,[JIT],0x0000e031bd548dd0
248323.0,195775,python,[JIT],0x0000e031bd85b098
248323.0,195719,python,[JIT],0x0000e48a96acb808
248323.0,195719,python,[JIT],0x0000e48a96acccfc
248323.0,195719,python,[JIT],0x0000e48a96afbcd4
248323.0,195719,python,[JIT],0x0000e48a970ed6f0
248323.0,195719,python,[JIT],0x0000e48a9712b124
248323.0,195719,python,[JIT],0x0000e48a9738c790
248323.0,195719,python,[JIT],0x0000e48a974322d0
248323.0,195719,python,[JIT],0x0000e48a9745c1a4
248323.0,195843,python,[JIT],0x0000f826446b0590
248323.0,195809,python,[JIT],0x0000e96f05f997f0
248323.0,195809,python,[JIT],0x0000e96f067f9ad4
248323.0,195843,python,[JIT],0x0000f826443094b0
248323.0,195843,python,[JIT],0x0000f8264433bc04
248323.0,195843,python,[JIT],0x0000f826445d118c
248323.0,195843,python,[JIT],0x0000f82644683388
248322.0,195984,python,[JIT],0x0000fa70fbefb2c0
248322.0,195984,python,[JIT],0x0000fa70fc763878
248322.0,195984,python,[JIT],0x0000fa70fc76c180
248322.0,195984,python,[JIT],0x0000fa70fc76cb64
248322.0,195984,python,[JIT],0x0000fa70fc81eb7c
248322.0,195984,python,[JIT],0x0000fa70fc8496fc
248322.0,195984,python,python,_PyEvalFramePushAndInit
248322.0,195984,python,[JIT],0x0000fa70fc848234
248322.0,195915,python,[JIT],0x0000e5957bf99b08
248322.0,195915,python,[JIT],0x0000e5957bfc3290
248322.0,195915,python,[JIT],0x0000e5957bff63a4
248322.0,195915,python,[JIT],0x0000e5957bff69cc
248322.0,195915,python,[JIT],0x0000e5957c888378
248322.0,195915,python,[JIT],0x0000e5957c88917c
248322.0,195775,python,[kernel.kallsyms],obj_cgroup_uncharge_pages
248322.0,195775,python,[JIT],0x0000e031bd4f11a8
248322.0,195775,python,[JIT],0x0000e031bd885008
248322.0,195775,python,[JIT],0x0000e031bd549b30
248322.0,195719,python,[JIT],0x0000e48a96acc7d8
248322.0,195719,python,[JIT],0x0000e48a9745c878
248322.0,195809,python,[JIT],0x0000e96f068ab7d0
248322.0,195843,python,[JIT],0x0000f826442f0084
248322.0,195843,python,[JIT],0x0000f82644309070
248322.0,195843,python,[JIT],0x0000f8264430b3d4
248322.0,195843,python,[JIT],0x0000f8264433bab0
248322.0,195843,python,[JIT],0x0000f826445db570
248322.0,195843,python,[JIT],0x0000f826445dc32c
248321.0,195984,python,[JIT],0x0000fa70fc4fb0e8
248321.0,195984,python,[JIT],0x0000fa70fc5035ec
248321.0,195984,python,[JIT],0x0000fa70fc503d14
248321.0,195984,python,[JIT],0x0000fa70fc504630
248321.0,195984,python,[JIT],0x0000fa70fc763820
248321.0,195984,python,[JIT],0x0000fa70fc763b6c
248321.0,195984,python,[JIT],0x0000fa70fc81818c
248321.0,195984,python,[JIT],0x0000fa70fc84a264
248321.0,195984,python,[JIT],0x0000fa70fc84a840
248321.0,195984,python,[JIT],0x0000fa70fc81d728
248321.0,195915,python,[JIT],0x0000e5957c52126c
248321.0,195915,python,[JIT],0x0000e5957c888e30
248321.0,195915,python,[JIT],0x0000e5957c88c424
248321.0,195915,python,[JIT],0x0000e5957c93256c
248321.0,195915,python,[JIT],0x0000e5957c939e24
248321.0,195775,python,[kernel.kallsyms],memmove
248321.0,195775,python,[JIT],0x0000e031bd4eb414
248321.0,195775,python,[JIT],0x0000e031bd76e154
248321.0,195775,python,[JIT],0x0000e031bd8555b8
248321.0,195915,python,[JIT],0x0000e5957c93ab34
248321.0,195719,python,[JIT],0x0000e48a96a9b130
248321.0,195719,python,[JIT],0x0000e48a96acb67c
248321.0,195719,python,[JIT],0x0000e48a96acbad4
248321.0,195719,python,[JIT],0x0000e48a96afb9f0
248321.0,195719,python,[JIT],0x0000e48a96afbedc
248321.0,195719,python,[JIT],0x0000e48a970edba4
248321.0,195719,python,[JIT],0x0000e48a9738421c
248321.0,195719,python,[JIT],0x0000e48a9738b2a4
248321.0,195719,python,[JIT],0x0000e48a97432910
248321.0,195719,python,[JIT],0x0000e48a9745e128
248321.0,195809,python,[JIT],0x0000e96f064eb4cc
248321.0,195809,python,[JIT],0x0000e96f064f64e0
248321.0,195809,python,[JIT],0x0000e96f067f1140
248321.0,195809,python,[JIT],0x0000e96f067f1868
248321.0,195809,python,[JIT],0x0000e96f068abf98
248321.0,195843,python,[JIT],0x0000f826442f33c8
248321.0,195843,python,[JIT],0x0000f8264430f218
248321.0,195843,python,[JIT],0x0000f826443383a8
248321.0,195843,python,[JIT],0x0000f826445dbdac
248321.0,195843,python,[JIT],0x0000f826445dbef8
248320.0,195984,python,[kernel.kallsyms],should_fail_alloc_page
248320.0,195984,python,[JIT],0x0000fa70fbeb883c
248320.0,195984,python,[JIT],0x0000fa70fbef4ed0
248320.0,195984,python,[JIT],0x0000fa70fc76c4f0
248320.0,195984,python,[JIT],0x0000fa70fc815cac
248320.0,195984,python,[JIT],0x0000fa70fc8197c8
248320.0,195984,python,[JIT],0x0000fa70fc81df94
248320.0,195984,python,[JIT],0x0000fa70fc84a118
248320.0,195915,python,[JIT],0x0000e5957bff10e8
248320.0,195915,python,[JIT],0x0000e5957c4ebf80
248320.0,195915,python,[JIT],0x0000e5957c93932c
248320.0,195915,python,[JIT],0x0000e5957c9395e0
248320.0,195915,python,[JIT],0x0000e5957c9641b0
248320.0,195775,python,[JIT],0x0000e031bd54592c
248320.0,195775,python,[JIT],0x0000e031bd7a2064
248320.0,195775,python,[JIT],0x0000e031bd852208
248320.0,195775,python,[JIT],0x0000e031bd85502c
248320.0,195775,python,[JIT],0x0000e031bd85b5c0
248320.0,195775,python,[JIT],0x0000e031bd85b610
248320.0,195915,python,[JIT],0x0000e5957c52a51c
248320.0,195719,python,[JIT],0x0000e48a96a984d8
248320.0,195719,python,[JIT],0x0000e48a96afbebc
248320.0,195719,python,[JIT],0x0000e48a96afbfc8
248320.0,195719,python,[JIT],0x0000e48a9712a304
248320.0,195719,python,[JIT],0x0000e48a9738427c
248320.0,195719,python,[JIT],0x0000e48a9738bcf8
248320.0,195719,python,[JIT],0x0000e48a974317c4
248320.0,195719,python,[JIT],0x0000e48a97432e44
248320.0,195719,python,[JIT],0x0000e48a9745e414
248320.0,195809,python,[JIT],0x0000e96f05f23204
248320.0,195809,python,[JIT],0x0000e96f05f5c89c
248320.0,195843,python,[JIT],0x0000f826446831e4
248320.0,195843,python,[JIT],0x0000f82644683ddc
248320.0,195843,python,[JIT],0x0000f82644684010
248320.0,195843,python,[JIT],0x0000f826446b0580
248320.0,195809,python,[JIT],0x0000e96f067f9580
248319.0,195984,python,[JIT],0x0000fa70fbeb924c
248319.0,195984,python,[JIT],0x0000fa70fbefb500
248319.0,195984,python,[JIT],0x0000fa70fc4f5fd8
248319.0,195984,python,[JIT],0x0000fa70fc504978
248319.0,195984,python,[JIT],0x0000fa70fc8160cc
248319.0,195984,python,[JIT],0x0000fa70fc819618
248319.0,195984,python,[JIT],0x0000fa70fc81d7d8
248319.0,195984,python,[JIT],0x0000fa70fc81df64
248319.0,195984,python,[JIT],0x0000fa70fc81e4fc
248319.0,195915,python,[JIT],0x0000e5957c8885a8
248319.0,195915,python,[JIT],0x0000e5957c888998
248319.0,195915,python,[JIT],0x0000e5957c93a7d4
248319.0,195775,python,[JIT],0x0000e031bd5034c0
248319.0,195775,python,[JIT],0x0000e031bd50bba4
248319.0,195775,python,[JIT],0x0000e031bd7aa9cc
248319.0,195775,python,[JIT],0x0000e031bd855d20
248319.0,195775,python,[JIT],0x0000e031bd85a228
248319.0,195775,python,[JIT],0x0000e031bd85a660
248319.0,195775,python,[JIT],0x0000e031bd7aa824
248319.0,195719,python,[JIT],0x0000e48a96a9d8d8
248319.0,195719,python,[JIT],0x0000e48a96acc5c8
248319.0,195719,python,[JIT],0x0000e48a970ed45c
248319.0,195719,python,[JIT],0x0000e48a9712b434
248319.0,195719,python,[JIT],0x0000e48a973811a0
248319.0,195719,python,[JIT],0x0000e48a9738cc4c
248319.0,195719,python,[JIT],0x0000e48a9745d0c0
248319.0,195809,python,[JIT],0x0000e96f05f987c0
248319.0,195809,python,[JIT],0x0000e96f05f99060
248319.0,195809,python,[JIT],0x0000e96f064f5000
248319.0,195809,python,[JIT],0x0000e96f067f9370
248319.0,195809,python,[JIT],0x0000e96f068acd84
248319.0,195809,python,[JIT],0x0000e96f068d81a0
248319.0,195809,python,[JIT],0x0000e96f068d81c0
248319.0,195843,python,[JIT],0x0000f82644309aec
248319.0,195843,python,[JIT],0x0000f82644309c50
248319.0,195843,python,[JIT],0x0000f8264430ad70
248319.0,195843,python,[JIT],0x0000f8264468481c
248319.0,195843,python,[JIT],0x0000f826446853ac
248318.0,195984,python,[JIT],0x0000fa70fbebdde4
248318.0,195984,python,[JIT],0x0000fa70fbefb378
248318.0,195984,python,[JIT],0x0000fa70fbefcf28
248318.0,195984,python,[JIT],0x0000fa70fc4f590c
248318.0,195984,python,[JIT],0x0000fa70fc4f6d8c
248318.0,195984,python,[JIT],0x0000fa70fc4fb1bc
248318.0,195984,python,[JIT],0x0000fa70fc504254
248318.0,195984,python,[JIT],0x0000fa70fc504b30
248318.0,195984,python,[JIT],0x0000fa70fc76cbfc
248318.0,195984,python,[JIT],0x0000fa70fc81d340
248318.0,195984,python,[JIT],0x0000fa70fc81d57c
248318.0,195984,python,[JIT],0x0000fa70fc81d7c8
248318.0,195915,python,[JIT],0x0000e5957bfc468c
248318.0,195915,python,[JIT],0x0000e5957c525890
248318.0,195915,python,[JIT],0x0000e5957c93411c
248318.0,195915,python,[JIT],0x0000e5957c934614
248318.0,195915,python,[JIT],0x0000e5957c9350e8
248318.0,195915,python,[JIT],0x0000e5957c939204
248318.0,195775,python,[JIT],0x0000e031bd887040
248318.0,195775,python,[JIT],0x0000e031bd7ad82c
248318.0,195719,python,[kernel.kallsyms],kmem_cache_alloc
248318.0,195719,python,[JIT],0x0000e48a96a9898c
248318.0,195719,python,[JIT],0x0000e48a96acb24c
248318.0,195719,python,[JIT],0x0000e48a96afb40c
248318.0,195719,python,[JIT],0x0000e48a970eba50
248318.0,195719,python,[JIT],0x0000e48a970ee1c4
248318.0,195719,python,[JIT],0x0000e48a9712a30c
248318.0,195719,python,[JIT],0x0000e48a973815ac
248318.0,195719,python,[JIT],0x0000e48a973891a8
248318.0,195719,python,[JIT],0x0000e48a9738b2f0
248318.0,195719,python,[JIT],0x0000e48a97432a44
248318.0,195809,python,[JIT],0x0000e96f05f57700
248318.0,195809,python,[JIT],0x0000e96f05f99100
248318.0,195809,python,[JIT],0x0000e96f068ac044
248318.0,195809,python,[JIT],0x0000e96f068ad02c
248318.0,195843,python,[JIT],0x0000f8264430a300
248318.0,195843,python,[JIT],0x0000f8264433c8d8
248318.0,195843,python,[JIT],0x0000f826445d25d8
248318.0,195843,python,[JIT],0x0000f826445d8290
248318.0,195843,python,[JIT],0x0000f826446833c0
248318.0,195843,python,[JIT],0x0000f826446af07c
248318.0,195809,python,[JIT],0x0000e96f064fb8a4
248317.0,195984,python,[JIT],0x0000fa70fc4f54b4
248317.0,195984,python,[JIT],0x0000fa70fc4f57a0
248317.0,195984,python,[JIT],0x0000fa70fc818ce8
248317.0,195984,python,[JIT],0x0000fa70fc81d694
248317.0,195984,python,[JIT],0x0000fa70fc81e3ec
248317.0,195984,python,[JIT],0x0000fa70fc81ec10
248317.0,195915,python,[JIT],0x0000e5957c523c54
248317.0,195915,python,[JIT],0x0000e5957c84e130
248317.0,195915,python,[JIT],0x0000e5957c939114
248317.0,195775,python,[JIT],0x0000e031bd7aabd8
248317.0,195915,python,[JIT],0x0000e5957c8893a8
248317.0,195915,python,[JIT],0x0000e5957c939a80
248317.0,195719,python,[JIT],0x0000e48a96a94328
248317.0,195719,python,[JIT],0x0000e48a96a97178
248317.0,195719,python,[JIT],0x0000e48a96a97e6c
248317.0,195719,python,[JIT],0x0000e48a96afc2fc
248317.0,195719,python,[JIT],0x0000e48a973889a0
248317.0,195719,python,[JIT],0x0000e48a9738cd24
248317.0,195809,python,[JIT],0x0000e96f05f5d32c
248317.0,195809,python,[JIT],0x0000e96f067fa100
248317.0,195809,python,[JIT],0x0000e96f068a1264
248317.0,195843,python,[JIT],0x0000f826442ef140
248317.0,195843,python,[JIT],0x0000f826442fe474
248316.0,195984,python,[JIT],0x0000fa70fbef8150
248316.0,195984,python,[JIT],0x0000fa70fc4f56b4
248316.0,195984,python,[JIT],0x0000fa70fc76c35c
248316.0,195984,python,[JIT],0x0000fa70fc76c8b4
248316.0,195984,python,[JIT],0x0000fa70fc8182d8
248316.0,195984,python,[JIT],0x0000fa70fc818b04
248316.0,195984,python,[JIT],0x0000fa70fc81d250
248316.0,195984,python,[JIT],0x0000fa70fc81d870
248316.0,195984,python,[JIT],0x0000fa70fc81e4b0
248316.0,195915,python,[JIT],0x0000e5957bfc3358
248316.0,195915,python,[JIT],0x0000e5957bfc538c
248316.0,195915,python,[JIT],0x0000e5957bfc83f8
248316.0,195915,python,[JIT],0x0000e5957c5239e8
248316.0,195915,python,[JIT],0x0000e5957c93732c
248316.0,195775,python,[JIT],0x0000e031bd501e48
248316.0,195775,python,[JIT],0x0000e031bd50cb68
248316.0,195775,python,[JIT],0x0000e031bd542064
248316.0,195775,python,[JIT],0x0000e031bd545748
248316.0,195775,python,[JIT],0x0000e031bd545ab0
248316.0,195775,python,[JIT],0x0000e031bd76e8e4
248316.0,195775,python,[JIT],0x0000e031bd7a9b24
248316.0,195775,python,[JIT],0x0000e031bd852594
248316.0,195775,python,[JIT],0x0000e031bd855650
248316.0,195946,python,[JIT],0x0000fc22a96fd31c
248316.0,195719,python,[JIT],0x0000e48a970eb004
248316.0,195719,python,[JIT],0x0000e48a970ed864
248316.0,195719,python,[JIT],0x0000e48a970eddcc
248316.0,195719,python,[JIT],0x0000e48a97123f6c
248316.0,195719,python,[JIT],0x0000e48a9712b560
248316.0,195719,python,[JIT],0x0000e48a9738b5b8
248316.0,195719,python,[JIT],0x0000e48a9738cbf0
248316.0,195719,python,[JIT],0x0000e48a97431114
248316.0,195719,python,[JIT],0x0000e48a97431f68
248316.0,195719,python,[JIT],0x0000e48a97433158
248316.0,195719,python,[JIT],0x0000e48a9745d084
248316.0,195809,python,[JIT],0x0000e96f064f6104
248316.0,195809,python,[JIT],0x0000e96f068d711c
248316.0,195843,python,[JIT],0x0000f826443385f4
248316.0,195843,python,[JIT],0x0000f826445d83b8
248316.0,195843,python,[JIT],0x0000f82644683f30
248315.0,195984,python,[JIT],0x0000fa70fc503dd0
248315.0,195984,python,[JIT],0x0000fa70fc505510
248315.0,195984,python,[JIT],0x0000fa70fc72e4a4
248315.0,195984,python,[JIT],0x0000fa70fc763a0c
248315.0,195984,python,[JIT],0x0000fa70fc76d220
248315.0,195984,python,[JIT],0x0000fa70fc818be8
248315.0,195984,python,[JIT],0x0000fa70fc815204
248315.0,195984,python,[JIT],0x0000fa70fc81df04
248315.0,195915,python,[JIT],0x0000e5957bf9a4c4
248315.0,195915,python,[JIT],0x0000e5957bff5f30
248315.0,195915,python,[JIT],0x0000e5957bff6164
248315.0,195915,python,[JIT],0x0000e5957c4eb408
248315.0,195915,python,[JIT],0x0000e5957c4ebd10
248315.0,195915,python,[JIT],0x0000e5957c4ec058
248315.0,195915,python,[JIT],0x0000e5957c9316b4
248315.0,195915,python,[JIT],0x0000e5957c935078
248315.0,195915,python,[JIT],0x0000e5957c9352e4
248315.0,195915,python,[JIT],0x0000e5957c9641ac
248315.0,195775,python,[JIT],0x0000e031bd54227c
248315.0,195775,python,[JIT],0x0000e031bd7a1184
248315.0,195775,python,[JIT],0x0000e031bd855504
248315.0,195915,python,[JIT],0x0000e5957c9343cc
248315.0,195719,python,[JIT],0x0000e48a96acc50c
248315.0,195719,python,[JIT],0x0000e48a9738483c
248315.0,195719,python,[JIT],0x0000e48a9738c268
248315.0,195719,python,[JIT],0x0000e48a97431208
248315.0,195809,python,[JIT],0x0000e96f05f2d550
248315.0,195809,python,[JIT],0x0000e96f05f56b90
248315.0,195809,python,[JIT],0x0000e96f068a610c
248315.0,195809,python,[JIT],0x0000e96f068ab570
248315.0,195809,python,[JIT],0x0000e96f068abc08
248315.0,195809,python,[JIT],0x0000e96f068ac18c
248315.0,195843,python,[JIT],0x0000f826443099b4
248315.0,195843,python,[JIT],0x0000f8264430a3c8
248315.0,195843,python,[JIT],0x0000f8264430ab78
248315.0,195843,python,[JIT],0x0000f826443710cc
248315.0,195843,python,[JIT],0x0000f82644372758
248315.0,195843,python,[JIT],0x0000f826445d109c
248315.0,195843,python,[JIT],0x0000f826445db640
248314.0,195984,python,[JIT],0x0000fa70fc4f5888
248314.0,195984,python,[JIT],0x0000fa70fc4ff894
248314.0,195984,python,[JIT],0x0000fa70fc504700
248314.0,195984,python,[JIT],0x0000fa70fc72e73c
248314.0,195984,python,[JIT],0x0000fa70fc7639b8
248314.0,195984,python,[JIT],0x0000fa70fc76b370
248314.0,195984,python,[JIT],0x0000fa70fc76c504
248314.0,195984,python,[JIT],0x0000fa70fc76d474
248314.0,195984,python,[JIT],0x0000fa70fc81858c
248314.0,195984,python,[JIT],0x0000fa70fc818eec
248314.0,195984,python,[JIT],0x0000fa70fc819b00
248314.0,195984,python,[JIT],0x0000fa70fc819e88
248314.0,195915,python,[JIT],0x0000e5957c4eb5dc
248314.0,195915,python,[JIT],0x0000e5957c88865c
248314.0,195915,python,[JIT],0x0000e5957c939a78
248314.0,195775,python,[JIT],0x0000e031bd4f5604
248314.0,195775,python,[JIT],0x0000e031bd5024cc
248314.0,195775,python,[JIT],0x0000e031bd545338
248314.0,195775,python,[JIT],0x0000e031bd85a4f0
248314.0,195915,python,[JIT],0x0000e5957c93967c
248314.0,195775,python,[JIT],0x0000e031bd85ae2c
248314.0,195719,python,[JIT],0x0000e48a969383d4
248314.0,195719,python,[JIT],0x0000e48a96a91248
248314.0,195719,python,[JIT],0x0000e48a96a97f14
248314.0,195719,python,[JIT],0x0000e48a96afcb44
248314.0,195719,python,[JIT],0x0000e48a970ed080
248314.0,195719,python,[JIT],0x0000e48a9738b178
248314.0,195719,python,[JIT],0x0000e48a9738c134
248314.0,195719,python,[JIT],0x0000e48a9738c598
248314.0,195843,python,[JIT],0x0000f826442efa3c
248314.0,195843,python,[JIT],0x0000f8264430a380
248314.0,195843,python,[JIT],0x0000f82644372264
248314.0,195843,python,[JIT],0x0000f82644683794
248314.0,195843,python,[JIT],0x0000f826446837e8
248314.0,195809,python,[JIT],0x0000e96f067f1558
248313.0,195984,python,[kernel.kallsyms],kmem_cache_alloc
248313.0,195984,python,[JIT],0x0000fa70fbefc11c
248313.0,195984,python,[JIT],0x0000fa70fc504554
248313.0,195984,python,[JIT],0x0000fa70fc7620f4
248313.0,195915,python,[JIT],0x0000e5957c88c5cc
248313.0,195915,python,[JIT],0x0000e5957c931118
248313.0,195915,python,[JIT],0x0000e5957c9352c4
248313.0,195915,python,[JIT],0x0000e5957c935dd4
248313.0,195915,python,[JIT],0x0000e5957c93a300
248313.0,195775,python,[JIT],0x0000e031bd50c0cc
248313.0,195775,python,[JIT],0x0000e031bd76eba0
248313.0,195775,python,[JIT],0x0000e031bd7aa1a0
248313.0,195775,python,[JIT],0x0000e031bd7aa4fc
248313.0,195775,python,[JIT],0x0000e031bd85355c
248313.0,195775,python,[JIT],0x0000e031bd85ae78
248313.0,195719,python,[JIT],0x0000e48a96a6bbac
248313.0,195719,python,[JIT],0x0000e48a96acc200
248313.0,195719,python,[JIT],0x0000e48a9712b504
248313.0,195719,python,[JIT],0x0000e48a9738b0e0
248313.0,195719,python,[JIT],0x0000e48a9738c8d4
248313.0,195719,python,[JIT],0x0000e48a97431550
248313.0,195843,python,[JIT],0x0000f82644682840
248313.0,195809,python,[JIT],0x0000e96f05f98368
248313.0,195809,python,[JIT],0x0000e96f064f779c
248313.0,195809,python,[JIT],0x0000e96f068a3714
248313.0,195843,python,[JIT],0x0000f826442f8fa8
248313.0,195843,python,[JIT],0x0000f8264430a134
248313.0,195843,python,[JIT],0x0000f8264433b510
248313.0,195843,python,[JIT],0x0000f82644683b00
248313.0,195843,python,[JIT],0x0000f826446b033c
248312.0,195984,python,[JIT],0x0000fa70fbef4374
248312.0,195984,python,[JIT],0x0000fa70fc4ed3a4
248312.0,195984,python,[JIT],0x0000fa70fc503218
248312.0,195984,python,[JIT],0x0000fa70fc504e50
248312.0,195984,python,[JIT],0x0000fa70fc76dc30
248312.0,195984,python,[JIT],0x0000fa70fc8186cc
248312.0,195984,python,[JIT],0x0000fa70fc8187d8
248312.0,195984,python,[JIT],0x0000fa70fc819628
248312.0,195984,python,[JIT],0x0000fa70fc81d804
248312.0,195984,python,[JIT],0x0000fa70fc84a174
248312.0,195984,python,[JIT],0x0000fa70fc84a29c
248312.0,195984,python,[JIT],0x0000fa70fc819d4c
248312.0,195915,python,[JIT],0x0000e5957bff6478
248312.0,195915,python,[JIT],0x0000e5957c84e970
248312.0,195915,python,[JIT],0x0000e5957c934388
248312.0,195915,python,[JIT],0x0000e5957c93913c
248312.0,195915,python,[JIT],0x0000e5957c966038
248312.0,195775,python,[JIT],0x0000e031bd501080
248312.0,195775,python,[JIT],0x0000e031bd5022d0
248312.0,195775,python,[JIT],0x0000e031bd8520d0
248312.0,195775,python,[JIT],0x0000e031bd85ac3c
248312.0,195946,python,[kernel.kallsyms],anon_vma_clone
248312.0,195946,python,[JIT],0x0000fc22a97a211c
248312.0,195719,python,[JIT],0x0000e48a96a6ba24
248312.0,195719,python,[JIT],0x0000e48a9734e204
248312.0,195719,python,[JIT],0x0000e48a973841fc
248312.0,195719,python,[JIT],0x0000e48a9738bfc8
248312.0,195719,python,[JIT],0x0000e48a97431110
248312.0,195809,python,[JIT],0x0000e96f05f98f78
248312.0,195809,python,[JIT],0x0000e96f064ee804
248312.0,195809,python,[JIT],0x0000e96f068a3bc4
248312.0,195809,python,[JIT],0x0000e96f068aca80
248312.0,195843,python,[JIT],0x0000f82644338540
248312.0,195843,python,[JIT],0x0000f826446843cc
248311.0,195984,python,[JIT],0x0000fa70fbef80b4
248311.0,195984,python,[JIT],0x0000fa70fc76304c
248311.0,195984,python,[JIT],0x0000fa70fc84a550
248311.0,195984,python,[JIT],0x0000fa70fc84a5b4
248311.0,195915,python,[JIT],0x0000e5957bff719c
248311.0,195915,python,[JIT],0x0000e5957c4eb8d8
248311.0,195915,python,[JIT],0x0000e5957c881038
248311.0,195915,python,[JIT],0x0000e5957c934954
248311.0,195775,python,[JIT],0x0000e031bd545c6c
248311.0,195775,python,[JIT],0x0000e031bd7a94b0
248311.0,195775,python,[JIT],0x0000e031bd7a9d4c
248311.0,195775,python,[JIT],0x0000e031bd85a588
248311.0,195775,python,[JIT],0x0000e031bd85adb4
248311.0,195946,python,[JIT],0x0000fc22a97a8ff0
248311.0,195915,python,[JIT],0x0000e5957c52aecc
248311.0,195915,python,[JIT],0x0000e5957c88733c
248311.0,195775,python,[JIT],0x0000e031bd855fbc
248311.0,195719,python,[JIT],0x0000e48a96a6c188
248311.0,195719,python,[JIT],0x0000e48a96a946ac
248311.0,195719,python,[JIT],0x0000e48a970ebdac
248311.0,195719,python,[JIT],0x0000e48a97383518
248311.0,195719,python,[JIT],0x0000e48a9738c668
248311.0,195719,python,[JIT],0x0000e48a9745c804
248311.0,195809,python,[JIT],0x0000e96f068a7a94
248311.0,195809,python,[JIT],0x0000e96f068d72f8
248311.0,195843,python,[JIT],0x0000f826442fe658
248311.0,195843,python,[JIT],0x0000f82644309348
248311.0,195843,python,[JIT],0x0000f826446830d4
248311.0,195843,python,[JIT],0x0000f82644683118
248311.0,195843,python,[JIT],0x0000f82644684f64
248311.0,195809,python,[JIT],0x0000e96f067fa660
248310.0,195984,python,[JIT],0x0000fa70fbef8228
248310.0,195984,python,[JIT],0x0000fa70fc4f5648
248310.0,195984,python,[JIT],0x0000fa70fc4f7020
248310.0,195984,python,[JIT],0x0000fa70fc503344
248310.0,195984,python,[JIT],0x0000fa70fc818e30
248310.0,195984,python,[JIT],0x0000fa70fc819154
248310.0,195915,python,[JIT],0x0000e5957bfc7f8c
248310.0,195915,python,[JIT],0x0000e5957c5250c4
248310.0,195915,python,[JIT],0x0000e5957c84e5a0
248310.0,195915,python,[JIT],0x0000e5957c934128
248310.0,195915,python,[JIT],0x0000e5957c935a18
248310.0,195915,python,[JIT],0x0000e5957c935d28
248310.0,195915,python,[JIT],0x0000e5957c93a0ac
248310.0,195775,python,[JIT],0x0000e031bcece078
248310.0,195775,python,[JIT],0x0000e031bd50bde0
248310.0,195775,python,[JIT],0x0000e031bd7a8138
248310.0,195775,python,[JIT],0x0000e031bd7aa2fc
248310.0,195775,python,[JIT],0x0000e031bd8555cc
248310.0,195775,python,[JIT],0x0000e031bd85b13c
248310.0,195775,python,[JIT],0x0000e031bd885084
248310.0,195775,python,[JIT],0x0000e031bd885464
248310.0,195946,python,python,initialize_locals
248310.0,195915,python,[JIT],0x0000e5957c888b74
248310.0,195719,python,[JIT],0x0000e48a96a6c370
248310.0,195719,python,[JIT],0x0000e48a96a97258
248310.0,195719,python,[JIT],0x0000e48a96acb264
248310.0,195719,python,[JIT],0x0000e48a96accf80
248310.0,195719,python,[JIT],0x0000e48a96afbdbc
248310.0,195719,python,[JIT],0x0000e48a970ed1fc
248310.0,195719,python,[JIT],0x0000e48a9743180c
248310.0,195719,python,[JIT],0x0000e48a9745d31c
248310.0,195809,python,[JIT],0x0000e96f05f5c230
248310.0,195809,python,[JIT],0x0000e96f064f33ac
248310.0,195809,python,[JIT],0x0000e96f067fa188
248310.0,195843,python,[JIT],0x0000f826443092b4
248310.0,195843,python,[JIT],0x0000f826445db37c
248310.0,195843,python,[JIT],0x0000f826445db418
248310.0,195843,python,[JIT],0x0000f826445db5e4
248310.0,195843,python,[JIT],0x0000f82644681470
248310.0,195843,python,[JIT],0x0000f826446846ac
248309.0,195984,python,[JIT],0x0000fa70fc4f5e98
248309.0,195984,python,[JIT],0x0000fa70fc4f648c
248309.0,195984,python,[JIT],0x0000fa70fc503768
248309.0,195984,python,[JIT],0x0000fa70fc504a74
248309.0,195984,python,[JIT],0x0000fa70fc7620b8
248309.0,195984,python,[JIT],0x0000fa70fc8183f4
248309.0,195984,python,[JIT],0x0000fa70fc818444
248309.0,195984,python,[JIT],0x0000fa70fc81d228
248309.0,195984,python,[JIT],0x0000fa70fc81da70
248309.0,195984,python,[JIT],0x0000fa70fc81e340
248309.0,195984,python,[JIT],0x0000fa70fc50af20
248309.0,195984,python,[JIT],0x0000fa70fc7636dc
248309.0,195915,python,[JIT],0x0000e5957bf950c4
248309.0,195915,python,[JIT],0x0000e5957bf95434
248309.0,195915,python,[JIT],0x0000e5957c887318
248309.0,195915,python,[JIT],0x0000e5957c934ca0
248309.0,195915,python,[JIT],0x0000e5957c9354d0
248309.0,195775,python,[JIT],0x0000e031bd502004
248309.0,195775,python,[JIT],0x0000e031bd50b828
248309.0,195775,python,[JIT],0x0000e031bd542810
248309.0,195775,python,[JIT],0x0000e031bd76e60c
248309.0,195775,python,[JIT],0x0000e031bd7a98fc
248309.0,195775,python,[JIT],0x0000e031bd857420
248309.0,195775,python,[JIT],0x0000e031bd857450
248309.0,195775,python,[JIT],0x0000e031bd88651c
248309.0,195775,python,[JIT],0x0000e031bd886d84
248309.0,195946,python,[JIT],0x0000fc22a96f50dc
248309.0,195775,python,[JIT],0x0000e031bd85a4a8
248309.0,195719,python,[JIT],0x0000e48a96a94594
248309.0,195719,python,[JIT],0x0000e48a96a983b8
248309.0,195719,python,[JIT],0x0000e48a96afb5c8
248309.0,195719,python,[JIT],0x0000e48a96afc120
248309.0,195719,python,[JIT],0x0000e48a96afca2c
248309.0,195719,python,[JIT],0x0000e48a970eb8fc
248309.0,195719,python,[JIT],0x0000e48a970ee314
248309.0,195719,python,[JIT],0x0000e48a9712ba80
248309.0,195719,python,[JIT],0x0000e48a9734e0cc
248309.0,195719,python,[JIT],0x0000e48a9745e274
248309.0,195843,python,[JIT],0x0000f82644685004
248309.0,195809,python,[JIT],0x0000e96f05f5bcdc
248309.0,195809,python,[JIT],0x0000e96f067f94cc
248309.0,195843,python,[JIT],0x0000f826442ff650
248309.0,195843,python,[JIT],0x0000f8264430a9a8
248309.0,195843,python,[JIT],0x0000f8264430acec
248309.0,195843,python,[JIT],0x0000f8264430ad94
248309.0,195843,python,[JIT],0x0000f826443388b4
248309.0,195843,python,[JIT],0x0000f8264437b558
248309.0,195843,python,[JIT],0x0000f8264459e128
248309.0,195843,python,[JIT],0x0000f826445d9980
248309.0,195843,python,[JIT],0x0000f82644683374
248309.0,195843,python,[JIT],0x0000f826446840dc
248309.0,195809,python,[JIT],0x0000e96f068ab260
248308.0,195984,python,[JIT],0x0000fa70fbeb8708
248308.0,195984,python,[JIT],0x0000fa70fbebd3e8
248308.0,195984,python,[JIT],0x0000fa70fbef4458
248308.0,195984,python,[JIT],0x0000fa70fc4f5e38
248308.0,195984,python,[JIT],0x0000fa70fc4f62fc
248308.0,195984,python,[JIT],0x0000fa70fc8184e0
248308.0,195984,python,[JIT],0x0000fa70fc819ce0
248308.0,195984,python,[JIT],0x0000fa70fc81da4c
248308.0,195915,python,[JIT],0x0000e5957c4ed3e0
248308.0,195915,python,[JIT],0x0000e5957c934008
248308.0,195775,python,[JIT],0x0000e031bd4f70d0
248308.0,195775,python,[JIT],0x0000e031bd50be04
248308.0,195775,python,[JIT],0x0000e031bd8526b4
248308.0,195775,python,[JIT],0x0000e031bd8567e8
248308.0,195775,python,[JIT],0x0000e031bd88663c
248308.0,195946,python,[JIT],0x0000fc22a97a2768
248308.0,195915,python,[JIT],0x0000e5957c529bb8
248308.0,195719,python,[JIT],0x0000e48a96a9c7cc
248308.0,195719,python,[JIT],0x0000e48a96acc37c
248308.0,195719,python,[JIT],0x0000e48a96accc74
248308.0,195719,python,[JIT],0x0000e48a97432194
248308.0,195719,python,[JIT],0x0000e48a9745cd98
248308.0,195719,python,[JIT],0x0000e48a9745d7e8
248308.0,195809,python,[JIT],0x0000e96f064eb02c
248308.0,195809,python,[JIT],0x0000e96f064f6244
248308.0,195809,python,[JIT],0x0000e96f064fd174
248308.0,195809,python,[JIT],0x0000e96f068a6608
248308.0,195809,python,[JIT],0x0000e96f068a6f40
248308.0,195809,python,[JIT],0x0000e96f068abd48
248308.0,195843,python,[JIT],0x0000f826442f3230
248308.0,195843,python,[JIT],0x0000f82644309cdc
248308.0,195843,python,[JIT],0x0000f82644334e8c
248308.0,195843,python,[JIT],0x0000f826445db740
248308.0,195843,python,[JIT],0x0000f826446b03d8
248307.0,195984,python,[JIT],0x0000fa70fbeb4088
248307.0,195984,python,[JIT],0x0000fa70fbef81e8
248307.0,195984,python,[JIT],0x0000fa70fc4f5370
248307.0,195984,python,[JIT],0x0000fa70fc4f6f48
248307.0,195984,python,[JIT],0x0000fa70fc4f7150
248307.0,195984,python,[JIT],0x0000fa70fc76b364
248307.0,195984,python,[JIT],0x0000fa70fc76ca04
248307.0,195984,python,[JIT],0x0000fa70fc818118
248307.0,195984,python,[JIT],0x0000fa70fc8182b8
248307.0,195984,python,[JIT],0x0000fa70fc81dbd8
248307.0,195984,python,[JIT],0x0000fa70fc81efe0
248307.0,195984,python,python,_Py_uop_analyze_and_optimize
248307.0,195915,python,[JIT],0x0000e5957bfc3e80
248307.0,195915,python,[JIT],0x0000e5957bff6bc8
248307.0,195915,python,[JIT],0x0000e5957c4ee960
248307.0,195915,python,[JIT],0x0000e5957c525080
248307.0,195915,python,[JIT],0x0000e5957c88c038
248307.0,195915,python,[JIT],0x0000e5957c939ff0
248307.0,195775,python,[JIT],0x0000e031bd501464
248307.0,195775,python,[JIT],0x0000e031bd50255c
248307.0,195775,python,[JIT],0x0000e031bd7a9ca4
248307.0,195775,python,[JIT],0x0000e031bd8533ec
248307.0,195775,python,[JIT],0x0000e031bd8871ec
248307.0,195775,python,[JIT],0x0000e031bd8879b4
248307.0,195719,python,[JIT],0x0000e48a96a9b8a0
248307.0,195843,python,[JIT],0x0000f826445dbf70
248307.0,195843,python,[JIT],0x0000f826446b0260
248307.0,195809,python,[JIT],0x0000e96f05ef7c4c
248307.0,195809,python,[JIT],0x0000e96f064eb660
248307.0,195809,python,[JIT],0x0000e96f067f1a1c
248307.0,195809,python,[JIT],0x0000e96f067f1b30
248307.0,195843,python,[JIT],0x0000f8264437107c
248307.0,195843,python,[JIT],0x0000f826445d12c0
248307.0,195843,python,[JIT],0x0000f826445dbf94
248307.0,195843,python,[JIT],0x0000f8264468365c
248306.0,195984,python,[JIT],0x0000fa70fbef77f4
248306.0,195984,python,[JIT],0x0000fa70fbefc040
248306.0,195984,python,[JIT],0x0000fa70fc4f5d5c
248306.0,195984,python,[JIT],0x0000fa70fc504658
248306.0,195984,python,[JIT],0x0000fa70fc76d628
248306.0,195984,python,[JIT],0x0000fa70fc815d70
248306.0,195984,python,[JIT],0x0000fa70fc818504
248306.0,195984,python,[JIT],0x0000fa70fc81ea90
248306.0,195984,python,[JIT],0x0000fa70fc81ec74
248306.0,195984,python,[JIT],0x0000fa70fc84a218
248306.0,195984,python,[JIT],0x0000fa70fc81a058
248306.0,195915,python,[JIT],0x0000e5957bfc7fbc
248306.0,195915,python,[JIT],0x0000e5957c525cbc
248306.0,195915,python,[JIT],0x0000e5957c888cf0
248306.0,195915,python,[JIT],0x0000e5957c935fdc
248306.0,195775,python,[JIT],0x0000e031bd542624
248306.0,195775,python,[JIT],0x0000e031bd855718
248306.0,195775,python,[JIT],0x0000e031bd7aa7cc
248306.0,195719,python,[JIT],0x0000e48a9738b934
248306.0,195719,python,[JIT],0x0000e48a974315ac
248306.0,195719,python,[JIT],0x0000e48a9745c734
248306.0,195719,python,[JIT],0x0000e48a9745e054
248306.0,195809,python,[JIT],0x0000e96f064f65a4
248306.0,195809,python,[JIT],0x0000e96f067fa2c8
248306.0,195809,python,[JIT],0x0000e96f067fa8c0
248306.0,195809,python,[JIT],0x0000e96f068a210c
248306.0,195809,python,[JIT],0x0000e96f068ab3c4
248306.0,195843,python,[JIT],0x0000f826443725a4
248306.0,195843,python,[JIT],0x0000f826445dbc7c
248306.0,195843,python,[JIT],0x0000f82644682164
248306.0,195843,python,[JIT],0x0000f826446b0034
248306.0,195809,python,python,_Py_uop_frame_new
248306.0,195809,python,[JIT],0x0000e96f068acb4c
248305.0,195984,python,[JIT],0x0000fa70fc811048
248305.0,195984,python,[JIT],0x0000fa70fc84926c
248305.0,195984,python,[JIT],0x0000fa70fc81806c
248305.0,195915,python,[JIT],0x0000e5957bf9987c
248305.0,195915,python,[JIT],0x0000e5957c88c19c
248305.0,195915,python,[JIT],0x0000e5957c934e58
248305.0,195775,python,python,PyObject_GenericGetAttr
248305.0,195775,python,[JIT],0x0000e031bd4ebbc8
248305.0,195775,python,[JIT],0x0000e031bd50303c
248305.0,195775,python,[JIT],0x0000e031bd503328
248305.0,195775,python,[JIT],0x0000e031bd7a8274
248305.0,195775,python,[JIT],0x0000e031bd8527ac
248305.0,195775,python,[JIT],0x0000e031bd85b340
248305.0,195915,python,[JIT],0x0000e5957c88c140
248305.0,195719,python,[JIT],0x0000e48a96afbb74
248305.0,195719,python,[JIT],0x0000e48a96afbe7c
248305.0,195719,python,[JIT],0x0000e48a96afc09c
248305.0,195719,python,[JIT],0x0000e48a96afc5b8
248305.0,195719,python,[JIT],0x0000e48a973830c8
248305.0,195719,python,[JIT],0x0000e48a9738820c
248305.0,195719,python,[JIT],0x0000e48a9738bfa4
248305.0,195843,python,[kernel.kallsyms],mas_data_end
248305.0,195809,python,[JIT],0x0000e96f05f2c358
248305.0,195809,python,[JIT],0x0000e96f05f5c9fc
248305.0,195809,python,[JIT],0x0000e96f064f3dbc
248305.0,195809,python,[JIT],0x0000e96f068a7588
248305.0,195843,python,[JIT],0x0000f826442f96c8
248305.0,195843,python,[JIT],0x0000f826442fd074
248305.0,195843,python,[JIT],0x0000f8264433b2a4
248305.0,195843,python,[JIT],0x0000f82644372178
248305.0,195843,python,[JIT],0x0000f826445dbb1c
248305.0,195809,python,[JIT],0x0000e96f068a6258
248304.0,195984,python,[JIT],0x0000fa70fbef7edc
248304.0,195984,python,[JIT],0x0000fa70fc4f6fc4
248304.0,195984,python,[JIT],0x0000fa70fc81e6ac
248304.0,195984,python,[JIT],0x0000fa70fc81f220
248304.0,195915,python,[JIT],0x0000e5957bfc8ca8
248304.0,195915,python,[JIT],0x0000e5957bff5248
248304.0,195915,python,[JIT],0x0000e5957c4eb544
248304.0,195915,python,[JIT],0x0000e5957c525840
248304.0,195915,python,[JIT],0x0000e5957c9349fc
248304.0,195915,python,[JIT],0x0000e5957c93aca0
248304.0,195915,python,[JIT],0x0000e5957c964590
248304.0,195775,python,[JIT],0x0000e031bd50cdd4
248304.0,195775,python,[JIT],0x0000e031bd853520
248304.0,195775,python,[JIT],0x0000e031bd85525c
248304.0,195775,python,[JIT],0x0000e031bd85aa3c
248304.0,195775,python,[JIT],0x0000e031bd886454
248304.0,195719,python,[JIT],0x0000e48a96afb0e0
248304.0,195719,python,[JIT],0x0000e48a96afb7a0
248304.0,195719,python,[JIT],0x0000e48a96afc0d4
248304.0,195719,python,[JIT],0x0000e48a9712b0c4
248304.0,195719,python,[JIT],0x0000e48a9712ba1c
248304.0,195719,python,[JIT],0x0000e48a9738bdac
248304.0,195719,python,[JIT],0x0000e48a974313c4
248304.0,195843,python,[JIT],0x0000f826446af330
248304.0,195809,python,[JIT],0x0000e96f068ac2a4
248304.0,195809,python,[JIT],0x0000e96f068da128
248304.0,195843,python,[JIT],0x0000f8264430a294
248304.0,195843,python,[JIT],0x0000f8264433c6b0
248304.0,195843,python,[JIT],0x0000f826445dbafc
248304.0,195843,python,[JIT],0x0000f82644683228
248304.0,195843,python,[JIT],0x0000f82644683cac
248303.0,195984,python,[JIT],0x0000fa70fbef45f0
248303.0,195984,python,[JIT],0x0000fa70fc4f6388
248303.0,195984,python,[JIT],0x0000fa70fc504a38
248303.0,195984,python,[JIT],0x0000fa70fc72e6cc
248303.0,195984,python,[JIT],0x0000fa70fc764a94
248303.0,195984,python,[JIT],0x0000fa70fc76b184
248303.0,195984,python,[JIT],0x0000fa70fc76c594
248303.0,195984,python,[JIT],0x0000fa70fc81d96c
248303.0,195984,python,[JIT],0x0000fa70fc81df7c
248303.0,195984,python,[JIT],0x0000fa70fc763b9c
248303.0,195915,python,[JIT],0x0000e5957bfc39fc
248303.0,195915,python,[JIT],0x0000e5957bfc4708
248303.0,195915,python,[JIT],0x0000e5957bff1158
248303.0,195915,python,[JIT],0x0000e5957bff5684
248303.0,195915,python,[JIT],0x0000e5957c5255a0
248303.0,195915,python,[JIT],0x0000e5957c9359a4
248303.0,195915,python,[JIT],0x0000e5957c939e34
248303.0,195775,python,[JIT],0x0000e031bd4f20a8
248303.0,195775,python,[JIT],0x0000e031bd8555f0
248303.0,195775,python,[JIT],0x0000e031bd85a2f0
248303.0,195775,python,[JIT],0x0000e031bd85a508
248303.0,195775,python,[JIT],0x0000e031bd85a688
248303.0,195775,python,[JIT],0x0000e031bd85c164
248303.0,195775,python,[JIT],0x0000e031bd889084
248303.0,195946,python,[JIT],0x0000fc22a96fd12c
248303.0,195946,python,[JIT],0x0000fc22a97a910c
248303.0,195775,python,[JIT],0x0000e031bd85121c
248303.0,195775,python,[JIT],0x0000e031bd855b14
248303.0,195719,python,[JIT],0x0000e48a96acc3c0
248303.0,195719,python,[JIT],0x0000e48a970ed1f8
248303.0,195719,python,[JIT],0x0000e48a9712abf0
248303.0,195719,python,[JIT],0x0000e48a973840f8
248303.0,195719,python,[JIT],0x0000e48a97388fe4
248303.0,195719,python,[JIT],0x0000e48a974319b4
248303.0,195843,python,[JIT],0x0000f826446b0178
248303.0,195809,python,[JIT],0x0000e96f05ef70b4
248303.0,195809,python,[JIT],0x0000e96f05f5b8e4
248303.0,195809,python,[JIT],0x0000e96f05f98fb0
248303.0,195809,python,[JIT],0x0000e96f064f69d4
248303.0,195809,python,[JIT],0x0000e96f068ab6fc
248303.0,195809,python,[JIT],0x0000e96f068ab9d4
248303.0,195843,python,[JIT],0x0000f82643cf8738
248303.0,195843,python,[JIT],0x0000f826442feb50
248303.0,195843,python,[JIT],0x0000f826445db2fc
248303.0,195843,python,[JIT],0x0000f826446b02bc
248302.0,195984,python,[JIT],0x0000fa70fbefbf8c
248302.0,195984,python,[JIT],0x0000fa70fc503808
248302.0,195984,python,[JIT],0x0000fa70fc76b078
248302.0,195984,python,[JIT],0x0000fa70fc8112f4
248302.0,195984,python,[JIT],0x0000fa70fc81a0ac
248302.0,195984,python,[JIT],0x0000fa70fc84a124
248302.0,195984,python,[JIT],0x0000fa70fc84a2bc
248302.0,195915,python,[JIT],0x0000e5957bfc40a8
248302.0,195915,python,[JIT],0x0000e5957c939f2c
248302.0,195775,python,[JIT],0x0000e031bceff588
248302.0,195775,python,[JIT],0x0000e031bd5018f4
248302.0,195775,python,[JIT],0x0000e031bd50ef74
248302.0,195775,python,[JIT],0x0000e031bd76e688
248302.0,195775,python,[JIT],0x0000e031bd855190
248302.0,195775,python,[JIT],0x0000e031bd856664
248302.0,195775,python,[JIT],0x0000e031bd85c1e4
248302.0,195946,python,[JIT],0x0000fc22a94f82e0
248302.0,195915,python,[JIT],0x0000e5957c93ace4
248302.0,195775,python,[JIT],0x0000e031bd54a0dc
248302.0,195719,python,[JIT],0x0000e48a96a94cc4
248302.0,195719,python,[JIT],0x0000e48a96a9c10c
248302.0,195719,python,[JIT],0x0000e48a96af36e4
248302.0,195719,python,[JIT],0x0000e48a96afc2a4
248302.0,195843,python,[kernel.kallsyms],mas_start
248302.0,195843,python,[JIT],0x0000f8264433b86c
248302.0,195843,python,[JIT],0x0000f82644372700
248302.0,195843,python,[JIT],0x0000f826443730cc
248302.0,195843,python,[JIT],0x0000f826446832f0
248302.0,195843,python,[JIT],0x0000f82644683fd0
248302.0,195843,python,[JIT],0x0000f826446ae478
248301.0,195984,python,[JIT],0x0000fa70fc4f6888
248301.0,195984,python,[JIT],0x0000fa70fc4fc0a8
248301.0,195984,python,[JIT],0x0000fa70fc504570
248301.0,195984,python,[JIT],0x0000fa70fc76d6c8
248301.0,195984,python,[JIT],0x0000fa70fc8160f4
248301.0,195915,python,[JIT],0x0000e5957bff681c
248301.0,195915,python,[JIT],0x0000e5957bff6adc
248301.0,195915,python,[JIT],0x0000e5957c4ec67c
248301.0,195915,python,[JIT],0x0000e5957c4ecd24
248301.0,195915,python,[JIT],0x0000e5957c525df4
248301.0,195915,python,[JIT],0x0000e5957c934684
248301.0,195915,python,[JIT],0x0000e5957c935004
248301.0,195915,python,[JIT],0x0000e5957c93a65c
248301.0,195775,python,[JIT],0x0000e031bd501a94
248301.0,195775,python,[JIT],0x0000e031bd50b500
248301.0,195775,python,[JIT],0x0000e031bd50c274
248301.0,195775,python,[JIT],0x0000e031bd54555c
248301.0,195775,python,[JIT],0x0000e031bd85c038
248301.0,195946,python,[JIT],0x0000fc22a97a91e4
248301.0,195915,python,[JIT],0x0000e5957c9395fc
248301.0,195719,python,[JIT],0x0000e48a96a6c264
248301.0,195719,python,[JIT],0x0000e48a96a95638
248301.0,195719,python,[JIT],0x0000e48a9738911c
248301.0,195719,python,[JIT],0x0000e48a9738c51c
248301.0,195719,python,[JIT],0x0000e48a97432678
248301.0,195719,python,[JIT],0x0000e48a9745d224
248301.0,195809,python,[JIT],0x0000e96f05f98e14
248301.0,195809,python,[JIT],0x0000e96f068a21bc
248301.0,195843,python,[JIT],0x0000f8264430a2a0
248301.0,195843,python,[JIT],0x0000f826445db08c
248301.0,195843,python,[JIT],0x0000f82644683c54
248300.0,195984,python,[JIT],0x0000fa70fbeb8f64
248300.0,195984,python,[JIT],0x0000fa70fc4f5c54
248300.0,195984,python,[JIT],0x0000fa70fc4f6fb4
248300.0,195984,python,[JIT],0x0000fa70fc81e144
248300.0,195984,python,[JIT],0x0000fa70fc81f3b8
248300.0,195984,python,[JIT],0x0000fa70fc81d084
248300.0,195915,python,[JIT],0x0000e5957c93169c
248300.0,195915,python,[JIT],0x0000e5957c9347c4
248300.0,195915,python,[JIT],0x0000e5957c934dd0
248300.0,195915,python,[JIT],0x0000e5957c93963c
248300.0,195915,python,[JIT],0x0000e5957c93a5bc
248300.0,195915,python,[JIT],0x0000e5957c964444
248300.0,195775,python,[JIT],0x0000e031bd4f4174
248300.0,195775,python,[JIT],0x0000e031bd7a8078
248300.0,195775,python,[JIT],0x0000e031bd7a9e80
248300.0,195775,python,[JIT],0x0000e031bd85ba14
248300.0,195946,python,[JIT],0x0000fc22a96f3a28
248300.0,195915,python,[JIT],0x0000e5957c935c38
248300.0,195719,python,[JIT],0x0000e48a9712b6c8
248300.0,195719,python,[JIT],0x0000e48a974321b4
248300.0,195809,python,[JIT],0x0000e96f05f57630
248300.0,195809,python,[JIT],0x0000e96f064f3008
248300.0,195809,python,[JIT],0x0000e96f064f6ccc
248300.0,195809,python,[JIT],0x0000e96f068a6430
248300.0,195809,python,[JIT],0x0000e96f068a647c
248300.0,195809,python,[JIT],0x0000e96f068a64bc
248300.0,195809,python,[JIT],0x0000e96f068ab19c
248300.0,195809,python,[JIT],0x0000e96f068ab7e0
248300.0,195843,python,[JIT],0x0000f826442fe810
248300.0,195843,python,[JIT],0x0000f82644371004
248300.0,195843,python,[JIT],0x0000f826443725b0
248300.0,195843,python,[JIT],0x0000f826445d1cf0
248300.0,195843,python,[JIT],0x0000f82644683ba0
248300.0,195809,python,[JIT],0x0000e96f064f6298
248300.0,195809,python,[JIT],0x0000e96f068ad0fc
248300.0,195809,python,[JIT],0x0000e96f068d832c
248299.0,195984,python,[JIT],0x0000fa70fbebd46c
248299.0,195984,python,[JIT],0x0000fa70fbef55fc
248299.0,195984,python,[JIT],0x0000fa70fc4f56a0
248299.0,195984,python,[JIT],0x0000fa70fc5036f4
248299.0,195984,python,[JIT],0x0000fa70fc769090
248299.0,195984,python,[JIT],0x0000fa70fc76d674
248299.0,195984,python,[JIT],0x0000fa70fc818fb8
248299.0,195984,python,[JIT],0x0000fa70fc81a074
248299.0,195984,python,[JIT],0x0000fa70fc81e958
248299.0,195915,python,[JIT],0x0000e5957c88848c
248299.0,195915,python,[JIT],0x0000e5957c931638
248299.0,195915,python,[JIT],0x0000e5957c93975c
248299.0,195915,python,[JIT],0x0000e5957c9662b8
248299.0,195775,python,[JIT],0x0000e031bd4f0f5c
248299.0,195775,python,[JIT],0x0000e031bd50cd94
248299.0,195775,python,[JIT],0x0000e031bd7aa440
248299.0,195775,python,[JIT],0x0000e031bd856150
248299.0,195775,python,[JIT],0x0000e031bd8565a8
248299.0,195775,python,[JIT],0x0000e031bd85722c
248299.0,195946,python,[JIT],0x0000fc22a94f8460
248299.0,195946,python,[JIT],0x0000fc22a97a2164
248299.0,195915,python,[JIT],0x0000e5957c4ebec0
248299.0,195915,python,[JIT],0x0000e5957c52aad8
248299.0,195915,python,[JIT],0x0000e5957c939ba8
248299.0,195719,python,[JIT],0x0000e48a96acb850
248299.0,195719,python,[JIT],0x0000e48a96af6270
248299.0,195719,python,[JIT],0x0000e48a9738ce64
248299.0,195719,python,[JIT],0x0000e48a9743167c
248299.0,195809,python,[JIT],0x0000e96f064f3438
248299.0,195809,python,[JIT],0x0000e96f068d8324
248299.0,195843,python,[JIT],0x0000f826442f958c
248299.0,195843,python,[JIT],0x0000f82644684ed0
248299.0,195809,python,[JIT],0x0000e96f067f9240
248299.0,195809,python,[JIT],0x0000e96f068ab9b4
248298.0,195984,python,[JIT],0x0000fa70fbeb33d0
248298.0,195984,python,[JIT],0x0000fa70fbef4344
248298.0,195984,python,[JIT],0x0000fa70fbef7550
248298.0,195984,python,[JIT],0x0000fa70fc503aa8
248298.0,195984,python,[JIT],0x0000fa70fc503b88
248298.0,195984,python,[JIT],0x0000fa70fc72e7c0
248298.0,195984,python,[JIT],0x0000fa70fc76b328
248298.0,195984,python,[JIT],0x0000fa70fc81829c
248298.0,195984,python,[JIT],0x0000fa70fc81d064
248298.0,195984,python,[JIT],0x0000fa70fc76c1a0
248298.0,195915,python,[JIT],0x0000e5957c93a0e4
248298.0,195915,python,[JIT],0x0000e5957c93aa24
248298.0,195915,python,[JIT],0x0000e5957c964d98
248298.0,195775,python,[JIT],0x0000e031bd501378
248298.0,195775,python,[JIT],0x0000e031bd502900
248298.0,195775,python,[JIT],0x0000e031bd54203c
248298.0,195719,python,[JIT],0x0000e48a9738816c
248298.0,195719,python,[JIT],0x0000e48a9738c3c8
248298.0,195719,python,[JIT],0x0000e48a97432ce4
248298.0,195719,python,[JIT],0x0000e48a9745d8a0
248298.0,195809,python,[JIT],0x0000e96f067f1788
248298.0,195809,python,[JIT],0x0000e96f068a254c
248298.0,195809,python,[JIT],0x0000e96f068d6478
248298.0,195843,python,[JIT],0x0000f826442f9f3c
248298.0,195843,python,[JIT],0x0000f8264433c1ac
248298.0,195843,python,[JIT],0x0000f826445d1154
248298.0,195843,python,[JIT],0x0000f826445d8fe4
248298.0,195843,python,[JIT],0x0000f826445dc98c
248298.0,195843,python,[JIT],0x0000f826445dd430
248298.0,195843,python,[JIT],0x0000f826446833d8
248298.0,195843,python,[JIT],0x0000f8264468525c
248298.0,195809,python,[JIT],0x0000e96f068a2170
248298.0,195809,python,[JIT],0x0000e96f068ab494
248297.0,195984,python,[JIT],0x0000fa70fbef47ac
248297.0,195984,python,[JIT],0x0000fa70fc4f65d8
248297.0,195984,python,[JIT],0x0000fa70fc4f6b50
248297.0,195984,python,[JIT],0x0000fa70fc5031ac
248297.0,195984,python,[JIT],0x0000fa70fc819eb8
248297.0,195984,python,[JIT],0x0000fa70fc81d5b4
248297.0,195915,python,[JIT],0x0000e5957bff53ac
248297.0,195915,python,[JIT],0x0000e5957bff6eb4
248297.0,195915,python,[JIT],0x0000e5957c84e048
248297.0,195915,python,[JIT],0x0000e5957c84e66c
248297.0,195915,python,[JIT],0x0000e5957c934d18
248297.0,195915,python,[JIT],0x0000e5957c93b228
248297.0,195915,python,[JIT],0x0000e5957c965330
248297.0,195775,python,[JIT],0x0000e031bd4f7950
248297.0,195775,python,[JIT],0x0000e031bd7a9f5c
248297.0,195775,python,[JIT],0x0000e031bd7aa880
248297.0,195946,python,[JIT],0x0000fc22a94f9354
248297.0,195775,python,[JIT],0x0000e031bd8528b0
248297.0,195719,python,[JIT],0x0000e48a96afbb70
248297.0,195719,python,[JIT],0x0000e48a96afc3b8
248297.0,195719,python,[JIT],0x0000e48a970eda64
248297.0,195719,python,[JIT],0x0000e48a9712ba90
248297.0,195719,python,[JIT],0x0000e48a97388000
248297.0,195719,python,[JIT],0x0000e48a9738ba24
248297.0,195719,python,[JIT],0x0000e48a97432b6c
248297.0,195809,python,[JIT],0x0000e96f05f9a29c
248297.0,195809,python,[JIT],0x0000e96f064f32f4
248297.0,195809,python,[JIT],0x0000e96f068a611c
248297.0,195809,python,[JIT],0x0000e96f068a6efc
248297.0,195809,python,[JIT],0x0000e96f068ac0a8
248297.0,195809,python,[JIT],0x0000e96f068d802c
248297.0,195843,python,[JIT],0x0000f8264430922c
248297.0,195843,python,[JIT],0x0000f826445db8b4
248297.0,195843,python,[JIT],0x0000f826445db8fc
248297.0,195843,python,[JIT],0x0000f826445db954
248296.0,195984,python,[JIT],0x0000fa70fc4f6358
248296.0,195984,python,[JIT],0x0000fa70fc4f6374
248296.0,195984,python,[JIT],0x0000fa70fc4f7024
248296.0,195984,python,[JIT],0x0000fa70fc819780
248296.0,195984,python,[JIT],0x0000fa70fc84a02c
248296.0,195984,python,[JIT],0x0000fa70fc4fe2e0
248296.0,195915,python,[JIT],0x0000e5957c5256a0
248296.0,195915,python,[JIT],0x0000e5957c525e70
248296.0,195915,python,[JIT],0x0000e5957c888244
248296.0,195915,python,[JIT],0x0000e5957c8884fc
248296.0,195915,python,[JIT],0x0000e5957c889240
248296.0,195915,python,[JIT],0x0000e5957c9350b4
248296.0,195915,python,[JIT],0x0000e5957c935980
248296.0,195915,python,[JIT],0x0000e5957c93912c
248296.0,195915,python,[JIT],0x0000e5957c93ad1c
248296.0,195775,python,[JIT],0x0000e031bd4f0300
248296.0,195775,python,[JIT],0x0000e031bd4f6d1c
248296.0,195775,python,[JIT],0x0000e031bd50b244
248296.0,195775,python,[JIT],0x0000e031bd542500
248296.0,195775,python,[JIT],0x0000e031bd7a9434
248296.0,195775,python,[JIT],0x0000e031bd7a94ec
248296.0,195775,python,[JIT],0x0000e031bd85a104
248296.0,195775,python,[JIT],0x0000e031bd85a238
248296.0,195775,python,[JIT],0x0000e031bd85a6b4
248296.0,195719,python,[JIT],0x0000e48a96939dc8
248296.0,195719,python,[JIT],0x0000e48a96acc294
248296.0,195719,python,[JIT],0x0000e48a96afbc0c
248296.0,195719,python,[JIT],0x0000e48a970eb3c4
248296.0,195719,python,[JIT],0x0000e48a970ede18
248296.0,195719,python,[JIT],0x0000e48a973833a0
248296.0,195719,python,[JIT],0x0000e48a9738be04
248296.0,195719,python,[JIT],0x0000e48a9743102c
248296.0,195809,python,[JIT],0x0000e96f05f58124
248296.0,195809,python,[JIT],0x0000e96f05f5a238
248296.0,195809,python,[JIT],0x0000e96f067f9cf0
248296.0,195809,python,[JIT],0x0000e96f067f9da0
248296.0,195809,python,[JIT],0x0000e96f067fa514
248296.0,195809,python,[JIT],0x0000e96f068ab3cc
248296.0,195809,python,[JIT],0x0000e96f068d62b4
248296.0,195843,python,[JIT],0x0000f826442fdf64
248296.0,195843,python,[JIT],0x0000f8264430906c
248296.0,195843,python,[JIT],0x0000f8264430a0d0
248296.0,195843,python,[JIT],0x0000f826445d1114
248296.0,195809,python,[JIT],0x0000e96f068a7910
248295.0,195984,python,[JIT],0x0000fa70fbebd85c
248295.0,195984,python,[JIT],0x0000fa70fbebe494
248295.0,195984,python,[JIT],0x0000fa70fbefd604
248295.0,195984,python,[JIT],0x0000fa70fc4f5f34
248295.0,195984,python,[JIT],0x0000fa70fc76c4fc
248295.0,195984,python,[JIT],0x0000fa70fc8163f0
248295.0,195984,python,[JIT],0x0000fa70fc818110
248295.0,195984,python,[JIT],0x0000fa70fc8193d0
248295.0,195915,python,python,_PySuper_LookupDescr
248295.0,195915,python,[JIT],0x0000e5957bf99ab4
248295.0,195915,python,[JIT],0x0000e5957c8899d4
248295.0,195915,python,[JIT],0x0000e5957c9311f0
248295.0,195915,python,[JIT],0x0000e5957c939394
248295.0,195915,python,[JIT],0x0000e5957c93a34c
248295.0,195775,python,[JIT],0x0000e031bd4f718c
248295.0,195775,python,[JIT],0x0000e031bd76e8bc
248295.0,195775,python,[JIT],0x0000e031bd8520b0
248295.0,195775,python,[JIT],0x0000e031bd85a468
248295.0,195775,python,[JIT],0x0000e031bd85ad48
248295.0,195775,python,[JIT],0x0000e031bd7a6340
248295.0,195719,python,[JIT],0x0000e48a96a9c388
248295.0,195719,python,[JIT],0x0000e48a96afb3c0
248295.0,195719,python,[JIT],0x0000e48a970ed314
248295.0,195719,python,[JIT],0x0000e48a9743103c
248295.0,195719,python,[JIT],0x0000e48a97432cec
248295.0,195843,python,[JIT],0x0000f826446ae720
248295.0,195809,python,[JIT],0x0000e96f05f99e4c
248295.0,195809,python,[JIT],0x0000e96f068a30d0
248295.0,195809,python,[JIT],0x0000e96f068ac2b4
248295.0,195809,python,[JIT],0x0000e96f068d60c0
248295.0,195809,python,[JIT],0x0000e96f068d67f8
248295.0,195843,python,[JIT],0x0000f8264430adb4
248295.0,195843,python,[JIT],0x0000f826445d8e60
248295.0,195843,python,[JIT],0x0000f826445db090
248295.0,195843,python,[JIT],0x0000f826445dc170
248295.0,195843,python,[JIT],0x0000f82644683f70
248294.0,195984,python,[JIT],0x0000fa70fc76b508
248294.0,195984,python,[JIT],0x0000fa70fc84a3b8
248294.0,195915,python,[JIT],0x0000e5957c9354d4
248294.0,195915,python,[JIT],0x0000e5957c9395b8
248294.0,195915,python,[JIT],0x0000e5957c939740
248294.0,195915,python,[JIT],0x0000e5957c9642e4
248294.0,195775,python,python,PyObject_SetAttr
248294.0,195775,python,[JIT],0x0000e031bd4f1040
248294.0,195775,python,[JIT],0x0000e031bd5456dc
248294.0,195775,python,[JIT],0x0000e031bd76e4cc
248294.0,195775,python,[JIT],0x0000e031bd7aaa48
248294.0,195775,python,[JIT],0x0000e031bd85665c
248294.0,195775,python,[JIT],0x0000e031bd85a37c
248294.0,195775,python,[JIT],0x0000e031bd886810
248294.0,195775,python,[JIT],0x0000e031bd887840
248294.0,195775,python,python,_PyOptimizer_Optimize
248294.0,195719,python,[JIT],0x0000e48a96a97680
248294.0,195719,python,[JIT],0x0000e48a970ebf60
248294.0,195719,python,[JIT],0x0000e48a97383200
248294.0,195719,python,[JIT],0x0000e48a9738d2a8
248294.0,195719,python,[JIT],0x0000e48a97431f74
248294.0,195843,python,[JIT],0x0000f826446b018c
248294.0,195809,python,[JIT],0x0000e96f05f56a90
248294.0,195809,python,[JIT],0x0000e96f05f990b4
248294.0,195809,python,[JIT],0x0000e96f05f99d74
248294.0,195809,python,[JIT],0x0000e96f064f53a0
248294.0,195843,python,[JIT],0x0000f826443096b4
248294.0,195843,python,[JIT],0x0000f826445dc77c
248294.0,195843,python,[JIT],0x0000f82644683430
248294.0,195843,python,[JIT],0x0000f826446af5b8
248294.0,195843,python,[JIT],0x0000f826446af718
248294.0,195843,python,[JIT],0x0000f826446b01c4
248294.0,195809,python,python,patch_aarch64_21r
248293.0,195984,python,[JIT],0x0000fa70fc4f5e8c
248293.0,195984,python,[JIT],0x0000fa70fc4f6428
248293.0,195984,python,[JIT],0x0000fa70fc504180
248293.0,195984,python,[JIT],0x0000fa70fc504228
248293.0,195984,python,[JIT],0x0000fa70fc81807c
248293.0,195984,python,[JIT],0x0000fa70fc818c74
248293.0,195984,python,[JIT],0x0000fa70fc81f230
248293.0,195984,python,[JIT],0x0000fa70fc84a1b4
248293.0,195915,python,[JIT],0x0000e5957bff5e64
248293.0,195915,python,[JIT],0x0000e5957bff6f24
248293.0,195915,python,[JIT],0x0000e5957c5234fc
248293.0,195915,python,[JIT],0x0000e5957c889ac4
248293.0,195915,python,[JIT],0x0000e5957c88c0f4
248293.0,195915,python,[JIT],0x0000e5957c935628
248293.0,195915,python,[JIT],0x0000e5957c936170
248293.0,195915,python,[JIT],0x0000e5957c93c6dc
248293.0,195775,python,[JIT],0x0000e031bcef7a08
248293.0,195775,python,[JIT],0x0000e031bd4f74d4
248293.0,195775,python,[JIT],0x0000e031bd502fc8
248293.0,195775,python,[JIT],0x0000e031bd8520e4
248293.0,195775,python,[JIT],0x0000e031bd85a970
248293.0,195915,python,[JIT],0x0000e5957c88832c
248293.0,195915,python,[JIT],0x0000e5957c93a184
248293.0,195719,python,[JIT],0x0000e48a96a9b2d4
248293.0,195719,python,[JIT],0x0000e48a97122b84
248293.0,195719,python,[JIT],0x0000e48a97431314
248293.0,195809,python,[JIT],0x0000e96f05f56390
248293.0,195809,python,[JIT],0x0000e96f05f98f98
248293.0,195809,python,[JIT],0x0000e96f067fabf4
248293.0,195843,python,[JIT],0x0000f826442f4430
248293.0,195843,python,[JIT],0x0000f826442f98ec
248293.0,195843,python,[JIT],0x0000f8264433cab4
248293.0,195809,python,[JIT],0x0000e96f068a8518
248292.0,195984,python,[JIT],0x0000fa70fc4f6ed4
248292.0,195984,python,[JIT],0x0000fa70fc76d500
248292.0,195984,python,[JIT],0x0000fa70fc84a4ac
248292.0,195984,python,[JIT],0x0000fa70fc8111d0
248292.0,195984,python,[JIT],0x0000fa70fc8187c4
248292.0,195915,python,[JIT],0x0000e5957bff72d8
248292.0,195915,python,[JIT],0x0000e5957c8891f8
248292.0,195915,python,[JIT],0x0000e5957c934040
248292.0,195915,python,[JIT],0x0000e5957c93ad18
248292.0,195915,python,[JIT],0x0000e5957c965888
248292.0,195775,python,[JIT],0x0000e031bd501aa4
248292.0,195775,python,[JIT],0x0000e031bd5458ec
248292.0,195775,python,[JIT],0x0000e031bd76e0b8
248292.0,195775,python,[JIT],0x0000e031bd7a81c8
248292.0,195775,python,[JIT],0x0000e031bd851124
248292.0,195775,python,[JIT],0x0000e031bd851580
248292.0,195775,python,[JIT],0x0000e031bd855c04
248292.0,195775,python,[JIT],0x0000e031bd856074
248292.0,195775,python,[JIT],0x0000e031bd885720
248292.0,195775,python,[JIT],0x0000e031bd8870f8
248292.0,195775,python,[JIT],0x0000e031bd85b578
248292.0,195719,python,[JIT],0x0000e48a96a66f6c
248292.0,195719,python,[JIT],0x0000e48a96afc0b4
248292.0,195719,python,[JIT],0x0000e48a9738c780
248292.0,195719,python,[JIT],0x0000e48a974322d4
248292.0,195719,python,[JIT],0x0000e48a9745d59c
248292.0,195809,python,[JIT],0x0000e96f05f2c5ac
248292.0,195809,python,[JIT],0x0000e96f064f3724
248292.0,195809,python,[JIT],0x0000e96f068a6e20
248292.0,195809,python,[JIT],0x0000e96f068ab84c
248292.0,195809,python,[JIT],0x0000e96f068acb7c
248292.0,195843,python,[JIT],0x0000f826442f3edc
248292.0,195843,python,[JIT],0x0000f8264430f624
248292.0,195843,python,[JIT],0x0000f826446ae0cc
248292.0,195843,python,[JIT],0x0000f826446b09b4
248292.0,195809,python,[JIT],0x0000e96f067f40f8
248292.0,195809,python,[JIT],0x0000e96f068a1044
248291.0,195984,python,python,PyLong_AsLong
248291.0,195984,python,[JIT],0x0000fa70fbefa320
248291.0,195984,python,[JIT],0x0000fa70fc4f503c
248291.0,195984,python,[JIT],0x0000fa70fc4f55cc
248291.0,195984,python,[JIT],0x0000fa70fc5049ec
248291.0,195984,python,[JIT],0x0000fa70fc72e42c
248291.0,195984,python,[JIT],0x0000fa70fc72ea98
248291.0,195984,python,[JIT],0x0000fa70fc818700
248291.0,195984,python,[JIT],0x0000fa70fc81dae0
248291.0,195915,python,[JIT],0x0000e5957bff112c
248291.0,195915,python,[JIT],0x0000e5957c4ec678
248291.0,195915,python,[JIT],0x0000e5957c887480
248291.0,195915,python,[JIT],0x0000e5957c931fe4
248291.0,195915,python,[JIT],0x0000e5957c934a54
248291.0,195915,python,[JIT],0x0000e5957c9395ac
248291.0,195775,python,[JIT],0x0000e031bd5453f0
248291.0,195775,python,[JIT],0x0000e031bd7a20c0
248291.0,195946,python,[JIT],0x0000fc22a97a7cac
248291.0,195719,python,[JIT],0x0000e48a96af3368
248291.0,195719,python,[JIT],0x0000e48a96afc1f8
248291.0,195719,python,[JIT],0x0000e48a970ebd70
248291.0,195719,python,[JIT],0x0000e48a973830f0
248291.0,195719,python,[JIT],0x0000e48a973880fc
248291.0,195719,python,[JIT],0x0000e48a97388214
248291.0,195809,python,[JIT],0x0000e96f064f37a8
248291.0,195809,python,[JIT],0x0000e96f067bf038
248291.0,195809,python,[JIT],0x0000e96f068a3108
248291.0,195809,python,[JIT],0x0000e96f068a7f78
248291.0,195843,python,python,compactlongs_guard
248291.0,195843,python,[JIT],0x0000f826442f03b4
248291.0,195843,python,[JIT],0x0000f826442fefd0
248290.0,195984,python,[JIT],0x0000fa70fc4ed04c
248290.0,195984,python,[JIT],0x0000fa70fc50363c
248290.0,195984,python,[JIT],0x0000fa70fc76b0e8
248290.0,195984,python,[JIT],0x0000fa70fc76c6d4
248290.0,195984,python,[JIT],0x0000fa70fc76d50c
248290.0,195984,python,[JIT],0x0000fa70fc818650
248290.0,195984,python,[JIT],0x0000fa70fc81d004
248290.0,195984,python,[JIT],0x0000fa70fc81eb84
248290.0,195984,python,[JIT],0x0000fa70fc81f17c
248290.0,195915,python,[JIT],0x0000e5957bf95f7c
248290.0,195915,python,[JIT],0x0000e5957c4ebcec
248290.0,195915,python,[JIT],0x0000e5957c888230
248290.0,195915,python,[JIT],0x0000e5957c931088
248290.0,195915,python,[JIT],0x0000e5957c939cec
248290.0,195775,python,[JIT],0x0000e031bd7aa124
248290.0,195775,python,[JIT],0x0000e031bd85aa2c
248290.0,195775,python,[JIT],0x0000e031bd856054
248290.0,195719,python,[JIT],0x0000e48a970edbbc
248290.0,195719,python,[JIT],0x0000e48a9712b1b8
248290.0,195719,python,[JIT],0x0000e48a97431460
248290.0,195719,python,[JIT],0x0000e48a97431500
248290.0,195719,python,[JIT],0x0000e48a97431bdc
248290.0,195843,python,[JIT],0x0000f826446ae128
248290.0,195809,python,[JIT],0x0000e96f05f57910
248290.0,195809,python,[JIT],0x0000e96f064f5828
248290.0,195809,python,[JIT],0x0000e96f068a7124
248290.0,195809,python,[JIT],0x0000e96f068ab458
248290.0,195843,python,[JIT],0x0000f826442f0700
248290.0,195843,python,[JIT],0x0000f8264430addc
248290.0,195843,python,[JIT],0x0000f82644338390
248290.0,195843,python,[JIT],0x0000f826443728f0
248289.0,195984,python,[JIT],0x0000fa70fc7638ec
248289.0,195984,python,[JIT],0x0000fa70fc764060
248289.0,195984,python,[JIT],0x0000fa70fc76cec4
248289.0,195984,python,[JIT],0x0000fa70fc815194
248289.0,195984,python,[JIT],0x0000fa70fc818a74
248289.0,195984,python,[JIT],0x0000fa70fc81eab4
248289.0,195915,python,[JIT],0x0000e5957bfc7ae8
248289.0,195915,python,[JIT],0x0000e5957bff57c4
248289.0,195915,python,[JIT],0x0000e5957c525a4c
248289.0,195915,python,[JIT],0x0000e5957c88c474
248289.0,195775,python,[kernel.kallsyms],__perf_addr_filters_adjust
248289.0,195775,python,[JIT],0x0000e031bd4f5678
248289.0,195775,python,[JIT],0x0000e031bd7a207c
248289.0,195775,python,[JIT],0x0000e031bd8550f4
248289.0,195775,python,[JIT],0x0000e031bd85a72c
248289.0,195946,python,python,_PySuper_LookupDescr
248289.0,195915,python,python,_PyLong_FromMedium
248289.0,195775,python,[JIT],0x0000e031bd85b8e4
248289.0,195719,python,[JIT],0x0000e48a96af33b4
248289.0,195719,python,[JIT],0x0000e48a96afc6b4
248289.0,195719,python,[JIT],0x0000e48a9738cb88
248289.0,195719,python,[JIT],0x0000e48a974320d8
248289.0,195843,python,[JIT],0x0000f826445dbeac
248289.0,195809,python,[JIT],0x0000e96f05f563ac
248289.0,195809,python,[JIT],0x0000e96f05f5ca6c
248289.0,195809,python,[JIT],0x0000e96f05f98820
248289.0,195809,python,[JIT],0x0000e96f064f50ac
248289.0,195809,python,[JIT],0x0000e96f068ab0e4
248289.0,195843,python,[JIT],0x0000f826442fe114
248289.0,195843,python,[JIT],0x0000f826443098a8
248289.0,195843,python,[JIT],0x0000f826445d1bb0
248289.0,195843,python,[JIT],0x0000f826445d8040
248289.0,195843,python,[JIT],0x0000f826445db864
248289.0,195809,python,[JIT],0x0000e96f067f9cf0
248288.0,195984,python,[JIT],0x0000fa70fbeb31d0
248288.0,195984,python,[JIT],0x0000fa70fbefa9a0
248288.0,195984,python,[JIT],0x0000fa70fc4ec148
248288.0,195984,python,[JIT],0x0000fa70fc4f6ddc
248288.0,195984,python,[JIT],0x0000fa70fc5043d0
248288.0,195984,python,[JIT],0x0000fa70fc76cf34
248288.0,195984,python,[JIT],0x0000fa70fc811040
248288.0,195984,python,[JIT],0x0000fa70fc81656c
248288.0,195984,python,[JIT],0x0000fa70fc81e110
248288.0,195984,python,[JIT],0x0000fa70fc81eed0
248288.0,195984,python,[JIT],0x0000fa70fc84900c
248288.0,195915,python,[JIT],0x0000e5957c4ebbd4
248288.0,195915,python,[JIT],0x0000e5957c935878
248288.0,195775,python,[JIT],0x0000e031bcef2abc
248288.0,195775,python,[JIT],0x0000e031bd7a9108
248288.0,195775,python,[JIT],0x0000e031bd7aab48
248288.0,195775,python,[JIT],0x0000e031bd855e3c
248288.0,195775,python,[JIT],0x0000e031bd885804
248288.0,195946,python,[JIT],0x0000fc22a96f70c4
248288.0,195915,python,[JIT],0x0000e5957c5295b0
248288.0,195719,python,[JIT],0x0000e48a96a6c0e0
248288.0,195719,python,[JIT],0x0000e48a96a9bf60
248288.0,195719,python,[JIT],0x0000e48a96af3064
248288.0,195719,python,[JIT],0x0000e48a9738c004
248288.0,195809,python,python,PyDict_GetItemRef
248288.0,195809,python,[JIT],0x0000e96f05f51cec
248288.0,195809,python,[JIT],0x0000e96f05f51ed4
248288.0,195809,python,[JIT],0x0000e96f068abec8
248288.0,195843,python,[JIT],0x0000f8264430ab68
248288.0,195809,python,[JIT],0x0000e96f064f603c
248287.0,195984,python,[JIT],0x0000fa70fbefc0a8
248287.0,195984,python,[JIT],0x0000fa70fc4f7304
248287.0,195984,python,[JIT],0x0000fa70fc811320
248287.0,195984,python,[JIT],0x0000fa70fc81a31c
248287.0,195984,python,[JIT],0x0000fa70fc84a108
248287.0,195915,python,[JIT],0x0000e5957bfcb2b4
248287.0,195915,python,[JIT],0x0000e5957c932300
248287.0,195915,python,[JIT],0x0000e5957c9664ac
248287.0,195775,python,[JIT],0x0000e031bd5420b4
248287.0,195775,python,[JIT],0x0000e031bd7a20b8
248287.0,195775,python,[JIT],0x0000e031bd7a8044
248287.0,195775,python,[JIT],0x0000e031bd7a9594
248287.0,195775,python,[JIT],0x0000e031bd852080
248287.0,195775,python,[JIT],0x0000e031bd85ac9c
248287.0,195775,python,[JIT],0x0000e031bd85b288
248287.0,195775,python,[JIT],0x0000e031bd886220
248287.0,195946,python,[JIT],0x0000fc22a97a7008
248287.0,195946,python,[JIT],0x0000fc22a97a7438
248287.0,195915,python,[JIT],0x0000e5957c93ad04
248287.0,195775,python,[JIT],0x0000e031bd545768
248287.0,195719,python,[JIT],0x0000e48a96afcdd4
248287.0,195719,python,[JIT],0x0000e48a9712a518
248287.0,195719,python,[JIT],0x0000e48a9712ae68
248287.0,195719,python,[JIT],0x0000e48a974327c4
248287.0,195809,python,[JIT],0x0000e96f05f55094
248287.0,195809,python,[JIT],0x0000e96f05f9900c
248287.0,195809,python,[JIT],0x0000e96f05f995b4
248287.0,195809,python,[JIT],0x0000e96f067f954c
248287.0,195809,python,[JIT],0x0000e96f067f99c0
248287.0,195809,python,[JIT],0x0000e96f068a6928
248287.0,195809,python,[JIT],0x0000e96f068a7664
248287.0,195809,python,[JIT],0x0000e96f068a8320
248287.0,195809,python,[JIT],0x0000e96f068abd4c
248287.0,195843,python,[JIT],0x0000f826442f0658
248287.0,195843,python,[JIT],0x0000f826442f93e8
248287.0,195843,python,[JIT],0x0000f8264433b17c
248287.0,195843,python,[JIT],0x0000f826445d2628
248287.0,195843,python,[JIT],0x0000f826445dbb78
248287.0,195843,python,[JIT],0x0000f82644684814
248287.0,195809,python,[JIT],0x0000e96f068ac288
248286.0,195984,python,[JIT],0x0000fa70fc4f6228
248286.0,195984,python,[JIT],0x0000fa70fc4f7324
248286.0,195984,python,[JIT],0x0000fa70fc72e2b4
248286.0,195984,python,[JIT],0x0000fa70fc81db18
248286.0,195984,python,[JIT],0x0000fa70fc50a91c
248286.0,195984,python,[JIT],0x0000fa70fc81ee34
248286.0,195915,python,[JIT],0x0000e5957bf992d8
248286.0,195915,python,[JIT],0x0000e5957c52342c
248286.0,195915,python,[JIT],0x0000e5957c931408
248286.0,195915,python,[JIT],0x0000e5957c931774
248286.0,195915,python,[JIT],0x0000e5957c93aeb0
248286.0,195915,python,[JIT],0x0000e5957c96658c
248286.0,195775,python,[JIT],0x0000e031bcef9584
248286.0,195775,python,[JIT],0x0000e031bd545e7c
248286.0,195946,python,[kernel.kallsyms],vm_mmap_pgoff
248286.0,195719,python,[JIT],0x0000e48a96acb4b8
248286.0,195719,python,[JIT],0x0000e48a96acd2ac
248286.0,195719,python,[JIT],0x0000e48a97388218
248286.0,195719,python,[JIT],0x0000e48a97388f1c
248286.0,195719,python,[JIT],0x0000e48a9738b08c
248286.0,195809,python,[JIT],0x0000e96f05f224d8
248286.0,195809,python,[JIT],0x0000e96f064f6040
248286.0,195809,python,[JIT],0x0000e96f068a6c90
248286.0,195809,python,[JIT],0x0000e96f068ac008
248286.0,195809,python,[JIT],0x0000e96f068ac094
248286.0,195843,python,[JIT],0x0000f826442f40d0
248286.0,195843,python,[JIT],0x0000f826443729a8
248286.0,195843,python,[JIT],0x0000f826445db1c0
248286.0,195843,python,[JIT],0x0000f826446ae0b0
248285.0,195984,python,[JIT],0x0000fa70fbeb4190
248285.0,195984,python,[JIT],0x0000fa70fc4f561c
248285.0,195984,python,[JIT],0x0000fa70fc4f6150
248285.0,195984,python,[JIT],0x0000fa70fc7691bc
248285.0,195984,python,[JIT],0x0000fa70fc76c204
248285.0,195984,python,[JIT],0x0000fa70fc818934
248285.0,195984,python,[JIT],0x0000fa70fc81d4f0
248285.0,195984,python,[JIT],0x0000fa70fc81d89c
248285.0,195984,python,[JIT],0x0000fa70fc81eec0
248285.0,195915,python,python,emit__DEOPT_r00
248285.0,195915,python,[JIT],0x0000e5957bf9902c
248285.0,195915,python,[JIT],0x0000e5957bf9dc10
248285.0,195915,python,[JIT],0x0000e5957c84e3e0
248285.0,195915,python,[JIT],0x0000e5957c88c4c8
248285.0,195915,python,[JIT],0x0000e5957c935624
248285.0,195915,python,[JIT],0x0000e5957c966288
248285.0,195775,python,[JIT],0x0000e031bcefcca8
248285.0,195775,python,[JIT],0x0000e031bd4eb42c
248285.0,195775,python,[JIT],0x0000e031bd5425dc
248285.0,195775,python,[JIT],0x0000e031bd545538
248285.0,195775,python,[JIT],0x0000e031bd7a81e8
248285.0,195775,python,[JIT],0x0000e031bd7a955c
248285.0,195775,python,[JIT],0x0000e031bd852d88
248285.0,195775,python,[JIT],0x0000e031bd85ad10
248285.0,195719,python,[JIT],0x0000e48a96acc164
248285.0,195719,python,[JIT],0x0000e48a96afb1f4
248285.0,195719,python,[JIT],0x0000e48a96afc020
248285.0,195719,python,[JIT],0x0000e48a9743211c
248285.0,195719,python,[JIT],0x0000e48a97433dd8
248285.0,195809,python,[JIT],0x0000e96f05f99c14
248285.0,195809,python,[JIT],0x0000e96f064f3fb0
248285.0,195843,python,[JIT],0x0000f82643cccacc
248285.0,195843,python,[JIT],0x0000f8264430a060
248285.0,195843,python,[JIT],0x0000f826446835b4
248284.0,195984,python,[JIT],0x0000fa70fbebe5ac
248284.0,195984,python,[JIT],0x0000fa70fc50317c
248284.0,195984,python,[JIT],0x0000fa70fc72ef98
248284.0,195984,python,[JIT],0x0000fa70fc84a10c
248284.0,195984,python,[JIT],0x0000fa70fc84a528
248284.0,195915,python,[JIT],0x0000e5957c52319c
248284.0,195915,python,[JIT],0x0000e5957c525e34
248284.0,195915,python,[JIT],0x0000e5957c84e590
248284.0,195915,python,[JIT],0x0000e5957c9354c0
248284.0,195915,python,[JIT],0x0000e5957c939ba8
248284.0,195775,python,[JIT],0x0000e031bd50c6fc
248284.0,195775,python,[JIT],0x0000e031bd852190
248284.0,195775,python,[JIT],0x0000e031bd8555d8
248284.0,195775,python,[JIT],0x0000e031bd85585c
248284.0,195775,python,[JIT],0x0000e031bd85b74c
248284.0,195775,python,[JIT],0x0000e031bd85b9fc
248284.0,195775,python,[JIT],0x0000e031bd885778
248284.0,195775,python,[JIT],0x0000e031bd85b938
248284.0,195719,python,[JIT],0x0000e48a9712ae70
248284.0,195719,python,[JIT],0x0000e48a9712b634
248284.0,195719,python,[JIT],0x0000e48a97388118
248284.0,195719,python,[JIT],0x0000e48a9738c10c
248284.0,195719,python,[JIT],0x0000e48a9738d4c8
248284.0,195719,python,[JIT],0x0000e48a9745d7d0
248284.0,195809,python,[JIT],0x0000e96f05f98e98
248284.0,195809,python,[JIT],0x0000e96f064f52c0
248284.0,195809,python,[JIT],0x0000e96f064f6740
248284.0,195809,python,[JIT],0x0000e96f068a6988
248284.0,195809,python,[JIT],0x0000e96f068ab5c0
248284.0,195809,python,[JIT],0x0000e96f068ac9a8
248284.0,195809,python,[JIT],0x0000e96f068d8050
248284.0,195843,python,[JIT],0x0000f826445db2d4
248284.0,195843,python,[JIT],0x0000f826445dc7fc
248284.0,195843,python,[JIT],0x0000f8264468238c
248284.0,195843,python,[JIT],0x0000f826446838a8
248284.0,195843,python,[JIT],0x0000f82644684f84
248283.0,195984,python,[JIT],0x0000fa70fbeb5f1c
248283.0,195984,python,[JIT],0x0000fa70fc4f6d74
248283.0,195984,python,[JIT],0x0000fa70fc72eed8
248283.0,195984,python,[JIT],0x0000fa70fc763590
248283.0,195984,python,[JIT],0x0000fa70fc815a94
248283.0,195984,python,[JIT],0x0000fa70fc4fea00
248283.0,195915,python,[JIT],0x0000e5957bfc7740
248283.0,195915,python,[JIT],0x0000e5957bfc8740
248283.0,195915,python,[JIT],0x0000e5957c84e600
248283.0,195915,python,[JIT],0x0000e5957c88818c
248283.0,195775,python,[JIT],0x0000e031bd501d7c
248283.0,195775,python,[JIT],0x0000e031bd502238
248283.0,195775,python,[JIT],0x0000e031bd7aa8d4
248283.0,195775,python,[JIT],0x0000e031bd85b908
248283.0,195946,python,python,analyze_descriptor_load.constprop.0
248283.0,195946,python,[JIT],0x0000fc22a97a93c4
248283.0,195719,python,[JIT],0x0000e48a97121a44
248283.0,195719,python,[JIT],0x0000e48a9734e090
248283.0,195719,python,[JIT],0x0000e48a973832f0
248283.0,195719,python,[JIT],0x0000e48a9738d048
248283.0,195809,python,[JIT],0x0000e96f05f5c378
248283.0,195809,python,[JIT],0x0000e96f05f9a4cc
248283.0,195809,python,[JIT],0x0000e96f064f66c8
248283.0,195809,python,[JIT],0x0000e96f067f9f84
248283.0,195809,python,[JIT],0x0000e96f068a1270
248283.0,195809,python,[JIT],0x0000e96f068a6b80
248283.0,195843,python,[JIT],0x0000f826442f3a50
248283.0,195843,python,[JIT],0x0000f82644302004
248283.0,195843,python,[JIT],0x0000f82644309e78
248283.0,195843,python,[JIT],0x0000f82644373a98
248283.0,195843,python,[JIT],0x0000f82644681354
248282.0,195984,python,[JIT],0x0000fa70fbef81b8
248282.0,195984,python,[JIT],0x0000fa70fc4f5f38
248282.0,195984,python,[JIT],0x0000fa70fc50340c
248282.0,195984,python,[JIT],0x0000fa70fc504128
248282.0,195984,python,[JIT],0x0000fa70fc76c65c
248282.0,195984,python,[JIT],0x0000fa70fc81d2ac
248282.0,195984,python,[JIT],0x0000fa70fc81d368
248282.0,195984,python,[JIT],0x0000fa70fc81da58
248282.0,195984,python,[JIT],0x0000fa70fc81dcf4
248282.0,195915,python,python,initialize_locals
248282.0,195915,python,[JIT],0x0000e5957bff716c
248282.0,195915,python,[JIT],0x0000e5957c525274
248282.0,195915,python,[JIT],0x0000e5957c93a6d0
248282.0,195775,python,[JIT],0x0000e031bd4f0410
248282.0,195775,python,[JIT],0x0000e031bd501bc8
248282.0,195775,python,[JIT],0x0000e031bd7aa7a4
248282.0,195775,python,[JIT],0x0000e031bd8512c0
248282.0,195775,python,[JIT],0x0000e031bd885228
248282.0,195946,python,[JIT],0x0000fc22a97a740c
248282.0,195719,python,[JIT],0x0000e48a96af217c
248282.0,195719,python,[JIT],0x0000e48a96afb5e4
248282.0,195719,python,[JIT],0x0000e48a970ebe78
248282.0,195719,python,[JIT],0x0000e48a974321b8
248282.0,195719,python,[JIT],0x0000e48a9745c438
248282.0,195809,python,[JIT],0x0000e96f064ec3ec
248282.0,195809,python,[JIT],0x0000e96f068a6fe8
248282.0,195809,python,[JIT],0x0000e96f068ac298
248282.0,195809,python,[JIT],0x0000e96f068ace84
248282.0,195843,python,[JIT],0x0000f826442f8aac
248282.0,195843,python,[JIT],0x0000f8264430af90
248282.0,195843,python,[JIT],0x0000f8264433a118
248282.0,195843,python,[JIT],0x0000f826445d251c
248282.0,195843,python,[JIT],0x0000f82644684e64
248281.0,195984,python,python,_PyUnicode_InternMortal
248281.0,195984,python,[JIT],0x0000fa70fc4ed18c
248281.0,195984,python,[JIT],0x0000fa70fc761164
248281.0,195984,python,[JIT],0x0000fa70fc763038
248281.0,195984,python,[JIT],0x0000fa70fc76c550
248281.0,195984,python,[JIT],0x0000fa70fc8112d0
248281.0,195984,python,[JIT],0x0000fa70fc818af8
248281.0,195984,python,[JIT],0x0000fa70fc81df68
248281.0,195984,python,[JIT],0x0000fa70fc81ee84
248281.0,195984,python,[JIT],0x0000fa70fc849328
248281.0,195984,python,[JIT],0x0000fa70fc84972c
248281.0,195915,python,[JIT],0x0000e5957bfc7cd0
248281.0,195915,python,[JIT],0x0000e5957c4eba70
248281.0,195915,python,[JIT],0x0000e5957c523db8
248281.0,195915,python,[JIT],0x0000e5957c934118
248281.0,195775,python,[JIT],0x0000e031bd502bc4
248281.0,195775,python,[JIT],0x0000e031bd50b3a8
248281.0,195775,python,[JIT],0x0000e031bd7a8178
248281.0,195775,python,[JIT],0x0000e031bd7a92c4
248281.0,195775,python,[JIT],0x0000e031bd7a9cec
248281.0,195775,python,[JIT],0x0000e031bd85aed8
248281.0,195775,python,[JIT],0x0000e031bd8865a8
248281.0,195775,python,[JIT],0x0000e031bd85218c
248281.0,195719,python,[JIT],0x0000e48a96af3590
248281.0,195719,python,[JIT],0x0000e48a970edb30
248281.0,195719,python,[JIT],0x0000e48a9738bdd0
248281.0,195719,python,[JIT],0x0000e48a97432344
248281.0,195809,python,[JIT],0x0000e96f068a3368
248281.0,195809,python,[JIT],0x0000e96f068abbfc
248281.0,195843,python,[JIT],0x0000f8264433c82c
248281.0,195843,python,[JIT],0x0000f826443725d4
248281.0,195843,python,[JIT],0x0000f826446834f0
248281.0,195843,python,[JIT],0x0000f82644684f68
248280.0,195984,python,[JIT],0x0000fa70fc7632ec
248280.0,195984,python,[JIT],0x0000fa70fc763764
248280.0,195984,python,[JIT],0x0000fa70fc76c0bc
248280.0,195984,python,[JIT],0x0000fa70fc818b9c
248280.0,195984,python,[JIT],0x0000fa70fc81e1a8
248280.0,195984,python,[JIT],0x0000fa70fc50969c
248280.0,195915,python,[JIT],0x0000e5957bff5abc
248280.0,195915,python,[JIT],0x0000e5957bff6378
248280.0,195915,python,[JIT],0x0000e5957c5231e4
248280.0,195915,python,[JIT],0x0000e5957c84f178
248280.0,195915,python,[JIT],0x0000e5957c939e40
248280.0,195915,python,[JIT],0x0000e5957c93aa20
248280.0,195915,python,[JIT],0x0000e5957c93af64
248280.0,195775,python,[JIT],0x0000e031bd5026b4
248280.0,195775,python,[JIT],0x0000e031bd50bec0
248280.0,195775,python,[JIT],0x0000e031bd7a8408
248280.0,195775,python,[JIT],0x0000e031bd85a25c
248280.0,195719,python,[JIT],0x0000e48a970ebe20
248280.0,195719,python,[JIT],0x0000e48a9712a894
248280.0,195719,python,[JIT],0x0000e48a9738411c
248280.0,195719,python,[JIT],0x0000e48a974316dc
248280.0,195719,python,[JIT],0x0000e48a9745e90c
248280.0,195809,python,[JIT],0x0000e96f05f985e0
248280.0,195843,python,[JIT],0x0000f826442fe9d4
248280.0,195843,python,[JIT],0x0000f8264433c018
248280.0,195843,python,[JIT],0x0000f826445db080
248280.0,195809,python,[kernel.kallsyms],vma_merge
248279.0,195984,python,[JIT],0x0000fa70fbef7514
248279.0,195984,python,[JIT],0x0000fa70fc8180e4
248279.0,195984,python,[JIT],0x0000fa70fc81d750
248279.0,195984,python,[JIT],0x0000fa70fc84a514
248279.0,195984,python,[JIT],0x0000fa70fc84a56c
248279.0,195984,python,[JIT],0x0000fa70fc818a1c
248279.0,195915,python,[JIT],0x0000e5957bff63f4
248279.0,195915,python,[JIT],0x0000e5957c888594
248279.0,195915,python,[JIT],0x0000e5957c9346d0
248279.0,195915,python,[JIT],0x0000e5957c935a88
248279.0,195915,python,[JIT],0x0000e5957c939bd8
248279.0,195915,python,[JIT],0x0000e5957c93a56c
248279.0,195915,python,[JIT],0x0000e5957c93b148
248279.0,195775,python,[JIT],0x0000e031bd4f6854
248279.0,195775,python,[JIT],0x0000e031bd7a92e8
248279.0,195775,python,[JIT],0x0000e031bd8514b0
248279.0,195775,python,[JIT],0x0000e031bd85600c
248279.0,195915,python,[kernel.kallsyms],mas_walk
248279.0,195915,python,[JIT],0x0000e5957c887344
248279.0,195775,python,[JIT],0x0000e031bd856780
248279.0,195719,python,[JIT],0x0000e48a9712b7d0
248279.0,195719,python,[JIT],0x0000e48a9745e1fc
248279.0,195843,python,[JIT],0x0000f826445dc4ec
248279.0,195809,python,[JIT],0x0000e96f05f56dfc
248279.0,195809,python,[JIT],0x0000e96f064f30f8
248279.0,195809,python,[JIT],0x0000e96f068d705c
248279.0,195843,python,[JIT],0x0000f82644309fe8
248279.0,195843,python,[JIT],0x0000f8264437b054
248279.0,195843,python,[JIT],0x0000f826446b058c
248279.0,195809,python,[JIT],0x0000e96f068ab0f4
248278.0,195984,python,[JIT],0x0000fa70fbeb88e0
248278.0,195984,python,[JIT],0x0000fa70fc81d3ac
248278.0,195984,python,[JIT],0x0000fa70fc81d428
248278.0,195984,python,[JIT],0x0000fa70fc81de6c
248278.0,195984,python,[JIT],0x0000fa70fc8151d4
248278.0,195915,python,[JIT],0x0000e5957bf9a24c
248278.0,195915,python,[JIT],0x0000e5957c88866c
248278.0,195915,python,[JIT],0x0000e5957c9353f4
248278.0,195915,python,[JIT],0x0000e5957c935c68
248278.0,195915,python,[JIT],0x0000e5957c93a744
248278.0,195775,python,[JIT],0x0000e031bd8551d8
248278.0,195775,python,[JIT],0x0000e031bd855db0
248278.0,195775,python,[JIT],0x0000e031bd85a28c
248278.0,195775,python,[JIT],0x0000e031bd85a684
248278.0,195775,python,[JIT],0x0000e031bd85a6cc
248278.0,195719,python,[JIT],0x0000e48a970eba30
248278.0,195719,python,[JIT],0x0000e48a970ed324
248278.0,195719,python,[JIT],0x0000e48a971271d4
248278.0,195719,python,[JIT],0x0000e48a9745e358
248278.0,195809,python,[JIT],0x0000e96f068a37f8
248278.0,195809,python,[JIT],0x0000e96f068ab2ac
248278.0,195809,python,[JIT],0x0000e96f068d63f4
248278.0,195843,python,[JIT],0x0000f826442f43b8
248278.0,195843,python,[JIT],0x0000f826442f9e34
248278.0,195843,python,[JIT],0x0000f82644309d5c
248278.0,195843,python,[JIT],0x0000f826445dc850
248278.0,195843,python,[JIT],0x0000f82644683cf4
248277.0,195984,python,[JIT],0x0000fa70fbef4034
248277.0,195984,python,[JIT],0x0000fa70fbef7aa0
248277.0,195984,python,[JIT],0x0000fa70fbefcdb4
248277.0,195984,python,[JIT],0x0000fa70fc503550
248277.0,195984,python,[JIT],0x0000fa70fc503698
248277.0,195984,python,[JIT],0x0000fa70fc76cc2c
248277.0,195984,python,[JIT],0x0000fa70fc811154
248277.0,195984,python,[JIT],0x0000fa70fc819d3c
248277.0,195984,python,[JIT],0x0000fa70fc81d924
248277.0,195984,python,[JIT],0x0000fa70fc81e65c
248277.0,195984,python,[JIT],0x0000fa70fc72e06c
248277.0,195915,python,[JIT],0x0000e5957c5254a0
248277.0,195915,python,[JIT],0x0000e5957c525c0c
248277.0,195915,python,[JIT],0x0000e5957c84f1b4
248277.0,195915,python,[JIT],0x0000e5957c8886d4
248277.0,195915,python,[JIT],0x0000e5957c935d14
248277.0,195775,python,[JIT],0x0000e031bd50c3f8
248277.0,195775,python,[JIT],0x0000e031bd851164
248277.0,195775,python,[JIT],0x0000e031bd858328
248277.0,195719,python,python,_PyJIT_Compile
248277.0,195719,python,[JIT],0x0000e48a9712a9a4
248277.0,195719,python,[JIT],0x0000e48a97384540
248277.0,195719,python,[JIT],0x0000e48a973886d8
248277.0,195719,python,[JIT],0x0000e48a9738d214
248277.0,195719,python,[JIT],0x0000e48a97432660
248277.0,195719,python,[JIT],0x0000e48a9745c3e4
248277.0,195719,python,[JIT],0x0000e48a9745e3c8
248277.0,195809,python,[JIT],0x0000e96f05f5ca60
248277.0,195809,python,[JIT],0x0000e96f064f5aa8
248277.0,195809,python,[JIT],0x0000e96f068a6894
248277.0,195809,python,[JIT],0x0000e96f068a6a1c
248277.0,195809,python,[JIT],0x0000e96f068ab548
248277.0,195809,python,[JIT],0x0000e96f068ab6a8
248277.0,195809,python,[JIT],0x0000e96f068ab6ac
248277.0,195809,python,[JIT],0x0000e96f068abf1c
248277.0,195809,python,[JIT],0x0000e96f068d7888
248277.0,195809,python,[JIT],0x0000e96f068d8358
248277.0,195843,python,[JIT],0x0000f826442f85dc
248277.0,195843,python,[JIT],0x0000f8264433c1f8
248277.0,195843,python,[JIT],0x0000f8264437217c
248276.0,195984,python,[JIT],0x0000fa70fbefbae8
248276.0,195984,python,[JIT],0x0000fa70fc503a70
248276.0,195984,python,[JIT],0x0000fa70fc818794
248276.0,195984,python,[JIT],0x0000fa70fc81d8e4
248276.0,195984,python,[JIT],0x0000fa70fc8152ac
248276.0,195915,python,[JIT],0x0000e5957bff57d0
248276.0,195915,python,[JIT],0x0000e5957c525280
248276.0,195915,python,[JIT],0x0000e5957c889070
248276.0,195915,python,[JIT],0x0000e5957c935fac
248276.0,195915,python,[JIT],0x0000e5957c939090
248276.0,195915,python,[JIT],0x0000e5957c964868
248276.0,195775,python,[JIT],0x0000e031bd4f422c
248276.0,195775,python,[JIT],0x0000e031bd502700
248276.0,195775,python,[JIT],0x0000e031bd50b300
248276.0,195775,python,[JIT],0x0000e031bd545488
248276.0,195775,python,[JIT],0x0000e031bd85a7ec
248276.0,195719,python,[JIT],0x0000e48a96acb678
248276.0,195719,python,[JIT],0x0000e48a96acc1b8
248276.0,195719,python,[JIT],0x0000e48a96accf88
248276.0,195719,python,[JIT],0x0000e48a970ed2c8
248276.0,195719,python,[JIT],0x0000e48a9745e49c
248276.0,195843,python,python,insert_split_key
248276.0,195809,python,[JIT],0x0000e96f05f98ee0
248276.0,195809,python,[JIT],0x0000e96f05f99914
248276.0,195809,python,[JIT],0x0000e96f067f1c50
248276.0,195809,python,[JIT],0x0000e96f067f2140
248276.0,195809,python,[JIT],0x0000e96f068a21ec
248276.0,195809,python,[JIT],0x0000e96f068a74c4
248276.0,195843,python,[JIT],0x0000f826443387c4
248276.0,195843,python,[JIT],0x0000f8264433ba04
248276.0,195843,python,[JIT],0x0000f82644683aa4
248276.0,195843,python,[JIT],0x0000f82644683ecc
248276.0,195809,python,[JIT],0x0000e96f067f2a9c
248275.0,195984,python,[JIT],0x0000fa70fbefbfb8
248275.0,195984,python,[JIT],0x0000fa70fc5048a8
248275.0,195984,python,[JIT],0x0000fa70fc818c68
248275.0,195984,python,[JIT],0x0000fa70fc81e17c
248275.0,195915,python,[JIT],0x0000e5957bff57b0
248275.0,195915,python,[JIT],0x0000e5957bff5df0
248275.0,195915,python,[JIT],0x0000e5957bff740c
248275.0,195915,python,[JIT],0x0000e5957c4ec140
248275.0,195915,python,[JIT],0x0000e5957c52366c
248275.0,195915,python,[JIT],0x0000e5957c5253dc
248275.0,195915,python,[JIT],0x0000e5957c888a88
248275.0,195915,python,[JIT],0x0000e5957c939a1c
248275.0,195775,python,[JIT],0x0000e031bd545090
248275.0,195775,python,[JIT],0x0000e031bd85a5d4
248275.0,195775,python,[JIT],0x0000e031bd85b1d0
248275.0,195915,python,[JIT],0x0000e5957c8891e8
248275.0,195915,python,[JIT],0x0000e5957c889880
248275.0,195915,python,[JIT],0x0000e5957c93906c
248275.0,195775,python,[JIT],0x0000e031bd887424
248275.0,195719,python,[JIT],0x0000e48a96acbfd8
248275.0,195719,python,[JIT],0x0000e48a96af360c
248275.0,195719,python,[JIT],0x0000e48a97388428
248275.0,195719,python,[JIT],0x0000e48a9745d130
248275.0,195719,python,[JIT],0x0000e48a9745e4e4
248275.0,195809,python,[JIT],0x0000e96f05f98f28
248275.0,195809,python,[JIT],0x0000e96f064f5838
248275.0,195809,python,[JIT],0x0000e96f068a7e3c
248275.0,195843,python,[JIT],0x0000f8264430a5bc
248275.0,195843,python,[JIT],0x0000f8264433b4cc
248275.0,195843,python,[JIT],0x0000f826443726a0
248275.0,195843,python,[JIT],0x0000f82644684f04
248275.0,195809,python,[JIT],0x0000e96f068ac194
248274.0,195984,python,[JIT],0x0000fa70fbeb5a34
248274.0,195984,python,[JIT],0x0000fa70fc76c478
248274.0,195984,python,[JIT],0x0000fa70fc76d598
248274.0,195984,python,[JIT],0x0000fa70fc81516c
248274.0,195984,python,[JIT],0x0000fa70fc818b98
248274.0,195984,python,[JIT],0x0000fa70fc81d084
248274.0,195984,python,[JIT],0x0000fa70fc81d234
248274.0,195984,python,[JIT],0x0000fa70fc81f0a4
248274.0,195984,python,[JIT],0x0000fa70fc8480c8
248274.0,195984,python,[JIT],0x0000fa70fc84a0dc
248274.0,195915,python,[JIT],0x0000e5957bfc8d68
248274.0,195915,python,[JIT],0x0000e5957c4ecc6c
248274.0,195915,python,[JIT],0x0000e5957c88800c
248274.0,195915,python,[JIT],0x0000e5957c93503c
248274.0,195915,python,[JIT],0x0000e5957c939734
248274.0,195915,python,[JIT],0x0000e5957c93a184
248274.0,195915,python,[JIT],0x0000e5957c964518
248274.0,195775,python,[JIT],0x0000e031bd7aa9f0
248274.0,195775,python,[JIT],0x0000e031bd851558
248274.0,195775,python,[JIT],0x0000e031bd85705c
248274.0,195775,python,[JIT],0x0000e031bd8570b4
248274.0,195775,python,[JIT],0x0000e031bd885808
248274.0,195719,python,[JIT],0x0000e48a96acb858
248274.0,195719,python,[JIT],0x0000e48a970eb0f4
248274.0,195719,python,[JIT],0x0000e48a971224b8
248274.0,195719,python,[JIT],0x0000e48a9712a03c
248274.0,195719,python,[JIT],0x0000e48a9712ccb8
248274.0,195719,python,[JIT],0x0000e48a97388110
248274.0,195719,python,[JIT],0x0000e48a973896ac
248274.0,195809,python,[JIT],0x0000e96f05f57d90
248274.0,195809,python,[JIT],0x0000e96f064f3000
248274.0,195809,python,[JIT],0x0000e96f064f5400
248274.0,195809,python,[JIT],0x0000e96f068ab564
248274.0,195809,python,[JIT],0x0000e96f068d7028
248274.0,195843,python,[JIT],0x0000f8264430f68c
248274.0,195843,python,[JIT],0x0000f8264468394c
248274.0,195843,python,[JIT],0x0000f82644684508
248273.0,195984,python,[JIT],0x0000fa70fc4f5de4
248273.0,195984,python,[JIT],0x0000fa70fc76cd80
248273.0,195984,python,[JIT],0x0000fa70fc81e040
248273.0,195984,python,[JIT],0x0000fa70fc81d244
248273.0,195915,python,[JIT],0x0000e5957bff58bc
248273.0,195915,python,[JIT],0x0000e5957bff69a8
248273.0,195915,python,[JIT],0x0000e5957c5235ec
248273.0,195915,python,[JIT],0x0000e5957c966354
248273.0,195775,python,[JIT],0x0000e031bcefcbc8
248273.0,195775,python,[JIT],0x0000e031bcefd348
248273.0,195775,python,[JIT],0x0000e031bd5022c0
248273.0,195775,python,[JIT],0x0000e031bd503050
248273.0,195775,python,[JIT],0x0000e031bd8558d0
248273.0,195775,python,[JIT],0x0000e031bd8565ac
248273.0,195775,python,[JIT],0x0000e031bd85a0e4
248273.0,195946,python,[JIT],0x0000fc22a94f0d90
248273.0,195946,python,[JIT],0x0000fc22a94f4c6c
248273.0,195775,python,[JIT],0x0000e031bd853980
248273.0,195719,python,[JIT],0x0000e48a970eb524
248273.0,195719,python,[JIT],0x0000e48a9745c030
248273.0,195719,python,[JIT],0x0000e48a9745d7f8
248273.0,195809,python,[JIT],0x0000e96f05f5a228
248273.0,195809,python,[JIT],0x0000e96f064f60b4
248273.0,195809,python,[JIT],0x0000e96f067f42fc
248273.0,195809,python,[JIT],0x0000e96f067f9d04
248273.0,195809,python,[JIT],0x0000e96f068a62d0
248273.0,195809,python,[JIT],0x0000e96f068a6cdc
248273.0,195809,python,[JIT],0x0000e96f068a7f14
248273.0,195843,python,[JIT],0x0000f826442fd1a8
248273.0,195843,python,[JIT],0x0000f8264430adcc
248273.0,195843,python,[JIT],0x0000f826443726d4
248272.0,195984,python,[JIT],0x0000fa70fc4f5248
248272.0,195984,python,[JIT],0x0000fa70fc81102c
248272.0,195984,python,[JIT],0x0000fa70fc818068
248272.0,195915,python,[JIT],0x0000e5957c9399bc
248272.0,195775,python,[JIT],0x0000e031bd5013f4
248272.0,195775,python,[JIT],0x0000e031bd50c6a8
248272.0,195775,python,[JIT],0x0000e031bd543558
248272.0,195775,python,[JIT],0x0000e031bd85a7ec
248272.0,195775,python,[JIT],0x0000e031bd85c034
248272.0,195775,python,[JIT],0x0000e031bd886214
248272.0,195719,python,[JIT],0x0000e48a96afc338
248272.0,195719,python,[JIT],0x0000e48a9712baec
248272.0,195719,python,[JIT],0x0000e48a97431d6c
248272.0,195719,python,[JIT],0x0000e48a9743302c
248272.0,195809,python,[JIT],0x0000e96f05f98f8c
248272.0,195809,python,[JIT],0x0000e96f05f9909c
248272.0,195809,python,[JIT],0x0000e96f05f99134
248272.0,195809,python,[JIT],0x0000e96f067f10f0
248272.0,195809,python,[JIT],0x0000e96f067f2290
248272.0,195809,python,[JIT],0x0000e96f068a3e48
248272.0,195843,python,[JIT],0x0000f8264433b564
248272.0,195843,python,[JIT],0x0000f826445d81cc
248272.0,195843,python,[JIT],0x0000f826445d9970
248272.0,195843,python,[JIT],0x0000f826446820f8
248272.0,195843,python,[JIT],0x0000f826446af388
248271.0,195984,python,[JIT],0x0000fa70fc76b1d0
248271.0,195984,python,[JIT],0x0000fa70fc8190e0
248271.0,195984,python,[JIT],0x0000fa70fc81dfb0
248271.0,195915,python,[JIT],0x0000e5957c934b80
248271.0,195775,python,[JIT],0x0000e031bd501694
248271.0,195775,python,[JIT],0x0000e031bd50cc6c
248271.0,195775,python,[JIT],0x0000e031bd5425cc
248271.0,195775,python,[JIT],0x0000e031bd545074
248271.0,195775,python,[JIT],0x0000e031bd8521d0
248271.0,195775,python,[JIT],0x0000e031bd85a204
248271.0,195775,python,[JIT],0x0000e031bd8866f8
248271.0,195946,python,[JIT],0x0000fc22a97a3cb8
248271.0,195775,python,[JIT],0x0000e031bd548928
248271.0,195775,python,[JIT],0x0000e031bd7aa810
248271.0,195775,python,[JIT],0x0000e031bd85a8e8
248271.0,195719,python,[JIT],0x0000e48a96acbe88
248271.0,195719,python,[JIT],0x0000e48a96acc244
248271.0,195719,python,[JIT],0x0000e48a9712a3c4
248271.0,195719,python,[JIT],0x0000e48a9712ab1c
248271.0,195719,python,[JIT],0x0000e48a973882c4
248271.0,195809,python,[JIT],0x0000e96f067fab38
248271.0,195809,python,[JIT],0x0000e96f068a1008
248271.0,195809,python,[JIT],0x0000e96f068d803c
248271.0,195809,python,[JIT],0x0000e96f068d84a0
248271.0,195843,python,[JIT],0x0000f826446af628
248271.0,195843,python,[JIT],0x0000f826446b01cc
248270.0,195984,python,[JIT],0x0000fa70fc819ba0
248270.0,195984,python,[JIT],0x0000fa70fc81d458
248270.0,195984,python,[JIT],0x0000fa70fc811140
248270.0,195915,python,[JIT],0x0000e5957bf9455c
248270.0,195915,python,[JIT],0x0000e5957bfc4e3c
248270.0,195915,python,[JIT],0x0000e5957c888530
248270.0,195915,python,[JIT],0x0000e5957c889418
248270.0,195915,python,[JIT],0x0000e5957c88c11c
248270.0,195775,python,[JIT],0x0000e031bd4f6e70
248270.0,195775,python,[JIT],0x0000e031bd501f7c
248270.0,195775,python,[JIT],0x0000e031bd50b17c
248270.0,195775,python,[JIT],0x0000e031bd5455ec
248270.0,195775,python,[JIT],0x0000e031bd7a98ac
248270.0,195775,python,[JIT],0x0000e031bd855af8
248270.0,195775,python,[JIT],0x0000e031bd856f04
248270.0,195946,python,[JIT],0x0000fc22a94f7ab4
248270.0,195915,python,[JIT],0x0000e5957c939970
248270.0,195775,python,[JIT],0x0000e031bd885060
248270.0,195719,python,[JIT],0x0000e48a97431a80
248270.0,195809,python,[JIT],0x0000e96f05f2cadc
248270.0,195809,python,[JIT],0x0000e96f05f99b1c
248270.0,195809,python,[JIT],0x0000e96f068a661c
248270.0,195809,python,[JIT],0x0000e96f068a6f84
248270.0,195809,python,[JIT],0x0000e96f068a7118
248270.0,195809,python,[JIT],0x0000e96f068aca50
248270.0,195809,python,[JIT],0x0000e96f068acc84
248270.0,195809,python,[JIT],0x0000e96f068ace64
248270.0,195843,python,[JIT],0x0000f826445d2bd4
248270.0,195809,python,[JIT],0x0000e96f068a24ac
248270.0,195809,python,[JIT],0x0000e96f068a3210
248269.0,195984,python,[JIT],0x0000fa70fc4f6b78
248269.0,195984,python,[JIT],0x0000fa70fc504390
248269.0,195984,python,[JIT],0x0000fa70fc5044d4
248269.0,195984,python,[JIT],0x0000fa70fc7632f8
248269.0,195984,python,[JIT],0x0000fa70fc76dac0
248269.0,195984,python,[JIT],0x0000fa70fc819720
248269.0,195984,python,[JIT],0x0000fa70fc81d094
248269.0,195984,python,[JIT],0x0000fa70fc81dbfc
248269.0,195915,python,[JIT],0x0000e5957bf9dbec
248269.0,195915,python,[JIT],0x0000e5957bfc78d4
248269.0,195915,python,[JIT],0x0000e5957bffb944
248269.0,195915,python,[JIT],0x0000e5957c888bfc
248269.0,195915,python,[JIT],0x0000e5957c9344d4
248269.0,195915,python,[JIT],0x0000e5957c935d88
248269.0,195775,python,[JIT],0x0000e031bd50c8c8
248269.0,195775,python,[JIT],0x0000e031bd542028
248269.0,195775,python,[JIT],0x0000e031bd5421e4
248269.0,195946,python,[JIT],0x0000fc22a96f53b4
248269.0,195775,python,[JIT],0x0000e031bd85a070
248269.0,195719,python,[JIT],0x0000e48a9738bef8
248269.0,195719,python,[JIT],0x0000e48a97431d50
248269.0,195719,python,[JIT],0x0000e48a9745c264
248269.0,195719,python,[JIT],0x0000e48a9745e2ac
248269.0,195809,python,[JIT],0x0000e96f05f98d6c
248269.0,195809,python,[JIT],0x0000e96f068ab11c
248269.0,195809,python,[JIT],0x0000e96f068ab23c
248269.0,195809,python,[JIT],0x0000e96f068d7468
248269.0,195843,python,[JIT],0x0000f826442fe294
248269.0,195843,python,[JIT],0x0000f8264433b1b8
248269.0,195843,python,[JIT],0x0000f826446b04c0
248269.0,195809,python,[JIT],0x0000e96f068a6f7c
248268.0,195984,python,[JIT],0x0000fa70fc4f8ae4
248268.0,195984,python,[JIT],0x0000fa70fc503800
248268.0,195984,python,[JIT],0x0000fa70fc76cb78
248268.0,195984,python,[JIT],0x0000fa70fc819b04
248268.0,195984,python,[JIT],0x0000fa70fc81da80
248268.0,195984,python,[JIT],0x0000fa70fc84a1bc
248268.0,195915,python,[JIT],0x0000e5957c4eb964
248268.0,195915,python,[JIT],0x0000e5957c934958
248268.0,195915,python,[JIT],0x0000e5957c939f78
248268.0,195775,python,[JIT],0x0000e031bd50b160
248268.0,195775,python,[JIT],0x0000e031bd76ed6c
248268.0,195775,python,[JIT],0x0000e031bd857418
248268.0,195915,python,[kernel.kallsyms],do_page_fault
248268.0,195775,python,[JIT],0x0000e031bd545c4c
248268.0,195719,python,[JIT],0x0000e48a96a94788
248268.0,195719,python,[JIT],0x0000e48a96acd164
248268.0,195809,python,[JIT],0x0000e96f05f5ccfc
248268.0,195809,python,[JIT],0x0000e96f064f60a4
248268.0,195809,python,[JIT],0x0000e96f067bf0b8
248268.0,195809,python,[JIT],0x0000e96f067fa494
248268.0,195809,python,[JIT],0x0000e96f067fa7a8
248268.0,195809,python,[JIT],0x0000e96f068a2030
248268.0,195809,python,[JIT],0x0000e96f068a72a0
248268.0,195809,python,[JIT],0x0000e96f068a7920
248268.0,195809,python,[JIT],0x0000e96f068ab214
248268.0,195809,python,[JIT],0x0000e96f068ab2b4
248268.0,195843,python,[JIT],0x0000f826442eb380
248268.0,195843,python,[JIT],0x0000f826445dbfd0
248267.0,195984,python,[JIT],0x0000fa70fbebd8c4
248267.0,195984,python,[JIT],0x0000fa70fc76ca58
248267.0,195984,python,[JIT],0x0000fa70fc818a40
248267.0,195984,python,[JIT],0x0000fa70fc81dd10
248267.0,195915,python,[JIT],0x0000e5957c8890c4
248267.0,195775,python,[JIT],0x0000e031bd4f08c8
248267.0,195775,python,[JIT],0x0000e031bd8569ac
248267.0,195775,python,[JIT],0x0000e031bd856b14
248267.0,195915,python,[JIT],0x0000e5957c525e28
248267.0,195915,python,[JIT],0x0000e5957c93911c
248267.0,195719,python,[JIT],0x0000e48a970edc90
248267.0,195719,python,[JIT],0x0000e48a97388088
248267.0,195719,python,[JIT],0x0000e48a9738c71c
248267.0,195719,python,[JIT],0x0000e48a9743119c
248267.0,195719,python,[JIT],0x0000e48a97432014
248267.0,195809,python,[JIT],0x0000e96f05f2716c
248267.0,195809,python,[JIT],0x0000e96f05f99b7c
248267.0,195809,python,[JIT],0x0000e96f067f1190
248267.0,195809,python,[JIT],0x0000e96f067f14a8
248267.0,195809,python,[JIT],0x0000e96f067f165c
248267.0,195809,python,[JIT],0x0000e96f067f40f4
248267.0,195809,python,[JIT],0x0000e96f068a306c
248267.0,195809,python,[JIT],0x0000e96f068ab244
248267.0,195809,python,[JIT],0x0000e96f068ad268
248267.0,195843,python,[JIT],0x0000f8264430ad90
248267.0,195843,python,[JIT],0x0000f8264433c378
248267.0,195843,python,[JIT],0x0000f826445d16a0
248267.0,195843,python,[JIT],0x0000f826445d8124
248267.0,195843,python,[JIT],0x0000f82644683e4c
248267.0,195809,python,[JIT],0x0000e96f064f5008
248267.0,195809,python,[JIT],0x0000e96f064fc274
248266.0,195984,python,[JIT],0x0000fa70fbeb5ff4
248266.0,195984,python,[JIT],0x0000fa70fbef7de4
248266.0,195984,python,[JIT],0x0000fa70fc4fb38c
248266.0,195984,python,[JIT],0x0000fa70fc504580
248266.0,195984,python,[JIT],0x0000fa70fc81e014
248266.0,195984,python,[JIT],0x0000fa70fc8110fc
248266.0,195915,python,[JIT],0x0000e5957bfc874c
248266.0,195915,python,[JIT],0x0000e5957c4ec180
248266.0,195915,python,[JIT],0x0000e5957c84e1c4
248266.0,195915,python,[JIT],0x0000e5957c934f6c
248266.0,195915,python,[JIT],0x0000e5957c935a1c
248266.0,195775,python,[JIT],0x0000e031bd5025c8
248266.0,195775,python,[JIT],0x0000e031bd5029f4
248266.0,195775,python,[JIT],0x0000e031bd50b7f8
248266.0,195775,python,[JIT],0x0000e031bd50beb0
248266.0,195775,python,[JIT],0x0000e031bd7a9494
248266.0,195775,python,[JIT],0x0000e031bd852278
248266.0,195775,python,[JIT],0x0000e031bd85aa00
248266.0,195915,python,python,PyNumber_InPlaceFloorDivide
248266.0,195719,python,[JIT],0x0000e48a96af2104
248266.0,195719,python,[JIT],0x0000e48a96afb008
248266.0,195719,python,[JIT],0x0000e48a970edbb4
248266.0,195719,python,[JIT],0x0000e48a97384198
248266.0,195843,python,[JIT],0x0000f826445dc32c
248266.0,195809,python,[JIT],0x0000e96f05f98e80
248266.0,195809,python,[JIT],0x0000e96f067f16dc
248266.0,195809,python,[JIT],0x0000e96f067f9a88
248266.0,195809,python,[JIT],0x0000e96f068a14a8
248266.0,195809,python,[JIT],0x0000e96f068ac580
248266.0,195809,python,[JIT],0x0000e96f068d76e8
248266.0,195843,python,[JIT],0x0000f826445d1d58
248266.0,195843,python,[JIT],0x0000f82644683f04
248266.0,195843,python,[JIT],0x0000f826446848a4
248266.0,195809,python,[JIT],0x0000e96f068ab5a0
248265.0,195984,python,[JIT],0x0000fa70fc503168
248265.0,195984,python,[JIT],0x0000fa70fc763b08
248265.0,195984,python,[JIT],0x0000fa70fc76c30c
248265.0,195915,python,[JIT],0x0000e5957bfc7510
248265.0,195915,python,[JIT],0x0000e5957c4ec0bc
248265.0,195775,python,[JIT],0x0000e031bd501de0
248265.0,195775,python,[JIT],0x0000e031bd852724
248265.0,195775,python,[JIT],0x0000e031bd856590
248265.0,195775,python,[JIT],0x0000e031bd85a70c
248265.0,195775,python,[JIT],0x0000e031bd85b72c
248265.0,195719,python,[JIT],0x0000e48a96a94008
248265.0,195719,python,[JIT],0x0000e48a96a947ac
248265.0,195719,python,[JIT],0x0000e48a96a97890
248265.0,195719,python,[JIT],0x0000e48a96afc1ac
248265.0,195719,python,[JIT],0x0000e48a97432090
248265.0,195809,python,[JIT],0x0000e96f05f57a0c
248265.0,195809,python,[JIT],0x0000e96f05f5b2b4
248265.0,195809,python,[JIT],0x0000e96f05f98ac0
248265.0,195809,python,[JIT],0x0000e96f064ec194
248265.0,195809,python,[JIT],0x0000e96f064f61b8
248265.0,195809,python,[JIT],0x0000e96f068a3468
248265.0,195809,python,[JIT],0x0000e96f068abeec
248265.0,195809,python,[JIT],0x0000e96f068acbb8
248265.0,195843,python,[JIT],0x0000f826445dbc18
248265.0,195843,python,[JIT],0x0000f826445dc010
248265.0,195843,python,[JIT],0x0000f826445dc338
248264.0,195984,python,[JIT],0x0000fa70fc76d1c8
248264.0,195984,python,[JIT],0x0000fa70fc76d324
248264.0,195984,python,[JIT],0x0000fa70fc8487f8
248264.0,195915,python,[JIT],0x0000e5957bff5264
248264.0,195915,python,[JIT],0x0000e5957c939d54
248264.0,195775,python,[JIT],0x0000e031bd502384
248264.0,195775,python,[JIT],0x0000e031bd85a440
248264.0,195775,python,[JIT],0x0000e031bd85bd84
248264.0,195775,python,[JIT],0x0000e031bd88705c
248264.0,195775,python,[JIT],0x0000e031bd8871a0
248264.0,195719,python,[JIT],0x0000e48a96a94184
248264.0,195719,python,[JIT],0x0000e48a97384398
248264.0,195719,python,[JIT],0x0000e48a97431664
248264.0,195809,python,[JIT],0x0000e96f067fa440
248264.0,195843,python,[JIT],0x0000f82643cfd470
248264.0,195809,python,[kernel.kallsyms],__update_cpu_freelist_fast
248263.0,195984,python,[JIT],0x0000fa70fc4fb210
248263.0,195984,python,[JIT],0x0000fa70fc504a7c
248263.0,195984,python,[JIT],0x0000fa70fc7633dc
248263.0,195984,python,[JIT],0x0000fa70fc818e38
248263.0,195984,python,[JIT],0x0000fa70fc81f2a8
248263.0,195984,python,[JIT],0x0000fa70fc848194
248263.0,195984,python,[JIT],0x0000fa70fc8482bc
248263.0,195984,python,[JIT],0x0000fa70fc84a5b0
248263.0,195915,python,[JIT],0x0000e5957c523d24
248263.0,195775,python,[JIT],0x0000e031bcece180
248263.0,195775,python,[JIT],0x0000e031bd4f60a8
248263.0,195775,python,[JIT],0x0000e031bd856118
248263.0,195775,python,[JIT],0x0000e031bd85699c
248263.0,195915,python,[JIT],0x0000e5957c887130
248263.0,195915,python,[JIT],0x0000e5957c934108
248263.0,195719,python,[kernel.kallsyms],__arch_copy_from_user
248263.0,195719,python,[JIT],0x0000e48a970ed998
248263.0,195719,python,[JIT],0x0000e48a973842a0
248263.0,195719,python,[JIT],0x0000e48a9738bb24
248263.0,195719,python,[JIT],0x0000e48a9738d2f8
248263.0,195809,python,[JIT],0x0000e96f05f5c298
248263.0,195809,python,[JIT],0x0000e96f05f98694
248263.0,195809,python,[JIT],0x0000e96f064eb1a0
248263.0,195809,python,[JIT],0x0000e96f067f106c
248263.0,195809,python,[JIT],0x0000e96f067f15b4
248263.0,195809,python,[JIT],0x0000e96f067f94d8
248263.0,195809,python,[JIT],0x0000e96f068a23d8
248263.0,195809,python,[JIT],0x0000e96f068a6714
248263.0,195809,python,[JIT],0x0000e96f068ae6b8
248263.0,195809,python,[JIT],0x0000e96f068d642c
248263.0,195843,python,[JIT],0x0000f82644372ab0
248263.0,195843,python,[JIT],0x0000f826445dc320
248263.0,195843,python,[JIT],0x0000f826445dce4c
248263.0,195843,python,[JIT],0x0000f8264468318c
248263.0,195809,python,python,compactlongs_and
248263.0,195809,python,[kernel.kallsyms],perf_iterate_ctx
248262.0,195984,python,[JIT],0x0000fa70fbebd264
248262.0,195984,python,[JIT],0x0000fa70fc81d254
248262.0,195984,python,[JIT],0x0000fa70fc81d258
248262.0,195984,python,[JIT],0x0000fa70fc848624
248262.0,195984,python,[JIT],0x0000fa70fc849278
248262.0,195915,python,[JIT],0x0000e5957bf99338
248262.0,195915,python,[JIT],0x0000e5957c4eb58c
248262.0,195915,python,[JIT],0x0000e5957c4ec5b8
248262.0,195915,python,[JIT],0x0000e5957c4ec7e4
248262.0,195915,python,[JIT],0x0000e5957c5254b8
248262.0,195915,python,[JIT],0x0000e5957c888f94
248262.0,195915,python,[JIT],0x0000e5957c88ac8c
248262.0,195915,python,[JIT],0x0000e5957c932198
248262.0,195915,python,[JIT],0x0000e5957c9352a8
248262.0,195915,python,[JIT],0x0000e5957c93905c
248262.0,195915,python,[JIT],0x0000e5957c939724
248262.0,195775,python,[JIT],0x0000e031bd4f11ac
248262.0,195775,python,[JIT],0x0000e031bd76e994
248262.0,195775,python,[JIT],0x0000e031bd7a90ac
248262.0,195775,python,[JIT],0x0000e031bd7aa8b0
248262.0,195775,python,[JIT],0x0000e031bd855b80
248262.0,195775,python,[JIT],0x0000e031bd887008
248262.0,195946,python,[JIT],0x0000fc22a94f7190
248262.0,195946,python,[JIT],0x0000fc22a97a3920
248262.0,195915,python,python,PyObject_IsInstance
248262.0,195719,python,[JIT],0x0000e48a973843f4
248262.0,195809,python,[JIT],0x0000e96f05f2212c
248262.0,195809,python,[JIT],0x0000e96f064f30c8
248262.0,195809,python,[JIT],0x0000e96f064f67f8
248262.0,195809,python,[JIT],0x0000e96f068ab7c4
248262.0,195809,python,[JIT],0x0000e96f068ab808
248262.0,195843,python,[JIT],0x0000f82644338a50
248262.0,195843,python,[JIT],0x0000f826446ae100
248261.0,195984,python,[JIT],0x0000fa70fc4f64f4
248261.0,195984,python,[JIT],0x0000fa70fc76cc30
248261.0,195984,python,[JIT],0x0000fa70fc81967c
248261.0,195984,python,[JIT],0x0000fa70fc81e550
248261.0,195915,python,[JIT],0x0000e5957bff7178
248261.0,195915,python,[JIT],0x0000e5957c9326ac
248261.0,195775,python,[JIT],0x0000e031bd4eb510
248261.0,195775,python,[JIT],0x0000e031bd4ebd88
248261.0,195775,python,[JIT],0x0000e031bd50b8b4
248261.0,195775,python,[JIT],0x0000e031bd50c580
248261.0,195775,python,[JIT],0x0000e031bd855a74
248261.0,195775,python,[JIT],0x0000e031bd855ce0
248261.0,195775,python,[JIT],0x0000e031bd85702c
248261.0,195775,python,[JIT],0x0000e031bd85b148
248261.0,195915,python,[JIT],0x0000e5957c934bc4
248261.0,195719,python,[JIT],0x0000e48a96a94a50
248261.0,195719,python,[JIT],0x0000e48a96acbe08
248261.0,195719,python,[JIT],0x0000e48a96afbed8
248261.0,195719,python,[JIT],0x0000e48a96afc1a8
248261.0,195719,python,[JIT],0x0000e48a9712a604
248261.0,195719,python,[JIT],0x0000e48a9712ac70
248261.0,195719,python,[JIT],0x0000e48a97385184
248261.0,195719,python,[JIT],0x0000e48a97385940
248261.0,195719,python,[JIT],0x0000e48a9745d1f0
248261.0,195809,python,[JIT],0x0000e96f05f2c688
248261.0,195809,python,[JIT],0x0000e96f05f99bc8
248261.0,195809,python,[JIT],0x0000e96f064f3c00
248261.0,195809,python,[JIT],0x0000e96f067f1a94
248261.0,195809,python,[JIT],0x0000e96f067f4c98
248261.0,195809,python,[JIT],0x0000e96f067f548c
248261.0,195809,python,[JIT],0x0000e96f068a3a64
248261.0,195809,python,[JIT],0x0000e96f068a6a18
248261.0,195809,python,[JIT],0x0000e96f068a732c
248261.0,195843,python,[JIT],0x0000f826442f80b0
248261.0,195843,python,[JIT],0x0000f82644683740
248261.0,195809,python,[JIT],0x0000e96f068ab2d8
248260.0,195984,python,[JIT],0x0000fa70fc4f7034
248260.0,195984,python,[JIT],0x0000fa70fc76315c
248260.0,195984,python,[JIT],0x0000fa70fc76373c
248260.0,195984,python,[JIT],0x0000fa70fc76cd38
248260.0,195984,python,[JIT],0x0000fa70fc818378
248260.0,195984,python,[JIT],0x0000fa70fc819068
248260.0,195984,python,[JIT],0x0000fa70fc5092d8
248260.0,195915,python,[JIT],0x0000e5957bf94f44
248260.0,195915,python,[JIT],0x0000e5957c4ebe9c
248260.0,195915,python,[JIT],0x0000e5957c5250c8
248260.0,195915,python,[JIT],0x0000e5957c888aa4
248260.0,195775,python,[JIT],0x0000e031bd54296c
248260.0,195775,python,[JIT],0x0000e031bd545a4c
248260.0,195775,python,[JIT],0x0000e031bd85230c
248260.0,195775,python,[JIT],0x0000e031bd85a2b8
248260.0,195775,python,[JIT],0x0000e031bd85c1dc
248260.0,195915,python,[JIT],0x0000e5957c96658c
248260.0,195719,python,[JIT],0x0000e48a96a950bc
248260.0,195719,python,[JIT],0x0000e48a96a9cd28
248260.0,195719,python,[JIT],0x0000e48a96afc5f4
248260.0,195719,python,[JIT],0x0000e48a973845bc
248260.0,195809,python,[JIT],0x0000e96f064ec3c0
248260.0,195809,python,[JIT],0x0000e96f064f36a0
248260.0,195809,python,[JIT],0x0000e96f064f3c44
248260.0,195809,python,[JIT],0x0000e96f064f6258
248260.0,195809,python,[JIT],0x0000e96f067f1820
248260.0,195809,python,[JIT],0x0000e96f068ab684
248260.0,195843,python,[JIT],0x0000f8264437beb8
248260.0,195843,python,[JIT],0x0000f82644683f5c
248259.0,195984,python,[JIT],0x0000fa70fbef40ac
248259.0,195984,python,[JIT],0x0000fa70fbef423c
248259.0,195984,python,[JIT],0x0000fa70fbef44cc
248259.0,195984,python,[JIT],0x0000fa70fc4fb670
248259.0,195984,python,[JIT],0x0000fa70fc4fb7c0
248259.0,195984,python,[JIT],0x0000fa70fc504d2c
248259.0,195984,python,[JIT],0x0000fa70fc76c03c
248259.0,195984,python,[JIT],0x0000fa70fc81520c
248259.0,195984,python,[JIT],0x0000fa70fc819284
248259.0,195915,python,[JIT],0x0000e5957bfc94d0
248259.0,195915,python,[JIT],0x0000e5957c4ec588
248259.0,195915,python,[JIT],0x0000e5957c889a60
248259.0,195915,python,[JIT],0x0000e5957c93917c
248259.0,195915,python,[JIT],0x0000e5957c9391d8
248259.0,195775,python,[JIT],0x0000e031bd50b688
248259.0,195775,python,[JIT],0x0000e031bd85a6c4
248259.0,195775,python,[JIT],0x0000e031bd85a1c8
248259.0,195719,python,[JIT],0x0000e48a96acca84
248259.0,195719,python,[JIT],0x0000e48a9743136c
248259.0,195809,python,[JIT],0x0000e96f05f51af4
248259.0,195809,python,[JIT],0x0000e96f05f5678c
248259.0,195809,python,[JIT],0x0000e96f05f56e08
248259.0,195809,python,[JIT],0x0000e96f064eb048
248259.0,195809,python,[JIT],0x0000e96f064eb1bc
248259.0,195809,python,[JIT],0x0000e96f064f338c
248259.0,195809,python,[JIT],0x0000e96f068a6238
248259.0,195809,python,[JIT],0x0000e96f068acab0
248259.0,195843,python,[JIT],0x0000f826442fe9b0
248259.0,195843,python,[JIT],0x0000f8264433ba0c
248259.0,195843,python,[JIT],0x0000f8264433c570
248259.0,195843,python,[JIT],0x0000f826446832d4
248259.0,195843,python,[JIT],0x0000f826446ae068
248259.0,195809,python,[kernel.kallsyms],do_mprotect_pkey.constprop.0
248258.0,195984,python,[JIT],0x0000fa70fc76c26c
248258.0,195984,python,[JIT],0x0000fa70fc81daf8
248258.0,195915,python,[JIT],0x0000e5957bf9a1b0
248258.0,195915,python,[JIT],0x0000e5957bff6b0c
248258.0,195915,python,[JIT],0x0000e5957c5235a0
248258.0,195915,python,[JIT],0x0000e5957c5257dc
248258.0,195915,python,[JIT],0x0000e5957c935e64
248258.0,195775,python,[JIT],0x0000e031bd4f5550
248258.0,195775,python,[JIT],0x0000e031bd50bf80
248258.0,195775,python,[JIT],0x0000e031bd7a9b50
248258.0,195775,python,[JIT],0x0000e031bd856b20
248258.0,195775,python,[JIT],0x0000e031bd856d7c
248258.0,195775,python,[JIT],0x0000e031bd88750c
248258.0,195719,python,[JIT],0x0000e48a96a9cbe4
248258.0,195719,python,[JIT],0x0000e48a96af324c
248258.0,195719,python,[JIT],0x0000e48a970ee2d4
248258.0,195809,python,[JIT],0x0000e96f05f582b8
248258.0,195809,python,[JIT],0x0000e96f068a114c
248258.0,195809,python,[JIT],0x0000e96f068a2294
248258.0,195809,python,[JIT],0x0000e96f068a60d4
248258.0,195809,python,[JIT],0x0000e96f068a75a8
248258.0,195809,python,[JIT],0x0000e96f068acea8
248258.0,195809,python,[JIT],0x0000e96f068d617c
248258.0,195843,python,[JIT],0x0000f826445d830c
248258.0,195843,python,[JIT],0x0000f826445db2dc
248258.0,195809,python,python,long_div
248257.0,195984,python,[JIT],0x0000fa70fc4fb7e0
248257.0,195984,python,[JIT],0x0000fa70fc4fc930
248257.0,195984,python,[JIT],0x0000fa70fc504104
248257.0,195984,python,[JIT],0x0000fa70fc81816c
248257.0,195984,python,[JIT],0x0000fa70fc81d2f4
248257.0,195984,python,[JIT],0x0000fa70fc81fddc
248257.0,195984,python,[JIT],0x0000fa70fc84a11c
248257.0,195915,python,[JIT],0x0000e5957bfc46c0
248257.0,195915,python,[JIT],0x0000e5957c93543c
248257.0,195775,python,[JIT],0x0000e031bd4f1864
248257.0,195775,python,[JIT],0x0000e031bd4f19bc
248257.0,195775,python,[JIT],0x0000e031bd4f5a7c
248257.0,195775,python,[JIT],0x0000e031bd501234
248257.0,195775,python,[JIT],0x0000e031bd85bfdc
248257.0,195775,python,[JIT],0x0000e031bd7a9328
248257.0,195719,python,[JIT],0x0000e48a9712b180
248257.0,195719,python,[JIT],0x0000e48a9743357c
248257.0,195719,python,[JIT],0x0000e48a9745c6c0
248257.0,195809,python,[JIT],0x0000e96f05f988f0
248257.0,195809,python,[JIT],0x0000e96f064f5a6c
248257.0,195809,python,[JIT],0x0000e96f067f95d8
248257.0,195809,python,[JIT],0x0000e96f067f98b8
248257.0,195809,python,[JIT],0x0000e96f067f9e80
248257.0,195809,python,[JIT],0x0000e96f068a332c
248257.0,195843,python,[JIT],0x0000f8264437221c
248257.0,195843,python,[JIT],0x0000f826445d2acc
248257.0,195843,python,[JIT],0x0000f826445d8d90
248257.0,195843,python,[JIT],0x0000f826446829b8
248256.0,195984,python,[JIT],0x0000fa70fbeb895c
248256.0,195984,python,[JIT],0x0000fa70fc4f69f4
248256.0,195915,python,[JIT],0x0000e5957bff58a4
248256.0,195915,python,[JIT],0x0000e5957c523ed8
248256.0,195915,python,[JIT],0x0000e5957c883490
248256.0,195915,python,[JIT],0x0000e5957c935454
248256.0,195775,python,[JIT],0x0000e031bd545118
248256.0,195775,python,[JIT],0x0000e031bd853310
248256.0,195775,python,[JIT],0x0000e031bd85af98
248256.0,195915,python,[JIT],0x0000e5957c9394f0
248256.0,195719,python,[JIT],0x0000e48a9712a9f0
248256.0,195719,python,[JIT],0x0000e48a9712ac04
248256.0,195809,python,[JIT],0x0000e96f05f2cf50
248256.0,195809,python,[JIT],0x0000e96f064f3b6c
248256.0,195809,python,[JIT],0x0000e96f064f5b84
248256.0,195809,python,[JIT],0x0000e96f064f6030
248256.0,195809,python,[JIT],0x0000e96f064f6a10
248256.0,195809,python,[JIT],0x0000e96f064f6ab4
248256.0,195809,python,[JIT],0x0000e96f064f6cf0
248256.0,195809,python,[JIT],0x0000e96f067f1850
248256.0,195809,python,[JIT],0x0000e96f067fa378
248256.0,195809,python,[JIT],0x0000e96f068ab4fc
248256.0,195843,python,[JIT],0x0000f826442f61b8
248256.0,195843,python,[JIT],0x0000f826445d252c
248256.0,195843,python,[JIT],0x0000f82644683d70
248255.0,195984,python,[JIT],0x0000fa70fc76cb44
248255.0,195984,python,[JIT],0x0000fa70fc76d5d4
248255.0,195984,python,[JIT],0x0000fa70fc8113b0
248255.0,195984,python,[JIT],0x0000fa70fc81d070
248255.0,195984,python,[JIT],0x0000fa70fc81e128
248255.0,195915,python,[JIT],0x0000e5957bfc717c
248255.0,195775,python,[JIT],0x0000e031bd7aa038
248255.0,195775,python,[JIT],0x0000e031bd852094
248255.0,195775,python,[JIT],0x0000e031bd85a75c
248255.0,195775,python,[JIT],0x0000e031bd8868a8
248255.0,195946,python,[JIT],0x0000fc22a97d2774
248255.0,195809,python,[JIT],0x0000e96f064f3490
248255.0,195809,python,[JIT],0x0000e96f068ac480
248255.0,195843,python,[JIT],0x0000f826442f93f8
248255.0,195843,python,[JIT],0x0000f826445dc8f8
248255.0,195843,python,[JIT],0x0000f826445dceec
248255.0,195843,python,[JIT],0x0000f82644683380
248254.0,195984,python,[JIT],0x0000fa70fbef46a0
248254.0,195984,python,[JIT],0x0000fa70fc4f6ecc
248254.0,195984,python,[JIT],0x0000fa70fc4f73f0
248254.0,195984,python,[JIT],0x0000fa70fc7630bc
248254.0,195984,python,[JIT],0x0000fa70fc763818
248254.0,195984,python,[JIT],0x0000fa70fc7640b0
248254.0,195984,python,[JIT],0x0000fa70fc76d384
248254.0,195984,python,[JIT],0x0000fa70fc8196f0
248254.0,195984,python,[JIT],0x0000fa70fc81d6c8
248254.0,195984,python,[JIT],0x0000fa70fc81d6f0
248254.0,195915,python,[JIT],0x0000e5957c5252f8
248254.0,195775,python,[JIT],0x0000e031bd50b1d0
248254.0,195775,python,[JIT],0x0000e031bd50c050
248254.0,195775,python,[JIT],0x0000e031bd54218c
248254.0,195775,python,[JIT],0x0000e031bd5422a4
248254.0,195775,python,[JIT],0x0000e031bd85a718
248254.0,195775,python,[JIT],0x0000e031bd85aa10
248254.0,195775,python,[JIT],0x0000e031bd885624
248254.0,195915,python,[JIT],0x0000e5957c93988c
248254.0,195843,python,[JIT],0x0000f826446841dc
248254.0,195809,python,[JIT],0x0000e96f05f22700
248254.0,195809,python,[JIT],0x0000e96f05f9962c
248254.0,195809,python,[JIT],0x0000e96f064eb27c
248254.0,195809,python,[JIT],0x0000e96f067f99e4
248254.0,195809,python,[JIT],0x0000e96f068a24ec
248254.0,195809,python,[JIT],0x0000e96f068ab540
248254.0,195809,python,[JIT],0x0000e96f068ac184
248254.0,195843,python,python,_Py_BloomFilter_Add
248254.0,195843,python,[JIT],0x0000f82643cfc070
248254.0,195843,python,[JIT],0x0000f82643cfcca0
248254.0,195843,python,[JIT],0x0000f8264430a934
248254.0,195843,python,[JIT],0x0000f826445d1a88
248254.0,195843,python,[JIT],0x0000f826445db3f4
248253.0,195984,python,[JIT],0x0000fa70fc4f6934
248253.0,195984,python,[JIT],0x0000fa70fc503a84
248253.0,195775,python,[JIT],0x0000e031bd543c1c
248253.0,195775,python,[JIT],0x0000e031bd85b040
248253.0,195775,python,[JIT],0x0000e031bd887538
248253.0,195775,python,[JIT],0x0000e031bd885150
248253.0,195719,python,python,_Py_dict_lookup
248253.0,195719,python,[JIT],0x0000e48a9738bff0
248253.0,195719,python,[JIT],0x0000e48a97432944
248253.0,195719,python,[JIT],0x0000e48a9745e354
248253.0,195719,python,[JIT],0x0000e48a9745e4e0
248253.0,195843,python,[JIT],0x0000f8264433b320
248253.0,195809,python,[JIT],0x0000e96f05eff280
248253.0,195809,python,[JIT],0x0000e96f05f524bc
248253.0,195809,python,[JIT],0x0000e96f05f99fcc
248253.0,195809,python,[JIT],0x0000e96f068ac324
248253.0,195809,python,[JIT],0x0000e96f068d80e0
248253.0,195843,python,[JIT],0x0000f826442ed0a8
248253.0,195843,python,[JIT],0x0000f826443090b0
248253.0,195843,python,[JIT],0x0000f8264430a1e8
248253.0,195843,python,[JIT],0x0000f826445dbc04
248252.0,195984,python,[JIT],0x0000fa70fbef75dc
248252.0,195984,python,[JIT],0x0000fa70fc4f62dc
248252.0,195984,python,[JIT],0x0000fa70fc7630f8
248252.0,195984,python,[JIT],0x0000fa70fc76ccac
248252.0,195984,python,[JIT],0x0000fa70fc818654
248252.0,195984,python,[JIT],0x0000fa70fc81e69c
248252.0,195984,python,[JIT],0x0000fa70fc849078
248252.0,195984,python,[JIT],0x0000fa70fc849748
248252.0,195984,python,[kernel.kallsyms],_raw_spin_unlock_irqrestore
248252.0,195915,python,[JIT],0x0000e5957bfc76f4
248252.0,195915,python,[JIT],0x0000e5957c4eb268
248252.0,195915,python,[JIT],0x0000e5957c966538
248252.0,195775,python,[JIT],0x0000e031bcefced0
248252.0,195775,python,[JIT],0x0000e031bceff7f4
248252.0,195775,python,[JIT],0x0000e031bd50cb54
248252.0,195775,python,[JIT],0x0000e031bd85b83c
248252.0,195775,python,[JIT],0x0000e031bd8850ec
248252.0,195775,python,[JIT],0x0000e031bd50c3a8
248252.0,195719,python,[JIT],0x0000e48a96a6b91c
248252.0,195719,python,[JIT],0x0000e48a973880ac
248252.0,195809,python,[JIT],0x0000e96f064f5bb8
248252.0,195809,python,[JIT],0x0000e96f067fa7c8
248252.0,195809,python,[JIT],0x0000e96f068a2358
248252.0,195843,python,[JIT],0x0000f82644372930
248252.0,195809,python,[JIT],0x0000e96f068ac2e4
248251.0,195984,python,[JIT],0x0000fa70fc4f5628
248251.0,195984,python,[JIT],0x0000fa70fc4f5a68
248251.0,195984,python,[JIT],0x0000fa70fc503758
248251.0,195984,python,[JIT],0x0000fa70fc81517c
248251.0,195984,python,[JIT],0x0000fa70fc815668
248251.0,195984,python,[JIT],0x0000fa70fc818028
248251.0,195984,python,[JIT],0x0000fa70fc818890
248251.0,195984,python,[JIT],0x0000fa70fc81e528
248251.0,195915,python,[JIT],0x0000e5957c934558
248251.0,195915,python,[JIT],0x0000e5957c935884
248251.0,195915,python,[JIT],0x0000e5957c939e78
248251.0,195915,python,[JIT],0x0000e5957c9663b0
248251.0,195775,python,[JIT],0x0000e031bd4f41f8
248251.0,195775,python,[JIT],0x0000e031bd7aa4d4
248251.0,195775,python,[JIT],0x0000e031bd85684c
248251.0,195775,python,[JIT],0x0000e031bd85cde8
248251.0,195719,python,[JIT],0x0000e48a96a94898
248251.0,195719,python,[JIT],0x0000e48a9738c1b0
248251.0,195809,python,[JIT],0x0000e96f05f276d8
248251.0,195809,python,[JIT],0x0000e96f05f28438
248251.0,195809,python,[JIT],0x0000e96f05f98ef8
248251.0,195809,python,[JIT],0x0000e96f064f6e3c
248251.0,195809,python,[JIT],0x0000e96f067f115c
248251.0,195809,python,[JIT],0x0000e96f067f9690
248251.0,195809,python,[JIT],0x0000e96f068a1048
248251.0,195809,python,[JIT],0x0000e96f068a2274
248251.0,195809,python,[JIT],0x0000e96f068a65f0
248251.0,195843,python,[JIT],0x0000f826445d2a48
248251.0,195843,python,[JIT],0x0000f82644682030
248251.0,195843,python,[JIT],0x0000f8264468258c
248251.0,195843,python,[JIT],0x0000f826446834d4
248251.0,195843,python,[JIT],0x0000f82644683e34
248251.0,195843,python,[JIT],0x0000f82644683fdc
248251.0,195843,python,[JIT],0x0000f82644684eb0
248250.0,195984,python,[JIT],0x0000fa70fbefd298
248250.0,195984,python,[JIT],0x0000fa70fc4f5824
248250.0,195984,python,[JIT],0x0000fa70fc72e4bc
248250.0,195984,python,[JIT],0x0000fa70fc763198
248250.0,195984,python,[JIT],0x0000fa70fc81a6c4
248250.0,195984,python,[JIT],0x0000fa70fc81d2fc
248250.0,195984,python,[JIT],0x0000fa70fc81e6d4
248250.0,195915,python,[JIT],0x0000e5957c9310f8
248250.0,195915,python,[JIT],0x0000e5957c966118
248250.0,195775,python,[JIT],0x0000e031bd76e680
248250.0,195775,python,[JIT],0x0000e031bd7a84b8
248250.0,195775,python,[JIT],0x0000e031bd8522e4
248250.0,195775,python,[JIT],0x0000e031bd85c3b4
248250.0,195719,python,[JIT],0x0000e48a96acc6b4
248250.0,195719,python,[JIT],0x0000e48a9712adc4
248250.0,195719,python,[JIT],0x0000e48a9738b00c
248250.0,195719,python,[JIT],0x0000e48a9738d534
248250.0,195719,python,[JIT],0x0000e48a9743137c
248250.0,195719,python,[JIT],0x0000e48a974322c8
248250.0,195809,python,[JIT],0x0000e96f05f577c8
248250.0,195809,python,[JIT],0x0000e96f05f5c51c
248250.0,195809,python,[JIT],0x0000e96f064f6008
248250.0,195809,python,[JIT],0x0000e96f068a2520
248250.0,195809,python,[JIT],0x0000e96f068a66d4
248250.0,195809,python,[JIT],0x0000e96f068d82a0
248250.0,195843,python,[JIT],0x0000f826446b0274
248250.0,195843,python,[JIT],0x0000f826446b0520
248249.0,195984,python,[JIT],0x0000fa70fc76c5d8
248249.0,195984,python,[JIT],0x0000fa70fc76cb90
248249.0,195984,python,[JIT],0x0000fa70fc8110ac
248249.0,195984,python,[JIT],0x0000fa70fc81d590
248249.0,195984,python,[JIT],0x0000fa70fc81d7e0
248249.0,195915,python,[JIT],0x0000e5957c881088
248249.0,195915,python,[JIT],0x0000e5957c888e80
248249.0,195915,python,[JIT],0x0000e5957c8894c4
248249.0,195915,python,[JIT],0x0000e5957c88c040
248249.0,195775,python,[JIT],0x0000e031bd7aa004
248249.0,195775,python,[JIT],0x0000e031bd8536ac
248249.0,195775,python,[JIT],0x0000e031bd855be8
248249.0,195719,python,[JIT],0x0000e48a96af4124
248249.0,195809,python,[JIT],0x0000e96f05f99df0
248249.0,195809,python,[JIT],0x0000e96f064f53f4
248249.0,195809,python,[JIT],0x0000e96f068ab0b8
248249.0,195843,python,[JIT],0x0000f82644682060
248249.0,195843,python,[JIT],0x0000f826446ae7c4
248249.0,195843,python,[JIT],0x0000f826446b0030
248248.0,195984,python,[JIT],0x0000fa70fbef7328
248248.0,195984,python,[JIT],0x0000fa70fc763524
248248.0,195984,python,[JIT],0x0000fa70fc81b31c
248248.0,195984,python,[JIT],0x0000fa70fc81d4a8
248248.0,195915,python,[JIT],0x0000e5957c52518c
248248.0,195775,python,[JIT],0x0000e031bcef3598
248248.0,195775,python,[JIT],0x0000e031bcefcc90
248248.0,195775,python,[JIT],0x0000e031bd5455b4
248248.0,195775,python,[JIT],0x0000e031bd7aa438
248248.0,195775,python,[JIT],0x0000e031bd8553d8
248248.0,195775,python,[JIT],0x0000e031bd856d34
248248.0,195915,python,[JIT],0x0000e5957c528744
248248.0,195719,python,[JIT],0x0000e48a9712b720
248248.0,195719,python,[JIT],0x0000e48a9738b0d0
248248.0,195809,python,[JIT],0x0000e96f064f5bf4
248248.0,195809,python,[JIT],0x0000e96f067be0b4
248248.0,195809,python,[JIT],0x0000e96f067fa9ac
248248.0,195809,python,[JIT],0x0000e96f067faba0
248248.0,195809,python,[JIT],0x0000e96f068a6468
248248.0,195809,python,[JIT],0x0000e96f068d82d0
248248.0,195809,python,[JIT],0x0000e96f068d8914
248248.0,195843,python,[JIT],0x0000f8264430f304
248248.0,195843,python,[JIT],0x0000f826445db4e0
248247.0,195984,python,[JIT],0x0000fa70fc764088
248247.0,195984,python,[JIT],0x0000fa70fc76c150
248247.0,195984,python,[JIT],0x0000fa70fc815b54
248247.0,195984,python,[JIT],0x0000fa70fc818c88
248247.0,195984,python,[JIT],0x0000fa70fc81e154
248247.0,195984,python,[JIT],0x0000fa70fc81eee4
248247.0,195984,python,[JIT],0x0000fa70fc84a1fc
248247.0,195915,python,[JIT],0x0000e5957bfc8b18
248247.0,195915,python,[JIT],0x0000e5957c523704
248247.0,195915,python,[JIT],0x0000e5957c935f28
248247.0,195915,python,[JIT],0x0000e5957c93a074
248247.0,195775,python,[JIT],0x0000e031bd7a6380
248247.0,195775,python,[JIT],0x0000e031bd85b558
248247.0,195915,python,[JIT],0x0000e5957c9352d8
248247.0,195809,python,[JIT],0x0000e96f05f56670
248247.0,195809,python,[JIT],0x0000e96f05f5d6ac
248247.0,195809,python,[JIT],0x0000e96f05f98f00
248247.0,195809,python,[JIT],0x0000e96f064f610c
248247.0,195809,python,[JIT],0x0000e96f067fa7e0
248247.0,195809,python,[JIT],0x0000e96f068ac8d8
248247.0,195809,python,[JIT],0x0000e96f068d84c0
248247.0,195843,python,[JIT],0x0000f826442f8758
248247.0,195809,python,python,_Py_NewReference
248247.0,195809,python,[JIT],0x0000e96f068a7284
248246.0,195984,python,[JIT],0x0000fa70fbef4694
248246.0,195984,python,[JIT],0x0000fa70fc76b318
248246.0,195984,python,[JIT],0x0000fa70fc76c454
248246.0,195984,python,[JIT],0x0000fa70fc76cee4
248246.0,195984,python,[JIT],0x0000fa70fc81dcc0
248246.0,195915,python,[JIT],0x0000e5957bf9a550
248246.0,195915,python,[JIT],0x0000e5957c4eb75c
248246.0,195915,python,[JIT],0x0000e5957c525a34
248246.0,195775,python,[JIT],0x0000e031bd50b698
248246.0,195775,python,[JIT],0x0000e031bd7a9dc4
248246.0,195775,python,[JIT],0x0000e031bd85bd80
248246.0,195719,python,[JIT],0x0000e48a96afbc18
248246.0,195719,python,[JIT],0x0000e48a9712a96c
248246.0,195719,python,[JIT],0x0000e48a9738ca88
248246.0,195719,python,[JIT],0x0000e48a9745d308
248246.0,195809,python,[JIT],0x0000e96f064f5168
248246.0,195809,python,[JIT],0x0000e96f064f5170
248246.0,195809,python,[JIT],0x0000e96f067f9c90
248246.0,195809,python,[JIT],0x0000e96f068ab73c
248246.0,195809,python,[JIT],0x0000e96f068abe4c
248246.0,195809,python,[JIT],0x0000e96f068d73d0
248245.0,195984,python,[JIT],0x0000fa70fc5048d8
248245.0,195984,python,[JIT],0x0000fa70fc8110f0
248245.0,195984,python,[JIT],0x0000fa70fc818b10
248245.0,195915,python,[JIT],0x0000e5957bf99458
248245.0,195915,python,[JIT],0x0000e5957c52548c
248245.0,195915,python,[JIT],0x0000e5957c889410
248245.0,195915,python,[JIT],0x0000e5957c93902c
248245.0,195915,python,[JIT],0x0000e5957c939198
248245.0,195775,python,[JIT],0x0000e031bd546044
248245.0,195775,python,[JIT],0x0000e031bd7a97c0
248245.0,195775,python,[JIT],0x0000e031bd8550f8
248245.0,195946,python,[JIT],0x0000fc22a97a40cc
248245.0,195719,python,[JIT],0x0000e48a96938360
248245.0,195719,python,[JIT],0x0000e48a970ed06c
248245.0,195843,python,[JIT],0x0000f82644683378
248245.0,195809,python,[JIT],0x0000e96f05f2cb08
248245.0,195809,python,[JIT],0x0000e96f05f98ab0
248245.0,195809,python,[JIT],0x0000e96f05f990f4
248245.0,195809,python,[JIT],0x0000e96f067f1668
248245.0,195809,python,[JIT],0x0000e96f067f9ba4
248245.0,195809,python,[JIT],0x0000e96f068a2344
248245.0,195809,python,[JIT],0x0000e96f068ab794
248245.0,195809,python,[JIT],0x0000e96f068ab880
248245.0,195843,python,[JIT],0x0000f826442f8c98
248244.0,195984,python,[JIT],0x0000fa70fbeb9140
248244.0,195984,python,[JIT],0x0000fa70fbef4758
248244.0,195984,python,[JIT],0x0000fa70fc504a2c
248244.0,195984,python,[JIT],0x0000fa70fc818870
248244.0,195984,python,[JIT],0x0000fa70fc818a08
248244.0,195984,python,[JIT],0x0000fa70fc81d740
248244.0,195984,python,[JIT],0x0000fa70fc81f3ac
248244.0,195915,python,[JIT],0x0000e5957c84e734
248244.0,195915,python,[JIT],0x0000e5957c9641e4
248244.0,195775,python,[JIT],0x0000e031bcefcaa4
248244.0,195775,python,[JIT],0x0000e031bd507a74
248244.0,195775,python,[JIT],0x0000e031bd855028
248244.0,195775,python,[JIT],0x0000e031bd85a388
248244.0,195946,python,[JIT],0x0000fc22a97a7578
248244.0,195809,python,[JIT],0x0000e96f05f5d474
248244.0,195809,python,[JIT],0x0000e96f05f98c3c
248244.0,195809,python,[JIT],0x0000e96f05f9a134
248244.0,195809,python,[JIT],0x0000e96f064f3a50
248244.0,195809,python,[JIT],0x0000e96f064f5de4
248244.0,195809,python,[JIT],0x0000e96f067f9cd0
248244.0,195809,python,[JIT],0x0000e96f068a635c
248244.0,195809,python,[JIT],0x0000e96f068a80b0
248244.0,195809,python,[JIT],0x0000e96f068ac2c4
248244.0,195809,python,[JIT],0x0000e96f068ab344
248243.0,195984,python,[JIT],0x0000fa70fbebdc08
248243.0,195984,python,[JIT],0x0000fa70fbef48d8
248243.0,195984,python,[JIT],0x0000fa70fc763064
248243.0,195984,python,[JIT],0x0000fa70fc76db3c
248243.0,195984,python,[JIT],0x0000fa70fc811058
248243.0,195984,python,[JIT],0x0000fa70fc81503c
248243.0,195984,python,[JIT],0x0000fa70fc8193cc
248243.0,195984,python,[JIT],0x0000fa70fc819f7c
248243.0,195984,python,[JIT],0x0000fa70fc81d5ec
248243.0,195984,python,[JIT],0x0000fa70fc81dd60
248243.0,195915,python,[JIT],0x0000e5957c523a88
248243.0,195915,python,[JIT],0x0000e5957c93ad84
248243.0,195775,python,[JIT],0x0000e031bd4eb0a8
248243.0,195775,python,[JIT],0x0000e031bd50baac
248243.0,195775,python,[JIT],0x0000e031bd855940
248243.0,195775,python,[JIT],0x0000e031bd856114
248243.0,195719,python,[JIT],0x0000e48a96a91f90
248243.0,195719,python,[JIT],0x0000e48a9745e1c0
248243.0,195809,python,[JIT],0x0000e96f05f98d34
248243.0,195809,python,[JIT],0x0000e96f05f99b04
248243.0,195809,python,[JIT],0x0000e96f05f9a208
248243.0,195809,python,[JIT],0x0000e96f067f1b10
248243.0,195809,python,[JIT],0x0000e96f067f9ea8
248243.0,195809,python,[JIT],0x0000e96f067fa200
248243.0,195809,python,[JIT],0x0000e96f067faaec
248243.0,195809,python,[JIT],0x0000e96f068a62a0
248243.0,195809,python,[JIT],0x0000e96f068a6a8c
248242.0,195984,python,[JIT],0x0000fa70fc4f67b0
248242.0,195984,python,[JIT],0x0000fa70fc4f6e1c
248242.0,195984,python,[JIT],0x0000fa70fc81566c
248242.0,195984,python,[JIT],0x0000fa70fc81d2bc
248242.0,195984,python,[JIT],0x0000fa70fc81e184
248242.0,195984,python,[JIT],0x0000fa70fc81e858
248242.0,195984,python,[JIT],0x0000fa70fc763070
248242.0,195915,python,[JIT],0x0000e5957c525948
248242.0,195915,python,[JIT],0x0000e5957c88750c
248242.0,195775,python,[JIT],0x0000e031bd4eb0c4
248242.0,195775,python,[JIT],0x0000e031bd5455b0
248242.0,195719,python,[JIT],0x0000e48a97432af4
248242.0,195719,python,[JIT],0x0000e48a9745e1b8
248242.0,195809,python,[JIT],0x0000e96f05eff69c
248242.0,195809,python,[JIT],0x0000e96f05f2c91c
248242.0,195809,python,[JIT],0x0000e96f05f98a18
248242.0,195809,python,[JIT],0x0000e96f05f99afc
248242.0,195809,python,[JIT],0x0000e96f064eb318
248242.0,195809,python,[JIT],0x0000e96f067f9a68
248242.0,195809,python,[JIT],0x0000e96f068a7cb0
248242.0,195809,python,[JIT],0x0000e96f068ab330
248242.0,195809,python,[JIT],0x0000e96f068acb3c
248242.0,195809,python,[JIT],0x0000e96f068ad12c
248242.0,195809,python,[JIT],0x0000e96f068d81c4
248242.0,195843,python,[JIT],0x0000f826445d8208
248241.0,195984,python,[JIT],0x0000fa70fbefca6c
248241.0,195984,python,[JIT],0x0000fa70fc76c448
248241.0,195984,python,[JIT],0x0000fa70fc76c8f4
248241.0,195984,python,[JIT],0x0000fa70fc81df70
248241.0,195984,python,[JIT],0x0000fa70fc81e018
248241.0,195915,python,[JIT],0x0000e5957c939a74
248241.0,195915,python,[JIT],0x0000e5957c93aef4
248241.0,195775,python,[JIT],0x0000e031bcef73c4
248241.0,195775,python,[JIT],0x0000e031bd50bfb8
248241.0,195775,python,[JIT],0x0000e031bd7a4f10
248241.0,195775,python,[JIT],0x0000e031bd85a6dc
248241.0,195719,python,[JIT],0x0000e48a974311dc
248241.0,195809,python,python,PyObject_GetIter
248241.0,195809,python,[JIT],0x0000e96f064f5c94
248241.0,195809,python,[JIT],0x0000e96f068a2918
248241.0,195809,python,[JIT],0x0000e96f068a4258
248241.0,195809,python,[JIT],0x0000e96f068ac1b8
248241.0,195809,python,[JIT],0x0000e96f068ac628
248241.0,195843,python,[JIT],0x0000f826445d3cb8
248240.0,195984,python,[JIT],0x0000fa70fc763cc8
248240.0,195984,python,[JIT],0x0000fa70fc8183d8
248240.0,195984,python,[JIT],0x0000fa70fc818ebc
248240.0,195775,python,[JIT],0x0000e031bd4f1834
248240.0,195775,python,[JIT],0x0000e031bd50c6a0
248240.0,195946,python,python,compactlongs_guard
248240.0,195775,python,[JIT],0x0000e031bd85a700
248240.0,195719,python,[JIT],0x0000e48a970eb048
248240.0,195719,python,[JIT],0x0000e48a970eb27c
248240.0,195719,python,[JIT],0x0000e48a97383080
248240.0,195719,python,[JIT],0x0000e48a9738e320
248240.0,195809,python,[JIT],0x0000e96f05f5d18c
248240.0,195809,python,[JIT],0x0000e96f05f99bb0
248240.0,195809,python,[JIT],0x0000e96f064f649c
248240.0,195809,python,[JIT],0x0000e96f064f6624
248240.0,195809,python,[JIT],0x0000e96f064f67e0
248240.0,195809,python,[JIT],0x0000e96f067f1200
248240.0,195809,python,[JIT],0x0000e96f067f17c0
248240.0,195809,python,[JIT],0x0000e96f068d73f4
248240.0,195843,python,[JIT],0x0000f826442f3360
248240.0,195843,python,[JIT],0x0000f826445d96ac
248240.0,195843,python,[JIT],0x0000f826446841dc
248240.0,195843,python,[JIT],0x0000f82644684258
248240.0,195843,python,[JIT],0x0000f826446b2108
248239.0,195984,python,[JIT],0x0000fa70fbef7828
248239.0,195984,python,[JIT],0x0000fa70fc4f54dc
248239.0,195984,python,[JIT],0x0000fa70fc84a4dc
248239.0,195915,python,[JIT],0x0000e5957bf9da90
248239.0,195915,python,[JIT],0x0000e5957bff7144
248239.0,195775,python,[JIT],0x0000e031bcefc8fc
248239.0,195775,python,[JIT],0x0000e031bd4f5dd4
248239.0,195775,python,[JIT],0x0000e031bd7a3d64
248239.0,195775,python,[JIT],0x0000e031bd85b828
248239.0,195775,python,[JIT],0x0000e031bd886240
248239.0,195775,python,[JIT],0x0000e031bd7a930c
248239.0,195719,python,[JIT],0x0000e48a974317d4
248239.0,195719,python,[JIT],0x0000e48a97431d10
248239.0,195809,python,[JIT],0x0000e96f05f2e48c
248239.0,195809,python,[JIT],0x0000e96f05f5cd00
248239.0,195809,python,[JIT],0x0000e96f067f9424
248239.0,195809,python,[JIT],0x0000e96f068a6c08
248239.0,195809,python,[JIT],0x0000e96f068ab4dc
248239.0,195809,python,[JIT],0x0000e96f068ab910
248239.0,195809,python,[JIT],0x0000e96f068acbe8
248238.0,195984,python,[JIT],0x0000fa70fbef5180
248238.0,195984,python,[JIT],0x0000fa70fc503534
248238.0,195984,python,[JIT],0x0000fa70fc761160
248238.0,195984,python,[JIT],0x0000fa70fc8166b4
248238.0,195984,python,[JIT],0x0000fa70fc84a288
248238.0,195915,python,[JIT],0x0000e5957c4eb39c
248238.0,195915,python,[JIT],0x0000e5957c4eba84
248238.0,195775,python,[JIT],0x0000e031bd5013cc
248238.0,195775,python,[JIT],0x0000e031bd856778
248238.0,195775,python,[JIT],0x0000e031bd85aa48
248238.0,195719,python,[JIT],0x0000e48a96accddc
248238.0,195719,python,[JIT],0x0000e48a970ed8bc
248238.0,195809,python,[JIT],0x0000e96f05f2d484
248238.0,195809,python,[JIT],0x0000e96f05f56ccc
248238.0,195809,python,[JIT],0x0000e96f05f9a080
248238.0,195809,python,[JIT],0x0000e96f064eb4e8
248238.0,195809,python,[JIT],0x0000e96f068a3968
248238.0,195809,python,[JIT],0x0000e96f068a7730
248238.0,195809,python,[JIT],0x0000e96f068ab100
248238.0,195809,python,[JIT],0x0000e96f068ab438
248238.0,195809,python,[JIT],0x0000e96f068ab728
248238.0,195843,python,[JIT],0x0000f826442f3828
248238.0,195843,python,[JIT],0x0000f826445d8f44
248237.0,195984,python,[JIT],0x0000fa70fbef3728
248237.0,195984,python,[JIT],0x0000fa70fc4f6e40
248237.0,195984,python,[JIT],0x0000fa70fc763724
248237.0,195984,python,[JIT],0x0000fa70fc81505c
248237.0,195984,python,[JIT],0x0000fa70fc81da44
248237.0,195984,python,[JIT],0x0000fa70fc84a1c4
248237.0,195915,python,[JIT],0x0000e5957bf9c050
248237.0,195915,python,[JIT],0x0000e5957c84e1a8
248237.0,195915,python,[JIT],0x0000e5957c931f10
248237.0,195915,python,[JIT],0x0000e5957c93a2f8
248237.0,195775,python,[JIT],0x0000e031bd501734
248237.0,195775,python,[JIT],0x0000e031bd50b328
248237.0,195775,python,[JIT],0x0000e031bd8513d4
248237.0,195775,python,[JIT],0x0000e031bd7aa9a4
248237.0,195719,python,python,_Py_Specialize_LoadAttr
248237.0,195719,python,[JIT],0x0000e48a96acd230
248237.0,195843,python,python,PyObject_GetIter
248237.0,195809,python,[JIT],0x0000e96f05f9a7b8
248237.0,195809,python,[JIT],0x0000e96f067f1040
248237.0,195809,python,[JIT],0x0000e96f067f9268
248237.0,195809,python,[JIT],0x0000e96f068a20f8
248237.0,195809,python,[JIT],0x0000e96f068a22cc
248237.0,195809,python,[JIT],0x0000e96f068abb98
248237.0,195809,python,[JIT],0x0000e96f068ac030
248237.0,195843,python,[JIT],0x0000f826445d1038
248237.0,195843,python,[JIT],0x0000f826445db5d0
248237.0,195843,python,[JIT],0x0000f82644684bfc
248236.0,195984,python,[JIT],0x0000fa70fc76329c
248236.0,195984,python,[JIT],0x0000fa70fc81d2b4
248236.0,195984,python,[JIT],0x0000fa70fc81e5d0
248236.0,195915,python,[JIT],0x0000e5957bff5e88
248236.0,195915,python,[JIT],0x0000e5957bff6a80
248236.0,195915,python,[JIT],0x0000e5957bff6cd8
248236.0,195915,python,[JIT],0x0000e5957bff8ae4
248236.0,195915,python,[JIT],0x0000e5957c934080
248236.0,195809,python,[JIT],0x0000e96f05f56264
248236.0,195809,python,[JIT],0x0000e96f064f365c
248236.0,195809,python,[JIT],0x0000e96f064f37d8
248236.0,195809,python,[JIT],0x0000e96f064f5b68
248236.0,195809,python,[JIT],0x0000e96f068ab584
248236.0,195809,python,[JIT],0x0000e96f068ac0cc
248236.0,195809,python,[JIT],0x0000e96f068ac878
248236.0,195809,python,[JIT],0x0000e96f068d762c
248236.0,195843,python,[JIT],0x0000f826445d9030
248236.0,195843,python,[JIT],0x0000f826445dbb60
248236.0,195843,python,[JIT],0x0000f82644683970
248236.0,195843,python,[JIT],0x0000f82644685258
248236.0,195843,python,[JIT],0x0000f826446ae574
248236.0,195809,python,[JIT],0x0000e96f067f191c
248235.0,195984,python,[JIT],0x0000fa70fbebd708
248235.0,195984,python,[JIT],0x0000fa70fc76cb34
248235.0,195984,python,[JIT],0x0000fa70fc818c64
248235.0,195915,python,python,optimize_uops.isra.0
248235.0,195915,python,[JIT],0x0000e5957c935054
248235.0,195915,python,[JIT],0x0000e5957c93907c
248235.0,195775,python,[JIT],0x0000e031bd50bb78
248235.0,195775,python,[JIT],0x0000e031bd856318
248235.0,195719,python,[JIT],0x0000e48a96a9480c
248235.0,195719,python,[JIT],0x0000e48a96afcd38
248235.0,195719,python,[JIT],0x0000e48a97431be4
248235.0,195843,python,[JIT],0x0000f826445db444
248235.0,195809,python,[JIT],0x0000e96f05f9a1c8
248235.0,195809,python,[JIT],0x0000e96f064f33a0
248235.0,195809,python,[JIT],0x0000e96f064f52ac
248235.0,195809,python,[JIT],0x0000e96f064f5758
248235.0,195809,python,[JIT],0x0000e96f067f1294
248235.0,195809,python,[JIT],0x0000e96f068a3378
248235.0,195809,python,[JIT],0x0000e96f068a6ca8
248235.0,195809,python,[JIT],0x0000e96f068a6e44
248235.0,195809,python,[JIT],0x0000e96f068ab084
248235.0,195843,python,[JIT],0x0000f82644372aa0
248235.0,195843,python,[JIT],0x0000f826445dbe0c
248235.0,195809,python,[JIT],0x0000e96f067f9c44
248234.0,195984,python,[JIT],0x0000fa70fbefcb54
248234.0,195984,python,[JIT],0x0000fa70fc72e0d0
248234.0,195984,python,[JIT],0x0000fa70fc76c884
248234.0,195984,python,[JIT],0x0000fa70fc81a3d8
248234.0,195984,python,[JIT],0x0000fa70fc81a580
248234.0,195984,python,[JIT],0x0000fa70fc81d6cc
248234.0,195984,python,[JIT],0x0000fa70fc84a12c
248234.0,195915,python,[JIT],0x0000e5957c9664fc
248234.0,195775,python,[JIT],0x0000e031bd50c9fc
248234.0,195775,python,[JIT],0x0000e031bd7a8518
248234.0,195775,python,[JIT],0x0000e031bd85a0f0
248234.0,195719,python,[JIT],0x0000e48a96afb6e0
248234.0,195719,python,[JIT],0x0000e48a9738cbbc
248234.0,195809,python,python,_PyObject_Malloc
248234.0,195809,python,[JIT],0x0000e96f05f28bfc
248234.0,195809,python,[JIT],0x0000e96f05f524dc
248234.0,195809,python,[JIT],0x0000e96f05f98228
248234.0,195809,python,[JIT],0x0000e96f064f5dc4
248234.0,195809,python,[JIT],0x0000e96f064f66a8
248234.0,195809,python,[JIT],0x0000e96f068a1104
248234.0,195809,python,[JIT],0x0000e96f068a3188
248234.0,195809,python,[JIT],0x0000e96f068a6ab0
248234.0,195809,python,[JIT],0x0000e96f068d7430
248234.0,195843,python,[JIT],0x0000f8264433cc78
248234.0,195843,python,[JIT],0x0000f82644682458
248234.0,195843,python,[JIT],0x0000f82644684900
248234.0,195843,python,[JIT],0x0000f826446849c0
248234.0,195809,python,[JIT],0x0000e96f064fc264
248234.0,195809,python,[JIT],0x0000e96f067f1af8
248233.0,195984,python,[JIT],0x0000fa70fbebd47c
248233.0,195984,python,[JIT],0x0000fa70fc4f5f7c
248233.0,195984,python,[JIT],0x0000fa70fc4f6260
248233.0,195984,python,[JIT],0x0000fa70fc5030b0
248233.0,195984,python,[JIT],0x0000fa70fc763920
248233.0,195984,python,[JIT],0x0000fa70fc76c004
248233.0,195984,python,[JIT],0x0000fa70fc76ccd0
248233.0,195915,python,python,insert_split_key
248233.0,195915,python,[JIT],0x0000e5957c525290
248233.0,195915,python,[JIT],0x0000e5957c965158
248233.0,195775,python,[JIT],0x0000e031bd5010b8
248233.0,195775,python,[JIT],0x0000e031bd7a106c
248233.0,195775,python,[JIT],0x0000e031bd8556b4
248233.0,195775,python,[JIT],0x0000e031bd85b8ac
248233.0,195775,python,[JIT],0x0000e031bd85bcd0
248233.0,195775,python,[JIT],0x0000e031bd887354
248233.0,195946,python,[JIT],0x0000fc22a97a2c74
248233.0,195719,python,[JIT],0x0000e48a97381580
248233.0,195719,python,[JIT],0x0000e48a974322a8
248233.0,195809,python,[JIT],0x0000e96f05f99910
248233.0,195809,python,[JIT],0x0000e96f067bf08c
248233.0,195809,python,[JIT],0x0000e96f068a2044
248233.0,195843,python,[JIT],0x0000f826442fe9e4
248233.0,195843,python,[JIT],0x0000f82644683a58
248233.0,195843,python,[JIT],0x0000f826446afd84
248232.0,195984,python,[JIT],0x0000fa70fbebe2e0
248232.0,195984,python,[JIT],0x0000fa70fc4f6b80
248232.0,195984,python,[JIT],0x0000fa70fc76306c
248232.0,195984,python,[JIT],0x0000fa70fc81a6b8
248232.0,195984,python,[JIT],0x0000fa70fc81d660
248232.0,195984,python,[JIT],0x0000fa70fc815080
248232.0,195915,python,[JIT],0x0000e5957bff54cc
248232.0,195915,python,[JIT],0x0000e5957c4ec850
248232.0,195775,python,[JIT],0x0000e031bd4f1858
248232.0,195775,python,[JIT],0x0000e031bd4f5cdc
248232.0,195775,python,[JIT],0x0000e031bd50beac
248232.0,195775,python,[JIT],0x0000e031bd7a8064
248232.0,195775,python,[JIT],0x0000e031bd853268
248232.0,195719,python,[JIT],0x0000e48a9712a13c
248232.0,195719,python,[JIT],0x0000e48a9745d674
248232.0,195809,python,[JIT],0x0000e96f064eb064
248232.0,195809,python,[JIT],0x0000e96f068ac664
248232.0,195843,python,[JIT],0x0000f82644338420
248231.0,195984,python,[JIT],0x0000fa70fc4f6cd8
248231.0,195984,python,[JIT],0x0000fa70fc4fc10c
248231.0,195984,python,[JIT],0x0000fa70fc76c6b4
248231.0,195984,python,[JIT],0x0000fa70fc76c968
248231.0,195984,python,[JIT],0x0000fa70fc81d32c
248231.0,195984,python,[JIT],0x0000fa70fc81d3e4
248231.0,195915,python,[JIT],0x0000e5957c889808
248231.0,195915,python,[JIT],0x0000e5957c9326b0
248231.0,195775,python,[JIT],0x0000e031bcefc468
248231.0,195775,python,[JIT],0x0000e031bd5016b4
248231.0,195775,python,[JIT],0x0000e031bd7a9878
248231.0,195775,python,[JIT],0x0000e031bd851174
248231.0,195719,python,[JIT],0x0000e48a96a69250
248231.0,195719,python,[JIT],0x0000e48a96afbef8
248231.0,195719,python,[JIT],0x0000e48a9712a12c
248231.0,195719,python,[JIT],0x0000e48a973880f8
248231.0,195719,python,[JIT],0x0000e48a9745c2ec
248231.0,195809,python,[JIT],0x0000e96f05f2f4b4
248231.0,195809,python,[JIT],0x0000e96f05f515bc
248231.0,195809,python,[JIT],0x0000e96f05f98cd8
248231.0,195809,python,[JIT],0x0000e96f05f99b18
248231.0,195809,python,[JIT],0x0000e96f067f1a34
248231.0,195809,python,[JIT],0x0000e96f068a40e0
248231.0,195809,python,[JIT],0x0000e96f068a7bf0
248231.0,195809,python,[JIT],0x0000e96f068abce4
248231.0,195809,python,[JIT],0x0000e96f068ac338
248231.0,195809,python,[JIT],0x0000e96f068d7630
248231.0,195843,python,[JIT],0x0000f8264430f40c
248231.0,195843,python,[JIT],0x0000f826445dca68
248231.0,195843,python,[JIT],0x0000f82644684078
248230.0,195984,python,[JIT],0x0000fa70fbef4430
248230.0,195984,python,[JIT],0x0000fa70fc763c6c
248230.0,195984,python,[JIT],0x0000fa70fc76b108
248230.0,195984,python,[JIT],0x0000fa70fc76cb30
248230.0,195984,python,[JIT],0x0000fa70fc816980
248230.0,195915,python,[JIT],0x0000e5957c934fbc
248230.0,195775,python,[JIT],0x0000e031bd7a8224
248230.0,195775,python,[JIT],0x0000e031bd7a94b8
248230.0,195775,python,[JIT],0x0000e031bd855f68
248230.0,195775,python,[JIT],0x0000e031bd85b8a0
248230.0,195915,python,[JIT],0x0000e5957c525710
248230.0,195719,python,[JIT],0x0000e48a96af4084
248230.0,195719,python,[JIT],0x0000e48a97388b5c
248230.0,195809,python,[JIT],0x0000e96f05ef6a1c
248230.0,195809,python,[JIT],0x0000e96f068ac554
248230.0,195809,python,[JIT],0x0000e96f068d7218
248229.0,195984,python,python,_PyFunction_Vectorcall
248229.0,195984,python,[JIT],0x0000fa70fc72efa4
248229.0,195984,python,[JIT],0x0000fa70fc8111c0
248229.0,195915,python,[JIT],0x0000e5957c889658
248229.0,195775,python,[JIT],0x0000e031bcefc530
248229.0,195775,python,[JIT],0x0000e031bd50246c
248229.0,195775,python,[JIT],0x0000e031bd5031a0
248229.0,195775,python,[JIT],0x0000e031bd7a11a8
248229.0,195775,python,[JIT],0x0000e031bd85a088
248229.0,195719,python,python,_PyJit_translate_single_bytecode_to_trace
248229.0,195719,python,[JIT],0x0000e48a970eea94
248229.0,195719,python,[JIT],0x0000e48a9738402c
248229.0,195843,python,python,PyLong_FromSsize_t
248229.0,195809,python,[JIT],0x0000e96f064f54b8
248229.0,195809,python,[JIT],0x0000e96f067be0a0
248229.0,195809,python,[JIT],0x0000e96f068a13e0
248229.0,195809,python,[JIT],0x0000e96f068a7058
248229.0,195809,python,[JIT],0x0000e96f068abbdc
248229.0,195843,python,[JIT],0x0000f826442f3758
248229.0,195843,python,[JIT],0x0000f8264433bb1c
248229.0,195843,python,[JIT],0x0000f82644683068
248228.0,195984,python,[JIT],0x0000fa70fbefcbbc
248228.0,195984,python,[JIT],0x0000fa70fc4ec03c
248228.0,195984,python,[JIT],0x0000fa70fc4f511c
248228.0,195984,python,[JIT],0x0000fa70fc4f557c
248228.0,195984,python,[JIT],0x0000fa70fc4f5620
248228.0,195984,python,[JIT],0x0000fa70fc504220
248228.0,195984,python,[JIT],0x0000fa70fc81dad0
248228.0,195984,python,[JIT],0x0000fa70fc84a9b4
248228.0,195915,python,[JIT],0x0000e5957bf94794
248228.0,195915,python,[JIT],0x0000e5957c889934
248228.0,195775,python,[JIT],0x0000e031bcefc6c4
248228.0,195775,python,[JIT],0x0000e031bcefcde8
248228.0,195775,python,[JIT],0x0000e031bd502d28
248228.0,195775,python,[JIT],0x0000e031bd853388
248228.0,195775,python,[JIT],0x0000e031bd7a30c4
248228.0,195719,python,[JIT],0x0000e48a96acd400
248228.0,195719,python,[JIT],0x0000e48a9712b9f4
248228.0,195719,python,[JIT],0x0000e48a9745d32c
248228.0,195809,python,python,patch_aarch64_33rx
248228.0,195809,python,[JIT],0x0000e96f05f2c598
248228.0,195809,python,[JIT],0x0000e96f05f989b0
248228.0,195809,python,[JIT],0x0000e96f064eb24c
248228.0,195809,python,[JIT],0x0000e96f067bf0a4
248228.0,195809,python,[JIT],0x0000e96f068a3528
248228.0,195809,python,[JIT],0x0000e96f068a611c
248227.0,195984,python,[JIT],0x0000fa70fbebd388
248227.0,195984,python,[JIT],0x0000fa70fc4fc310
248227.0,195984,python,[JIT],0x0000fa70fc504a40
248227.0,195984,python,[JIT],0x0000fa70fc7631c4
248227.0,195984,python,[JIT],0x0000fa70fc7631f4
248227.0,195984,python,[JIT],0x0000fa70fc81de44
248227.0,195915,python,[JIT],0x0000e5957c936078
248227.0,195775,python,[JIT],0x0000e031bd4f5688
248227.0,195719,python,[JIT],0x0000e48a970eb6a0
248227.0,195719,python,[JIT],0x0000e48a970ebc44
248227.0,195719,python,[JIT],0x0000e48a97389604
248227.0,195809,python,[JIT],0x0000e96f05f5b1b0
248227.0,195809,python,[JIT],0x0000e96f067fa0f8
248227.0,195809,python,[JIT],0x0000e96f068a7658
248227.0,195809,python,[JIT],0x0000e96f068d6038
248227.0,195843,python,[JIT],0x0000f826442fd328
248227.0,195843,python,[JIT],0x0000f82644683c38
248227.0,195809,python,[JIT],0x0000e96f068ab194
248226.0,195984,python,[JIT],0x0000fa70fc819134
248226.0,195984,python,[JIT],0x0000fa70fc81e3dc
248226.0,195984,python,[JIT],0x0000fa70fc84a004
248226.0,195984,python,[JIT],0x0000fa70fc81d224
248226.0,195915,python,[JIT],0x0000e5957c88c128
248226.0,195915,python,[JIT],0x0000e5957c9313f4
248226.0,195915,python,[JIT],0x0000e5957c939034
248226.0,195775,python,[JIT],0x0000e031bcefcb54
248226.0,195775,python,[JIT],0x0000e031bd5013f8
248226.0,195775,python,[JIT],0x0000e031bd856be8
248226.0,195775,python,[JIT],0x0000e031bd85a118
248226.0,195775,python,[JIT],0x0000e031bd85a558
248226.0,195719,python,[JIT],0x0000e48a96a97a54
248226.0,195719,python,[JIT],0x0000e48a96acb02c
248226.0,195809,python,[JIT],0x0000e96f05f551fc
248226.0,195809,python,[JIT],0x0000e96f05f98ba0
248226.0,195809,python,[JIT],0x0000e96f064f3a88
248226.0,195809,python,[JIT],0x0000e96f067f1238
248226.0,195809,python,[JIT],0x0000e96f067f13c8
248226.0,195809,python,[JIT],0x0000e96f067f9f6c
248226.0,195809,python,[JIT],0x0000e96f067faa28
248226.0,195809,python,[JIT],0x0000e96f068a67a0
248226.0,195809,python,[JIT],0x0000e96f068ac0dc
248226.0,195843,python,[JIT],0x0000f82644338df0
248226.0,195843,python,[JIT],0x0000f826446af2e8
248225.0,195984,python,[JIT],0x0000fa70fbeb830c
248225.0,195984,python,[JIT],0x0000fa70fbebd5c4
248225.0,195984,python,[JIT],0x0000fa70fc4f6f34
248225.0,195984,python,[JIT],0x0000fa70fc76d090
248225.0,195984,python,[JIT],0x0000fa70fc76d514
248225.0,195984,python,[JIT],0x0000fa70fc81d4d0
248225.0,195915,python,[JIT],0x0000e5957c888994
248225.0,195915,python,[JIT],0x0000e5957c88c368
248225.0,195915,python,[JIT],0x0000e5957c96458c
248225.0,195775,python,[JIT],0x0000e031bd4f58c8
248225.0,195775,python,[JIT],0x0000e031bd502270
248225.0,195775,python,[JIT],0x0000e031bd7a9370
248225.0,195775,python,[JIT],0x0000e031bd8536b4
248225.0,195775,python,[JIT],0x0000e031bd856704
248225.0,195719,python,[JIT],0x0000e48a96afb7b8
248225.0,195809,python,[JIT],0x0000e96f05f273b0
248225.0,195809,python,[JIT],0x0000e96f068abcd8
248225.0,195843,python,[JIT],0x0000f826445d2bec
248225.0,195809,python,python,long_dealloc
248224.0,195984,python,[JIT],0x0000fa70fc4fb630
248224.0,195984,python,[JIT],0x0000fa70fc76b4bc
248224.0,195984,python,[JIT],0x0000fa70fc8114ac
248224.0,195984,python,[JIT],0x0000fa70fc81e0c4
248224.0,195984,python,[JIT],0x0000fa70fc81d1b0
248224.0,195915,python,[JIT],0x0000e5957c93a9f8
248224.0,195775,python,[JIT],0x0000e031bd5014e4
248224.0,195775,python,[JIT],0x0000e031bd542614
248224.0,195775,python,[JIT],0x0000e031bd7a31e4
248224.0,195946,python,[JIT],0x0000fc22a97a3400
248224.0,195915,python,python,PyLong_AsLong
248224.0,195719,python,[JIT],0x0000e48a97383078
248224.0,195809,python,[JIT],0x0000e96f05f28174
248224.0,195809,python,[JIT],0x0000e96f05f2c90c
248224.0,195809,python,[JIT],0x0000e96f064f69f4
248224.0,195809,python,[JIT],0x0000e96f067f1938
248224.0,195809,python,[JIT],0x0000e96f068a60f8
248224.0,195809,python,[JIT],0x0000e96f068a6138
248224.0,195809,python,[JIT],0x0000e96f068a9a9c
248224.0,195809,python,[JIT],0x0000e96f068d8220
248224.0,195843,python,[JIT],0x0000f8264433c73c
248223.0,195984,python,[JIT],0x0000fa70fbefb320
248223.0,195984,python,[JIT],0x0000fa70fc4fb2a4
248223.0,195984,python,[JIT],0x0000fa70fc815614
248223.0,195984,python,[JIT],0x0000fa70fc818180
248223.0,195984,python,[JIT],0x0000fa70fc81d248
248223.0,195984,python,[JIT],0x0000fa70fc81d794
248223.0,195984,python,[JIT],0x0000fa70fc84a334
248223.0,195915,python,[JIT],0x0000e5957bf95f9c
248223.0,195915,python,[JIT],0x0000e5957bff514c
248223.0,195915,python,[JIT],0x0000e5957bff6a20
248223.0,195915,python,[JIT],0x0000e5957c523180
248223.0,195915,python,[JIT],0x0000e5957c881074
248223.0,195775,python,[JIT],0x0000e031bd85a2a0
248223.0,195775,python,[JIT],0x0000e031bd885628
248223.0,195775,python,[JIT],0x0000e031bd886408
248223.0,195915,python,[JIT],0x0000e5957c96649c
248223.0,195809,python,[JIT],0x0000e96f05f2ca30
248223.0,195809,python,[JIT],0x0000e96f064eb4d0
248223.0,195809,python,[JIT],0x0000e96f064f321c
248223.0,195809,python,[JIT],0x0000e96f064f6654
248223.0,195809,python,[JIT],0x0000e96f064f6b8c
248223.0,195809,python,[JIT],0x0000e96f068a2120
248223.0,195809,python,[JIT],0x0000e96f068a7cd4
248223.0,195843,python,[JIT],0x0000f826445d82f8
248222.0,195984,python,[JIT],0x0000fa70fbef843c
248222.0,195984,python,[JIT],0x0000fa70fc4f5da4
248222.0,195984,python,[JIT],0x0000fa70fc81e720
248222.0,195775,python,[JIT],0x0000e031bd85a1cc
248222.0,195775,python,[JIT],0x0000e031bd85b658
248222.0,195775,python,[JIT],0x0000e031bd887270
248222.0,195719,python,[JIT],0x0000e48a9738c2f0
248222.0,195809,python,[JIT],0x0000e96f05f98200
248222.0,195809,python,[JIT],0x0000e96f05f997b8
248222.0,195809,python,[JIT],0x0000e96f064eb2a4
248222.0,195843,python,[JIT],0x0000f826445d21f8
248222.0,195843,python,[JIT],0x0000f826445d80ac
248222.0,195809,python,[kernel.kallsyms],__pi_clear_page
248221.0,195984,python,[JIT],0x0000fa70fc503410
248221.0,195984,python,[JIT],0x0000fa70fc72ef30
248221.0,195984,python,[JIT],0x0000fa70fc76b474
248221.0,195915,python,[JIT],0x0000e5957c965784
248221.0,195775,python,[JIT],0x0000e031bd85a4a8
248221.0,195775,python,[JIT],0x0000e031bd887474
248221.0,195946,python,[JIT],0x0000fc22a96fda80
248221.0,195775,python,[JIT],0x0000e031bd88900c
248221.0,195719,python,[JIT],0x0000e48a973883bc
248221.0,195719,python,[JIT],0x0000e48a9745d344
248221.0,195719,python,[JIT],0x0000e48a9745d88c
248221.0,195809,python,[JIT],0x0000e96f05f2c248
248221.0,195809,python,[JIT],0x0000e96f064f35f0
248221.0,195809,python,[JIT],0x0000e96f064f3c30
248221.0,195809,python,[JIT],0x0000e96f064f5dc0
248221.0,195809,python,[JIT],0x0000e96f067f1088
248221.0,195809,python,[JIT],0x0000e96f067f1c90
248221.0,195809,python,[JIT],0x0000e96f067f98a8
248221.0,195809,python,[JIT],0x0000e96f068a2224
248221.0,195809,python,[JIT],0x0000e96f068ad1dc
248221.0,195843,python,[JIT],0x0000f826442f8a34
248221.0,195843,python,[JIT],0x0000f826445db834
248220.0,195984,python,python,_PyObject_GC_NewVar
248220.0,195984,python,[JIT],0x0000fa70fbebe708
248220.0,195984,python,[JIT],0x0000fa70fc4f5858
248220.0,195984,python,[JIT],0x0000fa70fc503de4
248220.0,195984,python,[JIT],0x0000fa70fc849530
248220.0,195915,python,[JIT],0x0000e5957c9357e4
248220.0,195775,python,[JIT],0x0000e031bd7a9d8c
248220.0,195719,python,[JIT],0x0000e48a96a6c5fc
248220.0,195719,python,[JIT],0x0000e48a97431d74
248220.0,195719,python,[JIT],0x0000e48a97432278
248220.0,195809,python,[JIT],0x0000e96f05f2c414
248220.0,195809,python,[JIT],0x0000e96f05f5d400
248220.0,195809,python,[JIT],0x0000e96f05f98594
248220.0,195809,python,[JIT],0x0000e96f064f68d0
248220.0,195809,python,[JIT],0x0000e96f067be054
248220.0,195809,python,[JIT],0x0000e96f067f1ab0
248220.0,195809,python,[JIT],0x0000e96f067f9340
248220.0,195809,python,[JIT],0x0000e96f068a2830
248220.0,195809,python,[JIT],0x0000e96f068ab470
248220.0,195843,python,[JIT],0x0000f8264430a0b0
248219.0,195984,python,[JIT],0x0000fa70fc4f20dc
248219.0,195984,python,[JIT],0x0000fa70fc761054
248219.0,195984,python,[JIT],0x0000fa70fc8185f8
248219.0,195984,python,[JIT],0x0000fa70fc818800
248219.0,195984,python,[JIT],0x0000fa70fc81d550
248219.0,195984,python,[JIT],0x0000fa70fc84a310
248219.0,195915,python,[JIT],0x0000e5957bfc7fcc
248219.0,195915,python,[JIT],0x0000e5957bff6838
248219.0,195775,python,[JIT],0x0000e031bd502bbc
248219.0,195775,python,[JIT],0x0000e031bd50b6c8
248219.0,195775,python,[JIT],0x0000e031bd545868
248219.0,195775,python,[JIT],0x0000e031bd85672c
248219.0,195809,python,[JIT],0x0000e96f05f511dc
248219.0,195809,python,[JIT],0x0000e96f05f98868
248219.0,195809,python,[JIT],0x0000e96f067f1858
248219.0,195809,python,[JIT],0x0000e96f067f9a74
248219.0,195809,python,[JIT],0x0000e96f068a6070
248219.0,195809,python,[JIT],0x0000e96f068ab2c4
248219.0,195809,python,[JIT],0x0000e96f068d8558
248219.0,195843,python,[JIT],0x0000f8264433b658
248219.0,195843,python,[JIT],0x0000f826445d91d8
248219.0,195843,python,[JIT],0x0000f826446b01b0
248218.0,195984,python,[JIT],0x0000fa70fc4f59a0
248218.0,195984,python,[JIT],0x0000fa70fc76345c
248218.0,195984,python,[JIT],0x0000fa70fc76b1dc
248218.0,195984,python,[JIT],0x0000fa70fc811590
248218.0,195984,python,[JIT],0x0000fa70fc8152a8
248218.0,195984,python,[JIT],0x0000fa70fc848030
248218.0,195915,python,[JIT],0x0000e5957bff502c
248218.0,195915,python,[JIT],0x0000e5957c881054
248218.0,195915,python,[JIT],0x0000e5957c93ac44
248218.0,195775,python,[JIT],0x0000e031bd5421a8
248218.0,195946,python,[JIT],0x0000fc22a97a711c
248218.0,195719,python,[JIT],0x0000e48a96a980cc
248218.0,195809,python,[JIT],0x0000e96f068a302c
248218.0,195809,python,[JIT],0x0000e96f068a6fcc
248218.0,195809,python,[JIT],0x0000e96f068ab6c4
248218.0,195809,python,[JIT],0x0000e96f068d836c
248217.0,195984,python,[JIT],0x0000fa70fbefbecc
248217.0,195984,python,[JIT],0x0000fa70fc4f6f30
248217.0,195984,python,[JIT],0x0000fa70fc4f71d8
248217.0,195915,python,[JIT],0x0000e5957c93a664
248217.0,195915,python,python,_PyType_LookupRefAndVersion
248217.0,195775,python,[kernel.kallsyms],ksys_mmap_pgoff
248217.0,195775,python,[JIT],0x0000e031bd851040
248217.0,195775,python,[JIT],0x0000e031bd85a5d4
248217.0,195843,python,[JIT],0x0000f826445d29bc
248217.0,195809,python,[JIT],0x0000e96f05f57118
248217.0,195809,python,[JIT],0x0000e96f064f69a0
248217.0,195809,python,[JIT],0x0000e96f067fa31c
248217.0,195809,python,[JIT],0x0000e96f068a1160
248217.0,195809,python,[JIT],0x0000e96f068a1550
248217.0,195809,python,[JIT],0x0000e96f067f4dfc
248216.0,195984,python,[JIT],0x0000fa70fc4f6998
248216.0,195984,python,[JIT],0x0000fa70fc503964
248216.0,195984,python,[JIT],0x0000fa70fc8153b0
248216.0,195915,python,[JIT],0x0000e5957c5211fc
248216.0,195915,python,[JIT],0x0000e5957c93ab38
248216.0,195915,python,[JIT],0x0000e5957c93aee8
248216.0,195775,python,[JIT],0x0000e031bd76e4bc
248216.0,195775,python,[JIT],0x0000e031bd85102c
248216.0,195719,python,[JIT],0x0000e48a96a9c48c
248216.0,195719,python,[JIT],0x0000e48a9738ba80
248216.0,195809,python,[JIT],0x0000e96f05f22f08
248216.0,195809,python,[JIT],0x0000e96f05f992e0
248216.0,195809,python,[JIT],0x0000e96f067f71ec
248216.0,195809,python,[JIT],0x0000e96f067f91d0
248216.0,195809,python,[JIT],0x0000e96f068a8048
248216.0,195809,python,[JIT],0x0000e96f068ab4c0
248216.0,195809,python,[JIT],0x0000e96f068d6d9c
248216.0,195809,python,[JIT],0x0000e96f068d8260
248216.0,195843,python,[JIT],0x0000f82644684014
248215.0,195984,python,[JIT],0x0000fa70fc818798
248215.0,195915,python,[JIT],0x0000e5957c8894ec
248215.0,195915,python,[JIT],0x0000e5957c88c058
248215.0,195915,python,[JIT],0x0000e5957c88c2bc
248215.0,195946,python,[JIT],0x0000fc22a96fd14c
248215.0,195915,python,[JIT],0x0000e5957c93b1d8
248215.0,195719,python,[JIT],0x0000e48a970ed264
248215.0,195809,python,[JIT],0x0000e96f064f5004
248215.0,195809,python,[JIT],0x0000e96f068abb9c
248215.0,195809,python,[JIT],0x0000e96f068abf78
248215.0,195809,python,[JIT],0x0000e96f068ad0e8
248215.0,195843,python,[JIT],0x0000f826445db1e4
248215.0,195809,python,[JIT],0x0000e96f064f6208
248214.0,195984,python,[JIT],0x0000fa70fbebaa44
248214.0,195984,python,[JIT],0x0000fa70fc4f5a3c
248214.0,195984,python,[JIT],0x0000fa70fc763b2c
248214.0,195984,python,[JIT],0x0000fa70fc763df4
248214.0,195984,python,[JIT],0x0000fa70fc84a20c
248214.0,195915,python,[JIT],0x0000e5957bf9e17c
248214.0,195915,python,[JIT],0x0000e5957c93100c
248214.0,195915,python,[JIT],0x0000e5957c9660dc
248214.0,195719,python,[JIT],0x0000e48a96acbec4
248214.0,195809,python,[JIT],0x0000e96f05f5b8c4
248214.0,195809,python,[JIT],0x0000e96f05f9a310
248214.0,195809,python,[JIT],0x0000e96f067f47b4
248214.0,195809,python,[JIT],0x0000e96f067f9178
248214.0,195809,python,[JIT],0x0000e96f067f91c8
248214.0,195809,python,[JIT],0x0000e96f067fa144
248214.0,195809,python,[JIT],0x0000e96f068aba60
248214.0,195843,python,[JIT],0x0000f8264433c2d4
248214.0,195843,python,[JIT],0x0000f826446b02dc
248213.0,195984,python,[JIT],0x0000fa70fbef4f5c
248213.0,195984,python,[JIT],0x0000fa70fc4fb3f4
248213.0,195984,python,[JIT],0x0000fa70fc72e0bc
248213.0,195984,python,[JIT],0x0000fa70fc8150c0
248213.0,195984,python,[JIT],0x0000fa70fc81efe4
248213.0,195915,python,[JIT],0x0000e5957c935d00
248213.0,195775,python,[JIT],0x0000e031bd4f0540
248213.0,195775,python,[JIT],0x0000e031bd502d60
248213.0,195719,python,[JIT],0x0000e48a96acc078
248213.0,195719,python,[JIT],0x0000e48a974312b0
248213.0,195843,python,[JIT],0x0000f82644684d08
248213.0,195809,python,[JIT],0x0000e96f05f99cf0
248213.0,195809,python,[JIT],0x0000e96f064f5ae8
248213.0,195809,python,[JIT],0x0000e96f067fa478
248213.0,195809,python,[JIT],0x0000e96f068d73d4
248213.0,195809,python,[JIT],0x0000e96f068ad130
248212.0,195984,python,[JIT],0x0000fa70fc5048d0
248212.0,195984,python,[JIT],0x0000fa70fc76311c
248212.0,195984,python,[JIT],0x0000fa70fc815384
248212.0,195984,python,[JIT],0x0000fa70fc8197e4
248212.0,195984,python,[JIT],0x0000fa70fc763178
248212.0,195915,python,[JIT],0x0000e5957c965200
248212.0,195775,python,[JIT],0x0000e031bd8556d0
248212.0,195775,python,[JIT],0x0000e031bd8563f0
248212.0,195775,python,[JIT],0x0000e031bd85b184
248212.0,195719,python,[JIT],0x0000e48a970ed740
248212.0,195719,python,[JIT],0x0000e48a97388194
248212.0,195809,python,[JIT],0x0000e96f05f258bc
248212.0,195809,python,[JIT],0x0000e96f05f987d0
248212.0,195809,python,[JIT],0x0000e96f064f31b0
248212.0,195809,python,[JIT],0x0000e96f064f37ac
248212.0,195809,python,[JIT],0x0000e96f064f688c
248212.0,195809,python,[JIT],0x0000e96f067fa504
248212.0,195809,python,[JIT],0x0000e96f068a75ec
248212.0,195843,python,[JIT],0x0000f826442fc3bc
248212.0,195843,python,[JIT],0x0000f826445d21b8
248212.0,195809,python,[JIT],0x0000e96f064fa6cc
248211.0,195984,python,[JIT],0x0000fa70fbebe5b8
248211.0,195984,python,[JIT],0x0000fa70fc4fb284
248211.0,195984,python,[JIT],0x0000fa70fc504a80
248211.0,195984,python,[JIT],0x0000fa70fc815098
248211.0,195984,python,[JIT],0x0000fa70fc81ebc4
248211.0,195915,python,[JIT],0x0000e5957bff50b8
248211.0,195915,python,[JIT],0x0000e5957bff65d4
248211.0,195915,python,[JIT],0x0000e5957bff7154
248211.0,195915,python,[JIT],0x0000e5957c96612c
248211.0,195775,python,[JIT],0x0000e031bd8564dc
248211.0,195915,python,[JIT],0x0000e5957c4ec7e8
248211.0,195775,python,[JIT],0x0000e031bd54ac78
248211.0,195719,python,[JIT],0x0000e48a96acc010
248211.0,195719,python,[JIT],0x0000e48a9738131c
248211.0,195719,python,[JIT],0x0000e48a9745d460
248211.0,195809,python,[JIT],0x0000e96f05f5d214
248211.0,195809,python,[JIT],0x0000e96f067f1358
248211.0,195809,python,[JIT],0x0000e96f067f1664
248211.0,195809,python,[JIT],0x0000e96f067f9e84
248211.0,195809,python,[JIT],0x0000e96f068a6ba4
248211.0,195809,python,[JIT],0x0000e96f068abe68
248211.0,195843,python,[JIT],0x0000f8264437216c
248210.0,195984,python,[JIT],0x0000fa70fc504a84
248210.0,195984,python,[JIT],0x0000fa70fc848860
248210.0,195915,python,[JIT],0x0000e5957bff59bc
248210.0,195915,python,[JIT],0x0000e5957c4ec2b8
248210.0,195915,python,[JIT],0x0000e5957c525e14
248210.0,195915,python,[JIT],0x0000e5957c939d60
248210.0,195775,python,[JIT],0x0000e031bd85aa64
248210.0,195915,python,[JIT],0x0000e5957c93974c
248210.0,195809,python,[JIT],0x0000e96f064f30b0
248210.0,195809,python,[JIT],0x0000e96f068ab288
248210.0,195809,python,[JIT],0x0000e96f068ab5a0
248210.0,195809,python,[JIT],0x0000e96f068ab7e4
248210.0,195809,python,[JIT],0x0000e96f068ac8a0
248210.0,195809,python,[JIT],0x0000e96f068d623c
248210.0,195843,python,[JIT],0x0000f82644684558
248209.0,195984,python,[JIT],0x0000fa70fbebdcb8
248209.0,195915,python,[JIT],0x0000e5957bff6dec
248209.0,195915,python,[JIT],0x0000e5957c888ab4
248209.0,195915,python,[JIT],0x0000e5957c93649c
248209.0,195809,python,[JIT],0x0000e96f05f5b8a0
248209.0,195809,python,[JIT],0x0000e96f05f9a060
248209.0,195809,python,[JIT],0x0000e96f067f9884
248209.0,195809,python,[JIT],0x0000e96f068a12ec
248209.0,195809,python,[JIT],0x0000e96f068a152c
248209.0,195809,python,[JIT],0x0000e96f068a310c
248208.0,195984,python,[JIT],0x0000fa70fc504b1c
248208.0,195915,python,[JIT],0x0000e5957c523c70
248208.0,195915,python,[JIT],0x0000e5957c93b3c0
248208.0,195915,python,[JIT],0x0000e5957c965810
248208.0,195775,python,[JIT],0x0000e031bd50b538
248208.0,195775,python,[JIT],0x0000e031bd76e220
248208.0,195775,python,[JIT],0x0000e031bd851288
248208.0,195719,python,[JIT],0x0000e48a96afb0cc
248208.0,195719,python,[JIT],0x0000e48a97384334
248208.0,195809,python,[JIT],0x0000e96f05f2c804
248208.0,195809,python,[JIT],0x0000e96f05f9a1d8
248208.0,195809,python,[JIT],0x0000e96f05f9a480
248208.0,195809,python,[JIT],0x0000e96f064f38c4
248208.0,195809,python,[JIT],0x0000e96f068a605c
248208.0,195809,python,[JIT],0x0000e96f068ab52c
248208.0,195843,python,[JIT],0x0000f8264430b1a8
248208.0,195843,python,[JIT],0x0000f8264433bb08
248208.0,195809,python,[JIT],0x0000e96f064fbb34
248207.0,195984,python,[JIT],0x0000fa70fbeb66d0
248207.0,195984,python,[JIT],0x0000fa70fbefd538
248207.0,195984,python,[JIT],0x0000fa70fc8157bc
248207.0,195915,python,[JIT],0x0000e5957bfc13d0
248207.0,195915,python,[JIT],0x0000e5957bfc33d0
248207.0,195915,python,[JIT],0x0000e5957bff6b80
248207.0,195915,python,[JIT],0x0000e5957c8886c8
248207.0,195775,python,[JIT],0x0000e031bd855260
248207.0,195775,python,[JIT],0x0000e031bd856884
248207.0,195719,python,[JIT],0x0000e48a96a99364
248207.0,195719,python,[JIT],0x0000e48a96afb548
248207.0,195719,python,[JIT],0x0000e48a97123938
248207.0,195719,python,[JIT],0x0000e48a97432b34
248207.0,195809,python,[JIT],0x0000e96f067f9bd8
248207.0,195809,python,[JIT],0x0000e96f068a6038
248207.0,195809,python,[JIT],0x0000e96f068a78a8
248207.0,195809,python,[JIT],0x0000e96f068ac014
248207.0,195809,python,[JIT],0x0000e96f068ac98c
248207.0,195843,python,[JIT],0x0000f82644338000
248207.0,195843,python,[JIT],0x0000f82644372e54
248207.0,195843,python,[JIT],0x0000f826445dc558
248207.0,195843,python,[JIT],0x0000f826446b0298
248206.0,195984,python,[JIT],0x0000fa70fc72edec
248206.0,195984,python,[JIT],0x0000fa70fc76c370
248206.0,195984,python,[JIT],0x0000fa70fc81110c
248206.0,195775,python,[JIT],0x0000e031bd501ecc
248206.0,195775,python,[JIT],0x0000e031bd5027e4
248206.0,195775,python,[JIT],0x0000e031bd85ad28
248206.0,195946,python,[JIT],0x0000fc22a97a7644
248206.0,195719,python,[JIT],0x0000e48a9712b1d8
248206.0,195809,python,[JIT],0x0000e96f05f2c64c
248206.0,195809,python,[JIT],0x0000e96f05f5a104
248206.0,195809,python,[JIT],0x0000e96f05f996b8
248206.0,195809,python,[JIT],0x0000e96f05f9a44c
248206.0,195809,python,[JIT],0x0000e96f064f305c
248206.0,195809,python,[JIT],0x0000e96f067fa1f8
248206.0,195809,python,[JIT],0x0000e96f068abecc
248206.0,195843,python,[JIT],0x0000f826445d17e4
248206.0,195843,python,[JIT],0x0000f826446836a4
248205.0,195984,python,[JIT],0x0000fa70fc5037fc
248205.0,195984,python,[JIT],0x0000fa70fc72f838
248205.0,195984,python,[JIT],0x0000fa70fc815a30
248205.0,195984,python,[JIT],0x0000fa70fc81d0d8
248205.0,195915,python,[JIT],0x0000e5957bff5228
248205.0,195915,python,[JIT],0x0000e5957c965250
248205.0,195775,python,[JIT],0x0000e031bd4f6c1c
248205.0,195775,python,[JIT],0x0000e031bd852148
248205.0,195719,python,[JIT],0x0000e48a96afbc84
248205.0,195719,python,[JIT],0x0000e48a970eb9dc
248205.0,195719,python,[JIT],0x0000e48a974312b8
248205.0,195843,python,[JIT],0x0000f826446853c0
248205.0,195809,python,[kernel.kallsyms],perf_iterate_ctx
248205.0,195809,python,[JIT],0x0000e96f05f51e7c
248205.0,195809,python,[JIT],0x0000e96f05f5d5dc
248205.0,195809,python,[JIT],0x0000e96f064f52b4
248205.0,195809,python,[JIT],0x0000e96f067f1214
248205.0,195809,python,[JIT],0x0000e96f067f71e8
248205.0,195843,python,[JIT],0x0000f826443381b4
248205.0,195809,python,[JIT],0x0000e96f064fa6e8
248204.0,195984,python,[JIT],0x0000fa70fc81d594
248204.0,195984,python,[JIT],0x0000fa70fc81e558
248204.0,195915,python,[JIT],0x0000e5957c9358c4
248204.0,195775,python,[JIT],0x0000e031bd5021e8
248204.0,195775,python,[JIT],0x0000e031bd7a9300
248204.0,195775,python,[JIT],0x0000e031bd85a2d4
248204.0,195809,python,[JIT],0x0000e96f064f6814
248204.0,195809,python,[JIT],0x0000e96f067f1df4
248204.0,195809,python,[JIT],0x0000e96f068a77a4
248204.0,195809,python,[JIT],0x0000e96f068accd0
248204.0,195809,python,[JIT],0x0000e96f068d7138
248203.0,195984,python,[JIT],0x0000fa70fc4f54d4
248203.0,195984,python,[JIT],0x0000fa70fc4fb0a0
248203.0,195984,python,[JIT],0x0000fa70fc76b228
248203.0,195984,python,[JIT],0x0000fa70fc81863c
248203.0,195984,python,[JIT],0x0000fa70fc819428
248203.0,195984,python,[JIT],0x0000fa70fc763e38
248203.0,195984,python,[JIT],0x0000fa70fc81d684
248203.0,195775,python,[JIT],0x0000e031bd501700
248203.0,195775,python,[JIT],0x0000e031bd856c7c
248203.0,195775,python,[JIT],0x0000e031bd85a878
248203.0,195775,python,[JIT],0x0000e031bd886868
248203.0,195719,python,[JIT],0x0000e48a96afc538
248203.0,195809,python,[JIT],0x0000e96f05f9906c
248203.0,195809,python,[JIT],0x0000e96f064f3404
248203.0,195809,python,[JIT],0x0000e96f064f6b48
248203.0,195809,python,[JIT],0x0000e96f068a6df4
248203.0,195809,python,[JIT],0x0000e96f068ab17c
248203.0,195809,python,[JIT],0x0000e96f068abfe8
248203.0,195843,python,[JIT],0x0000f8264433ba3c
248203.0,195843,python,[JIT],0x0000f826445dc884
248202.0,195984,python,[JIT],0x0000fa70fc50380c
248202.0,195775,python,[JIT],0x0000e031bcef91a4
248202.0,195775,python,[JIT],0x0000e031bd50bfc8
248202.0,195915,python,[JIT],0x0000e5957c52ac28
248202.0,195719,python,[JIT],0x0000e48a9738c258
248202.0,195719,python,[JIT],0x0000e48a97433590
248202.0,195809,python,[JIT],0x0000e96f05f2c658
248202.0,195809,python,[JIT],0x0000e96f05f550a4
248202.0,195809,python,[JIT],0x0000e96f05f980a4
248202.0,195809,python,[JIT],0x0000e96f064f6378
248202.0,195809,python,[JIT],0x0000e96f067f9308
248202.0,195809,python,[JIT],0x0000e96f067f95e0
248202.0,195809,python,[JIT],0x0000e96f068a75a4
248201.0,195984,python,[JIT],0x0000fa70fc5032e8
248201.0,195984,python,[JIT],0x0000fa70fc76ceb4
248201.0,195984,python,[JIT],0x0000fa70fc81d63c
248201.0,195775,python,[JIT],0x0000e031bd506410
248201.0,195775,python,[JIT],0x0000e031bd7aab58
248201.0,195775,python,[JIT],0x0000e031bd85a88c
248201.0,195719,python,python,rangeiter_dealloc
248201.0,195809,python,[JIT],0x0000e96f05f5cc1c
248201.0,195809,python,[JIT],0x0000e96f064f3948
248201.0,195809,python,[JIT],0x0000e96f067f1924
248201.0,195809,python,[JIT],0x0000e96f067f1a28
248201.0,195809,python,[JIT],0x0000e96f067f9f34
248200.0,195984,python,[JIT],0x0000fa70fbefcc20
248200.0,195984,python,[JIT],0x0000fa70fc4f5bec
248200.0,195984,python,[JIT],0x0000fa70fc504968
248200.0,195984,python,[JIT],0x0000fa70fc815300
248200.0,195984,python,[JIT],0x0000fa70fc815fac
248200.0,195984,python,[JIT],0x0000fa70fc72e780
248200.0,195915,python,[JIT],0x0000e5957c934130
248200.0,195775,python,[JIT],0x0000e031bd50bbcc
248200.0,195775,python,[JIT],0x0000e031bd7aa110
248200.0,195775,python,[JIT],0x0000e031bd851424
248200.0,195775,python,[JIT],0x0000e031bd856728
248200.0,195775,python,[JIT],0x0000e031bd85577c
248200.0,195809,python,[JIT],0x0000e96f064f5964
248200.0,195809,python,[JIT],0x0000e96f068d81f8
248200.0,195809,python,[JIT],0x0000e96f068d8410
248199.0,195984,python,[JIT],0x0000fa70fc76d594
248199.0,195984,python,[JIT],0x0000fa70fc81dd3c
248199.0,195915,python,[JIT],0x0000e5957c4ebea8
248199.0,195775,python,[JIT],0x0000e031bd50c534
248199.0,195775,python,[JIT],0x0000e031bd8519e4
248199.0,195946,python,python,long_div
248199.0,195775,python,[JIT],0x0000e031bd7aa194
248199.0,195719,python,[JIT],0x0000e48a9712b5c4
248199.0,195719,python,[JIT],0x0000e48a97384314
248199.0,195809,python,[JIT],0x0000e96f05f5a068
248199.0,195809,python,[JIT],0x0000e96f05f9a2c4
248199.0,195809,python,[JIT],0x0000e96f068a3064
248199.0,195809,python,[JIT],0x0000e96f068ab040
248199.0,195809,python,[JIT],0x0000e96f068abdbc
248199.0,195809,python,[JIT],0x0000e96f068abdc8
248199.0,195809,python,[JIT],0x0000e96f068ac51c
248199.0,195843,python,[JIT],0x0000f826445d98a8
248198.0,195984,python,[JIT],0x0000fa70fc4f6b9c
248198.0,195984,python,[JIT],0x0000fa70fc76cbd8
248198.0,195984,python,[JIT],0x0000fa70fc76cfe4
248198.0,195915,python,[JIT],0x0000e5957c966034
248198.0,195775,python,[JIT],0x0000e031bd7a9380
248198.0,195775,python,[JIT],0x0000e031bd7aa9d4
248198.0,195775,python,[JIT],0x0000e031bd855848
248198.0,195775,python,[JIT],0x0000e031bd85aedc
248198.0,195719,python,[JIT],0x0000e48a974313b0
248198.0,195809,python,[JIT],0x0000e96f05f99d14
248198.0,195809,python,[JIT],0x0000e96f067f100c
248198.0,195843,python,[JIT],0x0000f826442feb68
248198.0,195843,python,[JIT],0x0000f826443095c0
248198.0,195843,python,[JIT],0x0000f8264433b54c
248198.0,195843,python,[JIT],0x0000f826445d2110
248197.0,195984,python,[JIT],0x0000fa70fc81134c
248197.0,195984,python,[JIT],0x0000fa70fc81d9c4
248197.0,195984,python,[JIT],0x0000fa70fc84c01c
248197.0,195915,python,[kernel.kallsyms],__perf_addr_filters_adjust
248197.0,195915,python,[JIT],0x0000e5957c881064
248197.0,195775,python,[JIT],0x0000e031bcef12b0
248197.0,195775,python,[JIT],0x0000e031bd502d54
248197.0,195775,python,[JIT],0x0000e031bd85389c
248197.0,195775,python,[JIT],0x0000e031bd85b624
248197.0,195775,python,[JIT],0x0000e031bd886384
248197.0,195719,python,[JIT],0x0000e48a96acb760
248197.0,195719,python,[JIT],0x0000e48a96acc268
248197.0,195719,python,[JIT],0x0000e48a9712a038
248197.0,195719,python,[JIT],0x0000e48a9738b160
248197.0,195809,python,[JIT],0x0000e96f064f62c0
248197.0,195809,python,[JIT],0x0000e96f064f65cc
248197.0,195809,python,[JIT],0x0000e96f064f69ec
248197.0,195809,python,[JIT],0x0000e96f068a218c
248197.0,195809,python,[JIT],0x0000e96f068ac67c
248197.0,195843,python,[JIT],0x0000f82644372c18
248196.0,195984,python,[JIT],0x0000fa70fc76d568
248196.0,195984,python,[JIT],0x0000fa70fc81d53c
248196.0,195719,python,[JIT],0x0000e48a9738b600
248196.0,195809,python,[JIT],0x0000e96f05f27390
248196.0,195809,python,[JIT],0x0000e96f05f983d8
248196.0,195809,python,[JIT],0x0000e96f068a4068
248196.0,195843,python,[JIT],0x0000f826445d1a14
248195.0,195984,python,[JIT],0x0000fa70fbefd19c
248195.0,195915,python,[JIT],0x0000e5957c965474
248195.0,195719,python,[JIT],0x0000e48a96afb86c
248195.0,195719,python,[JIT],0x0000e48a97431fcc
248195.0,195843,python,[JIT],0x0000f826446b0060
248195.0,195809,python,[JIT],0x0000e96f05f57fd0
248195.0,195809,python,[JIT],0x0000e96f064f5f9c
248195.0,195809,python,[JIT],0x0000e96f067f9300
248195.0,195809,python,[JIT],0x0000e96f067f9a70
248195.0,195809,python,[JIT],0x0000e96f068a6858
248195.0,195809,python,[JIT],0x0000e96f068a75e4
248194.0,195984,python,[JIT],0x0000fa70fc5033a8
248194.0,195984,python,[JIT],0x0000fa70fc72e4c0
248194.0,195984,python,[JIT],0x0000fa70fc76ca98
248194.0,195915,python,[JIT],0x0000e5957c966914
248194.0,195775,python,python,supercheck
248194.0,195775,python,[JIT],0x0000e031bd50b2ec
248194.0,195775,python,[JIT],0x0000e031bd8863a0
248194.0,195915,python,[JIT],0x0000e5957c939790
248194.0,195719,python,[JIT],0x0000e48a96afbbe0
248194.0,195809,python,[JIT],0x0000e96f05f521a0
248194.0,195809,python,[JIT],0x0000e96f064f63e8
248194.0,195809,python,[JIT],0x0000e96f067f16fc
248194.0,195809,python,[JIT],0x0000e96f067f97c4
248194.0,195809,python,[JIT],0x0000e96f068a6ac4
248193.0,195984,python,[JIT],0x0000fa70fc818c90
248193.0,195984,python,[JIT],0x0000fa70fc81db10
248193.0,195984,python,[JIT],0x0000fa70fc81e68c
248193.0,195915,python,[JIT],0x0000e5957c4eb2d4
248193.0,195915,python,[JIT],0x0000e5957c934540
248193.0,195775,python,python,_PyEval_GetIter
248193.0,195775,python,[JIT],0x0000e031bd50cc3c
248193.0,195775,python,[JIT],0x0000e031bd85a20c
248193.0,195775,python,[JIT],0x0000e031bd85a8a0
248193.0,195719,python,[JIT],0x0000e48a96a6bfc8
248193.0,195719,python,[JIT],0x0000e48a96afb648
248193.0,195719,python,[JIT],0x0000e48a97388bb0
248193.0,195719,python,[JIT],0x0000e48a9743162c
248193.0,195719,python,[JIT],0x0000e48a974320e4
248193.0,195809,python,[JIT],0x0000e96f05f993f0
248193.0,195809,python,[JIT],0x0000e96f064f5068
248193.0,195809,python,[JIT],0x0000e96f067f1ae4
248193.0,195809,python,[JIT],0x0000e96f067fabe4
248193.0,195809,python,[JIT],0x0000e96f068ac760
248193.0,195843,python,[JIT],0x0000f826446af5e0
248192.0,195984,python,[JIT],0x0000fa70fbef4a40
248192.0,195984,python,[JIT],0x0000fa70fc4f2110
248192.0,195984,python,[JIT],0x0000fa70fc819f30
248192.0,195984,python,[JIT],0x0000fa70fc76ce50
248192.0,195915,python,[JIT],0x0000e5957c934378
248192.0,195915,python,[JIT],0x0000e5957c934830
248192.0,195915,python,[JIT],0x0000e5957c93a9a4
248192.0,195775,python,python,emit__COPY_FREE_VARS_r00
248192.0,195775,python,[JIT],0x0000e031bd4f2330
248192.0,195775,python,[JIT],0x0000e031bd85ae48
248192.0,195719,python,[JIT],0x0000e48a9738b518
248192.0,195719,python,[JIT],0x0000e48a97432b7c
248192.0,195809,python,[JIT],0x0000e96f05f56890
248192.0,195809,python,[JIT],0x0000e96f067f1b90
248192.0,195809,python,[JIT],0x0000e96f068a2060
248192.0,195809,python,[JIT],0x0000e96f068a6ee4
248192.0,195809,python,[JIT],0x0000e96f068a7d98
248192.0,195843,python,[JIT],0x0000f826442f9288
248192.0,195843,python,[JIT],0x0000f82644372b4c
248191.0,195984,python,[JIT],0x0000fa70fc4f5dd4
248191.0,195984,python,[JIT],0x0000fa70fc76cbc4
248191.0,195984,python,[JIT],0x0000fa70fc76cdb8
248191.0,195984,python,[JIT],0x0000fa70fc76ecbc
248191.0,195915,python,[JIT],0x0000e5957bff5400
248191.0,195915,python,[JIT],0x0000e5957c888fe4
248191.0,195915,python,[JIT],0x0000e5957c934244
248191.0,195915,python,[JIT],0x0000e5957c934720
248191.0,195775,python,[JIT],0x0000e031bd50c69c
248191.0,195775,python,[JIT],0x0000e031bd7a84e0
248191.0,195719,python,[JIT],0x0000e48a96acc224
248191.0,195809,python,[JIT],0x0000e96f05f51dbc
248191.0,195809,python,[JIT],0x0000e96f067f9b1c
248191.0,195809,python,[JIT],0x0000e96f068a34ac
248191.0,195809,python,[JIT],0x0000e96f068a61f4
248191.0,195809,python,[JIT],0x0000e96f068a6af8
248191.0,195809,python,[JIT],0x0000e96f068a6c7c
248191.0,195809,python,[JIT],0x0000e96f068ab2d0
248191.0,195843,python,[JIT],0x0000f8264433c804
248191.0,195843,python,[JIT],0x0000f82644685de8
248190.0,195984,python,[JIT],0x0000fa70fc81130c
248190.0,195984,python,[JIT],0x0000fa70fc8189d8
248190.0,195984,python,[JIT],0x0000fa70fc819aa4
248190.0,195984,python,[JIT],0x0000fa70fc81e9d8
248190.0,195915,python,[JIT],0x0000e5957c93a338
248190.0,195775,python,[JIT],0x0000e031bd85a14c
248190.0,195775,python,[JIT],0x0000e031bd85b3c0
248190.0,195775,python,[JIT],0x0000e031bd85b6a0
248190.0,195775,python,python,PyNumber_FloorDivide
248190.0,195719,python,[JIT],0x0000e48a9738b87c
248190.0,195719,python,[JIT],0x0000e48a9745e474
248190.0,195809,python,[JIT],0x0000e96f05f5b7e4
248190.0,195809,python,[JIT],0x0000e96f064f5174
248190.0,195809,python,[JIT],0x0000e96f067f12cc
248190.0,195809,python,[JIT],0x0000e96f067f1440
248190.0,195809,python,[JIT],0x0000e96f067f9968
248190.0,195809,python,[JIT],0x0000e96f068a7258
248190.0,195809,python,[JIT],0x0000e96f068d83ac
248189.0,195984,python,[JIT],0x0000fa70fc819998
248189.0,195984,python,[JIT],0x0000fa70fc81dddc
248189.0,195984,python,[JIT],0x0000fa70fc76cb04
248189.0,195915,python,[JIT],0x0000e5957c934260
248189.0,195809,python,[JIT],0x0000e96f064f6a24
248189.0,195809,python,[JIT],0x0000e96f064f6b54
248189.0,195809,python,[JIT],0x0000e96f068ac908
248188.0,195984,python,[JIT],0x0000fa70fc503524
248188.0,195915,python,[JIT],0x0000e5957bfc375c
248188.0,195915,python,[JIT],0x0000e5957c9359a8
248188.0,195915,python,[JIT],0x0000e5957c935bf4
248188.0,195775,python,[JIT],0x0000e031bd50c16c
248188.0,195946,python,[JIT],0x0000fc22a97a7be8
248188.0,195915,python,[JIT],0x0000e5957c9390dc
248188.0,195719,python,[JIT],0x0000e48a9738c9b4
248188.0,195809,python,[JIT],0x0000e96f05f571ac
248188.0,195809,python,[JIT],0x0000e96f05f99cac
248188.0,195809,python,[JIT],0x0000e96f067f1178
248188.0,195809,python,[JIT],0x0000e96f067fafb8
248188.0,195809,python,[JIT],0x0000e96f068abb78
248188.0,195843,python,[JIT],0x0000f8264433c098
248188.0,195843,python,[JIT],0x0000f8264433c43c
248187.0,195984,python,[JIT],0x0000fa70fc503ba4
248187.0,195984,python,[JIT],0x0000fa70fc76368c
248187.0,195984,python,[JIT],0x0000fa70fc8112dc
248187.0,195984,python,[JIT],0x0000fa70fc81e870
248187.0,195775,python,[JIT],0x0000e031bd855eec
248187.0,195775,python,[JIT],0x0000e031bd85c014
248187.0,195719,python,[JIT],0x0000e48a96accd10
248187.0,195719,python,[JIT],0x0000e48a96afb17c
248187.0,195719,python,[JIT],0x0000e48a9738ceb8
248187.0,195809,python,[JIT],0x0000e96f068a3c94
248187.0,195809,python,[JIT],0x0000e96f068abe78
248187.0,195809,python,[JIT],0x0000e96f068ac47c
248186.0,195984,python,[JIT],0x0000fa70fc4f5d10
248186.0,195984,python,[JIT],0x0000fa70fc503548
248186.0,195984,python,[JIT],0x0000fa70fc763164
248186.0,195984,python,[JIT],0x0000fa70fc81ef74
248186.0,195984,python,[JIT],0x0000fa70fc81d868
248186.0,195915,python,[JIT],0x0000e5957c887150
248186.0,195719,python,[JIT],0x0000e48a973831dc
248186.0,195809,python,[JIT],0x0000e96f05f27c70
248186.0,195809,python,[JIT],0x0000e96f064f6808
248186.0,195809,python,[JIT],0x0000e96f067f9eb0
248186.0,195809,python,[JIT],0x0000e96f068a6204
248186.0,195809,python,[JIT],0x0000e96f068ab58c
248186.0,195843,python,[JIT],0x0000f826446af100
248185.0,195984,python,[kernel.kallsyms],do_page_fault
248185.0,195984,python,[JIT],0x0000fa70fc81ed84
248185.0,195984,python,[JIT],0x0000fa70fc849558
248185.0,195984,python,python,_PyObject_StoreInstanceAttribute
248185.0,195775,python,[JIT],0x0000e031bd88586c
248185.0,195719,python,[JIT],0x0000e48a97381cb4
248185.0,195719,python,[JIT],0x0000e48a9738bec4
248185.0,195809,python,[JIT],0x0000e96f05f563e4
248185.0,195809,python,[JIT],0x0000e96f064f595c
248185.0,195809,python,[JIT],0x0000e96f068a10bc
248185.0,195809,python,[JIT],0x0000e96f068ab224
248185.0,195843,python,[JIT],0x0000f826446836d4
248185.0,195809,python,[kernel.kallsyms],__perf_addr_filters_adjust
248184.0,195984,python,[JIT],0x0000fa70fc76c424
248184.0,195984,python,[JIT],0x0000fa70fc849404
248184.0,195984,python,[JIT],0x0000fa70fc84a280
248184.0,195775,python,[JIT],0x0000e031bd50c678
248184.0,195775,python,[JIT],0x0000e031bd8564e4
248184.0,195719,python,[JIT],0x0000e48a96a9b72c
248184.0,195719,python,[JIT],0x0000e48a9712aecc
248184.0,195809,python,[kernel.kallsyms],mnt_get_write_access
248184.0,195809,python,[JIT],0x0000e96f064f3048
248184.0,195809,python,[JIT],0x0000e96f068a6fe0
248184.0,195809,python,[JIT],0x0000e96f068ab00c
248184.0,195843,python,[JIT],0x0000f826442f85a0
248184.0,195843,python,[JIT],0x0000f826445dbd24
248183.0,195984,python,[JIT],0x0000fa70fc81506c
248183.0,195984,python,[JIT],0x0000fa70fc8152f4
248183.0,195915,python,[JIT],0x0000e5957bff5cec
248183.0,195915,python,[JIT],0x0000e5957c525b8c
248183.0,195915,python,[JIT],0x0000e5957c939964
248183.0,195775,python,[JIT],0x0000e031bd85a128
248183.0,195775,python,[JIT],0x0000e031bd85a9c4
248183.0,195775,python,python,_Py_uop_analyze_and_optimize
248183.0,195719,python,[JIT],0x0000e48a96a98f14
248183.0,195809,python,[JIT],0x0000e96f05f2d36c
248183.0,195809,python,[JIT],0x0000e96f05f579c8
248183.0,195809,python,[JIT],0x0000e96f068a7168
248183.0,195809,python,[JIT],0x0000e96f068d6158
248183.0,195843,python,[JIT],0x0000f826442f9990
248183.0,195843,python,[JIT],0x0000f82644338a74
248183.0,195843,python,[JIT],0x0000f82644372bec
248183.0,195843,python,[JIT],0x0000f826445d9024
248183.0,195843,python,[JIT],0x0000f8264468483c
248183.0,195843,python,[JIT],0x0000f82644684a08
248182.0,195984,python,[JIT],0x0000fa70fbef4dcc
248182.0,195984,python,[JIT],0x0000fa70fc4fb030
248182.0,195984,python,[JIT],0x0000fa70fc72e194
248182.0,195984,python,[JIT],0x0000fa70fc72e8f0
248182.0,195915,python,[JIT],0x0000e5957c9392b4
248182.0,195915,python,[JIT],0x0000e5957c9398ac
248182.0,195775,python,[JIT],0x0000e031bd851220
248182.0,195719,python,[JIT],0x0000e48a96afc678
248182.0,195809,python,[kernel.kallsyms],kmem_cache_alloc
248182.0,195809,python,[JIT],0x0000e96f05f562b4
248182.0,195809,python,[JIT],0x0000e96f067f11cc
248182.0,195809,python,[JIT],0x0000e96f067f1d0c
248182.0,195809,python,[JIT],0x0000e96f068ab008
248182.0,195809,python,[JIT],0x0000e96f068abc68
248182.0,195809,python,[JIT],0x0000e96f068d848c
248182.0,195809,python,[JIT],0x0000e96f068ac0dc
248181.0,195984,python,[JIT],0x0000fa70fc81dd00
248181.0,195915,python,[JIT],0x0000e5957c93aa94
248181.0,195775,python,[JIT],0x0000e031bd4f14e0
248181.0,195719,python,[JIT],0x0000e48a9745e530
248181.0,195843,python,[JIT],0x0000f826446837e4
248181.0,195809,python,[JIT],0x0000e96f05f99dc4
248181.0,195809,python,[JIT],0x0000e96f067f1af4
248181.0,195809,python,[JIT],0x0000e96f067f927c
248180.0,195984,python,python,PyDict_GetItemRef
248180.0,195984,python,[JIT],0x0000fa70fc8186e8
248180.0,195915,python,[JIT],0x0000e5957bf6da30
248180.0,195775,python,[JIT],0x0000e031bd7a94d8
248180.0,195809,python,[JIT],0x0000e96f05f5c9d4
248180.0,195809,python,[JIT],0x0000e96f05f98b90
248180.0,195809,python,[JIT],0x0000e96f064f5bbc
248180.0,195809,python,[JIT],0x0000e96f064f6b00
248180.0,195809,python,[JIT],0x0000e96f067f13f4
248180.0,195809,python,[JIT],0x0000e96f068a3110
248180.0,195843,python,[JIT],0x0000f8264433b808
248179.0,195984,python,[JIT],0x0000fa70fc4f66c4
248179.0,195984,python,[JIT],0x0000fa70fc4f8b14
248179.0,195984,python,[JIT],0x0000fa70fc5043ec
248179.0,195984,python,[JIT],0x0000fa70fc763a4c
248179.0,195984,python,[JIT],0x0000fa70fc8112a4
248179.0,195984,python,[JIT],0x0000fa70fc81e4b8
248179.0,195915,python,[JIT],0x0000e5957bff5628
248179.0,195775,python,[JIT],0x0000e031bd4ec5a4
248179.0,195775,python,[JIT],0x0000e031bd50b5e8
248179.0,195719,python,[JIT],0x0000e48a96a911a4
248179.0,195719,python,[JIT],0x0000e48a9745d7b4
248179.0,195843,python,[JIT],0x0000f826446840e4
248179.0,195809,python,[JIT],0x0000e96f05f2c744
248179.0,195809,python,[JIT],0x0000e96f05f98ec8
248179.0,195809,python,[JIT],0x0000e96f064eb15c
248179.0,195809,python,[JIT],0x0000e96f068abae0
248179.0,195809,python,[JIT],0x0000e96f068acc48
248179.0,195843,python,[JIT],0x0000f82643cfc37c
248178.0,195984,python,[JIT],0x0000fa70fbeb5d54
248178.0,195984,python,[JIT],0x0000fa70fbefb750
248178.0,195775,python,[JIT],0x0000e031bcefc2e4
248178.0,195775,python,[JIT],0x0000e031bd886348
248178.0,195719,python,[JIT],0x0000e48a9712b9c8
248178.0,195809,python,[JIT],0x0000e96f067bf028
248178.0,195809,python,[JIT],0x0000e96f067f1b2c
248178.0,195809,python,[JIT],0x0000e96f067f9a54
248178.0,195809,python,[JIT],0x0000e96f068a70e8
248178.0,195809,python,[JIT],0x0000e96f068d82bc
248178.0,195809,python,[JIT],0x0000e96f068d845c
248178.0,195843,python,[JIT],0x0000f826446ae3a8
248177.0,195984,python,[JIT],0x0000fa70fc5049d4
248177.0,195984,python,[JIT],0x0000fa70fc763974
248177.0,195984,python,[JIT],0x0000fa70fc81dd48
248177.0,195915,python,[JIT],0x0000e5957bff6918
248177.0,195915,python,[JIT],0x0000e5957c88c064
248177.0,195775,python,[JIT],0x0000e031bd50ba50
248177.0,195719,python,[JIT],0x0000e48a96ac2644
248177.0,195719,python,[JIT],0x0000e48a96acbe98
248177.0,195809,python,[JIT],0x0000e96f05f575f8
248177.0,195809,python,[JIT],0x0000e96f05f99384
248177.0,195809,python,[JIT],0x0000e96f067f1750
248177.0,195809,python,[JIT],0x0000e96f067fa5ec
248177.0,195809,python,[JIT],0x0000e96f068a3154
248177.0,195809,python,[JIT],0x0000e96f068a7924
248177.0,195809,python,[JIT],0x0000e96f068abd64
248176.0,195915,python,[JIT],0x0000e5957c84f03c
248176.0,195775,python,[JIT],0x0000e031bd4f77e0
248176.0,195775,python,[JIT],0x0000e031bd85104c
248176.0,195775,python,[JIT],0x0000e031bd85bb34
248176.0,195719,python,[kernel.kallsyms],percpu_ref_get_many
248176.0,195719,python,[JIT],0x0000e48a97431824
248176.0,195809,python,[JIT],0x0000e96f05f9a36c
248176.0,195809,python,[JIT],0x0000e96f064eb1a4
248176.0,195809,python,[JIT],0x0000e96f067f95f0
248176.0,195809,python,[JIT],0x0000e96f068a690c
248176.0,195843,python,[JIT],0x0000f82644685228
248175.0,195984,python,[JIT],0x0000fa70fc811558
248175.0,195984,python,[JIT],0x0000fa70fc84a120
248175.0,195984,python,[JIT],0x0000fa70fc81d76c
248175.0,195915,python,[JIT],0x0000e5957c4ec98c
248175.0,195775,python,[JIT],0x0000e031bd85bec4
248175.0,195719,python,[JIT],0x0000e48a9712b200
248175.0,195809,python,[JIT],0x0000e96f05f57d60
248175.0,195809,python,[JIT],0x0000e96f05f5cd48
248175.0,195809,python,[JIT],0x0000e96f067fa43c
248175.0,195809,python,[JIT],0x0000e96f068a8518
248175.0,195843,python,[JIT],0x0000f826442f99a8
248175.0,195843,python,[JIT],0x0000f82644683870
248174.0,195984,python,[JIT],0x0000fa70fc81dde8
248174.0,195775,python,[JIT],0x0000e031bd4f5dd8
248174.0,195915,python,[JIT],0x0000e5957c939668
248174.0,195719,python,[JIT],0x0000e48a9712b4cc
248174.0,195809,python,[JIT],0x0000e96f064f5094
248174.0,195809,python,[JIT],0x0000e96f067f10d4
248174.0,195809,python,[JIT],0x0000e96f068a7b48
248174.0,195809,python,[JIT],0x0000e96f068ab694
248174.0,195809,python,[JIT],0x0000e96f068d82c0
248173.0,195984,python,[JIT],0x0000fa70fc5047d4
248173.0,195984,python,[JIT],0x0000fa70fc818880
248173.0,195984,python,[JIT],0x0000fa70fc81d290
248173.0,195984,python,[JIT],0x0000fa70fc81ddfc
248173.0,195984,python,[JIT],0x0000fa70fc81d108
248173.0,195915,python,[JIT],0x0000e5957c4ec650
248173.0,195915,python,[JIT],0x0000e5957c931190
248173.0,195915,python,[JIT],0x0000e5957c931b60
248173.0,195915,python,[JIT],0x0000e5957c935f68
248173.0,195719,python,[JIT],0x0000e48a96afcd8c
248173.0,195809,python,[JIT],0x0000e96f064f5a98
248173.0,195809,python,[JIT],0x0000e96f068a3bb0
248173.0,195809,python,[JIT],0x0000e96f068ab4b4
248173.0,195809,python,[JIT],0x0000e96f068abf68
248172.0,195984,python,[JIT],0x0000fa70fc763720
248172.0,195915,python,[JIT],0x0000e5957c4eb5e8
248172.0,195775,python,[JIT],0x0000e031bd542654
248172.0,195775,python,[JIT],0x0000e031bd887054
248172.0,195809,python,[JIT],0x0000e96f05f9a2d4
248172.0,195809,python,[JIT],0x0000e96f067f155c
248172.0,195809,python,[JIT],0x0000e96f067fa174
248172.0,195809,python,[JIT],0x0000e96f068a6c28
248172.0,195809,python,[JIT],0x0000e96f068ac1dc
248172.0,195809,python,[JIT],0x0000e96f067f41d8
248172.0,195809,python,[JIT],0x0000e96f068d811c
248171.0,195984,python,[JIT],0x0000fa70fc4fb5b8
248171.0,195984,python,[JIT],0x0000fa70fc811008
248171.0,195775,python,[JIT],0x0000e031bd50b888
248171.0,195775,python,[JIT],0x0000e031bd545bc0
248171.0,195775,python,[JIT],0x0000e031bd76ebdc
248171.0,195775,python,[JIT],0x0000e031bd887400
248171.0,195809,python,[JIT],0x0000e96f05f5c1a8
248171.0,195809,python,[JIT],0x0000e96f064eb478
248171.0,195809,python,[JIT],0x0000e96f064ec02c
248171.0,195809,python,[JIT],0x0000e96f067f9420
248171.0,195809,python,[JIT],0x0000e96f068abf5c
248171.0,195809,python,[JIT],0x0000e96f068d738c
248170.0,195984,python,[JIT],0x0000fa70fc4f5820
248170.0,195984,python,[JIT],0x0000fa70fc4fb064
248170.0,195775,python,[JIT],0x0000e031bd4f64f0
248170.0,195775,python,[JIT],0x0000e031bd887068
248170.0,195915,python,python,set_bits.constprop.1
248170.0,195809,python,[JIT],0x0000e96f05ef6250
248170.0,195809,python,[JIT],0x0000e96f05f288e0
248170.0,195809,python,[JIT],0x0000e96f05f5be9c
248170.0,195809,python,[JIT],0x0000e96f064f3154
248170.0,195809,python,[JIT],0x0000e96f067f96b4
248170.0,195809,python,[JIT],0x0000e96f067f9b78
248170.0,195809,python,[JIT],0x0000e96f067f9db4
248170.0,195809,python,[JIT],0x0000e96f068a785c
248170.0,195809,python,[JIT],0x0000e96f068ab028
248170.0,195809,python,[JIT],0x0000e96f068ac9b4
248170.0,195843,python,[JIT],0x0000f826443387a8
248170.0,195809,python,[JIT],0x0000e96f068a46c0
248169.0,195915,python,[JIT],0x0000e5957c4eb684
248169.0,195775,python,[JIT],0x0000e031bd855e38
248169.0,195775,python,[JIT],0x0000e031bd545574
248169.0,195775,python,[JIT],0x0000e031bd5499c4
248169.0,195809,python,[JIT],0x0000e96f05f567bc
248169.0,195809,python,[JIT],0x0000e96f05f5b2d0
248169.0,195809,python,[JIT],0x0000e96f064f513c
248169.0,195809,python,[JIT],0x0000e96f067f1514
248169.0,195809,python,[JIT],0x0000e96f068a7274
248169.0,195809,python,[JIT],0x0000e96f068a72bc
248169.0,195809,python,[JIT],0x0000e96f068ab9f4
248169.0,195809,python,[JIT],0x0000e96f068abb90
248168.0,195984,python,[JIT],0x0000fa70fc4f5e34
248168.0,195984,python,[JIT],0x0000fa70fc5038e4
248168.0,195984,python,[JIT],0x0000fa70fc819d80
248168.0,195984,python,[JIT],0x0000fa70fc763050
248168.0,195719,python,[JIT],0x0000e48a970ebf54
248168.0,195719,python,[JIT],0x0000e48a97431bb8
248168.0,195809,python,[JIT],0x0000e96f05ef7c88
248168.0,195809,python,[JIT],0x0000e96f05f5ba54
248168.0,195809,python,[JIT],0x0000e96f064f5748
248168.0,195809,python,[JIT],0x0000e96f068a21a0
248168.0,195809,python,[JIT],0x0000e96f068a66c4
248168.0,195809,python,[JIT],0x0000e96f068a7cc0
248168.0,195843,python,[JIT],0x0000f826445d8034
248168.0,195843,python,[JIT],0x0000f826445d86e4
248167.0,195915,python,[JIT],0x0000e5957c4eca7c
248167.0,195809,python,[JIT],0x0000e96f05f5d614
248167.0,195809,python,[JIT],0x0000e96f05f99fd8
248167.0,195809,python,[JIT],0x0000e96f068a6c58
248167.0,195843,python,[JIT],0x0000f8264430f680
248166.0,195915,python,[JIT],0x0000e5957c4eb0b0
248166.0,195775,python,[JIT],0x0000e031bd54507c
248166.0,195719,python,[JIT],0x0000e48a96acbe48
248166.0,195719,python,[JIT],0x0000e48a973841d0
248166.0,195719,python,[JIT],0x0000e48a974317dc
248166.0,195809,python,[JIT],0x0000e96f05f5c180
248166.0,195809,python,[JIT],0x0000e96f05f5cb8c
248166.0,195809,python,[JIT],0x0000e96f05f98a68
248166.0,195809,python,[JIT],0x0000e96f05f9bb14
248166.0,195809,python,[JIT],0x0000e96f064f3830
248165.0,195984,python,[JIT],0x0000fa70fc8190ec
248165.0,195984,python,[JIT],0x0000fa70fc84a390
248165.0,195915,python,[JIT],0x0000e5957c84e064
248165.0,195915,python,[JIT],0x0000e5957c9397fc
248165.0,195775,python,[JIT],0x0000e031bd545770
248165.0,195775,python,[JIT],0x0000e031bd85b528
248165.0,195915,python,[JIT],0x0000e5957c93a374
248165.0,195775,python,[JIT],0x0000e031bd8550d8
248165.0,195843,python,python,_PyType_GetDict
248165.0,195809,python,[JIT],0x0000e96f05f5756c
248165.0,195809,python,[JIT],0x0000e96f05f9a47c
248165.0,195809,python,[JIT],0x0000e96f067f9478
248165.0,195809,python,[JIT],0x0000e96f067f94f8
248165.0,195809,python,[JIT],0x0000e96f067fa560
248165.0,195809,python,[JIT],0x0000e96f068a23f8
248165.0,195809,python,[JIT],0x0000e96f068ac058
248165.0,195809,python,[JIT],0x0000e96f068d67a4
248165.0,195809,python,[JIT],0x0000e96f068d8344
248165.0,195843,python,[JIT],0x0000f82644683444
248165.0,195809,python,[JIT],0x0000e96f064f5804
248164.0,195984,python,[JIT],0x0000fa70fbebdfe8
248164.0,195984,python,[JIT],0x0000fa70fc76d8d0
248164.0,195984,python,[JIT],0x0000fa70fc81ddc0
248164.0,195984,python,[JIT],0x0000fa70fc81e83c
248164.0,195915,python,[JIT],0x0000e5957bff6c90
248164.0,195775,python,[JIT],0x0000e031bd501fac
248164.0,195946,python,libc.so.6,__strlen_asimd
248164.0,195809,python,[kernel.kallsyms],el0_da
248164.0,195809,python,[JIT],0x0000e96f05f2848c
248164.0,195809,python,[JIT],0x0000e96f05f2c7ac
248164.0,195809,python,[JIT],0x0000e96f064eb0ac
248164.0,195809,python,[JIT],0x0000e96f064f5a44
248164.0,195809,python,[JIT],0x0000e96f067f1180
248164.0,195809,python,[JIT],0x0000e96f067f99e0
248164.0,195843,python,[kernel.kallsyms],handle_softirqs
248164.0,195843,python,[JIT],0x0000f826445d2150
248164.0,195843,python,[JIT],0x0000f82644683254
248163.0,195984,python,[JIT],0x0000fa70fbef47e4
248163.0,195984,python,[JIT],0x0000fa70fc8190d8
248163.0,195915,python,[JIT],0x0000e5957bf9d860
248163.0,195915,python,[JIT],0x0000e5957c525cb4
248163.0,195915,python,[JIT],0x0000e5957c93b288
248163.0,195915,python,[JIT],0x0000e5957c8826cc
248163.0,195915,python,[JIT],0x0000e5957c9313b8
248163.0,195719,python,[kernel.kallsyms],__pte_offset_map_lock
248163.0,195719,python,[JIT],0x0000e48a973883e0
248163.0,195809,python,[JIT],0x0000e96f067f1080
248163.0,195809,python,[JIT],0x0000e96f068a33e0
248163.0,195809,python,[JIT],0x0000e96f068a7434
248163.0,195809,python,[JIT],0x0000e96f068ac418
248163.0,195809,python,[JIT],0x0000e96f068acb28
248162.0,195984,python,[JIT],0x0000fa70fbef7db0
248162.0,195984,python,[JIT],0x0000fa70fc4ec0f8
248162.0,195984,python,[JIT],0x0000fa70fc504c34
248162.0,195915,python,[JIT],0x0000e5957c939e00
248162.0,195809,python,python,_PyEval_GetIter
248162.0,195809,python,[JIT],0x0000e96f05f5b79c
248162.0,195809,python,[JIT],0x0000e96f064f32b4
248162.0,195809,python,[JIT],0x0000e96f064f5784
248162.0,195809,python,[JIT],0x0000e96f068a691c
248162.0,195809,python,[JIT],0x0000e96f068abc28
248162.0,195809,python,[JIT],0x0000e96f068a2334
248161.0,195775,python,[JIT],0x0000e031bd5065d8
248161.0,195719,python,python,emit__LOAD_FAST_BORROW_1_r23
248161.0,195719,python,[JIT],0x0000e48a97383064
248161.0,195809,python,[JIT],0x0000e96f05f982c8
248161.0,195809,python,[JIT],0x0000e96f067f1b44
248161.0,195809,python,[JIT],0x0000e96f068a258c
248161.0,195809,python,[JIT],0x0000e96f068a62f0
248161.0,195809,python,[JIT],0x0000e96f068a6eac
248161.0,195843,python,[JIT],0x0000f82644372430
248161.0,195843,python,[JIT],0x0000f826446af4c0
248161.0,195843,python,[JIT],0x0000f826446b0554
248160.0,195984,python,[JIT],0x0000fa70fc50445c
248160.0,195775,python,[JIT],0x0000e031bd7a9478
248160.0,195775,python,[JIT],0x0000e031bd85b08c
248160.0,195775,python,[JIT],0x0000e031bd8857d8
248160.0,195775,python,[JIT],0x0000e031bd855604
248160.0,195719,python,[JIT],0x0000e48a9738c428
248160.0,195809,python,[JIT],0x0000e96f05f58030
248160.0,195809,python,[JIT],0x0000e96f068ac148
248159.0,195915,python,[JIT],0x0000e5957c4ec554
248159.0,195915,python,[JIT],0x0000e5957c888bac
248159.0,195915,python,[JIT],0x0000e5957c93a520
248159.0,195915,python,[JIT],0x0000e5957c965228
248159.0,195719,python,[JIT],0x0000e48a96a6bf50
248159.0,195719,python,[JIT],0x0000e48a970ed3d4
248159.0,195719,python,[JIT],0x0000e48a97388d54
248159.0,195719,python,[JIT],0x0000e48a9745e350
248159.0,195843,python,[JIT],0x0000f82644683200
248159.0,195809,python,[JIT],0x0000e96f064ecc20
248159.0,195809,python,[JIT],0x0000e96f067f15a8
248159.0,195809,python,[JIT],0x0000e96f068ac2a8
248158.0,195984,python,[JIT],0x0000fa70fc4f5854
248158.0,195984,python,[JIT],0x0000fa70fc84a548
248158.0,195984,python,python,PyDict_GetItemRef
248158.0,195915,python,[JIT],0x0000e5957c523598
248158.0,195775,python,[JIT],0x0000e031bcefc45c
248158.0,195775,python,[JIT],0x0000e031bd50c834
248158.0,195775,python,[JIT],0x0000e031bd7a1168
248158.0,195775,python,[JIT],0x0000e031bd8520dc
248158.0,195809,python,[JIT],0x0000e96f05f9926c
248158.0,195809,python,[JIT],0x0000e96f064f3194
248158.0,195809,python,[JIT],0x0000e96f067f9d1c
248158.0,195809,python,[JIT],0x0000e96f068ab118
248158.0,195809,python,[JIT],0x0000e96f068d829c
248158.0,195843,python,[JIT],0x0000f826446ae4f4
248158.0,195809,python,[JIT],0x0000e96f068ac6c8
248157.0,195984,python,[JIT],0x0000fa70fc4fb590
248157.0,195984,python,[JIT],0x0000fa70fc504cc4
248157.0,195984,python,[JIT],0x0000fa70fc81d8a0
248157.0,195984,python,[JIT],0x0000fa70fc4ffad0
248157.0,195915,python,[JIT],0x0000e5957bf9dafc
248157.0,195915,python,[JIT],0x0000e5957c4ec0b4
248157.0,195915,python,[JIT],0x0000e5957c93106c
248157.0,195946,python,[JIT],0x0000fc22a96f6d88
248157.0,195915,python,[JIT],0x0000e5957c88c254
248157.0,195843,python,[JIT],0x0000f82644375e74
248157.0,195809,python,[JIT],0x0000e96f067f9504
248157.0,195809,python,[JIT],0x0000e96f067fa128
248157.0,195843,python,[JIT],0x0000f8264430a23c
248157.0,195843,python,[JIT],0x0000f826445dd2c0
248156.0,195915,python,[JIT],0x0000e5957c4ec1b4
248156.0,195775,python,[JIT],0x0000e031bd502844
248156.0,195775,python,[JIT],0x0000e031bd76e524
248156.0,195946,python,[JIT],0x0000fc22a97a766c
248156.0,195809,python,[JIT],0x0000e96f05f27360
248156.0,195809,python,[JIT],0x0000e96f067bf05c
248156.0,195843,python,[JIT],0x0000f82644683504
248155.0,195984,python,[JIT],0x0000fa70fc849560
248155.0,195984,python,[JIT],0x0000fa70fc849d80
248155.0,195915,python,[JIT],0x0000e5957bff59cc
248155.0,195915,python,[JIT],0x0000e5957c9310a4
248155.0,195915,python,[JIT],0x0000e5957c93aa44
248155.0,195775,python,[JIT],0x0000e031bd545774
248155.0,195775,python,[JIT],0x0000e031bd85ab14
248155.0,195775,python,[JIT],0x0000e031bd7ad8cc
248155.0,195719,python,[JIT],0x0000e48a9738d308
248155.0,195719,python,[JIT],0x0000e48a9745d46c
248155.0,195809,python,[JIT],0x0000e96f05f5b470
248155.0,195809,python,[JIT],0x0000e96f064f68f0
248155.0,195809,python,[JIT],0x0000e96f067f91b4
248155.0,195809,python,[JIT],0x0000e96f067f95b8
248155.0,195843,python,[JIT],0x0000f826442fa358
248155.0,195843,python,[JIT],0x0000f8264433b144
248154.0,195915,python,[JIT],0x0000e5957bff60a8
248154.0,195915,python,[JIT],0x0000e5957c935644
248154.0,195775,python,[JIT],0x0000e031bd507acc
248154.0,195775,python,[JIT],0x0000e031bd855e0c
248154.0,195719,python,[JIT],0x0000e48a96a94298
248154.0,195809,python,[JIT],0x0000e96f05f51acc
248154.0,195809,python,[JIT],0x0000e96f067f1300
248154.0,195809,python,[JIT],0x0000e96f067fa7ec
248154.0,195809,python,[JIT],0x0000e96f068aba00
248153.0,195984,python,[JIT],0x0000fa70fc4fb498
248153.0,195984,python,[JIT],0x0000fa70fc76c6dc
248153.0,195984,python,[JIT],0x0000fa70fc76cdd8
248153.0,195984,python,[JIT],0x0000fa70fc81d1c0
248153.0,195775,python,[JIT],0x0000e031bd4f5fd0
248153.0,195775,python,[JIT],0x0000e031bd856720
248153.0,195915,python,[JIT],0x0000e5957c526054
248153.0,195719,python,[JIT],0x0000e48a96accae8
248153.0,195843,python,python,_PyObject_GC_NewVar
248153.0,195809,python,[JIT],0x0000e96f05f2c738
248153.0,195809,python,[JIT],0x0000e96f05f99334
248153.0,195809,python,[JIT],0x0000e96f064eb498
248153.0,195809,python,[JIT],0x0000e96f068a2404
248153.0,195809,python,[JIT],0x0000e96f068a24fc
248153.0,195809,python,[JIT],0x0000e96f068d8034
248152.0,195984,python,[JIT],0x0000fa70fc8187f8
248152.0,195775,python,[JIT],0x0000e031bd4f6208
248152.0,195775,python,[JIT],0x0000e031bd545504
248152.0,195809,python,[JIT],0x0000e96f05f999a8
248152.0,195809,python,[JIT],0x0000e96f068ab134
248152.0,195809,python,[JIT],0x0000e96f068d8274
248151.0,195984,python,[JIT],0x0000fa70fc8113a0
248151.0,195915,python,[JIT],0x0000e5957c93731c
248151.0,195775,python,[JIT],0x0000e031bd50b1e0
248151.0,195915,python,[JIT],0x0000e5957c9347a4
248151.0,195719,python,[JIT],0x0000e48a96a6c244
248151.0,195719,python,[JIT],0x0000e48a96a9c058
248151.0,195719,python,[JIT],0x0000e48a97431260
248151.0,195809,python,python,compactlongs_guard
248151.0,195809,python,[JIT],0x0000e96f05ef6d0c
248151.0,195809,python,[JIT],0x0000e96f05f98b9c
248151.0,195809,python,[JIT],0x0000e96f064f3218
248151.0,195809,python,[JIT],0x0000e96f068a7b40
248151.0,195809,python,[JIT],0x0000e96f068abd60
248151.0,195809,python,[JIT],0x0000e96f068ac8e4
248150.0,195984,python,[JIT],0x0000fa70fc8153c8
248150.0,195915,python,[JIT],0x0000e5957bffb65c
248150.0,195775,python,[JIT],0x0000e031bd501868
248150.0,195775,python,[JIT],0x0000e031bd542330
248150.0,195775,python,[JIT],0x0000e031bd85a180
248150.0,195775,python,[JIT],0x0000e031bd85b64c
248150.0,195809,python,[JIT],0x0000e96f067f1f74
248150.0,195809,python,[JIT],0x0000e96f068a72a4
248150.0,195809,python,[JIT],0x0000e96f068ac0e8
248149.0,195984,python,[JIT],0x0000fa70fc503540
248149.0,195984,python,[JIT],0x0000fa70fc72ef64
248149.0,195915,python,[JIT],0x0000e5957c525680
248149.0,195915,python,[JIT],0x0000e5957c965858
248149.0,195775,python,[JIT],0x0000e031bd855734
248149.0,195915,python,[JIT],0x0000e5957c9352e0
248149.0,195809,python,[JIT],0x0000e96f05f227c8
248149.0,195809,python,[JIT],0x0000e96f05f57108
248149.0,195809,python,[JIT],0x0000e96f064f3ebc
248149.0,195809,python,[JIT],0x0000e96f064f6570
248149.0,195809,python,[JIT],0x0000e96f067f9594
248149.0,195809,python,[JIT],0x0000e96f067faae0
248149.0,195809,python,[JIT],0x0000e96f068a74f0
248149.0,195809,python,[JIT],0x0000e96f068ab53c
248149.0,195809,python,[JIT],0x0000e96f068ac5dc
248149.0,195809,python,[JIT],0x0000e96f068d80b8
248148.0,195984,python,[JIT],0x0000fa70fbebd738
248148.0,195984,python,[JIT],0x0000fa70fc8125ec
248148.0,195775,python,[JIT],0x0000e031bd501578
248148.0,195775,python,[JIT],0x0000e031bd85c1d0
248148.0,195809,python,[JIT],0x0000e96f05f57924
248148.0,195809,python,[JIT],0x0000e96f064f6b4c
248147.0,195984,python,[JIT],0x0000fa70fbefb698
248147.0,195984,python,[JIT],0x0000fa70fc503338
248147.0,195984,python,[JIT],0x0000fa70fc504040
248147.0,195984,python,[JIT],0x0000fa70fc81885c
248147.0,195915,python,[JIT],0x0000e5957c935358
248147.0,195719,python,[JIT],0x0000e48a9745c1e8
248147.0,195809,python,[JIT],0x0000e96f067f94f4
248147.0,195809,python,[JIT],0x0000e96f068a6844
248147.0,195843,python,[JIT],0x0000f826443099d4
248147.0,195843,python,[JIT],0x0000f8264468459c
248146.0,195984,python,[JIT],0x0000fa70fc72e59c
248146.0,195984,python,[JIT],0x0000fa70fc763d7c
248146.0,195984,python,[JIT],0x0000fa70fc76dadc
248146.0,195915,python,[JIT],0x0000e5957c4eb63c
248146.0,195915,python,[JIT],0x0000e5957c84e32c
248146.0,195946,python,[JIT],0x0000fc22a97d472c
248146.0,195719,python,[JIT],0x0000e48a96afbb2c
248146.0,195719,python,[JIT],0x0000e48a9738b7ac
248146.0,195809,python,[JIT],0x0000e96f05f29390
248146.0,195809,python,[JIT],0x0000e96f05f5816c
248146.0,195809,python,[JIT],0x0000e96f067f92e8
248146.0,195809,python,[JIT],0x0000e96f068a76fc
248146.0,195809,python,[JIT],0x0000e96f068abb44
248146.0,195843,python,[JIT],0x0000f826445d22b8
248146.0,195843,python,[JIT],0x0000f826445dc4b0
248145.0,195984,python,[JIT],0x0000fa70fc84a00c
248145.0,195984,python,[JIT],0x0000fa70fc81d9b4
248145.0,195915,python,[JIT],0x0000e5957c939a4c
248145.0,195775,python,[JIT],0x0000e031bd7a9544
248145.0,195775,python,[JIT],0x0000e031bd8564bc
248145.0,195775,python,[JIT],0x0000e031bd885258
248145.0,195775,python,[JIT],0x0000e031bd8862fc
248145.0,195946,python,[JIT],0x0000fc22a94f4134
248145.0,195719,python,[JIT],0x0000e48a96a988d8
248145.0,195809,python,[JIT],0x0000e96f05f51f0c
248145.0,195809,python,[JIT],0x0000e96f067f702c
248145.0,195809,python,[JIT],0x0000e96f068ab124
248144.0,195984,python,[JIT],0x0000fa70fbeb86d8
248144.0,195984,python,[JIT],0x0000fa70fc76b2ec
248144.0,195915,python,[JIT],0x0000e5957c9395d4
248144.0,195719,python,[JIT],0x0000e48a9745c10c
248144.0,195809,python,[JIT],0x0000e96f05ef7dd0
248144.0,195809,python,[JIT],0x0000e96f05f98bec
248144.0,195809,python,[JIT],0x0000e96f067f7044
248143.0,195775,python,[JIT],0x0000e031bd4f538c
248143.0,195775,python,[JIT],0x0000e031bd545eb4
248143.0,195775,python,[JIT],0x0000e031bd85aecc
248143.0,195775,python,[JIT],0x0000e031bd885428
248143.0,195775,python,[JIT],0x0000e031bd85aa50
248143.0,195719,python,[JIT],0x0000e48a96afb77c
248143.0,195809,python,[JIT],0x0000e96f05f5bf78
248143.0,195809,python,[JIT],0x0000e96f064f6c78
248143.0,195809,python,[JIT],0x0000e96f068a7d00
248143.0,195809,python,[JIT],0x0000e96f068abc74
248143.0,195809,python,[JIT],0x0000e96f068acce4
248143.0,195843,python,[JIT],0x0000f826446ae610
248142.0,195984,python,[JIT],0x0000fa70fbeb5ce4
248142.0,195775,python,[JIT],0x0000e031bd85a5ec
248142.0,195946,python,[JIT],0x0000fc22a97d4528
248142.0,195719,python,[JIT],0x0000e48a96ac41d8
248142.0,195719,python,[JIT],0x0000e48a96acbe54
248142.0,195719,python,[JIT],0x0000e48a96af35cc
248142.0,195719,python,[JIT],0x0000e48a970ed1b8
248142.0,195809,python,[JIT],0x0000e96f05f99d8c
248142.0,195809,python,[JIT],0x0000e96f064f5058
248142.0,195809,python,[JIT],0x0000e96f068a3c1c
248142.0,195809,python,[JIT],0x0000e96f068acc7c
248142.0,195809,python,[JIT],0x0000e96f068a6650
248141.0,195915,python,[JIT],0x0000e5957c8871dc
248141.0,195915,python,[JIT],0x0000e5957c9665bc
248141.0,195719,python,[JIT],0x0000e48a96acc188
248141.0,195809,python,[JIT],0x0000e96f068a2058
248141.0,195809,python,[JIT],0x0000e96f068a6a58
248141.0,195809,python,[JIT],0x0000e96f068ab4c4
248141.0,195843,python,[JIT],0x0000f826446838ac
248140.0,195775,python,[JIT],0x0000e031bd50c298
248140.0,195775,python,[JIT],0x0000e031bd7a805c
248140.0,195775,python,[JIT],0x0000e031bd7a95cc
248140.0,195775,python,[JIT],0x0000e031bd7a9ec8
248140.0,195946,python,[JIT],0x0000fc22a97a2fc4
248140.0,195719,python,[JIT],0x0000e48a96a92334
248140.0,195719,python,[JIT],0x0000e48a9712ba28
248140.0,195809,python,[JIT],0x0000e96f05ef6f50
248140.0,195809,python,[JIT],0x0000e96f05f5cd1c
248140.0,195809,python,[JIT],0x0000e96f05f98ab8
248140.0,195809,python,[JIT],0x0000e96f064f5678
248140.0,195809,python,[JIT],0x0000e96f068a230c
248140.0,195809,python,[JIT],0x0000e96f068a7c04
248140.0,195809,python,[JIT],0x0000e96f068ab4a8
248140.0,195843,python,[JIT],0x0000f826442f8374
248139.0,195984,python,[JIT],0x0000fa70fc503358
248139.0,195915,python,[JIT],0x0000e5957c9661a0
248139.0,195843,python,[JIT],0x0000f826445db214
248139.0,195809,python,[JIT],0x0000e96f064f50f8
248139.0,195809,python,[JIT],0x0000e96f067f1610
248139.0,195809,python,[JIT],0x0000e96f068a2168
248139.0,195809,python,[JIT],0x0000e96f068a221c
248139.0,195809,python,[JIT],0x0000e96f068abaf8
248139.0,195809,python,[JIT],0x0000e96f068ac0a0
248139.0,195843,python,[JIT],0x0000f826442f34b0
248139.0,195843,python,[JIT],0x0000f8264430f118
248138.0,195984,python,[JIT],0x0000fa70fc811030
248138.0,195915,python,[JIT],0x0000e5957bfc82e0
248138.0,195915,python,[JIT],0x0000e5957c9641bc
248138.0,195809,python,[JIT],0x0000e96f05f5a230
248138.0,195809,python,[JIT],0x0000e96f068a11d8
248138.0,195809,python,[JIT],0x0000e96f068a7fa4
248138.0,195843,python,[JIT],0x0000f8264430af0c
248138.0,195843,python,[JIT],0x0000f8264433b698
248138.0,195809,python,[JIT],0x0000e96f067fa8f8
248137.0,195984,python,[JIT],0x0000fa70fc848808
248137.0,195775,python,[JIT],0x0000e031bd549ea0
248137.0,195775,python,[JIT],0x0000e031bd855208
248137.0,195809,python,[JIT],0x0000e96f05f57550
248137.0,195809,python,[JIT],0x0000e96f05f98900
248137.0,195809,python,[JIT],0x0000e96f064f6bfc
248137.0,195843,python,[JIT],0x0000f826445db378
248137.0,195843,python,[JIT],0x0000f826446af418
248136.0,195719,python,[JIT],0x0000e48a96acc088
248136.0,195719,python,[JIT],0x0000e48a96afbcc4
248136.0,195719,python,[JIT],0x0000e48a97385538
248136.0,195809,python,[JIT],0x0000e96f067f96c0
248136.0,195809,python,[JIT],0x0000e96f068a3ff4
248136.0,195809,python,[JIT],0x0000e96f068a72e8
248136.0,195809,python,[JIT],0x0000e96f068a7850
248136.0,195809,python,[JIT],0x0000e96f068a9328
248136.0,195809,python,[JIT],0x0000e96f068d849c
248135.0,195719,python,[JIT],0x0000e48a97432a18
248135.0,195809,python,[JIT],0x0000e96f064eb654
248135.0,195809,python,[JIT],0x0000e96f064f5d10
248135.0,195809,python,[JIT],0x0000e96f064f6a78
248135.0,195809,python,[JIT],0x0000e96f068a4550
248135.0,195843,python,[JIT],0x0000f826445d29f0
248134.0,195984,python,[JIT],0x0000fa70fc504370
248134.0,195984,python,[JIT],0x0000fa70fc818084
248134.0,195775,python,[JIT],0x0000e031bd8511a0
248134.0,195809,python,[JIT],0x0000e96f05f5542c
248134.0,195809,python,[JIT],0x0000e96f068a6624
248134.0,195809,python,[JIT],0x0000e96f068ac11c
248134.0,195843,python,[JIT],0x0000f826446ae590
248134.0,195809,python,[JIT],0x0000e96f067f77c4
248134.0,195809,python,[JIT],0x0000e96f068a86c0
248133.0,195984,python,[JIT],0x0000fa70fc4f5460
248133.0,195775,python,[JIT],0x0000e031bd502478
248133.0,195719,python,[JIT],0x0000e48a973881d4
248133.0,195809,python,[JIT],0x0000e96f05f57b6c
248133.0,195809,python,[JIT],0x0000e96f05f98350
248133.0,195809,python,[JIT],0x0000e96f068ab9b4
248133.0,195843,python,[JIT],0x0000f826445db42c
248132.0,195915,python,[JIT],0x0000e5957bf6d0c4
248132.0,195915,python,[JIT],0x0000e5957c9316b0
248132.0,195775,python,[JIT],0x0000e031bd5458a4
248132.0,195719,python,[JIT],0x0000e48a96a986c8
248132.0,195719,python,[JIT],0x0000e48a9712b704
248132.0,195719,python,[JIT],0x0000e48a973841dc
248132.0,195809,python,[JIT],0x0000e96f05f992c0
248132.0,195809,python,[JIT],0x0000e96f064f3608
248132.0,195809,python,[JIT],0x0000e96f067fa18c
248132.0,195809,python,[JIT],0x0000e96f068ab35c
248131.0,195809,python,[JIT],0x0000e96f05f235b4
248131.0,195809,python,[JIT],0x0000e96f05f58364
248131.0,195809,python,[JIT],0x0000e96f064eb4b4
248131.0,195809,python,[JIT],0x0000e96f067f1148
248131.0,195809,python,[JIT],0x0000e96f068ab094
248131.0,195843,python,[JIT],0x0000f826445d1da0
248130.0,195984,python,[JIT],0x0000fa70fc76c1e0
248130.0,195915,python,[JIT],0x0000e5957c888518
248130.0,195915,python,[JIT],0x0000e5957c93207c
248130.0,195809,python,[JIT],0x0000e96f068a6444
248130.0,195843,python,[JIT],0x0000f82644683348
248129.0,195809,python,[JIT],0x0000e96f064f5498
248129.0,195809,python,[JIT],0x0000e96f067f1854
248129.0,195809,python,[JIT],0x0000e96f067f94b0
248129.0,195843,python,[JIT],0x0000f8264430af40
248129.0,195843,python,[JIT],0x0000f8264430afd4
248129.0,195843,python,[JIT],0x0000f8264430b490
248128.0,195984,python,[JIT],0x0000fa70fc5046e0
248128.0,195984,python,[JIT],0x0000fa70fc819a74
248128.0,195915,python,[JIT],0x0000e5957bff5d4c
248128.0,195915,python,[JIT],0x0000e5957c93a7a4
248128.0,195775,python,[JIT],0x0000e031bd85aae0
248128.0,195775,python,[JIT],0x0000e031bd85ae50
248128.0,195719,python,[JIT],0x0000e48a97432878
248128.0,195719,python,[JIT],0x0000e48a974330a4
248128.0,195809,python,[JIT],0x0000e96f05f22d5c
248128.0,195809,python,[JIT],0x0000e96f05f2c348
248128.0,195809,python,[JIT],0x0000e96f05f515c4
248128.0,195809,python,[JIT],0x0000e96f05f991bc
248128.0,195809,python,[JIT],0x0000e96f067f191c
248128.0,195809,python,[JIT],0x0000e96f068a6370
248128.0,195843,python,[JIT],0x0000f82644309d94
248127.0,195915,python,[JIT],0x0000e5957c935b8c
248127.0,195719,python,[JIT],0x0000e48a97123730
248127.0,195719,python,[JIT],0x0000e48a9712b3a0
248127.0,195809,python,[JIT],0x0000e96f05f99f30
248127.0,195809,python,[JIT],0x0000e96f067f146c
248127.0,195809,python,[JIT],0x0000e96f068a32bc
248126.0,195984,python,[JIT],0x0000fa70fc819320
248126.0,195809,python,[JIT],0x0000e96f068a4214
248126.0,195809,python,[JIT],0x0000e96f068a6ec0
248126.0,195809,python,[JIT],0x0000e96f068ab730
248126.0,195809,python,[JIT],0x0000e96f068d8124
248126.0,195843,python,[JIT],0x0000f826445d2138
248126.0,195843,python,[JIT],0x0000f826445db0f8
248125.0,195984,python,[JIT],0x0000fa70fc812168
248125.0,195809,python,[JIT],0x0000e96f05f2c58c
248125.0,195809,python,[JIT],0x0000e96f068a67a8
248125.0,195809,python,[JIT],0x0000e96f068ab6f0
248125.0,195843,python,[JIT],0x0000f8264433c814
248125.0,195843,python,[JIT],0x0000f826445db028
248125.0,195843,python,[JIT],0x0000f826445dc9b0
248124.0,195984,python,[JIT],0x0000fa70fc81ea70
248124.0,195984,python,[JIT],0x0000fa70fc81edc8
248124.0,195775,python,python,PyObject_GetIter
248124.0,195809,python,[JIT],0x0000e96f05f51cf4
248124.0,195809,python,[JIT],0x0000e96f067bf060
248124.0,195809,python,[JIT],0x0000e96f068a7db8
248124.0,195809,python,[JIT],0x0000e96f068ab42c
248123.0,195719,python,[JIT],0x0000e48a9745d470
248123.0,195809,python,[JIT],0x0000e96f068a7050
248123.0,195809,python,[JIT],0x0000e96f068ac320
248123.0,195809,python,[JIT],0x0000e96f068acb6c
248123.0,195843,python,[JIT],0x0000f8264433b704
248122.0,195984,python,[JIT],0x0000fa70fc763778
248122.0,195984,python,[JIT],0x0000fa70fc818bc4
248122.0,195984,python,[JIT],0x0000fa70fc81d104
248122.0,195809,python,[JIT],0x0000e96f064f7210
248122.0,195809,python,[JIT],0x0000e96f068ab590
248122.0,195809,python,[JIT],0x0000e96f068ad3b8
248122.0,195809,python,[JIT],0x0000e96f068d7540
248122.0,195843,python,[JIT],0x0000f826445d1e58
248121.0,195984,python,[JIT],0x0000fa70fc81eb28
248121.0,195915,python,[JIT],0x0000e5957c93ac58
248121.0,195775,python,[JIT],0x0000e031bcef28ec
248121.0,195775,python,[JIT],0x0000e031bd50bca4
248121.0,195775,python,[JIT],0x0000e031bd85c1cc
248121.0,195719,python,[JIT],0x0000e48a96acb3dc
248121.0,195719,python,[JIT],0x0000e48a9738c120
248121.0,195809,python,[JIT],0x0000e96f05f5627c
248121.0,195809,python,[JIT],0x0000e96f064eb140
248121.0,195809,python,[JIT],0x0000e96f067f1164
248121.0,195809,python,[JIT],0x0000e96f067f92ec
248121.0,195809,python,[JIT],0x0000e96f067f9a98
248121.0,195809,python,[JIT],0x0000e96f068d7770
248120.0,195984,python,[JIT],0x0000fa70fc504118
248120.0,195775,python,[JIT],0x0000e031bd4f0524
248120.0,195809,python,[JIT],0x0000e96f067f9e48
248120.0,195843,python,[JIT],0x0000f826445dc778
248119.0,195984,python,[JIT],0x0000fa70fc762030
248119.0,195984,python,[JIT],0x0000fa70fc8150cc
248119.0,195775,python,[JIT],0x0000e031bd4fc1c4
248119.0,195775,python,[JIT],0x0000e031bd85a9ac
248119.0,195809,python,[JIT],0x0000e96f068d81bc
248119.0,195843,python,[JIT],0x0000f826442f3aa4
248119.0,195843,python,[JIT],0x0000f826445d8080
248119.0,195843,python,[JIT],0x0000f82644684b20
248118.0,195984,python,[JIT],0x0000fa70fc503568
248118.0,195984,python,[JIT],0x0000fa70fc5047c8
248118.0,195775,python,[JIT],0x0000e031bd50b13c
248118.0,195719,python,[JIT],0x0000e48a96acb868
248118.0,195809,python,python,optimize_uops.isra.0
248118.0,195809,python,[JIT],0x0000e96f05f9888c
248118.0,195809,python,[JIT],0x0000e96f067be088
248118.0,195809,python,[JIT],0x0000e96f068a6b70
248118.0,195809,python,[JIT],0x0000e96f068ab648
248118.0,195809,python,[JIT],0x0000e96f068abee8
248118.0,195843,python,[JIT],0x0000f8264430ab5c
248117.0,195984,python,[JIT],0x0000fa70fc76ce30
248117.0,195984,python,[JIT],0x0000fa70fc8151d4
248117.0,195984,python,[JIT],0x0000fa70fc81d758
248117.0,195915,python,[JIT],0x0000e5957bff6ca8
248117.0,195946,python,[JIT],0x0000fc22a97a7a48
248117.0,195809,python,[JIT],0x0000e96f05f2f398
248117.0,195843,python,[JIT],0x0000f826442ff488
248117.0,195843,python,[JIT],0x0000f826445d8368
248116.0,195984,python,[JIT],0x0000fa70fc4f7104
248116.0,195915,python,[JIT],0x0000e5957c8887fc
248116.0,195775,python,[JIT],0x0000e031bd502068
248116.0,195809,python,[JIT],0x0000e96f05f56ad4
248116.0,195809,python,[JIT],0x0000e96f05f99990
248116.0,195809,python,[JIT],0x0000e96f068a637c
248116.0,195809,python,[JIT],0x0000e96f068a7624
248116.0,195809,python,[JIT],0x0000e96f068ac00c
248115.0,195984,python,[JIT],0x0000fa70fc818074
248115.0,195984,python,[JIT],0x0000fa70fc8180cc
248115.0,195915,python,[JIT],0x0000e5957c93a668
248115.0,195915,python,[JIT],0x0000e5957c965218
248115.0,195946,python,[JIT],0x0000fc22a97d3138
248115.0,195775,python,[JIT],0x0000e031bd7aa5f0
248115.0,195719,python,[JIT],0x0000e48a96afc2d0
248115.0,195809,python,[JIT],0x0000e96f068ab05c
248115.0,195809,python,[JIT],0x0000e96f068abae8
248115.0,195843,python,[JIT],0x0000f82644683030
248114.0,195984,python,[JIT],0x0000fa70fc81d124
248114.0,195775,python,[JIT],0x0000e031bd545cd8
248114.0,195915,python,python,initialize_locals
248114.0,195809,python,[JIT],0x0000e96f05f9a144
248114.0,195809,python,[JIT],0x0000e96f064eb254
248114.0,195809,python,[JIT],0x0000e96f067f12a0
248114.0,195809,python,[JIT],0x0000e96f068d81a8
248114.0,195843,python,[JIT],0x0000f82644683a70
248113.0,195984,python,[JIT],0x0000fa70fc8493f4
248113.0,195775,python,[JIT],0x0000e031bd4ee61c
248113.0,195775,python,[JIT],0x0000e031bd4f0a50
248113.0,195719,python,[JIT],0x0000e48a9738c928
248113.0,195809,python,[JIT],0x0000e96f05f98a2c
248113.0,195809,python,[JIT],0x0000e96f067f16d4
248113.0,195809,python,[JIT],0x0000e96f068a2424
248113.0,195843,python,[JIT],0x0000f826442f456c
248113.0,195843,python,[JIT],0x0000f8264468335c
248113.0,195809,python,[JIT],0x0000e96f068da110
248112.0,195984,python,[JIT],0x0000fa70fc76c088
248112.0,195915,python,[JIT],0x0000e5957c931580
248112.0,195915,python,[JIT],0x0000e5957c93a610
248112.0,195775,python,[JIT],0x0000e031bd85a45c
248112.0,195809,python,[JIT],0x0000e96f068a320c
248112.0,195809,python,[JIT],0x0000e96f068ab870
248111.0,195984,python,[JIT],0x0000fa70fc72ea18
248111.0,195775,python,[JIT],0x0000e031bd85c588
248111.0,195719,python,[JIT],0x0000e48a96a9b528
248111.0,195719,python,[JIT],0x0000e48a96acbed0
248111.0,195809,python,[JIT],0x0000e96f05f52170
248111.0,195809,python,[JIT],0x0000e96f05f57d28
248111.0,195809,python,[JIT],0x0000e96f067f9cac
248110.0,195984,python,[JIT],0x0000fa70fc4f72d8
248110.0,195984,python,[JIT],0x0000fa70fc76c260
248110.0,195984,python,[JIT],0x0000fa70fc81d52c
248110.0,195915,python,[JIT],0x0000e5957bff1178
248110.0,195915,python,[JIT],0x0000e5957c965688
248110.0,195775,python,[JIT],0x0000e031bd7aa444
248110.0,195775,python,[JIT],0x0000e031bd855bfc
248110.0,195775,python,[JIT],0x0000e031bd85aa9c
248110.0,195719,python,[JIT],0x0000e48a970ed178
248110.0,195809,python,[JIT],0x0000e96f05f99bcc
248110.0,195809,python,[JIT],0x0000e96f064f6cfc
248110.0,195809,python,[JIT],0x0000e96f067bf084
248109.0,195775,python,[JIT],0x0000e031bd855354
248109.0,195809,python,[JIT],0x0000e96f05f9944c
248109.0,195809,python,[JIT],0x0000e96f067f13d4
248109.0,195843,python,[JIT],0x0000f826445d8e28
248108.0,195984,python,[kernel.kallsyms],up_write
248108.0,195915,python,[JIT],0x0000e5957bfc8bec
248108.0,195915,python,[JIT],0x0000e5957c523e34
248108.0,195719,python,[JIT],0x0000e48a970ed6b0
248108.0,195809,python,[JIT],0x0000e96f05f524d4
248108.0,195809,python,[JIT],0x0000e96f067f16a4
248108.0,195809,python,[JIT],0x0000e96f067f1f40
248107.0,195984,python,[JIT],0x0000fa70fc849634
248107.0,195984,python,[JIT],0x0000fa70fc84a358
248107.0,195915,python,[JIT],0x0000e5957c9393c0
248107.0,195843,python,[JIT],0x0000f826446af3b4
248106.0,195984,python,[JIT],0x0000fa70fc84a38c
248106.0,195915,python,[JIT],0x0000e5957c52588c
248106.0,195915,python,[JIT],0x0000e5957c934494
248106.0,195775,python,[JIT],0x0000e031bd856c54
248106.0,195809,python,[JIT],0x0000e96f05f2d654
248106.0,195809,python,[JIT],0x0000e96f064ebcbc
248106.0,195809,python,[JIT],0x0000e96f064f3e0c
248106.0,195809,python,[JIT],0x0000e96f067f2048
248106.0,195809,python,[JIT],0x0000e96f068a687c
248106.0,195809,python,[JIT],0x0000e96f068aceb8
248106.0,195843,python,[JIT],0x0000f826442f067c
248105.0,195984,python,[JIT],0x0000fa70fc76936c
248105.0,195915,python,[JIT],0x0000e5957c9354e8
248105.0,195775,python,[JIT],0x0000e031bd501340
248105.0,195775,python,[JIT],0x0000e031bd855ba4
248105.0,195775,python,[JIT],0x0000e031bd8575b4
248105.0,195719,python,[JIT],0x0000e48a9738b768
248105.0,195809,python,[JIT],0x0000e96f064f5f4c
248105.0,195809,python,[JIT],0x0000e96f064f6d38
248105.0,195843,python,[JIT],0x0000f826442f74bc
248104.0,195915,python,[JIT],0x0000e5957c9362c0
248104.0,195775,python,[JIT],0x0000e031bd857440
248104.0,195719,python,[JIT],0x0000e48a96ac4060
248104.0,195809,python,[JIT],0x0000e96f067fa110
248104.0,195809,python,[JIT],0x0000e96f068abffc
248103.0,195984,python,[JIT],0x0000fa70fc4ed1b0
248103.0,195984,python,[JIT],0x0000fa70fc81dc90
248103.0,195719,python,[JIT],0x0000e48a974331dc
248103.0,195809,python,[JIT],0x0000e96f068a737c
248103.0,195809,python,[JIT],0x0000e96f068d821c
248102.0,195719,python,[JIT],0x0000e48a96afc8e0
248102.0,195809,python,[JIT],0x0000e96f067fa5c4
248102.0,195809,python,[JIT],0x0000e96f067fa6a8
248102.0,195809,python,[JIT],0x0000e96f068acbfc
248102.0,195809,python,[JIT],0x0000e96f068d7820
248101.0,195915,python,[JIT],0x0000e5957bff5f08
248101.0,195809,python,[JIT],0x0000e96f068a6f94
248101.0,195843,python,[JIT],0x0000f826446af2e4
248100.0,195984,python,[JIT],0x0000fa70fc76b1fc
248100.0,195915,python,[JIT],0x0000e5957bf92498
248100.0,195915,python,[JIT],0x0000e5957c939f68
248100.0,195775,python,[JIT],0x0000e031bd4f51d0
248100.0,195809,python,[JIT],0x0000e96f05f56ec8
248100.0,195809,python,[JIT],0x0000e96f068a85a8
248099.0,195775,python,[JIT],0x0000e031bd502468
248099.0,195809,python,[JIT],0x0000e96f068a634c
248098.0,195984,python,[JIT],0x0000fa70fc81e1e0
248098.0,195719,python,[JIT],0x0000e48a9745c43c
248098.0,195809,python,[JIT],0x0000e96f05f2d37c
248098.0,195809,python,[JIT],0x0000e96f067f9260
248098.0,195843,python,[JIT],0x0000f8264433b254
248097.0,195984,python,[JIT],0x0000fa70fc818d90
248097.0,195984,python,[JIT],0x0000fa70fc819fc4
248097.0,195775,python,[JIT],0x0000e031bd7aa2a8
248097.0,195775,python,[JIT],0x0000e031bd85b07c
248097.0,195775,python,[JIT],0x0000e031bd887118
248097.0,195719,python,[JIT],0x0000e48a974314f0
248097.0,195809,python,[JIT],0x0000e96f064f6098
248097.0,195809,python,[JIT],0x0000e96f067f9f58
248096.0,195775,python,[JIT],0x0000e031bd852b80
248096.0,195809,python,[JIT],0x0000e96f064f52a4
248095.0,195984,python,[JIT],0x0000fa70fbebe168
248095.0,195984,python,[JIT],0x0000fa70fc818e34
248095.0,195915,python,[JIT],0x0000e5957c934088
248095.0,195915,python,[JIT],0x0000e5957c939a44
248095.0,195915,python,[JIT],0x0000e5957c93a828
248095.0,195775,python,[JIT],0x0000e031bd8559bc
248095.0,195775,python,[JIT],0x0000e031bd85ab90
248095.0,195843,python,[JIT],0x0000f826445d8ba0
248095.0,195809,python,[JIT],0x0000e96f068d743c
248094.0,195915,python,[JIT],0x0000e5957c84e518
248094.0,195915,python,[JIT],0x0000e5957c93b1dc
248094.0,195775,python,[JIT],0x0000e031bd85b4b4
248094.0,195775,python,[JIT],0x0000e031bd8873c8
248094.0,195719,python,python,_PyThreadState_PushFrame
248094.0,195719,python,[JIT],0x0000e48a96acc630
248094.0,195809,python,[JIT],0x0000e96f067f176c
248094.0,195809,python,[JIT],0x0000e96f068a1224
248094.0,195809,python,[JIT],0x0000e96f068a7574
248094.0,195809,python,[JIT],0x0000e96f068d6388
248094.0,195809,python,[JIT],0x0000e96f068d63b0
248094.0,195843,python,[JIT],0x0000f8264433b524
248094.0,195843,python,[JIT],0x0000f8264433c67c
248093.0,195719,python,[JIT],0x0000e48a9745e550
248093.0,195809,python,[JIT],0x0000e96f064f355c
248093.0,195809,python,[JIT],0x0000e96f064f6550
248093.0,195843,python,[JIT],0x0000f82644336a34
248092.0,195984,python,[JIT],0x0000fa70fc81de74
248092.0,195915,python,[JIT],0x0000e5957c4ebe84
248092.0,195775,python,[JIT],0x0000e031bd85bcd8
248092.0,195719,python,[JIT],0x0000e48a9738429c
248092.0,195719,python,[JIT],0x0000e48a9738bf34
248092.0,195809,python,[JIT],0x0000e96f064f5584
248092.0,195809,python,[JIT],0x0000e96f068ab78c
248092.0,195809,python,[JIT],0x0000e96f068d810c
248091.0,195915,python,[JIT],0x0000e5957c84f200
248091.0,195915,python,[JIT],0x0000e5957c934084
248091.0,195809,python,[JIT],0x0000e96f064f502c
248091.0,195809,python,[JIT],0x0000e96f067fabd4
248091.0,195809,python,[JIT],0x0000e96f068aba48
248091.0,195843,python,[JIT],0x0000f826443388c8
248090.0,195915,python,[JIT],0x0000e5957c52125c
248090.0,195809,python,[JIT],0x0000e96f05f512cc
248089.0,195843,python,[JIT],0x0000f826445dd6d0
248089.0,195809,python,[JIT],0x0000e96f068d755c
248088.0,195915,python,[JIT],0x0000e5957bf9a158
248088.0,195775,python,[JIT],0x0000e031bd855740
248088.0,195719,python,[JIT],0x0000e48a9738352c
248088.0,195809,python,[JIT],0x0000e96f068a6650
248088.0,195809,python,[JIT],0x0000e96f068d8278
248087.0,195775,python,[JIT],0x0000e031bd545860
248087.0,195775,python,[JIT],0x0000e031bd7a94fc
248087.0,195775,python,[JIT],0x0000e031bd85a260
248087.0,195809,python,[JIT],0x0000e96f064f5db4
248087.0,195809,python,[JIT],0x0000e96f068a7d80
248087.0,195843,python,[JIT],0x0000f826442f82cc
248086.0,195915,python,[JIT],0x0000e5957bff6d00
248086.0,195809,python,[JIT],0x0000e96f05f98ed0
248086.0,195843,python,[JIT],0x0000f8264433b410
248085.0,195984,python,[JIT],0x0000fa70fc84a27c
248085.0,195775,python,[JIT],0x0000e031bd7aa5b8
248085.0,195775,python,[JIT],0x0000e031bd85210c
248085.0,195719,python,[JIT],0x0000e48a9738d6bc
248085.0,195809,python,[JIT],0x0000e96f067f2074
248085.0,195809,python,[JIT],0x0000e96f068ab0e0
248085.0,195843,python,[JIT],0x0000f826445d2044
248084.0,195719,python,[JIT],0x0000e48a9712a4b8
248084.0,195719,python,[JIT],0x0000e48a97384580
248084.0,195809,python,[JIT],0x0000e96f064f3600
248084.0,195809,python,[JIT],0x0000e96f068d8140
248084.0,195843,python,[JIT],0x0000f826443388bc
248083.0,195984,python,[JIT],0x0000fa70fc81989c
248083.0,195984,python,[JIT],0x0000fa70fc81dfdc
248083.0,195843,python,[JIT],0x0000f8264468377c
248083.0,195809,python,[JIT],0x0000e96f05f98450
248083.0,195809,python,[JIT],0x0000e96f064f6138
248082.0,195984,python,[JIT],0x0000fa70fc815da8
248082.0,195915,python,[JIT],0x0000e5957c935274
248082.0,195775,python,[JIT],0x0000e031bd851408
248082.0,195775,python,[JIT],0x0000e031bd856684
248082.0,195809,python,[JIT],0x0000e96f067f1b00
248082.0,195809,python,[JIT],0x0000e96f068a3044
248082.0,195809,python,[JIT],0x0000e96f068a6574
248082.0,195809,python,[JIT],0x0000e96f068a6c10
248082.0,195809,python,[JIT],0x0000e96f068a35c0
248081.0,195915,python,[JIT],0x0000e5957c52554c
248081.0,195915,python,[JIT],0x0000e5957c934adc
248081.0,195775,python,[JIT],0x0000e031bd7a95d4
248081.0,195775,python,[JIT],0x0000e031bd7aa6f4
248081.0,195719,python,[JIT],0x0000e48a9712b314
248081.0,195809,python,[JIT],0x0000e96f067f930c
248081.0,195809,python,[JIT],0x0000e96f068a46ac
248080.0,195984,python,[JIT],0x0000fa70fc504c6c
248080.0,195984,python,[JIT],0x0000fa70fc81d6e4
248080.0,195984,python,[JIT],0x0000fa70fc81e394
248080.0,195984,python,[JIT],0x0000fa70fc84a4fc
248080.0,195915,python,[JIT],0x0000e5957c4ecc00
248080.0,195719,python,[JIT],0x0000e48a9745c1f8
248080.0,195809,python,[JIT],0x0000e96f05f9a400
248080.0,195809,python,[JIT],0x0000e96f064f3714
248080.0,195809,python,[JIT],0x0000e96f068d7224
248080.0,195843,python,[JIT],0x0000f8264433cb64
248080.0,195843,python,[JIT],0x0000f826446834f8
248079.0,195915,python,[JIT],0x0000e5957bfc7168
248078.0,195984,python,[JIT],0x0000fa70fc72e06c
248078.0,195984,python,[JIT],0x0000fa70fc81de78
248078.0,195984,python,python,_Py_Specialize_LoadAttr
248078.0,195775,python,[JIT],0x0000e031bd85c8b4
248078.0,195915,python,[JIT],0x0000e5957c93a578
248078.0,195719,python,[JIT],0x0000e48a970eddd4
248078.0,195809,python,[JIT],0x0000e96f05f99a68
248078.0,195809,python,[JIT],0x0000e96f067f9388
248078.0,195809,python,[JIT],0x0000e96f068a3f60
248077.0,195915,python,[JIT],0x0000e5957c4ebb08
248077.0,195915,python,[JIT],0x0000e5957c966128
248077.0,195809,python,[JIT],0x0000e96f068a7ff4
248076.0,195915,python,[JIT],0x0000e5957c88c0b4
248076.0,195719,python,[JIT],0x0000e48a9738cb84
248076.0,195809,python,[JIT],0x0000e96f067f1da0
248076.0,195809,python,[JIT],0x0000e96f068a9ac8
248076.0,195843,python,[JIT],0x0000f826445db160
248075.0,195984,python,[JIT],0x0000fa70fc763bc8
248075.0,195775,python,[JIT],0x0000e031bd76e7b0
248075.0,195719,python,[JIT],0x0000e48a970edb44
248075.0,195809,python,[JIT],0x0000e96f068ac070
248074.0,195984,python,[JIT],0x0000fa70fc76b000
248074.0,195915,python,[JIT],0x0000e5957bfc2088
248074.0,195915,python,[JIT],0x0000e5957c84e208
248074.0,195775,python,[JIT],0x0000e031bd855dcc
248074.0,195915,python,[JIT],0x0000e5957c931628
248074.0,195809,python,[JIT],0x0000e96f067f9ed4
248073.0,195984,python,[JIT],0x0000fa70fc818f6c
248073.0,195775,python,[JIT],0x0000e031bd50213c
248073.0,195809,python,[JIT],0x0000e96f067f1810
248073.0,195809,python,[JIT],0x0000e96f068a6b64
248073.0,195843,python,[JIT],0x0000f8264430a684
248073.0,195843,python,[JIT],0x0000f826445d233c
248072.0,195719,python,[JIT],0x0000e48a9738c7d0
248071.0,195719,python,[JIT],0x0000e48a96afbec0
248071.0,195719,python,[JIT],0x0000e48a970ed8f8
248071.0,195719,python,[JIT],0x0000e48a9712ac68
248071.0,195809,python,[JIT],0x0000e96f068a6890
248071.0,195809,python,[JIT],0x0000e96f068a6ca4
248071.0,195843,python,[JIT],0x0000f826442f9860
248071.0,195843,python,[JIT],0x0000f826445dc67c
248070.0,195775,python,[JIT],0x0000e031bd501848
248070.0,195809,python,[JIT],0x0000e96f067f121c
248070.0,195843,python,[JIT],0x0000f826442ef60c
248070.0,195843,python,[JIT],0x0000f82644683db4
248069.0,195809,python,[kernel.kallsyms],arch_local_irq_restore
248068.0,195984,python,[JIT],0x0000fa70fc81e4a4
248068.0,195984,python,[JIT],0x0000fa70fc81e8f0
248068.0,195915,python,[JIT],0x0000e5957c931090
248068.0,195809,python,[JIT],0x0000e96f05f2cbb8
248068.0,195843,python,[JIT],0x0000f826446834bc
248067.0,195984,python,[JIT],0x0000fa70fc81121c
248067.0,195775,python,[JIT],0x0000e031bcefd080
248067.0,195809,python,[JIT],0x0000e96f068a30f8
248067.0,195809,python,[JIT],0x0000e96f068a68b4
248067.0,195809,python,[JIT],0x0000e96f068d6204
248066.0,195775,python,[JIT],0x0000e031bd502014
248066.0,195719,python,[JIT],0x0000e48a970eb5ec
248066.0,195843,python,[JIT],0x0000f8264430f16c
248065.0,195719,python,[JIT],0x0000e48a9712a3c0
248065.0,195719,python,[JIT],0x0000e48a973840b4
248065.0,195809,python,[JIT],0x0000e96f064f5198
248064.0,195984,python,[JIT],0x0000fa70fc4f5008
248064.0,195719,python,[JIT],0x0000e48a97432008
248064.0,195843,python,[JIT],0x0000f826442f25d4
248063.0,195984,python,[JIT],0x0000fa70fc8190a0
248063.0,195915,python,[JIT],0x0000e5957bff5980
248063.0,195915,python,[JIT],0x0000e5957c523438
248063.0,195775,python,[JIT],0x0000e031bd7ad57c
248063.0,195809,python,[JIT],0x0000e96f068ac330
248062.0,195984,python,[JIT],0x0000fa70fc7632a0
248062.0,195984,python,[JIT],0x0000fa70fc763800
248062.0,195719,python,[JIT],0x0000e48a9738bc0c
248062.0,195809,python,[JIT],0x0000e96f05f9955c
248062.0,195809,python,[JIT],0x0000e96f068a60e0
248061.0,195984,python,[JIT],0x0000fa70fbeb9818
248061.0,195984,python,[JIT],0x0000fa70fc5033ac
248061.0,195775,python,[JIT],0x0000e031bd7a9cb0
248061.0,195809,python,[JIT],0x0000e96f068a6074
248061.0,195843,python,[JIT],0x0000f82644309820
248060.0,195984,python,[JIT],0x0000fa70fbeb3050
248060.0,195984,python,[JIT],0x0000fa70fbeb6264
248060.0,195775,python,[JIT],0x0000e031bd8873a0
248060.0,195775,python,python,_PySuper_LookupDescr
248060.0,195809,python,[JIT],0x0000e96f068d82b4
248060.0,195809,python,[JIT],0x0000e96f067f1220
248059.0,195775,python,[JIT],0x0000e031bd50b438
248059.0,195809,python,[JIT],0x0000e96f068ab0c8
248058.0,195984,python,[JIT],0x0000fa70fc819644
248058.0,195775,python,[JIT],0x0000e031bd7a9094
248058.0,195809,python,[JIT],0x0000e96f068a6684
248058.0,195843,python,[JIT],0x0000f82643cfd3f4
248057.0,195984,python,[JIT],0x0000fa70fc4f5fe0
248057.0,195915,python,[JIT],0x0000e5957c935154
248057.0,195719,python,[JIT],0x0000e48a96afbbf4
248057.0,195719,python,[JIT],0x0000e48a9738bb9c
248057.0,195809,python,[JIT],0x0000e96f05f99918
248057.0,195809,python,[JIT],0x0000e96f064eb5a0
248056.0,195984,python,[JIT],0x0000fa70fc81513c
248056.0,195984,python,[JIT],0x0000fa70fc81d224
248056.0,195843,python,[JIT],0x0000f82643cfd284
248055.0,195775,python,[JIT],0x0000e031bd502938
248055.0,195719,python,[JIT],0x0000e48a9738c08c
248055.0,195843,python,python,_PyThreadState_PushFrame
248055.0,195809,python,[JIT],0x0000e96f064eb1f8
248055.0,195809,python,[JIT],0x0000e96f068abc2c
248055.0,195843,python,[JIT],0x0000f82644372ba4
248055.0,195843,python,[JIT],0x0000f82644372dbc
248054.0,195984,python,[JIT],0x0000fa70fc4f5c3c
248054.0,195984,python,[JIT],0x0000fa70fc76b264
248054.0,195984,python,[JIT],0x0000fa70fc81db44
248054.0,195809,python,[JIT],0x0000e96f05f98448
248054.0,195809,python,[JIT],0x0000e96f068a312c
248053.0,195775,python,[JIT],0x0000e031bd8860c4
248053.0,195809,python,[JIT],0x0000e96f05f25920
248053.0,195809,python,[JIT],0x0000e96f068a79b0
248052.0,195984,python,[JIT],0x0000fa70fc503bcc
248052.0,195984,python,[JIT],0x0000fa70fc76c158
248052.0,195775,python,[JIT],0x0000e031bcef7284
248052.0,195719,python,[JIT],0x0000e48a973841e0
248052.0,195719,python,[JIT],0x0000e48a9738b2ac
248051.0,195984,python,[JIT],0x0000fa70fbeb31e0
248051.0,195719,python,[JIT],0x0000e48a9738b718
248051.0,195719,python,[JIT],0x0000e48a9745c7c4
248051.0,195843,python,[JIT],0x0000f826445db0d0
248051.0,195809,python,[JIT],0x0000e96f064f5494
248051.0,195809,python,[JIT],0x0000e96f067f9500
248050.0,195775,python,[JIT],0x0000e031bd7a9884
248050.0,195915,python,[JIT],0x0000e5957c52525c
248050.0,195809,python,[JIT],0x0000e96f068a62e0
248050.0,195809,python,[JIT],0x0000e96f068acc80
248050.0,195843,python,[JIT],0x0000f8264433c014
248049.0,195809,python,[JIT],0x0000e96f064f5984
248048.0,195984,python,[JIT],0x0000fa70fc818828
248048.0,195915,python,[JIT],0x0000e5957bff71ac
248048.0,195775,python,[JIT],0x0000e031bd85712c
248048.0,195809,python,[JIT],0x0000e96f05f5715c
248048.0,195843,python,[JIT],0x0000f826443012b8
248047.0,195984,python,[JIT],0x0000fa70fc763fd4
248047.0,195915,python,[JIT],0x0000e5957c96532c
248047.0,195843,python,[JIT],0x0000f8264430b230
248047.0,195843,python,[JIT],0x0000f82644684bd8
248046.0,195984,python,[JIT],0x0000fa70fc84a224
248046.0,195775,python,python,_PyJIT_Compile
248046.0,195809,python,[JIT],0x0000e96f05f280a0
248045.0,195775,python,[JIT],0x0000e031bd503290
248045.0,195775,python,[JIT],0x0000e031bd542498
248045.0,195775,python,[JIT],0x0000e031bd852224
248045.0,195775,python,[JIT],0x0000e031bd85ad38
248045.0,195719,python,[JIT],0x0000e48a96acbfc0
248045.0,195719,python,[JIT],0x0000e48a9745e368
248045.0,195809,python,[JIT],0x0000e96f05f5da30
248044.0,195775,python,[JIT],0x0000e031bd545238
248044.0,195775,python,[JIT],0x0000e031bd85a7fc
248044.0,195719,python,[JIT],0x0000e48a9734f05c
248044.0,195809,python,[JIT],0x0000e96f068ab654
248043.0,195984,python,python,_PyObject_StoreInstanceAttribute
248043.0,195843,python,[kernel.kallsyms],perf_iterate_ctx
248042.0,195775,python,[JIT],0x0000e031bd50cc80
248042.0,195915,python,[JIT],0x0000e5957c9393d8
248041.0,195984,python,[JIT],0x0000fa70fc811364
248041.0,195984,python,[JIT],0x0000fa70fc818b08
248041.0,195915,python,[JIT],0x0000e5957c525578
248041.0,195775,python,[JIT],0x0000e031bd85b2f4
248041.0,195809,python,[JIT],0x0000e96f064f57a4
248041.0,195843,python,[JIT],0x0000f82644684054
248040.0,195915,python,[JIT],0x0000e5957c931204
248040.0,195775,python,[JIT],0x0000e031bd4f0cc8
248040.0,195809,python,[JIT],0x0000e96f068abae4
248040.0,195809,python,[JIT],0x0000e96f068d8310
248039.0,195984,python,[JIT],0x0000fa70fc4fb438
248039.0,195775,python,[JIT],0x0000e031bd855790
248039.0,195809,python,[JIT],0x0000e96f064f36ec
248039.0,195809,python,[JIT],0x0000e96f068a220c
248039.0,195809,python,[JIT],0x0000e96f068d73b4
248038.0,195719,python,[JIT],0x0000e48a96afbbd0
248038.0,195719,python,[JIT],0x0000e48a9745e30c
248038.0,195843,python,[JIT],0x0000f826442f3430
248038.0,195843,python,[JIT],0x0000f82644372108
248037.0,195775,python,[JIT],0x0000e031bd50d6ac
248037.0,195775,python,[JIT],0x0000e031bd85b5e0
248037.0,195775,python,[JIT],0x0000e031bd88738c
248037.0,195809,python,[JIT],0x0000e96f068a606c
248037.0,195843,python,[JIT],0x0000f826443728e0
248036.0,195984,python,[JIT],0x0000fa70fc81a4a8
248036.0,195984,python,[JIT],0x0000fa70fc84a530
248036.0,195775,python,[JIT],0x0000e031bd85a34c
248035.0,195984,python,[JIT],0x0000fa70fc763d8c
248035.0,195775,python,[JIT],0x0000e031bd5013f0
248035.0,195775,python,[JIT],0x0000e031bd50b820
248035.0,195915,python,[JIT],0x0000e5957c93ade8
248035.0,195719,python,[JIT],0x0000e48a96afbe08
248035.0,195719,python,[JIT],0x0000e48a9712a9b8
248034.0,195984,python,[JIT],0x0000fa70fc818170
248034.0,195915,python,[JIT],0x0000e5957c9343d0
248034.0,195915,python,[JIT],0x0000e5957c9641cc
248033.0,195984,python,python,emit__DEOPT_r10
248033.0,195775,python,[JIT],0x0000e031bd855d34
248033.0,195719,python,[JIT],0x0000e48a96a9bc0c
248033.0,195809,python,[JIT],0x0000e96f05f2f48c
248033.0,195843,python,[JIT],0x0000f8264437248c
248032.0,195915,python,[JIT],0x0000e5957c888250
248032.0,195915,python,[JIT],0x0000e5957c889124
248032.0,195843,python,[JIT],0x0000f826443021a8
248031.0,195984,python,[JIT],0x0000fa70fc81d918
248030.0,195984,python,python,store_instance_attr_lock_held
248030.0,195984,python,[JIT],0x0000fa70fc84a414
248030.0,195915,python,[JIT],0x0000e5957c525b84
248030.0,195719,python,[JIT],0x0000e48a96afb22c
248029.0,195915,python,[JIT],0x0000e5957c4ebb88
248029.0,195775,python,[JIT],0x0000e031bd4f43a8
248029.0,195843,python,[JIT],0x0000f82644309a80
248029.0,195843,python,[JIT],0x0000f8264430a9b8
248028.0,195775,python,[JIT],0x0000e031bd856e4c
248028.0,195775,python,[JIT],0x0000e031bd85a130
248028.0,195719,python,[JIT],0x0000e48a97432120
248027.0,195984,python,[JIT],0x0000fa70fc818c4c
248027.0,195915,python,[JIT],0x0000e5957c93af00
248027.0,195809,python,[JIT],0x0000e96f05f564bc
248027.0,195809,python,[JIT],0x0000e96f068a3e38
248027.0,195843,python,[JIT],0x0000f826442fe5dc
248026.0,195809,python,[JIT],0x0000e96f067fa428
248025.0,195984,python,[JIT],0x0000fa70fc503820
248025.0,195775,python,[JIT],0x0000e031bcef23e4
248025.0,195775,python,[JIT],0x0000e031bd85bde8
248025.0,195719,python,[JIT],0x0000e48a974316c8
248025.0,195719,python,[JIT],0x0000e48a9745c7a4
248025.0,195843,python,[JIT],0x0000f826443382a8
248024.0,195775,python,[JIT],0x0000e031bd503044
248024.0,195775,python,[JIT],0x0000e031bd85c0e0
248024.0,195719,python,[JIT],0x0000e48a9738c990
248023.0,195984,python,[JIT],0x0000fa70fc849178
248023.0,195915,python,[JIT],0x0000e5957bfc95d8
248023.0,195775,python,[JIT],0x0000e031bd885868
248023.0,195809,python,[JIT],0x0000e96f064f66dc
248022.0,195775,python,[JIT],0x0000e031bd885734
248021.0,195775,python,[JIT],0x0000e031bd856c40
248021.0,195809,python,[JIT],0x0000e96f05f2858c
248020.0,195915,python,[JIT],0x0000e5957c523f20
248020.0,195809,python,[JIT],0x0000e96f068ab8a4
248020.0,195809,python,[JIT],0x0000e96f064fa8fc
248019.0,195719,python,[JIT],0x0000e48a9745e154
248019.0,195809,python,[JIT],0x0000e96f068a74c8
248018.0,195915,python,[JIT],0x0000e5957bfc8498
248018.0,195915,python,[JIT],0x0000e5957c9664e4
248018.0,195809,python,[JIT],0x0000e96f064ec534
248017.0,195775,python,[JIT],0x0000e031bd4f5a50
248017.0,195775,python,[JIT],0x0000e031bd85a220
248017.0,195775,python,[JIT],0x0000e031bd85a4dc
248017.0,195809,python,[JIT],0x0000e96f068ad17c
248017.0,195843,python,[JIT],0x0000f826442f4274
248016.0,195719,python,[JIT],0x0000e48a9738b75c
248016.0,195809,python,[JIT],0x0000e96f064f6150
248015.0,195775,python,[JIT],0x0000e031bd85b7a4
248015.0,195946,python,[JIT],0x0000fc22a96fe6c0
248014.0,195984,python,[JIT],0x0000fa70fc76c4d8
248014.0,195984,python,[JIT],0x0000fa70fc84a3b0
248013.0,195984,python,[JIT],0x0000fa70fc81571c
248013.0,195775,python,[JIT],0x0000e031bd7a6304
248013.0,195775,python,[JIT],0x0000e031bd887004
248013.0,195843,python,[JIT],0x0000f82644372b44
248013.0,195843,python,[JIT],0x0000f826446850fc
248012.0,195843,python,[JIT],0x0000f8264430add0
248011.0,195809,python,[JIT],0x0000e96f064f3588
248011.0,195809,python,[JIT],0x0000e96f064f3f54
248011.0,195843,python,[JIT],0x0000f826442fe0b4
248011.0,195843,python,[JIT],0x0000f82644683124
248010.0,195775,python,[JIT],0x0000e031bd856d60
248010.0,195719,python,[JIT],0x0000e48a9738b5f4
248010.0,195809,python,[JIT],0x0000e96f064f58a0
248010.0,195843,python,[JIT],0x0000f826442f9720
248009.0,195915,python,[JIT],0x0000e5957bff6b40
248009.0,195719,python,[JIT],0x0000e48a9745c840
248009.0,195809,python,[JIT],0x0000e96f067f1280
248009.0,195809,python,[JIT],0x0000e96f068a316c
248009.0,195809,python,[JIT],0x0000e96f068ab95c
248008.0,195809,python,[JIT],0x0000e96f067f902c
248008.0,195843,python,[JIT],0x0000f826442f8cac
248007.0,195984,python,[JIT],0x0000fa70fc76c62c
248006.0,195984,python,[JIT],0x0000fa70fc84a0e0
248006.0,195915,python,[JIT],0x0000e5957c9656b4
248006.0,195775,python,[JIT],0x0000e031bd7a9ef0
248006.0,195809,python,[JIT],0x0000e96f05f22cd4
248005.0,195984,python,[JIT],0x0000fa70fbebd73c
248004.0,195809,python,[JIT],0x0000e96f05f27d00
248004.0,195843,python,[JIT],0x0000f826446ae45c
248003.0,195915,python,[JIT],0x0000e5957c889690
248003.0,195915,python,[JIT],0x0000e5957c939c80
248003.0,195915,python,[JIT],0x0000e5957c528e7c
248003.0,195809,python,[JIT],0x0000e96f068a30f4
248003.0,195843,python,[JIT],0x0000f826446851dc
248002.0,195775,python,[kernel.kallsyms],perf_iterate_ctx
248002.0,195775,python,[JIT],0x0000e031bd8534f8
248002.0,195809,python,[JIT],0x0000e96f068a7160
248002.0,195809,python,[JIT],0x0000e96f068ad2a0
248002.0,195843,python,[JIT],0x0000f82644333464
248001.0,195775,python,[JIT],0x0000e031bd50c098
248001.0,195719,python,[JIT],0x0000e48a9738b9fc
248001.0,195843,python,[JIT],0x0000f826442ef728
248000.0,195984,python,[JIT],0x0000fa70fc4fc0f8
248000.0,195984,python,[JIT],0x0000fa70fc8110dc
248000.0,195775,python,[JIT],0x0000e031bd545f68
248000.0,195843,python,[JIT],0x0000f826445dba30
248000.0,195809,python,[JIT],0x0000e96f068a22b8
248000.0,195843,python,[JIT],0x0000f826442efd10
247999.0,195984,python,[JIT],0x0000fa70fc4ec0b0
247999.0,195984,python,[JIT],0x0000fa70fc4f6cf8
247999.0,195719,python,[kernel.kallsyms],__mem_cgroup_charge
247999.0,195719,python,[JIT],0x0000e48a970eb120
247999.0,195719,python,[JIT],0x0000e48a9734e000
247999.0,195809,python,[JIT],0x0000e96f068ab770
247999.0,195809,python,[JIT],0x0000e96f068da020
247998.0,195984,python,[JIT],0x0000fa70fc81d5f8
247998.0,195843,python,[JIT],0x0000f826445dc2b4
247997.0,195809,python,[JIT],0x0000e96f05f282d8
247997.0,195843,python,[kernel.kallsyms],_raw_spin_unlock_irqrestore
247995.0,195984,python,[JIT],0x0000fa70fc76db70
247995.0,195915,python,[JIT],0x0000e5957c4ecc08
247995.0,195775,python,[JIT],0x0000e031bd85a7e4
247995.0,195719,python,[JIT],0x0000e48a974322d8
247994.0,195984,python,[JIT],0x0000fa70fc81e16c
247994.0,195843,python,[JIT],0x0000f826445d259c
247993.0,195984,python,[JIT],0x0000fa70fc81d420
247992.0,195843,python,[JIT],0x0000f8264433ba54
247991.0,195984,python,[JIT],0x0000fa70fbefd334
247991.0,195984,python,[JIT],0x0000fa70fc4f6494
247991.0,195775,python,[JIT],0x0000e031bd8560f8
247991.0,195809,python,[JIT],0x0000e96f064f59fc
247991.0,195809,python,[JIT],0x0000e96f067fa1e8
247991.0,195843,python,[JIT],0x0000f82644683318
247990.0,195775,python,python,PyNumber_InPlaceFloorDivide
247990.0,195719,python,[JIT],0x0000e48a9712ac0c
247990.0,195843,python,[JIT],0x0000f82643cfb3f0
247989.0,195775,python,[JIT],0x0000e031bd85bed0
247988.0,195984,python,[JIT],0x0000fa70fc76b50c
247988.0,195984,python,[JIT],0x0000fa70fc76d068
247988.0,195915,python,[JIT],0x0000e5957c939960
247988.0,195719,python,[JIT],0x0000e48a96a91bc8
247988.0,195719,python,[JIT],0x0000e48a970ed524
247988.0,195843,python,[JIT],0x0000f826445de31c
247988.0,195809,python,python,_PyType_GetDict
247986.0,195843,python,[JIT],0x0000f82644372228
247985.0,195915,python,[JIT],0x0000e5957c8884d8
247985.0,195719,python,[JIT],0x0000e48a974322fc
247985.0,195809,python,[JIT],0x0000e96f068ab12c
247984.0,195984,python,[JIT],0x0000fa70fc81ea24
247983.0,195915,python,[JIT],0x0000e5957bff5368
247983.0,195775,python,[kernel.kallsyms],try_charge_memcg
247983.0,195719,python,[JIT],0x0000e48a9712b128
247983.0,195809,python,[JIT],0x0000e96f067f1518
247982.0,195719,python,[JIT],0x0000e48a96a914d8
247981.0,195984,python,[JIT],0x0000fa70fc5049cc
247981.0,195915,python,[JIT],0x0000e5957c934580
247981.0,195809,python,[JIT],0x0000e96f068a723c
247980.0,195809,python,[JIT],0x0000e96f064f5cec
247979.0,195719,python,[kernel.kallsyms],mas_empty_area_rev
247978.0,195984,python,[JIT],0x0000fa70fbef4650
247978.0,195984,python,[JIT],0x0000fa70fbefca10
247978.0,195984,python,[JIT],0x0000fa70fc76c55c
247978.0,195984,python,[JIT],0x0000fa70fc84a49c
247977.0,195984,python,[JIT],0x0000fa70fbebd3f4
247976.0,195984,python,[JIT],0x0000fa70fc8166b0
247976.0,195775,python,[JIT],0x0000e031bd85bc54
247976.0,195719,python,[JIT],0x0000e48a96a6b1b8
247976.0,195719,python,[JIT],0x0000e48a96acd480
247976.0,195809,python,[JIT],0x0000e96f05f98d0c
247975.0,195775,python,[JIT],0x0000e031bd7a8430
247975.0,195809,python,[JIT],0x0000e96f067f1478
247975.0,195809,python,[JIT],0x0000e96f067f4a40
247975.0,195809,python,[JIT],0x0000e96f068a6940
247974.0,195719,python,[JIT],0x0000e48a97432658
247973.0,195984,python,[JIT],0x0000fa70fc761174
247973.0,195984,python,[JIT],0x0000fa70fc8192e4
247973.0,195984,python,[JIT],0x0000fa70fc5087f4
247973.0,195915,python,[JIT],0x0000e5957c4ebb0c
247972.0,195809,python,[JIT],0x0000e96f064f60cc
247972.0,195843,python,[JIT],0x0000f826442f369c
247971.0,195984,python,[JIT],0x0000fa70fbebd468
247971.0,195915,python,[JIT],0x0000e5957c931178
247971.0,195719,python,[JIT],0x0000e48a9712b438
247971.0,195809,python,[JIT],0x0000e96f068a6028
247970.0,195843,python,[JIT],0x0000f8264430a048
247970.0,195843,python,[JIT],0x0000f82644338b30
247970.0,195843,python,[JIT],0x0000f82644684f5c
247968.0,195915,python,[JIT],0x0000e5957c5257ac
247968.0,195915,python,[JIT],0x0000e5957c96650c
247967.0,195719,python,[JIT],0x0000e48a96af6644
247967.0,195719,python,[JIT],0x0000e48a9745e0f0
247966.0,195915,python,[JIT],0x0000e5957c9342b8
247966.0,195809,python,[JIT],0x0000e96f068ab6b4
247965.0,195775,python,[JIT],0x0000e031bd507208
247965.0,195809,python,[JIT],0x0000e96f068a6078
247965.0,195843,python,[JIT],0x0000f8264437200c
247964.0,195719,python,[JIT],0x0000e48a97381104
247964.0,195719,python,[JIT],0x0000e48a9738b188
247963.0,195719,python,[JIT],0x0000e48a97431148
247963.0,195809,python,[JIT],0x0000e96f067f9a50
247962.0,195984,python,[JIT],0x0000fa70fc81b32c
247962.0,195915,python,[JIT],0x0000e5957c966368
247961.0,195915,python,[JIT],0x0000e5957bff6b20
247961.0,195843,python,[JIT],0x0000f82644309330
247961.0,195843,python,[JIT],0x0000f826445d82ec
247960.0,195719,python,[JIT],0x0000e48a97431918
247960.0,195843,python,[JIT],0x0000f826445dbbb8
247959.0,195809,python,[JIT],0x0000e96f068a6c14
247959.0,195843,python,[JIT],0x0000f82644683584
247957.0,195915,python,[JIT],0x0000e5957c939468
247957.0,195775,python,[JIT],0x0000e031bd501244
247957.0,195843,python,[JIT],0x0000f8264433c120
247957.0,195843,python,[JIT],0x0000f826446b0108
247956.0,195984,python,[JIT],0x0000fa70fc72e984
247956.0,195719,python,[JIT],0x0000e48a97431440
247955.0,195984,python,[JIT],0x0000fa70fc4f6938
247954.0,195809,python,[JIT],0x0000e96f068d8294
247953.0,195719,python,[JIT],0x0000e48a96a91ca8
247953.0,195719,python,[JIT],0x0000e48a9738448c
247953.0,195809,python,[JIT],0x0000e96f068a6730
247952.0,195775,python,[JIT],0x0000e031bd542974
247952.0,195775,python,[JIT],0x0000e031bd85a828
247951.0,195984,python,[JIT],0x0000fa70fc81e12c
247951.0,195809,python,[JIT],0x0000e96f064eb168
247949.0,195984,python,[JIT],0x0000fa70fc81977c
247949.0,195915,python,[JIT],0x0000e5957c934be8
247949.0,195809,python,[JIT],0x0000e96f067f1324
247949.0,195809,python,[JIT],0x0000e96f068ad1c0
247949.0,195843,python,[JIT],0x0000f826445d155c
247948.0,195843,python,[JIT],0x0000f826442ff33c
247947.0,195843,python,[JIT],0x0000f826446ae034
247945.0,195915,python,[JIT],0x0000e5957c9397d4
247945.0,195775,python,[JIT],0x0000e031bd7aa7c4
247944.0,195809,python,[JIT],0x0000e96f064f5a50
247944.0,195809,python,[JIT],0x0000e96f067f1494
247944.0,195809,python,[JIT],0x0000e96f068a61b0
247943.0,195984,python,[JIT],0x0000fa70fc503eec
247943.0,195915,python,[JIT],0x0000e5957c934ce0
247941.0,195984,python,[JIT],0x0000fa70fc4f5b00
247941.0,195915,python,[JIT],0x0000e5957bf9910c
247941.0,195915,python,[JIT],0x0000e5957c9348b4
247941.0,195719,python,[JIT],0x0000e48a970eddb8
247941.0,195843,python,[JIT],0x0000f826442f0490
247939.0,195775,python,[JIT],0x0000e031bd8873d4
247939.0,195809,python,[JIT],0x0000e96f05f2d2c8
247938.0,195719,python,[JIT],0x0000e48a96afcbf0
247936.0,195984,python,[JIT],0x0000fa70fc72e588
247936.0,195984,python,[JIT],0x0000fa70fc81987c
247936.0,195843,python,[JIT],0x0000f826446ae890
247935.0,195775,python,[JIT],0x0000e031bd7a956c
247935.0,195775,python,[JIT],0x0000e031bd85abac
247935.0,195719,python,[JIT],0x0000e48a96acb234
247934.0,195775,python,[JIT],0x0000e031bd886658
247934.0,195809,python,[JIT],0x0000e96f067fa234
247934.0,195809,python,[JIT],0x0000e96f068ab4f4
247934.0,195843,python,[JIT],0x0000f826442f0164
247933.0,195984,python,[JIT],0x0000fa70fc81db90
247932.0,195775,python,[JIT],0x0000e031bd7a9704
247927.0,195719,python,[JIT],0x0000e48a96afca74
247927.0,195809,python,[JIT],0x0000e96f068ab2fc
247926.0,195775,python,[JIT],0x0000e031bd50b824
247926.0,195775,python,[JIT],0x0000e031bd542670
247925.0,195915,python,[JIT],0x0000e5957c888d4c
247925.0,195719,python,[JIT],0x0000e48a97388e38
247924.0,195984,python,[JIT],0x0000fa70fc81e740
247924.0,195719,python,[JIT],0x0000e48a9738c274
247923.0,195915,python,[JIT],0x0000e5957bffbd48
247923.0,195775,python,[JIT],0x0000e031bd545260
247923.0,195775,python,[JIT],0x0000e031bd85a6d0
247923.0,195809,python,[JIT],0x0000e96f05f5ca90
247922.0,195915,python,[JIT],0x0000e5957c964794
247922.0,195809,python,[JIT],0x0000e96f068ab36c
247922.0,195809,python,[JIT],0x0000e96f068acb8c
247921.0,195719,python,[JIT],0x0000e48a97384358
247921.0,195719,python,[JIT],0x0000e48a9738b494
247921.0,195843,python,[JIT],0x0000f826443386cc
247919.0,195984,python,[JIT],0x0000fa70fc4fb79c
247919.0,195984,python,[JIT],0x0000fa70fc816200
247919.0,195843,python,[JIT],0x0000f82644683ecc
247919.0,195809,python,[JIT],0x0000e96f068abd34
247919.0,195843,python,[JIT],0x0000f8264433c1d4
247919.0,195843,python,[JIT],0x0000f8264433c228
247917.0,195809,python,[JIT],0x0000e96f05f5a05c
247917.0,195809,python,[JIT],0x0000e96f064f6d70
247915.0,195775,python,[JIT],0x0000e031bd4f040c
247914.0,195984,python,[JIT],0x0000fa70fbefb4b8
247913.0,195809,python,[JIT],0x0000e96f05f255b0
247912.0,195984,python,[JIT],0x0000fa70fc50386c
247912.0,195809,python,[JIT],0x0000e96f067fa360
247911.0,195984,python,[JIT],0x0000fa70fc81900c
247910.0,195775,python,[JIT],0x0000e031bcef8140
247910.0,195843,python,[JIT],0x0000f82643cce3c8
247909.0,195984,python,[JIT],0x0000fa70fbefb67c
247909.0,195809,python,[JIT],0x0000e96f064f3f1c
247908.0,195915,python,[JIT],0x0000e5957c5237a4
247908.0,195719,python,[JIT],0x0000e48a97431c08
247908.0,195809,python,[JIT],0x0000e96f068a2390
247907.0,195984,python,[JIT],0x0000fa70fc81d8ac
247907.0,195809,python,[JIT],0x0000e96f067f1860
247904.0,195719,python,[JIT],0x0000e48a97432388
247903.0,195984,python,[JIT],0x0000fa70fc5031fc
247903.0,195775,python,[JIT],0x0000e031bd50b470
247902.0,195984,python,[JIT],0x0000fa70fc8162b0
247900.0,195775,python,[JIT],0x0000e031bd76e4b4
247900.0,195775,python,[JIT],0x0000e031bd85aa84
247900.0,195809,python,[JIT],0x0000e96f068aba70
247899.0,195984,python,[JIT],0x0000fa70fc8188e4
247899.0,195915,python,[JIT],0x0000e5957bf995e0
247899.0,195719,python,[JIT],0x0000e48a970eb0c0
247898.0,195843,python,[JIT],0x0000f826445dc780
247897.0,195984,python,[JIT],0x0000fa70fc72e180
247897.0,195984,python,[JIT],0x0000fa70fc76d2f4
247897.0,195775,python,[JIT],0x0000e031bd7aa7e0
247897.0,195719,python,[JIT],0x0000e48a97431c2c
247895.0,195719,python,[JIT],0x0000e48a9743117c
247894.0,195809,python,[JIT],0x0000e96f068a6850
247893.0,195984,python,[JIT],0x0000fa70fc7633d4
247893.0,195984,python,[JIT],0x0000fa70fc81d6e8
247893.0,195809,python,[JIT],0x0000e96f068a6d30
247892.0,195775,python,[JIT],0x0000e031bd88624c
247891.0,195984,python,[JIT],0x0000fa70fc4fc178
247889.0,195775,python,[JIT],0x0000e031bd502ae8
247889.0,195809,python,[JIT],0x0000e96f05f980fc
247889.0,195843,python,[JIT],0x0000f826443095e8
247888.0,195775,python,[JIT],0x0000e031bd85b53c
247888.0,195809,python,[JIT],0x0000e96f064f68d4
247886.0,195984,python,[JIT],0x0000fa70fc4f609c
247886.0,195915,python,[JIT],0x0000e5957c93944c
247886.0,195915,python,[JIT],0x0000e5957c939a08
247885.0,195984,python,[JIT],0x0000fa70fbefc324
247885.0,195775,python,[JIT],0x0000e031bd8560e8
247885.0,195719,python,[JIT],0x0000e48a97431684
247885.0,195843,python,[JIT],0x0000f8264433b290
247885.0,195809,python,[JIT],0x0000e96f068a64d4
247884.0,195809,python,[JIT],0x0000e96f067f1bbc
247884.0,195809,python,[JIT],0x0000e96f068a74e8
247883.0,195719,python,[JIT],0x0000e48a970eb5a0
247883.0,195809,python,[JIT],0x0000e96f05f989b8
247882.0,195984,python,[JIT],0x0000fa70fc504054
247882.0,195984,python,[JIT],0x0000fa70fc8494f8
247882.0,195843,python,[JIT],0x0000f8264430f5d4
247882.0,195843,python,[JIT],0x0000f826445d1420
247881.0,195984,python,[JIT],0x0000fa70fc4f6148
247881.0,195984,python,[JIT],0x0000fa70fc7634a0
247881.0,195915,python,[JIT],0x0000e5957c4ecafc
247881.0,195775,python,[JIT],0x0000e031bd5437fc
247881.0,195719,python,[JIT],0x0000e48a9712a424
247881.0,195809,python,[JIT],0x0000e96f05f514f8
247881.0,195843,python,[JIT],0x0000f82644684000
247880.0,195719,python,[JIT],0x0000e48a97432fe0
247880.0,195719,python,[JIT],0x0000e48a9745d550
247880.0,195809,python,[JIT],0x0000e96f05f5d23c
247880.0,195809,python,[JIT],0x0000e96f05f950d0
247879.0,195719,python,[JIT],0x0000e48a970ed0a4
247878.0,195809,python,[JIT],0x0000e96f064f54c8
247878.0,195843,python,[JIT],0x0000f826445d1008
247876.0,195984,python,[JIT],0x0000fa70fbebd688
247876.0,195915,python,[JIT],0x0000e5957c523c30
247876.0,195719,python,[JIT],0x0000e48a96afb460
247875.0,195809,python,[JIT],0x0000e96f05f99960
247875.0,195843,python,[JIT],0x0000f82644683200
247874.0,195719,python,[JIT],0x0000e48a9712a324
247873.0,195984,python,[JIT],0x0000fa70fbef7fb8
247871.0,195775,python,[JIT],0x0000e031bd76efac
247871.0,195809,python,[JIT],0x0000e96f05f99c20
247870.0,195843,python,[JIT],0x0000f82644309ae0
247869.0,195719,python,[JIT],0x0000e48a96acd04c
247869.0,195809,python,[JIT],0x0000e96f067f97bc
247867.0,195984,python,[JIT],0x0000fa70fc5039ac
247867.0,195775,python,[JIT],0x0000e031bd50bdc4
247867.0,195719,python,[JIT],0x0000e48a9745d3f8
247867.0,195843,python,[JIT],0x0000f8264433c9ec
247866.0,195984,python,[JIT],0x0000fa70fc72e8b8
247866.0,195775,python,[JIT],0x0000e031bd856858
247865.0,195915,python,[JIT],0x0000e5957c93622c
247864.0,195775,python,[JIT],0x0000e031bd5450d4
247864.0,195775,python,[JIT],0x0000e031bd85c0e8
247864.0,195719,python,[JIT],0x0000e48a97432de8
247863.0,195843,python,[JIT],0x0000f82644373018
247862.0,195719,python,[JIT],0x0000e48a96af30e0
247862.0,195809,python,[JIT],0x0000e96f068a67d8
247861.0,195984,python,[JIT],0x0000fa70fc84a530
247861.0,195719,python,[JIT],0x0000e48a9712af44
247860.0,195843,python,[JIT],0x0000f826442ef844
247860.0,195843,python,[JIT],0x0000f826445dc2f0
247859.0,195984,python,[JIT],0x0000fa70fc81e2d8
247859.0,195719,python,[JIT],0x0000e48a96afc44c
247857.0,195984,python,[JIT],0x0000fa70fbef78e8
247857.0,195775,python,[JIT],0x0000e031bd4f4384
247856.0,195843,python,[JIT],0x0000f826445dc878
247855.0,195843,python,[JIT],0x0000f8264459e1e0
247854.0,195915,python,[JIT],0x0000e5957bff5e3c
247854.0,195775,python,[JIT],0x0000e031bd4f634c
247854.0,195719,python,[JIT],0x0000e48a97431ef0
247854.0,195843,python,[kernel.kallsyms],post_alloc_hook
247854.0,195843,python,[JIT],0x0000f826445db040
247853.0,195843,python,[JIT],0x0000f8264430f810
247853.0,195843,python,[JIT],0x0000f826446848b8
247852.0,195775,python,[JIT],0x0000e031bd4f636c
247852.0,195809,python,[JIT],0x0000e96f068a65ec
247849.0,195984,python,[JIT],0x0000fa70fc84806c
247849.0,195809,python,[JIT],0x0000e96f067fa364
247849.0,195843,python,[JIT],0x0000f826443722f8
247847.0,195809,python,[JIT],0x0000e96f068ab314
247846.0,195915,python,[JIT],0x0000e5957bffb91c
247843.0,195843,python,[JIT],0x0000f8264468426c
247842.0,195775,python,[JIT],0x0000e031bd85b400
247841.0,195809,python,[JIT],0x0000e96f068a21b0
247840.0,195984,python,[JIT],0x0000fa70fc8152bc
247840.0,195843,python,[JIT],0x0000f826445d1bfc
247838.0,195984,python,[JIT],0x0000fa70fc4f6990
247838.0,195775,python,[JIT],0x0000e031bd7a966c
247838.0,195775,python,[JIT],0x0000e031bd85bc88
247838.0,195719,python,[JIT],0x0000e48a97388b74
247837.0,195775,python,[JIT],0x0000e031bd855928
247836.0,195775,python,[JIT],0x0000e031bd88510c
247836.0,195719,python,[JIT],0x0000e48a96acd3d4
247836.0,195809,python,[JIT],0x0000e96f05f5c288
247835.0,195809,python,[JIT],0x0000e96f068a6688
247833.0,195915,python,[JIT],0x0000e5957c93b21c
247832.0,195809,python,[JIT],0x0000e96f067fa7b4
247831.0,195984,python,[JIT],0x0000fa70fbefbb34
247831.0,195775,python,[JIT],0x0000e031bd7a9d3c
247830.0,195809,python,[JIT],0x0000e96f05f2cf30
247830.0,195843,python,[JIT],0x0000f826445d9278
247828.0,195984,python,[JIT],0x0000fa70fc4f54a4
247828.0,195719,python,[JIT],0x0000e48a97128c80
247828.0,195719,python,[JIT],0x0000e48a974325dc
247827.0,195775,python,[JIT],0x0000e031bd855378
247825.0,195915,python,[JIT],0x0000e5957bf9a0b4
247824.0,195984,python,[JIT],0x0000fa70fc7630f4
247824.0,195915,python,[JIT],0x0000e5957c4eb540
247823.0,195984,python,[JIT],0x0000fa70fc503d88
247823.0,195809,python,[JIT],0x0000e96f064f5538
247823.0,195843,python,[JIT],0x0000f82644683ffc
247822.0,195984,python,[JIT],0x0000fa70fbeb839c
247822.0,195984,python,[JIT],0x0000fa70fc50416c
247821.0,195719,python,[JIT],0x0000e48a970edbd0
247821.0,195809,python,[JIT],0x0000e96f068d8128
247820.0,195915,python,[JIT],0x0000e5957c939ad0
247819.0,195775,python,[JIT],0x0000e031bd7aa5f0
247819.0,195809,python,[JIT],0x0000e96f05f99e00
247819.0,195843,python,[JIT],0x0000f8264430a204
247818.0,195809,python,[JIT],0x0000e96f068acd7c
247817.0,195809,python,[JIT],0x0000e96f068abbf4
247816.0,195809,python,[JIT],0x0000e96f05f995c4
247815.0,195915,python,[JIT],0x0000e5957c935134
247815.0,195775,python,[JIT],0x0000e031bd85b118
247815.0,195809,python,[JIT],0x0000e96f068a7188
247813.0,195809,python,[JIT],0x0000e96f05f58068
247813.0,195809,python,[JIT],0x0000e96f068a6248
247812.0,195719,python,[JIT],0x0000e48a96acb700
247810.0,195984,python,[kernel.kallsyms],__rseq_handle_notify_resume
247810.0,195843,python,[JIT],0x0000f826445dd21c
247809.0,195775,python,[JIT],0x0000e031bd852940
247809.0,195843,python,[JIT],0x0000f82644683330
247807.0,195719,python,[JIT],0x0000e48a9712adf4
247805.0,195984,python,[JIT],0x0000fa70fc8168a8
247805.0,195719,python,[JIT],0x0000e48a96acc42c
247804.0,195809,python,[JIT],0x0000e96f067f1274
247803.0,195809,python,[JIT],0x0000e96f067f147c
247802.0,195719,python,[JIT],0x0000e48a96afb5b4
247802.0,195719,python,[JIT],0x0000e48a9738d3a4
247801.0,195809,python,[JIT],0x0000e96f064f6cf8
247798.0,195775,python,[JIT],0x0000e031bd4f43bc
247798.0,195775,python,[JIT],0x0000e031bd7a82e4
247798.0,195843,python,[JIT],0x0000f826446832b0
247795.0,195809,python,[JIT],0x0000e96f05f99edc
247794.0,195915,python,[JIT],0x0000e5957c88c2b4
247794.0,195719,python,[JIT],0x0000e48a96afc744
247792.0,195809,python,[JIT],0x0000e96f068a23d4
247790.0,195719,python,[JIT],0x0000e48a96a9752c
247788.0,195809,python,[JIT],0x0000e96f067f1990
247785.0,195984,python,[JIT],0x0000fa70fc504b50
247785.0,195809,python,[JIT],0x0000e96f064f342c
247785.0,195809,python,[JIT],0x0000e96f067f1960
247785.0,195843,python,[JIT],0x0000f8264433c320
247784.0,195984,python,[JIT],0x0000fa70fc81dd6c
247784.0,195984,python,[JIT],0x0000fa70fc848d98
247784.0,195984,python,[JIT],0x0000fa70fc815740
247784.0,195775,python,[JIT],0x0000e031bd852414
247783.0,195719,python,[JIT],0x0000e48a970ed7b8
247781.0,195775,python,[JIT],0x0000e031bd856218
247779.0,195984,python,[JIT],0x0000fa70fc81d410
247778.0,195984,python,[JIT],0x0000fa70fbef62b8
247778.0,195775,python,[JIT],0x0000e031bd886d80
247778.0,195809,python,[JIT],0x0000e96f067f9fd4
247775.0,195775,python,[JIT],0x0000e031bd85ba20
247775.0,195719,python,[JIT],0x0000e48a9743172c
247774.0,195809,python,[JIT],0x0000e96f067f9bc4
247773.0,195809,python,[JIT],0x0000e96f067f1b0c
247770.0,195843,python,python,PyObject_GetIter
247769.0,195775,python,[JIT],0x0000e031bd856540
247769.0,195809,python,[JIT],0x0000e96f068d73a0
247768.0,195843,python,[JIT],0x0000f82644309a68
247768.0,195843,python,[JIT],0x0000f82644338430
247766.0,195915,python,[JIT],0x0000e5957bfc889c
247763.0,195843,python,[JIT],0x0000f826442fe0a8
247760.0,195984,python,[JIT],0x0000fa70fc819094
247760.0,195719,python,[JIT],0x0000e48a97432790
247759.0,195775,python,[JIT],0x0000e031bd886278
247759.0,195809,python,[JIT],0x0000e96f05f5b17c
247759.0,195843,python,[JIT],0x0000f826443724e4
247757.0,195809,python,[JIT],0x0000e96f05f2842c
247757.0,195809,python,[JIT],0x0000e96f068d82dc
247753.0,195809,python,[JIT],0x0000e96f05f25aec
247750.0,195984,python,[JIT],0x0000fa70fc503340
247749.0,195843,python,[JIT],0x0000f826445dc3d4
247748.0,195775,python,[JIT],0x0000e031bd85a66c
247743.0,195915,python,[JIT],0x0000e5957c9661cc
247743.0,195809,python,[JIT],0x0000e96f068acb60
247742.0,195984,python,[JIT],0x0000fa70fc4f6c30
247734.0,195984,python,[JIT],0x0000fa70fc815080
247732.0,195915,python,[JIT],0x0000e5957c932980
247731.0,195984,python,[JIT],0x0000fa70fc819608
247731.0,195843,python,[JIT],0x0000f826446af6c0
247730.0,195984,python,[JIT],0x0000fa70fc763750
247730.0,195719,python,[JIT],0x0000e48a970edb70
247728.0,195843,python,[JIT],0x0000f82644338e00
247726.0,195775,python,[JIT],0x0000e031bd855b88
247726.0,195719,python,[JIT],0x0000e48a96afce64
247725.0,195809,python,[JIT],0x0000e96f05f98724
247724.0,195915,python,[JIT],0x0000e5957c964194
247722.0,195775,python,[JIT],0x0000e031bd4ec54c
247721.0,195915,python,[JIT],0x0000e5957c939068
247721.0,195775,python,[JIT],0x0000e031bd4f55ec
247718.0,195719,python,[JIT],0x0000e48a96afe958
247717.0,195843,python,[kernel.kallsyms],_raw_spin_trylock
247716.0,195809,python,[JIT],0x0000e96f05f57888
247715.0,195915,python,[JIT],0x0000e5957c84e968
247714.0,195775,python,[JIT],0x0000e031bd7a97fc
247714.0,195775,python,[JIT],0x0000e031bd85ad70
247713.0,195719,python,[JIT],0x0000e48a96afc118
247713.0,195809,python,[JIT],0x0000e96f068a6ae4
247713.0,195809,python,[JIT],0x0000e96f068ab66c
247708.0,195775,python,[JIT],0x0000e031bcec60b8
247708.0,195719,python,[JIT],0x0000e48a97432924
247708.0,195843,python,[JIT],0x0000f826445dcdf8
247707.0,195809,python,[JIT],0x0000e96f067f10a4
247706.0,195809,python,[JIT],0x0000e96f05f28798
247704.0,195719,python,[JIT],0x0000e48a96a9b268
247703.0,195775,python,[JIT],0x0000e031bd50bb0c
247703.0,195843,python,[JIT],0x0000f8264430903c
247701.0,195915,python,[JIT],0x0000e5957bf92070
247701.0,195775,python,[JIT],0x0000e031bd855030
247699.0,195775,python,[JIT],0x0000e031bd4f13f8
247698.0,195719,python,[JIT],0x0000e48a97432fc4
247697.0,195719,python,python,insert_split_key
247693.0,195775,python,[JIT],0x0000e031bd4f0ec0
247693.0,195809,python,[JIT],0x0000e96f067fa624
247692.0,195809,python,[JIT],0x0000e96f05f5a178
247691.0,195984,python,[JIT],0x0000fa70fc4f6bc4
247690.0,195843,python,python,emit__ERROR_POP_N_r00
247690.0,195809,python,[JIT],0x0000e96f068a233c
247686.0,195719,python,[JIT],0x0000e48a96accd14
247686.0,195719,python,[JIT],0x0000e48a974321ec
247685.0,195984,python,[JIT],0x0000fa70fc4f56ac
247682.0,195984,python,[JIT],0x0000fa70fc81eeb0
247682.0,195775,python,[JIT],0x0000e031bcef73d4
247680.0,195809,python,[JIT],0x0000e96f068ac26c
247676.0,195719,python,[JIT],0x0000e48a96acd214
247674.0,195809,python,[JIT],0x0000e96f068ab060
247674.0,195843,python,[JIT],0x0000f8264433b104
247673.0,195984,python,[JIT],0x0000fa70fc76c518
247672.0,195809,python,[JIT],0x0000e96f067f9778
247671.0,195809,python,[JIT],0x0000e96f068a10b4
247669.0,195915,python,[JIT],0x0000e5957c4eb1b0
247667.0,195809,python,[JIT],0x0000e96f05f51e24
247661.0,195915,python,[JIT],0x0000e5957bfc2090
247661.0,195915,python,[JIT],0x0000e5957c935388
247661.0,195843,python,[JIT],0x0000f826445db650
247660.0,195719,python,[JIT],0x0000e48a974316f0
247657.0,195775,python,[JIT],0x0000e031bd85ab80
247656.0,195775,python,[JIT],0x0000e031bd5456f0
247656.0,195775,python,[JIT],0x0000e031bd85b3ec
247655.0,195775,python,[JIT],0x0000e031bd5456a4
247653.0,195984,python,[JIT],0x0000fa70fc7635b4
247653.0,195984,python,[JIT],0x0000fa70fc81db30
247651.0,195809,python,[JIT],0x0000e96f067fa0ec
247650.0,195984,python,[JIT],0x0000fa70fbeb5730
247645.0,195809,python,[JIT],0x0000e96f05f5b38c
247639.0,195809,python,[JIT],0x0000e96f05f99c30
247634.0,195809,python,[JIT],0x0000e96f068a12e0
247625.0,195843,python,[JIT],0x0000f826445dc258
247623.0,195719,python,[JIT],0x0000e48a96a94458
247622.0,195809,python,[JIT],0x0000e96f064f6d2c
247618.0,195775,python,[JIT],0x0000e031bd50b9bc
247617.0,195775,python,[JIT],0x0000e031bd50c624
247612.0,195809,python,[JIT],0x0000e96f064f327c
247612.0,195843,python,[JIT],0x0000f8264433c4d8
247611.0,195775,python,[JIT],0x0000e031bd503214
247608.0,195775,python,[JIT],0x0000e031bd85aad0
247606.0,195984,python,[JIT],0x0000fa70fbe886c8
247606.0,195809,python,[JIT],0x0000e96f068a7728
247605.0,195719,python,[JIT],0x0000e48a96acb4c0
247603.0,195719,python,[JIT],0x0000e48a9743274c
247602.0,195915,python,[JIT],0x0000e5957c5256f0
247601.0,195809,python,[JIT],0x0000e96f068ac970
247597.0,195984,python,[JIT],0x0000fa70fc4f646c
247596.0,195809,python,[JIT],0x0000e96f068a4274
247596.0,195843,python,[JIT],0x0000f826445d1d8c
247595.0,195719,python,[JIT],0x0000e48a96afc3d8
247594.0,195809,python,[JIT],0x0000e96f05f5d4f0
247588.0,195719,python,[JIT],0x0000e48a97431974
247587.0,195775,python,[JIT],0x0000e031bd4ec148
247586.0,195915,python,[JIT],0x0000e5957c888a44
247586.0,195809,python,[JIT],0x0000e96f068d7134
247584.0,195809,python,[JIT],0x0000e96f064f3268
247583.0,195843,python,[JIT],0x0000f82644683c44
247581.0,195915,python,[JIT],0x0000e5957c525348
247579.0,195775,python,[JIT],0x0000e031bd507fb0
247579.0,195775,python,[JIT],0x0000e031bd857560
247578.0,195775,python,[JIT],0x0000e031bd5452a0
247577.0,195843,python,[JIT],0x0000f826445dce78
247577.0,195809,python,[JIT],0x0000e96f067f92c0
247572.0,195775,python,[JIT],0x0000e031bd88507c
247570.0,195984,python,[JIT],0x0000fa70fbebdfd0
247567.0,195984,python,[JIT],0x0000fa70fc76d6c4
247567.0,195843,python,[JIT],0x0000f826446846d0
247566.0,195775,python,[JIT],0x0000e031bd852428
247562.0,195843,python,[JIT],0x0000f826446812dc
247560.0,195775,python,[JIT],0x0000e031bd856e60
247559.0,195809,python,[JIT],0x0000e96f05f985a0
247557.0,195775,python,[JIT],0x0000e031bd542328
247557.0,195843,python,[JIT],0x0000f82644682008
247549.0,195984,python,[JIT],0x0000fa70fc4fcc24
247546.0,195843,python,[JIT],0x0000f8264433d2e4
247544.0,195719,python,[JIT],0x0000e48a96afc464
247535.0,195843,python,[JIT],0x0000f826442ef61c
247533.0,195809,python,[JIT],0x0000e96f064ee8f8
247530.0,195843,python,[JIT],0x0000f826445dc2bc
247526.0,195843,python,[JIT],0x0000f8264433bed8
247525.0,195719,python,[JIT],0x0000e48a9738b288
247521.0,195984,python,[JIT],0x0000fa70fbeb8ef8
247521.0,195719,python,[JIT],0x0000e48a97128490
247496.0,195775,python,[JIT],0x0000e031bd8870fc
247489.0,195719,python,[JIT],0x0000e48a974310d8
247487.0,195809,python,[JIT],0x0000e96f067f9334
247485.0,195915,python,[JIT],0x0000e5957c88c280
247483.0,195775,python,[JIT],0x0000e031bd50c55c
247482.0,195809,python,[JIT],0x0000e96f067fa640
247482.0,195843,python,[JIT],0x0000f8264433c48c
247474.0,195915,python,[JIT],0x0000e5957bf63c6c
247473.0,195915,python,[JIT],0x0000e5957c525800
247459.0,195843,python,[JIT],0x0000f8264433c1a4
247459.0,195843,python,[JIT],0x0000f8264433c618
247457.0,195775,python,[JIT],0x0000e031bd85bea8
247456.0,195809,python,python,supercheck
247455.0,195984,python,[JIT],0x0000fa70fc76d004
247451.0,195719,python,[JIT],0x0000e48a970ed19c
247441.0,195775,python,[JIT],0x0000e031bd501980
247434.0,195843,python,[JIT],0x0000f826442ef828
247430.0,195775,python,[JIT],0x0000e031bd50c9e0
247424.0,195809,python,[JIT],0x0000e96f068ad110
247422.0,195775,python,[JIT],0x0000e031bd50b44c
247412.0,195984,python,[JIT],0x0000fa70fc81dcac
247412.0,195775,python,[JIT],0x0000e031bd4f0da4
247410.0,195984,python,[JIT],0x0000fa70fc4fb358
247406.0,195719,python,[JIT],0x0000e48a9712b07c
247404.0,195984,python,[JIT],0x0000fa70fc4f58b8
247404.0,195915,python,[JIT],0x0000e5957c93972c
247404.0,195809,python,[JIT],0x0000e96f064f62b8
247404.0,195809,python,[JIT],0x0000e96f068d85cc
247400.0,195809,python,[JIT],0x0000e96f067f9a94
247397.0,195984,python,[JIT],0x0000fa70fc761178
247396.0,195775,python,[JIT],0x0000e031bd855388
247394.0,195775,python,[JIT],0x0000e031bd50bdd4
247387.0,195984,python,[JIT],0x0000fa70fc818d80
247384.0,195775,python,[JIT],0x0000e031bd7a10d4
247379.0,195719,python,[JIT],0x0000e48a96af1070
247363.0,195843,python,[JIT],0x0000f826446837d8
247360.0,195843,python,[JIT],0x0000f82644683acc
247352.0,195775,python,[JIT],0x0000e031bd8575ac
247350.0,195775,python,[JIT],0x0000e031bd8514d4
247346.0,195719,python,[JIT],0x0000e48a9712a5d4
247344.0,195915,python,[JIT],0x0000e5957bfc7f3c
247339.0,195843,python,[JIT],0x0000f8264433e960
247335.0,195719,python,[JIT],0x0000e48a9712b150
247333.0,195843,python,[JIT],0x0000f82644683c78
247332.0,195843,python,[JIT],0x0000f826442f3d88
247329.0,195775,python,[JIT],0x0000e031bd852654
247327.0,195843,python,[JIT],0x0000f826442fec98
247325.0,195719,python,[JIT],0x0000e48a97431c94
247325.0,195809,python,[JIT],0x0000e96f064f3104
247322.0,195915,python,[JIT],0x0000e5957bff5530
247317.0,195843,python,[JIT],0x0000f8264459e004
247315.0,195719,python,[JIT],0x0000e48a9738be9c
247307.0,195775,python,[JIT],0x0000e031bd7a3158
247305.0,195809,python,[JIT],0x0000e96f068d81b0
247301.0,195984,python,[JIT],0x0000fa70fc4f6534
247301.0,195809,python,[JIT],0x0000e96f068a6b40
247290.0,195843,python,[JIT],0x0000f826445dc4c0
247284.0,195915,python,[JIT],0x0000e5957c88c38c
247283.0,195915,python,[JIT],0x0000e5957c4eb838
247281.0,195984,python,[JIT],0x0000fa70fc4f5744
247276.0,195719,python,[JIT],0x0000e48a97384550
247263.0,195809,python,[JIT],0x0000e96f068a2270
247260.0,195809,python,[JIT],0x0000e96f068d8218
247260.0,195843,python,[JIT],0x0000f82644683f0c
247255.0,195775,python,[JIT],0x0000e031bd7aa0a4
247253.0,195719,python,[JIT],0x0000e48a97431cc0
247251.0,195719,python,[JIT],0x0000e48a96afbdfc
247238.0,195984,python,[JIT],0x0000fa70fc818848
247238.0,195719,python,[JIT],0x0000e48a97431d20
247237.0,195809,python,[JIT],0x0000e96f068a7e64
247232.0,195915,python,[JIT],0x0000e5957c934190
247230.0,195915,python,[JIT],0x0000e5957bf99764
247230.0,195719,python,[JIT],0x0000e48a9738cb60
247225.0,195843,python,[JIT],0x0000f826445d87e0
247223.0,195775,python,[JIT],0x0000e031bd85c140
247221.0,195809,python,[JIT],0x0000e96f05f5716c
247220.0,195984,python,[JIT],0x0000fa70fc84a4d4
247204.0,195915,python,[JIT],0x0000e5957c939720
247204.0,195775,python,[JIT],0x0000e031bd502500
247202.0,195984,python,[JIT],0x0000fa70fc819780
247182.0,195915,python,[JIT],0x0000e5957c8899e4
247182.0,195843,python,[JIT],0x0000f82644376320
247182.0,195843,python,[JIT],0x0000f826446842e4
247177.0,195809,python,[JIT],0x0000e96f068d8264
247175.0,195915,python,[JIT],0x0000e5957c887354
247175.0,195843,python,[JIT],0x0000f8264433ef58
247158.0,195843,python,[JIT],0x0000f826442fd1b8
247150.0,195843,python,[JIT],0x0000f82644372074
247145.0,195775,python,[JIT],0x0000e031bd8550d8
247141.0,195984,python,[JIT],0x0000fa70fc506960
247140.0,195809,python,[JIT],0x0000e96f064f5fb8
247139.0,195984,python,[JIT],0x0000fa70fc811208
247136.0,195843,python,[JIT],0x0000f826446b0294
247125.0,195719,python,[JIT],0x0000e48a974323dc
247111.0,195984,python,[JIT],0x0000fa70fc50330c
247111.0,195843,python,[JIT],0x0000f826445d1c90
247110.0,195809,python,[JIT],0x0000e96f064f60b0
247106.0,195984,python,[JIT],0x0000fa70fbefc698
247105.0,195843,python,[JIT],0x0000f8264433b454
247099.0,195984,python,[JIT],0x0000fa70fc7630b8
247096.0,195809,python,[kernel.kallsyms],change_pmd_range.isra.0
247088.0,195775,python,[JIT],0x0000e031bd855154
247083.0,195843,python,[JIT],0x0000f8264430f038
247080.0,195775,python,[JIT],0x0000e031bd501cd8
247079.0,195984,python,[JIT],0x0000fa70fc815168
247077.0,195719,python,[JIT],0x0000e48a970eb8bc
247061.0,195843,python,[JIT],0x0000f8264430a344
247049.0,195984,python,[JIT],0x0000fa70fc4f7290
247020.0,195984,python,[JIT],0x0000fa70fc763c70
247017.0,195843,python,[JIT],0x0000f826446b0350
247016.0,195775,python,[JIT],0x0000e031bd50b1ac
247008.0,195843,python,[JIT],0x0000f8264437b38c
247001.0,195809,python,[JIT],0x0000e96f068a4420
246989.0,195719,python,[JIT],0x0000e48a970eb7a4
246986.0,195843,python,python,elf_init_ehframe_gdb.constprop.0
246982.0,195984,python,[JIT],0x0000fa70fc72e9d4
246955.0,195984,python,[JIT],0x0000fa70fc4fc4b4
246955.0,195984,python,[JIT],0x0000fa70fc4fe454
246954.0,195719,python,[JIT],0x0000e48a96a92490
246954.0,195719,python,[JIT],0x0000e48a974324a4
246936.0,195843,python,[JIT],0x0000f82644681480
246926.0,195915,python,[JIT],0x0000e5957bff7440
246917.0,195809,python,[JIT],0x0000e96f05f5bbd4
246915.0,195843,python,[JIT],0x0000f826445d1db4
246908.0,195809,python,[JIT],0x0000e96f064f5c18
246904.0,195719,python,[JIT],0x0000e48a9745d35c
246896.0,195809,python,[JIT],0x0000e96f064f5880
246894.0,195843,python,[JIT],0x0000f8264430a694
246890.0,195984,python,[JIT],0x0000fa70fc4fb244
246884.0,195984,python,[JIT],0x0000fa70fc4f5d74
246880.0,195775,python,[JIT],0x0000e031bd54516c
246874.0,195915,python,[JIT],0x0000e5957bfc4084
246874.0,195809,python,[JIT],0x0000e96f068a12d4
246869.0,195915,python,[JIT],0x0000e5957c931034
246866.0,195915,python,python,emit__GUARD_DORV_NO_DICT_r22
246843.0,195775,python,[JIT],0x0000e031bcefca40
246842.0,195915,python,[JIT],0x0000e5957c8810b4
246833.0,195843,python,[JIT],0x0000f826445dd450
246821.0,195775,python,[JIT],0x0000e031bd545908
246812.0,195984,python,[JIT],0x0000fa70fc8190f8
246810.0,195984,python,[JIT],0x0000fa70fc4f66b4
246807.0,195984,python,[JIT],0x0000fa70fc4fb0b8
246798.0,195719,python,[JIT],0x0000e48a96a944f0
246787.0,195719,python,[JIT],0x0000e48a970ed230
246752.0,195775,python,[JIT],0x0000e031bd545b7c
246734.0,195843,python,[JIT],0x0000f8264433b964
246733.0,195775,python,[JIT],0x0000e031bd54557c
246732.0,195719,python,[JIT],0x0000e48a96afbf94
246723.0,195809,python,[JIT],0x0000e96f05f2c008
246722.0,195809,python,[JIT],0x0000e96f064f57a8
246716.0,195915,python,[JIT],0x0000e5957bff703c
246714.0,195984,python,[JIT],0x0000fa70fbebd3d8
246702.0,195843,python,[JIT],0x0000f826445d820c
246691.0,195984,python,[JIT],0x0000fa70fc818038
246679.0,195809,python,[JIT],0x0000e96f068a78f8
246670.0,195775,python,[JIT],0x0000e031bd85b6e8
246658.0,195809,python,[JIT],0x0000e96f068d6480
246652.0,195915,python,[JIT],0x0000e5957c939ef0
246652.0,195719,python,[JIT],0x0000e48a9743265c
246643.0,195915,python,[JIT],0x0000e5957c52388c
246642.0,195775,python,[JIT],0x0000e031bd5452f8
246640.0,195809,python,[JIT],0x0000e96f064f545c
246637.0,195719,python,[JIT],0x0000e48a97431c88
246636.0,195809,python,[JIT],0x0000e96f068d805c
246627.0,195984,python,[JIT],0x0000fa70fc76d738
246622.0,195809,python,[JIT],0x0000e96f068a7384
246616.0,195984,python,[JIT],0x0000fa70fc76321c
246594.0,195915,python,[JIT],0x0000e5957bf6dbd0
246582.0,195915,python,[JIT],0x0000e5957c88c1a0
246578.0,195984,python,[JIT],0x0000fa70fc8193f4
246558.0,195843,python,[JIT],0x0000f826442ef368
246552.0,195775,python,[JIT],0x0000e031bd8525ac
246538.0,195915,python,[JIT],0x0000e5957c4eb54c
246528.0,195775,python,[JIT],0x0000e031bd856fdc
246527.0,195984,python,[JIT],0x0000fa70fc769030
246523.0,195984,python,[JIT],0x0000fa70fc504b7c
246514.0,195843,python,[JIT],0x0000f82644372d7c
246510.0,195775,python,[JIT],0x0000e031bd85637c
246506.0,195843,python,[JIT],0x0000f826442ef344
246494.0,195719,python,[JIT],0x0000e48a9738c07c
246461.0,195809,python,[JIT],0x0000e96f067fa430
246443.0,195775,python,[JIT],0x0000e031bd855180
246440.0,195843,python,[JIT],0x0000f826445d2568
246434.0,195775,python,[JIT],0x0000e031bd5453e4
246412.0,195775,python,[JIT],0x0000e031bd50c45c
246408.0,195915,python,[JIT],0x0000e5957c8895d8
246402.0,195984,python,[JIT],0x0000fa70fc8189bc
246393.0,195809,python,[JIT],0x0000e96f068d6264
246387.0,195984,python,[JIT],0x0000fa70fc7633cc
246386.0,195775,python,[JIT],0x0000e031bd4f63f8
246382.0,195843,python,[JIT],0x0000f826445dc9ac
246379.0,195915,python,[JIT],0x0000e5957c889598
246359.0,195809,python,[JIT],0x0000e96f05f2c748
246358.0,195719,python,[JIT],0x0000e48a970edef8
246323.0,195719,python,[JIT],0x0000e48a96acb7a0
246282.0,195984,python,[JIT],0x0000fa70fc4f5150
246261.0,195843,python,[JIT],0x0000f82644372044
246260.0,195719,python,[JIT],0x0000e48a9738c850
246242.0,195775,python,[JIT],0x0000e031bd8573f8
246221.0,195915,python,[JIT],0x0000e5957c934d04
246201.0,195843,python,[JIT],0x0000f826445d802c
246195.0,195719,python,[JIT],0x0000e48a97384354
246195.0,195809,python,[JIT],0x0000e96f05f5bcc8
246182.0,195984,python,[JIT],0x0000fa70fc849440
246166.0,195775,python,[JIT],0x0000e031bd50b71c
246164.0,195915,python,[JIT],0x0000e5957c525a94
246133.0,195984,python,[JIT],0x0000fa70fc4f5ed0
246129.0,195809,python,[JIT],0x0000e96f067f71dc
246126.0,195809,python,[JIT],0x0000e96f068ad1cc
246119.0,195843,python,[JIT],0x0000f82644309970
246119.0,195843,python,[JIT],0x0000f826443723d8
246118.0,195719,python,[JIT],0x0000e48a9712b824
246112.0,195809,python,[JIT],0x0000e96f05f56d04
246086.0,195719,python,[JIT],0x0000e48a9712b618
246055.0,195809,python,[JIT],0x0000e96f067f1c3c
246045.0,195843,python,[JIT],0x0000f82644683ca4
246035.0,195719,python,[JIT],0x0000e48a96afc838
246026.0,195984,python,[JIT],0x0000fa70fc4f6364
246009.0,195775,python,[kernel.kallsyms],arch_local_irq_enable
246008.0,195809,python,[kernel.kallsyms],percpu_counter_add_batch
246003.0,195984,python,[JIT],0x0000fa70fc503eb0
246001.0,195843,python,[JIT],0x0000f826446850e0
246000.0,195843,python,[JIT],0x0000f8264430af20
245999.0,195809,python,[JIT],0x0000e96f068a1330
245988.0,195775,python,[JIT],0x0000e031bd85b05c
245977.0,195775,python,[JIT],0x0000e031bd50b9fc
245970.0,195984,python,[JIT],0x0000fa70fc81dbc8
245969.0,195843,python,[JIT],0x0000f82644375f48
245948.0,195809,python,[JIT],0x0000e96f068ad014
245925.0,195843,python,[JIT],0x0000f82644681218
245925.0,195843,python,[JIT],0x0000f826446842d8
245899.0,195984,python,[JIT],0x0000fa70fc76314c
245872.0,195984,python,[JIT],0x0000fa70fc8197c0
245867.0,195843,python,[JIT],0x0000f8264459e264
245841.0,195984,python,[JIT],0x0000fa70fc81d718
245826.0,195915,python,[JIT],0x0000e5957c932138
245807.0,195843,python,[JIT],0x0000f82644684b2c
245806.0,195719,python,[JIT],0x0000e48a9738c9b8
245795.0,195719,python,[JIT],0x0000e48a973842bc
245757.0,195915,python,[JIT],0x0000e5957c887064
245754.0,195775,python,[JIT],0x0000e031bd887218
245737.0,195843,python,[JIT],0x0000f826445d1494
245710.0,195984,python,[JIT],0x0000fa70fbefbf58
245672.0,195775,python,[JIT],0x0000e031bd50bd8c
245665.0,195843,python,[JIT],0x0000f8264433c1c8
245661.0,195843,python,[JIT],0x0000f82644684e60
245657.0,195809,python,[JIT],0x0000e96f068a46bc
245646.0,195809,python,[JIT],0x0000e96f064f69fc
245622.0,195809,python,[JIT],0x0000e96f067fab64
245614.0,195843,python,[JIT],0x0000f826443385d8
245590.0,195984,python,[JIT],0x0000fa70fc8494b0
245589.0,195843,python,[JIT],0x0000f82644684798
245576.0,195915,python,[JIT],0x0000e5957bfc44e8
245567.0,195984,python,[JIT],0x0000fa70fc504ba0
245495.0,195775,python,[JIT],0x0000e031bd85a060
245481.0,195984,python,[JIT],0x0000fa70fc811108
245438.0,195984,python,[JIT],0x0000fa70fc815030
245435.0,195809,python,[JIT],0x0000e96f068d8448
245431.0,195809,python,[JIT],0x0000e96f068a7720
245427.0,195984,python,[JIT],0x0000fa70fc504068
245418.0,195719,python,[JIT],0x0000e48a97388068
245392.0,195843,python,[JIT],0x0000f826445d2620
245289.0,195775,python,[JIT],0x0000e031bd4f6848
245273.0,195809,python,[JIT],0x0000e96f067f9a14
245266.0,195915,python,[JIT],0x0000e5957c935594
245264.0,195775,python,[JIT],0x0000e031bd8566f8
245261.0,195915,python,[JIT],0x0000e5957c934a50
245251.0,195809,python,[JIT],0x0000e96f064f644c
245241.0,195775,python,[JIT],0x0000e031bd85bcbc
245235.0,195915,python,[JIT],0x0000e5957c889340
245218.0,195915,python,[JIT],0x0000e5957c9349ec
245211.0,195719,python,[JIT],0x0000e48a9738b388
245208.0,195809,python,[JIT],0x0000e96f064eb744
245166.0,195719,python,[JIT],0x0000e48a9738c654
245142.0,195843,python,[JIT],0x0000f826445dc350
245121.0,195843,python,[JIT],0x0000f8264430a020
245088.0,195843,python,[JIT],0x0000f8264430a888
245074.0,195984,python,[JIT],0x0000fa70fc4fb1e4
245034.0,195915,python,[JIT],0x0000e5957c88c12c
245000.0,195775,python,[JIT],0x0000e031bd85addc
244985.0,195915,python,[JIT],0x0000e5957bfc8a90
244905.0,195809,python,[JIT],0x0000e96f068ab7c0
244904.0,195809,python,python,rangeiter_dealloc
244898.0,195775,python,[JIT],0x0000e031bcef36bc
244893.0,195775,python,[JIT],0x0000e031bd7a90e8
244892.0,195719,python,[JIT],0x0000e48a96a98edc
244860.0,195984,python,[JIT],0x0000fa70fc811138
244807.0,195719,python,[JIT],0x0000e48a96afc2dc
244795.0,195809,python,[JIT],0x0000e96f067f7ca8
244746.0,195843,python,[JIT],0x0000f82644372b50
244745.0,195843,python,[JIT],0x0000f82644683c48
244712.0,195809,python,[JIT],0x0000e96f068d81fc
244694.0,195809,python,[JIT],0x0000e96f064f645c
244678.0,195843,python,[JIT],0x0000f826445dc40c
244651.0,195915,python,[JIT],0x0000e5957c525514
244650.0,195809,python,[JIT],0x0000e96f068d8350
244629.0,195843,python,[JIT],0x0000f82644683628
244585.0,195984,python,[JIT],0x0000fa70fc4f6048
244561.0,195915,python,[JIT],0x0000e5957bff73a4
244531.0,195843,python,[JIT],0x0000f826446ae50c
244474.0,195775,python,[JIT],0x0000e031bd85b008
244467.0,195843,python,[JIT],0x0000f826445dce8c
244448.0,195719,python,[JIT],0x0000e48a96a9c6e8
244427.0,195984,python,[JIT],0x0000fa70fc8186d8
244404.0,195775,python,[JIT],0x0000e031bd85a4b8
244403.0,195843,python,[kernel.kallsyms],__perf_addr_filters_adjust
244383.0,195843,python,[JIT],0x0000f826442fea6c
244374.0,195719,python,[JIT],0x0000e48a96a94d2c
244347.0,195984,python,[JIT],0x0000fa70fc4f5a64
244287.0,195809,python,[JIT],0x0000e96f068a6674
244280.0,195775,python,[JIT],0x0000e031bd851910
244269.0,195719,python,[JIT],0x0000e48a96afc708
244268.0,195775,python,[JIT],0x0000e031bd4f0a34
244262.0,195775,python,[JIT],0x0000e031bd50b2dc
244251.0,195719,python,[JIT],0x0000e48a9745d718
244221.0,195915,python,[JIT],0x0000e5957c525bd8
244216.0,195809,python,[JIT],0x0000e96f05f99f4c
244213.0,195843,python,[JIT],0x0000f8264459e088
244185.0,195809,python,[JIT],0x0000e96f05f99638
244178.0,195775,python,[JIT],0x0000e031bd7aa378
244142.0,195809,python,[JIT],0x0000e96f068d7640
244093.0,195984,python,[JIT],0x0000fa70fc4f7268
244063.0,195843,python,[JIT],0x0000f82644683738
244026.0,195915,python,[JIT],0x0000e5957bff6528
243992.0,195809,python,[JIT],0x0000e96f068d6518
243974.0,195775,python,[JIT],0x0000e031bd50cacc
243971.0,195915,python,[JIT],0x0000e5957c93a74c
243970.0,195984,python,[JIT],0x0000fa70fbef7058
243940.0,195843,python,[JIT],0x0000f826445dc358
243933.0,195719,python,[JIT],0x0000e48a9745c07c
243854.0,195984,python,[JIT],0x0000fa70fc4f5380
243804.0,195809,python,[JIT],0x0000e96f068ab6c8
243795.0,195719,python,[JIT],0x0000e48a96a9cbec
243793.0,195775,python,[JIT],0x0000e031bcec6004
243766.0,195719,python,[JIT],0x0000e48a96af31a0
243688.0,195915,python,[JIT],0x0000e5957c9342d4
243687.0,195843,python,[JIT],0x0000f8264433bef8
243683.0,195775,python,[JIT],0x0000e031bd85a758
243677.0,195915,python,[JIT],0x0000e5957c96621c
243643.0,195809,python,[JIT],0x0000e96f05f2cca8
243634.0,195843,python,[JIT],0x0000f826442f2008
243625.0,195809,python,[JIT],0x0000e96f064f5f64
243574.0,195775,python,[JIT],0x0000e031bd7a93c8
243561.0,195984,python,[JIT],0x0000fa70fc4f66d4
243557.0,195843,python,[JIT],0x0000f8264437bba8
243549.0,195775,python,[JIT],0x0000e031bd545088
243547.0,195775,python,[JIT],0x0000e031bd855684
243541.0,195984,python,[JIT],0x0000fa70fc76354c
243502.0,195719,python,[JIT],0x0000e48a9738c284
243483.0,195775,python,[JIT],0x0000e031bd8568ac
243481.0,195719,python,[JIT],0x0000e48a96afbfa8
243473.0,195843,python,[JIT],0x0000f8264430a7b4
243462.0,195984,python,[JIT],0x0000fa70fc503b90
243436.0,195809,python,[JIT],0x0000e96f067f4b20
243404.0,195775,python,[JIT],0x0000e031bd5450c8
243392.0,195984,python,[JIT],0x0000fa70fbeff2b4
243388.0,195809,python,[JIT],0x0000e96f05f99c04
243355.0,195843,python,[JIT],0x0000f82644372bac
243324.0,195984,python,[JIT],0x0000fa70fc81a088
243296.0,195915,python,[JIT],0x0000e5957bfc714c
243295.0,195775,python,[JIT],0x0000e031bd88749c
243283.0,195809,python,[JIT],0x0000e96f064f52d4
243235.0,195915,python,[JIT],0x0000e5957c937330
243215.0,195843,python,[JIT],0x0000f82644683ed8
243198.0,195915,python,[JIT],0x0000e5957bff62dc
243182.0,195843,python,[JIT],0x0000f8264433bb8c
243171.0,195984,python,[JIT],0x0000fa70fc76cca0
243156.0,195984,python,[JIT],0x0000fa70fc503824
243089.0,195984,python,[JIT],0x0000fa70fbef71ac
243089.0,195843,python,[JIT],0x0000f826446824e4
243002.0,195775,python,[JIT],0x0000e031bd50c9c4
242955.0,195984,python,[JIT],0x0000fa70fc81d51c
242950.0,195719,python,[JIT],0x0000e48a970eb894
242914.0,195809,python,[JIT],0x0000e96f068a60d8
242844.0,195775,python,[JIT],0x0000e031bd76e0b4
242812.0,195984,python,[JIT],0x0000fa70fc5044ec
242613.0,195809,python,[JIT],0x0000e96f05f524a8
242588.0,195984,python,[JIT],0x0000fa70fc81e6cc
242581.0,195843,python,[JIT],0x0000f826442f2030
242576.0,195915,python,[JIT],0x0000e5957bfc8ac4
242542.0,195809,python,[JIT],0x0000e96f068a80a0
242503.0,195915,python,[JIT],0x0000e5957c934600
242490.0,195984,python,[JIT],0x0000fa70fc5034b8
242435.0,195843,python,[JIT],0x0000f826442f31dc
242428.0,195984,python,[JIT],0x0000fa70fc4fb1b8
242428.0,195843,python,[JIT],0x0000f826443094d4
242403.0,195843,python,[JIT],0x0000f8264430a564
242245.0,195843,python,[JIT],0x0000f8264430aec8
242232.0,195984,python,[JIT],0x0000fa70fc81e3c0
242216.0,195984,python,[JIT],0x0000fa70fc76c808
242204.0,195719,python,[JIT],0x0000e48a96a95158
242106.0,195719,python,[JIT],0x0000e48a96a97084
242095.0,195775,python,[JIT],0x0000e031bd88719c
242081.0,195984,python,[JIT],0x0000fa70fc4f6f14
242063.0,195775,python,[JIT],0x0000e031bd4f646c
242006.0,195984,python,[JIT],0x0000fa70fc8156b8
242006.0,195984,python,[JIT],0x0000fa70fc81e678
241978.0,195984,python,[JIT],0x0000fa70fc763a68
241836.0,195843,python,[JIT],0x0000f826443720ec
241827.0,195775,python,[JIT],0x0000e031bd7aaa54
241749.0,195843,python,[JIT],0x0000f826443099a0
241619.0,195809,python,[JIT],0x0000e96f067f1048
241585.0,195719,python,[JIT],0x0000e48a96afbfe0
241513.0,195843,python,[JIT],0x0000f82644373298
241512.0,195915,python,[JIT],0x0000e5957c93a5f8
241508.0,195809,python,[JIT],0x0000e96f068ad3ac
241484.0,195843,python,[JIT],0x0000f82644333880
241464.0,195809,python,[JIT],0x0000e96f067f9618
241365.0,195843,python,[JIT],0x0000f826445d1c0c
241290.0,195719,python,[JIT],0x0000e48a9743161c
241229.0,195843,python,[JIT],0x0000f82644309f10
241227.0,195775,python,[JIT],0x0000e031bd4f1708
241222.0,195843,python,[JIT],0x0000f826445d8194
241187.0,195775,python,[JIT],0x0000e031bd7a9df0
241134.0,195719,python,[JIT],0x0000e48a9745d42c
241122.0,195984,python,[JIT],0x0000fa70fc81e284
241098.0,195915,python,[JIT],0x0000e5957bff104c
241096.0,195775,python,[JIT],0x0000e031bd8511d0
241096.0,195775,python,[JIT],0x0000e031bd852904
240838.0,195984,python,[JIT],0x0000fa70fc84a1a0
240757.0,195719,python,[JIT],0x0000e48a9738b9b4
240725.0,195775,python,[JIT],0x0000e031bd7aa1d4
240697.0,195719,python,[JIT],0x0000e48a974312dc
240684.0,195775,python,[JIT],0x0000e031bd85bf84
240670.0,195809,python,[JIT],0x0000e96f064f6128
240626.0,195843,python,[JIT],0x0000f82644683db8
240618.0,195809,python,[JIT],0x0000e96f068ab5d4
240612.0,195775,python,[JIT],0x0000e031bd7a20b4
240503.0,195984,python,[JIT],0x0000fa70fbef313c
240448.0,195809,python,[JIT],0x0000e96f068d83c4
240385.0,195809,python,[JIT],0x0000e96f064f5db0
240346.0,195843,python,[JIT],0x0000f82644683344
240333.0,195809,python,[JIT],0x0000e96f068a6390
240254.0,195915,python,[JIT],0x0000e5957c9394d0
240233.0,195843,python,[JIT],0x0000f826445d25bc
240232.0,195984,python,[JIT],0x0000fa70fc5030a0
240218.0,195843,python,[JIT],0x0000f82644372c6c
240127.0,195843,python,[JIT],0x0000f8264459e214
239953.0,195843,python,[JIT],0x0000f82644309a38
239855.0,195775,python,[JIT],0x0000e031bd50c0b0
239667.0,195809,python,[JIT],0x0000e96f068a2368
239620.0,195775,python,[JIT],0x0000e031bd85831c
239533.0,195843,python,[JIT],0x0000f82644684080
239468.0,195984,python,[JIT],0x0000fa70fc81dd8c
239443.0,195719,python,[JIT],0x0000e48a9712b344
239432.0,195809,python,[JIT],0x0000e96f068a6134
239400.0,195719,python,[JIT],0x0000e48a9738e31c
239391.0,195809,python,[JIT],0x0000e96f068a619c
239297.0,195775,python,[JIT],0x0000e031bd4f5808
239297.0,195719,python,[JIT],0x0000e48a9745e1d8
239234.0,195984,python,[JIT],0x0000fa70fc81ea44
239217.0,195775,python,[JIT],0x0000e031bd503178
239068.0,195915,python,[JIT],0x0000e5957bf6e0cc
239058.0,195915,python,[JIT],0x0000e5957c96645c
239033.0,195809,python,[JIT],0x0000e96f068d813c
239025.0,195809,python,[JIT],0x0000e96f067f493c
239011.0,195843,python,[JIT],0x0000f826445dbe34
238927.0,195809,python,[JIT],0x0000e96f064f328c
238916.0,195843,python,[JIT],0x0000f8264468378c
238870.0,195915,python,python,compactlongs_guard
238831.0,195984,python,[JIT],0x0000fa70fc4fc064
238769.0,195984,python,[JIT],0x0000fa70fc504690
238745.0,195843,python,[JIT],0x0000f82644685218
238664.0,195775,python,[JIT],0x0000e031bd8865ec
238607.0,195843,python,[JIT],0x0000f826445d2b70
238598.0,195984,python,[JIT],0x0000fa70fc81837c
238506.0,195915,python,[JIT],0x0000e5957c93adc8
238399.0,195809,python,[JIT],0x0000e96f067f175c
238393.0,195915,python,[JIT],0x0000e5957c4eba0c
238392.0,195775,python,[JIT],0x0000e031bd8562e8
238347.0,195984,python,[JIT],0x0000fa70fc763a34
238339.0,195775,python,[JIT],0x0000e031bd4f53f0
238300.0,195775,python,[JIT],0x0000e031bd851414
238229.0,195915,python,[JIT],0x0000e5957c936248
238183.0,195719,python,[JIT],0x0000e48a9712ac48
238142.0,195775,python,[JIT],0x0000e031bd85112c
238095.0,195809,python,[JIT],0x0000e96f068acde0
238056.0,195719,python,[JIT],0x0000e48a96af33d4
238027.0,195843,python,[JIT],0x0000f8264430f184
237966.0,195809,python,[JIT],0x0000e96f064f6688
237934.0,195775,python,[JIT],0x0000e031bd8555a8
237892.0,195775,python,[JIT],0x0000e031bd851060
237844.0,195775,python,[JIT],0x0000e031bcefd334
237774.0,195809,python,[JIT],0x0000e96f068a3204
237751.0,195775,python,[JIT],0x0000e031bd7aa240
237707.0,195809,python,[JIT],0x0000e96f05f57258
237706.0,195775,python,[JIT],0x0000e031bd885030
237693.0,195719,python,[JIT],0x0000e48a9712a114
237640.0,195915,python,[JIT],0x0000e5957c939e6c
237610.0,195984,python,[JIT],0x0000fa70fc81f190
237597.0,195915,python,[JIT],0x0000e5957c9651ec
237551.0,195775,python,[JIT],0x0000e031bd4f651c
237439.0,195984,python,[JIT],0x0000fa70fbefba60
237349.0,195843,python,[JIT],0x0000f826445d29c8
237341.0,195843,python,[JIT],0x0000f826445d1138
237338.0,195843,python,[JIT],0x0000f826446ae228
237318.0,195809,python,[JIT],0x0000e96f05f275cc
237223.0,195843,python,[JIT],0x0000f826445d1fcc
237220.0,195843,python,[JIT],0x0000f8264430a960
237217.0,195719,python,[JIT],0x0000e48a96afb678
237179.0,195775,python,[JIT],0x0000e031bd4f5198
237156.0,195984,python,[JIT],0x0000fa70fc763560
237096.0,195775,python,[JIT],0x0000e031bd7a8048
236823.0,195775,python,[JIT],0x0000e031bd855344
236823.0,195775,python,[JIT],0x0000e031bd85a928
236769.0,195775,python,[JIT],0x0000e031bd856164
236636.0,195915,python,[JIT],0x0000e5957c966068
236433.0,195775,python,[JIT],0x0000e031bd501ff0
236425.0,195915,python,[JIT],0x0000e5957bfc846c
236229.0,195984,python,[JIT],0x0000fa70fc4f52a0
236155.0,195843,python,libgcc_s.so.1,memmove@plt
236136.0,195984,python,[JIT],0x0000fa70fc81d0b8
236114.0,195843,python,python,optimize_uops.isra.0
236091.0,195843,python,[JIT],0x0000f826445dc7ac
235966.0,195775,python,[JIT],0x0000e031bd8527d8
235943.0,195809,python,[JIT],0x0000e96f068ac41c
235694.0,195984,python,[JIT],0x0000fa70fc4ff17c
235664.0,195843,python,[JIT],0x0000f826445dcfb0
235603.0,195809,python,[JIT],0x0000e96f05f956b8
235603.0,195809,python,[JIT],0x0000e96f064f3420
235531.0,195984,python,[JIT],0x0000fa70fbeb5770
235308.0,195843,python,[JIT],0x0000f826446ae0e0
235258.0,195915,python,[JIT],0x0000e5957c9347f8
235164.0,195843,python,[JIT],0x0000f8264430b084
235106.0,195719,python,[JIT],0x0000e48a96afbf64
235089.0,195775,python,[JIT],0x0000e031bd50c9a0
235002.0,195719,python,[JIT],0x0000e48a9745c3c8
234955.0,195719,python,[JIT],0x0000e48a9712b4a4
234943.0,195719,python,[JIT],0x0000e48a9745e4c0
234776.0,195775,python,[JIT],0x0000e031bd501eb4
234572.0,195843,python,[JIT],0x0000f826445d8c2c
234523.0,195809,python,[JIT],0x0000e96f068ac550
234498.0,195809,python,[JIT],0x0000e96f068ab964
234457.0,195915,python,[JIT],0x0000e5957c9341e4
234253.0,195775,python,[JIT],0x0000e031bd7a9348
234252.0,195775,python,python,_Py_dict_lookup
234200.0,195775,python,[JIT],0x0000e031bd85afc4
234185.0,195775,python,[JIT],0x0000e031bd85a540
234173.0,195984,python,[JIT],0x0000fa70fc849214
234098.0,195775,python,[JIT],0x0000e031bd889110
233866.0,195843,python,[JIT],0x0000f8264430b40c
233808.0,195843,python,[JIT],0x0000f826445d167c
233430.0,195984,python,[JIT],0x0000fa70fc81d430
233429.0,195809,python,[JIT],0x0000e96f068ab2d4
233206.0,195843,python,[JIT],0x0000f826446b0500
233194.0,195915,python,[JIT],0x0000e5957c4eb22c
232814.0,195843,python,[JIT],0x0000f82644684c78
232807.0,195775,python,[JIT],0x0000e031bd7aaa18
232806.0,195719,python,[JIT],0x0000e48a9738c540
232771.0,195915,python,[JIT],0x0000e5957c888b7c
232602.0,195775,python,[JIT],0x0000e031bd50c394
232525.0,195809,python,[JIT],0x0000e96f068d7200
232502.0,195809,python,[JIT],0x0000e96f05f5a054
232501.0,195809,python,[kernel.kallsyms],mas_rev_awalk
232389.0,195775,python,[JIT],0x0000e031bd50c4e8
232297.0,195719,python,[JIT],0x0000e48a9738bbfc
232274.0,195775,python,[JIT],0x0000e031bd4f5144
232111.0,195843,python,[JIT],0x0000f826446ae1f4
232066.0,195775,python,[JIT],0x0000e031bd7a9b18
231891.0,195984,python,[JIT],0x0000fa70fc72e390
231874.0,195984,python,[JIT],0x0000fa70fc76b124
231764.0,195775,python,[kernel.kallsyms],__lruvec_stat_mod_folio
231700.0,195984,python,[JIT],0x0000fa70fc84a0ac
231514.0,195984,python,[JIT],0x0000fa70fc849874
231266.0,195984,python,[JIT],0x0000fa70fc81ebcc
230907.0,195719,python,[JIT],0x0000e48a970edf68
230636.0,195843,python,[JIT],0x0000f826445d13a8
230520.0,195915,python,[JIT],0x0000e5957c8885cc
230452.0,195984,python,[JIT],0x0000fa70fbef3310
230379.0,195915,python,[JIT],0x0000e5957c93442c
230287.0,195843,python,[JIT],0x0000f826446af244
230257.0,195809,python,[JIT],0x0000e96f068ac578
230086.0,195719,python,[JIT],0x0000e48a9738d21c
229669.0,195809,python,[JIT],0x0000e96f067f1b8c
229493.0,195775,python,[JIT],0x0000e031bd85a078
229437.0,195984,python,[JIT],0x0000fa70fc81f1ec
229210.0,195843,python,[JIT],0x0000f82644372360
229117.0,195809,python,[JIT],0x0000e96f05f29300
228949.0,195915,python,[JIT],0x0000e5957c9366d0
228785.0,195984,python,[JIT],0x0000fa70fc764a88
228772.0,195984,python,[JIT],0x0000fa70fc4f6128
228674.0,195843,python,[JIT],0x0000f826442ef46c
228008.0,195915,python,[JIT],0x0000e5957bff5afc
227871.0,195915,python,[JIT],0x0000e5957bfc8a6c
227132.0,195719,python,[JIT],0x0000e48a9745c318
227097.0,195719,python,[JIT],0x0000e48a97431e38
226480.0,195984,python,[JIT],0x0000fa70fc8183e8
226178.0,195843,python,[JIT],0x0000f826443095cc
225991.0,195809,python,[JIT],0x0000e96f064f6a64
225711.0,195843,python,[JIT],0x0000f826445d2210
225133.0,195719,python,[JIT],0x0000e48a9738d4e8
224993.0,195915,python,python,_PyEvalFramePushAndInit
224129.0,195843,python,[JIT],0x0000f82644372770
224096.0,195719,python,[JIT],0x0000e48a9738c568
223864.0,195775,python,[JIT],0x0000e031bd855858
223733.0,195843,python,[JIT],0x0000f826442f02d4
223715.0,195843,python,[JIT],0x0000f82644683500
223596.0,195915,python,[JIT],0x0000e5957c96800c
223381.0,195719,python,[JIT],0x0000e48a970eddf4
223381.0,195809,python,[JIT],0x0000e96f064f57a0
223349.0,195809,python,[JIT],0x0000e96f064f55a0
223325.0,195719,python,[JIT],0x0000e48a96acc204
223282.0,195984,python,[JIT],0x0000fa70fc76d4fc
222984.0,195809,python,[JIT],0x0000e96f068d84ac
222832.0,195775,python,[JIT],0x0000e031bd85a578
222746.0,195984,python,[JIT],0x0000fa70fc849040
222659.0,195775,python,[JIT],0x0000e031bcef454c
222000.0,195915,python,[JIT],0x0000e5957c889394
221718.0,195843,python,[JIT],0x0000f826446833b8
221162.0,195809,python,[JIT],0x0000e96f05f986ac
221019.0,195915,python,[JIT],0x0000e5957c939800
220781.0,195809,python,[JIT],0x0000e96f064f3850
220284.0,195775,python,[JIT],0x0000e031bd76eebc
218715.0,195984,python,python,PyObject_SetAttr
216229.0,195775,python,[JIT],0x0000e031bd7a99c0
216229.0,195775,python,[JIT],0x0000e031bd85b2b4
210726.0,195775,python,python,store_instance_attr_lock_held
200080.0,195775,python,[JIT],0x0000e031bd85a80c
190765.0,195843,python,[JIT],0x0000f82644683b38
186485.0,195809,python,python,long_mul_method
140655.0,195984,python,python,_Py_Specialize_LoadGlobal
60460.0,195775,python,[kernel.kallsyms],task_mm_cid_work
51387.0,195775,python,[JIT],0x0000e031bd85a03c
46988.0,195946,python,[kernel.kallsyms],task_mm_cid_work
31703.0,195843,python,[kernel.kallsyms],task_mm_cid_work
30973.0,195775,python,[kernel.kallsyms],_find_next_bit
29570.0,195984,python,[kernel.kallsyms],blkcg_maybe_throttle_current
24768.0,195984,python,[kernel.kallsyms],task_mm_cid_work
22653.0,195915,python,[kernel.kallsyms],__rcu_read_lock
16411.0,195843,python,[kernel.kallsyms],do_notify_resume
15018.0,195915,python,[kernel.kallsyms],do_notify_resume
13272.0,195809,python,[kernel.kallsyms],handle_softirqs
13272.0,195809,python,[kernel.kallsyms],task_mm_cid_work
12715.0,195984,python,[kernel.kallsyms],do_notify_resume
12540.0,195809,python,[kernel.kallsyms],sched_mm_cid_remote_clear
7176.0,195984,python,[kernel.kallsyms],do_notify_resume
7171.0,195984,python,[kernel.kallsyms],__rcu_read_unlock
6058.0,195915,python,[kernel.kallsyms],task_mm_cid_work
2812.0,195915,python,[kernel.kallsyms],do_notify_resume
2343.0,195809,python,[kernel.kallsyms],sched_mm_cid_remote_clear
1865.0,195809,python,[kernel.kallsyms],do_notify_resume
1.0,195984,python,[kernel.kallsyms],finish_task_switch.isra.0
1.0,195984,python,[kernel.kallsyms],finish_task_switch.isra.0
1.0,195915,python,[kernel.kallsyms],finish_task_switch.isra.0
1.0,195775,python,[kernel.kallsyms],finish_task_switch.isra.0
1.0,195946,python,[kernel.kallsyms],finish_task_switch.isra.0
1.0,195915,python,[kernel.kallsyms],finish_task_switch.isra.0
1.0,195775,python,[kernel.kallsyms],finish_task_switch.isra.0
1.0,195719,python,[kernel.kallsyms],finish_task_switch.isra.0
1.0,195843,python,[kernel.kallsyms],finish_task_switch.isra.0
1.0,195809,python,[kernel.kallsyms],finish_task_switch.isra.0
1.0,195843,python,[kernel.kallsyms],finish_task_switch.isra.0
1.0,195809,python,[kernel.kallsyms],finish_task_switch.isra.0
