self,pid,command,shared_obj,symbol
333650231.0,2367438,python,python,float_compactlong_true_div
315651559.0,2367676,python,python,float_compactlong_true_div
306893731.0,2367570,python,python,float_compactlong_true_div
305328515.0,2367605,python,python,float_compactlong_true_div
304100988.0,2367438,python,python,_PyCompactLong_Add
301471759.0,2367500,python,python,float_compactlong_true_div
292465519.0,2367465,python,python,float_compactlong_true_div
285633029.0,2367676,python,python,_PyCompactLong_Add
284873912.0,2367605,python,python,_PyCompactLong_Add
282787825.0,2367465,python,python,_PyCompactLong_Add
277731016.0,2367570,python,python,_PyCompactLong_Add
256545866.0,2367500,python,python,_PyCompactLong_Add
131881344.0,2367438,python,python,_PyLong_ExactDealloc
119991106.0,2367570,python,python,_PyLong_ExactDealloc
118270008.0,2367500,python,python,_PyLong_ExactDealloc
117491674.0,2367465,python,python,_PyLong_ExactDealloc
115515505.0,2367605,python,python,_PyLong_ExactDealloc
114445583.0,2367676,python,python,_PyLong_ExactDealloc
102842298.0,2367438,python,python,_Py_NewReference
102109848.0,2367438,python,python,enum_next
102108802.0,2367500,python,python,_PyCompactLong_Multiply
101670824.0,2367465,python,python,_PyCompactLong_Multiply
100859875.0,2367605,python,python,_PyCompactLong_Multiply
98230022.0,2367438,python,python,PyFloat_FromDouble
95673877.0,2367438,python,python,_PyCompactLong_Multiply
94214422.0,2367570,python,python,_PyCompactLong_Multiply
93920647.0,2367676,python,python,enum_next
93141828.0,2367500,python,python,_Py_NewReference
92831549.0,2367570,python,python,_Py_NewReference
92417367.0,2367465,python,python,PyFloat_FromDouble
92386244.0,2367676,python,python,_PyCompactLong_Multiply
90996754.0,2367605,python,python,_Py_NewReference
90209583.0,2367465,python,python,enum_next
87896656.0,2367605,python,python,PyFloat_FromDouble
86433433.0,2367570,python,python,enum_next
85989354.0,2367465,python,python,_Py_NewReference
85385643.0,2367605,python,python,enum_next
84437870.0,2367676,python,python,_Py_NewReference
84415036.0,2367570,python,python,PyFloat_FromDouble
83505545.0,2367500,python,python,enum_next
83380388.0,2367500,python,python,PyFloat_FromDouble
79233548.0,2367676,python,python,PyFloat_FromDouble
74148294.0,2367438,python,python,long_div
70743695.0,2367570,python,python,long_div
70050475.0,2367605,python,python,long_div
69867628.0,2367438,python,python,PyNumber_FloorDivide
69307842.0,2367438,python,python,_PyFrame_ClearExceptCode
67071788.0,2367605,python,python,_PyFrame_ClearExceptCode
66578559.0,2367500,python,python,PyNumber_FloorDivide
66098068.0,2367676,python,python,long_div
64113641.0,2367676,python,python,_PyFrame_ClearExceptCode
64096497.0,2367465,python,python,_PyFrame_ClearExceptCode
64080783.0,2367438,python,python,_PyEval_FrameClearAndPop
63590884.0,2367676,python,python,_PyLong_FromMedium
63387336.0,2367500,python,python,long_div
63200416.0,2367465,python,python,PyNumber_FloorDivide
62821949.0,2367570,python,python,_PyFrame_ClearExceptCode
62330079.0,2367570,python,python,PyNumber_FloorDivide
61861533.0,2367676,python,python,PyNumber_FloorDivide
61347391.0,2367438,python,python,_PyLong_FromMedium
60899909.0,2367465,python,python,_PyLong_FromMedium
60168997.0,2367465,python,python,long_div
59868299.0,2367500,python,python,_PyFrame_ClearExceptCode
59390125.0,2367465,python,python,_PyEval_FrameClearAndPop
59091833.0,2367500,python,python,_PyLong_FromMedium
58592468.0,2367605,python,python,PyNumber_FloorDivide
56908113.0,2367500,python,python,_PyEval_FrameClearAndPop
56881598.0,2367676,python,python,_PyEval_FrameClearAndPop
55934187.0,2367605,python,python,_PyEval_FrameClearAndPop
55362387.0,2367570,python,python,_PyEval_FrameClearAndPop
53647931.0,2367570,python,python,_PyLong_FromMedium
51664335.0,2367438,python,python,nonzero_float_compactlong_guard
47937488.0,2367605,python,python,_PyLong_FromMedium
47190624.0,2367605,python,python,nonzero_float_compactlong_guard
46202092.0,2367465,python,python,nonzero_float_compactlong_guard
45483184.0,2367676,python,python,PyLong_FromSsize_t
44952734.0,2367438,python,python,PyLong_FromSsize_t
44815552.0,2367438,python,python,PyLong_FromLong
44460686.0,2367570,python,python,PyLong_FromSsize_t
43494640.0,2367500,python,python,nonzero_float_compactlong_guard
43252356.0,2367500,python,python,PyLong_FromSsize_t
42227983.0,2367570,python,python,nonzero_float_compactlong_guard
41735217.0,2367605,python,python,_PyFloat_ExactDealloc
40981168.0,2367605,python,python,PyLong_FromSsize_t
40854408.0,2367676,python,python,nonzero_float_compactlong_guard
40479393.0,2367500,python,python,PyLong_FromLong
38313798.0,2367438,python,python,_PyFloat_ExactDealloc
37961259.0,2367465,python,python,_PyFloat_ExactDealloc
37769370.0,2367465,python,python,PyLong_FromSsize_t
37247377.0,2367570,python,python,_PyFloat_ExactDealloc
37038424.0,2367500,python,python,_PyFloat_ExactDealloc
37014723.0,2367676,python,python,_PyFloat_ExactDealloc
36015788.0,2367570,python,python,PyLong_FromLong
35860187.0,2367605,python,python,PyLong_FromLong
35582633.0,2367605,python,python,listiter_next
35104007.0,2367676,python,python,float_compactlong_true_div
34796917.0,2367676,python,python,PyLong_FromLong
34491718.0,2367438,python,python,listiter_next
34051297.0,2367465,python,python,PyLong_FromLong
33794853.0,2367570,python,python,_PyThreadState_PopFrame
33300737.0,2367465,python,python,float_compactlong_true_div
33047217.0,2367438,python,python,_PyThreadState_PopFrame
32052289.0,2367570,python,python,listiter_next
30565308.0,2367676,python,python,listiter_next
29845172.0,2367570,python,python,float_compactlong_true_div
29815854.0,2367465,python,python,listiter_next
28812850.0,2367712,python,python,float_compactlong_true_div
28599014.0,2367500,python,python,float_compactlong_true_div
28321917.0,2367465,python,python,_PyCompactLong_Add
28123814.0,2367605,python,python,float_compactlong_true_div
27581058.0,2367500,python,python,_PyThreadState_PopFrame
27572995.0,2367500,python,python,listiter_next
27320117.0,2367605,python,python,_PyThreadState_PopFrame
27319223.0,2367676,python,python,_PyThreadState_PopFrame
27018566.0,2367676,python,python,_PyCompactLong_Add
26846916.0,2367605,python,python,_PyCompactLong_Add
26562932.0,2367465,python,python,_PyThreadState_PopFrame
26058742.0,2367570,python,python,_PyCompactLong_Add
26054298.0,2367712,python,python,_PyCompactLong_Add
24845645.0,2367438,python,python,float_dealloc
24102320.0,2367465,python,python,float_dealloc
23798854.0,2367500,python,python,_PyCompactLong_Add
23105588.0,2367605,python,python,_Py_Dealloc
22857328.0,2367465,python,python,_Py_Dealloc
22613793.0,2367676,python,python,float_dealloc
22590387.0,2367438,python,python,_Py_Dealloc
21349947.0,2367570,python,python,float_dealloc
20625000.0,2367500,python,python,_Py_Dealloc
20377558.0,2367676,python,python,_Py_Dealloc
19630756.0,2367605,python,python,float_dealloc
19380187.0,2367570,python,python,_Py_Dealloc
18636842.0,2367438,python,python,float_compactlong_guard
18634552.0,2367570,python,python,float_compactlong_guard
18627815.0,2367500,python,python,float_compactlong_guard
17146097.0,2367500,python,python,float_dealloc
16643672.0,2367676,python,python,float_compactlong_guard
14154864.0,2367605,python,python,float_compactlong_guard
13666682.0,2367570,python,python,_PyLong_ExactDealloc
13414439.0,2367465,python,python,float_compactlong_guard
12425764.0,2367712,python,python,_PyLong_ExactDealloc
12424934.0,2367676,python,python,_PyLong_ExactDealloc
11947455.0,2367465,python,python,_PyLong_ExactDealloc
11725487.0,2367605,python,python,_PyCompactLong_Multiply
11679337.0,2367676,python,python,_PyCompactLong_Multiply
11180480.0,2367500,python,python,_PyLong_ExactDealloc
10400301.0,2367712,python,python,_PyCompactLong_Multiply
10189611.0,2367605,python,python,_PyLong_ExactDealloc
10188009.0,2367712,python,python,enum_next
10138781.0,2367500,python,python,PyFloat_FromDouble
9941222.0,2367465,python,python,_PyCompactLong_Multiply
9939773.0,2367570,python,python,_Py_NewReference
9939669.0,2367465,python,python,_Py_NewReference
9494407.0,2367570,python,python,enum_next
9445367.0,2367570,python,python,_PyCompactLong_Multiply
9194194.0,2367605,python,python,_Py_NewReference
8946168.0,2367500,python,python,_Py_NewReference
8944419.0,2367465,python,python,enum_next
8898854.0,2367500,python,python,_PyCompactLong_Multiply
8449861.0,2367570,python,python,PyFloat_FromDouble
8444971.0,2367676,python,python,PyFloat_FromDouble
8230743.0,2367676,python,python,_Py_NewReference
8223518.0,2367605,python,python,enum_next
8200737.0,2367676,python,python,enum_next
8200071.0,2367605,python,python,PyNumber_FloorDivide
7951854.0,2367712,python,python,_Py_NewReference
7951697.0,2367676,python,[JIT],0x0000ee7d081e2450
7951483.0,2367465,python,python,PyFloat_FromDouble
7936006.0,2367438,python,[JIT],0x0000e9fe92b45450
7771158.0,2367438,python,python,_PyEval_EvalFrameDefault
7702407.0,2367500,python,python,enum_next
7675787.0,2367605,python,[JIT],0x0000f211a0e853c0
7614979.0,2367712,python,python,PyFloat_FromDouble
7466289.0,2367605,python,python,PyFloat_FromDouble
7454193.0,2367465,python,python,_PyFrame_ClearExceptCode
7205932.0,2367465,python,[JIT],0x0000f33d98baf3c0
6960294.0,2367570,python,python,nonzero_float_compactlong_guard
6957794.0,2367676,python,python,PyNumber_FloorDivide
6957708.0,2367438,python,[JIT],0x0000e9fe92b444c8
6957698.0,2367465,python,python,_PyEval_FrameClearAndPop
6957622.0,2367465,python,python,_PyLong_FromMedium
6956231.0,2367712,python,python,_PyFrame_ClearExceptCode
6708890.0,2367438,python,[JIT],0x0000e9fe92b1a8a0
6707688.0,2367438,python,[JIT],0x0000e9fe92b453c0
6460862.0,2367570,python,python,PyNumber_FloorDivide
6460779.0,2367676,python,[JIT],0x0000ee7d081e23c0
6460648.0,2367500,python,[JIT],0x0000e8c080305c7c
6460045.0,2367570,python,[JIT],0x0000fcb51d60a3c0
6430583.0,2367605,python,[JIT],0x0000f211a0e848a8
6417643.0,2367570,python,python,_PyEval_EvalFrameDefault
6256265.0,2367712,python,python,long_div
6217514.0,2367605,python,python,long_div
6213329.0,2367570,python,python,_PyEval_FrameClearAndPop
6212420.0,2367676,python,[JIT],0x0000ee7d081b72f8
6212252.0,2367438,python,[JIT],0x0000e9fe92b44410
6212122.0,2367465,python,[JIT],0x0000f33d98b84328
6211984.0,2367500,python,[JIT],0x0000e8c0803303c0
6211821.0,2367465,python,[JIT],0x0000f33d98baf450
6211346.0,2367500,python,[JIT],0x0000e8c0803303d4
6211212.0,2367570,python,[JIT],0x0000fcb51d609c04
6199293.0,2367605,python,[JIT],0x0000f211a0e843dc
5964406.0,2367676,python,python,long_div
5963648.0,2367712,python,python,_PyLong_FromMedium
5963626.0,2367438,python,[JIT],0x0000e9fe92b1a064
5963589.0,2367605,python,[JIT],0x0000f211a0e84258
5963383.0,2367605,python,[JIT],0x0000f211a0e5a6c0
5963230.0,2367438,python,[JIT],0x0000e9fe92b1a4ac
5963012.0,2367570,python,[JIT],0x0000fcb51d6091fc
5962997.0,2367570,python,python,_PyEval_EvalFrameDefault
5962347.0,2367465,python,[JIT],0x0000f33d98b84064
5962179.0,2367570,python,[JIT],0x0000fcb51d5dfc98
5961300.0,2367438,python,[JIT],0x0000e9fe92b1a8e4
5961267.0,2367438,python,[JIT],0x0000e9fe92b44558
5959033.0,2367500,python,[JIT],0x0000e8c08032f8a8
5953251.0,2367570,python,[JIT],0x0000fcb51d5df154
5718657.0,2367605,python,python,_PyEval_FrameClearAndPop
5715961.0,2367605,python,[JIT],0x0000f211a0e8451c
5715649.0,2367500,python,python,_PyFloat_ExactDealloc
5715303.0,2367465,python,[JIT],0x0000f33d98bae768
5715283.0,2367712,python,python,PyNumber_FloorDivide
5715270.0,2367676,python,[JIT],0x0000ee7d081e00cc
5715264.0,2367500,python,[JIT],0x0000e8c08032e234
5715031.0,2367438,python,[JIT],0x0000e9fe92b1a3b8
5715027.0,2367570,python,[JIT],0x0000fcb51d5df0b4
5714727.0,2367605,python,[JIT],0x0000f211a0e5ac44
5714705.0,2367570,python,python,_PyFrame_ClearExceptCode
5714652.0,2367438,python,[JIT],0x0000e9fe92b440d8
5714366.0,2367500,python,[JIT],0x0000e8c0803058a0
5711502.0,2367500,python,python,long_div
5709016.0,2367438,python,[JIT],0x0000e9fe92b1aca8
5705627.0,2367500,python,python,_PyEval_FrameClearAndPop
5704255.0,2367438,python,[JIT],0x0000e9fe92b44ba4
5700773.0,2367438,python,[JIT],0x0000e9fe92b44170
5699738.0,2367438,python,[JIT],0x0000e9fe92b1a59c
5475456.0,2367438,python,[JIT],0x0000e9fe92b44450
5467632.0,2367676,python,[JIT],0x0000ee7d081b7468
5467217.0,2367676,python,[JIT],0x0000ee7d081b76b4
5467064.0,2367438,python,[JIT],0x0000e9fe92b44778
5467016.0,2367676,python,[JIT],0x0000ee7d081e1190
5466971.0,2367676,python,[JIT],0x0000ee7d081b72e8
5466946.0,2367500,python,[JIT],0x0000e8c08032f9ec
5466828.0,2367465,python,python,_PyEval_EvalFrameDefault
5466785.0,2367570,python,[JIT],0x0000fcb51d5df3e4
5466776.0,2367605,python,python,_PyFrame_ClearExceptCode
5466697.0,2367605,python,[JIT],0x0000f211a0e84768
5466632.0,2367465,python,[JIT],0x0000f33d98bae17c
5466500.0,2367570,python,[JIT],0x0000fcb51d6095b4
5466491.0,2367438,python,[JIT],0x0000e9fe92b1a0e0
5466410.0,2367570,python,[JIT],0x0000fcb51d6091dc
5466389.0,2367465,python,[JIT],0x0000f33d98baeb60
5466289.0,2367500,python,[JIT],0x0000e8c0803050a8
5466258.0,2367500,python,[JIT],0x0000e8c0803051c8
5466249.0,2367465,python,[JIT],0x0000f33d98bae6b8
5466220.0,2367438,python,[JIT],0x0000e9fe92b4406c
5466213.0,2367605,python,[JIT],0x0000f211a0e848f0
5466204.0,2367676,python,python,_PyLong_FromMedium
5466126.0,2367570,python,[JIT],0x0000fcb51d6099ac
5465873.0,2367570,python,[JIT],0x0000fcb51d6093cc
5465815.0,2367570,python,[JIT],0x0000fcb51d60950c
5465784.0,2367570,python,[JIT],0x0000fcb51d609c14
5464091.0,2367570,python,[JIT],0x0000fcb51d6080a8
5461807.0,2367465,python,[JIT],0x0000f33d98bae4dc
5456323.0,2367676,python,python,nonzero_float_compactlong_guard
5428588.0,2367676,python,[JIT],0x0000ee7d081b7b74
5262938.0,2367500,python,python,_PyLong_FromMedium
5219734.0,2367500,python,[JIT],0x0000e8c080330450
5219515.0,2367570,python,[JIT],0x0000fcb51d60908c
5219218.0,2367500,python,[JIT],0x0000e8c08032f494
5218867.0,2367500,python,[JIT],0x0000e8c080305c44
5218421.0,2367500,python,[JIT],0x0000e8c080305828
5218329.0,2367438,python,[JIT],0x0000e9fe92b1a648
5218315.0,2367500,python,[JIT],0x0000e8c08032f370
5218291.0,2367438,python,[JIT],0x0000e9fe92b1a418
5218227.0,2367570,python,python,PyLong_FromSsize_t
5218193.0,2367570,python,python,PyLong_FromLong
5218182.0,2367500,python,[JIT],0x0000e8c080305560
5218115.0,2367438,python,[JIT],0x0000e9fe92b1a168
5218103.0,2367570,python,[JIT],0x0000fcb51d6094a4
5218086.0,2367570,python,[JIT],0x0000fcb51d6091ac
5218059.0,2367676,python,[JIT],0x0000ee7d081e154c
5217994.0,2367438,python,[JIT],0x0000e9fe92b1aba4
5217953.0,2367570,python,[JIT],0x0000fcb51d5dfb40
5217915.0,2367438,python,[JIT],0x0000e9fe92b1a63c
5217914.0,2367570,python,[JIT],0x0000fcb51d5df218
5217897.0,2367500,python,[JIT],0x0000e8c080305438
5217854.0,2367438,python,[JIT],0x0000e9fe92b44b60
5217614.0,2367438,python,[JIT],0x0000e9fe92b43244
5217062.0,2367500,python,[JIT],0x0000e8c080305508
5217041.0,2367605,python,[JIT],0x0000f211a0e845b4
5216540.0,2367438,python,[JIT],0x0000e9fe92b4417c
5216203.0,2367465,python,python,long_div
5213337.0,2367438,python,[JIT],0x0000e9fe92b1a660
5212004.0,2367465,python,[JIT],0x0000f33d98bae824
5207928.0,2367676,python,[JIT],0x0000ee7d081e1400
5205901.0,2367570,python,[JIT],0x0000fcb51d5dfcd4
5199373.0,2367500,python,[JIT],0x0000e8c08032f6b8
5108196.0,2367465,python,python,_PyEval_EvalFrameDefault
4978353.0,2367570,python,python,long_div
4973982.0,2367465,python,python,PyNumber_FloorDivide
4970739.0,2367676,python,[JIT],0x0000ee7d081b70a8
4970489.0,2367676,python,[JIT],0x0000ee7d081e1778
4970286.0,2367500,python,[JIT],0x0000e8c0803058c8
4970193.0,2367676,python,[JIT],0x0000ee7d081e13c0
4970160.0,2367676,python,[JIT],0x0000ee7d081e0040
4970094.0,2367465,python,[JIT],0x0000f33d98b848a0
4970084.0,2367438,python,[JIT],0x0000e9fe92b1a028
4970078.0,2367500,python,[JIT],0x0000e8c080305328
4970077.0,2367500,python,[JIT],0x0000e8c080305154
4970018.0,2367676,python,python,_PyFrame_ClearExceptCode
4970009.0,2367605,python,[JIT],0x0000f211a0e84b80
4969980.0,2367465,python,[JIT],0x0000f33d98bae5b4
4969976.0,2367605,python,[JIT],0x0000f211a0e8454c
4969934.0,2367605,python,[JIT],0x0000f211a0e5a2c4
4969920.0,2367500,python,[JIT],0x0000e8c0803302f4
4969907.0,2367465,python,[JIT],0x0000f33d98b844e4
4969856.0,2367465,python,[JIT],0x0000f33d98b848f4
4969812.0,2367676,python,[JIT],0x0000ee7d081e16ac
4969765.0,2367500,python,[JIT],0x0000e8c08032e1b0
4969745.0,2367605,python,[JIT],0x0000f211a0e5a168
4969743.0,2367465,python,[JIT],0x0000f33d98b84560
4969742.0,2367570,python,[JIT],0x0000fcb51d60a450
4969726.0,2367605,python,[JIT],0x0000f211a0e8314c
4969675.0,2367438,python,[JIT],0x0000e9fe92b1b274
4969651.0,2367605,python,[JIT],0x0000f211a0e5a514
4969594.0,2367438,python,[JIT],0x0000e9fe92b1ace4
4969555.0,2367438,python,[JIT],0x0000e9fe92b1ac14
4969549.0,2367570,python,[JIT],0x0000fcb51d608188
4969515.0,2367438,python,[JIT],0x0000e9fe92b44500
4969513.0,2367438,python,[JIT],0x0000e9fe92b1a2d8
4969457.0,2367570,python,[JIT],0x0000fcb51d609298
4969450.0,2367605,python,python,PyLong_FromLong
4969435.0,2367570,python,[JIT],0x0000fcb51d5df6b4
4969363.0,2367570,python,[JIT],0x0000fcb51d5df978
4969309.0,2367605,python,[JIT],0x0000f211a0e842d0
4969291.0,2367438,python,[JIT],0x0000e9fe92b44c44
4969158.0,2367570,python,[JIT],0x0000fcb51d5dfce4
4967883.0,2367438,python,[JIT],0x0000e9fe92b1a8c8
4966744.0,2367570,python,[JIT],0x0000fcb51d608250
4965532.0,2367500,python,[JIT],0x0000e8c0803052e8
4960137.0,2367570,python,[JIT],0x0000fcb51d6099ec
4957385.0,2367438,python,[JIT],0x0000e9fe92b448a8
4957036.0,2367465,python,[JIT],0x0000f33d98b84928
4956526.0,2367465,python,[JIT],0x0000f33d98b84330
4821708.0,2367500,python,python,PyNumber_FloorDivide
4776436.0,2367438,python,[JIT],0x0000e9fe92b44b1c
4735340.0,2367465,python,[JIT],0x0000f33d98baec44
4724183.0,2367438,python,[JIT],0x0000e9fe92b44b40
4722569.0,2367500,python,[JIT],0x0000e8c08032fc04
4722293.0,2367676,python,[JIT],0x0000ee7d081b7cc4
4722195.0,2367676,python,[JIT],0x0000ee7d081b78a0
4722148.0,2367676,python,[JIT],0x0000ee7d081b7b80
4722136.0,2367676,python,[JIT],0x0000ee7d081b7508
4721786.0,2367465,python,[JIT],0x0000f33d98b84cc4
4721625.0,2367500,python,[JIT],0x0000e8c080306274
4721613.0,2367500,python,python,nonzero_float_compactlong_guard
4721599.0,2367500,python,[JIT],0x0000e8c08032f170
4721585.0,2367676,python,python,_PyEval_FrameClearAndPop
4721551.0,2367676,python,python,PyLong_FromLong
4721522.0,2367500,python,[JIT],0x0000e8c08032f0c8
4721503.0,2367676,python,[JIT],0x0000ee7d081e1410
4721475.0,2367500,python,[JIT],0x0000e8c08032e25c
4721468.0,2367438,python,[JIT],0x0000e9fe92b440a0
4721421.0,2367570,python,[JIT],0x0000fcb51d5df8a0
4721420.0,2367500,python,[JIT],0x0000e8c080305448
4721410.0,2367605,python,[JIT],0x0000f211a0e5a260
4721382.0,2367605,python,python,_PyLong_FromMedium
4721377.0,2367438,python,[JIT],0x0000e9fe92b1a308
4721344.0,2367500,python,[JIT],0x0000e8c080305094
4721344.0,2367500,python,[JIT],0x0000e8c08032e0c0
4721344.0,2367605,python,[JIT],0x0000f211a0e83054
4721322.0,2367500,python,[JIT],0x0000e8c08032f754
4721296.0,2367605,python,[JIT],0x0000f211a0e845a4
4721273.0,2367500,python,[JIT],0x0000e8c08032f3f0
4721268.0,2367438,python,[JIT],0x0000e9fe92b1a1d4
4721254.0,2367438,python,[JIT],0x0000e9fe92b1a928
4721237.0,2367712,python,python,_PyEval_FrameClearAndPop
4721204.0,2367465,python,python,PyLong_FromLong
4721183.0,2367465,python,[JIT],0x0000f33d98bae1fc
4721178.0,2367676,python,[JIT],0x0000ee7d081b7cb8
4721108.0,2367438,python,[JIT],0x0000e9fe92b1a834
4721092.0,2367465,python,[JIT],0x0000f33d98bae1cc
4721089.0,2367605,python,[JIT],0x0000f211a0e840a0
4721076.0,2367438,python,[JIT],0x0000e9fe92b44300
4721071.0,2367438,python,[JIT],0x0000e9fe92b430c0
4721070.0,2367438,python,[JIT],0x0000e9fe92b44258
4721048.0,2367570,python,[JIT],0x0000fcb51d5df064
4721000.0,2367438,python,[JIT],0x0000e9fe92b4454c
4720995.0,2367500,python,[JIT],0x0000e8c080305478
4720968.0,2367570,python,[JIT],0x0000fcb51d5dfb74
4720946.0,2367465,python,[JIT],0x0000f33d98baec5c
4720928.0,2367570,python,[JIT],0x0000fcb51d5dfb60
4720872.0,2367570,python,[JIT],0x0000fcb51d5df418
4720850.0,2367438,python,[JIT],0x0000e9fe92b431b0
4720830.0,2367438,python,[JIT],0x0000e9fe92b44494
4720790.0,2367465,python,[JIT],0x0000f33d98bae858
4720704.0,2367570,python,[JIT],0x0000fcb51d60905c
4720682.0,2367605,python,[JIT],0x0000f211a0e5a554
4720654.0,2367438,python,[JIT],0x0000e9fe92b449dc
4720639.0,2367605,python,[JIT],0x0000f211a0e84390
4720565.0,2367500,python,[JIT],0x0000e8c080305c54
4720525.0,2367605,python,[JIT],0x0000f211a0e5a314
4720220.0,2367570,python,[JIT],0x0000fcb51d609640
4720156.0,2367438,python,[JIT],0x0000e9fe92b4430c
4719949.0,2367676,python,python,PyLong_FromSsize_t
4719654.0,2367570,python,[JIT],0x0000fcb51d5e0304
4719317.0,2367570,python,[JIT],0x0000fcb51d6092e0
4718557.0,2367570,python,[JIT],0x0000fcb51d609830
4718468.0,2367438,python,[JIT],0x0000e9fe92b44c14
4717481.0,2367676,python,[JIT],0x0000ee7d081e18a8
4716760.0,2367500,python,[JIT],0x0000e8c08032f0ac
4712360.0,2367570,python,[JIT],0x0000fcb51d609574
4709916.0,2367570,python,[JIT],0x0000fcb51d609348
4707676.0,2367465,python,[JIT],0x0000f33d98bae06c
4706375.0,2367500,python,[JIT],0x0000e8c08032f970
4700717.0,2367605,python,[JIT],0x0000f211a0e5b274
4699284.0,2367712,python,python,nonzero_float_compactlong_guard
4691300.0,2367570,python,[JIT],0x0000fcb51d609450
4634326.0,2367500,python,python,_PyEval_EvalFrameDefault
4623130.0,2367500,python,python,_PyFrame_ClearExceptCode
4482300.0,2367676,python,[JIT],0x0000ee7d081e1370
4481429.0,2367500,python,[JIT],0x0000e8c08032fc44
4478799.0,2367438,python,[JIT],0x0000e9fe92b44ac4
4473871.0,2367676,python,[JIT],0x0000ee7d081b786c
4473681.0,2367676,python,[JIT],0x0000ee7d081b7514
4473558.0,2367676,python,[JIT],0x0000ee7d081b7d04
4473509.0,2367465,python,[JIT],0x0000f33d98b84ce4
4473506.0,2367676,python,[JIT],0x0000ee7d081b7b30
4473456.0,2367676,python,[JIT],0x0000ee7d081e1b74
4473319.0,2367676,python,[JIT],0x0000ee7d081e1c20
4473224.0,2367438,python,[JIT],0x0000e9fe92b1a0a8
4473208.0,2367676,python,[JIT],0x0000ee7d081b763c
4473175.0,2367676,python,[JIT],0x0000ee7d081b7978
4473160.0,2367676,python,[JIT],0x0000ee7d081e0070
4473075.0,2367438,python,[JIT],0x0000e9fe92b1abbc
4473043.0,2367465,python,[JIT],0x0000f33d98b8463c
4473005.0,2367500,python,[JIT],0x0000e8c080305b74
4472956.0,2367465,python,[JIT],0x0000f33d98b843c8
4472928.0,2367438,python,[JIT],0x0000e9fe92b446ac
4472919.0,2367465,python,[JIT],0x0000f33d98b843f8
4472896.0,2367465,python,[JIT],0x0000f33d98bae640
4472893.0,2367676,python,[JIT],0x0000ee7d081b71b4
4472867.0,2367465,python,[JIT],0x0000f33d98b84458
4472854.0,2367465,python,[JIT],0x0000f33d98bae94c
4472847.0,2367465,python,[JIT],0x0000f33d98b84bf4
4472790.0,2367465,python,[JIT],0x0000f33d98b85304
4472776.0,2367570,python,python,_PyLong_FromMedium
4472775.0,2367438,python,[JIT],0x0000e9fe92b45454
4472736.0,2367605,python,[JIT],0x0000f211a0e5aca8
4472730.0,2367465,python,[JIT],0x0000f33d98bae5a4
4472713.0,2367465,python,[JIT],0x0000f33d98bae6ac
4472709.0,2367676,python,[JIT],0x0000ee7d081b7218
4472682.0,2367500,python,[JIT],0x0000e8c08032f3cc
4472680.0,2367438,python,[JIT],0x0000e9fe92b1a2a0
4472669.0,2367465,python,[JIT],0x0000f33d98bae0ac
4472625.0,2367438,python,[JIT],0x0000e9fe92b1a330
4472624.0,2367500,python,[JIT],0x0000e8c08032f564
4472615.0,2367500,python,[JIT],0x0000e8c08032e0cc
4472554.0,2367500,python,[JIT],0x0000e8c08032f3c0
4472547.0,2367438,python,[JIT],0x0000e9fe92b1a478
4472539.0,2367605,python,[JIT],0x0000f211a0e843f0
4472526.0,2367570,python,[JIT],0x0000fcb51d6081d0
4472522.0,2367438,python,[JIT],0x0000e9fe92b1ad04
4472518.0,2367500,python,[JIT],0x0000e8c080305330
4472500.0,2367465,python,[JIT],0x0000f33d98bae3b0
4472478.0,2367570,python,[JIT],0x0000fcb51d609be4
4472472.0,2367438,python,[JIT],0x0000e9fe92b44824
4472439.0,2367605,python,[JIT],0x0000f211a0e5a0c4
4472426.0,2367570,python,[JIT],0x0000fcb51d5df5ac
4472370.0,2367570,python,[JIT],0x0000fcb51d60a454
4472363.0,2367438,python,[JIT],0x0000e9fe92b43098
4472329.0,2367570,python,[JIT],0x0000fcb51d5df3a8
4472327.0,2367438,python,[JIT],0x0000e9fe92b4450c
4472315.0,2367438,python,[JIT],0x0000e9fe92b441dc
4472267.0,2367570,python,[JIT],0x0000fcb51d5dfbbc
4472251.0,2367438,python,[JIT],0x0000e9fe92b441fc
4472231.0,2367438,python,[JIT],0x0000e9fe92b1a488
4472072.0,2367465,python,[JIT],0x0000f33d98bae348
4471913.0,2367438,python,[JIT],0x0000e9fe92b44210
4471890.0,2367676,python,[JIT],0x0000ee7d081e19b8
4471824.0,2367605,python,[JIT],0x0000f211a0e5ac70
4471514.0,2367438,python,[JIT],0x0000e9fe92b1a4d4
4470930.0,2367570,python,[JIT],0x0000fcb51d5df028
4470467.0,2367438,python,[JIT],0x0000e9fe92b1a81c
4470465.0,2367438,python,[JIT],0x0000e9fe92b1a1c8
4468598.0,2367465,python,[JIT],0x0000f33d98bae4b4
4467522.0,2367465,python,[JIT],0x0000f33d98bad0b0
4466592.0,2367500,python,[JIT],0x0000e8c08032f540
4465974.0,2367500,python,[JIT],0x0000e8c0803058f4
4464796.0,2367712,python,python,_PyFloat_ExactDealloc
4463511.0,2367438,python,[JIT],0x0000e9fe92b1a328
4458211.0,2367570,python,[JIT],0x0000fcb51d5df438
4455728.0,2367500,python,[JIT],0x0000e8c08032f3a4
4454803.0,2367570,python,[JIT],0x0000fcb51d609a44
4429209.0,2367676,python,[JIT],0x0000ee7d081b7c70
4391599.0,2367500,python,[JIT],0x0000e8c08032fc34
4229264.0,2367465,python,[JIT],0x0000f33d98bae41c
4228686.0,2367570,python,[JIT],0x0000fcb51d6098f0
4228046.0,2367500,python,[JIT],0x0000e8c08032f2f4
4226848.0,2367465,python,python,nonzero_float_compactlong_guard
4225389.0,2367605,python,[JIT],0x0000f211a0e5a508
4225306.0,2367605,python,python,PyLong_FromSsize_t
4225071.0,2367676,python,[JIT],0x0000ee7d081b72a0
4224789.0,2367676,python,[JIT],0x0000ee7d081e13dc
4224753.0,2367676,python,[JIT],0x0000ee7d081b7860
4224732.0,2367605,python,[JIT],0x0000f211a0e844b4
4224726.0,2367676,python,[JIT],0x0000ee7d081b73a8
4224674.0,2367676,python,[JIT],0x0000ee7d081b7270
4224674.0,2367500,python,[JIT],0x0000e8c08032f460
4224646.0,2367676,python,[JIT],0x0000ee7d081b7544
4224644.0,2367676,python,[JIT],0x0000ee7d081e1920
4224592.0,2367676,python,[JIT],0x0000ee7d081b7bbc
4224581.0,2367500,python,[JIT],0x0000e8c08032f1dc
4224580.0,2367438,python,[JIT],0x0000e9fe92b44830
4224568.0,2367500,python,[JIT],0x0000e8c08030549c
4224535.0,2367465,python,[JIT],0x0000f33d98b84140
4224505.0,2367676,python,[JIT],0x0000ee7d081e1c44
4224461.0,2367676,python,[JIT],0x0000ee7d081e14b4
4224459.0,2367676,python,[JIT],0x0000ee7d081e1830
4224439.0,2367438,python,[JIT],0x0000e9fe92b448cc
4224435.0,2367605,python,[JIT],0x0000f211a0e83268
4224431.0,2367676,python,[JIT],0x0000ee7d081b71c8
4224423.0,2367465,python,[JIT],0x0000f33d98bae080
4224408.0,2367500,python,[JIT],0x0000e8c0803050c4
4224403.0,2367500,python,[JIT],0x0000e8c08032f824
4224384.0,2367465,python,[JIT],0x0000f33d98bae8dc
4224377.0,2367676,python,[JIT],0x0000ee7d081e1650
4224366.0,2367465,python,[JIT],0x0000f33d98bad040
4224361.0,2367500,python,[JIT],0x0000e8c08032f1fc
4224338.0,2367676,python,[JIT],0x0000ee7d081e1bf4
4224337.0,2367465,python,[JIT],0x0000f33d98b842f8
4224329.0,2367500,python,[JIT],0x0000e8c080305c70
4224298.0,2367438,python,[JIT],0x0000e9fe92b1ac04
4224270.0,2367500,python,[JIT],0x0000e8c0803059a8
4224265.0,2367676,python,[JIT],0x0000ee7d081b7560
4224246.0,2367605,python,[JIT],0x0000f211a0e841cc
4224237.0,2367500,python,[JIT],0x0000e8c0803056b4
4224236.0,2367438,python,[JIT],0x0000e9fe92b443f0
4224212.0,2367465,python,[JIT],0x0000f33d98bae3cc
4224198.0,2367605,python,[JIT],0x0000f211a0e84540
4224196.0,2367438,python,[JIT],0x0000e9fe92b1a6c0
4224194.0,2367570,python,[JIT],0x0000fcb51d609170
4224186.0,2367605,python,[JIT],0x0000f211a0e831b0
4224174.0,2367465,python,[JIT],0x0000f33d98bae8a8
4224155.0,2367438,python,[JIT],0x0000e9fe92b44c50
4224119.0,2367438,python,[JIT],0x0000e9fe92b44460
4224115.0,2367438,python,[JIT],0x0000e9fe92b1ac44
4224068.0,2367465,python,[JIT],0x0000f33d98b84c98
4224055.0,2367570,python,[JIT],0x0000fcb51d5df458
4224049.0,2367570,python,[JIT],0x0000fcb51d5df3b8
4224025.0,2367465,python,python,listiter_next
4224016.0,2367570,python,[JIT],0x0000fcb51d5df03c
4223985.0,2367500,python,[JIT],0x0000e8c08032f450
4223980.0,2367500,python,[JIT],0x0000e8c08032f5b4
4223973.0,2367465,python,[JIT],0x0000f33d98bae3a4
4223961.0,2367438,python,[JIT],0x0000e9fe92b43040
4223940.0,2367465,python,[JIT],0x0000f33d98bae3f0
4223893.0,2367465,python,[JIT],0x0000f33d98b84c60
4223881.0,2367605,python,[JIT],0x0000f211a0e5a38c
4223858.0,2367570,python,[JIT],0x0000fcb51d5df6c0
4223851.0,2367438,python,[JIT],0x0000e9fe92b445a4
4223807.0,2367465,python,[JIT],0x0000f33d98baf304
4223761.0,2367500,python,[JIT],0x0000e8c08032f05c
4223760.0,2367605,python,[JIT],0x0000f211a0e5a8f0
4223655.0,2367676,python,[JIT],0x0000ee7d081b73e4
4223625.0,2367438,python,[JIT],0x0000e9fe92b1a398
4223612.0,2367570,python,[JIT],0x0000fcb51d5df544
4223456.0,2367605,python,[JIT],0x0000f211a0e84778
4223451.0,2367465,python,[JIT],0x0000f33d98bae8fc
4223449.0,2367570,python,[JIT],0x0000fcb51d6081c0
4223419.0,2367570,python,[JIT],0x0000fcb51d6090ac
4223414.0,2367570,python,[JIT],0x0000fcb51d609748
4223047.0,2367465,python,[JIT],0x0000f33d98bae2a8
4222976.0,2367605,python,[JIT],0x0000f211a0e840bc
4222790.0,2367438,python,[JIT],0x0000e9fe92b44be4
4221497.0,2367676,python,[JIT],0x0000ee7d081e131c
4221119.0,2367438,python,[JIT],0x0000e9fe92b443c0
4221104.0,2367676,python,[JIT],0x0000ee7d081e2454
4220385.0,2367500,python,[JIT],0x0000e8c08032f810
4219570.0,2367438,python,[JIT],0x0000e9fe92b4314c
4218849.0,2367605,python,[JIT],0x0000f211a0e84400
4218445.0,2367438,python,[JIT],0x0000e9fe92b449ac
4218282.0,2367605,python,[JIT],0x0000f211a0e84ba4
4217652.0,2367500,python,[JIT],0x0000e8c0803051b4
4213392.0,2367570,python,[JIT],0x0000fcb51d6098a8
4210019.0,2367676,python,[JIT],0x0000ee7d081e11c0
4209581.0,2367438,python,[JIT],0x0000e9fe92b4451c
4206818.0,2367500,python,[JIT],0x0000e8c08032e0b0
4206701.0,2367438,python,[JIT],0x0000e9fe92b1a3f8
4191080.0,2367438,python,[JIT],0x0000e9fe92b1a38c
4179426.0,2367438,python,[JIT],0x0000e9fe92b1a174
4133031.0,2367605,python,python,_PyEval_EvalFrameDefault
4129357.0,2367676,python,python,_PyEval_EvalFrameDefault
4128024.0,2367465,python,[JIT],0x0000f33d98bae9dc
4035431.0,2367570,python,[JIT],0x0000fcb51d609400
3997458.0,2367500,python,[JIT],0x0000e8c08032fb10
3991491.0,2367465,python,python,_PyFloat_ExactDealloc
3983891.0,2367676,python,[JIT],0x0000ee7d081e18fc
3976609.0,2367676,python,[JIT],0x0000ee7d081e1440
3976523.0,2367676,python,[JIT],0x0000ee7d081e11cc
3976471.0,2367676,python,[JIT],0x0000ee7d081b7088
3976359.0,2367500,python,[JIT],0x0000e8c08032f390
3976347.0,2367570,python,[JIT],0x0000fcb51d5df74c
3976344.0,2367465,python,[JIT],0x0000f33d98b84ca8
3976317.0,2367465,python,[JIT],0x0000f33d98b84bbc
3976289.0,2367676,python,[JIT],0x0000ee7d081e121c
3976277.0,2367500,python,[JIT],0x0000e8c08032f210
3976256.0,2367438,python,[JIT],0x0000e9fe92b1a4e4
3976256.0,2367465,python,[JIT],0x0000f33d98bae8f0
3976250.0,2367465,python,[JIT],0x0000f33d98b848c0
3976245.0,2367605,python,[JIT],0x0000f211a0e5a208
3976238.0,2367438,python,[JIT],0x0000e9fe92b1a03c
3976181.0,2367500,python,[JIT],0x0000e8c080305944
3976179.0,2367676,python,[JIT],0x0000ee7d081e0278
3976171.0,2367500,python,[JIT],0x0000e8c08032f748
3976136.0,2367676,python,[JIT],0x0000ee7d081e10a0
3976135.0,2367676,python,[JIT],0x0000ee7d081b7ce4
3976122.0,2367500,python,[JIT],0x0000e8c0803054d4
3976114.0,2367500,python,[JIT],0x0000e8c080305cc4
3976100.0,2367676,python,[JIT],0x0000ee7d081b72c4
3976094.0,2367676,python,[JIT],0x0000ee7d081b7478
3976076.0,2367676,python,[JIT],0x0000ee7d081e1258
3976047.0,2367500,python,[JIT],0x0000e8c080305488
3976046.0,2367605,python,[JIT],0x0000f211a0e84190
3976039.0,2367605,python,[JIT],0x0000f211a0e5a5ac
3976014.0,2367500,python,[JIT],0x0000e8c08032f83c
3976013.0,2367676,python,[JIT],0x0000ee7d081e135c
3975996.0,2367605,python,[JIT],0x0000f211a0e5ab80
3975995.0,2367438,python,[JIT],0x0000e9fe92b1a218
3975985.0,2367438,python,[JIT],0x0000e9fe92b1a514
3975980.0,2367500,python,[JIT],0x0000e8c080305364
3975978.0,2367605,python,[JIT],0x0000f211a0e5a1c8
3975970.0,2367438,python,[JIT],0x0000e9fe92b1ac70
3975969.0,2367676,python,[JIT],0x0000ee7d081b7ca8
3975956.0,2367676,python,[JIT],0x0000ee7d081b703c
3975944.0,2367605,python,[JIT],0x0000f211a0e5a088
3975892.0,2367570,python,[JIT],0x0000fcb51d5df208
3975888.0,2367605,python,[JIT],0x0000f211a0e84888
3975868.0,2367438,python,[JIT],0x0000e9fe92b44650
3975867.0,2367438,python,[JIT],0x0000e9fe92b1a74c
3975866.0,2367570,python,[JIT],0x0000fcb51d5df2b0
3975856.0,2367605,python,[JIT],0x0000f211a0e841ac
3975838.0,2367676,python,[JIT],0x0000ee7d081b7928
3975833.0,2367465,python,[JIT],0x0000f33d98bad1b0
3975831.0,2367500,python,[JIT],0x0000e8c0803053f8
3975817.0,2367676,python,[JIT],0x0000ee7d081e1338
3975804.0,2367605,python,[JIT],0x0000f211a0e844dc
3975788.0,2367676,python,[JIT],0x0000ee7d081e11fc
3975776.0,2367465,python,[JIT],0x0000f33d98bae920
3975767.0,2367570,python,[JIT],0x0000fcb51d6080cc
3975767.0,2367712,python,python,PyLong_FromSsize_t
3975762.0,2367465,python,[JIT],0x0000f33d98bae05c
3975740.0,2367570,python,[JIT],0x0000fcb51d5df094
3975728.0,2367465,python,[JIT],0x0000f33d98bad178
3975724.0,2367605,python,[JIT],0x0000f211a0e5a140
3975721.0,2367500,python,[JIT],0x0000e8c0803053a8
3975718.0,2367605,python,[JIT],0x0000f211a0e84288
3975716.0,2367465,python,[JIT],0x0000f33d98bae92c
3975691.0,2367500,python,[JIT],0x0000e8c08032f558
3975686.0,2367500,python,[JIT],0x0000e8c080305860
3975677.0,2367605,python,[JIT],0x0000f211a0e5a8c0
3975661.0,2367570,python,[JIT],0x0000fcb51d6091cc
3975652.0,2367438,python,[JIT],0x0000e9fe92b44c5c
3975614.0,2367605,python,[JIT],0x0000f211a0e5a448
3975611.0,2367605,python,python,listiter_next
3975610.0,2367605,python,[JIT],0x0000f211a0e844c8
3975593.0,2367500,python,[JIT],0x0000e8c08032fc20
3975587.0,2367570,python,[JIT],0x0000fcb51d5df0a8
3975586.0,2367465,python,[JIT],0x0000f33d98baea44
3975582.0,2367438,python,[JIT],0x0000e9fe92b44c34
3975571.0,2367500,python,[JIT],0x0000e8c08032f3b0
3975553.0,2367438,python,[JIT],0x0000e9fe92b4415c
3975552.0,2367712,python,python,PyLong_FromLong
3975538.0,2367570,python,[JIT],0x0000fcb51d60921c
3975537.0,2367605,python,[JIT],0x0000f211a0e5ac7c
3975533.0,2367605,python,[JIT],0x0000f211a0e8424c
3975526.0,2367605,python,[JIT],0x0000f211a0e5a028
3975514.0,2367570,python,[JIT],0x0000fcb51d60924c
3975480.0,2367605,python,[JIT],0x0000f211a0e83194
3975465.0,2367570,python,[JIT],0x0000fcb51d5df860
3975458.0,2367605,python,[JIT],0x0000f211a0e849ec
3975452.0,2367570,python,[JIT],0x0000fcb51d5df86c
3975423.0,2367500,python,python,_PyEval_EvalFrameDefault
3975409.0,2367605,python,[JIT],0x0000f211a0e5a660
3975385.0,2367438,python,[JIT],0x0000e9fe92b430b0
3975368.0,2367570,python,[JIT],0x0000fcb51d5dfc70
3975313.0,2367465,python,[JIT],0x0000f33d98b84538
3975303.0,2367438,python,[JIT],0x0000e9fe92b44754
3975268.0,2367570,python,[JIT],0x0000fcb51d5dfc54
3975237.0,2367438,python,[JIT],0x0000e9fe92b44268
3975178.0,2367605,python,[JIT],0x0000f211a0e5a0a8
3975139.0,2367438,python,[JIT],0x0000e9fe92b443cc
3975112.0,2367438,python,[JIT],0x0000e9fe92b441c0
3974994.0,2367465,python,[JIT],0x0000f33d98baead0
3974935.0,2367605,python,[JIT],0x0000f211a0e5a154
3974447.0,2367438,python,[JIT],0x0000e9fe92b44ab0
3974253.0,2367605,python,[JIT],0x0000f211a0e8300c
3974065.0,2367570,python,[JIT],0x0000fcb51d609970
3973912.0,2367438,python,[JIT],0x0000e9fe92b445b4
3973348.0,2367500,python,[JIT],0x0000e8c080305270
3973027.0,2367605,python,[JIT],0x0000f211a0e5a398
3971387.0,2367605,python,[JIT],0x0000f211a0e8431c
3970341.0,2367438,python,[JIT],0x0000e9fe92b44034
3968767.0,2367500,python,[JIT],0x0000e8c080330454
3967724.0,2367438,python,[JIT],0x0000e9fe92b4494c
3967566.0,2367500,python,[JIT],0x0000e8c0803051a4
3965377.0,2367605,python,[JIT],0x0000f211a0e846ac
3965246.0,2367465,python,[JIT],0x0000f33d98b844ac
3964982.0,2367570,python,[JIT],0x0000fcb51d6092f4
3961433.0,2367500,python,[JIT],0x0000e8c08032f0a0
3960231.0,2367500,python,[JIT],0x0000e8c08032f650
3958333.0,2367570,python,[JIT],0x0000fcb51d609460
3932043.0,2367676,python,[JIT],0x0000ee7d081b7b40
3757710.0,2367500,python,[JIT],0x0000e8c08032fbbc
3736318.0,2367465,python,[JIT],0x0000f33d98bae51c
3729961.0,2367676,python,[JIT],0x0000ee7d081e19ac
3729182.0,2367465,python,[JIT],0x0000f33d98baebe4
3728528.0,2367465,python,[JIT],0x0000f33d98bae9ec
3728175.0,2367500,python,[JIT],0x0000e8c08032f338
3728044.0,2367465,python,[JIT],0x0000f33d98b848e4
3727971.0,2367465,python,[JIT],0x0000f33d98b84828
3727970.0,2367676,python,[JIT],0x0000ee7d081e1390
3727875.0,2367676,python,[JIT],0x0000ee7d081e1450
3727837.0,2367676,python,[JIT],0x0000ee7d081b7ba4
3727813.0,2367676,python,[JIT],0x0000ee7d081e1b00
3727783.0,2367438,python,[JIT],0x0000e9fe92b44810
3727762.0,2367676,python,[JIT],0x0000ee7d081b7254
3727740.0,2367465,python,[JIT],0x0000f33d98b84944
3727739.0,2367676,python,[JIT],0x0000ee7d081b72b0
3727736.0,2367676,python,[JIT],0x0000ee7d081b7028
3727733.0,2367676,python,[JIT],0x0000ee7d081e0064
3727715.0,2367676,python,[JIT],0x0000ee7d081b7448
3727706.0,2367605,python,[JIT],0x0000f211a0e8325c
3727686.0,2367676,python,[JIT],0x0000ee7d081b7bf4
3727679.0,2367676,python,python,_PyEval_EvalFrameDefault
3727672.0,2367500,python,python,PyLong_FromSsize_t
3727637.0,2367465,python,[JIT],0x0000f33d98b841a4
3727630.0,2367465,python,[JIT],0x0000f33d98bae338
3727629.0,2367676,python,[JIT],0x0000ee7d081e1460
3727609.0,2367500,python,[JIT],0x0000e8c08032fb40
3727607.0,2367605,python,[JIT],0x0000f211a0e83244
3727606.0,2367500,python,[JIT],0x0000e8c0803050d0
3727601.0,2367465,python,[JIT],0x0000f33d98b84468
3727588.0,2367676,python,[JIT],0x0000ee7d081e1298
3727583.0,2367676,python,[JIT],0x0000ee7d081e22f4
3727582.0,2367605,python,[JIT],0x0000f211a0e5a4e4
3727579.0,2367438,python,[JIT],0x0000e9fe92b44ac0
3727568.0,2367438,python,[JIT],0x0000e9fe92b1ac60
3727559.0,2367500,python,[JIT],0x0000e8c080305c60
3727541.0,2367500,python,[JIT],0x0000e8c08032f830
3727536.0,2367500,python,[JIT],0x0000e8c08032e054
3727521.0,2367438,python,[JIT],0x0000e9fe92b1a438
3727518.0,2367465,python,[JIT],0x0000f33d98b84340
3727515.0,2367465,python,[JIT],0x0000f33d98b84398
3727508.0,2367500,python,[JIT],0x0000e8c080305028
3727481.0,2367465,python,[JIT],0x0000f33d98b84c70
3727479.0,2367676,python,[JIT],0x0000ee7d081e1b1c
3727473.0,2367605,python,[JIT],0x0000f211a0e5abbc
3727465.0,2367465,python,[JIT],0x0000f33d98b84cd4
3727408.0,2367465,python,[JIT],0x0000f33d98b844d4
3727405.0,2367605,python,[JIT],0x0000f211a0e83250
3727404.0,2367676,python,[JIT],0x0000ee7d081e1380
3727402.0,2367438,python,[JIT],0x0000e9fe92b1a2b0
3727398.0,2367465,python,[JIT],0x0000f33d98bae15c
3727392.0,2367605,python,[JIT],0x0000f211a0e5abe4
3727391.0,2367465,python,[JIT],0x0000f33d98bae460
3727387.0,2367465,python,[JIT],0x0000f33d98b84314
3727375.0,2367500,python,[JIT],0x0000e8c080305660
3727371.0,2367465,python,[JIT],0x0000f33d98b84028
3727364.0,2367605,python,[JIT],0x0000f211a0e84be4
3727363.0,2367605,python,[JIT],0x0000f211a0e83234
3727360.0,2367570,python,[JIT],0x0000fcb51d6090a0
3727355.0,2367500,python,[JIT],0x0000e8c08032e244
3727346.0,2367438,python,[JIT],0x0000e9fe92b43054
3727335.0,2367605,python,[JIT],0x0000f211a0e5a094
3727333.0,2367605,python,[JIT],0x0000f211a0e84480
3727331.0,2367676,python,[JIT],0x0000ee7d081e1268
3727329.0,2367500,python,[JIT],0x0000e8c08032f21c
3727324.0,2367438,python,[JIT],0x0000e9fe92b1a860
3727315.0,2367605,python,[JIT],0x0000f211a0e5a59c
3727313.0,2367465,python,[JIT],0x0000f33d98bad1d0
3727309.0,2367465,python,[JIT],0x0000f33d98b84c20
3727309.0,2367500,python,[JIT],0x0000e8c08032f990
3727309.0,2367605,python,[JIT],0x0000f211a0e5abf4
3727304.0,2367500,python,[JIT],0x0000e8c080305b40
3727301.0,2367500,python,[JIT],0x0000e8c08032f14c
3727298.0,2367500,python,[JIT],0x0000e8c08032f858
3727293.0,2367500,python,[JIT],0x0000e8c0803052b0
3727287.0,2367438,python,[JIT],0x0000e9fe92b1a254
3727284.0,2367500,python,[JIT],0x0000e8c08030574c
3727279.0,2367438,python,[JIT],0x0000e9fe92b44380
3727264.0,2367570,python,[JIT],0x0000fcb51d5df364
3727261.0,2367465,python,[JIT],0x0000f33d98b840b4
3727251.0,2367605,python,[JIT],0x0000f211a0e5a0e0
3727249.0,2367438,python,[JIT],0x0000e9fe92b44400
3727238.0,2367605,python,[JIT],0x0000f211a0e5a458
3727232.0,2367570,python,[JIT],0x0000fcb51d5df554
3727230.0,2367605,python,[JIT],0x0000f211a0e5a3b8
3727224.0,2367605,python,[JIT],0x0000f211a0e8492c
3727223.0,2367605,python,[JIT],0x0000f211a0e84494
3727218.0,2367465,python,[JIT],0x0000f33d98bae450
3727202.0,2367500,python,[JIT],0x0000e8c08032f288
3727201.0,2367676,python,[JIT],0x0000ee7d081e1754
3727193.0,2367465,python,[JIT],0x0000f33d98b8438c
3727191.0,2367570,python,[JIT],0x0000fcb51d5dfc7c
3727190.0,2367570,python,[JIT],0x0000fcb51d5df140
3727190.0,2367570,python,[JIT],0x0000fcb51d60941c
3727182.0,2367438,python,[JIT],0x0000e9fe92b44bf4
3727180.0,2367500,python,[JIT],0x0000e8c08032f41c
3727177.0,2367570,python,[JIT],0x0000fcb51d6080c0
3727176.0,2367605,python,python,nonzero_float_compactlong_guard
3727143.0,2367676,python,[JIT],0x0000ee7d081e19a0
3727140.0,2367465,python,[JIT],0x0000f33d98b84cb8
3727138.0,2367605,python,[JIT],0x0000f211a0e83138
3727124.0,2367438,python,[JIT],0x0000e9fe92b1ab40
3727124.0,2367500,python,[JIT],0x0000e8c08032f9ac
3727119.0,2367500,python,[JIT],0x0000e8c0803052f8
3727116.0,2367676,python,[JIT],0x0000ee7d081b7314
3727116.0,2367438,python,[JIT],0x0000e9fe92b44768
3727108.0,2367438,python,[JIT],0x0000e9fe92b1a56c
3727104.0,2367570,python,[JIT],0x0000fcb51d5dfb30
3727101.0,2367570,python,[JIT],0x0000fcb51d6092bc
3727098.0,2367465,python,[JIT],0x0000f33d98bae400
3727087.0,2367605,python,[JIT],0x0000f211a0e5acd4
3727078.0,2367438,python,[JIT],0x0000e9fe92b1a350
3727077.0,2367438,python,[JIT],0x0000e9fe92b444dc
3727062.0,2367500,python,[JIT],0x0000e8c08032fc14
3727060.0,2367676,python,[JIT],0x0000ee7d081b70b4
3727057.0,2367500,python,[JIT],0x0000e8c080305378
3727055.0,2367438,python,[JIT],0x0000e9fe92b1a9c0
3727054.0,2367438,python,[JIT],0x0000e9fe92b1abe4
3727036.0,2367676,python,[JIT],0x0000ee7d081e1748
3727033.0,2367570,python,[JIT],0x0000fcb51d609bf4
3727019.0,2367605,python,[JIT],0x0000f211a0e83070
3727010.0,2367465,python,[JIT],0x0000f33d98bad0c0
3727006.0,2367438,python,[JIT],0x0000e9fe92b1a4fc
3727005.0,2367438,python,[JIT],0x0000e9fe92b1a290
3726985.0,2367570,python,[JIT],0x0000fcb51d5df2e8
3726970.0,2367438,python,[JIT],0x0000e9fe92b43384
3726930.0,2367570,python,[JIT],0x0000fcb51d5dfcb8
3726883.0,2367438,python,[JIT],0x0000e9fe92b44574
3726883.0,2367570,python,[JIT],0x0000fcb51d5dfba4
3726866.0,2367570,python,[JIT],0x0000fcb51d5dfbe4
3726837.0,2367570,python,[JIT],0x0000fcb51d6093a4
3726756.0,2367500,python,[JIT],0x0000e8c08032f778
3726754.0,2367570,python,[JIT],0x0000fcb51d6092a8
3726702.0,2367438,python,[JIT],0x0000e9fe92b449b8
3726692.0,2367438,python,[JIT],0x0000e9fe92b44598
3726653.0,2367438,python,[JIT],0x0000e9fe92b44080
3726622.0,2367570,python,[JIT],0x0000fcb51d60a304
3726591.0,2367438,python,[JIT],0x0000e9fe92b43158
3726575.0,2367500,python,[JIT],0x0000e8c080305b80
3726551.0,2367570,python,[JIT],0x0000fcb51d6096b8
3726358.0,2367605,python,[JIT],0x0000f211a0e8450c
3726329.0,2367676,python,[JIT],0x0000ee7d081e18f0
3726322.0,2367712,python,python,listiter_next
3726321.0,2367465,python,[JIT],0x0000f33d98b84c30
3726308.0,2367465,python,[JIT],0x0000f33d98baebf4
3725246.0,2367605,python,[JIT],0x0000f211a0e84c14
3724971.0,2367605,python,[JIT],0x0000f211a0e84c5c
3724748.0,2367465,python,[JIT],0x0000f33d98baebbc
3724393.0,2367500,python,[JIT],0x0000e8c08032f54c
3724126.0,2367500,python,[JIT],0x0000e8c08032f08c
3723957.0,2367570,python,[JIT],0x0000fcb51d6093c0
3723794.0,2367438,python,[JIT],0x0000e9fe92b441ac
3723347.0,2367605,python,[JIT],0x0000f211a0e84370
3721826.0,2367570,python,[JIT],0x0000fcb51d609c34
3721557.0,2367500,python,python,PyLong_FromLong
3720606.0,2367438,python,[JIT],0x0000e9fe92b44b80
3719945.0,2367438,python,[JIT],0x0000e9fe92b446b8
3719852.0,2367676,python,[JIT],0x0000ee7d081e1558
3719170.0,2367605,python,[JIT],0x0000f211a0e5acb8
3718895.0,2367500,python,[JIT],0x0000e8c0803051f4
3715979.0,2367570,python,[JIT],0x0000fcb51d609564
3715809.0,2367500,python,[JIT],0x0000e8c08032f5a4
3715333.0,2367605,python,[JIT],0x0000f211a0e85450
3713573.0,2367500,python,[JIT],0x0000e8c080305bf4
3713565.0,2367500,python,[JIT],0x0000e8c08032f768
3713277.0,2367570,python,[JIT],0x0000fcb51d609940
3713130.0,2367676,python,[JIT],0x0000ee7d081b7c20
3712966.0,2367500,python,[JIT],0x0000e8c080305904
3708313.0,2367500,python,[JIT],0x0000e8c08032f6ac
3707248.0,2367676,python,[JIT],0x0000ee7d081e10bc
3707126.0,2367676,python,[JIT],0x0000ee7d081e1564
3706313.0,2367500,python,[JIT],0x0000e8c08032f1ac
3704373.0,2367676,python,python,_PyFloat_ExactDealloc
3702662.0,2367676,python,[JIT],0x0000ee7d081e1c5c
3699812.0,2367676,python,[JIT],0x0000ee7d081b78c8
3697519.0,2367438,python,[JIT],0x0000e9fe92b44b30
3608661.0,2367570,python,[JIT],0x0000fcb51d60931c
3580674.0,2367465,python,[JIT],0x0000f33d98bae9fc
3527686.0,2367605,python,[JIT],0x0000f211a0e84380
3482307.0,2367438,python,[JIT],0x0000e9fe92b44540
3481256.0,2367465,python,[JIT],0x0000f33d98b84964
3480904.0,2367500,python,[JIT],0x0000e8c08032f500
3479617.0,2367438,python,[JIT],0x0000e9fe92b44440
3479436.0,2367465,python,[JIT],0x0000f33d98b84b30
3479410.0,2367676,python,[JIT],0x0000ee7d081b75ac
3479390.0,2367676,python,[JIT],0x0000ee7d081b78d4
3479276.0,2367570,python,[JIT],0x0000fcb51d609b10
3479275.0,2367500,python,[JIT],0x0000e8c0803052c4
3479221.0,2367500,python,[JIT],0x0000e8c08032e250
3479220.0,2367500,python,[JIT],0x0000e8c08032f920
3479212.0,2367500,python,python,_PyThreadState_PopFrame
3479200.0,2367676,python,[JIT],0x0000ee7d081e12bc
3479198.0,2367465,python,[JIT],0x0000f33d98b84904
3479196.0,2367465,python,[JIT],0x0000f33d98b8403c
3479196.0,2367465,python,[JIT],0x0000f33d98b84834
3479181.0,2367676,python,[JIT],0x0000ee7d081b7378
3479158.0,2367676,python,[JIT],0x0000ee7d081b7c98
3479148.0,2367605,python,[JIT],0x0000f211a0e83224
3479147.0,2367500,python,[JIT],0x0000e8c0803055ac
3479147.0,2367500,python,[JIT],0x0000e8c080305988
3479146.0,2367676,python,[JIT],0x0000ee7d081b8274
3479133.0,2367676,python,[JIT],0x0000ee7d081e00b0
3479119.0,2367676,python,[JIT],0x0000ee7d081e0178
3479111.0,2367465,python,[JIT],0x0000f33d98bae1dc
3479109.0,2367605,python,[JIT],0x0000f211a0e5a770
3479087.0,2367438,python,[JIT],0x0000e9fe92b1a088
3479078.0,2367676,python,[JIT],0x0000ee7d081b74bc
3479062.0,2367500,python,[JIT],0x0000e8c080305544
3479048.0,2367570,python,[JIT],0x0000fcb51d5dfc04
3479042.0,2367438,python,[JIT],0x0000e9fe92b442d0
3479015.0,2367676,python,[JIT],0x0000ee7d081b7c30
3479009.0,2367605,python,[JIT],0x0000f211a0e83178
3479005.0,2367676,python,[JIT],0x0000ee7d081b73d4
3479003.0,2367438,python,[JIT],0x0000e9fe92b1a904
3478997.0,2367676,python,[JIT],0x0000ee7d081e1888
3478996.0,2367676,python,[JIT],0x0000ee7d081e1640
3478993.0,2367438,python,[JIT],0x0000e9fe92b1a508
3478990.0,2367438,python,[JIT],0x0000e9fe92b1a3e4
3478985.0,2367605,python,[JIT],0x0000f211a0e84564
3478982.0,2367676,python,[JIT],0x0000ee7d081e1ac4
3478979.0,2367605,python,[JIT],0x0000f211a0e5a308
3478978.0,2367465,python,[JIT],0x0000f33d98bad070
3478977.0,2367676,python,[JIT],0x0000ee7d081b7330
3478960.0,2367605,python,[JIT],0x0000f211a0e8417c
3478944.0,2367676,python,[JIT],0x0000ee7d081b7648
3478941.0,2367465,python,[JIT],0x0000f33d98b845ac
3478941.0,2367500,python,[JIT],0x0000e8c08032f1cc
3478931.0,2367570,python,[JIT],0x0000fcb51d5df408
3478922.0,2367465,python,[JIT],0x0000f33d98b84218
3478915.0,2367605,python,[JIT],0x0000f211a0e842e0
3478908.0,2367500,python,[JIT],0x0000e8c08032f470
3478891.0,2367605,python,[JIT],0x0000f211a0e5a3f8
3478890.0,2367676,python,[JIT],0x0000ee7d081e141c
3478882.0,2367570,python,[JIT],0x0000fcb51d608268
3478874.0,2367500,python,[JIT],0x0000e8c08032e1c0
3478872.0,2367465,python,[JIT],0x0000f33d98bae0e4
3478854.0,2367605,python,[JIT],0x0000f211a0e5ad04
3478853.0,2367570,python,[JIT],0x0000fcb51d608278
3478842.0,2367570,python,[JIT],0x0000fcb51d5df088
3478840.0,2367500,python,[JIT],0x0000e8c08032e1d0
3478819.0,2367465,python,[JIT],0x0000f33d98b84c44
3478807.0,2367500,python,[JIT],0x0000e8c0803054e4
3478805.0,2367570,python,[JIT],0x0000fcb51d5df8e4
3478801.0,2367438,python,[JIT],0x0000e9fe92b1a378
3478796.0,2367438,python,[JIT],0x0000e9fe92b1a3a8
3478776.0,2367570,python,[JIT],0x0000fcb51d5df4d4
3478769.0,2367465,python,[JIT],0x0000f33d98baeb10
3478753.0,2367438,python,[JIT],0x0000e9fe92b1a0c4
3478729.0,2367465,python,[JIT],0x0000f33d98bad0a8
3478725.0,2367605,python,[JIT],0x0000f211a0e831d0
3478707.0,2367500,python,[JIT],0x0000e8c08032f2a8
3478704.0,2367605,python,[JIT],0x0000f211a0e5a8c8
3478702.0,2367605,python,[JIT],0x0000f211a0e5a2b0
3478698.0,2367500,python,[JIT],0x0000e8c080305458
3478694.0,2367605,python,[JIT],0x0000f211a0e842bc
3478688.0,2367465,python,[JIT],0x0000f33d98bae748
3478687.0,2367500,python,[JIT],0x0000e8c080305254
3478687.0,2367605,python,[JIT],0x0000f211a0e5a2f8
3478686.0,2367570,python,[JIT],0x0000fcb51d5df944
3478684.0,2367605,python,[JIT],0x0000f211a0e84c50
3478680.0,2367570,python,[JIT],0x0000fcb51d5df508
3478662.0,2367605,python,[JIT],0x0000f211a0e8308c
3478648.0,2367570,python,[JIT],0x0000fcb51d60825c
3478644.0,2367570,python,[JIT],0x0000fcb51d5df8c8
3478643.0,2367570,python,[JIT],0x0000fcb51d608234
3478641.0,2367500,python,[JIT],0x0000e8c08032f190
3478637.0,2367465,python,[JIT],0x0000f33d98baeac0
3478636.0,2367438,python,[JIT],0x0000e9fe92b4483c
3478623.0,2367605,python,[JIT],0x0000f211a0e5a0b4
3478613.0,2367500,python,[JIT],0x0000e8c080305350
3478603.0,2367605,python,[JIT],0x0000f211a0e5ac14
3478598.0,2367438,python,[JIT],0x0000e9fe92b442e0
3478598.0,2367465,python,[JIT],0x0000f33d98bad034
3478597.0,2367500,python,[JIT],0x0000e8c080305b30
3478596.0,2367500,python,[JIT],0x0000e8c08032fa0c
3478591.0,2367500,python,[JIT],0x0000e8c080305064
3478581.0,2367605,python,[JIT],0x0000f211a0e5a3c8
3478570.0,2367605,python,[JIT],0x0000f211a0e5a270
3478557.0,2367570,python,[JIT],0x0000fcb51d5df168
3478555.0,2367570,python,[JIT],0x0000fcb51d5df330
3478524.0,2367438,python,[JIT],0x0000e9fe92b43250
3478519.0,2367570,python,[JIT],0x0000fcb51d5df2a0
3478514.0,2367570,python,[JIT],0x0000fcb51d5dfcc4
3478509.0,2367500,python,[JIT],0x0000e8c08033030c
3478499.0,2367438,python,[JIT],0x0000e9fe92b44288
3478496.0,2367676,python,[JIT],0x0000ee7d081e1bbc
3478480.0,2367438,python,[JIT],0x0000e9fe92b430a8
3478472.0,2367438,python,[JIT],0x0000e9fe92b1a2f8
3478472.0,2367438,python,[JIT],0x0000e9fe92b44c04
3478456.0,2367605,python,[JIT],0x0000f211a0e5a2a0
3478450.0,2367465,python,[JIT],0x0000f33d98b846c0
3478449.0,2367605,python,[JIT],0x0000f211a0e5a340
3478440.0,2367438,python,[JIT],0x0000e9fe92b43034
3478438.0,2367438,python,[JIT],0x0000e9fe92b1a1a4
3478436.0,2367570,python,[JIT],0x0000fcb51d608194
3478408.0,2367676,python,[JIT],0x0000ee7d081e1b10
3478399.0,2367570,python,[JIT],0x0000fcb51d609bbc
3478383.0,2367570,python,[JIT],0x0000fcb51d5df308
3478378.0,2367465,python,[JIT],0x0000f33d98bad1c0
3478376.0,2367605,python,[JIT],0x0000f211a0e5a438
3478370.0,2367570,python,[JIT],0x0000fcb51d5df660
3478368.0,2367676,python,[JIT],0x0000ee7d081b71f4
3478359.0,2367570,python,[JIT],0x0000fcb51d60906c
3478345.0,2367438,python,[JIT],0x0000e9fe92b444f0
3478334.0,2367438,python,[JIT],0x0000e9fe92b444a4
3478253.0,2367570,python,[JIT],0x0000fcb51d5df934
3478230.0,2367570,python,[JIT],0x0000fcb51d609c44
3478223.0,2367570,python,[JIT],0x0000fcb51d5df1a4
3478178.0,2367438,python,[JIT],0x0000e9fe92b4492c
3478170.0,2367570,python,[JIT],0x0000fcb51d5df290
3478161.0,2367605,python,[JIT],0x0000f211a0e5ac98
3478134.0,2367438,python,[JIT],0x0000e9fe92b44a0c
3478124.0,2367570,python,[JIT],0x0000fcb51d60994c
3478073.0,2367570,python,[JIT],0x0000fcb51d609540
3477997.0,2367438,python,[JIT],0x0000e9fe92b1b270
3477923.0,2367605,python,[JIT],0x0000f211a0e84330
3477731.0,2367465,python,[JIT],0x0000f33d98bae54c
3477559.0,2367500,python,[JIT],0x0000e8c08032e098
3477196.0,2367438,python,[JIT],0x0000e9fe92b442bc
3476680.0,2367438,python,[JIT],0x0000e9fe92b1aa3c
3476610.0,2367676,python,[JIT],0x0000ee7d081b7224
3476406.0,2367465,python,[JIT],0x0000f33d98baeac4
3476405.0,2367465,python,[JIT],0x0000f33d98baec14
3476042.0,2367465,python,[JIT],0x0000f33d98baeb80
3475572.0,2367676,python,[JIT],0x0000ee7d081e1970
3474935.0,2367465,python,[JIT],0x0000f33d98b84c54
3474898.0,2367570,python,[JIT],0x0000fcb51d609c50
3474553.0,2367500,python,[JIT],0x0000e8c08032f9dc
3473049.0,2367465,python,[JIT],0x0000f33d98bae4f0
3472022.0,2367676,python,[JIT],0x0000ee7d081e105c
3471804.0,2367465,python,[JIT],0x0000f33d98b840a8
3471505.0,2367500,python,[JIT],0x0000e8c08032f940
3470994.0,2367570,python,[JIT],0x0000fcb51d5dfd04
3470834.0,2367570,python,[JIT],0x0000fcb51d608064
3469853.0,2367676,python,[JIT],0x0000ee7d081e10ac
3467120.0,2367438,python,[JIT],0x0000e9fe92b4408c
3457177.0,2367438,python,[JIT],0x0000e9fe92b1a9a8
3235601.0,2367438,python,[JIT],0x0000e9fe92b440bc
3235575.0,2367605,python,[JIT],0x0000f211a0e846b8
3232792.0,2367605,python,python,_PyFloat_ExactDealloc
3231851.0,2367465,python,[JIT],0x0000f33d98b849ec
3231056.0,2367676,python,[JIT],0x0000ee7d081b7834
3231036.0,2367676,python,[JIT],0x0000ee7d081b781c
3230965.0,2367676,python,[JIT],0x0000ee7d081e01c0
3230953.0,2367676,python,[JIT],0x0000ee7d081b7cd4
3230842.0,2367676,python,[JIT],0x0000ee7d081e15a4
3230833.0,2367676,python,[JIT],0x0000ee7d081b7350
3230802.0,2367676,python,[JIT],0x0000ee7d081b7998
3230770.0,2367500,python,[JIT],0x0000e8c08032fa44
3230769.0,2367676,python,[JIT],0x0000ee7d081b7458
3230769.0,2367500,python,[JIT],0x0000e8c080305be4
3230768.0,2367676,python,[JIT],0x0000ee7d081b7aac
3230764.0,2367676,python,[JIT],0x0000ee7d081e2304
3230760.0,2367676,python,[JIT],0x0000ee7d081b8270
3230754.0,2367465,python,[JIT],0x0000f33d98b842b0
3230747.0,2367676,python,[JIT],0x0000ee7d081e12a8
3230735.0,2367500,python,[JIT],0x0000e8c080305088
3230731.0,2367465,python,[JIT],0x0000f33d98b846b4
3230703.0,2367500,python,[JIT],0x0000e8c0803058c0
3230698.0,2367676,python,[JIT],0x0000ee7d081b8304
3230681.0,2367676,python,[JIT],0x0000ee7d081e1b40
3230658.0,2367605,python,[JIT],0x0000f211a0e83034
3230655.0,2367676,python,[JIT],0x0000ee7d081e1288
3230647.0,2367500,python,[JIT],0x0000e8c080305d04
3230636.0,2367676,python,[JIT],0x0000ee7d081e1480
3230629.0,2367676,python,[JIT],0x0000ee7d081b71a4
3230626.0,2367500,python,[JIT],0x0000e8c08032f480
3230607.0,2367500,python,[JIT],0x0000e8c080305208
3230593.0,2367465,python,[JIT],0x0000f33d98b84208
3230591.0,2367676,python,[JIT],0x0000ee7d081e115c
3230581.0,2367605,python,[JIT],0x0000f211a0e84824
3230579.0,2367465,python,[JIT],0x0000f33d98b840d0
3230572.0,2367676,python,[JIT],0x0000ee7d081b7964
3230568.0,2367465,python,[JIT],0x0000f33d98b84860
3230563.0,2367465,python,[JIT],0x0000f33d98b84224
3230552.0,2367500,python,[JIT],0x0000e8c08030538c
3230549.0,2367465,python,[JIT],0x0000f33d98bae034
3230546.0,2367465,python,[JIT],0x0000f33d98b84be4
3230545.0,2367676,python,[JIT],0x0000ee7d081b73c8
3230545.0,2367438,python,[JIT],0x0000e9fe92b1ab24
3230531.0,2367570,python,[JIT],0x0000fcb51d5dfac0
3230512.0,2367676,python,[JIT],0x0000ee7d081e1a0c
3230506.0,2367605,python,[JIT],0x0000f211a0e5ac04
3230505.0,2367465,python,[JIT],0x0000f33d98b84d04
3230495.0,2367465,python,[JIT],0x0000f33d98b84478
3230492.0,2367465,python,[JIT],0x0000f33d98bae170
3230489.0,2367676,python,[JIT],0x0000ee7d081b7290
3230489.0,2367676,python,[JIT],0x0000ee7d081e025c
3230484.0,2367605,python,[JIT],0x0000f211a0e843a4
3230477.0,2367500,python,[JIT],0x0000e8c080305808
3230476.0,2367605,python,[JIT],0x0000f211a0e84b60
3230468.0,2367676,python,[JIT],0x0000ee7d081e1c04
3230462.0,2367676,python,[JIT],0x0000ee7d081e130c
3230442.0,2367465,python,[JIT],0x0000f33d98b843d4
3230437.0,2367438,python,[JIT],0x0000e9fe92b1a538
3230433.0,2367500,python,[JIT],0x0000e8c0803054fc
3230425.0,2367676,python,[JIT],0x0000ee7d081b7488
3230422.0,2367605,python,[JIT],0x0000f211a0e84c20
3230420.0,2367465,python,[JIT],0x0000f33d98b84660
3230418.0,2367438,python,python,tuple_dealloc
3230411.0,2367438,python,[JIT],0x0000e9fe92b1a2c4
3230411.0,2367465,python,[JIT],0x0000f33d98baf30c
3230408.0,2367676,python,[JIT],0x0000ee7d081b7c7c
3230405.0,2367465,python,[JIT],0x0000f33d98bad268
3230403.0,2367676,python,python,listiter_next
3230395.0,2367465,python,[JIT],0x0000f33d98b84088
3230388.0,2367605,python,[JIT],0x0000f211a0e5a3a8
3230384.0,2367500,python,[JIT],0x0000e8c08032e194
3230379.0,2367500,python,[JIT],0x0000e8c08032e14c
3230377.0,2367570,python,[JIT],0x0000fcb51d60954c
3230374.0,2367500,python,[JIT],0x0000e8c080305c04
3230363.0,2367676,python,[JIT],0x0000ee7d081b7168
3230363.0,2367605,python,[JIT],0x0000f211a0e843b0
3230337.0,2367500,python,python,float_dealloc
3230336.0,2367676,python,[JIT],0x0000ee7d081e151c
3230333.0,2367500,python,[JIT],0x0000e8c08032fb30
3230331.0,2367465,python,[JIT],0x0000f33d98b84350
3230330.0,2367438,python,[JIT],0x0000e9fe92b44c20
3230326.0,2367605,python,[JIT],0x0000f211a0e84b30
3230324.0,2367438,python,[JIT],0x0000e9fe92b1acb8
3230322.0,2367605,python,[JIT],0x0000f211a0e5a544
3230318.0,2367438,python,[JIT],0x0000e9fe92b1a75c
3230308.0,2367570,python,[JIT],0x0000fcb51d6094dc
3230308.0,2367605,python,[JIT],0x0000f211a0e5a488
3230307.0,2367438,python,[JIT],0x0000e9fe92b1a998
3230305.0,2367605,python,[JIT],0x0000f211a0e841fc
3230302.0,2367465,python,[JIT],0x0000f33d98bad234
3230301.0,2367465,python,[JIT],0x0000f33d98bae008
3230291.0,2367676,python,[JIT],0x0000ee7d081b73b8
3230280.0,2367605,python,[JIT],0x0000f211a0e5a174
3230277.0,2367605,python,[JIT],0x0000f211a0e843cc
3230275.0,2367438,python,[JIT],0x0000e9fe92b1a828
3230273.0,2367500,python,[JIT],0x0000e8c08032e278
3230271.0,2367500,python,[JIT],0x0000e8c08032e268
3230267.0,2367605,python,[JIT],0x0000f211a0e5a3e4
3230261.0,2367570,python,python,_PyThreadState_PopFrame
3230261.0,2367465,python,[JIT],0x0000f33d98bae990
3230259.0,2367465,python,[JIT],0x0000f33d98baeaa4
3230252.0,2367676,python,[JIT],0x0000ee7d081e1768
3230252.0,2367465,python,[JIT],0x0000f33d98b8481c
3230252.0,2367465,python,[JIT],0x0000f33d98b84c04
3230244.0,2367500,python,[JIT],0x0000e8c08032f0d8
3230243.0,2367465,python,[JIT],0x0000f33d98b840e0
3230234.0,2367605,python,[JIT],0x0000f211a0e8421c
3230229.0,2367465,python,[JIT],0x0000f33d98bad098
3230226.0,2367465,python,[JIT],0x0000f33d98bae980
3230226.0,2367605,python,[JIT],0x0000f211a0e8530c
3230212.0,2367438,python,[JIT],0x0000e9fe92b4421c
3230212.0,2367465,python,[JIT],0x0000f33d98baeb74
3230207.0,2367500,python,[JIT],0x0000e8c080305398
3230204.0,2367500,python,[JIT],0x0000e8c080305ac0
3230192.0,2367465,python,[JIT],0x0000f33d98bae810
3230167.0,2367465,python,[JIT],0x0000f33d98bad25c
3230167.0,2367570,python,[JIT],0x0000fcb51d5df448
3230145.0,2367605,python,[JIT],0x0000f211a0e5a648
3230144.0,2367570,python,[JIT],0x0000fcb51d6099a0
3230135.0,2367570,python,[JIT],0x0000fcb51d60930c
3230125.0,2367465,python,[JIT],0x0000f33d98bad054
3230122.0,2367570,python,[JIT],0x0000fcb51d608384
3230121.0,2367500,python,[JIT],0x0000e8c080305514
3230111.0,2367438,python,[JIT],0x0000e9fe92b1ac30
3230099.0,2367605,python,[JIT],0x0000f211a0e84abc
3230090.0,2367570,python,[JIT],0x0000fcb51d5df59c
3230082.0,2367438,python,[JIT],0x0000e9fe92b1ac7c
3230080.0,2367570,python,[JIT],0x0000fcb51d609650
3230065.0,2367465,python,[JIT],0x0000f33d98b840c4
3230065.0,2367605,python,[JIT],0x0000f211a0e5a330
3230058.0,2367438,python,[JIT],0x0000e9fe92b44298
3230050.0,2367438,python,[JIT],0x0000e9fe92b1ab60
3230050.0,2367570,python,[JIT],0x0000fcb51d5df63c
3230039.0,2367500,python,[JIT],0x0000e8c08032fa98
3230038.0,2367438,python,[JIT],0x0000e9fe92b441cc
3230038.0,2367438,python,[JIT],0x0000e9fe92b4435c
3230031.0,2367605,python,[JIT],0x0000f211a0e842f4
3230029.0,2367438,python,[JIT],0x0000e9fe92b1a9b4
3230022.0,2367438,python,[JIT],0x0000e9fe92b44940
3230019.0,2367465,python,[JIT],0x0000f33d98baea0c
3230019.0,2367570,python,[JIT],0x0000fcb51d5df224
3230014.0,2367438,python,[JIT],0x0000e9fe92b43224
3230011.0,2367500,python,[JIT],0x0000e8c08032f2e0
3229994.0,2367570,python,[JIT],0x0000fcb51d609b40
3229987.0,2367500,python,[JIT],0x0000e8c080305538
3229980.0,2367438,python,[JIT],0x0000e9fe92b43268
3229966.0,2367605,python,[JIT],0x0000f211a0e5a078
3229963.0,2367500,python,[JIT],0x0000e8c08030559c
3229959.0,2367465,python,[JIT],0x0000f33d98b84b1c
3229942.0,2367605,python,[JIT],0x0000f211a0e5ab60
3229928.0,2367438,python,[JIT],0x0000e9fe92b440c8
3229927.0,2367500,python,[JIT],0x0000e8c08032f640
3229926.0,2367438,python,[JIT],0x0000e9fe92b43234
3229919.0,2367438,python,[JIT],0x0000e9fe92b43070
3229908.0,2367676,python,[JIT],0x0000ee7d081e1ba4
3229883.0,2367438,python,[JIT],0x0000e9fe92b1a9e4
3229843.0,2367570,python,[JIT],0x0000fcb51d5df340
3229830.0,2367438,python,[JIT],0x0000e9fe92b44470
3229824.0,2367570,python,[JIT],0x0000fcb51d609b30
3229821.0,2367570,python,[JIT],0x0000fcb51d5df9d4
3229809.0,2367605,python,[JIT],0x0000f211a0e5a0d0
3229785.0,2367570,python,[JIT],0x0000fcb51d5df75c
3229727.0,2367570,python,[JIT],0x0000fcb51d60984c
3229726.0,2367438,python,[JIT],0x0000e9fe92b449a0
3229492.0,2367676,python,[JIT],0x0000ee7d081e1980
3229420.0,2367676,python,[JIT],0x0000ee7d081e1330
3229413.0,2367465,python,[JIT],0x0000f33d98bae754
3229274.0,2367676,python,[JIT],0x0000ee7d081e12f4
3229171.0,2367605,python,[JIT],0x0000f211a0e5a63c
3229040.0,2367465,python,[JIT],0x0000f33d98b84648
3229009.0,2367438,python,[JIT],0x0000e9fe92b1a5ac
3228963.0,2367676,python,[JIT],0x0000ee7d081b7418
3228877.0,2367605,python,[JIT],0x0000f211a0e8435c
3228735.0,2367465,python,[JIT],0x0000f33d98b84418
3228110.0,2367465,python,[JIT],0x0000f33d98baec34
3227791.0,2367605,python,[JIT],0x0000f211a0e5a74c
3227784.0,2367500,python,[JIT],0x0000e8c08030575c
3227763.0,2367676,python,[JIT],0x0000ee7d081e1ab0
3227753.0,2367605,python,[JIT],0x0000f211a0e5a828
3227519.0,2367438,python,[JIT],0x0000e9fe92b448dc
3226898.0,2367500,python,[JIT],0x0000e8c08032f3dc
3226888.0,2367676,python,[JIT],0x0000ee7d081e0138
3226777.0,2367465,python,[JIT],0x0000f33d98bae574
3226253.0,2367605,python,[JIT],0x0000f211a0e83064
3225340.0,2367438,python,[JIT],0x0000e9fe92b1a154
3223575.0,2367465,python,[JIT],0x0000f33d98b84154
3222188.0,2367500,python,[JIT],0x0000e8c08032f9b8
3221896.0,2367438,python,[JIT],0x0000e9fe92b1ab74
3220793.0,2367438,python,[JIT],0x0000e9fe92b443dc
3220686.0,2367570,python,[JIT],0x0000fcb51d609768
3220678.0,2367500,python,[JIT],0x0000e8c08032f0bc
3219244.0,2367465,python,[JIT],0x0000f33d98bae440
3216873.0,2367676,python,[JIT],0x0000ee7d081e14c8
3216840.0,2367605,python,[JIT],0x0000f211a0e84300
3216833.0,2367605,python,[JIT],0x0000f211a0e84460
3216631.0,2367570,python,[JIT],0x0000fcb51d5df378
3216523.0,2367465,python,[JIT],0x0000f33d98b84c7c
3216268.0,2367438,python,[JIT],0x0000e9fe92b1acc4
3215687.0,2367676,python,[JIT],0x0000ee7d081e183c
3214944.0,2367500,python,[JIT],0x0000e8c08030586c
3214909.0,2367500,python,[JIT],0x0000e8c08030503c
3214390.0,2367465,python,[JIT],0x0000f33d98b8449c
3214186.0,2367676,python,[JIT],0x0000ee7d081e1ac0
3213748.0,2367570,python,[JIT],0x0000fcb51d609034
3212477.0,2367605,python,[JIT],0x0000f211a0e84858
3212403.0,2367676,python,[JIT],0x0000ee7d081e1858
3208683.0,2367676,python,[JIT],0x0000ee7d081e1a84
3197543.0,2367676,python,[JIT],0x0000ee7d081b78e4
3192236.0,2367605,python,[JIT],0x0000f211a0e84754
3103098.0,2367712,python,python,_PyEval_EvalFrameDefault
3011474.0,2367438,python,[JIT],0x0000e9fe92b448fc
3011100.0,2367570,python,[JIT],0x0000fcb51d609370
2999801.0,2367500,python,[JIT],0x0000e8c08032f4c8
2987348.0,2367605,python,[JIT],0x0000f211a0e84574
2982526.0,2367676,python,[JIT],0x0000ee7d081b7be4
2982393.0,2367676,python,[JIT],0x0000ee7d081b7174
2982339.0,2367676,python,[JIT],0x0000ee7d081b74fc
2982336.0,2367676,python,[JIT],0x0000ee7d081e19ec
2982281.0,2367465,python,[JIT],0x0000f33d98bae9ac
2982253.0,2367676,python,[JIT],0x0000ee7d081e1034
2982238.0,2367465,python,[JIT],0x0000f33d98b843e4
2982217.0,2367465,python,[JIT],0x0000f33d98b84378
2982217.0,2367465,python,[JIT],0x0000f33d98b84b80
2982206.0,2367676,python,[JIT],0x0000ee7d081b7c14
2982183.0,2367500,python,[JIT],0x0000e8c080305078
2982179.0,2367676,python,[JIT],0x0000ee7d081e14f0
2982177.0,2367676,python,[JIT],0x0000ee7d081e11ac
2982176.0,2367676,python,[JIT],0x0000ee7d081e008c
2982176.0,2367676,python,[JIT],0x0000ee7d081e01b0
2982162.0,2367465,python,[JIT],0x0000f33d98bae330
2982160.0,2367676,python,[JIT],0x0000ee7d081e1348
2982156.0,2367500,python,[JIT],0x0000e8c0803059b4
2982139.0,2367500,python,python,tuple_dealloc
2982138.0,2367500,python,[JIT],0x0000e8c080305418
2982122.0,2367676,python,[JIT],0x0000ee7d081e1940
2982122.0,2367605,python,[JIT],0x0000f211a0e844a4
2982108.0,2367676,python,[JIT],0x0000ee7d081b7590
2982104.0,2367465,python,[JIT],0x0000f33d98b85270
2982103.0,2367465,python,[JIT],0x0000f33d98b84364
2982100.0,2367465,python,[JIT],0x0000f33d98b84a4c
2982077.0,2367676,python,[JIT],0x0000ee7d081b7094
2982075.0,2367676,python,[JIT],0x0000ee7d081b759c
2982074.0,2367465,python,[JIT],0x0000f33d98b844fc
2982061.0,2367500,python,[JIT],0x0000e8c08032f2bc
2982058.0,2367676,python,[JIT],0x0000ee7d081e10d8
2982041.0,2367465,python,[JIT],0x0000f33d98b843a8
2982034.0,2367465,python,[JIT],0x0000f33d98baec50
2982031.0,2367465,python,[JIT],0x0000f33d98b84188
2982031.0,2367605,python,[JIT],0x0000f211a0e8414c
2982020.0,2367500,python,[JIT],0x0000e8c08032f410
2982019.0,2367676,python,[JIT],0x0000ee7d081e1008
2982007.0,2367605,python,[JIT],0x0000f211a0e5ab74
2981998.0,2367438,python,[JIT],0x0000e9fe92b44858
2981989.0,2367438,python,[JIT],0x0000e9fe92b1a988
2981988.0,2367500,python,[JIT],0x0000e8c08030556c
2981985.0,2367465,python,[JIT],0x0000f33d98b84448
2981979.0,2367500,python,[JIT],0x0000e8c08032f2d0
2981971.0,2367465,python,[JIT],0x0000f33d98b842c4
2981966.0,2367465,python,[JIT],0x0000f33d98b849e4
2981957.0,2367605,python,[JIT],0x0000f211a0e8494c
2981953.0,2367500,python,[JIT],0x0000e8c08032f8dc
2981947.0,2367676,python,[JIT],0x0000ee7d081e13a4
2981947.0,2367605,python,[JIT],0x0000f211a0e844f0
2981944.0,2367676,python,[JIT],0x0000ee7d081e18dc
2981943.0,2367605,python,[JIT],0x0000f211a0e5ace4
2981943.0,2367605,python,[JIT],0x0000f211a0e8430c
2981935.0,2367438,python,[JIT],0x0000e9fe92b1ab80
2981933.0,2367465,python,[JIT],0x0000f33d98b84514
2981929.0,2367605,python,[JIT],0x0000f211a0e84868
2981928.0,2367500,python,[JIT],0x0000e8c08032e178
2981928.0,2367500,python,[JIT],0x0000e8c08032f06c
2981909.0,2367676,python,[JIT],0x0000ee7d081e1170
2981906.0,2367465,python,[JIT],0x0000f33d98b842e8
2981895.0,2367465,python,[JIT],0x0000f33d98bae480
2981893.0,2367676,python,[JIT],0x0000ee7d081e1300
2981891.0,2367605,python,[JIT],0x0000f211a0e5a03c
2981889.0,2367500,python,[JIT],0x0000e8c080305cd4
2981887.0,2367438,python,[JIT],0x0000e9fe92b1a1f4
2981877.0,2367676,python,[JIT],0x0000ee7d081e11dc
2981875.0,2367605,python,[JIT],0x0000f211a0e5a98c
2981866.0,2367605,python,[JIT],0x0000f211a0e842a8
2981863.0,2367465,python,[JIT],0x0000f33d98bae268
2981862.0,2367438,python,[JIT],0x0000e9fe92b1a224
2981862.0,2367465,python,[JIT],0x0000f33d98b849a8
2981859.0,2367465,python,[JIT],0x0000f33d98bad224
2981857.0,2367465,python,[JIT],0x0000f33d98bad384
2981851.0,2367500,python,[JIT],0x0000e8c08032f4f0
2981851.0,2367605,python,[JIT],0x0000f211a0e853d4
2981850.0,2367438,python,[JIT],0x0000e9fe92b44a84
2981844.0,2367570,python,[JIT],0x0000fcb51d5dfca8
2981841.0,2367605,python,[JIT],0x0000f211a0e8405c
2981839.0,2367438,python,[JIT],0x0000e9fe92b449c8
2981834.0,2367605,python,[JIT],0x0000f211a0e830b0
2981831.0,2367570,python,[JIT],0x0000fcb51d5df81c
2981829.0,2367438,python,[JIT],0x0000e9fe92b1a208
2981829.0,2367438,python,[JIT],0x0000e9fe92b1a314
2981827.0,2367465,python,[JIT],0x0000f33d98b84488
2981819.0,2367465,python,[JIT],0x0000f33d98bae190
2981810.0,2367438,python,[JIT],0x0000e9fe92b43064
2981809.0,2367465,python,[JIT],0x0000f33d98bae9c8
2981809.0,2367500,python,[JIT],0x0000e8c080305b60
2981808.0,2367570,python,[JIT],0x0000fcb51d60983c
2981806.0,2367465,python,[JIT],0x0000f33d98baec04
2981806.0,2367605,python,[JIT],0x0000f211a0e848fc
2981801.0,2367676,python,[JIT],0x0000ee7d081e18cc
2981801.0,2367465,python,[JIT],0x0000f33d98b84438
2981798.0,2367438,python,[JIT],0x0000e9fe92b1abf4
2981798.0,2367605,python,[JIT],0x0000f211a0e840e4
2981796.0,2367605,python,[JIT],0x0000f211a0e84748
2981792.0,2367676,python,[JIT],0x0000ee7d081b71d4
2981788.0,2367465,python,[JIT],0x0000f33d98bae8cc
2981786.0,2367438,python,[JIT],0x0000e9fe92b443a4
2981780.0,2367570,python,[JIT],0x0000fcb51d609268
2981773.0,2367465,python,[JIT],0x0000f33d98baeb1c
2981772.0,2367438,python,[JIT],0x0000e9fe92b430cc
2981766.0,2367605,python,[JIT],0x0000f211a0e5a364
2981763.0,2367676,python,[JIT],0x0000ee7d081e1810
2981763.0,2367465,python,[JIT],0x0000f33d98bae0bc
2981759.0,2367500,python,[JIT],0x0000e8c080305188
2981752.0,2367500,python,[JIT],0x0000e8c0803052a0
2981749.0,2367605,python,[JIT],0x0000f211a0e83098
2981742.0,2367500,python,[JIT],0x0000e8c080305bbc
2981740.0,2367438,python,[JIT],0x0000e9fe92b1ac20
2981740.0,2367500,python,[JIT],0x0000e8c08032f15c
2981738.0,2367570,python,[JIT],0x0000fcb51d609b80
2981733.0,2367676,python,[JIT],0x0000ee7d081b7828
2981733.0,2367465,python,[JIT],0x0000f33d98bae470
2981730.0,2367605,python,[JIT],0x0000f211a0e84170
2981723.0,2367438,python,[JIT],0x0000e9fe92b449ec
2981710.0,2367570,python,python,_PyFloat_ExactDealloc
2981708.0,2367465,python,[JIT],0x0000f33d98baeb30
2981707.0,2367438,python,[JIT],0x0000e9fe92b1a554
2981703.0,2367438,python,[JIT],0x0000e9fe92b1a140
2981696.0,2367500,python,[JIT],0x0000e8c08032f92c
2981694.0,2367676,python,[JIT],0x0000ee7d081b7904
2981694.0,2367605,python,[JIT],0x0000f211a0e5a9b8
2981693.0,2367465,python,[JIT],0x0000f33d98bae390
2981691.0,2367465,python,[JIT],0x0000f33d98b84408
2981688.0,2367570,python,[JIT],0x0000fcb51d5df0d0
2981674.0,2367570,python,[JIT],0x0000fcb51d6099b8
2981647.0,2367605,python,[JIT],0x0000f211a0e5a8f4
2981628.0,2367570,python,[JIT],0x0000fcb51d608034
2981625.0,2367605,python,[JIT],0x0000f211a0e84940
2981623.0,2367438,python,[JIT],0x0000e9fe92b1a364
2981620.0,2367438,python,[JIT],0x0000e9fe92b4431c
2981613.0,2367465,python,[JIT],0x0000f33d98bad158
2981590.0,2367676,python,[JIT],0x0000ee7d081b74d4
2981585.0,2367438,python,[JIT],0x0000e9fe92b44564
2981584.0,2367465,python,[JIT],0x0000f33d98bae494
2981574.0,2367438,python,[JIT],0x0000e9fe92b45304
2981571.0,2367465,python,python,_PyThreadState_PopFrame
2981557.0,2367570,python,[JIT],0x0000fcb51d609470
2981557.0,2367605,python,[JIT],0x0000f211a0e830cc
2981549.0,2367605,python,[JIT],0x0000f211a0e5a4fc
2981537.0,2367570,python,[JIT],0x0000fcb51d608224
2981534.0,2367465,python,[JIT],0x0000f33d98bad278
2981522.0,2367570,python,[JIT],0x0000fcb51d5df38c
2981521.0,2367570,python,[JIT],0x0000fcb51d609190
2981508.0,2367570,python,[JIT],0x0000fcb51d60915c
2981492.0,2367570,python,[JIT],0x0000fcb51d5df56c
2981478.0,2367438,python,[JIT],0x0000e9fe92b4325c
2981475.0,2367570,python,[JIT],0x0000fcb51d5df0e0
2981462.0,2367438,python,[JIT],0x0000e9fe92b4441c
2981459.0,2367465,python,[JIT],0x0000f33d98bad250
2981454.0,2367465,python,[JIT],0x0000f33d98bae9a0
2981452.0,2367465,python,[JIT],0x0000f33d98bae970
2981439.0,2367465,python,[JIT],0x0000f33d98bae940
2981433.0,2367465,python,[JIT],0x0000f33d98bae24c
2981410.0,2367570,python,[JIT],0x0000fcb51d6090c8
2981377.0,2367570,python,[JIT],0x0000fcb51d5df488
2981368.0,2367438,python,[JIT],0x0000e9fe92b43138
2981364.0,2367438,python,[JIT],0x0000e9fe92b1acd4
2981296.0,2367500,python,[JIT],0x0000e8c08032f330
2981288.0,2367500,python,[JIT],0x0000e8c08032f298
2981285.0,2367500,python,[JIT],0x0000e8c080305928
2981282.0,2367500,python,[JIT],0x0000e8c08032fb74
2981249.0,2367570,python,[JIT],0x0000fcb51d609810
2981221.0,2367605,python,[JIT],0x0000f211a0e84ab0
2981197.0,2367605,python,[JIT],0x0000f211a0e5a350
2981175.0,2367605,python,[JIT],0x0000f211a0e5a8e4
2981125.0,2367605,python,[JIT],0x0000f211a0e5a290
2981120.0,2367438,python,[JIT],0x0000e9fe92b4424c
2981105.0,2367570,python,[JIT],0x0000fcb51d609990
2980738.0,2367570,python,[JIT],0x0000fcb51d6096ac
2980195.0,2367465,python,[JIT],0x0000f33d98bae888
2980012.0,2367465,python,[JIT],0x0000f33d98baf2f4
2979759.0,2367438,python,[JIT],0x0000e9fe92b44ad0
2979493.0,2367570,python,[JIT],0x0000fcb51d609380
2979170.0,2367605,python,[JIT],0x0000f211a0e8406c
2979135.0,2367605,python,[JIT],0x0000f211a0e843c0
2978924.0,2367605,python,[JIT],0x0000f211a0e5ac30
2978616.0,2367500,python,[JIT],0x0000e8c08032f35c
2978434.0,2367465,python,[JIT],0x0000f33d98b8474c
2977217.0,2367605,python,[JIT],0x0000f211a0e84c34
2976033.0,2367676,python,[JIT],0x0000ee7d081e19fc
2975930.0,2367676,python,[JIT],0x0000ee7d081e1b60
2975582.0,2367676,python,[JIT],0x0000ee7d081e1824
2974867.0,2367570,python,[JIT],0x0000fcb51d609480
2974524.0,2367570,python,[JIT],0x0000fcb51d609a84
2974456.0,2367570,python,[JIT],0x0000fcb51d609300
2973987.0,2367570,python,[JIT],0x0000fcb51d5df560
2973120.0,2367570,python,[JIT],0x0000fcb51d6094f0
2971294.0,2367676,python,[JIT],0x0000ee7d081b7554
2968060.0,2367605,python,[JIT],0x0000f211a0e8408c
2967099.0,2367500,python,[JIT],0x0000e8c08032f17c
2965959.0,2367570,python,[JIT],0x0000fcb51d5df834
2965853.0,2367438,python,[JIT],0x0000e9fe92b44970
2965435.0,2367500,python,[JIT],0x0000e8c08032f868
2965139.0,2367465,python,[JIT],0x0000f33d98b841c8
2955159.0,2367465,python,[JIT],0x0000f33d98b848c8
2939769.0,2367570,python,[JIT],0x0000fcb51d609778
2882212.0,2367605,python,python,float_dealloc
2739911.0,2367465,python,[JIT],0x0000f33d98b843b8
2739647.0,2367570,python,[JIT],0x0000fcb51d609ba4
2735949.0,2367465,python,[JIT],0x0000f33d98bae300
2735022.0,2367500,python,[JIT],0x0000e8c08032f258
2734975.0,2367438,python,[JIT],0x0000e9fe92b44920
2734946.0,2367500,python,[JIT],0x0000e8c08032fb80
2734309.0,2367500,python,[JIT],0x0000e8c08032f9c8
2733972.0,2367676,python,[JIT],0x0000ee7d081e1c34
2733904.0,2367500,python,[JIT],0x0000e8c08032f0e4
2733880.0,2367676,python,[JIT],0x0000ee7d081b73f8
2733877.0,2367605,python,[JIT],0x0000f211a0e5a86c
2733860.0,2367676,python,[JIT],0x0000ee7d081b774c
2733777.0,2367605,python,[JIT],0x0000f211a0e84920
2733768.0,2367676,python,[JIT],0x0000ee7d081e1c14
2733767.0,2367676,python,[JIT],0x0000ee7d081b7064
2733761.0,2367500,python,[JIT],0x0000e8c0803053d4
2733741.0,2367500,python,[JIT],0x0000e8c08032f51c
2733714.0,2367465,python,[JIT],0x0000f33d98b85274
2733703.0,2367605,python,[JIT],0x0000f211a0e84470
2733701.0,2367465,python,[JIT],0x0000f33d98bae35c
2733692.0,2367465,python,[JIT],0x0000f33d98b84b40
2733675.0,2367676,python,[JIT],0x0000ee7d081b749c
2733672.0,2367438,python,[JIT],0x0000e9fe92b1ac54
2733667.0,2367465,python,[JIT],0x0000f33d98b84ba4
2733661.0,2367500,python,[JIT],0x0000e8c080305308
2733656.0,2367570,python,[JIT],0x0000fcb51d5dfc30
2733647.0,2367676,python,[JIT],0x0000ee7d081e00c0
2733640.0,2367500,python,[JIT],0x0000e8c0803059d4
2733637.0,2367605,python,[JIT],0x0000f211a0e840c8
2733622.0,2367465,python,[JIT],0x0000f33d98bae210
2733609.0,2367465,python,[JIT],0x0000f33d98b842d8
2733596.0,2367500,python,[JIT],0x0000e8c0803056c0
2733592.0,2367465,python,[JIT],0x0000f33d98baf3d4
2733582.0,2367465,python,[JIT],0x0000f33d98b841f4
2733580.0,2367500,python,[JIT],0x0000e8c08032f9fc
2733569.0,2367605,python,[JIT],0x0000f211a0e5a064
2733567.0,2367438,python,[JIT],0x0000e9fe92b1a6b4
2733560.0,2367500,python,[JIT],0x0000e8c080305648
2733557.0,2367676,python,[JIT],0x0000ee7d081b7c44
2733542.0,2367500,python,python,_Py_Dealloc
2733522.0,2367676,python,[JIT],0x0000ee7d081b756c
2733520.0,2367438,python,[JIT],0x0000e9fe92b1a448
2733519.0,2367500,python,[JIT],0x0000e8c08032e00c
2733510.0,2367438,python,[JIT],0x0000e9fe92b1aa4c
2733505.0,2367570,python,[JIT],0x0000fcb51d5df1f4
2733501.0,2367676,python,[JIT],0x0000ee7d081b74ac
2733498.0,2367676,python,[JIT],0x0000ee7d081e12d0
2733494.0,2367676,python,[JIT],0x0000ee7d081e0098
2733481.0,2367438,python,[JIT],0x0000e9fe92b1a4bc
2733481.0,2367500,python,[JIT],0x0000e8c080305964
2733479.0,2367676,python,[JIT],0x0000ee7d081b7934
2733479.0,2367500,python,[JIT],0x0000e8c08032f440
2733471.0,2367500,python,[JIT],0x0000e8c080305834
2733470.0,2367465,python,[JIT],0x0000f33d98bae830
2733465.0,2367605,python,[JIT],0x0000f211a0e84c44
2733463.0,2367465,python,[JIT],0x0000f33d98b84094
2733459.0,2367676,python,[JIT],0x0000ee7d081b7c60
2733458.0,2367605,python,[JIT],0x0000f211a0e840d8
2733448.0,2367605,python,[JIT],0x0000f211a0e5b304
2733444.0,2367465,python,[JIT],0x0000f33d98b84174
2733443.0,2367605,python,[JIT],0x0000f211a0e83158
2733441.0,2367605,python,[JIT],0x0000f211a0e5a9ac
2733439.0,2367465,python,[JIT],0x0000f33d98baeb40
2733425.0,2367500,python,[JIT],0x0000e8c080305260
2733420.0,2367500,python,[JIT],0x0000e8c08032f30c
2733418.0,2367605,python,[JIT],0x0000f211a0e5ac60
2733413.0,2367500,python,[JIT],0x0000e8c080305340
2733411.0,2367438,python,[JIT],0x0000e9fe92b453d4
2733406.0,2367605,python,[JIT],0x0000f211a0e84298
2733403.0,2367676,python,[JIT],0x0000ee7d081b7260
2733396.0,2367438,python,[JIT],0x0000e9fe92b1a0d0
2733395.0,2367500,python,[JIT],0x0000e8c080305aa4
2733385.0,2367438,python,[JIT],0x0000e9fe92b1a86c
2733383.0,2367605,python,[JIT],0x0000f211a0e5ac20
2733374.0,2367605,python,[JIT],0x0000f211a0e84650
2733372.0,2367465,python,[JIT],0x0000f33d98b84978
2733371.0,2367570,python,[JIT],0x0000fcb51d5dfb80
2733369.0,2367676,python,[JIT],0x0000ee7d081b7328
2733364.0,2367605,python,[JIT],0x0000f211a0e5a2d8
2733355.0,2367438,python,[JIT],0x0000e9fe92b1a2e8
2733350.0,2367465,python,[JIT],0x0000f33d98bae2bc
2733347.0,2367500,python,[JIT],0x0000e8c080305978
2733336.0,2367500,python,[JIT],0x0000e8c08032f400
2733326.0,2367676,python,[JIT],0x0000ee7d081e1990
2733326.0,2367605,python,python,tuple_dealloc
2733324.0,2367676,python,[JIT],0x0000ee7d081e12e0
2733321.0,2367605,python,[JIT],0x0000f211a0e5a328
2733318.0,2367500,python,[JIT],0x0000e8c08032fb1c
2733313.0,2367500,python,[JIT],0x0000e8c08032f888
2733294.0,2367570,python,[JIT],0x0000fcb51d5df0c4
2733292.0,2367500,python,[JIT],0x0000e8c080305ce4
2733291.0,2367438,python,[JIT],0x0000e9fe92b1a944
2733291.0,2367500,python,[JIT],0x0000e8c08032fac0
2733283.0,2367570,python,[JIT],0x0000fcb51d6092d0
2733281.0,2367605,python,[JIT],0x0000f211a0e5ac54
2733274.0,2367500,python,[JIT],0x0000e8c08032f1c0
2733266.0,2367605,python,[JIT],0x0000f211a0e84440
2733259.0,2367500,python,[JIT],0x0000e8c0803054ac
2733258.0,2367570,python,[JIT],0x0000fcb51d60917c
2733256.0,2367500,python,[JIT],0x0000e8c0803050e0
2733251.0,2367438,python,[JIT],0x0000e9fe92b1a770
2733247.0,2367570,python,[JIT],0x0000fcb51d609868
2733244.0,2367605,python,[JIT],0x0000f211a0e84bbc
2733236.0,2367438,python,[JIT],0x0000e9fe92b1a0b4
2733236.0,2367570,python,[JIT],0x0000fcb51d5df3f8
2733233.0,2367500,python,[JIT],0x0000e8c0803051d4
2733233.0,2367500,python,[JIT],0x0000e8c08032f300
2733232.0,2367465,python,[JIT],0x0000f33d98bad064
2733226.0,2367500,python,[JIT],0x0000e8c08032e064
2733225.0,2367570,python,[JIT],0x0000fcb51d60951c
2733215.0,2367676,python,[JIT],0x0000ee7d081b7660
2733214.0,2367465,python,[JIT],0x0000f33d98bae08c
2733210.0,2367605,python,[JIT],0x0000f211a0e5a4bc
2733209.0,2367605,python,[JIT],0x0000f211a0e5a1d4
2733208.0,2367465,python,[JIT],0x0000f33d98bae0a0
2733206.0,2367438,python,[JIT],0x0000e9fe92b43278
2733198.0,2367570,python,[JIT],0x0000fcb51d609a98
2733185.0,2367605,python,[JIT],0x0000f211a0e5a188
2733170.0,2367465,python,[JIT],0x0000f33d98b841b4
2733167.0,2367605,python,[JIT],0x0000f211a0e84080
2733154.0,2367438,python,[JIT],0x0000e9fe92b44aa4
2733143.0,2367676,python,[JIT],0x0000ee7d081e1210
2733140.0,2367570,python,[JIT],0x0000fcb51d5df9b4
2733119.0,2367570,python,[JIT],0x0000fcb51d5df270
2733104.0,2367438,python,[JIT],0x0000e9fe92b4300c
2733097.0,2367605,python,[JIT],0x0000f211a0e83040
2733096.0,2367605,python,[JIT],0x0000f211a0e84008
2733095.0,2367570,python,[JIT],0x0000fcb51d609c5c
2733091.0,2367465,python,[JIT],0x0000f33d98bae14c
2733078.0,2367465,python,[JIT],0x0000f33d98bad08c
2733074.0,2367570,python,[JIT],0x0000fcb51d5df2c4
2733073.0,2367570,python,[JIT],0x0000fcb51d608244
2733073.0,2367605,python,[JIT],0x0000f211a0e8483c
2733070.0,2367500,python,[JIT],0x0000e8c080305c98
2733043.0,2367570,python,[JIT],0x0000fcb51d608070
2733037.0,2367438,python,[JIT],0x0000e9fe92b443b0
2733029.0,2367465,python,[JIT],0x0000f33d98b84988
2732990.0,2367570,python,[JIT],0x0000fcb51d6093dc
2732987.0,2367500,python,[JIT],0x0000e8c08032f4b4
2732979.0,2367465,python,[JIT],0x0000f33d98bad244
2732967.0,2367570,python,[JIT],0x0000fcb51d609c20
2732960.0,2367605,python,[JIT],0x0000f211a0e8441c
2732946.0,2367438,python,[JIT],0x0000e9fe92b4530c
2732883.0,2367605,python,[JIT],0x0000f211a0e5a224
2732876.0,2367438,python,[JIT],0x0000e9fe92b431d0
2732859.0,2367465,python,[JIT],0x0000f33d98bae500
2732782.0,2367465,python,[JIT],0x0000f33d98bae21c
2732773.0,2367465,python,[JIT],0x0000f33d98baeba4
2732670.0,2367570,python,[JIT],0x0000fcb51d5dfc44
2732653.0,2367570,python,[JIT],0x0000fcb51d609b74
2732530.0,2367438,python,[JIT],0x0000e9fe92b1a3d4
2732324.0,2367500,python,[JIT],0x0000e8c080305168
2732282.0,2367676,python,[JIT],0x0000ee7d081b7a84
2732256.0,2367676,python,[JIT],0x0000ee7d081e16b8
2732141.0,2367465,python,[JIT],0x0000f33d98bae4c8
2732138.0,2367438,python,[JIT],0x0000e9fe92b449fc
2732075.0,2367570,python,[JIT],0x0000fcb51d5df4ac
2731895.0,2367676,python,[JIT],0x0000ee7d081b7188
2731744.0,2367676,python,[JIT],0x0000ee7d081b7154
2731248.0,2367438,python,[JIT],0x0000e9fe92b1a96c
2731026.0,2367438,python,[JIT],0x0000e9fe92b448f0
2730849.0,2367570,python,[JIT],0x0000fcb51d609824
2729284.0,2367438,python,[JIT],0x0000e9fe92b1a808
2729238.0,2367570,python,[JIT],0x0000fcb51d609008
2728365.0,2367570,python,[JIT],0x0000fcb51d609500
2727347.0,2367438,python,[JIT],0x0000e9fe92b44370
2726143.0,2367438,python,[JIT],0x0000e9fe92b1aa90
2723700.0,2367500,python,[JIT],0x0000e8c08032fbe4
2720773.0,2367570,python,[JIT],0x0000fcb51d6093f0
2716754.0,2367676,python,[JIT],0x0000ee7d081e1a98
2715820.0,2367570,python,[JIT],0x0000fcb51d609558
2485562.0,2367676,python,[JIT],0x0000ee7d081b72d8
2485445.0,2367676,python,[JIT],0x0000ee7d081b7340
2485366.0,2367465,python,[JIT],0x0000f33d98b84590
2485338.0,2367676,python,[JIT],0x0000ee7d081e1500
2485294.0,2367676,python,[JIT],0x0000ee7d081b78cc
2485289.0,2367465,python,[JIT],0x0000f33d98b849c0
2485277.0,2367605,python,[JIT],0x0000f211a0e5a56c
2485273.0,2367465,python,[JIT],0x0000f33d98bae2d0
2485252.0,2367465,python,[JIT],0x0000f33d98bad14c
2485241.0,2367676,python,[JIT],0x0000ee7d081e1080
2485237.0,2367676,python,[JIT],0x0000ee7d081b7808
2485217.0,2367676,python,[JIT],0x0000ee7d081b7b60
2485207.0,2367676,python,[JIT],0x0000ee7d081b7b10
2485207.0,2367570,python,[JIT],0x0000fcb51d5df260
2485194.0,2367676,python,[JIT],0x0000ee7d081b79a8
2485170.0,2367676,python,[JIT],0x0000ee7d081b7078
2485157.0,2367465,python,[JIT],0x0000f33d98b8456c
2485142.0,2367500,python,python,listiter_next
2485116.0,2367676,python,[JIT],0x0000ee7d081e1494
2485108.0,2367676,python,[JIT],0x0000ee7d081e117c
2485105.0,2367676,python,[JIT],0x0000ee7d081e0244
2485104.0,2367465,python,[JIT],0x0000f33d98b84b74
2485079.0,2367465,python,[JIT],0x0000f33d98b84078
2485069.0,2367500,python,[JIT],0x0000e8c080330304
2485061.0,2367605,python,[JIT],0x0000f211a0e5acc4
2485056.0,2367570,python,python,float_dealloc
2485052.0,2367500,python,[JIT],0x0000e8c080305a0c
2485052.0,2367500,python,[JIT],0x0000e8c08032f4a4
2485048.0,2367676,python,[JIT],0x0000ee7d081b78f4
2485047.0,2367605,python,[JIT],0x0000f211a0e5a1f4
2485047.0,2367605,python,[JIT],0x0000f211a0e8484c
2485042.0,2367676,python,[JIT],0x0000ee7d081e1aa4
2485029.0,2367465,python,[JIT],0x0000f33d98b84808
2485027.0,2367465,python,[JIT],0x0000f33d98b84934
2485024.0,2367465,python,[JIT],0x0000f33d98b84998
2485003.0,2367500,python,[JIT],0x0000e8c080306304
2485002.0,2367465,python,[JIT],0x0000f33d98b8486c
2484982.0,2367605,python,[JIT],0x0000f211a0e841c0
2484980.0,2367438,python,[JIT],0x0000e9fe92b1ac98
2484977.0,2367465,python,python,PyLong_FromSsize_t
2484972.0,2367676,python,[JIT],0x0000ee7d081b7c04
2484962.0,2367676,python,[JIT],0x0000ee7d081b7c54
2484960.0,2367500,python,[JIT],0x0000e8c080305a84
2484958.0,2367676,python,[JIT],0x0000ee7d081e1c50
2484958.0,2367465,python,[JIT],0x0000f33d98b84ad0
2484957.0,2367465,python,[JIT],0x0000f33d98bad194
2484949.0,2367465,python,[JIT],0x0000f33d98bae0c8
2484948.0,2367676,python,[JIT],0x0000ee7d081e106c
2484946.0,2367465,python,[JIT],0x0000f33d98b8475c
2484945.0,2367676,python,[JIT],0x0000ee7d081b7408
2484942.0,2367676,python,[JIT],0x0000ee7d081e13f0
2484940.0,2367438,python,[JIT],0x0000e9fe92b1ab10
2484932.0,2367570,python,[JIT],0x0000fcb51d5df49c
2484931.0,2367500,python,[JIT],0x0000e8c08032f31c
2484927.0,2367465,python,[JIT],0x0000f33d98bae298
2484922.0,2367465,python,[JIT],0x0000f33d98bae2e0
2484915.0,2367465,python,[JIT],0x0000f33d98b841d4
2484914.0,2367500,python,[JIT],0x0000e8c080305554
2484913.0,2367605,python,[JIT],0x0000f211a0e5a3d4
2484907.0,2367676,python,[JIT],0x0000ee7d081b79d4
2484904.0,2367676,python,[JIT],0x0000ee7d081e0234
2484903.0,2367438,python,[JIT],0x0000e9fe92b4405c
2484902.0,2367465,python,[JIT],0x0000f33d98bae558
2484901.0,2367500,python,[JIT],0x0000e8c08032e0a8
2484899.0,2367500,python,[JIT],0x0000e8c08032e070
2484897.0,2367500,python,[JIT],0x0000e8c080306270
2484897.0,2367605,python,[JIT],0x0000f211a0e84980
2484888.0,2367676,python,[JIT],0x0000ee7d081e0034
2484887.0,2367570,python,python,listiter_next
2484881.0,2367570,python,[JIT],0x0000fcb51d5df328
2484880.0,2367605,python,[JIT],0x0000f211a0e5ab40
2484877.0,2367605,python,[JIT],0x0000f211a0e848dc
2484876.0,2367500,python,[JIT],0x0000e8c08032f8fc
2484874.0,2367676,python,[JIT],0x0000ee7d081b7438
2484866.0,2367438,python,[JIT],0x0000e9fe92b1aa98
2484865.0,2367438,python,[JIT],0x0000e9fe92b1a468
2484864.0,2367500,python,[JIT],0x0000e8c08032f9a0
2484859.0,2367676,python,[JIT],0x0000ee7d081b7140
2484848.0,2367676,python,[JIT],0x0000ee7d081b7364
2484848.0,2367570,python,[JIT],0x0000fcb51d6080b0
2484845.0,2367712,python,python,float_dealloc
2484839.0,2367605,python,[JIT],0x0000f211a0e852f4
2484838.0,2367605,python,python,_PyEval_EvalFrameDefault
2484834.0,2367465,python,[JIT],0x0000f33d98bae1c0
2484834.0,2367500,python,[JIT],0x0000e8c08032f84c
2484832.0,2367438,python,[JIT],0x0000e9fe92b44a98
2484822.0,2367570,python,[JIT],0x0000fcb51d6090d8
2484816.0,2367500,python,[JIT],0x0000e8c08030563c
2484815.0,2367500,python,[JIT],0x0000e8c08032f8f0
2484813.0,2367465,python,[JIT],0x0000f33d98b84260
2484791.0,2367500,python,[JIT],0x0000e8c08032faa4
2484790.0,2367465,python,[JIT],0x0000f33d98baf454
2484787.0,2367605,python,[JIT],0x0000f211a0e84210
2484785.0,2367570,python,[JIT],0x0000fcb51d5df478
2484777.0,2367676,python,[JIT],0x0000ee7d081b7a98
2484777.0,2367570,python,[JIT],0x0000fcb51d5df514
2484762.0,2367570,python,[JIT],0x0000fcb51d609494
2484761.0,2367465,python,[JIT],0x0000f33d98baec20
2484757.0,2367438,python,[JIT],0x0000e9fe92b1a270
2484748.0,2367500,python,[JIT],0x0000e8c08032e384
2484747.0,2367465,python,[JIT],0x0000f33d98bae2f4
2484744.0,2367570,python,[JIT],0x0000fcb51d6098dc
2484737.0,2367605,python,[JIT],0x0000f211a0e5a75c
2484736.0,2367500,python,[JIT],0x0000e8c080305ad0
2484727.0,2367438,python,[JIT],0x0000e9fe92b1a978
2484708.0,2367570,python,[JIT],0x0000fcb51d5df4e4
2484704.0,2367605,python,[JIT],0x0000f211a0e84b40
2484702.0,2367438,python,[JIT],0x0000e9fe92b44390
2484701.0,2367500,python,[JIT],0x0000e8c08032f380
2484693.0,2367605,python,[JIT],0x0000f211a0e84410
2484685.0,2367605,python,python,_PyThreadState_PopFrame
2484671.0,2367570,python,python,tuple_dealloc
2484654.0,2367438,python,[JIT],0x0000e9fe92b1a1b4
2484653.0,2367438,python,[JIT],0x0000e9fe92b44bbc
2484651.0,2367605,python,[JIT],0x0000f211a0e84810
2484648.0,2367438,python,[JIT],0x0000e9fe92b44748
2484647.0,2367570,python,python,_PyObject_Free
2484640.0,2367570,python,[JIT],0x0000fcb51d6090e4
2484619.0,2367500,python,[JIT],0x0000e8c08032e040
2484618.0,2367438,python,[JIT],0x0000e9fe92b43194
2484614.0,2367570,python,[JIT],0x0000fcb51d5df9a8
2484611.0,2367570,python,[JIT],0x0000fcb51d60808c
2484607.0,2367676,python,[JIT],0x0000ee7d081b70c4
2484607.0,2367570,python,[JIT],0x0000fcb51d5df998
2484595.0,2367605,python,[JIT],0x0000f211a0e84b10
2484586.0,2367465,python,[JIT],0x0000f33d98bae540
2484578.0,2367605,python,[JIT],0x0000f211a0e5a1b4
2484548.0,2367605,python,[JIT],0x0000f211a0e84970
2484545.0,2367438,python,[JIT],0x0000e9fe92b440e4
2484534.0,2367570,python,[JIT],0x0000fcb51d5e0270
2484531.0,2367605,python,[JIT],0x0000f211a0e5a49c
2484525.0,2367570,python,[JIT],0x0000fcb51d5df078
2484509.0,2367570,python,[JIT],0x0000fcb51d609410
2484504.0,2367438,python,[JIT],0x0000e9fe92b44348
2484501.0,2367570,python,[JIT],0x0000fcb51d60814c
2484495.0,2367438,python,[JIT],0x0000e9fe92b44640
2484468.0,2367676,python,[JIT],0x0000ee7d081e13b0
2484468.0,2367570,python,[JIT],0x0000fcb51d5dfbf4
2484428.0,2367570,python,[JIT],0x0000fcb51d5df1c8
2484428.0,2367500,python,[JIT],0x0000e8c08032fa84
2484413.0,2367570,python,[JIT],0x0000fcb51d6098cc
2484407.0,2367438,python,[JIT],0x0000e9fe92b444b4
2484396.0,2367465,python,[JIT],0x0000f33d98bae650
2484389.0,2367676,python,[JIT],0x0000ee7d081e10c8
2484357.0,2367438,python,[JIT],0x0000e9fe92b44868
2484302.0,2367605,python,[JIT],0x0000f211a0e84a44
2484295.0,2367605,python,[JIT],0x0000f211a0e5ab30
2484264.0,2367605,python,[JIT],0x0000f211a0e5a1a4
2484261.0,2367570,python,[JIT],0x0000fcb51d5df770
2484216.0,2367500,python,[JIT],0x0000e8c08032f008
2484138.0,2367570,python,[JIT],0x0000fcb51d609b1c
2483932.0,2367570,python,[JIT],0x0000fcb51d609338
2483451.0,2367605,python,[JIT],0x0000f211a0e5a6b4
2483426.0,2367465,python,python,tuple_dealloc
2483199.0,2367438,python,[JIT],0x0000e9fe92b44b00
2482817.0,2367438,python,[JIT],0x0000e9fe92b440ac
2482733.0,2367676,python,[JIT],0x0000ee7d081e14dc
2481834.0,2367438,python,[JIT],0x0000e9fe92b44338
2481355.0,2367465,python,[JIT],0x0000f33d98bae84c
2479879.0,2367465,python,[JIT],0x0000f33d98bae258
2479692.0,2367500,python,[JIT],0x0000e8c080305cb8
2478593.0,2367605,python,[JIT],0x0000f211a0e840ac
2478169.0,2367676,python,[JIT],0x0000ee7d081b796c
2477935.0,2367570,python,[JIT],0x0000fcb51d60992c
2474839.0,2367500,python,[JIT],0x0000e8c08032fba4
2473892.0,2367570,python,[JIT],0x0000fcb51d609ac0
2472970.0,2367676,python,[JIT],0x0000ee7d081b7208
2471739.0,2367500,python,[JIT],0x0000e8c08032fc50
2469992.0,2367570,python,[JIT],0x0000fcb51d609aa4
2467610.0,2367438,python,[JIT],0x0000e9fe92b1b304
2459974.0,2367465,python,[JIT],0x0000f33d98bae370
2440719.0,2367500,python,[JIT],0x0000e8c08032f980
2429073.0,2367676,python,[JIT],0x0000ee7d081e23d4
2261773.0,2367570,python,[JIT],0x0000fcb51d609390
2239976.0,2367465,python,[JIT],0x0000f33d98b84770
2239129.0,2367676,python,python,tuple_dealloc
2236937.0,2367605,python,[JIT],0x0000f211a0e5a970
2236843.0,2367676,python,[JIT],0x0000ee7d081b7770
2236839.0,2367676,python,[JIT],0x0000ee7d081e230c
2236836.0,2367500,python,[JIT],0x0000e8c080305ca8
2236791.0,2367676,python,[JIT],0x0000ee7d081b7308
2236768.0,2367676,python,[JIT],0x0000ee7d081e19dc
2236763.0,2367676,python,[JIT],0x0000ee7d081e19c8
2236709.0,2367605,python,[JIT],0x0000f211a0e5a538
2236704.0,2367676,python,[JIT],0x0000ee7d081b7944
2236684.0,2367465,python,[JIT],0x0000f33d98b849f0
2236683.0,2367500,python,[JIT],0x0000e8c0803058e4
2236659.0,2367570,python,[JIT],0x0000fcb51d5df2f8
2236642.0,2367605,python,[JIT],0x0000f211a0e84598
2236635.0,2367465,python,[JIT],0x0000f33d98b84afc
2236629.0,2367605,python,[JIT],0x0000f211a0e841dc
2236609.0,2367676,python,[JIT],0x0000ee7d081e1540
2236583.0,2367500,python,[JIT],0x0000e8c08032fab0
2236579.0,2367570,python,[JIT],0x0000fcb51d5df188
2236576.0,2367605,python,[JIT],0x0000f211a0e5a478
2236569.0,2367500,python,[JIT],0x0000e8c080305314
2236568.0,2367676,python,[JIT],0x0000ee7d081b70e0
2236568.0,2367605,python,[JIT],0x0000f211a0e84ac0
2236568.0,2367676,python,python,_PyThreadState_PopFrame
2236565.0,2367676,python,[JIT],0x0000ee7d081b70d0
2236565.0,2367500,python,[JIT],0x0000e8c080305934
2236562.0,2367500,python,[JIT],0x0000e8c08032e188
2236561.0,2367500,python,[JIT],0x0000e8c08032e158
2236559.0,2367465,python,[JIT],0x0000f33d98bae30c
2236557.0,2367676,python,[JIT],0x0000ee7d081e10e4
2236553.0,2367465,python,[JIT],0x0000f33d98bad188
2236546.0,2367438,python,[JIT],0x0000e9fe92b1a408
2236544.0,2367676,python,[JIT],0x0000ee7d081e0384
2236538.0,2367570,python,[JIT],0x0000fcb51d5df4bc
2236528.0,2367676,python,[JIT],0x0000ee7d081b7b1c
2236524.0,2367570,python,[JIT],0x0000fcb51d5df928
2236522.0,2367500,python,[JIT],0x0000e8c08032f268
2236518.0,2367500,python,[JIT],0x0000e8c080305140
2236515.0,2367500,python,[JIT],0x0000e8c080305c20
2236501.0,2367676,python,[JIT],0x0000ee7d081b7ac8
2236497.0,2367465,python,[JIT],0x0000f33d98b84290
2236486.0,2367465,python,[JIT],0x0000f33d98bae380
2236475.0,2367676,python,[JIT],0x0000ee7d081e0158
2236475.0,2367570,python,[JIT],0x0000fcb51d5df4fc
2236471.0,2367605,python,[JIT],0x0000f211a0e831c0
2236462.0,2367465,python,[JIT],0x0000f33d98b84b60
2236457.0,2367465,python,[JIT],0x0000f33d98b84a44
2236453.0,2367676,python,[JIT],0x0000ee7d081e0054
2236452.0,2367676,python,[JIT],0x0000ee7d081e194c
2236451.0,2367438,python,[JIT],0x0000e9fe92b1aa04
2236451.0,2367500,python,[JIT],0x0000e8c0803052d8
2236436.0,2367676,python,[JIT],0x0000ee7d081e0268
2236436.0,2367712,python,python,_Py_Dealloc
2236426.0,2367465,python,[JIT],0x0000f33d98bad00c
2236421.0,2367676,python,[JIT],0x0000ee7d081e014c
2236409.0,2367438,python,[JIT],0x0000e9fe92b1a188
2236397.0,2367500,python,[JIT],0x0000e8c08032e034
2236396.0,2367570,python,[JIT],0x0000fcb51d6094b4
2236395.0,2367605,python,[JIT],0x0000f211a0e5a378
2236389.0,2367570,python,[JIT],0x0000fcb51d608040
2236388.0,2367438,python,[JIT],0x0000e9fe92b1ab08
2236387.0,2367676,python,[JIT],0x0000ee7d081e1598
2236384.0,2367500,python,[JIT],0x0000e8c08032f8cc
2236382.0,2367605,python,[JIT],0x0000f211a0e5a9e8
2236381.0,2367438,python,[JIT],0x0000e9fe92b1a340
2236379.0,2367676,python,[JIT],0x0000ee7d081b7ac0
2236377.0,2367605,python,[JIT],0x0000f211a0e5aac4
2236367.0,2367570,python,[JIT],0x0000fcb51d5df8f4
2236365.0,2367605,python,[JIT],0x0000f211a0e84c04
2236359.0,2367500,python,[JIT],0x0000e8c080305290
2236345.0,2367605,python,[JIT],0x0000f211a0e5a408
2236344.0,2367500,python,[JIT],0x0000e8c08032e138
2236331.0,2367676,python,[JIT],0x0000ee7d081b7398
2236328.0,2367500,python,[JIT],0x0000e8c080305a90
2236321.0,2367605,python,[JIT],0x0000f211a0e83188
2236319.0,2367676,python,[JIT],0x0000ee7d081b7a04
2236308.0,2367570,python,[JIT],0x0000fcb51d60935c
2236305.0,2367570,python,[JIT],0x0000fcb51d5e0274
2236300.0,2367570,python,[JIT],0x0000fcb51d5dfc60
2236299.0,2367605,python,[JIT],0x0000f211a0e84830
2236292.0,2367605,python,[JIT],0x0000f211a0e5a81c
2236275.0,2367570,python,[JIT],0x0000fcb51d5df8c0
2236274.0,2367570,python,[JIT],0x0000fcb51d608098
2236259.0,2367438,python,[JIT],0x0000e9fe92b1ab30
2236252.0,2367570,python,python,_Py_Dealloc
2236252.0,2367465,python,[JIT],0x0000f33d98baea98
2236245.0,2367438,python,[JIT],0x0000e9fe92b431c0
2236244.0,2367500,python,[JIT],0x0000e8c08032f24c
2236243.0,2367438,python,[JIT],0x0000e9fe92b44b74
2236238.0,2367438,python,[JIT],0x0000e9fe92b44b10
2236238.0,2367570,python,[JIT],0x0000fcb51d5df9e4
2236233.0,2367605,python,[JIT],0x0000f211a0e84348
2236214.0,2367605,python,[JIT],0x0000f211a0e5b270
2236203.0,2367570,python,[JIT],0x0000fcb51d5df3c8
2236201.0,2367605,python,[JIT],0x0000f211a0e5a9ec
2236192.0,2367605,python,[JIT],0x0000f211a0e5a9f8
2236191.0,2367605,python,python,PyObject_GC_UnTrack
2236183.0,2367465,python,python,_Py_Dealloc
2236177.0,2367438,python,python,PyObject_GC_UnTrack
2236175.0,2367438,python,[JIT],0x0000e9fe92b1a260
2236164.0,2367570,python,[JIT],0x0000fcb51d609288
2236161.0,2367605,python,[JIT],0x0000f211a0e5a808
2236145.0,2367465,python,python,float_compactlong_guard
2236137.0,2367438,python,[JIT],0x0000e9fe92b1ab14
2236127.0,2367438,python,[JIT],0x0000e9fe92b1a458
2236126.0,2367438,python,[JIT],0x0000e9fe92b1a3c8
2236124.0,2367570,python,[JIT],0x0000fcb51d5df398
2236122.0,2367570,python,[JIT],0x0000fcb51d6094c8
2236112.0,2367570,python,[JIT],0x0000fcb51d6090bc
2236102.0,2367570,python,[JIT],0x0000fcb51d609330
2236084.0,2367500,python,[JIT],0x0000e8c08030596c
2236058.0,2367605,python,[JIT],0x0000f211a0e830c0
2236048.0,2367438,python,[JIT],0x0000e9fe92b44190
2236043.0,2367605,python,[JIT],0x0000f211a0e5a8a0
2236031.0,2367570,python,[JIT],0x0000fcb51d5df8d4
2236020.0,2367465,python,[JIT],0x0000f33d98bae1ac
2236009.0,2367438,python,[JIT],0x0000e9fe92b452f4
2235985.0,2367570,python,[JIT],0x0000fcb51d6093b0
2235972.0,2367570,python,[JIT],0x0000fcb51d60914c
2235968.0,2367570,python,[JIT],0x0000fcb51d6095a4
2235851.0,2367500,python,[JIT],0x0000e8c08032f574
2235769.0,2367570,python,[JIT],0x0000fcb51d6081b0
2235676.0,2367438,python,[JIT],0x0000e9fe92b43178
2235669.0,2367605,python,[JIT],0x0000f211a0e84bf4
2235640.0,2367570,python,[JIT],0x0000fcb51d609440
2235609.0,2367570,python,[JIT],0x0000fcb51d5df3d4
2235280.0,2367570,python,[JIT],0x0000fcb51d5df808
2235045.0,2367438,python,[JIT],0x0000e9fe92b1a8d4
2234631.0,2367438,python,[JIT],0x0000e9fe92b1a8c0
2233766.0,2367570,python,[JIT],0x0000fcb51d608178
2233108.0,2367676,python,[JIT],0x0000ee7d081e108c
2233097.0,2367500,python,[JIT],0x0000e8c080305b00
2233092.0,2367500,python,[JIT],0x0000e8c08032f4dc
2232641.0,2367676,python,[JIT],0x0000ee7d081e1ad0
2232409.0,2367605,python,[JIT],0x0000f211a0e5a218
2232395.0,2367570,python,[JIT],0x0000fcb51d5df314
2231950.0,2367500,python,[JIT],0x0000e8c08032fbf4
2228250.0,2367438,python,[JIT],0x0000e9fe92b1a49c
2226130.0,2367605,python,[JIT],0x0000f211a0e84338
2223592.0,2367500,python,[JIT],0x0000e8c08032f50c
2223074.0,2367500,python,[JIT],0x0000e8c080305770
2222992.0,2367438,python,[JIT],0x0000e9fe92b4414c
2192149.0,2367465,python,[JIT],0x0000f33d98b849d4
2191759.0,2367438,python,[JIT],0x0000e9fe92b1a964
2079804.0,2367465,python,[JIT],0x0000f33d98bae778
2052924.0,2367465,python,[JIT],0x0000f33d98bae3dc
2002590.0,2367570,python,[JIT],0x0000fcb51d609ab0
1995367.0,2367605,python,[JIT],0x0000f211a0e849dc
1990976.0,2367500,python,[JIT],0x0000e8c08032fc5c
1988386.0,2367500,python,[JIT],0x0000e8c080305b14
1988353.0,2367465,python,[JIT],0x0000f33d98bae3c0
1988315.0,2367676,python,[JIT],0x0000ee7d081b738c
1988209.0,2367465,python,[JIT],0x0000f33d98b84270
1988191.0,2367570,python,[JIT],0x0000fcb51d609858
1988141.0,2367676,python,[JIT],0x0000ee7d081b78c0
1988129.0,2367500,python,[JIT],0x0000e8c080305218
1988123.0,2367500,python,[JIT],0x0000e8c080305ab8
1988106.0,2367465,python,[JIT],0x0000f33d98b84508
1988089.0,2367605,python,[JIT],0x0000f211a0e84558
1988083.0,2367676,python,[JIT],0x0000ee7d081e15b4
1988080.0,2367605,python,[JIT],0x0000f211a0e849f8
1988079.0,2367676,python,[JIT],0x0000ee7d081e13cc
1988075.0,2367676,python,[JIT],0x0000ee7d081b7a9c
1988065.0,2367676,python,[JIT],0x0000ee7d081e14a4
1988062.0,2367500,python,[JIT],0x0000e8c0803050b4
1988052.0,2367438,python,[JIT],0x0000e9fe92b44480
1988048.0,2367465,python,[JIT],0x0000f33d98b84544
1988019.0,2367465,python,[JIT],0x0000f33d98b848d4
1988015.0,2367500,python,[JIT],0x0000e8c0803059e4
1988009.0,2367500,python,[JIT],0x0000e8c08032fac4
1987994.0,2367500,python,[JIT],0x0000e8c0803059f4
1987982.0,2367570,python,[JIT],0x0000fcb51d6091c0
1987979.0,2367676,python,[JIT],0x0000ee7d081b76c0
1987973.0,2367605,python,[JIT],0x0000f211a0e5a2e8
1987970.0,2367605,python,[JIT],0x0000f211a0e84b1c
1987967.0,2367500,python,[JIT],0x0000e8c080305468
1987964.0,2367605,python,python,_PyObject_Malloc
1987961.0,2367438,python,[JIT],0x0000e9fe92b1aac4
1987950.0,2367465,python,[JIT],0x0000f33d98b842a0
1987945.0,2367465,python,[JIT],0x0000f33d98b84a84
1987941.0,2367438,python,[JIT],0x0000e9fe92b44008
1987941.0,2367605,python,[JIT],0x0000f211a0e5a940
1987929.0,2367676,python,[JIT],0x0000ee7d081e1470
1987918.0,2367438,python,[JIT],0x0000e9fe92b1a9d4
1987916.0,2367570,python,[JIT],0x0000fcb51d5dfab0
1987913.0,2367605,python,[JIT],0x0000f211a0e5ab18
1987911.0,2367438,python,[JIT],0x0000e9fe92b1ab1c
1987911.0,2367438,python,[JIT],0x0000e9fe92b44888
1987907.0,2367605,python,[JIT],0x0000f211a0e83384
1987906.0,2367465,python,python,_PyObject_Free
1987901.0,2367570,python,[JIT],0x0000fcb51d5df96c
1987898.0,2367438,python,[JIT],0x0000e9fe92b4484c
1987898.0,2367605,python,[JIT],0x0000f211a0e849a0
1987897.0,2367500,python,[JIT],0x0000e8c08032f080
1987885.0,2367500,python,[JIT],0x0000e8c0803053c8
1987876.0,2367500,python,[JIT],0x0000e8c0803053b8
1987872.0,2367500,python,[JIT],0x0000e8c080305224
1987856.0,2367438,python,[JIT],0x0000e9fe92b1a094
1987850.0,2367570,python,[JIT],0x0000fcb51d6098fc
1987842.0,2367465,python,[JIT],0x0000f33d98bae9b8
1987842.0,2367605,python,[JIT],0x0000f211a0e848cc
1987834.0,2367605,python,[JIT],0x0000f211a0e5a468
1987833.0,2367605,python,[JIT],0x0000f211a0e84450
1987826.0,2367438,python,[JIT],0x0000e9fe92b1a560
1987814.0,2367465,python,[JIT],0x0000f33d98b84254
1987810.0,2367465,python,[JIT],0x0000f33d98baeab0
1987808.0,2367465,python,python,_PyTuple_FromStackRefStealOnSuccess
1987794.0,2367438,python,[JIT],0x0000e9fe92b1a544
1987785.0,2367465,python,[JIT],0x0000f33d98bae0d8
1987775.0,2367676,python,[JIT],0x0000ee7d081e114c
1987759.0,2367500,python,[JIT],0x0000e8c0803059c0
1987750.0,2367605,python,[JIT],0x0000f211a0e5a4d4
1987748.0,2367465,python,[JIT],0x0000f33d98bae83c
1987746.0,2367500,python,[JIT],0x0000e8c0803053e4
1987741.0,2367465,python,[JIT],0x0000f33d98b8496c
1987734.0,2367500,python,[JIT],0x0000e8c08032f034
1987713.0,2367676,python,[JIT],0x0000ee7d081b775c
1987708.0,2367570,python,[JIT],0x0000fcb51d5dfaac
1987708.0,2367570,python,[JIT],0x0000fcb51d609598
1987685.0,2367438,python,[JIT],0x0000e9fe92b1a934
1987680.0,2367570,python,[JIT],0x0000fcb51d5dfc14
1987678.0,2367465,python,[JIT],0x0000f33d98baeb00
1987653.0,2367570,python,[JIT],0x0000fcb51d5df538
1987642.0,2367676,python,[JIT],0x0000ee7d081e1868
1987629.0,2367570,python,[JIT],0x0000fcb51d609258
1987563.0,2367438,python,[JIT],0x0000e9fe92b442a8
1987535.0,2367570,python,[JIT],0x0000fcb51d609888
1987534.0,2367605,python,[JIT],0x0000f211a0e84b74
1987518.0,2367570,python,[JIT],0x0000fcb51d608158
1987518.0,2367570,python,[JIT],0x0000fcb51d60a2f4
1987474.0,2367465,python,[JIT],0x0000f33d98bae288
1987457.0,2367570,python,[JIT],0x0000fcb51d60a3d4
1987087.0,2367570,python,[JIT],0x0000fcb51d5dfad0
1986890.0,2367438,python,[JIT],0x0000e9fe92b1a9f4
1986788.0,2367605,python,[JIT],0x0000f211a0e84500
1986537.0,2367605,python,[JIT],0x0000f211a0e5a4ac
1985760.0,2367465,python,[JIT],0x0000f33d98baea84
1985679.0,2367465,python,[JIT],0x0000f33d98b84aac
1985367.0,2367676,python,[JIT],0x0000ee7d081e1b30
1982063.0,2367570,python,[JIT],0x0000fcb51d5dfa0c
1978152.0,2367570,python,[JIT],0x0000fcb51d609754
1962631.0,2367676,python,[JIT],0x0000ee7d081e1b80
1955435.0,2367605,python,[JIT],0x0000f211a0e5aacc
1822560.0,2367605,python,[JIT],0x0000f211a0e85454
1801139.0,2367605,python,python,_Py_Dealloc
1739822.0,2367676,python,[JIT],0x0000ee7d081e1a44
1739731.0,2367676,python,[JIT],0x0000ee7d081e000c
1739725.0,2367465,python,[JIT],0x0000f33d98b84308
1739678.0,2367676,python,[JIT],0x0000ee7d081b7ac4
1739678.0,2367500,python,[JIT],0x0000e8c080305408
1739667.0,2367605,python,[JIT],0x0000f211a0e5a980
1739662.0,2367500,python,[JIT],0x0000e8c08032f94c
1739660.0,2367676,python,[JIT],0x0000ee7d081b79c0
1739658.0,2367676,python,[JIT],0x0000ee7d081b79e4
1739658.0,2367465,python,[JIT],0x0000f33d98b84ac0
1739656.0,2367676,python,[JIT],0x0000ee7d081b7b08
1739652.0,2367676,python,[JIT],0x0000ee7d081e0188
1739649.0,2367676,python,[JIT],0x0000ee7d081e124c
1739622.0,2367676,python,[JIT],0x0000ee7d081e150c
1739611.0,2367605,python,[JIT],0x0000f211a0e84a94
1739590.0,2367500,python,[JIT],0x0000e8c080305a3c
1739581.0,2367676,python,python,_Py_Dealloc
1739572.0,2367676,python,[JIT],0x0000ee7d081e0224
1739556.0,2367676,python,[JIT],0x0000ee7d081b7a0c
1739555.0,2367500,python,[JIT],0x0000e8c080305b24
1739552.0,2367500,python,[JIT],0x0000e8c080305830
1739542.0,2367605,python,[JIT],0x0000f211a0e848ec
1739531.0,2367605,python,[JIT],0x0000f211a0e83278
1739531.0,2367605,python,[JIT],0x0000f211a0e849c4
1739518.0,2367438,python,[JIT],0x0000e9fe92b1aac8
1739488.0,2367570,python,[JIT],0x0000fcb51d5dfb24
1739487.0,2367438,python,[JIT],0x0000e9fe92b1aac0
1739476.0,2367605,python,[JIT],0x0000f211a0e849b8
1739469.0,2367676,python,[JIT],0x0000ee7d081b79f0
1739464.0,2367676,python,[JIT],0x0000ee7d081e01d0
1739463.0,2367500,python,[JIT],0x0000e8c08032fad0
1739457.0,2367605,python,[JIT],0x0000f211a0e5a890
1739444.0,2367676,python,[JIT],0x0000ee7d081e1be4
1739443.0,2367605,python,python,listiter_dealloc
1739439.0,2367676,python,[JIT],0x0000ee7d081e0194
1739435.0,2367438,python,[JIT],0x0000e9fe92b44990
1739426.0,2367605,python,[JIT],0x0000f211a0e5ab00
1739424.0,2367500,python,python,_PyObject_Malloc
1739420.0,2367605,python,[JIT],0x0000f211a0e84aa4
1739409.0,2367570,python,[JIT],0x0000fcb51d5df254
1739409.0,2367605,python,[JIT],0x0000f211a0e84640
1739404.0,2367500,python,[JIT],0x0000e8c080305a98
1739403.0,2367605,python,[JIT],0x0000f211a0e849ac
1739397.0,2367676,python,python,_PyTuple_FromPairSteal
1739393.0,2367500,python,python,_PyObject_Free
1739390.0,2367570,python,[JIT],0x0000fcb51d5df988
1739386.0,2367500,python,[JIT],0x0000e8c08032e08c
1739385.0,2367500,python,[JIT],0x0000e8c0803059b8
1739384.0,2367570,python,python,tuple_alloc
1739384.0,2367605,python,[JIT],0x0000f211a0e5a418
1739361.0,2367605,python,[JIT],0x0000f211a0e5ab0c
1739353.0,2367676,python,[JIT],0x0000ee7d081e0250
1739341.0,2367500,python,[JIT],0x0000e8c080305a4c
1739341.0,2367605,python,[JIT],0x0000f211a0e5b300
1739332.0,2367570,python,[JIT],0x0000fcb51d608054
1739328.0,2367605,python,[JIT],0x0000f211a0e5aa0c
1739326.0,2367605,python,[JIT],0x0000f211a0e84268
1739325.0,2367465,python,[JIT],0x0000f33d98b84168
1739324.0,2367605,python,[JIT],0x0000f211a0e84a84
1739305.0,2367570,python,[JIT],0x0000fcb51d5df9c0
1739298.0,2367465,python,[JIT],0x0000f33d98bad138
1739296.0,2367570,python,[JIT],0x0000fcb51d5df1b4
1739293.0,2367605,python,[JIT],0x0000f211a0e5a998
1739292.0,2367570,python,[JIT],0x0000fcb51d5dfac8
1739287.0,2367438,python,[JIT],0x0000e9fe92b1a8f4
1739276.0,2367500,python,[JIT],0x0000e8c080305998
1739276.0,2367605,python,[JIT],0x0000f211a0e5a560
1739270.0,2367605,python,python,float_compactlong_guard
1739264.0,2367438,python,[JIT],0x0000e9fe92b1a078
1739261.0,2367438,python,[JIT],0x0000e9fe92b44330
1739252.0,2367570,python,[JIT],0x0000fcb51d60a30c
1739233.0,2367500,python,[JIT],0x0000e8c080305c14
1739230.0,2367500,python,[JIT],0x0000e8c08032f348
1739229.0,2367500,python,[JIT],0x0000e8c080305174
1739226.0,2367465,python,[JIT],0x0000f33d98bae410
1739222.0,2367570,python,[JIT],0x0000fcb51d5df828
1739215.0,2367465,python,[JIT],0x0000f33d98b84c14
1739207.0,2367570,python,[JIT],0x0000fcb51d609b00
1739203.0,2367676,python,[JIT],0x0000ee7d081b79ec
1739189.0,2367438,python,[JIT],0x0000e9fe92b44980
1739176.0,2367570,python,[JIT],0x0000fcb51d5df904
1739162.0,2367570,python,[JIT],0x0000fcb51d5dfb00
1739155.0,2367570,python,[JIT],0x0000fcb51d609ac4
1739148.0,2367438,python,[JIT],0x0000e9fe92b1aaac
1739126.0,2367438,python,python,list_iter
1739123.0,2367570,python,[JIT],0x0000fcb51d5df468
1739112.0,2367712,python,python,_PyThreadState_PopFrame
1739110.0,2367465,python,[JIT],0x0000f33d98bae31c
1739090.0,2367676,python,[JIT],0x0000ee7d081b8300
1739089.0,2367438,python,[JIT],0x0000e9fe92b442f4
1739067.0,2367500,python,[JIT],0x0000e8c080305a44
1739067.0,2367605,python,[JIT],0x0000f211a0e84b00
1739042.0,2367500,python,[JIT],0x0000e8c0803059ec
1739033.0,2367570,python,[JIT],0x0000fcb51d6099c8
1737861.0,2367570,python,[JIT],0x0000fcb51d6099f0
1736777.0,2367465,python,[JIT],0x0000f33d98b84ac4
1735209.0,2367465,python,[JIT],0x0000f33d98bae50c
1733679.0,2367500,python,[JIT],0x0000e8c08032f89c
1509436.0,2367605,python,[kernel.kallsyms],task_mm_cid_work
1506705.0,2367465,python,[kernel.kallsyms],task_mm_cid_work
1497551.0,2367500,python,[JIT],0x0000e8c08032fb60
1491316.0,2367676,python,[JIT],0x0000ee7d081e00a8
1491300.0,2367570,python,[JIT],0x0000fcb51d6099fc
1491291.0,2367676,python,[JIT],0x0000ee7d081b79b4
1491250.0,2367570,python,[JIT],0x0000fcb51d5df2c4
1491168.0,2367676,python,[JIT],0x0000ee7d081b7aa4
1491155.0,2367500,python,[JIT],0x0000e8c08030594c
1491154.0,2367605,python,[JIT],0x0000f211a0e5a9c4
1491142.0,2367438,python,[JIT],0x0000e9fe92b1aa9c
1491136.0,2367712,python,[JIT],0x0000f6832f6384f0
1491122.0,2367465,python,[JIT],0x0000f33d98b849fc
1491113.0,2367500,python,[JIT],0x0000e8c080305ac4
1491097.0,2367500,python,[JIT],0x0000e8c0803058d4
1491091.0,2367676,python,[JIT],0x0000ee7d081b7a4c
1491079.0,2367500,python,[JIT],0x0000e8c080305aac
1491074.0,2367676,python,[JIT],0x0000ee7d081b7988
1491071.0,2367500,python,[JIT],0x0000e8c0803054bc
1491069.0,2367500,python,[JIT],0x0000e8c0803059fc
1491068.0,2367605,python,[JIT],0x0000f211a0e8325c
1491068.0,2367605,python,python,enum_dealloc
1491041.0,2367676,python,[JIT],0x0000ee7d081b7ad0
1491029.0,2367500,python,[JIT],0x0000e8c08030584c
1491013.0,2367570,python,[JIT],0x0000fcb51d608070
1491012.0,2367605,python,[JIT],0x0000f211a0e85304
1491012.0,2367465,python,[JIT],0x0000f33d98bae9ec
1491011.0,2367570,python,[JIT],0x0000fcb51d5dfaa4
1491008.0,2367500,python,[JIT],0x0000e8c080305538
1491007.0,2367500,python,[JIT],0x0000e8c08030581c
1491002.0,2367605,python,[JIT],0x0000f211a0e5a8d4
1491000.0,2367676,python,[JIT],0x0000ee7d081e1574
1490999.0,2367605,python,[JIT],0x0000f211a0e5a8ec
1490995.0,2367465,python,[JIT],0x0000f33d98b84aa4
1490994.0,2367438,python,python,_PyObject_Free
1490989.0,2367438,python,[JIT],0x0000e9fe92b1a9ec
1490986.0,2367570,python,[JIT],0x0000fcb51d60800c
1490969.0,2367438,python,python,_Py_CallBuiltinClass_StackRef
1490962.0,2367465,python,[JIT],0x0000f33d98b844bc
1490959.0,2367465,python,[JIT],0x0000f33d98b84a98
1490958.0,2367500,python,[JIT],0x0000e8c0803058a0
1490954.0,2367676,python,python,float_dealloc
1490951.0,2367605,python,[JIT],0x0000f211a0e5ab10
1490950.0,2367605,python,[JIT],0x0000f211a0e5a92c
1490949.0,2367465,python,[JIT],0x0000f33d98bae868
1490946.0,2367465,python,[JIT],0x0000f33d98b84b10
1490939.0,2367570,python,[JIT],0x0000fcb51d5dfac4
1490937.0,2367605,python,[JIT],0x0000f211a0e830a8
1490931.0,2367465,python,[JIT],0x0000f33d98b84a3c
1490928.0,2367605,python,[JIT],0x0000f211a0e849c8
1490924.0,2367500,python,[JIT],0x0000e8c080305ba4
1490924.0,2367605,python,[JIT],0x0000f211a0e8415c
1490921.0,2367465,python,[JIT],0x0000f33d98b849b4
1490921.0,2367465,python,[JIT],0x0000f33d98b84a0c
1490920.0,2367465,python,python,tuple_alloc
1490917.0,2367500,python,python,tuple_alloc
1490917.0,2367605,python,[JIT],0x0000f211a0e84ad0
1490910.0,2367465,python,[JIT],0x0000f33d98bae564
1490909.0,2367438,python,[JIT],0x0000e9fe92b1a590
1490890.0,2367676,python,[JIT],0x0000ee7d081e184c
1490886.0,2367570,python,[JIT],0x0000fcb51d5df174
1490873.0,2367438,python,[JIT],0x0000e9fe92b1a888
1490869.0,2367570,python,[JIT],0x0000fcb51d5dfa3c
1490868.0,2367438,python,[JIT],0x0000e9fe92b1aab8
1490868.0,2367465,python,[JIT],0x0000f33d98b8459c
1490859.0,2367605,python,[JIT],0x0000f211a0e84b0c
1490858.0,2367570,python,[JIT],0x0000fcb51d60985c
1490844.0,2367605,python,[JIT],0x0000f211a0e5aafc
1490843.0,2367438,python,[JIT],0x0000e9fe92b1aafc
1490839.0,2367605,python,[JIT],0x0000f211a0e849e8
1490837.0,2367570,python,[JIT],0x0000fcb51d5df590
1490829.0,2367676,python,python,_PyObject_Malloc
1490827.0,2367570,python,[JIT],0x0000fcb51d5dfb1c
1490827.0,2367712,python,[JIT],0x0000f6832f63808c
1490823.0,2367570,python,python,_PyType_AllocNoTrack
1490819.0,2367465,python,[JIT],0x0000f33d98b84920
1490818.0,2367465,python,[JIT],0x0000f33d98bad0cc
1490815.0,2367465,python,python,float_dealloc
1490802.0,2367465,python,python,PyObject_GC_UnTrack
1490800.0,2367570,python,[JIT],0x0000fcb51d5dfa98
1490796.0,2367438,python,[JIT],0x0000e9fe92b1aa84
1490791.0,2367570,python,python,enum_vectorcall
1490787.0,2367500,python,[JIT],0x0000e8c080305c30
1490776.0,2367570,python,[JIT],0x0000fcb51d5dfa4c
1490769.0,2367605,python,[JIT],0x0000f211a0e5aba4
1490765.0,2367438,python,[JIT],0x0000e9fe92b43188
1490754.0,2367500,python,[JIT],0x0000e8c08032fb18
1490753.0,2367500,python,[JIT],0x0000e8c080305b10
1490747.0,2367465,python,[JIT],0x0000f33d98bae598
1490725.0,2367500,python,[JIT],0x0000e8c080305b1c
1490702.0,2367438,python,[JIT],0x0000e9fe92b4308c
1490686.0,2367570,python,[JIT],0x0000fcb51d5dfc20
1490649.0,2367605,python,[JIT],0x0000f211a0e5a97c
1490603.0,2367570,python,[JIT],0x0000fcb51d609920
1490540.0,2367438,python,[JIT],0x0000e9fe92b4489c
1490508.0,2367570,python,[JIT],0x0000fcb51d5df2d8
1490368.0,2367676,python,[JIT],0x0000ee7d081e189c
1490350.0,2367605,python,[JIT],0x0000f211a0e84938
1489411.0,2367570,python,[JIT],0x0000fcb51d609080
1489039.0,2367570,python,[JIT],0x0000fcb51d6099dc
1486849.0,2367500,python,[JIT],0x0000e8c080305844
1486088.0,2367500,python,python,float_compactlong_guard
1485413.0,2367605,python,[JIT],0x0000f211a0e5a9d8
1484643.0,2367438,python,python,_PyObject_Malloc
1483826.0,2367605,python,[JIT],0x0000f211a0e84a50
1483220.0,2367438,python,python,float_compactlong_multiply
1477769.0,2367570,python,[JIT],0x0000fcb51d609b60
1476421.0,2367676,python,python,list_iter
1472139.0,2367605,python,[JIT],0x0000f211a0e84aac
1463535.0,2367605,python,[JIT],0x0000f211a0e5a590
1242768.0,2367500,python,[JIT],0x0000e8c08032e224
1242722.0,2367500,python,python,PyObject_GC_UnTrack
1242672.0,2367676,python,[JIT],0x0000ee7d081b7538
1242661.0,2367465,python,[JIT],0x0000f33d98b848e4
1242652.0,2367465,python,[JIT],0x0000f33d98b848f0
1242651.0,2367465,python,[JIT],0x0000f33d98b84b14
1242648.0,2367676,python,[JIT],0x0000ee7d081b7a44
1242640.0,2367676,python,[JIT],0x0000ee7d081b7afc
1242629.0,2367500,python,[JIT],0x0000e8c080305b08
1242620.0,2367712,python,[JIT],0x0000f6832f638970
1242612.0,2367465,python,[JIT],0x0000f33d98b84b00
1242600.0,2367605,python,[JIT],0x0000f211a0e84a98
1242598.0,2367570,python,[JIT],0x0000fcb51d5dfa90
1242594.0,2367570,python,[JIT],0x0000fcb51d5df9f4
1242578.0,2367500,python,[JIT],0x0000e8c080305a04
1242572.0,2367676,python,[JIT],0x0000ee7d081b7174
1242570.0,2367500,python,[JIT],0x0000e8c08032f300
1242567.0,2367465,python,[JIT],0x0000f33d98b84934
1242565.0,2367712,python,[JIT],0x0000f6832f639454
1242556.0,2367465,python,[JIT],0x0000f33d98b8483c
1242552.0,2367605,python,python,PyObject_GC_Del
1242548.0,2367465,python,[JIT],0x0000f33d98b84a90
1242547.0,2367570,python,[JIT],0x0000fcb51d5dfb14
1242544.0,2367605,python,[JIT],0x0000f211a0e5a99c
1242542.0,2367676,python,[JIT],0x0000ee7d081b7a90
1242531.0,2367605,python,python,PyObject_GetIter
1242526.0,2367605,python,python,_PyType_AllocNoTrack
1242520.0,2367500,python,[JIT],0x0000e8c08032e098
1242519.0,2367676,python,[JIT],0x0000ee7d081b7260
1242515.0,2367605,python,[JIT],0x0000f211a0e849fc
1242508.0,2367676,python,[JIT],0x0000ee7d081b7a3c
1242502.0,2367712,python,[JIT],0x0000f6832f6393c0
1242497.0,2367500,python,[JIT],0x0000e8c08032fafc
1242493.0,2367605,python,[JIT],0x0000f211a0e5a938
1242492.0,2367465,python,[JIT],0x0000f33d98baf3c0
1242482.0,2367605,python,[JIT],0x0000f211a0e8498c
1242481.0,2367605,python,[JIT],0x0000f211a0e5a03c
1242478.0,2367676,python,[JIT],0x0000ee7d081b78a8
1242475.0,2367570,python,python,_PyTuple_FromStackRefStealOnSuccess
1242469.0,2367676,python,[JIT],0x0000ee7d081b79a0
1242466.0,2367438,python,[JIT],0x0000e9fe92b1b300
1242459.0,2367605,python,[JIT],0x0000f211a0e853c0
1242455.0,2367500,python,[JIT],0x0000e8c0803058cc
1242452.0,2367570,python,[JIT],0x0000fcb51d5df1d4
1242452.0,2367605,python,[JIT],0x0000f211a0e84afc
1242451.0,2367465,python,[JIT],0x0000f33d98b84554
1242448.0,2367570,python,[JIT],0x0000fcb51d5df648
1242435.0,2367605,python,[JIT],0x0000f211a0e5a844
1242429.0,2367605,python,[JIT],0x0000f211a0e5aa98
1242428.0,2367500,python,[JIT],0x0000e8c08032fc44
1242421.0,2367676,python,[JIT],0x0000ee7d081b74e4
1242413.0,2367465,python,[JIT],0x0000f33d98bae9f0
1242412.0,2367438,python,python,enum_new_impl
1242404.0,2367500,python,[JIT],0x0000e8c080305ac8
1242403.0,2367605,python,[JIT],0x0000f211a0e84aa0
1242400.0,2367605,python,[JIT],0x0000f211a0e5a920
1242395.0,2367605,python,[JIT],0x0000f211a0e84a00
1242392.0,2367465,python,[JIT],0x0000f33d98bae89c
1242390.0,2367570,python,[JIT],0x0000fcb51d5df350
1242389.0,2367500,python,[JIT],0x0000e8c080305afc
1242388.0,2367465,python,[JIT],0x0000f33d98b848a0
1242369.0,2367570,python,[JIT],0x0000fcb51d5df844
1242368.0,2367605,python,[JIT],0x0000f211a0e84888
1242360.0,2367605,python,[JIT],0x0000f211a0e5a9bc
1242354.0,2367570,python,[JIT],0x0000fcb51d5df9fc
1242354.0,2367605,python,[JIT],0x0000f211a0e5a94c
1242349.0,2367676,python,[JIT],0x0000ee7d081e192c
1242334.0,2367570,python,[JIT],0x0000fcb51d609210
1242316.0,2367605,python,[JIT],0x0000f211a0e5a834
1242308.0,2367438,python,python,enum_dealloc
1242305.0,2367605,python,python,_PyTuple_FromStackRefStealOnSuccess
1242304.0,2367605,python,[JIT],0x0000f211a0e5a1c8
1242295.0,2367605,python,[JIT],0x0000f211a0e5a860
1242291.0,2367605,python,[JIT],0x0000f211a0e84288
1242277.0,2367570,python,[JIT],0x0000fcb51d5df9ec
1242272.0,2367605,python,[JIT],0x0000f211a0e5a254
1242269.0,2367570,python,[JIT],0x0000fcb51d609974
1242250.0,2367712,python,[JIT],0x0000f6832f638170
1242248.0,2367465,python,python,_PyObject_Malloc
1242215.0,2367438,python,[JIT],0x0000e9fe92b44a44
1242210.0,2367570,python,python,enum_dealloc
1242179.0,2367465,python,[JIT],0x0000f33d98bae4a4
1242118.0,2367570,python,[JIT],0x0000fcb51d609ad0
1242072.0,2367570,python,[JIT],0x0000fcb51d5df9e8
1241957.0,2367676,python,[JIT],0x0000ee7d081b792c
1241796.0,2367676,python,[JIT],0x0000ee7d081b7b14
1240499.0,2367605,python,[JIT],0x0000f211a0e5ab20
1236536.0,2367500,python,[JIT],0x0000e8c080305824
1233292.0,2367465,python,python,listiter_dealloc
1225589.0,2367570,python,[JIT],0x0000fcb51d609980
1093636.0,2367676,python,python,float_compactlong_guard
1036150.0,2367676,python,[kernel.kallsyms],task_mm_cid_work
1020439.0,2367605,python,[JIT],0x0000f211a0e84b18
996307.0,2367605,python,[JIT],0x0000f211a0e84500
994833.0,2367465,python,[JIT],0x0000f33d98bae574
994262.0,2367676,python,python,_PyObject_Free
994225.0,2367605,python,[JIT],0x0000f211a0e84a0c
994221.0,2367465,python,[JIT],0x0000f33d98b848a8
994160.0,2367676,python,python,_PyType_AllocNoTrack
994158.0,2367570,python,[JIT],0x0000fcb51d5df84c
994156.0,2367500,python,[JIT],0x0000e8c08032f8f0
994156.0,2367500,python,[JIT],0x0000e8c08032f598
994154.0,2367500,python,[JIT],0x0000e8c080305c30
994141.0,2367605,python,[JIT],0x0000f211a0e830b0
994139.0,2367500,python,[JIT],0x0000e8c080305a9c
994138.0,2367676,python,[JIT],0x0000ee7d081e1be4
994131.0,2367676,python,[JIT],0x0000ee7d081b7478
994126.0,2367712,python,[JIT],0x0000f6832f637138
994119.0,2367712,python,[JIT],0x0000f6832f637040
994115.0,2367605,python,[JIT],0x0000f211a0e849d8
994110.0,2367605,python,[JIT],0x0000f211a0e84b20
994104.0,2367465,python,python,_Py_CallBuiltinClass_StackRef
994087.0,2367570,python,[JIT],0x0000fcb51d609b04
994083.0,2367500,python,[JIT],0x0000e8c0803053c8
994075.0,2367676,python,[JIT],0x0000ee7d081b7868
994074.0,2367676,python,[JIT],0x0000ee7d081e1894
994066.0,2367676,python,[JIT],0x0000ee7d081e16b8
994064.0,2367570,python,[JIT],0x0000fcb51d609c44
994057.0,2367676,python,[JIT],0x0000ee7d081e1b60
994050.0,2367676,python,[JIT],0x0000ee7d081e2454
994046.0,2367570,python,[JIT],0x0000fcb51d5df888
994044.0,2367605,python,[JIT],0x0000f211a0e84acc
994039.0,2367605,python,[JIT],0x0000f211a0e8491c
994036.0,2367438,python,[JIT],0x0000e9fe92b1aad0
994036.0,2367465,python,[JIT],0x0000f33d98b84844
994028.0,2367676,python,[JIT],0x0000ee7d081b79f4
994028.0,2367500,python,[JIT],0x0000e8c0803055ac
994026.0,2367438,python,[JIT],0x0000e9fe92b1a84c
994023.0,2367605,python,[JIT],0x0000f211a0e5a964
994019.0,2367605,python,python,_PyObject_Malloc
994019.0,2367465,python,[JIT],0x0000f33d98b846b4
994015.0,2367712,python,[JIT],0x0000f6832f60e0d0
994009.0,2367605,python,[JIT],0x0000f211a0e849f0
994006.0,2367712,python,[JIT],0x0000f6832f60e088
994005.0,2367676,python,[JIT],0x0000ee7d081e1b00
994003.0,2367500,python,[JIT],0x0000e8c08032fbbc
994001.0,2367438,python,python,_PyTuple_FromStackRefStealOnSuccess
994001.0,2367605,python,[JIT],0x0000f211a0e5aa08
993998.0,2367712,python,[JIT],0x0000f6832f638a98
993996.0,2367605,python,[JIT],0x0000f211a0e5aa50
993992.0,2367465,python,[JIT],0x0000f33d98b84b60
993990.0,2367605,python,[JIT],0x0000f211a0e5aaac
993985.0,2367570,python,[JIT],0x0000fcb51d5dfacc
993985.0,2367500,python,[JIT],0x0000e8c080305754
993984.0,2367676,python,[JIT],0x0000ee7d081e00c0
993982.0,2367676,python,python,tuple_alloc
993980.0,2367500,python,[JIT],0x0000e8c08032fac4
993979.0,2367676,python,[JIT],0x0000ee7d081e19f0
993977.0,2367605,python,[JIT],0x0000f211a0e5aa04
993976.0,2367712,python,[JIT],0x0000f6832f60e4bc
993972.0,2367465,python,[JIT],0x0000f33d98b84c60
993971.0,2367605,python,[JIT],0x0000f211a0e84920
993971.0,2367465,python,[JIT],0x0000f33d98b841d4
993969.0,2367605,python,[JIT],0x0000f211a0e840bc
993969.0,2367605,python,[JIT],0x0000f211a0e84b04
993968.0,2367500,python,python,list_iter
993965.0,2367465,python,[JIT],0x0000f33d98b84b10
993963.0,2367570,python,[JIT],0x0000fcb51d6099b0
993961.0,2367570,python,[JIT],0x0000fcb51d5df9c8
993950.0,2367465,python,[JIT],0x0000f33d98b84778
993949.0,2367676,python,python,enum_dealloc
993937.0,2367465,python,[JIT],0x0000f33d98b841f4
993933.0,2367605,python,[JIT],0x0000f211a0e5aa3c
993929.0,2367570,python,[JIT],0x0000fcb51d6098dc
993927.0,2367570,python,[JIT],0x0000fcb51d608178
993923.0,2367605,python,[JIT],0x0000f211a0e5ab24
993922.0,2367676,python,[JIT],0x0000ee7d081e1338
993920.0,2367676,python,[JIT],0x0000ee7d081b7538
993919.0,2367465,python,[JIT],0x0000f33d98b84a9c
993915.0,2367465,python,python,_PyJIT_Entry
993909.0,2367712,python,[JIT],0x0000f6832f60ebf4
993907.0,2367605,python,[JIT],0x0000f211a0e5a9b4
993906.0,2367465,python,[JIT],0x0000f33d98b840e0
993897.0,2367438,python,[JIT],0x0000e9fe92b1ab00
993893.0,2367438,python,python,_PyType_AllocNoTrack
993892.0,2367605,python,[JIT],0x0000f211a0e5a934
993890.0,2367570,python,[JIT],0x0000fcb51d5df768
993878.0,2367605,python,[JIT],0x0000f211a0e84330
993872.0,2367465,python,[JIT],0x0000f33d98bae14c
993864.0,2367465,python,[JIT],0x0000f33d98b84a04
993852.0,2367570,python,[JIT],0x0000fcb51d5dfa9c
993852.0,2367500,python,[JIT],0x0000e8c080306300
993849.0,2367500,python,[JIT],0x0000e8c08032e0a8
993846.0,2367570,python,[JIT],0x0000fcb51d5dfa84
993844.0,2367712,python,[JIT],0x0000f6832f637384
993841.0,2367438,python,[JIT],0x0000e9fe92b449f0
993838.0,2367605,python,[JIT],0x0000f211a0e5ab1c
993838.0,2367465,python,[JIT],0x0000f33d98b8403c
993836.0,2367605,python,[JIT],0x0000f211a0e5a9a0
993835.0,2367605,python,[JIT],0x0000f211a0e843a4
993832.0,2367605,python,[JIT],0x0000f211a0e5aaa0
993831.0,2367605,python,[JIT],0x0000f211a0e5a0e0
993828.0,2367438,python,[JIT],0x0000e9fe92b449e8
993825.0,2367605,python,[JIT],0x0000f211a0e5a89c
993825.0,2367465,python,[JIT],0x0000f33d98bae41c
993821.0,2367570,python,[JIT],0x0000fcb51d5df85c
993815.0,2367500,python,[JIT],0x0000e8c08032f450
993814.0,2367570,python,[JIT],0x0000fcb51d5df94c
993807.0,2367570,python,[JIT],0x0000fcb51d609a0c
993805.0,2367438,python,[JIT],0x0000e9fe92b1a830
993804.0,2367570,python,[JIT],0x0000fcb51d609ab0
993797.0,2367676,python,[JIT],0x0000ee7d081b7b00
993793.0,2367465,python,[JIT],0x0000f33d98bae4a4
993792.0,2367605,python,[JIT],0x0000f211a0e5a948
993789.0,2367438,python,[JIT],0x0000e9fe92b1a9fc
993784.0,2367570,python,python,_PyObject_Malloc
993779.0,2367570,python,python,_PyObject_GC_Link
993776.0,2367605,python,[JIT],0x0000f211a0e5abf4
993751.0,2367570,python,[JIT],0x0000fcb51d5df8f0
993739.0,2367570,python,[JIT],0x0000fcb51d608138
993737.0,2367605,python,[JIT],0x0000f211a0e84338
993734.0,2367605,python,[JIT],0x0000f211a0e5aab0
993724.0,2367570,python,[JIT],0x0000fcb51d5df964
993676.0,2367605,python,[JIT],0x0000f211a0e831c0
993656.0,2367500,python,python,enum_vectorcall
993622.0,2367500,python,[JIT],0x0000e8c08032f5b4
993243.0,2367676,python,python,float_compactlong_multiply
993215.0,2367465,python,[JIT],0x0000f33d98bae3a8
993035.0,2367605,python,[JIT],0x0000f211a0e5aa48
992936.0,2367438,python,python,enum_vectorcall
992789.0,2367570,python,[JIT],0x0000fcb51d6092a4
992651.0,2367605,python,[JIT],0x0000f211a0e841f8
992616.0,2367605,python,[JIT],0x0000f211a0e5a968
992131.0,2367465,python,python,PyObject_GetIter
991149.0,2367465,python,[JIT],0x0000f33d98bae928
990676.0,2367605,python,python,_PyObject_Free
989934.0,2367570,python,[JIT],0x0000fcb51d5dfa04
987745.0,2367676,python,[JIT],0x0000ee7d081e19a0
986528.0,2367570,python,python,float_compactlong_multiply
986511.0,2367605,python,[JIT],0x0000f211a0e84034
979849.0,2367605,python,python,float_compactlong_multiply
976845.0,2367500,python,[JIT],0x0000e8c080305590
818709.0,2367605,python,[JIT],0x0000f211a0e84974
781057.0,2367570,python,python,float_compactlong_guard
776229.0,2367465,python,[JIT],0x0000f33d98baf440
762959.0,2367438,python,[kernel.kallsyms],task_mm_cid_work
759244.0,2367465,python,[JIT],0x0000f33d98baeda0
757146.0,2367570,python,[JIT],0x0000fcb51d6094c8
748397.0,2367570,python,[JIT],0x0000fcb51d6098a8
745722.0,2367712,python,[JIT],0x0000f6832f638b80
745714.0,2367676,python,python,PyObject_Free
745710.0,2367570,python,[JIT],0x0000fcb51d5df858
745690.0,2367676,python,[JIT],0x0000ee7d081b784c
745683.0,2367570,python,[JIT],0x0000fcb51d5df218
745680.0,2367465,python,[JIT],0x0000f33d98b849fc
745675.0,2367500,python,[JIT],0x0000e8c08032f298
745675.0,2367605,python,[JIT],0x0000f211a0e5a49c
745666.0,2367500,python,[JIT],0x0000e8c08032e00c
745659.0,2367712,python,[JIT],0x0000f6832f638754
745656.0,2367500,python,[JIT],0x0000e8c0803050d0
745655.0,2367712,python,[JIT],0x0000f6832f60e448
745654.0,2367676,python,[JIT],0x0000ee7d081b78fc
745646.0,2367500,python,[JIT],0x0000e8c08032e250
745632.0,2367676,python,[JIT],0x0000ee7d081b794c
745624.0,2367500,python,[JIT],0x0000e8c08032e25c
745621.0,2367500,python,[JIT],0x0000e8c08032f9f0
745620.0,2367676,python,[JIT],0x0000ee7d081b7970
745618.0,2367465,python,[JIT],0x0000f33d98b848fc
745613.0,2367465,python,python,PyObject_GC_Del
745609.0,2367712,python,python,tuple_dealloc
745601.0,2367500,python,[JIT],0x0000e8c08032f21c
745597.0,2367605,python,[JIT],0x0000f211a0e5abe4
745593.0,2367465,python,[JIT],0x0000f33d98b84810
745591.0,2367676,python,[JIT],0x0000ee7d081b7488
745588.0,2367676,python,[JIT],0x0000ee7d081b73f8
745586.0,2367605,python,python,list_dealloc
745586.0,2367465,python,[JIT],0x0000f33d98b84140
745585.0,2367605,python,[JIT],0x0000f211a0e842bc
745584.0,2367676,python,[JIT],0x0000ee7d081b7328
745582.0,2367712,python,[JIT],0x0000f6832f60e328
745582.0,2367712,python,[JIT],0x0000f6832f60ece4
745581.0,2367500,python,[JIT],0x0000e8c08032f51c
745581.0,2367712,python,[JIT],0x0000f6832f60e270
745580.0,2367712,python,[JIT],0x0000f6832f60e408
745580.0,2367676,python,[JIT],0x0000ee7d081e0224
745575.0,2367438,python,[JIT],0x0000e9fe92b1a9c4
745572.0,2367605,python,[JIT],0x0000f211a0e84574
745572.0,2367605,python,[JIT],0x0000f211a0e848f0
745572.0,2367500,python,python,_PyType_AllocNoTrack
745572.0,2367500,python,[JIT],0x0000e8c080305ab0
745569.0,2367676,python,[JIT],0x0000ee7d081e13dc
745568.0,2367465,python,[JIT],0x0000f33d98bae84c
745565.0,2367500,python,[JIT],0x0000e8c080305860
745564.0,2367500,python,[JIT],0x0000e8c0803059fc
745562.0,2367570,python,[JIT],0x0000fcb51d5df328
745560.0,2367570,python,[JIT],0x0000fcb51d5df0b4
745560.0,2367500,python,[JIT],0x0000e8c080305398
745560.0,2367465,python,[JIT],0x0000f33d98bae5b4
745559.0,2367438,python,[JIT],0x0000e9fe92b1a9e8
745558.0,2367570,python,[JIT],0x0000fcb51d5df554
745558.0,2367438,python,[JIT],0x0000e9fe92b1aab0
745558.0,2367676,python,[JIT],0x0000ee7d081e1258
745555.0,2367465,python,[JIT],0x0000f33d98bae500
745554.0,2367676,python,[JIT],0x0000ee7d081b7754
745553.0,2367500,python,[JIT],0x0000e8c08032e14c
745553.0,2367500,python,[JIT],0x0000e8c08032fbe4
745553.0,2367465,python,[JIT],0x0000f33d98b840b4
745552.0,2367500,python,[JIT],0x0000e8c08032fa40
745550.0,2367605,python,[JIT],0x0000f211a0e5aba4
745550.0,2367500,python,[JIT],0x0000e8c0803059ac
745547.0,2367465,python,[JIT],0x0000f33d98bae98c
745547.0,2367500,python,[JIT],0x0000e8c0803059a0
745547.0,2367676,python,[JIT],0x0000ee7d081e18fc
745541.0,2367570,python,python,_PyObject_Free
745540.0,2367438,python,[JIT],0x0000e9fe92b1a844
745538.0,2367676,python,[JIT],0x0000ee7d081e1a8c
745538.0,2367570,python,[JIT],0x0000fcb51d60825c
745536.0,2367500,python,[JIT],0x0000e8c08032f810
745536.0,2367676,python,[JIT],0x0000ee7d081b7cd4
745534.0,2367500,python,[JIT],0x0000e8c0803058f0
745534.0,2367465,python,[JIT],0x0000f33d98b848d4
745533.0,2367676,python,[JIT],0x0000ee7d081b7890
745533.0,2367676,python,[JIT],0x0000ee7d081b7de0
745533.0,2367465,python,[JIT],0x0000f33d98baea50
745533.0,2367712,python,[JIT],0x0000f6832f60e5b4
745530.0,2367570,python,[JIT],0x0000fcb51d6099fc
745530.0,2367500,python,[JIT],0x0000e8c080305c60
745530.0,2367465,python,[JIT],0x0000f33d98b84830
745530.0,2367676,python,[JIT],0x0000ee7d081e0188
745529.0,2367500,python,[JIT],0x0000e8c080305064
745529.0,2367500,python,[JIT],0x0000e8c08032e1c0
745529.0,2367438,python,[JIT],0x0000e9fe92b1a8cc
745528.0,2367500,python,python,_PyTuple_FromPairSteal
745526.0,2367676,python,python,PyObject_GC_UnTrack
745526.0,2367500,python,python,_Py_CallBuiltinClass_StackRef
745526.0,2367465,python,[JIT],0x0000f33d98bad384
745524.0,2367605,python,[JIT],0x0000f211a0e84928
745523.0,2367605,python,[JIT],0x0000f211a0e84be4
745522.0,2367570,python,[JIT],0x0000fcb51d5dfb08
745521.0,2367605,python,[JIT],0x0000f211a0e5a4d4
745521.0,2367605,python,[JIT],0x0000f211a0e5a84c
745519.0,2367712,python,[JIT],0x0000f6832f63850c
745518.0,2367465,python,[JIT],0x0000f33d98b849a0
745518.0,2367712,python,[JIT],0x0000f6832f60e1b4
745518.0,2367712,python,[JIT],0x0000f6832f60e9ec
745517.0,2367500,python,[JIT],0x0000e8c08032f080
745517.0,2367605,python,[JIT],0x0000f211a0e5a854
745517.0,2367605,python,[JIT],0x0000f211a0e5aaa4
745515.0,2367465,python,[JIT],0x0000f33d98bae35c
745511.0,2367676,python,python,PyObject_GC_UnTrack
745510.0,2367570,python,[JIT],0x0000fcb51d609778
745510.0,2367438,python,[JIT],0x0000e9fe92b1a778
745509.0,2367500,python,[JIT],0x0000e8c08032f9b8
745509.0,2367605,python,[JIT],0x0000f211a0e5a6c0
745509.0,2367465,python,[JIT],0x0000f33d98bae15c
745508.0,2367605,python,[JIT],0x0000f211a0e5a8d4
745507.0,2367465,python,[JIT],0x0000f33d98b843d4
745506.0,2367605,python,[JIT],0x0000f211a0e5a768
745505.0,2367605,python,[JIT],0x0000f211a0e5a8f8
745504.0,2367570,python,[JIT],0x0000fcb51d5df270
745503.0,2367500,python,[JIT],0x0000e8c0803050a8
745503.0,2367712,python,[JIT],0x0000f6832f638858
745502.0,2367465,python,[JIT],0x0000f33d98b849e8
745500.0,2367570,python,[JIT],0x0000fcb51d609268
745500.0,2367438,python,[JIT],0x0000e9fe92b1a8f0
745498.0,2367676,python,[JIT],0x0000ee7d081b72d8
745497.0,2367605,python,[JIT],0x0000f211a0e84a08
745497.0,2367676,python,[JIT],0x0000ee7d081e135c
745496.0,2367676,python,[JIT],0x0000ee7d081b5340
745496.0,2367438,python,[JIT],0x0000e9fe92b1a98c
745494.0,2367500,python,[JIT],0x0000e8c080305ba4
745491.0,2367500,python,[JIT],0x0000e8c08032f3f0
745491.0,2367465,python,[JIT],0x0000f33d98bae4f0
745490.0,2367570,python,[JIT],0x0000fcb51d609494
745488.0,2367570,python,[JIT],0x0000fcb51d5df0a8
745488.0,2367465,python,[JIT],0x0000f33d98baf454
745486.0,2367465,python,python,enum_dealloc
745486.0,2367605,python,[JIT],0x0000f211a0e58264
745486.0,2367605,python,[JIT],0x0000f211a0e5aa40
745484.0,2367438,python,python,compactlong_float_add
745482.0,2367438,python,[JIT],0x0000e9fe92b1aa44
745481.0,2367500,python,[JIT],0x0000e8c080305c20
745481.0,2367605,python,[JIT],0x0000f211a0e5aa00
745479.0,2367570,python,[JIT],0x0000fcb51d60a3c0
745476.0,2367465,python,[JIT],0x0000f33d98b8494c
745470.0,2367605,python,[JIT],0x0000f211a0e84864
745469.0,2367676,python,[JIT],0x0000ee7d081e1210
745467.0,2367605,python,[JIT],0x0000f211a0e849b0
745466.0,2367570,python,[JIT],0x0000fcb51d609b10
745464.0,2367605,python,[JIT],0x0000f211a0e5a224
745464.0,2367605,python,python,compactlong_float_guard
745460.0,2367465,python,[JIT],0x0000f33d98b84858
745460.0,2367605,python,[JIT],0x0000f211a0e5a8cc
745460.0,2367605,python,[JIT],0x0000f211a0e5aa44
745459.0,2367676,python,[JIT],0x0000ee7d081b79ec
745457.0,2367605,python,[JIT],0x0000f211a0e5ac7c
745457.0,2367605,python,[JIT],0x0000f211a0e83244
745456.0,2367605,python,[JIT],0x0000f211a0e83188
745455.0,2367676,python,[JIT],0x0000ee7d081e1b74
745454.0,2367676,python,[JIT],0x0000ee7d081b7964
745453.0,2367465,python,[JIT],0x0000f33d98bae3f0
745452.0,2367465,python,[JIT],0x0000f33d98b84270
745451.0,2367712,python,[JIT],0x0000f6832f638c34
745450.0,2367676,python,[JIT],0x0000ee7d081b7a50
745450.0,2367570,python,[JIT],0x0000fcb51d6094f0
745448.0,2367465,python,[JIT],0x0000f33d98bae810
745447.0,2367570,python,[JIT],0x0000fcb51d6099b8
745447.0,2367465,python,[JIT],0x0000f33d98b84340
745447.0,2367676,python,[JIT],0x0000ee7d081b756c
745444.0,2367712,python,[JIT],0x0000f6832f6381c0
745444.0,2367465,python,[JIT],0x0000f33d98b84224
745443.0,2367605,python,[JIT],0x0000f211a0e5a4fc
745443.0,2367712,python,[JIT],0x0000f6832f60e6c0
745442.0,2367500,python,[JIT],0x0000e8c080305660
745442.0,2367500,python,[JIT],0x0000e8c08032f640
745442.0,2367570,python,python,PyObject_Free
745442.0,2367605,python,[JIT],0x0000f211a0e5a448
745440.0,2367570,python,[JIT],0x0000fcb51d6080b0
745439.0,2367676,python,[JIT],0x0000ee7d081e1afc
745439.0,2367605,python,[JIT],0x0000f211a0e848a8
745437.0,2367676,python,[JIT],0x0000ee7d081e1370
745436.0,2367605,python,[JIT],0x0000f211a0e5a91c
745434.0,2367500,python,python,_PyObject_Free
745434.0,2367500,python,[JIT],0x0000e8c0803303c0
745434.0,2367438,python,python,_PyTuple_FromPairSteal
745434.0,2367712,python,[JIT],0x0000f6832f638a44
745433.0,2367500,python,[JIT],0x0000e8c08032f54c
745432.0,2367570,python,[JIT],0x0000fcb51d609210
745431.0,2367605,python,[JIT],0x0000f211a0e5a808
745431.0,2367676,python,[JIT],0x0000ee7d081e13a4
745430.0,2367605,python,[JIT],0x0000f211a0e842a8
745429.0,2367465,python,[JIT],0x0000f33d98b841a4
745428.0,2367438,python,[JIT],0x0000e9fe92b1ade0
745428.0,2367570,python,[JIT],0x0000fcb51d6098ac
745427.0,2367570,python,[JIT],0x0000fcb51d6090e4
745426.0,2367500,python,[JIT],0x0000e8c08032f1ac
745425.0,2367570,python,[JIT],0x0000fcb51d609be4
745425.0,2367500,python,[JIT],0x0000e8c08032e1b0
745425.0,2367712,python,[JIT],0x0000f6832f60e224
745423.0,2367570,python,[JIT],0x0000fcb51d5dfbf4
745423.0,2367605,python,[JIT],0x0000f211a0e8499c
745419.0,2367605,python,[JIT],0x0000f211a0e853d4
745417.0,2367570,python,[JIT],0x0000fcb51d5dfca8
745417.0,2367712,python,[JIT],0x0000f6832f60e9fc
745417.0,2367676,python,[JIT],0x0000ee7d081b7438
745415.0,2367500,python,[JIT],0x0000e8c080305340
745415.0,2367500,python,[JIT],0x0000e8c08032fb00
745414.0,2367465,python,[JIT],0x0000f33d98b84990
745413.0,2367570,python,[JIT],0x0000fcb51d5dfcc4
745413.0,2367712,python,[JIT],0x0000f6832f60e478
745409.0,2367570,python,[JIT],0x0000fcb51d5dfafc
745408.0,2367570,python,[JIT],0x0000fcb51d60997c
745404.0,2367570,python,[JIT],0x0000fcb51d5df9ac
745404.0,2367712,python,[JIT],0x0000f6832f638b74
745401.0,2367712,python,[JIT],0x0000f6832f638338
745400.0,2367465,python,[JIT],0x0000f33d98baf3d4
745399.0,2367605,python,[JIT],0x0000f211a0e5a978
745397.0,2367605,python,[JIT],0x0000f211a0e5a9f0
745392.0,2367570,python,[JIT],0x0000fcb51d609a48
745390.0,2367570,python,[JIT],0x0000fcb51d5df754
745388.0,2367676,python,[JIT],0x0000ee7d081b7b30
745386.0,2367570,python,[JIT],0x0000fcb51d608040
745386.0,2367605,python,[JIT],0x0000f211a0e5aad0
745384.0,2367676,python,[JIT],0x0000ee7d081e2304
745383.0,2367605,python,[JIT],0x0000f211a0e5b274
745383.0,2367676,python,[JIT],0x0000ee7d081e1754
745382.0,2367438,python,python,tuple_alloc
745382.0,2367605,python,python,list_iter
745381.0,2367605,python,[JIT],0x0000f211a0e83268
745378.0,2367465,python,[JIT],0x0000f33d98bad1b0
745376.0,2367605,python,[JIT],0x0000f211a0e843cc
745375.0,2367465,python,[JIT],0x0000f33d98b84508
745375.0,2367676,python,[JIT],0x0000ee7d081b7a9c
745373.0,2367500,python,[JIT],0x0000e8c080330304
745373.0,2367500,python,[JIT],0x0000e8c08030589c
745372.0,2367605,python,[JIT],0x0000f211a0e849ec
745372.0,2367605,python,[JIT],0x0000f211a0e84a38
745370.0,2367438,python,[JIT],0x0000e9fe92b1a8fc
745369.0,2367605,python,[JIT],0x0000f211a0e5aa94
745363.0,2367570,python,python,PyObject_GetIter
745361.0,2367570,python,[JIT],0x0000fcb51d609acc
745361.0,2367500,python,python,compactlong_float_add
745359.0,2367605,python,[JIT],0x0000f211a0e5a088
745355.0,2367570,python,[JIT],0x0000fcb51d5df648
745355.0,2367465,python,[JIT],0x0000f33d98bad098
745354.0,2367500,python,[JIT],0x0000e8c08032f9f8
745353.0,2367605,python,[JIT],0x0000f211a0e5a9c8
745353.0,2367712,python,[JIT],0x0000f6832f60ea98
745351.0,2367500,python,[JIT],0x0000e8c08032fa98
745350.0,2367676,python,[JIT],0x0000ee7d081e14f0
745345.0,2367465,python,[JIT],0x0000f33d98b84828
745342.0,2367605,python,[JIT],0x0000f211a0e84540
745339.0,2367500,python,[JIT],0x0000e8c0803052e8
745339.0,2367438,python,[JIT],0x0000e9fe92b1a9c8
745337.0,2367570,python,[JIT],0x0000fcb51d6090c8
745336.0,2367465,python,[JIT],0x0000f33d98bae9e8
745333.0,2367465,python,[JIT],0x0000f33d98bad194
745332.0,2367500,python,[JIT],0x0000e8c08030583c
745331.0,2367570,python,[JIT],0x0000fcb51d6091cc
745331.0,2367465,python,[JIT],0x0000f33d98baeb18
745328.0,2367605,python,[JIT],0x0000f211a0e5a778
745323.0,2367438,python,[JIT],0x0000e9fe92b1a89c
745320.0,2367570,python,[JIT],0x0000fcb51d6080c0
745320.0,2367605,python,[JIT],0x0000f211a0e5a9dc
745319.0,2367500,python,[JIT],0x0000e8c08032fb0c
745319.0,2367570,python,[JIT],0x0000fcb51d60989c
745319.0,2367605,python,[JIT],0x0000f211a0e85454
745315.0,2367605,python,[JIT],0x0000f211a0e84c50
745314.0,2367676,python,[JIT],0x0000ee7d081e19c8
745304.0,2367676,python,[JIT],0x0000ee7d081e00cc
745302.0,2367605,python,[JIT],0x0000f211a0e5a9fc
745297.0,2367570,python,[JIT],0x0000fcb51d60914c
745294.0,2367605,python,[JIT],0x0000f211a0e5a3e4
745285.0,2367465,python,[JIT],0x0000f33d98baeb0c
745270.0,2367570,python,[JIT],0x0000fcb51d5df2d8
745260.0,2367438,python,[JIT],0x0000e9fe92b449c4
745259.0,2367500,python,python,_PyJIT_Entry
745242.0,2367438,python,python,PyObject_GC_Del
745242.0,2367465,python,[JIT],0x0000f33d98bae494
745239.0,2367570,python,[JIT],0x0000fcb51d60a450
745233.0,2367438,python,[JIT],0x0000e9fe92b449cc
745233.0,2367570,python,[JIT],0x0000fcb51d6098a0
745220.0,2367605,python,[JIT],0x0000f211a0e84a48
745214.0,2367570,python,[JIT],0x0000fcb51d5dfc04
745214.0,2367438,python,[JIT],0x0000e9fe92b1aa0c
745195.0,2367465,python,[JIT],0x0000f33d98bae268
745174.0,2367676,python,[JIT],0x0000ee7d081e1558
745169.0,2367465,python,[JIT],0x0000f33d98bae564
745143.0,2367570,python,[JIT],0x0000fcb51d609b18
745011.0,2367465,python,[JIT],0x0000f33d98b842b0
744449.0,2367465,python,[JIT],0x0000f33d98bae1c0
744317.0,2367605,python,[JIT],0x0000f211a0e5a928
743735.0,2367465,python,[JIT],0x0000f33d98bae778
742970.0,2367605,python,[JIT],0x0000f211a0e84160
740704.0,2367570,python,[JIT],0x0000fcb51d5df924
740041.0,2367438,python,python,PyObject_Malloc
739182.0,2367605,python,[JIT],0x0000f211a0e842b4
733185.0,2367465,python,[JIT],0x0000f33d98bae150
732028.0,2367570,python,[JIT],0x0000fcb51d609ccc
731373.0,2367570,python,[JIT],0x0000fcb51d609d3c
715256.0,2367676,python,[JIT],0x0000ee7d081e11c8
712488.0,2367570,python,[JIT],0x0000fcb51d609ca8
712317.0,2367465,python,[JIT],0x0000f33d98b84ab8
505856.0,2367438,python,[JIT],0x0000e9fe92b4445c
504000.0,2367465,python,[JIT],0x0000f33d98bae2a4
503645.0,2367676,python,[JIT],0x0000ee7d081b5d64
501424.0,2367605,python,[JIT],0x0000f211a0e841d8
500965.0,2367438,python,[JIT],0x0000e9fe92b44350
499359.0,2367500,python,python,float_compactlong_multiply
498621.0,2367570,python,[JIT],0x0000fcb51d609564
498361.0,2367500,python,[JIT],0x0000e8c08032f13c
497474.0,2367438,python,[JIT],0x0000e9fe92b45440
497363.0,2367500,python,[JIT],0x0000e8c08032f650
497289.0,2367465,python,[JIT],0x0000f33d98b8233c
497263.0,2367676,python,python,enum_vectorcall
497225.0,2367605,python,python,_PyType_AllocNoTrack
497202.0,2367676,python,[JIT],0x0000ee7d081e1768
497197.0,2367676,python,python,_PyJIT_Entry
497195.0,2367465,python,python,compactlong_float_add
497191.0,2367676,python,python,listiter_dealloc
497191.0,2367676,python,[JIT],0x0000ee7d081b79ac
497185.0,2367676,python,[JIT],0x0000ee7d081b7778
497179.0,2367605,python,python,tuple_alloc
497174.0,2367500,python,[JIT],0x0000e8c080305364
497164.0,2367438,python,[JIT],0x0000e9fe92b1aa50
497160.0,2367712,python,[JIT],0x0000f6832f60e8c0
497156.0,2367500,python,[JIT],0x0000e8c080305488
497156.0,2367500,python,[JIT],0x0000e8c08032f008
497154.0,2367500,python,[JIT],0x0000e8c08032e040
497154.0,2367500,python,python,PyType_GenericAlloc
497154.0,2367676,python,[JIT],0x0000ee7d081b79d4
497153.0,2367676,python,[JIT],0x0000ee7d081b7590
497151.0,2367676,python,[JIT],0x0000ee7d081b7a94
497150.0,2367500,python,[JIT],0x0000e8c080305928
497148.0,2367676,python,[JIT],0x0000ee7d081e14bc
497148.0,2367676,python,[JIT],0x0000ee7d081e1450
497144.0,2367500,python,[JIT],0x0000e8c080305ce4
497143.0,2367676,python,[JIT],0x0000ee7d081e11b8
497141.0,2367570,python,[JIT],0x0000fcb51d60814c
497140.0,2367605,python,[JIT],0x0000f211a0e840a0
497137.0,2367465,python,[JIT],0x0000f33d98bae450
497136.0,2367605,python,[JIT],0x0000f211a0e8453c
497135.0,2367712,python,[JIT],0x0000f6832f60ec44
497132.0,2367500,python,[JIT],0x0000e8c08032e194
497132.0,2367676,python,[JIT],0x0000ee7d081e1c14
497128.0,2367500,python,[JIT],0x0000e8c08032f638
497127.0,2367465,python,[JIT],0x0000f33d98b84350
497124.0,2367605,python,[JIT],0x0000f211a0e83384
497122.0,2367500,python,[JIT],0x0000e8c080305ac0
497121.0,2367712,python,[JIT],0x0000f6832f637054
497118.0,2367605,python,[JIT],0x0000f211a0e84640
497117.0,2367676,python,[JIT],0x0000ee7d081b7168
497115.0,2367500,python,[JIT],0x0000e8c08032f380
497115.0,2367605,python,[JIT],0x0000f211a0e5aaf8
497114.0,2367605,python,[JIT],0x0000f211a0e831cc
497112.0,2367712,python,[JIT],0x0000f6832f60e078
497109.0,2367570,python,[JIT],0x0000fcb51d5dfbbc
497109.0,2367676,python,[JIT],0x0000ee7d081b781c
497108.0,2367676,python,[JIT],0x0000ee7d081b7810
497107.0,2367712,python,[JIT],0x0000f6832f63714c
497106.0,2367438,python,[JIT],0x0000e9fe92b44388
497106.0,2367500,python,[JIT],0x0000e8c08032f97c
497105.0,2367500,python,[JIT],0x0000e8c080305970
497102.0,2367570,python,[JIT],0x0000fcb51d60951c
497100.0,2367465,python,python,enum_new_impl
497099.0,2367676,python,[JIT],0x0000ee7d081e1970
497098.0,2367438,python,[JIT],0x0000e9fe92b1aaa4
497098.0,2367465,python,[JIT],0x0000f33d98b843a8
497096.0,2367570,python,[JIT],0x0000fcb51d5df140
497095.0,2367500,python,[JIT],0x0000e8c080305218
497092.0,2367712,python,[JIT],0x0000f6832f60e0e0
497092.0,2367712,python,[JIT],0x0000f6832f60e154
497090.0,2367676,python,[JIT],0x0000ee7d081e15a8
497090.0,2367465,python,[JIT],0x0000f33d98b84768
497090.0,2367712,python,[JIT],0x0000f6832f6381cc
497089.0,2367676,python,python,_PyTuple_FromStackRefStealOnSuccess
497089.0,2367570,python,[JIT],0x0000fcb51d5dfaa0
497089.0,2367676,python,[JIT],0x0000ee7d081b7c60
497089.0,2367676,python,[JIT],0x0000ee7d081e15b4
497088.0,2367570,python,[JIT],0x0000fcb51d609170
497088.0,2367570,python,[JIT],0x0000fcb51d5dfb10
497087.0,2367570,python,[JIT],0x0000fcb51d5df4ac
497086.0,2367676,python,[JIT],0x0000ee7d081b79b4
497085.0,2367676,python,python,PyObject_GetIter
497084.0,2367712,python,[JIT],0x0000f6832f6370c0
497083.0,2367500,python,[JIT],0x0000e8c080305328
497082.0,2367500,python,[JIT],0x0000e8c080305418
497081.0,2367605,python,[JIT],0x0000f211a0e842f4
497081.0,2367712,python,[JIT],0x0000f6832f60e828
497081.0,2367605,python,python,_PyTuple_FromPairSteal
497080.0,2367570,python,[JIT],0x0000fcb51d6090ac
497080.0,2367438,python,[JIT],0x0000e9fe92b1aacc
497079.0,2367676,python,[JIT],0x0000ee7d081b7b24
497078.0,2367570,python,[JIT],0x0000fcb51d5df248
497078.0,2367605,python,[JIT],0x0000f211a0e84810
497078.0,2367676,python,[JIT],0x0000ee7d081b786c
497077.0,2367500,python,[JIT],0x0000e8c08032f2a8
497077.0,2367712,python,[JIT],0x0000f6832f60ec98
497077.0,2367712,python,[JIT],0x0000f6832f638768
497077.0,2367712,python,[JIT],0x0000f6832f6389a0
497076.0,2367500,python,[JIT],0x0000e8c08030597c
497074.0,2367676,python,[JIT],0x0000ee7d081b7a08
497073.0,2367570,python,[JIT],0x0000fcb51d609460
497073.0,2367465,python,[JIT],0x0000f33d98b84860
497072.0,2367500,python,[JIT],0x0000e8c080305254
497071.0,2367570,python,[JIT],0x0000fcb51d609768
497071.0,2367570,python,[JIT],0x0000fcb51d5df1d8
497071.0,2367605,python,[JIT],0x0000f211a0e5a770
497071.0,2367712,python,[JIT],0x0000f6832f60eb80
497071.0,2367712,python,[JIT],0x0000f6832f638400
497071.0,2367676,python,[JIT],0x0000ee7d081e10ac
497071.0,2367676,python,[JIT],0x0000ee7d081e1c34
497069.0,2367570,python,[JIT],0x0000fcb51d6080a8
497069.0,2367500,python,[JIT],0x0000e8c0803052d8
497069.0,2367712,python,[JIT],0x0000f6832f60e210
497068.0,2367500,python,[JIT],0x0000e8c080305b14
497068.0,2367500,python,[JIT],0x0000e8c08032f778
497068.0,2367605,python,[JIT],0x0000f211a0e8435c
497068.0,2367676,python,[JIT],0x0000ee7d081e1650
497067.0,2367605,python,[JIT],0x0000f211a0e84a40
497065.0,2367500,python,[JIT],0x0000e8c08032f210
497065.0,2367676,python,[JIT],0x0000ee7d081b7408
497065.0,2367676,python,[JIT],0x0000ee7d081b7c98
497064.0,2367465,python,[JIT],0x0000f33d98b848d8
497064.0,2367712,python,[JIT],0x0000f6832f60e944
497064.0,2367676,python,[JIT],0x0000ee7d081b774c
497063.0,2367605,python,[JIT],0x0000f211a0e845a4
497063.0,2367712,python,[JIT],0x0000f6832f60e350
497063.0,2367712,python,[JIT],0x0000f6832f63930c
497063.0,2367605,python,[JIT],0x0000f211a0e5a904
497061.0,2367438,python,python,compactlong_float_guard
497060.0,2367676,python,[JIT],0x0000ee7d081e103c
497059.0,2367605,python,[JIT],0x0000f211a0e5a984
497059.0,2367465,python,[JIT],0x0000f33d98bae330
497057.0,2367676,python,[JIT],0x0000ee7d081b7a18
497057.0,2367605,python,[JIT],0x0000f211a0e5a174
497057.0,2367605,python,[JIT],0x0000f211a0e5a468
497057.0,2367676,python,[JIT],0x0000ee7d081e12d0
497057.0,2367676,python,[JIT],0x0000ee7d081e1a98
497056.0,2367605,python,[JIT],0x0000f211a0e5a0d0
497056.0,2367500,python,[JIT],0x0000e8c08030592c
497056.0,2367712,python,[JIT],0x0000f6832f60eac4
497056.0,2367712,python,[JIT],0x0000f6832f6385b4
497056.0,2367605,python,python,PyObject_Free
497055.0,2367570,python,[JIT],0x0000fcb51d5df260
497055.0,2367500,python,[JIT],0x0000e8c08032fba4
497055.0,2367712,python,[JIT],0x0000f6832f6389ec
497054.0,2367500,python,[JIT],0x0000e8c080305988
497054.0,2367438,python,[JIT],0x0000e9fe92b1a94c
497054.0,2367438,python,[JIT],0x0000e9fe92b44a08
497054.0,2367605,python,[JIT],0x0000f211a0e5ac98
497054.0,2367676,python,[JIT],0x0000ee7d081b70c4
497053.0,2367500,python,[JIT],0x0000e8c08032faa4
497053.0,2367712,python,[JIT],0x0000f6832f60f304
497052.0,2367570,python,[JIT],0x0000fcb51d60950c
497052.0,2367465,python,[JIT],0x0000f33d98b84314
497052.0,2367676,python,[JIT],0x0000ee7d081b7a0c
497051.0,2367500,python,[JIT],0x0000e8c08032f170
497051.0,2367712,python,[JIT],0x0000f6832f63817c
497050.0,2367570,python,[JIT],0x0000fcb51d609920
497050.0,2367500,python,[JIT],0x0000e8c080305920
497050.0,2367676,python,[JIT],0x0000ee7d081e189c
497049.0,2367570,python,[JIT],0x0000fcb51d5df290
497049.0,2367712,python,[JIT],0x0000f6832f638498
497049.0,2367712,python,[JIT],0x0000f6832f63883c
497049.0,2367605,python,[JIT],0x0000f211a0e5aa9c
497048.0,2367570,python,[JIT],0x0000fcb51d5df1c8
497048.0,2367570,python,[JIT],0x0000fcb51d608194
497048.0,2367712,python,[JIT],0x0000f6832f638298
497048.0,2367676,python,[JIT],0x0000ee7d081e108c
497047.0,2367712,python,[JIT],0x0000f6832f637244
497047.0,2367465,python,[JIT],0x0000f33d98bad158
497047.0,2367676,python,[JIT],0x0000ee7d081b7b1c
497045.0,2367465,python,[JIT],0x0000f33d98bae5a4
497045.0,2367676,python,[JIT],0x0000ee7d081e1190
497044.0,2367570,python,[JIT],0x0000fcb51d609370
497043.0,2367570,python,[JIT],0x0000fcb51d5dfd04
497043.0,2367500,python,[JIT],0x0000e8c08032f9e8
497043.0,2367465,python,[JIT],0x0000f33d98b84a44
497043.0,2367676,python,[JIT],0x0000ee7d081e131c
497042.0,2367570,python,[JIT],0x0000fcb51d608098
497042.0,2367570,python,[JIT],0x0000fcb51d6091dc
497042.0,2367465,python,[JIT],0x0000f33d98b846c0
497040.0,2367500,python,python,listiter_dealloc
497040.0,2367605,python,[JIT],0x0000f211a0e84008
497039.0,2367570,python,[JIT],0x0000fcb51d609748
497039.0,2367605,python,[JIT],0x0000f211a0e5ac14
497039.0,2367500,python,[JIT],0x0000e8c080303c1c
497038.0,2367438,python,[JIT],0x0000e9fe92b1a9b8
497036.0,2367500,python,[JIT],0x0000e8c08032f3cc
497036.0,2367500,python,[JIT],0x0000e8c08032f748
497036.0,2367605,python,[JIT],0x0000f211a0e8421c
497036.0,2367465,python,[JIT],0x0000f33d98baeba4
497035.0,2367500,python,[JIT],0x0000e8c080305970
497035.0,2367605,python,[JIT],0x0000f211a0e5a810
497035.0,2367676,python,[JIT],0x0000ee7d081b74d4
497034.0,2367605,python,[JIT],0x0000f211a0e5a9b0
497034.0,2367676,python,[JIT],0x0000ee7d081e1778
497033.0,2367438,python,[JIT],0x0000e9fe92b1aa94
497032.0,2367500,python,[JIT],0x0000e8c08032fa44
497032.0,2367712,python,[JIT],0x0000f6832f60e3f8
497032.0,2367712,python,[JIT],0x0000f6832f60e4e4
497032.0,2367465,python,[JIT],0x0000f33d98baeab0
497032.0,2367676,python,[JIT],0x0000ee7d081b738c
497032.0,2367676,python,[JIT],0x0000ee7d081e18a8
497032.0,2367676,python,[JIT],0x0000ee7d081e1c5c
497031.0,2367500,python,[JIT],0x0000e8c080305c44
497030.0,2367500,python,[JIT],0x0000e8c0803050b8
497030.0,2367465,python,[JIT],0x0000f33d98bad1d0
497030.0,2367676,python,[JIT],0x0000ee7d081e19b8
497029.0,2367676,python,[JIT],0x0000ee7d081b7598
497029.0,2367605,python,[JIT],0x0000f211a0e848cc
497029.0,2367712,python,[JIT],0x0000f6832f638864
497029.0,2367605,python,[JIT],0x0000f211a0e853c4
497028.0,2367465,python,[JIT],0x0000f33d98b85300
497028.0,2367500,python,[JIT],0x0000e8c0803032ec
497028.0,2367676,python,[JIT],0x0000ee7d081e1748
497027.0,2367676,python,[JIT],0x0000ee7d081b78a0
497026.0,2367570,python,[JIT],0x0000fcb51d5e0274
497026.0,2367500,python,[JIT],0x0000e8c08030586c
497026.0,2367465,python,[JIT],0x0000f33d98b84940
497026.0,2367605,python,[JIT],0x0000f211a0e5a3d4
497026.0,2367500,python,[JIT],0x0000e8c08032f988
497026.0,2367712,python,[JIT],0x0000f6832f60ea44
497026.0,2367712,python,[JIT],0x0000f6832f638330
497025.0,2367605,python,[JIT],0x0000f211a0e842e0
497025.0,2367605,python,[JIT],0x0000f211a0e5a754
497025.0,2367605,python,[JIT],0x0000f211a0e849cc
497024.0,2367570,python,[JIT],0x0000fcb51d6091fc
497024.0,2367570,python,[JIT],0x0000fcb51d609828
497024.0,2367605,python,[JIT],0x0000f211a0e5a98c
497024.0,2367712,python,[JIT],0x0000f6832f638394
497023.0,2367570,python,[JIT],0x0000fcb51d60a454
497023.0,2367500,python,[JIT],0x0000e8c08032e278
497023.0,2367605,python,[JIT],0x0000f211a0e5a478
497023.0,2367605,python,[JIT],0x0000f211a0e84034
497022.0,2367570,python,[JIT],0x0000fcb51d5dfa4c
497022.0,2367712,python,[JIT],0x0000f6832f63806c
497022.0,2367676,python,[JIT],0x0000ee7d081b71f4
497021.0,2367570,python,[JIT],0x0000fcb51d60915c
497021.0,2367500,python,[JIT],0x0000e8c08032f928
497021.0,2367465,python,[JIT],0x0000f33d98b84408
497020.0,2367500,python,[JIT],0x0000e8c08032f4a4
497020.0,2367570,python,[JIT],0x0000fcb51d5df868
497020.0,2367605,python,[JIT],0x0000f211a0e84768
497020.0,2367500,python,python,list_dealloc
497019.0,2367570,python,[JIT],0x0000fcb51d609990
497019.0,2367712,python,[JIT],0x0000f6832f60e94c
497018.0,2367570,python,[JIT],0x0000fcb51d609008
497018.0,2367570,python,[JIT],0x0000fcb51d60983c
497018.0,2367465,python,[JIT],0x0000f33d98b84acc
497017.0,2367676,python,[JIT],0x0000ee7d081b78dc
497017.0,2367570,python,[JIT],0x0000fcb51d609160
497016.0,2367712,python,[JIT],0x0000f6832f60e488
497015.0,2367500,python,[JIT],0x0000e8c08032f83c
497015.0,2367605,python,[JIT],0x0000f211a0e5a74c
497015.0,2367712,python,[JIT],0x0000f6832f638c5c
497015.0,2367465,python,[JIT],0x0000f33d98b84cc4
497014.0,2367570,python,[JIT],0x0000fcb51d5df1b4
497013.0,2367676,python,[JIT],0x0000ee7d081b7844
497013.0,2367676,python,[JIT],0x0000ee7d081b79b8
497011.0,2367570,python,[JIT],0x0000fcb51d5df810
497011.0,2367570,python,[JIT],0x0000fcb51d6099cc
497011.0,2367605,python,[JIT],0x0000f211a0e84830
497011.0,2367465,python,[JIT],0x0000f33d98b84b74
497011.0,2367676,python,[JIT],0x0000ee7d081e0278
497010.0,2367500,python,[JIT],0x0000e8c08032f3dc
497010.0,2367500,python,[JIT],0x0000e8c08032f4f0
497010.0,2367465,python,[JIT],0x0000f33d98b84b24
497009.0,2367500,python,[kernel.kallsyms],task_mm_cid_work
497009.0,2367605,python,[JIT],0x0000f211a0e5a2e8
497008.0,2367500,python,[JIT],0x0000e8c08032e0c0
497008.0,2367465,python,[JIT],0x0000f33d98bad1c0
497007.0,2367676,python,[JIT],0x0000ee7d081e11c4
497007.0,2367605,python,[JIT],0x0000f211a0e844a4
497006.0,2367570,python,[JIT],0x0000fcb51d5df254
497006.0,2367465,python,[JIT],0x0000f33d98b849e8
497006.0,2367570,python,[JIT],0x0000fcb51d5df8cc
497006.0,2367712,python,[JIT],0x0000f6832f638c04
497005.0,2367500,python,[JIT],0x0000e8c08032f9dc
497005.0,2367465,python,[JIT],0x0000f33d98b84a98
497004.0,2367500,python,[JIT],0x0000e8c080305b1c
497004.0,2367500,python,[JIT],0x0000e8c08032fc20
497004.0,2367605,python,[JIT],0x0000f211a0e5a514
497004.0,2367500,python,libc.so.6,__memset_zva64
497003.0,2367500,python,[JIT],0x0000e8c080305208
497003.0,2367465,python,python,PyObject_GC_Del
497003.0,2367605,python,[JIT],0x0000f211a0e84ba4
497003.0,2367712,python,[JIT],0x0000f6832f60e5ac
497002.0,2367570,python,[JIT],0x0000fcb51d5df8c0
497002.0,2367500,python,[JIT],0x0000e8c080305920
497002.0,2367676,python,[JIT],0x0000ee7d081b7364
497001.0,2367570,python,[JIT],0x0000fcb51d609b30
497001.0,2367676,python,[JIT],0x0000ee7d081b7ce4
497001.0,2367676,python,[JIT],0x0000ee7d081e025c
497000.0,2367570,python,[JIT],0x0000fcb51d609034
497000.0,2367712,python,[JIT],0x0000f6832f6380e4
497000.0,2367465,python,[JIT],0x0000f33d98b8475c
496999.0,2367605,python,[JIT],0x0000f211a0e5a2b0
496998.0,2367676,python,[JIT],0x0000ee7d081e13d4
496997.0,2367465,python,[JIT],0x0000f33d98b82cc0
496997.0,2367465,python,[JIT],0x0000f33d98b84ab0
496997.0,2367676,python,[JIT],0x0000ee7d081b7378
496996.0,2367676,python,libc.so.6,__memset_zva64
496996.0,2367465,python,[JIT],0x0000f33d98b844d8
496996.0,2367676,python,[JIT],0x0000ee7d081e12e0
496995.0,2367676,python,[JIT],0x0000ee7d081b7920
496995.0,2367500,python,python,list_dealloc
496995.0,2367438,python,python,_PyJIT_Entry
496995.0,2367465,python,[JIT],0x0000f33d98b84ac8
496995.0,2367605,python,[JIT],0x0000f211a0e5a92c
496995.0,2367465,python,[JIT],0x0000f33d98b84c54
496993.0,2367676,python,[JIT],0x0000ee7d081e14c8
496993.0,2367676,python,[JIT],0x0000ee7d081e1c44
496992.0,2367570,python,[JIT],0x0000fcb51d5df208
496992.0,2367500,python,[JIT],0x0000e8c0803054ac
496992.0,2367500,python,[JIT],0x0000e8c080305b40
496991.0,2367570,python,[JIT],0x0000fcb51d60992c
496991.0,2367570,python,[JIT],0x0000fcb51d5dfcb4
496991.0,2367712,python,[JIT],0x0000f6832f639450
496991.0,2367676,python,[JIT],0x0000ee7d081e114c
496991.0,2367676,python,[JIT],0x0000ee7d081e1298
496990.0,2367500,python,[JIT],0x0000e8c080305438
496990.0,2367465,python,[JIT],0x0000f33d98baf3c4
496989.0,2367500,python,[JIT],0x0000e8c080305980
496989.0,2367570,python,python,list_iter
496989.0,2367570,python,[JIT],0x0000fcb51d5df8fc
496989.0,2367605,python,[JIT],0x0000f211a0e84470
496989.0,2367500,python,[JIT],0x0000e8c080305494
496988.0,2367500,python,[JIT],0x0000e8c080305904
496988.0,2367500,python,[JIT],0x0000e8c080305998
496988.0,2367438,python,[JIT],0x0000e9fe92b1a754
496988.0,2367465,python,[JIT],0x0000f33d98b849f4
496988.0,2367676,python,python,list_iter
496987.0,2367500,python,[JIT],0x0000e8c080305778
496987.0,2367465,python,[JIT],0x0000f33d98baf30c
496986.0,2367500,python,[JIT],0x0000e8c08032f0c8
496986.0,2367605,python,[JIT],0x0000f211a0e5a828
496986.0,2367605,python,[JIT],0x0000f211a0e5aab4
496986.0,2367605,python,[JIT],0x0000f211a0e84ac4
496985.0,2367605,python,[JIT],0x0000f211a0e5a9d4
496985.0,2367676,python,[JIT],0x0000ee7d081e18cc
496984.0,2367570,python,[JIT],0x0000fcb51d6098cc
496984.0,2367712,python,[JIT],0x0000f6832f60e340
496984.0,2367712,python,[JIT],0x0000f6832f60eb14
496983.0,2367570,python,[JIT],0x0000fcb51d609970
496983.0,2367605,python,[JIT],0x0000f211a0e8441c
496983.0,2367465,python,[JIT],0x0000f33d98b84208
496982.0,2367438,python,[JIT],0x0000e9fe92b1a83c
496982.0,2367465,python,[JIT],0x0000f33d98b84040
496982.0,2367570,python,python,PyObject_GC_Del
496982.0,2367570,python,[JIT],0x0000fcb51d5df778
496980.0,2367605,python,[JIT],0x0000f211a0e831b0
496980.0,2367712,python,[JIT],0x0000f6832f637194
496979.0,2367570,python,[JIT],0x0000fcb51d5df9b4
496979.0,2367570,python,[JIT],0x0000fcb51d608188
496978.0,2367570,python,[JIT],0x0000fcb51d5df094
496978.0,2367500,python,[JIT],0x0000e8c080305834
496978.0,2367465,python,[JIT],0x0000f33d98b84884
496978.0,2367605,python,[JIT],0x0000f211a0e83098
496978.0,2367465,python,[JIT],0x0000f33d98b84028
496977.0,2367500,python,[JIT],0x0000e8c0803040dc
496977.0,2367500,python,[JIT],0x0000e8c08032facc
496977.0,2367605,python,[JIT],0x0000f211a0e5a32c
496977.0,2367605,python,[JIT],0x0000f211a0e5a8a8
496976.0,2367500,python,[JIT],0x0000e8c0803051b4
496976.0,2367605,python,[JIT],0x0000f211a0e84ac8
496976.0,2367676,python,[JIT],0x0000ee7d081b7988
496975.0,2367465,python,[JIT],0x0000f33d98adf004
496975.0,2367570,python,libc.so.6,_int_malloc
496975.0,2367605,python,[JIT],0x0000f211a0e8424c
496974.0,2367570,python,[JIT],0x0000fcb51d608034
496974.0,2367438,python,[JIT],0x0000e9fe92b1a390
496974.0,2367605,python,[JIT],0x0000f211a0e5a8f4
496974.0,2367712,python,[JIT],0x0000f6832f60e89c
496974.0,2367676,python,[JIT],0x0000ee7d081b7770
496973.0,2367570,python,[JIT],0x0000fcb51d5df314
496973.0,2367570,python,[JIT],0x0000fcb51d5df6b4
496973.0,2367500,python,[JIT],0x0000e8c080305a3c
496973.0,2367712,python,[JIT],0x0000f6832f60ea84
496972.0,2367500,python,[JIT],0x0000e8c0803059a8
496972.0,2367500,python,python,compactlong_float_guard
496972.0,2367712,python,[JIT],0x0000f6832f60e84c
496972.0,2367712,python,[JIT],0x0000f6832f60ec30
496972.0,2367605,python,[JIT],0x0000f211a0e5ade0
496971.0,2367500,python,[JIT],0x0000e8c080305bbc
496971.0,2367500,python,[JIT],0x0000e8c08032e158
496971.0,2367465,python,[JIT],0x0000f33d98bae824
496970.0,2367570,python,[JIT],0x0000fcb51d609450
496969.0,2367676,python,[JIT],0x0000ee7d081b7858
496969.0,2367570,python,[JIT],0x0000fcb51d608278
496969.0,2367570,python,[JIT],0x0000fcb51d609298
496969.0,2367712,python,[JIT],0x0000f6832f60e298
496968.0,2367570,python,[JIT],0x0000fcb51d5df3f8
496968.0,2367570,python,[JIT],0x0000fcb51d5df514
496968.0,2367605,python,[JIT],0x0000f211a0e5a1f4
496968.0,2367605,python,[JIT],0x0000f211a0e5aac0
496968.0,2367712,python,[JIT],0x0000f6832f60eb74
496967.0,2367712,python,[JIT],0x0000f6832f63851c
496967.0,2367465,python,[JIT],0x0000f33d98b845ac
496966.0,2367438,python,[JIT],0x0000e9fe92b1a768
496966.0,2367605,python,[JIT],0x0000f211a0e5ac30
496966.0,2367676,python,[JIT],0x0000ee7d081e1170
496965.0,2367570,python,[JIT],0x0000fcb51d6093a4
496965.0,2367605,python,[JIT],0x0000f211a0e5a458
496964.0,2367570,python,[JIT],0x0000fcb51d5e0270
496964.0,2367570,python,[JIT],0x0000fcb51d609470
496964.0,2367605,python,[JIT],0x0000f211a0e5b304
496964.0,2367500,python,[JIT],0x0000e8c080301050
496964.0,2367712,python,[JIT],0x0000f6832f60e38c
496963.0,2367570,python,[JIT],0x0000fcb51d609c14
496962.0,2367676,python,[JIT],0x0000ee7d081b7ab0
496962.0,2367605,python,[JIT],0x0000f211a0e5a1b4
496962.0,2367712,python,[JIT],0x0000f6832f638bf4
496962.0,2367605,python,[JIT],0x0000f211a0e5ab14
496961.0,2367500,python,[JIT],0x0000e8c08032f8dc
496961.0,2367605,python,[JIT],0x0000f211a0e8483c
496960.0,2367676,python,[JIT],0x0000ee7d081e0138
496960.0,2367676,python,[JIT],0x0000ee7d081e01c0
496959.0,2367605,python,[JIT],0x0000f211a0e5a314
496958.0,2367500,python,[JIT],0x0000e8c08032f290
496958.0,2367676,python,[JIT],0x0000ee7d081b74e4
496957.0,2367570,python,[JIT],0x0000fcb51d5df330
496957.0,2367570,python,[JIT],0x0000fcb51d5df8dc
496956.0,2367570,python,[JIT],0x0000fcb51d609258
496956.0,2367500,python,[JIT],0x0000e8c08032f9a0
496956.0,2367570,python,[JIT],0x0000fcb51d5df470
496956.0,2367712,python,[JIT],0x0000f6832f60e094
496956.0,2367712,python,[JIT],0x0000f6832f60ec14
496956.0,2367605,python,python,enum_new_impl
496956.0,2367465,python,[JIT],0x0000f33d98b841b4
496956.0,2367465,python,[JIT],0x0000f33d98bad138
496956.0,2367465,python,[JIT],0x0000f33d98bae21c
496955.0,2367605,python,[JIT],0x0000f211a0e84494
496955.0,2367676,python,[JIT],0x0000ee7d081b78d8
496954.0,2367676,python,python,_PyList_AppendTakeRefListResize
496954.0,2367676,python,[JIT],0x0000ee7d081b7650
496954.0,2367570,python,[JIT],0x0000fcb51d5df828
496953.0,2367712,python,[JIT],0x0000f6832f637034
496953.0,2367605,python,python,_PyJIT_Entry
496952.0,2367465,python,[JIT],0x0000f33d98b84afc
496952.0,2367465,python,[JIT],0x0000f33d98b84b1c
496951.0,2367570,python,[JIT],0x0000fcb51d5dfa18
496951.0,2367570,python,[JIT],0x0000fcb51d609aa8
496951.0,2367676,python,[JIT],0x0000ee7d081b78c0
496950.0,2367438,python,[JIT],0x0000e9fe92b443bc
496950.0,2367465,python,[JIT],0x0000f33d98b848c8
496949.0,2367465,python,[JIT],0x0000f33d98b84980
496949.0,2367570,python,[JIT],0x0000fcb51d5df974
496949.0,2367605,python,[JIT],0x0000f211a0e5ad04
496949.0,2367712,python,[JIT],0x0000f6832f638374
496949.0,2367465,python,[JIT],0x0000f33d98b84468
496947.0,2367570,python,[JIT],0x0000fcb51d5df468
496947.0,2367438,python,[JIT],0x0000e9fe92b448d8
496947.0,2367605,python,[JIT],0x0000f211a0e5aa28
496946.0,2367676,python,[JIT],0x0000ee7d081e19e8
496946.0,2367465,python,python,list_dealloc
496946.0,2367570,python,[JIT],0x0000fcb51d5df9a0
496946.0,2367712,python,[JIT],0x0000f6832f60e378
496946.0,2367465,python,[JIT],0x0000f33d98b84ab0
496946.0,2367465,python,[JIT],0x0000f33d98bae170
496945.0,2367570,python,[JIT],0x0000fcb51d5df1a4
496945.0,2367712,python,[JIT],0x0000f6832f638470
496945.0,2367676,python,[JIT],0x0000ee7d081b7998
496945.0,2367676,python,[JIT],0x0000ee7d081e1494
496944.0,2367570,python,[JIT],0x0000fcb51d609c04
496944.0,2367500,python,[JIT],0x0000e8c08032e138
496943.0,2367605,python,[JIT],0x0000f211a0e5aa4c
496942.0,2367676,python,[JIT],0x0000ee7d081e1c50
496941.0,2367605,python,[JIT],0x0000f211a0e848f8
496940.0,2367500,python,[JIT],0x0000e8c08032f268
496940.0,2367605,python,[JIT],0x0000f211a0e5a560
496939.0,2367605,python,[JIT],0x0000f211a0e5a988
496938.0,2367438,python,[JIT],0x0000e9fe92b1a8a8
496938.0,2367712,python,[JIT],0x0000f6832f60ea9c
496938.0,2367465,python,[JIT],0x0000f33d98bae300
496937.0,2367712,python,[JIT],0x0000f6832f60e964
496937.0,2367465,python,[JIT],0x0000f33d98b84064
496936.0,2367605,python,[JIT],0x0000f211a0e5a5ac
496936.0,2367712,python,[JIT],0x0000f6832f6380a0
496935.0,2367570,python,[JIT],0x0000fcb51d60988c
496935.0,2367605,python,[JIT],0x0000f211a0e8314c
496935.0,2367712,python,[JIT],0x0000f6832f60ec54
496934.0,2367570,python,python,list_dealloc
496934.0,2367465,python,[JIT],0x0000f33d98baea44
496933.0,2367500,python,[JIT],0x0000e8c080305560
496932.0,2367438,python,[JIT],0x0000e9fe92b1a924
496932.0,2367605,python,[JIT],0x0000f211a0e5a640
496932.0,2367605,python,[JIT],0x0000f211a0e8489c
496932.0,2367676,python,[JIT],0x0000ee7d081e0384
496931.0,2367438,python,python,listiter_dealloc
496931.0,2367605,python,[JIT],0x0000f211a0e83250
496931.0,2367605,python,[JIT],0x0000f211a0e5aa90
496931.0,2367465,python,[JIT],0x0000f33d98bad08c
496930.0,2367605,python,[JIT],0x0000f211a0e84b1c
496930.0,2367500,python,[JIT],0x0000e8c08030591c
496929.0,2367570,python,[JIT],0x0000fcb51d5dfc44
496929.0,2367570,python,[JIT],0x0000fcb51d608244
496929.0,2367712,python,[JIT],0x0000f6832f60e364
496929.0,2367605,python,[JIT],0x0000f211a0e5a974
496929.0,2367605,python,[JIT],0x0000f211a0e84968
496928.0,2367570,python,[JIT],0x0000fcb51d60921c
496928.0,2367570,python,[JIT],0x0000fcb51d6095a4
496928.0,2367605,python,[JIT],0x0000f211a0e84650
496928.0,2367465,python,[JIT],0x0000f33d98bad244
496928.0,2367676,python,[JIT],0x0000ee7d081e192c
496927.0,2367438,python,[JIT],0x0000e9fe92b448ec
496927.0,2367465,python,[kernel.kallsyms],el0_svc
496927.0,2367605,python,[JIT],0x0000f211a0e5aa84
496926.0,2367500,python,python,PyObject_Malloc
496925.0,2367570,python,[JIT],0x0000fcb51d5df81c
496925.0,2367570,python,[JIT],0x0000fcb51d5dfb40
496925.0,2367465,python,python,list_iter
496925.0,2367605,python,[JIT],0x0000f211a0e84390
496924.0,2367605,python,[JIT],0x0000f211a0e8451c
496924.0,2367500,python,[JIT],0x0000e8c080305980
496923.0,2367465,python,[JIT],0x0000f33d98bae808
496922.0,2367570,python,[JIT],0x0000fcb51d5df448
496922.0,2367605,python,[JIT],0x0000f211a0e848fc
496922.0,2367465,python,[JIT],0x0000f33d98bae258
496921.0,2367676,python,[JIT],0x0000ee7d081b56b0
496921.0,2367676,python,[JIT],0x0000ee7d081b7ac0
496920.0,2367570,python,[JIT],0x0000fcb51d609824
496920.0,2367570,python,[JIT],0x0000fcb51d5df440
496920.0,2367676,python,[JIT],0x0000ee7d081e19ec
496919.0,2367500,python,[JIT],0x0000e8c08032f500
496919.0,2367465,python,[JIT],0x0000f33d98b844ec
496918.0,2367438,python,[JIT],0x0000e9fe92b1a570
496918.0,2367605,python,[JIT],0x0000f211a0e84b00
496917.0,2367570,python,[JIT],0x0000fcb51d5df398
496917.0,2367500,python,[JIT],0x0000e8c080305ab8
496917.0,2367465,python,[JIT],0x0000f33d98b84650
496917.0,2367676,python,[JIT],0x0000ee7d081e1b80
496916.0,2367500,python,[JIT],0x0000e8c08032f3b0
496916.0,2367465,python,[JIT],0x0000f33d98b821a4
496915.0,2367605,python,[JIT],0x0000f211a0e84b40
496915.0,2367676,python,[JIT],0x0000ee7d081e15a4
496914.0,2367438,python,[JIT],0x0000e9fe92b4434c
496914.0,2367570,python,[JIT],0x0000fcb51d6098f8
496913.0,2367465,python,python,PyObject_Malloc
496913.0,2367465,python,[JIT],0x0000f33d98bae940
496913.0,2367676,python,[JIT],0x0000ee7d081b73b8
496912.0,2367570,python,[JIT],0x0000fcb51d608054
496912.0,2367570,python,[JIT],0x0000fcb51d60924c
496912.0,2367500,python,[JIT],0x0000e8c08032f0ac
496912.0,2367465,python,[JIT],0x0000f33d98b84504
496912.0,2367605,python,[JIT],0x0000f211a0e85304
496912.0,2367676,python,[JIT],0x0000ee7d081b7468
496911.0,2367570,python,[JIT],0x0000fcb51d5df8f4
496911.0,2367500,python,[JIT],0x0000e8c080305868
496911.0,2367500,python,[JIT],0x0000e8c08030598c
496910.0,2367570,python,[JIT],0x0000fcb51d5df308
496909.0,2367465,python,[JIT],0x0000f33d98b8421c
496909.0,2367570,python,python,PyType_GenericAlloc
496909.0,2367605,python,[JIT],0x0000f211a0e5a350
496908.0,2367570,python,[JIT],0x0000fcb51d5df8f8
496908.0,2367500,python,python,PyObject_Malloc
496908.0,2367465,python,[JIT],0x0000f33d98b84544
496907.0,2367500,python,[JIT],0x0000e8c080305768
496906.0,2367500,python,[JIT],0x0000e8c080305cc4
496906.0,2367605,python,[JIT],0x0000f211a0e5a2c4
496906.0,2367712,python,[JIT],0x0000f6832f6384a4
496906.0,2367605,python,[JIT],0x0000f211a0e849bc
496905.0,2367570,python,[JIT],0x0000fcb51d5df0d0
496905.0,2367500,python,[JIT],0x0000e8c080305314
496905.0,2367605,python,[JIT],0x0000f211a0e8408c
496905.0,2367605,python,[JIT],0x0000f211a0e5a85c
496905.0,2367676,python,[JIT],0x0000ee7d081b763c
496902.0,2367676,python,[JIT],0x0000ee7d081e13a8
496902.0,2367500,python,[JIT],0x0000e8c0803053f8
496902.0,2367500,python,[JIT],0x0000e8c08032f1cc
496902.0,2367712,python,[JIT],0x0000f6832f6388a8
496902.0,2367676,python,[JIT],0x0000ee7d081b7944
496901.0,2367676,python,[JIT],0x0000ee7d081b7b08
496901.0,2367676,python,[JIT],0x0000ee7d081e19ac
496900.0,2367570,python,[JIT],0x0000fcb51d60a3d4
496900.0,2367500,python,[JIT],0x0000e8c080305990
496899.0,2367570,python,python,_Py_CallBuiltinClass_StackRef
496899.0,2367712,python,[JIT],0x0000f6832f638b40
496899.0,2367605,python,python,long_dealloc
496899.0,2367605,python,[JIT],0x0000f211a0e5a9c8
496898.0,2367500,python,[JIT],0x0000e8c080305154
496898.0,2367500,python,[JIT],0x0000e8c08032f9ec
496897.0,2367712,python,[JIT],0x0000f6832f60e290
496897.0,2367605,python,[JIT],0x0000f211a0e5a888
496896.0,2367712,python,[JIT],0x0000f6832f60e74c
496895.0,2367500,python,[JIT],0x0000e8c08032f0bc
496895.0,2367500,python,python,listiter_dealloc
496894.0,2367570,python,[JIT],0x0000fcb51d609c50
496894.0,2367465,python,[JIT],0x0000f33d98bad250
496893.0,2367570,python,[JIT],0x0000fcb51d5df49c
496893.0,2367500,python,[JIT],0x0000e8c0803052b0
496893.0,2367570,python,[JIT],0x0000fcb51d609950
496893.0,2367605,python,[JIT],0x0000f211a0e84984
496892.0,2367676,python,[JIT],0x0000ee7d081e1034
496891.0,2367570,python,[JIT],0x0000fcb51d6081c0
496891.0,2367500,python,[JIT],0x0000e8c08032f84c
496891.0,2367570,python,[JIT],0x0000fcb51d5dfab8
496890.0,2367465,python,[JIT],0x0000f33d98bae754
496889.0,2367500,python,[JIT],0x0000e8c08032e070
496889.0,2367500,python,[JIT],0x0000e8c08032fb30
496888.0,2367676,python,[JIT],0x0000ee7d081b7980
496888.0,2367570,python,[JIT],0x0000fcb51d5dfa44
496888.0,2367712,python,[JIT],0x0000f6832f6386ac
496885.0,2367570,python,[JIT],0x0000fcb51d5df378
496885.0,2367570,python,[JIT],0x0000fcb51d5e0300
496885.0,2367500,python,[JIT],0x0000e8c08032f9a8
496885.0,2367676,python,[JIT],0x0000ee7d081e1460
496884.0,2367605,python,[JIT],0x0000f211a0e84564
496883.0,2367570,python,[JIT],0x0000fcb51d5df59c
496883.0,2367605,python,[JIT],0x0000f211a0e5aac0
496882.0,2367570,python,[JIT],0x0000fcb51d609bf4
496882.0,2367465,python,[JIT],0x0000f33d98adf050
496881.0,2367570,python,[JIT],0x0000fcb51d5df0e0
496881.0,2367465,python,[JIT],0x0000f33d98b84154
496880.0,2367570,python,python,listiter_dealloc
496880.0,2367570,python,[JIT],0x0000fcb51d609af8
496879.0,2367676,python,[JIT],0x0000ee7d081b789c
496878.0,2367438,python,[JIT],0x0000e9fe92b1aa18
496878.0,2367570,python,[JIT],0x0000fcb51d609994
496878.0,2367465,python,[JIT],0x0000f33d98bae31c
496877.0,2367570,python,[JIT],0x0000fcb51d609924
496877.0,2367605,python,[JIT],0x0000f211a0e5a4bc
496877.0,2367605,python,[JIT],0x0000f211a0e84c04
496872.0,2367500,python,[JIT],0x0000e8c080306274
496872.0,2367570,python,python,_PyTuple_FromPairSteal
496872.0,2367465,python,[JIT],0x0000f33d98b84078
496870.0,2367465,python,[JIT],0x0000f33d98bad188
496870.0,2367465,python,[JIT],0x0000f33d98bae390
496869.0,2367605,python,[JIT],0x0000f211a0e5a96c
496867.0,2367605,python,[JIT],0x0000f211a0e849f8
496866.0,2367465,python,[JIT],0x0000f33d98bae370
496866.0,2367465,python,[JIT],0x0000f33d98bae888
496863.0,2367570,python,[JIT],0x0000fcb51d609b40
496861.0,2367605,python,[JIT],0x0000f211a0e8406c
496861.0,2367605,python,python,enum_vectorcall
496858.0,2367500,python,[JIT],0x0000e8c08032f494
496857.0,2367605,python,[JIT],0x0000f211a0e5a2d8
496856.0,2367465,python,[JIT],0x0000f33d98b84cd4
496853.0,2367605,python,[JIT],0x0000f211a0e5a9a0
496852.0,2367676,python,python,_PyObject_GC_Link
496851.0,2367676,python,[JIT],0x0000ee7d081b7748
496851.0,2367465,python,[JIT],0x0000f33d98bad224
496850.0,2367570,python,[JIT],0x0000fcb51d609a8c
496849.0,2367676,python,[JIT],0x0000ee7d081e1554
496848.0,2367500,python,[JIT],0x0000e8c080305b80
496847.0,2367570,python,[JIT],0x0000fcb51d608138
496846.0,2367570,python,python,_PyJIT_Entry
496846.0,2367570,python,[JIT],0x0000fcb51d5df930
496846.0,2367570,python,[JIT],0x0000fcb51d5df9b0
496846.0,2367605,python,[JIT],0x0000f211a0e840ac
496842.0,2367712,python,[JIT],0x0000f6832f6370cc
496842.0,2367676,python,[JIT],0x0000ee7d081e115c
496842.0,2367676,python,[JIT],0x0000ee7d081e1330
496841.0,2367438,python,[JIT],0x0000e9fe92b1a8dc
496840.0,2367570,python,[JIT],0x0000fcb51d5df89c
496839.0,2367605,python,[JIT],0x0000f211a0e5ac44
496837.0,2367500,python,[JIT],0x0000e8c080305974
496835.0,2367570,python,[JIT],0x0000fcb51d5df8a8
496835.0,2367570,python,[JIT],0x0000fcb51d609ab4
496835.0,2367605,python,[JIT],0x0000f211a0e5ac20
496832.0,2367500,python,[JIT],0x0000e8c0803303d4
496831.0,2367465,python,[JIT],0x0000f33d98b8498c
496831.0,2367676,python,[JIT],0x0000ee7d081b7cc4
496830.0,2367570,python,[JIT],0x0000fcb51d609944
496829.0,2367438,python,[JIT],0x0000e9fe92b1a9dc
496829.0,2367465,python,[JIT],0x0000f33d98b84cb8
496827.0,2367570,python,[JIT],0x0000fcb51d608064
496825.0,2367676,python,python,_PyObject_Realloc
496823.0,2367605,python,[JIT],0x0000f211a0e5a9ec
496822.0,2367465,python,[JIT],0x0000f33d98b840c4
496821.0,2367570,python,[JIT],0x0000fcb51d5df824
496817.0,2367438,python,[JIT],0x0000e9fe92b44ed0
496813.0,2367570,python,[JIT],0x0000fcb51d6098f0
496803.0,2367712,python,[JIT],0x0000f6832f638650
496801.0,2367605,python,[JIT],0x0000f211a0e848dc
496799.0,2367465,python,[JIT],0x0000f33d98bae0c8
496790.0,2367605,python,[JIT],0x0000f211a0e5aa84
496704.0,2367570,python,python,PyObject_GC_UnTrack
496700.0,2367500,python,[JIT],0x0000e8c080305a90
496694.0,2367570,python,[JIT],0x0000fcb51d5df980
496675.0,2367712,python,[JIT],0x0000f6832f638370
496671.0,2367570,python,[JIT],0x0000fcb51d5dd06c
496528.0,2367500,python,[JIT],0x0000e8c08032fc34
496478.0,2367438,python,[JIT],0x0000e9fe92b1603c
496468.0,2367500,python,[JIT],0x0000e8c080305810
496374.0,2367676,python,[JIT],0x0000ee7d081e1ccc
496305.0,2367570,python,[JIT],0x0000fcb51d609248
496264.0,2367465,python,[JIT],0x0000f33d98bae2f8
496196.0,2367465,python,[JIT],0x0000f33d98baeaa4
496110.0,2367438,python,[JIT],0x0000e9fe92b4420c
496103.0,2367605,python,[JIT],0x0000f211a0e8497c
496084.0,2367570,python,[JIT],0x0000fcb51d5df9cc
496007.0,2367465,python,[JIT],0x0000f33d98bae550
496000.0,2367676,python,[JIT],0x0000ee7d081e1920
495993.0,2367465,python,[JIT],0x0000f33d98bae2a8
495981.0,2367438,python,python,_PyObject_GC_Link
495689.0,2367465,python,python,float_compactlong_multiply
495673.0,2367605,python,[JIT],0x0000f211a0e844e0
495589.0,2367570,python,[JIT],0x0000fcb51d609cfc
495520.0,2367500,python,python,_PyTuple_FromStackRefStealOnSuccess
495260.0,2367438,python,[JIT],0x0000e9fe92b44180
494850.0,2367438,python,[JIT],0x0000e9fe92b441c8
494843.0,2367500,python,[JIT],0x0000e8c08032f2f8
494783.0,2367676,python,[JIT],0x0000ee7d081e1ab0
494525.0,2367438,python,python,PyObject_GetIter
494152.0,2367676,python,[JIT],0x0000ee7d081e1da0
493501.0,2367676,python,[JIT],0x0000ee7d081e1d1c
493404.0,2367712,python,[JIT],0x0000f6832f638574
490771.0,2367605,python,[JIT],0x0000f211a0e841a0
490404.0,2367712,python,[JIT],0x0000f6832f6383dc
490330.0,2367676,python,[JIT],0x0000ee7d081e1294
489909.0,2367465,python,[JIT],0x0000f33d98bae3bc
489072.0,2367676,python,[JIT],0x0000ee7d081e1ca8
488237.0,2367605,python,[JIT],0x0000f211a0e840dc
486243.0,2367570,python,[JIT],0x0000fcb51d609c98
484768.0,2367605,python,[JIT],0x0000f211a0e841c8
483123.0,2367465,python,[JIT],0x0000f33d98b82120
478543.0,2367676,python,[JIT],0x0000ee7d081e1cdc
475642.0,2367438,python,[JIT],0x0000e9fe92b44d84
472714.0,2367438,python,[JIT],0x0000e9fe92b453c4
465836.0,2367570,python,[JIT],0x0000fcb51d609db0
453864.0,2367570,python,[JIT],0x0000fcb51d5dfa00
426292.0,2367500,python,python,PyType_GenericAlloc
368590.0,2367465,python,[JIT],0x0000f33d98baed74
366650.0,2367605,python,[JIT],0x0000f211a0e84d84
352556.0,2367712,python,python,float_compactlong_guard
313607.0,2367438,python,python,optimize_uops.isra.0
295036.0,2367465,python,[kernel.kallsyms],task_mm_cid_work
281629.0,2367605,python,python,float_compactlong_multiply
269029.0,2367465,python,[JIT],0x0000f33d98baeca8
267133.0,2367500,python,[kernel.kallsyms],handle_softirqs
266229.0,2367605,python,[kernel.kallsyms],mas_walk
264346.0,2367570,python,[kernel.kallsyms],xas_descend
263495.0,2367438,python,[JIT],0x0000e9fe92b44cdc
262041.0,2367570,python,[kernel.kallsyms],next_uptodate_folio
258415.0,2367500,python,[JIT],0x0000e8c08032f0dc
258044.0,2367465,python,[JIT],0x0000f33d98bae264
256696.0,2367465,python,[JIT],0x0000f33d98bae180
256522.0,2367465,python,[JIT],0x0000f33d98bae2b4
255888.0,2367438,python,[JIT],0x0000e9fe92b441f8
254692.0,2367570,python,[JIT],0x0000fcb51d609810
253832.0,2367570,python,[JIT],0x0000fcb51d60994c
252776.0,2367605,python,[JIT],0x0000f211a0e845b4
251929.0,2367676,python,[JIT],0x0000ee7d081e1d04
251747.0,2367465,python,[kernel.kallsyms],next_uptodate_folio
251564.0,2367438,python,[JIT],0x0000e9fe92b44d4c
251485.0,2367438,python,[JIT],0x0000e9fe92b44248
251256.0,2367500,python,[JIT],0x0000e8c08032faa0
250705.0,2367500,python,[JIT],0x0000e8c08032f32c
250397.0,2367500,python,[JIT],0x0000e8c08032fda0
250205.0,2367605,python,[JIT],0x0000f211a0e85440
250064.0,2367500,python,[JIT],0x0000e8c08032f308
249922.0,2367605,python,[JIT],0x0000f211a0e84160
249832.0,2367570,python,[JIT],0x0000fcb51d609cfc
249759.0,2367465,python,[JIT],0x0000f33d98b82ef8
249432.0,2367570,python,[JIT],0x0000fcb51d609db8
249314.0,2367570,python,[JIT],0x0000fcb51d609da0
249295.0,2367500,python,[JIT],0x0000e8c08032f4b0
249118.0,2367570,python,[JIT],0x0000fcb51d609440
249106.0,2367605,python,[JIT],0x0000f211a0e84d4c
249001.0,2367570,python,[JIT],0x0000fcb51d609df4
248985.0,2367465,python,[JIT],0x0000f33d98bae1a0
248929.0,2367438,python,[JIT],0x0000e9fe92b4485c
248923.0,2367438,python,[JIT],0x0000e9fe92b44ca8
248865.0,2367676,python,[JIT],0x0000ee7d081e2440
248778.0,2367605,python,[JIT],0x0000f211a0e84940
248735.0,2367500,python,[JIT],0x0000e8c08032fcb4
248733.0,2367465,python,[JIT],0x0000f33d98baecdc
248725.0,2367500,python,[JIT],0x0000e8c08032fc98
248710.0,2367605,python,[JIT],0x0000f211a0e84cc8
248698.0,2367570,python,[JIT],0x0000fcb51d609264
248692.0,2367438,python,[JIT],0x0000e9fe92b443ac
248643.0,2367465,python,[JIT],0x0000f33d98bb1008
248641.0,2367500,python,[JIT],0x0000e8c080305260
248631.0,2367712,python,[JIT],0x0000f6832f60e974
248630.0,2367676,python,[JIT],0x0000ee7d081e23d4
248629.0,2367500,python,[kernel.kallsyms],do_notify_resume
248629.0,2367676,python,[JIT],0x0000ee7d081e14b4
248627.0,2367465,python,[JIT],0x0000f33d98b849bc
248626.0,2367676,python,[JIT],0x0000ee7d081b78c8
248625.0,2367500,python,[JIT],0x0000e8c08032fb60
248625.0,2367500,python,[JIT],0x0000e8c08032fa28
248622.0,2367712,python,[JIT],0x0000f6832f60e260
248622.0,2367712,python,[JIT],0x0000f6832f637250
248620.0,2367570,python,[JIT],0x0000fcb51d609294
248619.0,2367438,python,[JIT],0x0000e9fe92b1a920
248619.0,2367500,python,libc.so.6,__memcpy_generic
248619.0,2367605,python,[JIT],0x0000f211a0e5a650
248618.0,2367676,python,[JIT],0x0000ee7d081b78f8
248617.0,2367712,python,[JIT],0x0000f6832f60e660
248616.0,2367500,python,[JIT],0x0000e8c08030538c
248616.0,2367676,python,[JIT],0x0000ee7d081b7088
248615.0,2367676,python,[JIT],0x0000ee7d081b76b4
248615.0,2367676,python,[JIT],0x0000ee7d081e12a8
248614.0,2367570,python,python,_PyObject_Malloc
248614.0,2367570,python,[JIT],0x0000fcb51d5df84c
248614.0,2367712,python,[JIT],0x0000f6832f60e83c
248614.0,2367712,python,[JIT],0x0000f6832f60e8a8
248614.0,2367712,python,[JIT],0x0000f6832f6381dc
248613.0,2367676,python,[JIT],0x0000ee7d081b593c
248613.0,2367570,python,[JIT],0x0000fcb51d5df478
248613.0,2367438,python,[JIT],0x0000e9fe92b442f0
248613.0,2367676,python,[JIT],0x0000ee7d081e1b10
248612.0,2367570,python,[JIT],0x0000fcb51d5df508
248612.0,2367500,python,[JIT],0x0000e8c08032f550
248611.0,2367500,python,[JIT],0x0000e8c08032fc04
248611.0,2367676,python,[JIT],0x0000ee7d081e1348
248609.0,2367676,python,[JIT],0x0000ee7d081b7864
248609.0,2367500,python,[JIT],0x0000e8c08032f480
248608.0,2367465,python,[JIT],0x0000f33d98baeb30
248608.0,2367676,python,[JIT],0x0000ee7d081b7418
248607.0,2367500,python,[JIT],0x0000e8c08032e054
248607.0,2367500,python,[JIT],0x0000e8c080305a08
248607.0,2367605,python,[JIT],0x0000f211a0e5a2c8
248606.0,2367676,python,[kernel.kallsyms],mas_rev_awalk
248605.0,2367500,python,[JIT],0x0000e8c08032f8e4
248605.0,2367712,python,[JIT],0x0000f6832f638ab0
248604.0,2367676,python,[JIT],0x0000ee7d081b7940
248604.0,2367676,python,[JIT],0x0000ee7d081e1aa8
248603.0,2367676,python,[JIT],0x0000ee7d081b5444
248603.0,2367676,python,[JIT],0x0000ee7d081b75a8
248603.0,2367605,python,[JIT],0x0000f211a0e5a940
248603.0,2367500,python,[JIT],0x0000e8c080305450
248603.0,2367712,python,[JIT],0x0000f6832f638310
248603.0,2367712,python,[JIT],0x0000f6832f6383a4
248603.0,2367465,python,[JIT],0x0000f33d98bae6b8
248602.0,2367676,python,[JIT],0x0000ee7d081b5d60
248602.0,2367712,python,[JIT],0x0000f6832f63814c
248601.0,2367676,python,[JIT],0x0000ee7d081b73cc
248601.0,2367438,python,[JIT],0x0000e9fe92b181ec
248601.0,2367712,python,[JIT],0x0000f6832f60e54c
248600.0,2367676,python,[JIT],0x0000ee7d081e1474
248600.0,2367570,python,[JIT],0x0000fcb51d5df3e4
248600.0,2367500,python,[JIT],0x0000e8c080305270
248600.0,2367712,python,[JIT],0x0000f6832f6389e8
248600.0,2367465,python,[JIT],0x0000f33d98b84b40
248599.0,2367438,python,[JIT],0x0000e9fe92b1a30c
248599.0,2367465,python,[JIT],0x0000f33d98b844bc
248598.0,2367570,python,[JIT],0x0000fcb51d6098e0
248598.0,2367500,python,[JIT],0x0000e8c08032f1a4
248598.0,2367605,python,[JIT],0x0000f211a0e841d8
248598.0,2367465,python,[JIT],0x0000f33d98bae298
248598.0,2367676,python,python,long_dealloc
248597.0,2367500,python,[JIT],0x0000e8c08032f1dc
248597.0,2367500,python,[JIT],0x0000e8c08032f8f8
248596.0,2367500,python,[JIT],0x0000e8c08030596c
248596.0,2367500,python,[JIT],0x0000e8c08032f920
248596.0,2367465,python,[JIT],0x0000f33d98adce60
248596.0,2367465,python,[JIT],0x0000f33d98bae308
248596.0,2367605,python,[JIT],0x0000f211a0e5aaa8
248596.0,2367712,python,[JIT],0x0000f6832f60e370
248595.0,2367676,python,[JIT],0x0000ee7d081b79dc
248595.0,2367605,python,[JIT],0x0000f211a0e83264
248594.0,2367570,python,[JIT],0x0000fcb51d60c108
248594.0,2367605,python,[JIT],0x0000f211a0e849d4
248594.0,2367712,python,[JIT],0x0000f6832f60e940
248594.0,2367605,python,[JIT],0x0000f211a0e582d0
248593.0,2367500,python,[JIT],0x0000e8c0803056b0
248592.0,2367676,python,[JIT],0x0000ee7d081e13c8
248592.0,2367465,python,[JIT],0x0000f33d98b8499c
248592.0,2367570,python,[JIT],0x0000fcb51d5d6164
248591.0,2367570,python,[JIT],0x0000fcb51d60941c
248591.0,2367570,python,[JIT],0x0000fcb51d5df494
248591.0,2367500,python,[JIT],0x0000e8c08030541c
248591.0,2367712,python,[JIT],0x0000f6832f60e808
248590.0,2367465,python,[JIT],0x0000f33d98adaf90
248589.0,2367438,python,[JIT],0x0000e9fe92b18080
248589.0,2367605,python,[JIT],0x0000f211a0e84210
248589.0,2367500,python,[JIT],0x0000e8c08030405c
248589.0,2367500,python,[JIT],0x0000e8c08030555c
248589.0,2367712,python,[JIT],0x0000f6832f6393d4
248588.0,2367676,python,[JIT],0x0000ee7d081e185c
248588.0,2367570,python,[JIT],0x0000fcb51d609a98
248588.0,2367438,python,python,_PyForIter_VirtualIteratorNext
248588.0,2367570,python,[JIT],0x0000fcb51d609150
248588.0,2367605,python,[JIT],0x0000f211a0e8447c
248587.0,2367676,python,[JIT],0x0000ee7d081e1408
248587.0,2367570,python,python,PySlice_New
248586.0,2367465,python,[JIT],0x0000f33d98bae924
248586.0,2367676,python,[JIT],0x0000ee7d081b720c
248585.0,2367676,python,[JIT],0x0000ee7d0810e0f4
248584.0,2367605,python,[JIT],0x0000f211a0e5a41c
248584.0,2367500,python,[JIT],0x0000e8c0803053ac
248584.0,2367605,python,[JIT],0x0000f211a0e56050
248583.0,2367500,python,[JIT],0x0000e8c08032f274
248583.0,2367438,python,[JIT],0x0000e9fe92b1aa48
248583.0,2367570,python,[JIT],0x0000fcb51d5de014
248583.0,2367500,python,[JIT],0x0000e8c08030546c
248583.0,2367712,python,[JIT],0x0000f6832f6388f0
248581.0,2367676,python,libc.so.6,realloc
248581.0,2367570,python,[JIT],0x0000fcb51d5dd2a4
248581.0,2367500,python,[JIT],0x0000e8c08030558c
248581.0,2367465,python,[JIT],0x0000f33d98b843c8
248580.0,2367676,python,[JIT],0x0000ee7d081b73a4
248580.0,2367500,python,[JIT],0x0000e8c080305768
248580.0,2367438,python,[JIT],0x0000e9fe92b431b4
248580.0,2367465,python,[JIT],0x0000f33d98b84540
248580.0,2367465,python,[JIT],0x0000f33d98b84b18
248580.0,2367570,python,[JIT],0x0000fcb51d5df994
248580.0,2367605,python,[JIT],0x0000f211a0e5a220
248580.0,2367676,python,[JIT],0x0000ee7d081b79c0
248579.0,2367465,python,[JIT],0x0000f33d98bae160
248579.0,2367712,python,[JIT],0x0000f6832f60e40c
248579.0,2367676,python,[JIT],0x0000ee7d081e11ac
248578.0,2367438,python,[JIT],0x0000e9fe92b1a940
248577.0,2367500,python,[kernel.kallsyms],dynamic_might_resched
248577.0,2367465,python,python,_PyJIT_Entry
248576.0,2367712,python,[JIT],0x0000f6832f60e63c
248576.0,2367676,python,[JIT],0x0000ee7d081e16ac
248575.0,2367570,python,[JIT],0x0000fcb51d609940
248575.0,2367500,python,[JIT],0x0000e8c080305a50
248574.0,2367676,python,[JIT],0x0000ee7d081b73f0
248574.0,2367570,python,[JIT],0x0000fcb51d5dfc30
248574.0,2367438,python,[JIT],0x0000e9fe92b44988
248574.0,2367465,python,[JIT],0x0000f33d98b83120
248574.0,2367605,python,[JIT],0x0000f211a0e849b8
248574.0,2367676,python,[JIT],0x0000ee7d081b7340
248573.0,2367500,python,[JIT],0x0000e8c08032e188
248573.0,2367465,python,[JIT],0x0000f33d98b8445c
248573.0,2367465,python,[JIT],0x0000f33d98bae254
248573.0,2367465,python,[JIT],0x0000f33d98bae378
248573.0,2367676,python,[JIT],0x0000ee7d081b71b4
248572.0,2367570,python,python,zip_next
248572.0,2367570,python,[JIT],0x0000fcb51d5df990
248572.0,2367500,python,[JIT],0x0000e8c08032f260
248572.0,2367500,python,[JIT],0x0000e8c08032fa18
248572.0,2367712,python,[JIT],0x0000f6832f60e928
248572.0,2367712,python,[JIT],0x0000f6832f637178
248571.0,2367676,python,[JIT],0x0000ee7d081b5ffc
248571.0,2367465,python,[JIT],0x0000f33d98bad0cc
248570.0,2367465,python,[JIT],0x0000f33d98adf060
248570.0,2367465,python,[JIT],0x0000f33d98bae894
248570.0,2367465,python,[JIT],0x0000f33d98baea08
248569.0,2367570,python,[JIT],0x0000fcb51d5df1dc
248569.0,2367570,python,[JIT],0x0000fcb51d6092a8
248569.0,2367465,python,python,enum_new_impl
248569.0,2367712,python,[JIT],0x0000f6832f6387c0
248568.0,2367500,python,[JIT],0x0000e8c08030599c
248568.0,2367500,python,[JIT],0x0000e8c08032f964
248567.0,2367500,python,[JIT],0x0000e8c080305cd4
248567.0,2367465,python,[JIT],0x0000f33d98b82c4c
248567.0,2367712,python,[JIT],0x0000f6832f60ec04
248566.0,2367712,python,[JIT],0x0000f6832f638410
248566.0,2367676,python,[JIT],0x0000ee7d081b7208
248565.0,2367465,python,[JIT],0x0000f33d98bb1020
248565.0,2367605,python,[JIT],0x0000f211a0e5a9cc
248565.0,2367500,python,[JIT],0x0000e8c08032fecc
248565.0,2367465,python,[JIT],0x0000f33d98bae8f0
248564.0,2367605,python,[JIT],0x0000f211a0e5a91c
248564.0,2367712,python,[JIT],0x0000f6832f60e58c
248564.0,2367676,python,[JIT],0x0000ee7d081e121c
248563.0,2367676,python,[JIT],0x0000ee7d081b5088
248563.0,2367570,python,[JIT],0x0000fcb51d5df88c
248563.0,2367465,python,[JIT],0x0000f33d98b8274c
248563.0,2367500,python,[JIT],0x0000e8c0803052bc
248563.0,2367500,python,[JIT],0x0000e8c08032f948
248563.0,2367465,python,[JIT],0x0000f33d98b84380
248563.0,2367676,python,[JIT],0x0000ee7d081b7560
248562.0,2367676,python,[JIT],0x0000ee7d081b5544
248562.0,2367676,python,[JIT],0x0000ee7d081b7768
248562.0,2367570,python,[JIT],0x0000fcb51d5dfc20
248562.0,2367570,python,[JIT],0x0000fcb51d6093c0
248562.0,2367500,python,[JIT],0x0000e8c08032f9f0
248562.0,2367605,python,[JIT],0x0000f211a0e5a58c
248562.0,2367465,python,[JIT],0x0000f33d98b8481c
248562.0,2367676,python,[JIT],0x0000ee7d081b7bf4
248561.0,2367676,python,python,list_dealloc
248561.0,2367500,python,[JIT],0x0000e8c080305b24
248561.0,2367500,python,[JIT],0x0000e8c08032f06c
248561.0,2367465,python,[JIT],0x0000f33d98b84968
248561.0,2367500,python,python,range_iter
248561.0,2367500,python,[JIT],0x0000e8c080305cc8
248561.0,2367712,python,[JIT],0x0000f6832f637224
248561.0,2367676,python,python,_PyObject_Malloc
248561.0,2367676,python,[JIT],0x0000ee7d081e11dc
248560.0,2367676,python,[JIT],0x0000ee7d081b783c
248560.0,2367676,python,[JIT],0x0000ee7d081e0354
248560.0,2367570,python,python,PyObject_GC_UnTrack
248560.0,2367570,python,[JIT],0x0000fcb51d5df4bc
248560.0,2367465,python,[JIT],0x0000f33d98adac1c
248559.0,2367570,python,[JIT],0x0000fcb51d5df8d4
248559.0,2367438,python,[JIT],0x0000e9fe92b1872c
248559.0,2367465,python,[JIT],0x0000f33d98baea18
248558.0,2367500,python,[JIT],0x0000e8c08032e234
248558.0,2367500,python,[JIT],0x0000e8c08033030c
248558.0,2367465,python,[JIT],0x0000f33d98b845a4
248558.0,2367465,python,[JIT],0x0000f33d98baeafc
248557.0,2367438,python,[JIT],0x0000e9fe92b4426c
248557.0,2367465,python,[JIT],0x0000f33d98bae988
248557.0,2367605,python,[JIT],0x0000f211a0e5a648
248557.0,2367712,python,[JIT],0x0000f6832f60e440
248557.0,2367712,python,[JIT],0x0000f6832f638444
248557.0,2367676,python,[JIT],0x0000ee7d081b79f0
248556.0,2367676,python,[JIT],0x0000ee7d0810e400
248556.0,2367676,python,[JIT],0x0000ee7d081e14a8
248556.0,2367438,python,[JIT],0x0000e9fe92b1ab0c
248556.0,2367605,python,[JIT],0x0000f211a0e5a188
248556.0,2367465,python,[JIT],0x0000f33d98b84c98
248555.0,2367676,python,python,PyObject_GC_Del
248555.0,2367605,python,[JIT],0x0000f211a0e5a920
248555.0,2367605,python,[JIT],0x0000f211a0e84258
248555.0,2367676,python,[JIT],0x0000ee7d081b7ca8
248554.0,2367438,python,[JIT],0x0000e9fe92b441a0
248554.0,2367570,python,[JIT],0x0000fcb51d5df344
248554.0,2367712,python,[JIT],0x0000f6832f63824c
248554.0,2367465,python,[JIT],0x0000f33d98b84488
248553.0,2367676,python,[JIT],0x0000ee7d081b506c
248553.0,2367676,python,[JIT],0x0000ee7d081e18d8
248553.0,2367570,python,[JIT],0x0000fcb51d5dd874
248553.0,2367570,python,[JIT],0x0000fcb51d5df970
248553.0,2367500,python,[JIT],0x0000e8c080305a4c
248553.0,2367438,python,[JIT],0x0000e9fe92b1a6b8
248553.0,2367465,python,[JIT],0x0000f33d98add734
248553.0,2367465,python,[JIT],0x0000f33d98b84570
248553.0,2367500,python,[JIT],0x0000e8c0803030c4
248553.0,2367712,python,[JIT],0x0000f6832f60e8dc
248553.0,2367605,python,[JIT],0x0000f211a0e58244
248553.0,2367465,python,[JIT],0x0000f33d98b84330
248553.0,2367465,python,[JIT],0x0000f33d98b84398
248553.0,2367465,python,[JIT],0x0000f33d98b849ec
248553.0,2367676,python,[JIT],0x0000ee7d081e1640
248553.0,2367676,python,[JIT],0x0000ee7d081e19fc
248552.0,2367570,python,[JIT],0x0000fcb51d5dfb80
248552.0,2367500,python,[JIT],0x0000e8c080305508
248552.0,2367500,python,[JIT],0x0000e8c080303558
248552.0,2367500,python,[JIT],0x0000e8c08032f85c
248552.0,2367712,python,[JIT],0x0000f6832f60e208
248552.0,2367712,python,[JIT],0x0000f6832f6383f0
248552.0,2367605,python,[JIT],0x0000f211a0e84a18
248552.0,2367676,python,[JIT],0x0000ee7d081b7308
248551.0,2367500,python,[JIT],0x0000e8c080303f28
248551.0,2367500,python,[JIT],0x0000e8c080305400
248551.0,2367605,python,[JIT],0x0000f211a0e58a28
248551.0,2367605,python,[JIT],0x0000f211a0e5aabc
248551.0,2367465,python,[JIT],0x0000f33d98b84c20
248550.0,2367676,python,python,_PyMem_RawMalloc
248550.0,2367676,python,[JIT],0x0000ee7d081b2098
248550.0,2367676,python,[JIT],0x0000ee7d081e1ab4
248550.0,2367438,python,[JIT],0x0000e9fe92b44af8
248550.0,2367712,python,[JIT],0x0000f6832f60e59c
248550.0,2367712,python,[JIT],0x0000f6832f638558
248550.0,2367605,python,[JIT],0x0000f211a0e843e4
248550.0,2367465,python,[JIT],0x0000f33d98b84c14
248550.0,2367465,python,[JIT],0x0000f33d98bae2e0
248549.0,2367676,python,[JIT],0x0000ee7d0810e820
248549.0,2367570,python,[JIT],0x0000fcb51d5df390
248549.0,2367500,python,python,_PyEvalFramePushAndInit
248549.0,2367500,python,[JIT],0x0000e8c080305770
248549.0,2367500,python,[JIT],0x0000e8c080306284
248549.0,2367465,python,[JIT],0x0000f33d98b82874
248549.0,2367570,python,[JIT],0x0000fcb51d609040
248549.0,2367605,python,python,PyObject_GC_UnTrack
248549.0,2367712,python,[JIT],0x0000f6832f60e1d4
248549.0,2367712,python,[JIT],0x0000f6832f638008
248549.0,2367605,python,[JIT],0x0000f211a0e58084
248549.0,2367465,python,[JIT],0x0000f33d98bae980
248548.0,2367676,python,python,_Py_CallBuiltinClass_StackRef
248548.0,2367570,python,[JIT],0x0000fcb51d5df03c
248548.0,2367500,python,[JIT],0x0000e8c08030575c
248548.0,2367438,python,[JIT],0x0000e9fe92b1a474
248548.0,2367712,python,[JIT],0x0000f6832f60e418
248548.0,2367712,python,[JIT],0x0000f6832f60e4cc
248547.0,2367676,python,[JIT],0x0000ee7d081e1248
248547.0,2367500,python,[JIT],0x0000e8c080305864
248547.0,2367500,python,[JIT],0x0000e8c08032fb00
248547.0,2367500,python,[JIT],0x0000e8c0803040f4
248547.0,2367712,python,[JIT],0x0000f6832f60e2b0
248547.0,2367605,python,[JIT],0x0000f211a0e51564
248547.0,2367465,python,[JIT],0x0000f33d98b84418
248546.0,2367676,python,[JIT],0x0000ee7d081b725c
248546.0,2367570,python,[JIT],0x0000fcb51d5df830
248546.0,2367500,python,python,tuple_alloc
248546.0,2367500,python,[JIT],0x0000e8c080305b30
248546.0,2367500,python,[JIT],0x0000e8c08032f00c
248546.0,2367500,python,[JIT],0x0000e8c08032f938
248546.0,2367605,python,[JIT],0x0000f211a0e520e0
248546.0,2367676,python,[JIT],0x0000ee7d081b7514
248545.0,2367676,python,[JIT],0x0000ee7d081b550c
248545.0,2367676,python,[JIT],0x0000ee7d081b79c8
248545.0,2367570,python,[JIT],0x0000fcb51d6096b8
248545.0,2367500,python,[JIT],0x0000e8c0803030d8
248545.0,2367712,python,[JIT],0x0000f6832f637098
248545.0,2367605,python,[JIT],0x0000f211a0e53bdc
248545.0,2367605,python,[JIT],0x0000f211a0e84ecc
248545.0,2367465,python,[JIT],0x0000f33d98b84168
248545.0,2367465,python,[JIT],0x0000f33d98b842d8
248545.0,2367465,python,[JIT],0x0000f33d98b84438
248545.0,2367676,python,[JIT],0x0000ee7d081b74fc
248544.0,2367676,python,[JIT],0x0000ee7d081e1208
248544.0,2367570,python,[JIT],0x0000fcb51d5d8c20
248544.0,2367570,python,[JIT],0x0000fcb51d5dfa38
248544.0,2367605,python,[JIT],0x0000f211a0e5ab30
248544.0,2367712,python,[JIT],0x0000f6832f60e3a0
248544.0,2367712,python,[JIT],0x0000f6832f638ab4
248544.0,2367605,python,[JIT],0x0000f211a0e5a2e0
248544.0,2367465,python,[JIT],0x0000f33d98b84328
248544.0,2367676,python,[JIT],0x0000ee7d081b7508
248543.0,2367676,python,python,float_mul
248543.0,2367676,python,[JIT],0x0000ee7d081e1ecc
248543.0,2367570,python,[JIT],0x0000fcb51d60c000
248543.0,2367605,python,[JIT],0x0000f211a0e5a94c
248543.0,2367465,python,[JIT],0x0000f33d98b8438c
248543.0,2367676,python,[JIT],0x0000ee7d081b76c0
248542.0,2367676,python,[JIT],0x0000ee7d081e1864
248542.0,2367605,python,[JIT],0x0000f211a0e8497c
248542.0,2367712,python,[JIT],0x0000f6832f60e824
248542.0,2367712,python,[JIT],0x0000f6832f6384b8
248542.0,2367605,python,[JIT],0x0000f211a0e5a9cc
248542.0,2367605,python,[JIT],0x0000f211a0e84d74
248542.0,2367676,python,[JIT],0x0000ee7d081b78f4
248542.0,2367676,python,[JIT],0x0000ee7d081e1500
248541.0,2367570,python,[JIT],0x0000fcb51d609a84
248541.0,2367465,python,[JIT],0x0000f33d98b8440c
248541.0,2367605,python,[JIT],0x0000f211a0e85450
248541.0,2367500,python,[JIT],0x0000e8c08025b8f4
248541.0,2367500,python,[JIT],0x0000e8c080303818
248541.0,2367712,python,[JIT],0x0000f6832f60e544
248541.0,2367605,python,[JIT],0x0000f211a0e8448c
248540.0,2367676,python,[JIT],0x0000ee7d081b2124
248540.0,2367500,python,[JIT],0x0000e8c080305554
248540.0,2367570,python,[JIT],0x0000fcb51d5d8fb0
248540.0,2367605,python,[JIT],0x0000f211a0e84a98
248540.0,2367712,python,[JIT],0x0000f6832f60e330
248540.0,2367712,python,[JIT],0x0000f6832f60e3c8
248540.0,2367465,python,[JIT],0x0000f33d98b8474c
248540.0,2367676,python,[JIT],0x0000ee7d081b7094
248540.0,2367676,python,[JIT],0x0000ee7d081b75b0
248540.0,2367676,python,[JIT],0x0000ee7d081e13b0
248540.0,2367676,python,[JIT],0x0000ee7d081e1830
248539.0,2367676,python,[JIT],0x0000ee7d081b5384
248539.0,2367676,python,[JIT],0x0000ee7d081e1458
248539.0,2367570,python,[JIT],0x0000fcb51d609410
248539.0,2367500,python,[JIT],0x0000e8c08032fad0
248539.0,2367465,python,[JIT],0x0000f33d98b849f8
248539.0,2367712,python,[JIT],0x0000f6832f60f270
248539.0,2367712,python,[JIT],0x0000f6832f638a0c
248539.0,2367605,python,[JIT],0x0000f211a0e842a4
248539.0,2367465,python,[JIT],0x0000f33d98b84bbc
248538.0,2367676,python,python,list_extend_lock_held
248538.0,2367500,python,[JIT],0x0000e8c080305140
248538.0,2367500,python,[JIT],0x0000e8c0803302f4
248538.0,2367465,python,[JIT],0x0000f33d98b843dc
248538.0,2367712,python,[JIT],0x0000f6832f60e9a4
248538.0,2367712,python,[JIT],0x0000f6832f638268
248538.0,2367605,python,[JIT],0x0000f211a0e849a4
248538.0,2367465,python,[JIT],0x0000f33d98b84cd8
248537.0,2367676,python,[JIT],0x0000ee7d081e1560
248537.0,2367465,python,[JIT],0x0000f33d98b84de0
248537.0,2367570,python,[JIT],0x0000fcb51d5df4d8
248537.0,2367712,python,[JIT],0x0000f6832f60e9a8
248537.0,2367712,python,[JIT],0x0000f6832f6384fc
248537.0,2367605,python,[JIT],0x0000f211a0e54000
248537.0,2367465,python,[JIT],0x0000f33d98b848c4
248537.0,2367676,python,[JIT],0x0000ee7d081b7140
248536.0,2367676,python,[JIT],0x0000ee7d081e1884
248536.0,2367570,python,[JIT],0x0000fcb51d5dd0cc
248536.0,2367570,python,[JIT],0x0000fcb51d5df088
248536.0,2367465,python,[JIT],0x0000f33d98b84a20
248536.0,2367570,python,[JIT],0x0000fcb51d609514
248536.0,2367605,python,[JIT],0x0000f211a0e5a75c
248536.0,2367712,python,[JIT],0x0000f6832f60e1cc
248536.0,2367712,python,[JIT],0x0000f6832f60e4fc
248536.0,2367712,python,[JIT],0x0000f6832f6381ac
248536.0,2367465,python,[JIT],0x0000f33d98baf450
248535.0,2367676,python,[JIT],0x0000ee7d081b555c
248535.0,2367500,python,[JIT],0x0000e8c08032f034
248535.0,2367500,python,[JIT],0x0000e8c08032f17c
248535.0,2367465,python,[JIT],0x0000f33d98bae974
248535.0,2367570,python,[JIT],0x0000fcb51d5df43c
248535.0,2367605,python,[JIT],0x0000f211a0e5a3b8
248535.0,2367605,python,[JIT],0x0000f211a0e5ab10
248535.0,2367605,python,[JIT],0x0000f211a0e87124
248535.0,2367712,python,[JIT],0x0000f6832f60e5a8
248535.0,2367605,python,[JIT],0x0000f211a0e52978
248535.0,2367465,python,[JIT],0x0000f33d98b84560
248535.0,2367465,python,[JIT],0x0000f33d98b84aac
248535.0,2367465,python,[JIT],0x0000f33d98bae934
248535.0,2367676,python,[JIT],0x0000ee7d081b7254
248535.0,2367676,python,[JIT],0x0000ee7d081b7544
248535.0,2367676,python,[JIT],0x0000ee7d081b7a4c
248534.0,2367500,python,[JIT],0x0000e8c080305c70
248534.0,2367500,python,[JIT],0x0000e8c08032f31c
248534.0,2367438,python,[JIT],0x0000e9fe92b1a24c
248534.0,2367605,python,[JIT],0x0000f211a0e5a208
248534.0,2367605,python,[JIT],0x0000f211a0e87018
248534.0,2367465,python,[JIT],0x0000f33d98b84904
248534.0,2367465,python,[JIT],0x0000f33d98b849c8
248534.0,2367676,python,[JIT],0x0000ee7d081b74ec
248533.0,2367500,python,[JIT],0x0000e8c080305888
248533.0,2367500,python,[JIT],0x0000e8c08032fac8
248533.0,2367438,python,[JIT],0x0000e9fe92b170f0
248533.0,2367438,python,[JIT],0x0000e9fe92b1858c
248533.0,2367465,python,[JIT],0x0000f33d98b844a4
248533.0,2367500,python,[JIT],0x0000e8c0803052c0
248533.0,2367500,python,[JIT],0x0000e8c0803059e8
248533.0,2367712,python,[JIT],0x0000f6832f60eaac
248533.0,2367712,python,[JIT],0x0000f6832f60eba4
248533.0,2367712,python,[JIT],0x0000f6832f6380d8
248533.0,2367605,python,[JIT],0x0000f211a0e5184c
248533.0,2367605,python,[JIT],0x0000f211a0e5a500
248533.0,2367465,python,[JIT],0x0000f33d98baeb80
248532.0,2367676,python,[JIT],0x0000ee7d081e14fc
248532.0,2367500,python,[JIT],0x0000e8c0803054ec
248532.0,2367500,python,[JIT],0x0000e8c08032f348
248532.0,2367465,python,[JIT],0x0000f33d98b83018
248532.0,2367570,python,[JIT],0x0000fcb51d60981c
248532.0,2367605,python,[JIT],0x0000f211a0e84b04
248532.0,2367500,python,[JIT],0x0000e8c0803032fc
248532.0,2367500,python,[JIT],0x0000e8c080305cb4
248532.0,2367712,python,[JIT],0x0000f6832f637278
248532.0,2367712,python,[JIT],0x0000f6832f6389f8
248532.0,2367676,python,[JIT],0x0000ee7d081b71a4
248532.0,2367676,python,[JIT],0x0000ee7d081b7844
248532.0,2367676,python,[JIT],0x0000ee7d081e10a0
248531.0,2367676,python,[JIT],0x0000ee7d081b6998
248531.0,2367570,python,[JIT],0x0000fcb51d60931c
248531.0,2367500,python,[JIT],0x0000e8c0803053b8
248531.0,2367500,python,[JIT],0x0000e8c080305b60
248531.0,2367500,python,[JIT],0x0000e8c08032f14c
248531.0,2367465,python,[JIT],0x0000f33d98b844dc
248531.0,2367605,python,[JIT],0x0000f211a0e8499c
248531.0,2367465,python,[JIT],0x0000f33d98b84b80
248531.0,2367676,python,python,_PyObject_Free
248530.0,2367676,python,python,enum_new_impl
248530.0,2367570,python,[JIT],0x0000fcb51d609288
248530.0,2367570,python,[JIT],0x0000fcb51d60984c
248530.0,2367438,python,libc.so.6,_int_realloc
248530.0,2367570,python,[JIT],0x0000fcb51d5d6794
248530.0,2367570,python,[JIT],0x0000fcb51d5da02c
248530.0,2367500,python,python,enum_new_impl
248530.0,2367712,python,python,compactlong_float_add
248530.0,2367712,python,[JIT],0x0000f6832f6384a8
248530.0,2367712,python,[JIT],0x0000f6832f6386b8
248530.0,2367605,python,[JIT],0x0000f211a0e5889c
248530.0,2367605,python,[JIT],0x0000f211a0e5aac8
248529.0,2367676,python,[JIT],0x0000ee7d081b734c
248529.0,2367676,python,[JIT],0x0000ee7d081e1ed0
248529.0,2367438,python,[JIT],0x0000e9fe92b1a950
248529.0,2367570,python,[JIT],0x0000fcb51d5d673c
248529.0,2367500,python,[JIT],0x0000e8c080303ffc
248529.0,2367712,python,[JIT],0x0000f6832f60e984
248529.0,2367712,python,[JIT],0x0000f6832f60ecb8
248529.0,2367712,python,[JIT],0x0000f6832f6389b8
248529.0,2367465,python,[JIT],0x0000f33d98b84770
248529.0,2367465,python,[JIT],0x0000f33d98bae990
248529.0,2367676,python,[JIT],0x0000ee7d081b70b4
248528.0,2367676,python,[JIT],0x0000ee7d081b2074
248528.0,2367500,python,[JIT],0x0000e8c08032e064
248528.0,2367438,python,[JIT],0x0000e9fe92b18cb4
248528.0,2367438,python,[JIT],0x0000e9fe92b1a85c
248528.0,2367570,python,[JIT],0x0000fcb51d5df9a4
248528.0,2367570,python,[JIT],0x0000fcb51d5dfb18
248528.0,2367500,python,[JIT],0x0000e8c08032f49c
248528.0,2367712,python,python,PyObject_Free
248528.0,2367712,python,[JIT],0x0000f6832f60e98c
248528.0,2367605,python,[JIT],0x0000f211a0e58198
248528.0,2367605,python,[JIT],0x0000f211a0e8486c
248528.0,2367465,python,[JIT],0x0000f33d98b84a04
248528.0,2367676,python,[JIT],0x0000ee7d081b7768
248528.0,2367676,python,[JIT],0x0000ee7d081e0178
248527.0,2367676,python,[kernel.kallsyms],mem_cgroup_commit_charge
248527.0,2367500,python,[JIT],0x0000e8c08032f574
248527.0,2367465,python,[JIT],0x0000f33d98ade1b4
248527.0,2367605,python,[JIT],0x0000f211a0e5a968
248527.0,2367500,python,[JIT],0x0000e8c080305864
248527.0,2367605,python,[JIT],0x0000f211a0e5a18c
248527.0,2367605,python,[JIT],0x0000f211a0e5a9f4
248527.0,2367465,python,[JIT],0x0000f33d98b84ad0
248527.0,2367676,python,[JIT],0x0000ee7d081b7858
248527.0,2367676,python,[JIT],0x0000ee7d081e0034
248526.0,2367500,python,[JIT],0x0000e8c08032fc14
248526.0,2367438,python,[JIT],0x0000e9fe92b180bc
248526.0,2367570,python,[JIT],0x0000fcb51d5d6f60
248526.0,2367570,python,[JIT],0x0000fcb51d5df9f0
248526.0,2367605,python,[JIT],0x0000f211a0e5a1b8
248526.0,2367605,python,[JIT],0x0000f211a0e5ab74
248526.0,2367605,python,[JIT],0x0000f211a0e84754
248526.0,2367500,python,python,l_divmod
248526.0,2367712,python,[JIT],0x0000f6832f60e308
248526.0,2367712,python,[JIT],0x0000f6832f6389dc
248526.0,2367605,python,[JIT],0x0000f211a0e58704
248526.0,2367465,python,[JIT],0x0000f33d98bae4dc
248526.0,2367676,python,[JIT],0x0000ee7d081e22f4
248525.0,2367676,python,[JIT],0x0000ee7d081b542c
248525.0,2367676,python,[JIT],0x0000ee7d081e11a4
248525.0,2367570,python,[JIT],0x0000fcb51d5dfc14
248525.0,2367500,python,[JIT],0x0000e8c08032f928
248525.0,2367438,python,python,_PyList_AppendTakeRefListResize
248525.0,2367438,python,[JIT],0x0000e9fe92b141ac
248525.0,2367438,python,[JIT],0x0000e9fe92b188f4
248525.0,2367465,python,[JIT],0x0000f33d98b848ec
248525.0,2367465,python,[JIT],0x0000f33d98bae40c
248525.0,2367605,python,python,PyObject_Free
248525.0,2367605,python,[JIT],0x0000f211a0e5a1a4
248525.0,2367500,python,[JIT],0x0000e8c08032f350
248525.0,2367712,python,[JIT],0x0000f6832f6383cc
248525.0,2367605,python,[JIT],0x0000f211a0e581c8
248525.0,2367605,python,[JIT],0x0000f211a0e5a8a4
248525.0,2367605,python,[JIT],0x0000f211a0e831bc
248525.0,2367676,python,libc.so.6,malloc
248524.0,2367676,python,[JIT],0x0000ee7d081b78d8
248524.0,2367676,python,[JIT],0x0000ee7d081e1984
248524.0,2367570,python,[JIT],0x0000fcb51d5df89c
248524.0,2367570,python,[JIT],0x0000fcb51d5dfcd4
248524.0,2367500,python,[JIT],0x0000e8c080305a0c
248524.0,2367500,python,[JIT],0x0000e8c08032e034
248524.0,2367500,python,[JIT],0x0000e8c08032f868
248524.0,2367570,python,[JIT],0x0000fcb51d5df748
248524.0,2367605,python,[JIT],0x0000f211a0e5a660
248524.0,2367605,python,[JIT],0x0000f211a0e84acc
248524.0,2367712,python,python,_Py_CallBuiltinClass_StackRef
248524.0,2367712,python,[JIT],0x0000f6832f60e3c0
248524.0,2367712,python,[JIT],0x0000f6832f63834c
248524.0,2367605,python,python,zip_new
248524.0,2367465,python,[JIT],0x0000f33d98b84218
248524.0,2367465,python,[JIT],0x0000f33d98bae2f8
248524.0,2367676,python,[JIT],0x0000ee7d081b8274
248524.0,2367676,python,[JIT],0x0000ee7d081e0098
248523.0,2367676,python,libc.so.6,_int_malloc
248523.0,2367676,python,libc.so.6,_int_realloc
248523.0,2367676,python,[JIT],0x0000ee7d0810e7a0
248523.0,2367676,python,[JIT],0x0000ee7d0810e7b8
248523.0,2367500,python,[JIT],0x0000e8c080305174
248523.0,2367500,python,[JIT],0x0000e8c08032f858
248523.0,2367500,python,[JIT],0x0000e8c08032f980
248523.0,2367500,python,[JIT],0x0000e8c08032fc50
248523.0,2367465,python,[JIT],0x0000f33d98b84970
248523.0,2367570,python,[JIT],0x0000fcb51d5dd340
248523.0,2367605,python,[JIT],0x0000f211a0e849fc
248523.0,2367500,python,[JIT],0x0000e8c080301004
248523.0,2367712,python,[JIT],0x0000f6832f60eac0
248523.0,2367712,python,[JIT],0x0000f6832f638484
248523.0,2367712,python,[JIT],0x0000f6832f638ba4
248523.0,2367605,python,[JIT],0x0000f211a0e56064
248523.0,2367605,python,[JIT],0x0000f211a0e5a598
248523.0,2367465,python,[JIT],0x0000f33d98bad178
248523.0,2367676,python,python,PyObject_GetIter
248523.0,2367676,python,[JIT],0x0000ee7d081b7cb8
248523.0,2367676,python,[JIT],0x0000ee7d081e1410
248522.0,2367570,python,[JIT],0x0000fcb51d609a44
248522.0,2367465,python,[JIT],0x0000f33d98b84374
248522.0,2367465,python,[JIT],0x0000f33d98b848a4
248522.0,2367465,python,[JIT],0x0000f33d98b84a1c
248522.0,2367570,python,[JIT],0x0000fcb51d5df2fc
248522.0,2367605,python,[JIT],0x0000f211a0e8414c
248522.0,2367500,python,[JIT],0x0000e8c08025f0a8
248522.0,2367500,python,[JIT],0x0000e8c08032f96c
248522.0,2367712,python,[JIT],0x0000f6832f638080
248522.0,2367712,python,[JIT],0x0000f6832f638288
248522.0,2367712,python,[JIT],0x0000f6832f638638
248522.0,2367605,python,[JIT],0x0000f211a0e51b38
248522.0,2367465,python,[JIT],0x0000f33d98b84aa0
248522.0,2367465,python,[JIT],0x0000f33d98bae748
248522.0,2367465,python,[JIT],0x0000f33d98baec34
248522.0,2367676,python,[JIT],0x0000ee7d081b73d4
248521.0,2367676,python,[JIT],0x0000ee7d0810e65c
248521.0,2367570,python,[JIT],0x0000fcb51d5dfc54
248521.0,2367438,python,[JIT],0x0000e9fe92b1466c
248521.0,2367465,python,[JIT],0x0000f33d98b82068
248521.0,2367570,python,[JIT],0x0000fcb51d5ddfcc
248521.0,2367570,python,[JIT],0x0000fcb51d5df568
248521.0,2367605,python,[JIT],0x0000f211a0e84abc
248521.0,2367500,python,[kernel.kallsyms],mas_rev_awalk
248521.0,2367465,python,[JIT],0x0000f33d98bae9c8
248521.0,2367676,python,[JIT],0x0000ee7d081e14a4
248520.0,2367500,python,[JIT],0x0000e8c08032f24c
248520.0,2367438,python,[JIT],0x0000e9fe92b4491c
248520.0,2367465,python,[JIT],0x0000f33d98adc6d8
248520.0,2367465,python,[JIT],0x0000f33d98b82cec
248520.0,2367500,python,[JIT],0x0000e8c080305dd8
248520.0,2367605,python,[JIT],0x0000f211a0e51474
248520.0,2367605,python,[JIT],0x0000f211a0e5a1fc
248520.0,2367605,python,[JIT],0x0000f211a0e5a6ac
248520.0,2367465,python,[JIT],0x0000f33d98b85304
248520.0,2367465,python,[JIT],0x0000f33d98bad234
248520.0,2367465,python,[JIT],0x0000f33d98bae884
248520.0,2367676,python,[JIT],0x0000ee7d081b72a0
248520.0,2367676,python,[JIT],0x0000ee7d081e1400
248519.0,2367676,python,[JIT],0x0000ee7d081b57d8
248519.0,2367676,python,[JIT],0x0000ee7d081b748c
248519.0,2367676,python,[JIT],0x0000ee7d081b7abc
248519.0,2367676,python,[JIT],0x0000ee7d081e1374
248519.0,2367570,python,python,tuple_dealloc
248519.0,2367570,python,[JIT],0x0000fcb51d5df3c8
248519.0,2367570,python,[JIT],0x0000fcb51d5df858
248519.0,2367438,python,[JIT],0x0000e9fe92b1a518
248519.0,2367465,python,[JIT],0x0000f33d98b84868
248519.0,2367605,python,[JIT],0x0000f211a0e5a9f4
248519.0,2367605,python,[JIT],0x0000f211a0e84440
248519.0,2367712,python,[JIT],0x0000f6832f6388ac
248519.0,2367465,python,[JIT],0x0000f33d98b84bf4
248519.0,2367676,python,[JIT],0x0000ee7d081b7974
248518.0,2367676,python,[JIT],0x0000ee7d081e18e4
248518.0,2367570,python,[JIT],0x0000fcb51d5df488
248518.0,2367500,python,[JIT],0x0000e8c08032e1d0
248518.0,2367500,python,[JIT],0x0000e8c08032fab0
248518.0,2367465,python,[JIT],0x0000f33d98b82980
248518.0,2367465,python,[JIT],0x0000f33d98bae984
248518.0,2367570,python,[JIT],0x0000fcb51d5df1b8
248518.0,2367570,python,[JIT],0x0000fcb51d5dfcc8
248518.0,2367570,python,[JIT],0x0000fcb51d609078
248518.0,2367605,python,[JIT],0x0000f211a0e5a4ac
248518.0,2367605,python,[JIT],0x0000f211a0e846ac
248518.0,2367500,python,[JIT],0x0000e8c08025d0b0
248518.0,2367500,python,[JIT],0x0000e8c08025f03c
248518.0,2367712,python,[JIT],0x0000f6832f60e188
248518.0,2367712,python,[JIT],0x0000f6832f6381a0
248518.0,2367605,python,[JIT],0x0000f211a0e53a7c
248518.0,2367465,python,[JIT],0x0000f33d98b844d4
248518.0,2367465,python,[JIT],0x0000f33d98bae9f0
248518.0,2367676,python,[JIT],0x0000ee7d081e0250
248518.0,2367676,python,[JIT],0x0000ee7d081e1a44
248517.0,2367500,python,[JIT],0x0000e8c0803054d4
248517.0,2367438,python,[JIT],0x0000e9fe92b1a53c
248517.0,2367465,python,[JIT],0x0000f33d98b822e0
248517.0,2367465,python,[JIT],0x0000f33d98b84754
248517.0,2367605,python,[JIT],0x0000f211a0e5a3a8
248517.0,2367500,python,[JIT],0x0000e8c080303150
248517.0,2367712,python,[JIT],0x0000f6832f60e594
248517.0,2367712,python,[JIT],0x0000f6832f6371d0
248517.0,2367465,python,[JIT],0x0000f33d98bae92c
248517.0,2367676,python,[JIT],0x0000ee7d081b7648
248517.0,2367676,python,[JIT],0x0000ee7d081b7b60
248517.0,2367676,python,[JIT],0x0000ee7d081e14dc
248516.0,2367676,python,[JIT],0x0000ee7d0810eef8
248516.0,2367676,python,[JIT],0x0000ee7d081b3050
248516.0,2367676,python,[JIT],0x0000ee7d081b5660
248516.0,2367676,python,[JIT],0x0000ee7d081e13f4
248516.0,2367500,python,[JIT],0x0000e8c08032f410
248516.0,2367500,python,[JIT],0x0000e8c08032f8ec
248516.0,2367438,python,[JIT],0x0000e9fe92b1a35c
248516.0,2367465,python,[JIT],0x0000f33d98b84984
248516.0,2367605,python,[JIT],0x0000f211a0e849d8
248516.0,2367712,python,[JIT],0x0000f6832f63884c
248516.0,2367605,python,[JIT],0x0000f211a0e528fc
248516.0,2367676,python,[JIT],0x0000ee7d081b7448
248516.0,2367676,python,[JIT],0x0000ee7d081e186c
248515.0,2367676,python,[JIT],0x0000ee7d081e1328
248515.0,2367570,python,[JIT],0x0000fcb51d5e0304
248515.0,2367500,python,[JIT],0x0000e8c080305078
248515.0,2367465,python,[JIT],0x0000f33d98bae594
248515.0,2367500,python,python,make_range_object
248515.0,2367500,python,[JIT],0x0000e8c08032f8c0
248515.0,2367712,python,[JIT],0x0000f6832f638830
248515.0,2367605,python,[JIT],0x0000f211a0e5a884
248515.0,2367605,python,[JIT],0x0000f211a0e84508
248515.0,2367465,python,[JIT],0x0000f33d98b840d0
248515.0,2367676,python,[JIT],0x0000ee7d081e11c0
248514.0,2367438,python,[JIT],0x0000e9fe92b14270
248514.0,2367465,python,[JIT],0x0000f33d98adf19c
248514.0,2367570,python,python,specialize_py_call
248514.0,2367605,python,[JIT],0x0000f211a0e8431c
248514.0,2367712,python,[JIT],0x0000f6832f60e170
248514.0,2367712,python,[JIT],0x0000f6832f638810
248514.0,2367465,python,[kernel.kallsyms],_find_next_bit
248514.0,2367465,python,[JIT],0x0000f33d98b84d04
248514.0,2367465,python,[JIT],0x0000f33d98bae0bc
248514.0,2367676,python,[JIT],0x0000ee7d081b7a94
248513.0,2367676,python,[JIT],0x0000ee7d0810c5c0
248513.0,2367570,python,[JIT],0x0000fcb51d5df92c
248513.0,2367500,python,[JIT],0x0000e8c080305028
248513.0,2367500,python,[JIT],0x0000e8c08032f5a4
248513.0,2367500,python,[JIT],0x0000e8c08032f888
248513.0,2367438,python,python,list_dealloc
248513.0,2367438,python,[JIT],0x0000e9fe92b1aa40
248513.0,2367438,python,[JIT],0x0000e9fe92b44594
248513.0,2367465,python,[JIT],0x0000f33d98b82328
248513.0,2367570,python,[JIT],0x0000fcb51d5d8544
248513.0,2367605,python,[JIT],0x0000f211a0e843b0
248513.0,2367500,python,[JIT],0x0000e8c0803054a8
248513.0,2367500,python,[JIT],0x0000e8c0803055b4
248513.0,2367712,python,[JIT],0x0000f6832f60e860
248513.0,2367712,python,[JIT],0x0000f6832f60ea3c
248513.0,2367605,python,[JIT],0x0000f211a0e53200
248512.0,2367676,python,[JIT],0x0000ee7d081b7950
248512.0,2367676,python,[JIT],0x0000ee7d081b7b20
248512.0,2367500,python,[JIT],0x0000e8c080305a44
248512.0,2367500,python,[JIT],0x0000e8c080305b74
248512.0,2367500,python,[JIT],0x0000e8c08032f2f4
248512.0,2367438,python,python,PyType_GenericAlloc
248512.0,2367438,python,python,_PyOptimizer_Optimize
248512.0,2367438,python,[JIT],0x0000e9fe92b1818c
248512.0,2367465,python,[JIT],0x0000f33d98b8454c
248512.0,2367570,python,[JIT],0x0000fcb51d5de0d0
248512.0,2367570,python,[JIT],0x0000fcb51d5df200
248512.0,2367500,python,python,PyObject_Free
248512.0,2367500,python,[JIT],0x0000e8c08025b920
248512.0,2367500,python,[JIT],0x0000e8c0803303c4
248512.0,2367712,python,[JIT],0x0000f6832f60e0b4
248512.0,2367712,python,[JIT],0x0000f6832f60e8d4
248512.0,2367712,python,[JIT],0x0000f6832f60e9c0
248512.0,2367676,python,[JIT],0x0000ee7d081b775c
248511.0,2367676,python,[kernel.kallsyms],perf_iterate_ctx
248511.0,2367676,python,[JIT],0x0000ee7d081e1544
248511.0,2367570,python,[JIT],0x0000fcb51d6080cc
248511.0,2367500,python,[JIT],0x0000e8c0803056c0
248511.0,2367438,python,[kernel.kallsyms],_find_next_bit
248511.0,2367438,python,[JIT],0x0000e9fe92b1a970
248511.0,2367570,python,[JIT],0x0000fcb51d609aa0
248511.0,2367500,python,[JIT],0x0000e8c080305170
248511.0,2367712,python,[JIT],0x0000f6832f60e0c4
248511.0,2367605,python,[JIT],0x0000f211a0e58520
248511.0,2367605,python,[JIT],0x0000f211a0e5a4b0
248511.0,2367465,python,[JIT],0x0000f33d98bae1fc
248511.0,2367676,python,[JIT],0x0000ee7d081b7c30
248510.0,2367570,python,[JIT],0x0000fcb51d5df990
248510.0,2367500,python,libc.so.6,malloc
248510.0,2367500,python,[JIT],0x0000e8c08032e0b0
248510.0,2367465,python,[JIT],0x0000f33d98b839c4
248510.0,2367465,python,[JIT],0x0000f33d98b843f0
248510.0,2367570,python,python,compactlong_float_add
248510.0,2367605,python,[JIT],0x0000f211a0e5a838
248510.0,2367605,python,[JIT],0x0000f211a0e58fec
248510.0,2367605,python,[JIT],0x0000f211a0e840e8
248510.0,2367465,python,[JIT],0x0000f33d98b84648
248510.0,2367676,python,[JIT],0x0000ee7d081e01d0
248509.0,2367570,python,[JIT],0x0000fcb51d5df154
248509.0,2367570,python,[JIT],0x0000fcb51d5df8a8
248509.0,2367500,python,[JIT],0x0000e8c0803051a4
248509.0,2367500,python,[JIT],0x0000e8c080305c14
248509.0,2367500,python,[JIT],0x0000e8c08032f460
248509.0,2367438,python,[JIT],0x0000e9fe92b45444
248509.0,2367712,python,[JIT],0x0000f6832f60e4a4
248509.0,2367712,python,[JIT],0x0000f6832f60e9b8
248509.0,2367712,python,[JIT],0x0000f6832f638888
248509.0,2367605,python,[JIT],0x0000f211a0e58120
248509.0,2367605,python,[JIT],0x0000f211a0e5a824
248509.0,2367465,python,[JIT],0x0000f33d98b848c0
248509.0,2367676,python,[JIT],0x0000ee7d081b72e8
248509.0,2367676,python,[JIT],0x0000ee7d081e0158
248508.0,2367500,python,[JIT],0x0000e8c08030556c
248508.0,2367465,python,[JIT],0x0000f33d98bae078
248508.0,2367570,python,python,_PyOptimizer_Optimize
248508.0,2367570,python,[JIT],0x0000fcb51d5dd5ec
248508.0,2367605,python,python,initialize_locals
248508.0,2367605,python,[JIT],0x0000f211a0e830c0
248508.0,2367500,python,[JIT],0x0000e8c0803011e0
248508.0,2367500,python,[JIT],0x0000e8c080306284
248508.0,2367712,python,libc.so.6,__memset_zva64
248508.0,2367712,python,[JIT],0x0000f6832f60e8fc
248508.0,2367605,python,[JIT],0x0000f211a0e560b4
248508.0,2367465,python,[JIT],0x0000f33d98bae510
248508.0,2367676,python,[JIT],0x0000ee7d081b70d0
248507.0,2367676,python,python,compactlong_float_add
248507.0,2367676,python,[JIT],0x0000ee7d081b57b4
248507.0,2367570,python,[JIT],0x0000fcb51d609500
248507.0,2367438,python,[JIT],0x0000e9fe92b1a80c
248507.0,2367465,python,[JIT],0x0000f33d98ade094
248507.0,2367570,python,[JIT],0x0000fcb51d5d8750
248507.0,2367605,python,[JIT],0x0000f211a0e5a1d4
248507.0,2367500,python,[JIT],0x0000e8c08032f408
248507.0,2367500,python,[JIT],0x0000e8c08032f8d8
248507.0,2367605,python,[kernel.kallsyms],__arm64_sys_mmap
248507.0,2367605,python,[JIT],0x0000f211a0e51400
248507.0,2367605,python,[JIT],0x0000f211a0e84a9c
248507.0,2367465,python,[JIT],0x0000f33d98b84ce4
248507.0,2367676,python,[JIT],0x0000ee7d081e1008
248507.0,2367676,python,[JIT],0x0000ee7d081e11cc
248506.0,2367570,python,[JIT],0x0000fcb51d5df9f0
248506.0,2367570,python,[JIT],0x0000fcb51d60917c
248506.0,2367438,python,[JIT],0x0000e9fe92b44504
248506.0,2367438,python,[JIT],0x0000e9fe92b449bc
248506.0,2367465,python,[JIT],0x0000f33d98b82064
248506.0,2367465,python,[JIT],0x0000f33d98b843c0
248506.0,2367570,python,[JIT],0x0000fcb51d6094a8
248506.0,2367500,python,python,PyObject_GetIter
248506.0,2367500,python,[JIT],0x0000e8c080305dd4
248506.0,2367605,python,[JIT],0x0000f211a0e84594
248506.0,2367605,python,[JIT],0x0000f211a0e84964
248505.0,2367570,python,[JIT],0x0000fcb51d6093b0
248505.0,2367438,python,[JIT],0x0000e9fe92b1402c
248505.0,2367438,python,[JIT],0x0000e9fe92b186d4
248505.0,2367438,python,[JIT],0x0000e9fe92b44860
248505.0,2367465,python,[JIT],0x0000f33d98baea1c
248505.0,2367570,python,[JIT],0x0000fcb51d5db1e0
248505.0,2367605,python,[JIT],0x0000f211a0e5a538
248505.0,2367712,python,[JIT],0x0000f6832f638034
248504.0,2367676,python,[JIT],0x0000ee7d081b7ab8
248504.0,2367570,python,[JIT],0x0000fcb51d5dfb74
248504.0,2367500,python,[JIT],0x0000e8c0803056bc
248504.0,2367500,python,[JIT],0x0000e8c08032f470
248504.0,2367438,python,[JIT],0x0000e9fe92b1a190
248504.0,2367438,python,[JIT],0x0000e9fe92b1a1b8
248504.0,2367438,python,[JIT],0x0000e9fe92b4497c
248504.0,2367465,python,[JIT],0x0000f33d98b8402c
248504.0,2367465,python,[JIT],0x0000f33d98b84dd8
248504.0,2367605,python,[JIT],0x0000f211a0e5a644
248504.0,2367605,python,[JIT],0x0000f211a0e849dc
248504.0,2367500,python,[JIT],0x0000e8c080301194
248504.0,2367712,python,python,_PyObject_Malloc
248504.0,2367605,python,[JIT],0x0000f211a0e580d0
248504.0,2367605,python,[JIT],0x0000f211a0e5a8fc
248504.0,2367605,python,[JIT],0x0000f211a0e5acc8
248504.0,2367605,python,[JIT],0x0000f211a0e84368
248504.0,2367605,python,[JIT],0x0000f211a0e84504
248504.0,2367676,python,python,emit__START_EXECUTOR_r00
248504.0,2367676,python,[JIT],0x0000ee7d081b7868
248504.0,2367676,python,[JIT],0x0000ee7d081e11fc
248503.0,2367570,python,[JIT],0x0000fcb51d5df83c
248503.0,2367570,python,[JIT],0x0000fcb51d5dfddc
248503.0,2367570,python,[JIT],0x0000fcb51d609c5c
248503.0,2367500,python,[JIT],0x0000e8c080305828
248503.0,2367438,python,[JIT],0x0000e9fe92b430e8
248503.0,2367465,python,[JIT],0x0000f33d98ade164
248503.0,2367570,python,[JIT],0x0000fcb51d5dd160
248503.0,2367570,python,[JIT],0x0000fcb51d5dfabc
248503.0,2367605,python,[JIT],0x0000f211a0e5a964
248503.0,2367605,python,[JIT],0x0000f211a0e8491c
248503.0,2367712,python,[JIT],0x0000f6832f60e140
248503.0,2367605,python,[JIT],0x0000f211a0e53a80
248502.0,2367676,python,[JIT],0x0000ee7d081b71d8
248502.0,2367570,python,[JIT],0x0000fcb51d5df168
248502.0,2367570,python,[JIT],0x0000fcb51d5dfcb8
248502.0,2367465,python,[JIT],0x0000f33d98adc56c
248502.0,2367465,python,[JIT],0x0000f33d98bae000
248502.0,2367465,python,[JIT],0x0000f33d98baea00
248502.0,2367570,python,[JIT],0x0000fcb51d5df8e0
248502.0,2367605,python,[JIT],0x0000f211a0e5a8dc
248502.0,2367605,python,[JIT],0x0000f211a0e5a8e4
248502.0,2367605,python,[JIT],0x0000f211a0e842d0
248502.0,2367605,python,[JIT],0x0000f211a0e849a0
248502.0,2367500,python,[JIT],0x0000e8c08032f884
248502.0,2367605,python,[JIT],0x0000f211a0e84990
248501.0,2367570,python,[JIT],0x0000fcb51d5df8e4
248501.0,2367570,python,[JIT],0x0000fcb51d60905c
248501.0,2367500,python,[JIT],0x0000e8c08032f190
248501.0,2367465,python,[JIT],0x0000f33d98adc5b8
248501.0,2367570,python,[JIT],0x0000fcb51d5df02c
248501.0,2367500,python,[JIT],0x0000e8c08025f130
248501.0,2367500,python,[JIT],0x0000e8c0803010d0
248501.0,2367500,python,[JIT],0x0000e8c080305a18
248501.0,2367605,python,[JIT],0x0000f211a0e5acd8
248501.0,2367605,python,[JIT],0x0000f211a0e8446c
248501.0,2367465,python,[JIT],0x0000f33d98bae094
248501.0,2367465,python,[JIT],0x0000f33d98baf2f4
248500.0,2367570,python,[JIT],0x0000fcb51d609ba4
248500.0,2367500,python,[JIT],0x0000e8c080305978
248500.0,2367465,python,[JIT],0x0000f33d98b8489c
248500.0,2367465,python,[JIT],0x0000f33d98b84aa0
248500.0,2367570,python,[JIT],0x0000fcb51d5d824c
248500.0,2367605,python,[JIT],0x0000f211a0e5ace4
248500.0,2367500,python,[JIT],0x0000e8c08032fd94
248500.0,2367712,python,python,_PyType_AllocNoTrack
248500.0,2367712,python,[JIT],0x0000f6832f60e314
248500.0,2367605,python,[JIT],0x0000f211a0e516b4
248500.0,2367605,python,[JIT],0x0000f211a0e58078
248500.0,2367605,python,[JIT],0x0000f211a0e5a0d8
248500.0,2367605,python,[JIT],0x0000f211a0e848d4
248500.0,2367676,python,python,_PyForIter_VirtualIteratorNext
248499.0,2367570,python,[JIT],0x0000fcb51d5df63c
248499.0,2367570,python,[JIT],0x0000fcb51d60a304
248499.0,2367500,python,[JIT],0x0000e8c080305168
248499.0,2367438,python,[JIT],0x0000e9fe92b1602c
248499.0,2367438,python,[JIT],0x0000e9fe92b44aa0
248499.0,2367465,python,[JIT],0x0000f33d98b8302c
248499.0,2367570,python,[JIT],0x0000fcb51d609a94
248499.0,2367712,python,[JIT],0x0000f6832f60e770
248499.0,2367712,python,[JIT],0x0000f6832f60e810
248499.0,2367605,python,[JIT],0x0000f211a0e551e4
248499.0,2367676,python,[JIT],0x0000ee7d081e0040
248499.0,2367676,python,[JIT],0x0000ee7d081e13cc
248499.0,2367676,python,[JIT],0x0000ee7d081e1a18
248498.0,2367676,python,[JIT],0x0000ee7d081b7410
248498.0,2367676,python,[JIT],0x0000ee7d081b785c
248498.0,2367570,python,[JIT],0x0000fcb51d609300
248498.0,2367570,python,[JIT],0x0000fcb51d60935c
248498.0,2367438,python,[JIT],0x0000e9fe92b1a890
248498.0,2367570,python,[JIT],0x0000fcb51d609648
248498.0,2367570,python,[JIT],0x0000fcb51d609afc
248498.0,2367500,python,[JIT],0x0000e8c08025dd30
248498.0,2367500,python,[JIT],0x0000e8c08032f8ec
248498.0,2367712,python,[JIT],0x0000f6832f637158
248498.0,2367605,python,[JIT],0x0000f211a0e581a0
248498.0,2367605,python,[JIT],0x0000f211a0e5a574
248498.0,2367465,python,[JIT],0x0000f33d98bae338
248498.0,2367676,python,[JIT],0x0000ee7d081e008c
248497.0,2367676,python,[JIT],0x0000ee7d0810e3d8
248497.0,2367570,python,[JIT],0x0000fcb51d6099dc
248497.0,2367500,python,[JIT],0x0000e8c08030581c
248497.0,2367465,python,[JIT],0x0000f33d98b83008
248497.0,2367465,python,[JIT],0x0000f33d98bae3ac
248497.0,2367570,python,[JIT],0x0000fcb51d5db040
248497.0,2367570,python,[JIT],0x0000fcb51d5dd3ec
248497.0,2367605,python,[JIT],0x0000f211a0e5a488
248497.0,2367605,python,[JIT],0x0000f211a0e5a8a0
248497.0,2367500,python,[JIT],0x0000e8c0803030cc
248497.0,2367465,python,python,list_dealloc
248497.0,2367465,python,[JIT],0x0000f33d98b84844
248497.0,2367465,python,[JIT],0x0000f33d98bae190
248497.0,2367676,python,[JIT],0x0000ee7d081b7224
248497.0,2367676,python,[JIT],0x0000ee7d081e1288
248496.0,2367676,python,[JIT],0x0000ee7d081b5814
248496.0,2367570,python,[JIT],0x0000fcb51d60954c
248496.0,2367465,python,[kernel.kallsyms],_find_next_bit
248496.0,2367465,python,[JIT],0x0000f33d98b84b0c
248496.0,2367465,python,[JIT],0x0000f33d98baf300
248496.0,2367605,python,[JIT],0x0000f211a0e5a064
248496.0,2367605,python,[JIT],0x0000f211a0e8415c
248496.0,2367605,python,[JIT],0x0000f211a0e84aa8
248496.0,2367500,python,[JIT],0x0000e8c08030393c
248496.0,2367712,python,[JIT],0x0000f6832f60e554
248496.0,2367712,python,[JIT],0x0000f6832f63725c
248496.0,2367712,python,[JIT],0x0000f6832f6383f4
248496.0,2367605,python,[JIT],0x0000f211a0e51efc
248496.0,2367605,python,[JIT],0x0000f211a0e5a638
248496.0,2367676,python,[JIT],0x0000ee7d081b7c14
248495.0,2367676,python,[JIT],0x0000ee7d0810e528
248495.0,2367676,python,[JIT],0x0000ee7d081b7aa8
248495.0,2367570,python,[JIT],0x0000fcb51d5dfad0
248495.0,2367438,python,[JIT],0x0000e9fe92b1a990
248495.0,2367438,python,[JIT],0x0000e9fe92b44a40
248495.0,2367438,python,[JIT],0x0000e9fe92b44eb8
248495.0,2367465,python,[JIT],0x0000f33d98adb98c
248495.0,2367465,python,[JIT],0x0000f33d98b82904
248495.0,2367570,python,[JIT],0x0000fcb51d5df258
248495.0,2367605,python,[JIT],0x0000f211a0e5a218
248495.0,2367605,python,[JIT],0x0000f211a0e5a2fc
248495.0,2367605,python,[JIT],0x0000f211a0e5abbc
248495.0,2367605,python,[JIT],0x0000f211a0e84300
248495.0,2367500,python,[JIT],0x0000e8c080303170
248495.0,2367500,python,[JIT],0x0000e8c08032f8a4
248495.0,2367465,python,[JIT],0x0000f33d98bad0b0
248495.0,2367465,python,[JIT],0x0000f33d98bae034
248495.0,2367676,python,[JIT],0x0000ee7d081e150c
248494.0,2367676,python,[kernel.kallsyms],_raw_spin_unlock_irqrestore
248494.0,2367676,python,[JIT],0x0000ee7d081b7a14
248494.0,2367570,python,[JIT],0x0000fcb51d608268
248494.0,2367570,python,[JIT],0x0000fcb51d609558
248494.0,2367500,python,[JIT],0x0000e8c0803058c0
248494.0,2367500,python,[JIT],0x0000e8c080305a18
248494.0,2367438,python,[JIT],0x0000e9fe92b17050
248494.0,2367465,python,[JIT],0x0000f33d98b822a4
248494.0,2367570,python,[JIT],0x0000fcb51d5de090
248494.0,2367570,python,[JIT],0x0000fcb51d6092b4
248494.0,2367712,python,[JIT],0x0000f6832f60ead0
248494.0,2367712,python,[JIT],0x0000f6832f638c20
248494.0,2367605,python,[JIT],0x0000f211a0e5a80c
248493.0,2367676,python,python,PyObject_Malloc
248493.0,2367676,python,[JIT],0x0000ee7d081b6100
248493.0,2367500,python,[JIT],0x0000e8c08032f50c
248493.0,2367438,python,libc.so.6,read
248493.0,2367438,python,[JIT],0x0000e9fe92b123fc
248493.0,2367438,python,[JIT],0x0000e9fe92b180c8
248493.0,2367465,python,[JIT],0x0000f33d98bae8c4
248493.0,2367465,python,[JIT],0x0000f33d98bae948
248493.0,2367570,python,[JIT],0x0000fcb51d5df368
248493.0,2367570,python,[JIT],0x0000fcb51d5df400
248493.0,2367570,python,[JIT],0x0000fcb51d5df88c
248493.0,2367605,python,[JIT],0x0000f211a0e5ac54
248493.0,2367605,python,[JIT],0x0000f211a0e84348
248493.0,2367500,python,libc.so.6,_int_malloc
248493.0,2367500,python,[JIT],0x0000e8c08025dd2c
248493.0,2367712,python,[JIT],0x0000f6832f60e254
248493.0,2367712,python,[JIT],0x0000f6832f60ed04
248493.0,2367605,python,[JIT],0x0000f211a0e58f48
248492.0,2367676,python,[JIT],0x0000ee7d0810c82c
248492.0,2367676,python,[JIT],0x0000ee7d081b7b0c
248492.0,2367570,python,[JIT],0x0000fcb51d6092d0
248492.0,2367500,python,[JIT],0x0000e8c08030549c
248492.0,2367500,python,[JIT],0x0000e8c08032f2d0
248492.0,2367438,python,[JIT],0x0000e9fe92b1a980
248492.0,2367570,python,[JIT],0x0000fcb51d5da064
248492.0,2367570,python,[JIT],0x0000fcb51d5df000
248492.0,2367605,python,[JIT],0x0000f211a0e840e4
248492.0,2367605,python,[JIT],0x0000f211a0e84158
248492.0,2367500,python,[JIT],0x0000e8c08032fa50
248492.0,2367712,python,[JIT],0x0000f6832f638190
248492.0,2367712,python,[JIT],0x0000f6832f63835c
248492.0,2367605,python,[JIT],0x0000f211a0e532d0
248491.0,2367570,python,python,_PyJIT_Compile
248491.0,2367500,python,[JIT],0x0000e8c080305378
248491.0,2367500,python,[JIT],0x0000e8c0803059f0
248491.0,2367500,python,[JIT],0x0000e8c080305aac
248491.0,2367438,python,[JIT],0x0000e9fe92b1a460
248491.0,2367438,python,[JIT],0x0000e9fe92b1a8d8
248491.0,2367438,python,[JIT],0x0000e9fe92b444ec
248491.0,2367465,python,[JIT],0x0000f33d98ade0e4
248491.0,2367570,python,[JIT],0x0000fcb51d609418
248491.0,2367570,python,[JIT],0x0000fcb51d609988
248491.0,2367605,python,[JIT],0x0000f211a0e5a2a0
248491.0,2367605,python,[JIT],0x0000f211a0e8489c
248491.0,2367712,python,[JIT],0x0000f6832f638348
248490.0,2367676,python,[JIT],0x0000ee7d081b5728
248490.0,2367570,python,python,_Py_uop_analyze_and_optimize
248490.0,2367500,python,[JIT],0x0000e8c0803058ac
248490.0,2367500,python,[JIT],0x0000e8c0803059e4
248490.0,2367438,python,[JIT],0x0000e9fe92b121c8
248490.0,2367465,python,python,_PyList_AppendTakeRefListResize
248490.0,2367465,python,[JIT],0x0000f33d98bae4ac
248490.0,2367465,python,[JIT],0x0000f33d98baea40
248490.0,2367570,python,[JIT],0x0000fcb51d5dd5f0
248490.0,2367570,python,[JIT],0x0000fcb51d60a3c4
248490.0,2367605,python,[JIT],0x0000f211a0e5a928
248490.0,2367605,python,[JIT],0x0000f211a0e84868
248490.0,2367500,python,[JIT],0x0000e8c08025dad4
248490.0,2367712,python,[JIT],0x0000f6832f60e4dc
248490.0,2367712,python,[JIT],0x0000f6832f60e508
248490.0,2367605,python,python,_Py_CallBuiltinClass_StackRef
248490.0,2367465,python,python,_PyObject_Malloc
248490.0,2367465,python,[JIT],0x0000f33d98bae968
248489.0,2367500,python,[JIT],0x0000e8c080305514
248489.0,2367465,python,[JIT],0x0000f33d98adc688
248489.0,2367465,python,[JIT],0x0000f33d98adcb58
248489.0,2367605,python,[JIT],0x0000f211a0e5a63c
248489.0,2367605,python,[JIT],0x0000f211a0e5aab8
248489.0,2367605,python,[JIT],0x0000f211a0e5ab60
248489.0,2367500,python,[JIT],0x0000e8c08032f1f0
248489.0,2367712,python,[JIT],0x0000f6832f638be4
248489.0,2367465,python,[JIT],0x0000f33d98bae9c0
248489.0,2367465,python,[JIT],0x0000f33d98baebf4
248489.0,2367676,python,[JIT],0x0000ee7d081e117c
248488.0,2367438,python,[JIT],0x0000e9fe92b4458c
248487.0,2367438,python,[JIT],0x0000e9fe92b1a984
248487.0,2367465,python,[JIT],0x0000f33d98ade0e8
248487.0,2367570,python,[JIT],0x0000fcb51d5d63c8
248487.0,2367605,python,[JIT],0x0000f211a0e5a418
248487.0,2367605,python,[JIT],0x0000f211a0e848f8
248487.0,2367500,python,[JIT],0x0000e8c08032f5b0
248487.0,2367712,python,[JIT],0x0000f6832f60ebbc
248487.0,2367605,python,[kernel.kallsyms],rseq_update_cpu_node_id
248487.0,2367605,python,[JIT],0x0000f211a0e5a990
248487.0,2367605,python,[JIT],0x0000f211a0e5aa18
248487.0,2367465,python,[JIT],0x0000f33d98baebbc
248486.0,2367570,python,[JIT],0x0000fcb51d5df844
248486.0,2367570,python,[JIT],0x0000fcb51d5dfa90
248486.0,2367500,python,[JIT],0x0000e8c08032f540
248486.0,2367465,python,[JIT],0x0000f33d98adf1e4
248486.0,2367465,python,[JIT],0x0000f33d98b84748
248486.0,2367605,python,python,patch_aarch64_33rx
248486.0,2367605,python,[JIT],0x0000f211a0e5aafc
248486.0,2367500,python,[JIT],0x0000e8c080305068
248486.0,2367605,python,[JIT],0x0000f211a0e5a858
248486.0,2367605,python,[JIT],0x0000f211a0e5a8ac
248486.0,2367605,python,[JIT],0x0000f211a0e84a28
248486.0,2367465,python,[JIT],0x0000f33d98baea40
248486.0,2367676,python,[JIT],0x0000ee7d081b79b8
248485.0,2367570,python,[JIT],0x0000fcb51d609400
248485.0,2367438,python,[JIT],0x0000e9fe92b18f5c
248485.0,2367438,python,[JIT],0x0000e9fe92b1a824
248485.0,2367438,python,[JIT],0x0000e9fe92b449f8
248485.0,2367465,python,[JIT],0x0000f33d98b84460
248485.0,2367465,python,[JIT],0x0000f33d98b84aa8
248485.0,2367570,python,[JIT],0x0000fcb51d5df30c
248485.0,2367500,python,[JIT],0x0000e8c08025b86c
248485.0,2367465,python,python,tuple_alloc
248485.0,2367465,python,[JIT],0x0000f33d98bae988
248484.0,2367438,python,[JIT],0x0000e9fe92b19074
248484.0,2367438,python,[JIT],0x0000e9fe92b44254
248484.0,2367570,python,libc.so.6,__memset_zva64
248484.0,2367605,python,[JIT],0x0000f211a0e83178
248484.0,2367605,python,[kernel.kallsyms],_raw_spin_unlock_irqrestore
248484.0,2367605,python,[JIT],0x0000f211a0e53cbc
248484.0,2367605,python,[JIT],0x0000f211a0e58114
248484.0,2367605,python,[JIT],0x0000f211a0e5a5a4
248484.0,2367465,python,[JIT],0x0000f33d98bae288
248483.0,2367570,python,[JIT],0x0000fcb51d5df45c
248483.0,2367500,python,[JIT],0x0000e8c0803053d4
248483.0,2367570,python,libc.so.6,realloc
248483.0,2367570,python,[JIT],0x0000fcb51d5dd3cc
248483.0,2367570,python,[JIT],0x0000fcb51d6090ec
248483.0,2367500,python,[JIT],0x0000e8c08032f4b8
248483.0,2367712,python,[JIT],0x0000f6832f6382c4
248483.0,2367465,python,[JIT],0x0000f33d98baea28
248483.0,2367676,python,[JIT],0x0000ee7d081e18dc
248482.0,2367500,python,[JIT],0x0000e8c08032f8a8
248482.0,2367438,python,[JIT],0x0000e9fe92b16130
248482.0,2367438,python,[JIT],0x0000e9fe92b1a8ec
248482.0,2367465,python,[JIT],0x0000f33d98adc57c
248482.0,2367465,python,[JIT],0x0000f33d98adf0a8
248482.0,2367465,python,[JIT],0x0000f33d98b82084
248482.0,2367465,python,[JIT],0x0000f33d98b822e4
248482.0,2367465,python,[JIT],0x0000f33d98bae81c
248482.0,2367605,python,[JIT],0x0000f211a0e5a508
248482.0,2367605,python,[JIT],0x0000f211a0e84374
248482.0,2367500,python,[JIT],0x0000e8c0803056b8
248482.0,2367500,python,[JIT],0x0000e8c0803058d8
248482.0,2367500,python,[JIT],0x0000e8c0803058dc
248482.0,2367712,python,[JIT],0x0000f6832f63830c
248482.0,2367712,python,[JIT],0x0000f6832f638494
248482.0,2367465,python,[JIT],0x0000f33d98b84b18
248482.0,2367465,python,[JIT],0x0000f33d98b84b30
248482.0,2367465,python,[JIT],0x0000f33d98baeb74
248482.0,2367676,python,[JIT],0x0000ee7d081b71c8
248482.0,2367676,python,[JIT],0x0000ee7d081b78dc
248482.0,2367676,python,[JIT],0x0000ee7d081b7c7c
248482.0,2367676,python,[JIT],0x0000ee7d081e1940
248482.0,2367676,python,[JIT],0x0000ee7d081e1ac8
248481.0,2367676,python,[JIT],0x0000ee7d081b5868
248481.0,2367570,python,[JIT],0x0000fcb51d5df0c4
248481.0,2367465,python,[JIT],0x0000f33d98bae47c
248481.0,2367465,python,[JIT],0x0000f33d98baecb4
248481.0,2367570,python,[JIT],0x0000fcb51d5df2bc
248481.0,2367500,python,[JIT],0x0000e8c080303160
248481.0,2367500,python,[JIT],0x0000e8c0803052dc
248481.0,2367712,python,[JIT],0x0000f6832f60e404
248481.0,2367605,python,[JIT],0x0000f211a0e58574
248481.0,2367465,python,[JIT],0x0000f33d98bae998
248481.0,2367465,python,[JIT],0x0000f33d98baeb40
248481.0,2367676,python,[JIT],0x0000ee7d081b73a8
248480.0,2367676,python,[JIT],0x0000ee7d0810ef7c
248480.0,2367570,python,[JIT],0x0000fcb51d5df0c8
248480.0,2367605,python,[JIT],0x0000f211a0e5a96c
248480.0,2367605,python,[JIT],0x0000f211a0e8405c
248480.0,2367712,python,[JIT],0x0000f6832f6381fc
248480.0,2367605,python,[JIT],0x0000f211a0e51a2c
248479.0,2367676,python,[JIT],0x0000ee7d081e12b0
248479.0,2367570,python,[JIT],0x0000fcb51d5df978
248479.0,2367438,python,libc.so.6,__memcpy_generic
248479.0,2367438,python,[JIT],0x0000e9fe92b1a338
248479.0,2367438,python,[JIT],0x0000e9fe92b44b20
248479.0,2367465,python,[JIT],0x0000f33d98b82710
248479.0,2367500,python,[JIT],0x0000e8c08025dd64
248479.0,2367605,python,[JIT],0x0000f211a0e55104
248479.0,2367676,python,[JIT],0x0000ee7d081b73c8
248478.0,2367676,python,[JIT],0x0000ee7d081b50a4
248478.0,2367438,python,[JIT],0x0000e9fe92b1819c
248478.0,2367438,python,[JIT],0x0000e9fe92b44a18
248478.0,2367570,python,[JIT],0x0000fcb51d5dd8e8
248478.0,2367570,python,[JIT],0x0000fcb51d5dfa28
248478.0,2367500,python,[JIT],0x0000e8c080305ab4
248478.0,2367712,python,[JIT],0x0000f6832f638748
248478.0,2367712,python,[JIT],0x0000f6832f6389c8
248478.0,2367605,python,python,_textiowrapper_readline
248478.0,2367676,python,python,_Py_CallBuiltinClass_StackRef
248478.0,2367676,python,[JIT],0x0000ee7d081b70a8
248477.0,2367676,python,[JIT],0x0000ee7d081b74ec
248477.0,2367676,python,[JIT],0x0000ee7d081e1a50
248477.0,2367676,python,[JIT],0x0000ee7d081e23c4
248477.0,2367570,python,[JIT],0x0000fcb51d609380
248477.0,2367500,python,python,PyObject_GC_Del
248477.0,2367438,python,[JIT],0x0000e9fe92b1a3c4
248477.0,2367465,python,[JIT],0x0000f33d98adc8b0
248477.0,2367570,python,[JIT],0x0000fcb51d609a50
248477.0,2367500,python,[JIT],0x0000e8c08032fb20
248477.0,2367712,python,[JIT],0x0000f6832f638c14
248477.0,2367605,python,[JIT],0x0000f211a0e84854
248477.0,2367605,python,[JIT],0x0000f211a0e84db0
248477.0,2367465,python,[JIT],0x0000f33d98bae008
248477.0,2367465,python,[JIT],0x0000f33d98bae2bc
248477.0,2367465,python,[JIT],0x0000f33d98bae9fc
248477.0,2367676,python,[JIT],0x0000ee7d081e2450
248476.0,2367438,python,[JIT],0x0000e9fe92b18114
248476.0,2367438,python,[JIT],0x0000e9fe92b1a55c
248476.0,2367438,python,[JIT],0x0000e9fe92b44db0
248476.0,2367570,python,[JIT],0x0000fcb51d6099e0
248476.0,2367500,python,[JIT],0x0000e8c08032f00c
248476.0,2367712,python,[JIT],0x0000f6832f638b30
248476.0,2367465,python,[JIT],0x0000f33d98bae854
248475.0,2367676,python,python,PyType_GenericAlloc
248475.0,2367676,python,[JIT],0x0000ee7d0810e14c
248475.0,2367676,python,[JIT],0x0000ee7d081b7250
248475.0,2367570,python,python,compactlong_float_add
248475.0,2367438,python,[JIT],0x0000e9fe92b18088
248475.0,2367438,python,[JIT],0x0000e9fe92b184fc
248475.0,2367438,python,[JIT],0x0000e9fe92b1a938
248475.0,2367438,python,[JIT],0x0000e9fe92b43248
248475.0,2367570,python,[JIT],0x0000fcb51d609abc
248475.0,2367605,python,[JIT],0x0000f211a0e5a888
248475.0,2367605,python,[JIT],0x0000f211a0e5a8f0
248475.0,2367605,python,[JIT],0x0000f211a0e83194
248475.0,2367500,python,[JIT],0x0000e8c08032f99c
248475.0,2367605,python,python,PyType_GenericAlloc
248475.0,2367465,python,[JIT],0x0000f33d98bad0c0
248475.0,2367676,python,[JIT],0x0000ee7d081b703c
248474.0,2367438,python,[JIT],0x0000e9fe92b1897c
248474.0,2367438,python,[JIT],0x0000e9fe92b44cb4
248474.0,2367570,python,[JIT],0x0000fcb51d60947c
248474.0,2367605,python,[JIT],0x0000f211a0e5a0c4
248474.0,2367605,python,[JIT],0x0000f211a0e84480
248474.0,2367712,python,[JIT],0x0000f6832f638ad0
248474.0,2367605,python,[JIT],0x0000f211a0e590f4
248474.0,2367605,python,[JIT],0x0000f211a0e5a864
248474.0,2367465,python,[JIT],0x0000f33d98bae50c
248473.0,2367676,python,[JIT],0x0000ee7d0810e210
248473.0,2367500,python,[JIT],0x0000e8c08032f830
248473.0,2367500,python,[JIT],0x0000e8c080330454
248473.0,2367465,python,[JIT],0x0000f33d98bae3c4
248473.0,2367570,python,python,PyObject_Malloc
248473.0,2367570,python,[JIT],0x0000fcb51d5d87ac
248473.0,2367570,python,[JIT],0x0000fcb51d5df0e4
248473.0,2367570,python,[JIT],0x0000fcb51d5dfaf8
248473.0,2367500,python,[JIT],0x0000e8c08032f9c4
248473.0,2367500,python,[JIT],0x0000e8c080332080
248473.0,2367712,python,[JIT],0x0000f6832f60e26c
248473.0,2367465,python,[JIT],0x0000f33d98b84ca8
248472.0,2367500,python,[JIT],0x0000e8c08032f768
248472.0,2367438,python,[JIT],0x0000e9fe92b1a5a4
248472.0,2367570,python,[JIT],0x0000fcb51d5df550
248472.0,2367570,python,[JIT],0x0000fcb51d5df9dc
248472.0,2367570,python,[JIT],0x0000fcb51d6099e8
248472.0,2367712,python,[JIT],0x0000f6832f60e2d8
248472.0,2367676,python,[JIT],0x0000ee7d081b7934
248472.0,2367676,python,[JIT],0x0000ee7d081e000c
248471.0,2367676,python,[JIT],0x0000ee7d081b5d9c
248471.0,2367570,python,[JIT],0x0000fcb51d5dfa8c
248471.0,2367500,python,[JIT],0x0000e8c0803059b8
248471.0,2367438,python,[JIT],0x0000e9fe92b14724
248471.0,2367465,python,[JIT],0x0000f33d98bae554
248471.0,2367570,python,[JIT],0x0000fcb51d5dfaa8
248471.0,2367605,python,[JIT],0x0000f211a0e5aa40
248471.0,2367500,python,[JIT],0x0000e8c080303e80
248471.0,2367500,python,[JIT],0x0000e8c0803053f0
248471.0,2367712,python,[JIT],0x0000f6832f60e560
248471.0,2367676,python,[JIT],0x0000ee7d081e0234
248471.0,2367676,python,[JIT],0x0000ee7d081e23c4
248470.0,2367676,python,[JIT],0x0000ee7d081b5fdc
248470.0,2367438,python,[JIT],0x0000e9fe92b44250
248470.0,2367465,python,[JIT],0x0000f33d98b822dc
248470.0,2367570,python,[JIT],0x0000fcb51d5db174
248470.0,2367570,python,[JIT],0x0000fcb51d5dd7f8
248470.0,2367605,python,[kernel.kallsyms],perf_iterate_ctx
248470.0,2367500,python,[JIT],0x0000e8c08032f854
248470.0,2367500,python,[JIT],0x0000e8c08032fa4c
248470.0,2367712,python,[JIT],0x0000f6832f60e028
248470.0,2367465,python,[JIT],0x0000f33d98b849cc
248469.0,2367676,python,[JIT],0x0000ee7d0810eaa0
248469.0,2367500,python,[JIT],0x0000e8c0803053e4
248469.0,2367438,python,[JIT],0x0000e9fe92b1460c
248469.0,2367465,python,[JIT],0x0000f33d98bae064
248469.0,2367465,python,[JIT],0x0000f33d98bae8ec
248469.0,2367605,python,libc.so.6,_int_realloc
248469.0,2367500,python,python,long_dealloc
248469.0,2367500,python,[JIT],0x0000e8c080303ea8
248468.0,2367676,python,[JIT],0x0000ee7d0810e098
248468.0,2367570,python,python,range_iter
248468.0,2367570,python,[JIT],0x0000fcb51d5df188
248468.0,2367500,python,[JIT],0x0000e8c08032f598
248468.0,2367438,python,[JIT],0x0000e9fe92b1810c
248468.0,2367605,python,[JIT],0x0000f211a0e84bbc
248468.0,2367500,python,[JIT],0x0000e8c08032fa94
248468.0,2367712,python,[JIT],0x0000f6832f60e920
248468.0,2367676,python,[JIT],0x0000ee7d081b7afc
248467.0,2367676,python,[JIT],0x0000ee7d081b7294
248467.0,2367570,python,[JIT],0x0000fcb51d5df944
248467.0,2367570,python,[JIT],0x0000fcb51d609190
248467.0,2367438,python,[JIT],0x0000e9fe92b18934
248467.0,2367570,python,[JIT],0x0000fcb51d609414
248467.0,2367605,python,[JIT],0x0000f211a0e5a408
248467.0,2367605,python,[JIT],0x0000f211a0e5aabc
248467.0,2367500,python,[JIT],0x0000e8c08025dec4
248467.0,2367712,python,[JIT],0x0000f6832f60ea18
248467.0,2367605,python,[JIT],0x0000f211a0e53054
248467.0,2367605,python,[JIT],0x0000f211a0e583f0
248467.0,2367605,python,[JIT],0x0000f211a0e84554
248467.0,2367605,python,[JIT],0x0000f211a0e848c4
248467.0,2367465,python,[JIT],0x0000f33d98b84664
248467.0,2367465,python,[JIT],0x0000f33d98b84b00
248467.0,2367676,python,[JIT],0x0000ee7d081b7270
248467.0,2367676,python,[JIT],0x0000ee7d081e12f4
248466.0,2367570,python,[JIT],0x0000fcb51d5df340
248466.0,2367570,python,[JIT],0x0000fcb51d5df998
248466.0,2367500,python,[JIT],0x0000e8c080305d04
248466.0,2367500,python,[JIT],0x0000e8c08032e08c
248466.0,2367438,python,[JIT],0x0000e9fe92b44afc
248466.0,2367465,python,python,_PyJit_translate_single_bytecode_to_trace
248466.0,2367465,python,python,_PyObject_Realloc
248466.0,2367570,python,[JIT],0x0000fcb51d60980c
248466.0,2367605,python,[JIT],0x0000f211a0e8454c
248466.0,2367712,python,[JIT],0x0000f6832f60e0a8
248466.0,2367712,python,[JIT],0x0000f6832f60e24c
248466.0,2367712,python,[JIT],0x0000f6832f6383b0
248466.0,2367465,python,[JIT],0x0000f33d98b849d4
248466.0,2367676,python,[JIT],0x0000ee7d081e18f0
248465.0,2367676,python,[JIT],0x0000ee7d081b51ec
248465.0,2367676,python,[JIT],0x0000ee7d081e1770
248465.0,2367676,python,[JIT],0x0000ee7d081e198c
248465.0,2367570,python,[JIT],0x0000fcb51d609598
248465.0,2367500,python,[JIT],0x0000e8c080305188
248465.0,2367500,python,[JIT],0x0000e8c08032fc5c
248465.0,2367438,python,[JIT],0x0000e9fe92b186f4
248465.0,2367438,python,[JIT],0x0000e9fe92b44984
248465.0,2367465,python,[JIT],0x0000f33d98bae884
248465.0,2367605,python,[JIT],0x0000f211a0e5ab00
248465.0,2367465,python,[JIT],0x0000f33d98b8463c
248465.0,2367465,python,[JIT],0x0000f33d98bae06c
248465.0,2367676,python,python,PyObject_GC_Del
248465.0,2367676,python,[JIT],0x0000ee7d081b7808
248465.0,2367676,python,[JIT],0x0000ee7d081b7aac
248465.0,2367676,python,[JIT],0x0000ee7d081b7acc
248464.0,2367570,python,[JIT],0x0000fcb51d5df350
248464.0,2367500,python,[JIT],0x0000e8c0803058fc
248464.0,2367438,python,[JIT],0x0000e9fe92b1ab18
248464.0,2367438,python,[JIT],0x0000e9fe92b44560
248464.0,2367438,python,[JIT],0x0000e9fe92b44944
248464.0,2367465,python,[JIT],0x0000f33d98b8484c
248464.0,2367570,python,libc.so.6,__aarch64_swp8_acq
248464.0,2367570,python,[JIT],0x0000fcb51d5df390
248464.0,2367605,python,[JIT],0x0000f211a0e53804
248464.0,2367465,python,[JIT],0x0000f33d98b84474
248464.0,2367465,python,[JIT],0x0000f33d98bae080
248464.0,2367676,python,[JIT],0x0000ee7d081e1888
248463.0,2367438,python,[JIT],0x0000e9fe92b448c0
248463.0,2367570,python,[JIT],0x0000fcb51d609900
248463.0,2367605,python,[JIT],0x0000f211a0e5a290
248463.0,2367605,python,[JIT],0x0000f211a0e5aca8
248463.0,2367605,python,[JIT],0x0000f211a0e8450c
248463.0,2367605,python,[JIT],0x0000f211a0e84928
248463.0,2367605,python,python,_PyOptimizer_Optimize
248463.0,2367465,python,[JIT],0x0000f33d98bae1cc
248463.0,2367465,python,[JIT],0x0000f33d98baea98
248463.0,2367676,python,[JIT],0x0000ee7d081b7abc
248462.0,2367570,python,[JIT],0x0000fcb51d5df83c
248462.0,2367500,python,[JIT],0x0000e8c08032e1b8
248462.0,2367676,python,[kernel.kallsyms],perf_iterate_ctx
248461.0,2367676,python,[JIT],0x0000ee7d0810edec
248461.0,2367676,python,[JIT],0x0000ee7d081b7924
248461.0,2367676,python,[JIT],0x0000ee7d081e1b18
248461.0,2367500,python,[JIT],0x0000e8c08032f8cc
248461.0,2367438,python,[JIT],0x0000e9fe92b182b4
248461.0,2367465,python,[JIT],0x0000f33d98b827d8
248461.0,2367570,python,[JIT],0x0000fcb51d5da198
248461.0,2367605,python,[JIT],0x0000f211a0e5a378
248461.0,2367712,python,[JIT],0x0000f6832f60e3e4
248461.0,2367712,python,[JIT],0x0000f6832f6385a8
248461.0,2367605,python,[JIT],0x0000f211a0e53530
248460.0,2367570,python,[JIT],0x0000fcb51d5df2a0
248460.0,2367500,python,[JIT],0x0000e8c08030563c
248460.0,2367500,python,[JIT],0x0000e8c08032f564
248460.0,2367438,python,[JIT],0x0000e9fe92b440cc
248460.0,2367438,python,[JIT],0x0000e9fe92b449e0
248460.0,2367465,python,[JIT],0x0000f33d98b84b08
248460.0,2367465,python,[JIT],0x0000f33d98bad17c
248460.0,2367570,python,[JIT],0x0000fcb51d609544
248460.0,2367605,python,[JIT],0x0000f211a0e8417c
248460.0,2367500,python,[JIT],0x0000e8c0803031fc
248460.0,2367500,python,[JIT],0x0000e8c08032f4e4
248460.0,2367712,python,python,_Py_uop_analyze_and_optimize
248460.0,2367712,python,[JIT],0x0000f6832f638974
248460.0,2367605,python,[JIT],0x0000f211a0e5802c
248460.0,2367605,python,[JIT],0x0000f211a0e58d28
248459.0,2367570,python,[JIT],0x0000fcb51d5df9e4
248459.0,2367500,python,[JIT],0x0000e8c08032f1fc
248459.0,2367500,python,[JIT],0x0000e8c08032f4b4
248459.0,2367500,python,[JIT],0x0000e8c08032f8fc
248459.0,2367438,python,[JIT],0x0000e9fe92b44894
248459.0,2367570,python,[JIT],0x0000fcb51d5db0a8
248459.0,2367570,python,[JIT],0x0000fcb51d5df4ec
248459.0,2367570,python,[JIT],0x0000fcb51d609504
248459.0,2367712,python,[JIT],0x0000f6832f60e360
248459.0,2367712,python,[JIT],0x0000f6832f6382bc
248459.0,2367605,python,[JIT],0x0000f211a0e535bc
248459.0,2367605,python,[JIT],0x0000f211a0e58788
248458.0,2367676,python,[JIT],0x0000ee7d081b5c3c
248458.0,2367676,python,[JIT],0x0000ee7d081e11f4
248458.0,2367570,python,[JIT],0x0000fcb51d609c34
248458.0,2367500,python,[JIT],0x0000e8c080305308
248458.0,2367438,python,[JIT],0x0000e9fe92b19a38
248458.0,2367438,python,[JIT],0x0000e9fe92b444fc
248458.0,2367605,python,[JIT],0x0000f211a0e5aaa4
248458.0,2367500,python,[JIT],0x0000e8c080305aa0
248458.0,2367605,python,[JIT],0x0000f211a0e84ec4
248457.0,2367676,python,[JIT],0x0000ee7d0810c454
248457.0,2367570,python,[JIT],0x0000fcb51d5df224
248457.0,2367570,python,[JIT],0x0000fcb51d60989c
248457.0,2367570,python,[JIT],0x0000fcb51d609b1c
248457.0,2367438,python,[JIT],0x0000e9fe92b1a930
248457.0,2367465,python,[JIT],0x0000f33d98b820cc
248457.0,2367465,python,[JIT],0x0000f33d98b820dc
248457.0,2367465,python,[JIT],0x0000f33d98bae938
248457.0,2367605,python,[JIT],0x0000f211a0e8484c
248457.0,2367712,python,[JIT],0x0000f6832f60e3d4
248457.0,2367712,python,[JIT],0x0000f6832f60e8d0
248457.0,2367712,python,[JIT],0x0000f6832f638b10
248457.0,2367605,python,[JIT],0x0000f211a0e590d0
248456.0,2367676,python,[JIT],0x0000ee7d0810c44c
248456.0,2367570,python,[JIT],0x0000fcb51d6098ec
248456.0,2367438,python,[JIT],0x0000e9fe92b18d70
248456.0,2367438,python,[JIT],0x0000e9fe92b44864
248456.0,2367570,python,[JIT],0x0000fcb51d5de048
248456.0,2367570,python,[JIT],0x0000fcb51d6098d8
248456.0,2367500,python,[JIT],0x0000e8c080303988
248456.0,2367500,python,[JIT],0x0000e8c08032f3f8
248456.0,2367712,python,[JIT],0x0000f6832f60e55c
248456.0,2367465,python,[JIT],0x0000f33d98b84858
248455.0,2367500,python,[JIT],0x0000e8c080303278
248455.0,2367500,python,[JIT],0x0000e8c0803058a8
248455.0,2367500,python,[JIT],0x0000e8c08032f55c
248455.0,2367712,python,[JIT],0x0000f6832f60eb10
248455.0,2367605,python,[kernel.kallsyms],perf_iterate_ctx
248455.0,2367605,python,[JIT],0x0000f211a0e84814
248454.0,2367676,python,[JIT],0x0000ee7d081b7b18
248454.0,2367570,python,[JIT],0x0000fcb51d5df920
248454.0,2367500,python,[JIT],0x0000e8c080305c54
248454.0,2367500,python,[JIT],0x0000e8c08032fac0
248454.0,2367465,python,[JIT],0x0000f33d98bae9c4
248454.0,2367500,python,[JIT],0x0000e8c08032fabc
248453.0,2367500,python,[JIT],0x0000e8c080305350
248453.0,2367500,python,[JIT],0x0000e8c080305650
248453.0,2367712,python,[JIT],0x0000f6832f6382e0
248453.0,2367605,python,[JIT],0x0000f211a0e580cc
248453.0,2367605,python,[JIT],0x0000f211a0e58110
248453.0,2367605,python,[JIT],0x0000f211a0e5a3e8
248453.0,2367676,python,[JIT],0x0000ee7d081e1990
248453.0,2367676,python,[JIT],0x0000ee7d081e23c0
248452.0,2367676,python,[JIT],0x0000ee7d081e19f8
248452.0,2367570,python,[JIT],0x0000fcb51d5dfa44
248452.0,2367500,python,[JIT],0x0000e8c080305408
248452.0,2367500,python,[JIT],0x0000e8c080305754
248452.0,2367438,python,[JIT],0x0000e9fe92b141f0
248452.0,2367438,python,[JIT],0x0000e9fe92b44a48
248452.0,2367465,python,[JIT],0x0000f33d98b849dc
248452.0,2367570,python,[JIT],0x0000fcb51d5df14c
248452.0,2367605,python,[JIT],0x0000f211a0e5a3f8
248452.0,2367500,python,python,_PyEvalFramePushAndInit
248452.0,2367500,python,[JIT],0x0000e8c08032f1a0
248452.0,2367605,python,[JIT],0x0000f211a0e84eb8
248452.0,2367465,python,[JIT],0x0000f33d98baeec0
248452.0,2367676,python,[JIT],0x0000ee7d081b7398
248451.0,2367676,python,python,compactlong_float_guard
248451.0,2367676,python,[JIT],0x0000ee7d081e1418
248451.0,2367500,python,[JIT],0x0000e8c08032f900
248451.0,2367438,python,libc.so.6,_int_free
248451.0,2367465,python,[JIT],0x0000f33d98adf174
248451.0,2367570,python,[JIT],0x0000fcb51d6099d8
248451.0,2367605,python,[JIT],0x0000f211a0e84394
248451.0,2367605,python,[JIT],0x0000f211a0e849c4
248451.0,2367500,python,[JIT],0x0000e8c08032f2b0
248451.0,2367712,python,[JIT],0x0000f6832f6388cc
248451.0,2367605,python,[JIT],0x0000f211a0e5176c
248450.0,2367570,python,[JIT],0x0000fcb51d609650
248450.0,2367438,python,[JIT],0x0000e9fe92b1a884
248450.0,2367465,python,python,_PyTuple_FromPairSteal
248450.0,2367465,python,[JIT],0x0000f33d98b84640
248450.0,2367605,python,python,compactlong_float_guard
248450.0,2367605,python,[JIT],0x0000f211a0e84448
248450.0,2367676,python,[JIT],0x0000ee7d081b749c
248450.0,2367676,python,[JIT],0x0000ee7d081e1080
248450.0,2367676,python,[JIT],0x0000ee7d081e1bf4
248449.0,2367438,python,[JIT],0x0000e9fe92b448a0
248449.0,2367465,python,[JIT],0x0000f33d98b844b4
248449.0,2367500,python,[JIT],0x0000e8c080305548
248449.0,2367605,python,[JIT],0x0000f211a0e5aaa8
248449.0,2367676,python,[JIT],0x0000ee7d081e1380
248448.0,2367438,python,[JIT],0x0000e9fe92b12fd0
248448.0,2367438,python,[JIT],0x0000e9fe92b44a4c
248448.0,2367438,python,[JIT],0x0000e9fe92b44a50
248448.0,2367465,python,[JIT],0x0000f33d98b848cc
248448.0,2367570,python,[JIT],0x0000fcb51d60986c
248448.0,2367605,python,[JIT],0x0000f211a0e83054
248448.0,2367500,python,[JIT],0x0000e8c08032fa9c
248448.0,2367712,python,[JIT],0x0000f6832f60e858
248448.0,2367605,python,[JIT],0x0000f211a0e534b0
248448.0,2367465,python,[JIT],0x0000f33d98b849c4
248448.0,2367465,python,[JIT],0x0000f33d98baeb60
248448.0,2367676,python,[JIT],0x0000ee7d081b7bbc
248447.0,2367500,python,[JIT],0x0000e8c08032f99c
248447.0,2367465,python,[JIT],0x0000f33d98bae8e4
248447.0,2367570,python,[JIT],0x0000fcb51d5dd7c4
248447.0,2367605,python,[JIT],0x0000f211a0e5a4e4
248447.0,2367605,python,[JIT],0x0000f211a0e5ab20
248447.0,2367500,python,[JIT],0x0000e8c080305440
248447.0,2367500,python,[JIT],0x0000e8c08032f448
248447.0,2367605,python,[JIT],0x0000f211a0e5830c
248447.0,2367676,python,[JIT],0x0000ee7d081e0064
248446.0,2367570,python,python,PyObject_Malloc
248446.0,2367438,python,[JIT],0x0000e9fe92b18840
248446.0,2367438,python,[JIT],0x0000e9fe92b43254
248446.0,2367465,python,[JIT],0x0000f33d98b843fc
248446.0,2367605,python,[JIT],0x0000f211a0e5a86c
248446.0,2367605,python,[JIT],0x0000f211a0e84b80
248446.0,2367500,python,[JIT],0x0000e8c08030317c
248446.0,2367500,python,[JIT],0x0000e8c08032f378
248446.0,2367712,python,[JIT],0x0000f6832f60e1f4
248446.0,2367676,python,[JIT],0x0000ee7d081b73e4
248445.0,2367570,python,[JIT],0x0000fcb51d5dd084
248445.0,2367570,python,[JIT],0x0000fcb51d6095ac
248445.0,2367500,python,[JIT],0x0000e8c08032f75c
248445.0,2367712,python,[JIT],0x0000f6832f6380c8
248445.0,2367712,python,[JIT],0x0000f6832f638824
248445.0,2367712,python,[JIT],0x0000f6832f638bbc
248445.0,2367712,python,[JIT],0x0000f6832f6393c4
248445.0,2367605,python,[JIT],0x0000f211a0e537dc
248445.0,2367605,python,[JIT],0x0000f211a0e84294
248445.0,2367676,python,python,_PyJIT_Entry
248445.0,2367676,python,[JIT],0x0000ee7d081b7ab0
248445.0,2367676,python,[JIT],0x0000ee7d081e1598
248444.0,2367676,python,[JIT],0x0000ee7d081b7274
248444.0,2367676,python,[JIT],0x0000ee7d081b7854
248444.0,2367570,python,[JIT],0x0000fcb51d5df770
248444.0,2367570,python,[JIT],0x0000fcb51d609330
248444.0,2367500,python,[JIT],0x0000e8c080305b08
248444.0,2367438,python,[JIT],0x0000e9fe92b18cc8
248444.0,2367438,python,[JIT],0x0000e9fe92b1a5a8
248444.0,2367465,python,[JIT],0x0000f33d98b82318
248444.0,2367605,python,[JIT],0x0000f211a0e841c0
248444.0,2367500,python,[JIT],0x0000e8c08025f120
248444.0,2367500,python,[JIT],0x0000e8c0803053d8
248444.0,2367712,python,[JIT],0x0000f6832f60e538
248444.0,2367712,python,[JIT],0x0000f6832f638598
248444.0,2367605,python,[JIT],0x0000f211a0e587ec
248444.0,2367465,python,[JIT],0x0000f33d98b845b0
248444.0,2367676,python,[JIT],0x0000ee7d081b7028
248443.0,2367570,python,[JIT],0x0000fcb51d5df904
248443.0,2367438,python,[JIT],0x0000e9fe92b4499c
248443.0,2367465,python,[JIT],0x0000f33d98bad1c4
248443.0,2367465,python,[JIT],0x0000f33d98bae844
248443.0,2367500,python,[JIT],0x0000e8c08032f978
248443.0,2367712,python,[JIT],0x0000f6832f60e2e8
248443.0,2367605,python,[JIT],0x0000f211a0e84a1c
248442.0,2367676,python,[JIT],0x0000ee7d081b750c
248442.0,2367570,python,[JIT],0x0000fcb51d60906c
248442.0,2367500,python,[JIT],0x0000e8c08032f2e0
248442.0,2367438,python,[JIT],0x0000e9fe92b199a4
248442.0,2367605,python,[JIT],0x0000f211a0e5a0a8
248442.0,2367500,python,[JIT],0x0000e8c080303258
248442.0,2367712,python,python,PyList_New.constprop.0
248442.0,2367605,python,[JIT],0x0000f211a0e535e4
248442.0,2367605,python,[JIT],0x0000f211a0e5a178
248441.0,2367676,python,[JIT],0x0000ee7d081e1dd0
248441.0,2367570,python,[JIT],0x0000fcb51d5df8f0
248441.0,2367500,python,[JIT],0x0000e8c08032fb10
248441.0,2367438,python,[JIT],0x0000e9fe92b1a4c0
248441.0,2367465,python,[JIT],0x0000f33d98baf444
248441.0,2367570,python,[JIT],0x0000fcb51d5df4dc
248441.0,2367712,python,[JIT],0x0000f6832f60ea90
248441.0,2367465,python,[JIT],0x0000f33d98bad00c
248441.0,2367676,python,[JIT],0x0000ee7d081e13f0
248440.0,2367676,python,[JIT],0x0000ee7d081b2050
248440.0,2367676,python,[JIT],0x0000ee7d081b79fc
248440.0,2367570,python,[JIT],0x0000fcb51d5dfc70
248440.0,2367500,python,[JIT],0x0000e8c080306270
248440.0,2367500,python,[JIT],0x0000e8c08032f2bc
248440.0,2367438,python,[JIT],0x0000e9fe92b14b50
248440.0,2367438,python,[JIT],0x0000e9fe92b186c4
248440.0,2367438,python,[JIT],0x0000e9fe92b18930
248440.0,2367570,python,[JIT],0x0000fcb51d5dd168
248440.0,2367500,python,[JIT],0x0000e8c08032f088
248440.0,2367712,python,[JIT],0x0000f6832f60e460
248440.0,2367712,python,[JIT],0x0000f6832f60e4f0
248440.0,2367712,python,[JIT],0x0000f6832f60e6b4
248440.0,2367465,python,[JIT],0x0000f33d98b84514
248440.0,2367465,python,[JIT],0x0000f33d98bae83c
248439.0,2367570,python,[JIT],0x0000fcb51d6090d8
248439.0,2367570,python,[JIT],0x0000fcb51d609338
248439.0,2367500,python,[JIT],0x0000e8c08032fb74
248439.0,2367438,python,[JIT],0x0000e9fe92b18d6c
248439.0,2367438,python,[JIT],0x0000e9fe92b18fcc
248439.0,2367570,python,[JIT],0x0000fcb51d5dd080
248439.0,2367500,python,[JIT],0x0000e8c0803059dc
248439.0,2367712,python,[JIT],0x0000f6832f60e9dc
248439.0,2367605,python,[JIT],0x0000f211a0e58068
248439.0,2367605,python,[JIT],0x0000f211a0e58ef4
248439.0,2367465,python,[JIT],0x0000f33d98baea84
248439.0,2367676,python,[JIT],0x0000ee7d081e194c
248438.0,2367500,python,[JIT],0x0000e8c080305830
248438.0,2367500,python,[JIT],0x0000e8c08032e0cc
248438.0,2367500,python,[JIT],0x0000e8c08032e244
248438.0,2367570,python,[JIT],0x0000fcb51d60996c
248438.0,2367500,python,[JIT],0x0000e8c080303e90
248438.0,2367712,python,[JIT],0x0000f6832f63708c
248438.0,2367465,python,[JIT],0x0000f33d98bae2d0
248438.0,2367465,python,[JIT],0x0000f33d98bae4ac
248437.0,2367570,python,[JIT],0x0000fcb51d5df2b0
248437.0,2367500,python,[JIT],0x0000e8c08032f558
248437.0,2367605,python,[JIT],0x0000f211a0e5a438
248437.0,2367605,python,[JIT],0x0000f211a0e84ac0
248437.0,2367500,python,[JIT],0x0000e8c080305570
248437.0,2367500,python,[JIT],0x0000e8c08032f0ec
248437.0,2367605,python,[JIT],0x0000f211a0e56120
248437.0,2367605,python,[JIT],0x0000f211a0e849e0
248437.0,2367676,python,[JIT],0x0000ee7d081b725c
248436.0,2367570,python,[JIT],0x0000fcb51d5df4d4
248436.0,2367438,python,[JIT],0x0000e9fe92b1806c
248436.0,2367500,python,[JIT],0x0000e8c08025b3f4
248436.0,2367500,python,[JIT],0x0000e8c08032f314
248436.0,2367712,python,[JIT],0x0000f6832f60e980
248436.0,2367465,python,[JIT],0x0000f33d98b846ac
248436.0,2367676,python,[JIT],0x0000ee7d081b7064
248436.0,2367676,python,[JIT],0x0000ee7d081b7904
248435.0,2367676,python,[JIT],0x0000ee7d081e14e4
248435.0,2367500,python,[JIT],0x0000e8c0803059d4
248435.0,2367500,python,[JIT],0x0000e8c08032f8f4
248435.0,2367465,python,python,_PyForIter_VirtualIteratorNext
248435.0,2367465,python,[JIT],0x0000f33d98b846bc
248435.0,2367500,python,python,_PyMem_RawMalloc
248435.0,2367465,python,[JIT],0x0000f33d98bae1dc
248434.0,2367676,python,[JIT],0x0000ee7d081b540c
248434.0,2367570,python,python,PyObject_Free
248434.0,2367570,python,[JIT],0x0000fcb51d609aa4
248434.0,2367438,python,[JIT],0x0000e9fe92b1a1dc
248434.0,2367438,python,[JIT],0x0000e9fe92b1a3cc
248434.0,2367438,python,[JIT],0x0000e9fe92b1a9ac
248434.0,2367605,python,[JIT],0x0000f211a0e83040
248434.0,2367712,python,[JIT],0x0000f6832f60e8f0
248434.0,2367712,python,[JIT],0x0000f6832f63821c
248434.0,2367465,python,[JIT],0x0000f33d98bae8d8
248433.0,2367676,python,[JIT],0x0000ee7d081e12d8
248433.0,2367500,python,[JIT],0x0000e8c08030559c
248433.0,2367438,python,[JIT],0x0000e9fe92b1aa14
248433.0,2367605,python,[JIT],0x0000f211a0e5a59c
248433.0,2367500,python,[JIT],0x0000e8c080305540
248433.0,2367712,python,[JIT],0x0000f6832f60e86c
248433.0,2367605,python,[JIT],0x0000f211a0e84aa8
248433.0,2367676,python,[JIT],0x0000ee7d081e1470
248432.0,2367676,python,[JIT],0x0000ee7d081b7830
248432.0,2367570,python,[JIT],0x0000fcb51d6090a8
248432.0,2367465,python,libc.so.6,__memset_zva64
248432.0,2367570,python,[JIT],0x0000fcb51d5dd99c
248432.0,2367570,python,[JIT],0x0000fcb51d5df32c
248432.0,2367570,python,[JIT],0x0000fcb51d5df884
248432.0,2367605,python,[JIT],0x0000f211a0e84488
248432.0,2367605,python,[JIT],0x0000f211a0e84a84
248432.0,2367712,python,[JIT],0x0000f6832f60e81c
248432.0,2367465,python,[JIT],0x0000f33d98bae650
248432.0,2367465,python,[JIT],0x0000f33d98baec14
248432.0,2367465,python,[JIT],0x0000f33d98baec20
248431.0,2367438,python,[JIT],0x0000e9fe92b4327c
248431.0,2367570,python,[JIT],0x0000fcb51d5df900
248431.0,2367712,python,[JIT],0x0000f6832f60e8a0
248431.0,2367605,python,[JIT],0x0000f211a0e5aa8c
248430.0,2367676,python,[JIT],0x0000ee7d081b7984
248430.0,2367570,python,python,tuple_alloc
248430.0,2367570,python,[JIT],0x0000fcb51d6081d0
248430.0,2367438,python,[kernel.kallsyms],__perf_addr_filters_adjust
248430.0,2367438,python,[JIT],0x0000e9fe92b44850
248430.0,2367465,python,[JIT],0x0000f33d98ada5b8
248430.0,2367570,python,[JIT],0x0000fcb51d5dd488
248430.0,2367570,python,[JIT],0x0000fcb51d5ddc78
248430.0,2367605,python,python,_PyObject_Free
248429.0,2367500,python,[JIT],0x0000e8c080305224
248429.0,2367500,python,[JIT],0x0000e8c0803054bc
248429.0,2367500,python,[JIT],0x0000e8c08032f974
248429.0,2367465,python,[JIT],0x0000f33d98b840e4
248429.0,2367605,python,[JIT],0x0000f211a0e844c8
248429.0,2367712,python,[JIT],0x0000f6832f6371c0
248429.0,2367712,python,[JIT],0x0000f6832f6382d0
248429.0,2367712,python,[JIT],0x0000f6832f6388fc
248429.0,2367676,python,[JIT],0x0000ee7d081e124c
248428.0,2367570,python,[JIT],0x0000fcb51d5df438
248428.0,2367570,python,[JIT],0x0000fcb51d6092f4
248428.0,2367570,python,[JIT],0x0000fcb51d6093dc
248428.0,2367570,python,[JIT],0x0000fcb51d609834
248428.0,2367438,python,[JIT],0x0000e9fe92b180cc
248428.0,2367570,python,python,enum_new_impl
248428.0,2367605,python,[JIT],0x0000f211a0e5a554
248428.0,2367605,python,[JIT],0x0000f211a0e848ec
248428.0,2367605,python,[JIT],0x0000f211a0e84984
248428.0,2367500,python,[JIT],0x0000e8c080305640
248428.0,2367676,python,python,enum_dealloc
248427.0,2367676,python,[JIT],0x0000ee7d081b78a4
248427.0,2367570,python,[JIT],0x0000fcb51d609c20
248427.0,2367500,python,[JIT],0x0000e8c080305c98
248427.0,2367500,python,[JIT],0x0000e8c08032f400
248427.0,2367465,python,python,emit__MAKE_HEAP_SAFE_r11
248427.0,2367465,python,[JIT],0x0000f33d98bae414
248427.0,2367570,python,[JIT],0x0000fcb51d6091f8
248427.0,2367605,python,[JIT],0x0000f211a0e5a56c
248427.0,2367500,python,[JIT],0x0000e8c08025c088
248427.0,2367712,python,[JIT],0x0000f6832f60e8e4
248427.0,2367712,python,[JIT],0x0000f6832f6371b0
248427.0,2367465,python,[JIT],0x0000f33d98bae480
248427.0,2367465,python,[JIT],0x0000f33d98baeac4
248426.0,2367676,python,[JIT],0x0000ee7d081b5440
248426.0,2367500,python,[JIT],0x0000e8c0803058e4
248426.0,2367465,python,[JIT],0x0000f33d98b83100
248426.0,2367465,python,[JIT],0x0000f33d98b84274
248426.0,2367465,python,[JIT],0x0000f33d98bae128
248426.0,2367465,python,[JIT],0x0000f33d98bae9b4
248425.0,2367438,python,[JIT],0x0000e9fe92b1a450
248425.0,2367465,python,[JIT],0x0000f33d98b83998
248425.0,2367570,python,[JIT],0x0000fcb51d5d6a4c
248425.0,2367605,python,[JIT],0x0000f211a0e84824
248425.0,2367605,python,[JIT],0x0000f211a0e84c5c
248425.0,2367712,python,[JIT],0x0000f6832f638940
248425.0,2367465,python,[JIT],0x0000f33d98bae0e4
248424.0,2367500,python,[JIT],0x0000e8c08032fb80
248424.0,2367465,python,[JIT],0x0000f33d98b827ec
248424.0,2367570,python,[JIT],0x0000fcb51d5dd6d4
248424.0,2367570,python,[JIT],0x0000fcb51d5df9bc
248424.0,2367605,python,[JIT],0x0000f211a0e846b8
248424.0,2367465,python,[JIT],0x0000f33d98b84660
248423.0,2367676,python,python,_PyOptimizer_Optimize
248423.0,2367676,python,[JIT],0x0000ee7d081e1264
248423.0,2367676,python,[JIT],0x0000ee7d081e1d58
248423.0,2367570,python,[JIT],0x0000fcb51d5df868
248423.0,2367570,python,[JIT],0x0000fcb51d60908c
248423.0,2367570,python,[JIT],0x0000fcb51d6094dc
248423.0,2367570,python,[JIT],0x0000fcb51d609b0c
248423.0,2367500,python,[JIT],0x0000e8c080305abc
248423.0,2367500,python,[JIT],0x0000e8c08032f09c
248423.0,2367712,python,[JIT],0x0000f6832f60e834
248423.0,2367712,python,[JIT],0x0000f6832f60f300
248423.0,2367605,python,[JIT],0x0000f211a0e5a394
248422.0,2367570,python,[JIT],0x0000fcb51d5df064
248422.0,2367500,python,[JIT],0x0000e8c0803051c8
248422.0,2367500,python,[JIT],0x0000e8c08032e268
248422.0,2367465,python,[JIT],0x0000f33d98bae9f8
248422.0,2367570,python,[JIT],0x0000fcb51d5dfb04
248422.0,2367500,python,[JIT],0x0000e8c08025dc18
248422.0,2367712,python,[JIT],0x0000f6832f60e978
248422.0,2367465,python,[JIT],0x0000f33d98bae410
248422.0,2367676,python,[JIT],0x0000ee7d081e184c
248421.0,2367570,python,[JIT],0x0000fcb51d5df408
248421.0,2367570,python,[JIT],0x0000fcb51d5dd318
248421.0,2367500,python,[JIT],0x0000e8c08032f8f4
248421.0,2367500,python,[JIT],0x0000e8c08032f9d8
248420.0,2367676,python,[JIT],0x0000ee7d081b7888
248420.0,2367570,python,python,_PyTuple_FromPairSteal
248420.0,2367465,python,[JIT],0x0000f33d98adcf74
248420.0,2367570,python,[JIT],0x0000fcb51d5de0dc
248420.0,2367500,python,libc.so.6,realloc
248420.0,2367500,python,[JIT],0x0000e8c0803059c8
248420.0,2367605,python,[JIT],0x0000f211a0e8425c
248420.0,2367676,python,[JIT],0x0000ee7d081e1bbc
248419.0,2367676,python,[JIT],0x0000ee7d081e175c
248419.0,2367500,python,[JIT],0x0000e8c080305478
248419.0,2367500,python,[JIT],0x0000e8c080305808
248419.0,2367438,python,[JIT],0x0000e9fe92b1aaf8
248419.0,2367465,python,[JIT],0x0000f33d98adb100
248419.0,2367570,python,[JIT],0x0000fcb51d609000
248419.0,2367605,python,[JIT],0x0000f211a0e843f0
248419.0,2367605,python,[JIT],0x0000f211a0e849ac
248419.0,2367500,python,[JIT],0x0000e8c08025d064
248418.0,2367570,python,[JIT],0x0000fcb51d5df38c
248418.0,2367570,python,python,emit__POP_TOP_INT_r21
248418.0,2367570,python,[JIT],0x0000fcb51d5df3f0
248418.0,2367570,python,[JIT],0x0000fcb51d6093e8
248418.0,2367500,python,[JIT],0x0000e8c080332004
248418.0,2367605,python,[JIT],0x0000f211a0e51c88
248418.0,2367605,python,[JIT],0x0000f211a0e84988
248417.0,2367676,python,[JIT],0x0000ee7d081b31d0
248417.0,2367570,python,[JIT],0x0000fcb51d609bbc
248417.0,2367438,python,libc.so.6,__memset_zva64
248417.0,2367465,python,python,_PyType_AllocNoTrack
248417.0,2367570,python,[JIT],0x0000fcb51d5df4a0
248417.0,2367500,python,[JIT],0x0000e8c0803059f0
248417.0,2367605,python,python,_PyObject_Realloc
248417.0,2367605,python,[JIT],0x0000f211a0e5a510
248416.0,2367465,python,[JIT],0x0000f33d98b82114
248416.0,2367605,python,[JIT],0x0000f211a0e5a938
248416.0,2367605,python,[JIT],0x0000f211a0e5ac04
248416.0,2367500,python,[JIT],0x0000e8c0803053c0
248416.0,2367712,python,[JIT],0x0000f6832f6389ac
248416.0,2367465,python,[JIT],0x0000f33d98baeac0
248416.0,2367676,python,[JIT],0x0000ee7d081e1ac0
248415.0,2367465,python,python,_PyObject_GC_Link
248415.0,2367465,python,[JIT],0x0000f33d98b840d8
248415.0,2367465,python,[JIT],0x0000f33d98b84924
248415.0,2367570,python,[JIT],0x0000fcb51d609b20
248415.0,2367605,python,[JIT],0x0000f211a0e84980
248415.0,2367712,python,[JIT],0x0000f6832f6382a8
248415.0,2367465,python,[JIT],0x0000f33d98bae6ac
248414.0,2367500,python,[JIT],0x0000e8c0803051f4
248414.0,2367605,python,[JIT],0x0000f211a0e5a8ec
248414.0,2367712,python,[JIT],0x0000f6832f60eb1c
248414.0,2367465,python,[JIT],0x0000f33d98bad14c
248413.0,2367676,python,[JIT],0x0000ee7d081b56ac
248413.0,2367465,python,python,PyObject_Free
248413.0,2367465,python,[JIT],0x0000f33d98b84564
248413.0,2367570,python,[JIT],0x0000fcb51d5db1b8
248413.0,2367570,python,[JIT],0x0000fcb51d5dd6c0
248413.0,2367570,python,[JIT],0x0000fcb51d5df5b4
248413.0,2367570,python,[JIT],0x0000fcb51d5df6ac
248413.0,2367500,python,[JIT],0x0000e8c080303118
248413.0,2367500,python,[JIT],0x0000e8c08030530c
248413.0,2367712,python,[JIT],0x0000f6832f60c86c
248412.0,2367570,python,[JIT],0x0000fcb51d5df934
248412.0,2367500,python,[JIT],0x0000e8c08032f144
248412.0,2367438,python,[JIT],0x0000e9fe92b127dc
248412.0,2367438,python,[JIT],0x0000e9fe92b43274
248412.0,2367438,python,[JIT],0x0000e9fe92b443f4
248412.0,2367570,python,[JIT],0x0000fcb51d5d87dc
248412.0,2367570,python,[JIT],0x0000fcb51d5df0d8
248412.0,2367570,python,[JIT],0x0000fcb51d6092f0
248412.0,2367605,python,[JIT],0x0000f211a0e5ac60
248412.0,2367676,python,[JIT],0x0000ee7d081e130c
248411.0,2367570,python,[JIT],0x0000fcb51d5df1d4
248411.0,2367570,python,[JIT],0x0000fcb51d609a08
248411.0,2367605,python,[JIT],0x0000f211a0e5a0b4
248411.0,2367605,python,[JIT],0x0000f211a0e849cc
248411.0,2367500,python,[JIT],0x0000e8c08032f88c
248411.0,2367712,python,[JIT],0x0000f6832f60ec7c
248410.0,2367438,python,[JIT],0x0000e9fe92b123a4
248410.0,2367465,python,[JIT],0x0000f33d98b8482c
248410.0,2367570,python,[JIT],0x0000fcb51d609984
248410.0,2367605,python,[JIT],0x0000f211a0e5a154
248410.0,2367605,python,[JIT],0x0000f211a0e8300c
248410.0,2367465,python,[JIT],0x0000f33d98b84308
248410.0,2367465,python,[JIT],0x0000f33d98bad25c
248410.0,2367465,python,[JIT],0x0000f33d98bae470
248409.0,2367676,python,[JIT],0x0000ee7d081b7990
248409.0,2367465,python,[JIT],0x0000f33d98bae904
248409.0,2367570,python,[JIT],0x0000fcb51d5df558
248409.0,2367570,python,[JIT],0x0000fcb51d60955c
248409.0,2367570,python,[JIT],0x0000fcb51d6098c8
248409.0,2367605,python,[JIT],0x0000f211a0e5acb8
248409.0,2367500,python,[JIT],0x0000e8c080305144
248409.0,2367605,python,[JIT],0x0000f211a0e55164
248409.0,2367605,python,[JIT],0x0000f211a0e5a2dc
248409.0,2367465,python,[JIT],0x0000f33d98b84378
248409.0,2367465,python,[JIT],0x0000f33d98b84888
248409.0,2367465,python,[JIT],0x0000f33d98bae3a4
248409.0,2367676,python,[JIT],0x0000ee7d081b7860
248408.0,2367570,python,[JIT],0x0000fcb51d5d831c
248408.0,2367570,python,[JIT],0x0000fcb51d5df58c
248408.0,2367570,python,[JIT],0x0000fcb51d5df91c
248408.0,2367500,python,[JIT],0x0000e8c080305040
248408.0,2367605,python,[JIT],0x0000f211a0e84948
248408.0,2367605,python,[JIT],0x0000f211a0e84d94
248408.0,2367676,python,[JIT],0x0000ee7d081b7c44
248407.0,2367438,python,[JIT],0x0000e9fe92b1a324
248407.0,2367465,python,[JIT],0x0000f33d98adc250
248407.0,2367570,python,[JIT],0x0000fcb51d5ddf48
248407.0,2367570,python,[JIT],0x0000fcb51d5dfd0c
248407.0,2367605,python,[JIT],0x0000f211a0e84938
248407.0,2367712,python,[JIT],0x0000f6832f63829c
248407.0,2367605,python,[JIT],0x0000f211a0e8482c
248407.0,2367676,python,[JIT],0x0000ee7d081e10c8
248406.0,2367465,python,[JIT],0x0000f33d98ada954
248406.0,2367570,python,[JIT],0x0000fcb51d5dd150
248406.0,2367570,python,[JIT],0x0000fcb51d6092a0
248406.0,2367605,python,python,_PyTuple_FromPairSteal
248406.0,2367605,python,[JIT],0x0000f211a0e84a08
248406.0,2367500,python,python,_PyOptimizer_Optimize
248406.0,2367712,python,[JIT],0x0000f6832f637234
248405.0,2367676,python,[JIT],0x0000ee7d081b5e6c
248405.0,2367570,python,[JIT],0x0000fcb51d609b80
248405.0,2367465,python,[JIT],0x0000f33d98bae46c
248405.0,2367712,python,[JIT],0x0000f6832f6383c0
248404.0,2367676,python,[JIT],0x0000ee7d081b58b4
248404.0,2367500,python,[JIT],0x0000e8c0803054fc
248404.0,2367465,python,[JIT],0x0000f33d98b846b0
248404.0,2367570,python,python,range_iter
248404.0,2367605,python,[JIT],0x0000f211a0e84a8c
248404.0,2367465,python,[JIT],0x0000f33d98bae3b0
248403.0,2367500,python,[JIT],0x0000e8c08030574c
248403.0,2367570,python,[kernel.kallsyms],__alloc_pages
248403.0,2367570,python,[JIT],0x0000fcb51d5df6b0
248403.0,2367605,python,[JIT],0x0000f211a0e58840
248403.0,2367465,python,python,_PyEvalFramePushAndInit
248403.0,2367465,python,[JIT],0x0000f33d98bae964
248402.0,2367500,python,[JIT],0x0000e8c08032f864
248401.0,2367500,python,[JIT],0x0000e8c080305cb8
248401.0,2367570,python,[JIT],0x0000fcb51d5da050
248401.0,2367465,python,[JIT],0x0000f33d98b84590
248401.0,2367465,python,[JIT],0x0000f33d98bae17c
248400.0,2367605,python,[JIT],0x0000f211a0e84ab4
248400.0,2367465,python,[JIT],0x0000f33d98bae0a0
248399.0,2367570,python,[JIT],0x0000fcb51d6094b4
248399.0,2367500,python,[JIT],0x0000e8c0803052c4
248399.0,2367570,python,[JIT],0x0000fcb51d5df474
248398.0,2367438,python,[JIT],0x0000e9fe92b186cc
248398.0,2367605,python,[JIT],0x0000f211a0e5a868
248398.0,2367465,python,[JIT],0x0000f33d98bae8fc
248397.0,2367465,python,[JIT],0x0000f33d98b84294
248396.0,2367605,python,[JIT],0x0000f211a0e5a8c8
248396.0,2367605,python,[JIT],0x0000f211a0e5a390
248396.0,2367465,python,[JIT],0x0000f33d98baec5c
248395.0,2367570,python,[JIT],0x0000fcb51d608234
248394.0,2367570,python,[JIT],0x0000fcb51d6098fc
248393.0,2367676,python,[JIT],0x0000ee7d081b70d8
248393.0,2367438,python,[JIT],0x0000e9fe92b18170
248393.0,2367570,python,[JIT],0x0000fcb51d60949c
248393.0,2367605,python,[JIT],0x0000f211a0e5a2f8
248392.0,2367570,python,[JIT],0x0000fcb51d6096ac
248392.0,2367438,python,[JIT],0x0000e9fe92b444f8
248392.0,2367570,python,[JIT],0x0000fcb51d6098ec
248392.0,2367500,python,[JIT],0x0000e8c08032f26c
248392.0,2367605,python,[JIT],0x0000f211a0e5a53c
248392.0,2367465,python,[JIT],0x0000f33d98b844fc
248392.0,2367465,python,[JIT],0x0000f33d98b84c30
248391.0,2367570,python,[JIT],0x0000fcb51d5dd114
248391.0,2367465,python,[JIT],0x0000f33d98baeac8
248391.0,2367500,python,[JIT],0x0000e8c08032f81c
248391.0,2367605,python,[JIT],0x0000f211a0e58274
248390.0,2367465,python,[JIT],0x0000f33d98bae1f4
248389.0,2367438,python,[JIT],0x0000e9fe92b18340
248389.0,2367438,python,[JIT],0x0000e9fe92b1a810
248389.0,2367465,python,[JIT],0x0000f33d98bae2e4
248388.0,2367570,python,[JIT],0x0000fcb51d609640
248388.0,2367438,python,[JIT],0x0000e9fe92b14374
248388.0,2367438,python,[JIT],0x0000e9fe92b18788
248388.0,2367438,python,[JIT],0x0000e9fe92b43354
248388.0,2367570,python,[JIT],0x0000fcb51d6098c4
248388.0,2367605,python,[JIT],0x0000f211a0e84b18
248388.0,2367605,python,[JIT],0x0000f211a0e53354
248387.0,2367438,python,[JIT],0x0000e9fe92b47020
248387.0,2367500,python,[JIT],0x0000e8c08030108c
248386.0,2367676,python,[JIT],0x0000ee7d081b8270
248385.0,2367465,python,[JIT],0x0000f33d98b8261c
248385.0,2367570,python,[JIT],0x0000fcb51d5dd6a4
248384.0,2367438,python,[JIT],0x0000e9fe92b199c8
248384.0,2367438,python,[JIT],0x0000e9fe92b444bc
248384.0,2367676,python,[JIT],0x0000ee7d081e105c
248382.0,2367438,python,[JIT],0x0000e9fe92b1ab04
248382.0,2367570,python,[JIT],0x0000fcb51d5dd6dc
248382.0,2367712,python,[JIT],0x0000f6832f6380ac
248382.0,2367605,python,[JIT],0x0000f211a0e53660
248381.0,2367465,python,[JIT],0x0000f33d98bae3d8
248381.0,2367570,python,[JIT],0x0000fcb51d609638
248381.0,2367605,python,[JIT],0x0000f211a0e84080
248380.0,2367438,python,[JIT],0x0000e9fe92b12100
248380.0,2367438,python,[JIT],0x0000e9fe92b19138
248379.0,2367438,python,[JIT],0x0000e9fe92b144a4
248379.0,2367465,python,[JIT],0x0000f33d98b824fc
248377.0,2367438,python,[JIT],0x0000e9fe92b1a9f0
248377.0,2367570,python,[JIT],0x0000fcb51d5da1b4
248377.0,2367500,python,[JIT],0x0000e8c08032f248
248376.0,2367465,python,[JIT],0x0000f33d98baeaa0
248376.0,2367605,python,[JIT],0x0000f211a0e84450
248376.0,2367500,python,[JIT],0x0000e8c0803058f8
248376.0,2367500,python,[JIT],0x0000e8c08032f328
248374.0,2367676,python,[JIT],0x0000ee7d081e120c
248374.0,2367605,python,[JIT],0x0000f211a0e5ac70
248374.0,2367605,python,[JIT],0x0000f211a0e53444
248373.0,2367438,python,[JIT],0x0000e9fe92b18244
248373.0,2367438,python,[JIT],0x0000e9fe92b182e4
248373.0,2367570,python,[JIT],0x0000fcb51d5df4b0
248373.0,2367570,python,[JIT],0x0000fcb51d6099bc
248372.0,2367570,python,[JIT],0x0000fcb51d609ac0
248370.0,2367438,python,[JIT],0x0000e9fe92b44930
248369.0,2367676,python,[JIT],0x0000ee7d081e1340
248369.0,2367465,python,[JIT],0x0000f33d98b84974
248365.0,2367465,python,[JIT],0x0000f33d98bae928
248364.0,2367570,python,[JIT],0x0000fcb51d6093d4
248363.0,2367465,python,[JIT],0x0000f33d98baec98
248363.0,2367605,python,[JIT],0x0000f211a0e5adec
248361.0,2367676,python,[JIT],0x0000ee7d0810c3a8
248361.0,2367438,python,[JIT],0x0000e9fe92b18558
248360.0,2367500,python,[JIT],0x0000e8c080305748
248359.0,2367465,python,[JIT],0x0000f33d98b842a0
248357.0,2367500,python,[JIT],0x0000e8c0803053f4
248354.0,2367570,python,[JIT],0x0000fcb51d609858
248348.0,2367570,python,[JIT],0x0000fcb51d608384
248347.0,2367465,python,[JIT],0x0000f33d98b8446c
248343.0,2367465,python,[JIT],0x0000f33d98baecfc
248340.0,2367438,python,[JIT],0x0000e9fe92b18434
248338.0,2367465,python,[JIT],0x0000f33d98bae178
248334.0,2367465,python,[JIT],0x0000f33d98b849b4
248333.0,2367676,python,[JIT],0x0000ee7d081e1c98
248332.0,2367676,python,[JIT],0x0000ee7d081b74a4
248328.0,2367712,python,[JIT],0x0000f6832f638aa4
248325.0,2367438,python,[JIT],0x0000e9fe92b443e8
248322.0,2367500,python,[JIT],0x0000e8c080303680
248314.0,2367465,python,[JIT],0x0000f33d98b84888
248312.0,2367605,python,[JIT],0x0000f211a0e5a9b0
248310.0,2367570,python,[JIT],0x0000fcb51d5d60b0
248305.0,2367605,python,[JIT],0x0000f211a0e8407c
248304.0,2367500,python,[JIT],0x0000e8c08032fb1c
248301.0,2367676,python,[JIT],0x0000ee7d081e1d80
248301.0,2367438,python,[JIT],0x0000e9fe92b442c8
248300.0,2367500,python,[JIT],0x0000e8c08032f160
248284.0,2367465,python,[JIT],0x0000f33d98baecd8
248278.0,2367605,python,[JIT],0x0000f211a0e852f4
248274.0,2367676,python,[JIT],0x0000ee7d081b76b8
248268.0,2367712,python,[JIT],0x0000f6832f6382b4
248248.0,2367500,python,[JIT],0x0000e8c080303980
248236.0,2367605,python,[JIT],0x0000f211a0e84264
248229.0,2367676,python,[JIT],0x0000ee7d081e1218
248219.0,2367465,python,[JIT],0x0000f33d98b84abc
248218.0,2367438,python,[JIT],0x0000e9fe92b441c4
248205.0,2367605,python,[JIT],0x0000f211a0e84d10
248196.0,2367438,python,[JIT],0x0000e9fe92b44d3c
248195.0,2367676,python,[JIT],0x0000ee7d0810c09c
248180.0,2367570,python,[JIT],0x0000fcb51d609180
248155.0,2367570,python,libc.so.6,__memcpy_generic
248137.0,2367676,python,[JIT],0x0000ee7d081e1344
248120.0,2367570,python,python,_PyObject_Realloc
248110.0,2367605,python,[JIT],0x0000f211a0e85444
248089.0,2367438,python,[JIT],0x0000e9fe92b44d74
248052.0,2367605,python,[JIT],0x0000f211a0e84994
248035.0,2367570,python,[JIT],0x0000fcb51d6091c8
248029.0,2367712,python,[JIT],0x0000f6832f638294
248015.0,2367570,python,[JIT],0x0000fcb51d5dd364
248008.0,2367500,python,[JIT],0x0000e8c08032f2b4
247982.0,2367438,python,[JIT],0x0000e9fe92b44158
247916.0,2367465,python,[JIT],0x0000f33d98baed1c
247841.0,2367676,python,[JIT],0x0000ee7d081e1478
247828.0,2367570,python,[JIT],0x0000fcb51d6092c8
247796.0,2367570,python,[JIT],0x0000fcb51d609264
247760.0,2367465,python,[JIT],0x0000f33d98baed94
247759.0,2367676,python,[JIT],0x0000ee7d081b5488
247728.0,2367465,python,[JIT],0x0000f33d98bae368
247728.0,2367570,python,[JIT],0x0000fcb51d5ddc00
247669.0,2367438,python,[JIT],0x0000e9fe92b441bc
247653.0,2367570,python,[JIT],0x0000fcb51d5df920
247591.0,2367465,python,[JIT],0x0000f33d98baedf4
247560.0,2367605,python,[JIT],0x0000f211a0e84cfc
247559.0,2367465,python,[JIT],0x0000f33d98bae53c
247435.0,2367500,python,[JIT],0x0000e8c08032f644
247328.0,2367676,python,[JIT],0x0000ee7d081e1dc4
247321.0,2367438,python,[JIT],0x0000e9fe92b44508
247299.0,2367438,python,[JIT],0x0000e9fe92b44554
246984.0,2367570,python,[JIT],0x0000fcb51d5d8248
246965.0,2367676,python,[JIT],0x0000ee7d081e12b4
246917.0,2367438,python,[JIT],0x0000e9fe92b44438
246841.0,2367605,python,[JIT],0x0000f211a0e84248
246838.0,2367712,python,[JIT],0x0000f6832f638a84
246759.0,2367500,python,[JIT],0x0000e8c08032f150
246663.0,2367605,python,[JIT],0x0000f211a0e84cdc
246363.0,2367676,python,[JIT],0x0000ee7d081e1df4
246302.0,2367605,python,[JIT],0x0000f211a0e84ccc
246028.0,2367500,python,[JIT],0x0000e8c08032fda0
245687.0,2367500,python,[JIT],0x0000e8c08032fc98
245584.0,2367438,python,[JIT],0x0000e9fe92b44df4
245539.0,2367712,python,[JIT],0x0000f6832f6380dc
245529.0,2367438,python,[JIT],0x0000e9fe92b44264
245092.0,2367570,python,[JIT],0x0000fcb51d5d649c
244719.0,2367570,python,[JIT],0x0000fcb51d609d4c
244414.0,2367676,python,[JIT],0x0000ee7d081e1564
244373.0,2367500,python,[JIT],0x0000e8c080303fcc
243924.0,2367438,python,[JIT],0x0000e9fe92b44d1c
243736.0,2367676,python,[JIT],0x0000ee7d081e1d84
243609.0,2367712,python,[JIT],0x0000f6832f638258
243388.0,2367570,python,[JIT],0x0000fcb51d60a444
242531.0,2367605,python,[JIT],0x0000f211a0e84df4
241982.0,2367500,python,[JIT],0x0000e8c08032f334
239389.0,2367605,python,[JIT],0x0000f211a0e5a368
238626.0,2367570,python,[JIT],0x0000fcb51d609d74
238433.0,2367500,python,[JIT],0x0000e8c08025f1a8
237956.0,2367676,python,[JIT],0x0000ee7d081e141c
237770.0,2367712,python,[kernel.kallsyms],down_read_trylock
235030.0,2367500,python,[JIT],0x0000e8c08032f374
234331.0,2367676,python,[JIT],0x0000ee7d081e1df4
234186.0,2367570,python,[JIT],0x0000fcb51d60998c
233792.0,2367570,python,[JIT],0x0000fcb51d609350
233641.0,2367570,python,[JIT],0x0000fcb51d609c68
232466.0,2367605,python,[JIT],0x0000f211a0e84834
230424.0,2367500,python,[kernel.kallsyms],perf_iterate_ctx
229477.0,2367676,python,[JIT],0x0000ee7d081b5708
228937.0,2367676,python,[JIT],0x0000ee7d081e1514
220765.0,2367676,python,[kernel.kallsyms],folio_unlock
220360.0,2367605,python,[JIT],0x0000f211a0e84094
216345.0,2367465,python,[JIT],0x0000f33d98b82d58
211227.0,2367676,python,[kernel.kallsyms],post_alloc_hook
104469.0,2367500,python,[JIT],0x0000e8c08032f8c4
43514.0,2367676,python,[JIT],0x0000ee7d081e1220
42452.0,2367712,python,[kernel.kallsyms],task_mm_cid_work
38462.0,2367570,python,[kernel.kallsyms],task_mm_cid_work
32979.0,2367605,python,[kernel.kallsyms],task_mm_cid_work
30356.0,2367676,python,[kernel.kallsyms],task_mm_cid_work
28294.0,2367500,python,[kernel.kallsyms],_find_next_bit
28294.0,2367500,python,[kernel.kallsyms],sched_mm_cid_remote_clear
19782.0,2367500,python,[kernel.kallsyms],sched_mm_cid_remote_clear
19782.0,2367500,python,[kernel.kallsyms],task_mm_cid_work
19515.0,2367570,python,[kernel.kallsyms],task_mm_cid_work
9920.0,2367570,python,[kernel.kallsyms],do_notify_resume
9277.0,2367605,python,[kernel.kallsyms],do_notify_resume
8875.0,2367438,python,[kernel.kallsyms],do_notify_resume
8063.0,2367465,python,[kernel.kallsyms],do_notify_resume
5793.0,2367605,python,[kernel.kallsyms],_find_next_bit
5689.0,2367570,python,[kernel.kallsyms],do_notify_resume
5615.0,2367605,python,[kernel.kallsyms],do_notify_resume
1505.0,2367465,python,[kernel.kallsyms],finish_wait
1025.0,2367465,python,[kernel.kallsyms],finish_task_switch.isra.0
1024.0,2367465,python,[kernel.kallsyms],_raw_spin_unlock_irqrestore
1.0,2367676,python,[kernel.kallsyms],finish_task_switch.isra.0
1.0,2367570,python,[kernel.kallsyms],finish_task_switch.isra.0
1.0,2367500,python,[kernel.kallsyms],finish_task_switch.isra.0
1.0,2367438,python,[kernel.kallsyms],finish_task_switch.isra.0
1.0,2367570,python,[kernel.kallsyms],finish_task_switch.isra.0
1.0,2367605,python,[kernel.kallsyms],finish_task_switch.isra.0
1.0,2367500,python,[kernel.kallsyms],finish_task_switch.isra.0
1.0,2367712,python,[kernel.kallsyms],finish_task_switch.isra.0
1.0,2367605,python,[kernel.kallsyms],finish_task_switch.isra.0
1.0,2367465,python,[kernel.kallsyms],finish_task_switch.isra.0
1.0,2367676,python,[kernel.kallsyms],finish_task_switch.isra.0
