self,pid,command,shared_obj,symbol
507238062.0,3748790,python,python,_PyEval_EvalFrameDefault
452294979.0,3748881,python,python,_PyEval_EvalFrameDefault
443435498.0,3748943,python,python,_PyEval_EvalFrameDefault
443332809.0,3749043,python,python,_PyEval_EvalFrameDefault
435088618.0,3748817,python,python,_PyEval_EvalFrameDefault
433517876.0,3749011,python,python,_PyEval_EvalFrameDefault
432167909.0,3748912,python,python,_PyEval_EvalFrameDefault
99131817.0,3748790,python,python,_PyTypeCache_Lookup
85729271.0,3749011,python,python,_PyTypeCache_Lookup
84447467.0,3748943,python,python,_PyTypeCache_Lookup
80192810.0,3749043,python,python,_PyTypeCache_Lookup
78754028.0,3748881,python,python,_PyTypeCache_Lookup
78027613.0,3748912,python,python,_PyTypeCache_Lookup
77091707.0,3748817,python,python,_PyTypeCache_Lookup
66915193.0,3748881,python,python,_PyEval_EvalFrameDefault
64855923.0,3748943,python,python,_PyEval_EvalFrameDefault
64270815.0,3748817,python,python,_PyEval_EvalFrameDefault
62142071.0,3748912,python,python,_PyEval_EvalFrameDefault
60923407.0,3748790,python,python,_PyObject_GenericGetAttrWithDict
59638242.0,3749011,python,python,_PyEval_EvalFrameDefault
55536239.0,3748790,python,python,unicodekeys_lookup_unicode
55011182.0,3748912,python,python,_PyObject_GenericGetAttrWithDict
54492746.0,3748943,python,python,_PyObject_GenericGetAttrWithDict
54033299.0,3749011,python,python,_PyObject_GenericGetAttrWithDict
53496065.0,3749043,python,python,_PyObject_GenericGetAttrWithDict
52071803.0,3748790,python,python,_PyObject_Malloc
51365957.0,3748817,python,python,_PyObject_GenericGetAttrWithDict
51300942.0,3748881,python,python,_PyObject_GenericGetAttrWithDict
50507593.0,3749043,python,python,_PyObject_Malloc
49580514.0,3749011,python,python,unicodekeys_lookup_unicode
47041254.0,3748790,python,python,_PyFrame_ClearExceptCode
46333599.0,3748881,python,python,_PyObject_Malloc
46073491.0,3748943,python,python,_PyObject_Malloc
43813405.0,3748817,python,python,unicodekeys_lookup_unicode
43789057.0,3748943,python,python,_PyObject_GetAttrStackRef
43634016.0,3748881,python,python,unicodekeys_lookup_unicode
43422572.0,3748912,python,python,unicodekeys_lookup_unicode
43375953.0,3748943,python,python,unicodekeys_lookup_unicode
42646251.0,3748912,python,python,_PyObject_Malloc
42394424.0,3749011,python,python,_PyObject_Malloc
41667959.0,3748817,python,python,_PyObject_Malloc
40687304.0,3749043,python,python,_PyObject_GetAttrStackRef
40398432.0,3749043,python,python,unicodekeys_lookup_unicode
39272722.0,3748790,python,python,_PyObject_GetAttrStackRef
38922305.0,3748790,python,python,initialize_locals
38651578.0,3748817,python,python,_PyObject_GetAttrStackRef
38629389.0,3749043,python,python,initialize_locals
38439400.0,3748912,python,python,_PyObject_GetAttrStackRef
37164937.0,3748881,python,python,initialize_locals
37106926.0,3748881,python,python,_Py_dict_lookup
36921838.0,3748790,python,python,_Py_Dealloc
36662001.0,3748912,python,python,initialize_locals
36445165.0,3748790,python,python,_Py_dict_lookup
36192419.0,3749011,python,python,_PyFrame_ClearExceptCode
35942250.0,3748881,python,python,_PyFrame_ClearExceptCode
35693412.0,3749011,python,python,_PyObject_GetAttrStackRef
35398134.0,3748943,python,python,_Py_Dealloc
35186533.0,3748817,python,python,_PyFrame_ClearExceptCode
35185463.0,3748817,python,python,initialize_locals
35161753.0,3749043,python,python,_PyFrame_ClearExceptCode
35143378.0,3748912,python,python,_Py_Dealloc
34724992.0,3748817,python,python,_Py_dict_lookup
34437674.0,3748881,python,python,_PyObject_GetAttrStackRef
34432576.0,3749043,python,python,_Py_Dealloc
33431259.0,3749043,python,python,_Py_dict_lookup
33429102.0,3748881,python,python,_PyObject_Free
33426157.0,3748912,python,python,_PyFrame_ClearExceptCode
32976108.0,3748943,python,python,_PyFrame_ClearExceptCode
32703130.0,3748817,python,python,_Py_Dealloc
32460472.0,3748943,python,python,_PyType_LookupStackRefAndVersion
32441097.0,3748881,python,python,_Py_Dealloc
31670480.0,3748912,python,python,_Py_dict_lookup
31244405.0,3748790,python,python,tuple_dealloc
31235518.0,3749011,python,python,initialize_locals
31234077.0,3748790,python,python,_PyObject_Free
31222325.0,3748943,python,python,_Py_dict_lookup
30492932.0,3748912,python,python,_PyType_LookupStackRefAndVersion
29995345.0,3749011,python,python,_Py_dict_lookup
29746994.0,3749043,python,python,_PyObject_Free
29509378.0,3749011,python,python,_Py_Dealloc
29494393.0,3748943,python,python,initialize_locals
28764009.0,3748912,python,python,_PyObject_Free
28477049.0,3749011,python,python,_PyObject_Free
28262118.0,3748790,python,python,_PyType_LookupStackRefAndVersion
27282962.0,3748817,python,python,_PyType_LookupStackRefAndVersion
27230521.0,3749043,python,python,_PyType_LookupStackRefAndVersion
27003533.0,3748881,python,python,_PyType_LookupStackRefAndVersion
26024436.0,3748912,python,python,tuple_dealloc
25781313.0,3748790,python,python,_PyObject_TryGetInstanceAttribute
25766262.0,3748943,python,python,_PyObject_Free
25487427.0,3748817,python,python,_PyObject_Free
25292745.0,3748912,python,python,PyObject_GC_UnTrack
25037840.0,3748790,python,python,tuple_alloc
24798584.0,3748817,python,python,tuple_alloc
24509056.0,3748790,python,python,PyObject_GC_UnTrack
24307470.0,3748817,python,python,tuple_dealloc
24033200.0,3749043,python,python,tuple_alloc
23529736.0,3748881,python,python,tuple_dealloc
23279914.0,3748790,python,python,gc_collect_main
22815188.0,3749011,python,python,gc_collect_main
22563990.0,3749011,python,python,_PyType_LookupStackRefAndVersion
22529735.0,3749043,python,python,_PyObject_TryGetInstanceAttribute
22027816.0,3748943,python,python,tuple_dealloc
21807952.0,3749011,python,python,_PyEvalFramePushAndInit
21805846.0,3749011,python,python,tuple_dealloc
21551930.0,3748881,python,python,_PyObject_TryGetInstanceAttribute
21318731.0,3748790,python,python,_PyEval_FrameClearAndPop
21310760.0,3749011,python,python,_PyObject_TryGetInstanceAttribute
21058674.0,3749043,python,python,gc_collect_main
20827620.0,3748790,python,python,PyObject_SetAttr
20795998.0,3748943,python,python,tuple_alloc
20355634.0,3748817,python,python,PyObject_GC_UnTrack
20081995.0,3748912,python,python,tuple_alloc
19824900.0,3748881,python,python,PyObject_GC_UnTrack
19568008.0,3748817,python,python,_PyObject_TryGetInstanceAttribute
19359974.0,3748943,python,python,gc_collect_main
19082561.0,3748943,python,python,PyObject_GC_UnTrack
18835261.0,3748881,python,python,gc_collect_main
18833314.0,3748912,python,python,gc_collect_main
18831463.0,3748881,python,python,tuple_alloc
18827482.0,3748943,python,python,_PyObject_TryGetInstanceAttribute
18602835.0,3748817,python,python,gc_collect_main
18298921.0,3749043,python,python,tuple_dealloc
18109765.0,3748912,python,python,_PyEval_FrameClearAndPop
17837405.0,3748912,python,python,_PyEvalFramePushAndInit
17609351.0,3748817,python,python,_PyEval_FrameClearAndPop
17605348.0,3749011,python,python,PyObject_SetAttr
17599230.0,3748943,python,python,_PyEvalFramePushAndInit
17554675.0,3749043,python,python,PyObject_SetAttr
17357972.0,3748790,python,python,_PyEvalFramePushAndInit
17326220.0,3749043,python,python,PyObject_GC_UnTrack
17112730.0,3748912,python,python,PyObject_GenericSetAttr
17108918.0,3748912,python,python,_PyObject_TryGetInstanceAttribute
17096929.0,3749011,python,python,_PyEval_FrameClearAndPop
16615392.0,3748817,python,python,PyObject_SetAttr
16609424.0,3748943,python,python,insertdict
16387858.0,3749011,python,python,tuple_alloc
16374420.0,3749011,python,python,PyObject_GC_UnTrack
15632742.0,3748912,python,python,PyObject_RichCompareBool
15612085.0,3748943,python,python,_PyEval_FrameClearAndPop
15608130.0,3748881,python,python,PyObject_SetAttr
15362634.0,3749043,python,python,_PyEvalFramePushAndInit
15361214.0,3749043,python,python,_PyEval_FrameClearAndPop
15352801.0,3748790,python,python,PyObject_GenericSetAttr
15149761.0,3748817,python,python,_PyEvalFramePushAndInit
15138580.0,3748881,python,python,PyObject_RichCompareBool
15125317.0,3748881,python,python,_PyEval_FrameClearAndPop
14814421.0,3748790,python,python,PyObject_RichCompareBool
14618731.0,3748943,python,python,PyObject_GenericSetAttr
14380416.0,3748790,python,python,PyType_IsSubtype
14354195.0,3748912,python,python,PyDict_GetItemRef
14114339.0,3749043,python,python,PyObject_RichCompareBool
14108781.0,3748881,python,python,insertdict
13887619.0,3748943,python,python,PyObject_SetAttr
13633535.0,3749011,python,python,insertdict
13629777.0,3748881,python,python,PyObject_GenericSetAttr
13393368.0,3748817,python,python,insertdict
13383929.0,3748881,python,python,PyDict_GetItemRef
13375733.0,3748912,python,python,PyObject_SetAttr
13363514.0,3749011,python,python,PyObject_RichCompareBool
13133466.0,3748881,python,python,_PyEvalFramePushAndInit
12883016.0,3748817,python,python,PyObject_GenericSetAttr
12866103.0,3749043,python,python,insertdict
12825589.0,3748817,python,python,PyType_IsSubtype
12648094.0,3748817,python,python,_PyType_GetDict
12406356.0,3748817,python,python,_PyTuple_FromStackRefStealOnSuccess
12144614.0,3748943,python,python,_PyTuple_FromStackRefStealOnSuccess
12132984.0,3748943,python,python,PyObject_RichCompareBool
11903716.0,3748912,python,python,insertdict
11897740.0,3748790,python,python,PyObject_IsTrue
11895971.0,3749043,python,python,_PyTuple_FromStackRefStealOnSuccess
11874291.0,3749043,python,python,PyType_IsSubtype
11656823.0,3748817,python,python,PyObject_RichCompareBool
11646162.0,3749043,python,python,PyObject_IsTrue
11387069.0,3748943,python,python,PyDict_GetItemRef
11375580.0,3749043,python,python,PyObject_GenericSetAttr
11173106.0,3749011,python,python,PyDict_GetItemRef
11161439.0,3748817,python,python,_PyThreadState_PopFrame
11157045.0,3748790,python,python,insertdict
11140818.0,3748881,python,python,_PyTuple_FromStackRefStealOnSuccess
10911739.0,3748912,python,python,PyObject_IsTrue
10909561.0,3748790,python,python,_PyType_GetDict
10908922.0,3749011,python,python,PyObject_GenericSetAttr
10908830.0,3749011,python,libc.so.6,pthread_mutex_lock@@GLIBC_2.17
10908768.0,3748790,python,python,_PyType_AllocNoTrack
10908638.0,3748790,python,python,_PyTuple_FromStackRefStealOnSuccess
10903860.0,3749043,python,python,PyDict_GetItemRef
10896217.0,3748790,python,libsqlite3.so.0.8.6,sqlite3VdbeExec
10681567.0,3748817,python,libc.so.6,pthread_mutex_lock@@GLIBC_2.17
10664648.0,3748790,python,python,_PyThreadState_PopFrame
10654711.0,3748881,python,python,PyObject_IsTrue
10645883.0,3748817,python,python,PyDict_GetItemRef
10413305.0,3748912,python,python,PyType_IsSubtype
10405165.0,3748943,python,python,_PyType_GetDict
10166217.0,3748912,python,python,_PyTuple_FromStackRefStealOnSuccess
10164891.0,3748790,python,python,_PyEval_Vector
10161231.0,3748790,python,python,PyDict_GetItemRef
10152158.0,3749043,python,python,_PyThreadState_PopFrame
10062995.0,3748881,python,python,_PyTypeCache_Lookup
9917583.0,3749011,python,python,_PyTuple_FromStackRefStealOnSuccess
9913127.0,3748943,python,python,_PyThreadState_PopFrame
9903590.0,3748881,python,libc.so.6,pthread_mutex_lock@@GLIBC_2.17
9890731.0,3748943,python,libsqlite3.so.0.8.6,sqlite3VdbeExec
9707469.0,3749011,python,python,dictkeys_decref.part.0.constprop.0
9696321.0,3749011,python,libc.so.6,__GI___pthread_mutex_unlock_usercnt
9667699.0,3748790,python,python,_PyObject_GetMethodStackRef
9666759.0,3748790,python,libc.so.6,pthread_mutex_lock@@GLIBC_2.17
9663398.0,3748817,python,python,PyObject_IsTrue
9426129.0,3749011,python,python,_PyTypeCache_Lookup
9417687.0,3748881,python,python,_PyType_GetDict
9190796.0,3749011,python,libsqlite3.so.0.8.6,sqlite3VdbeExec
9180319.0,3748790,python,python,dictkeys_decref.part.0.constprop.0
9173210.0,3748943,python,python,PyObject_IsTrue
9170945.0,3748943,python,python,PyType_IsSubtype
9169342.0,3749043,python,python,_Py_NewReference
9169324.0,3748943,python,python,_Py_NewReference
9165366.0,3748912,python,python,_PyObject_GetMethodStackRef
8942152.0,3748912,python,python,dict_dealloc
8928093.0,3748817,python,python,_PyObject_GetMethodStackRef
8926074.0,3748790,python,python,insert_to_emptydict
8922887.0,3748943,python,python,_PyType_AllocNoTrack
8917519.0,3749011,python,python,_PyType_AllocNoTrack
8681741.0,3748817,python,python,PyObject_GC_Del
8681365.0,3749043,python,python,dictkeys_decref.part.0.constprop.0
8678489.0,3748912,python,python,_PyType_GetDict
8675310.0,3748790,python,python,dict_dealloc
8673155.0,3749043,python,python,_PyType_AllocNoTrack
8672163.0,3748817,python,python,_PyType_AllocNoTrack
8659558.0,3748881,python,python,PyType_IsSubtype
8651189.0,3749011,python,python,PyType_IsSubtype
8427197.0,3749043,python,python,_PyType_GetDict
8425402.0,3748943,python,python,_PyEval_Vector
8424244.0,3748881,python,python,_Py_NewReference
8183926.0,3748790,python,libc.so.6,__memset_zva64
8183105.0,3748912,python,python,_Py_NewReference
8183075.0,3749011,python,python,_PyThreadState_PopFrame
8182529.0,3748912,python,libsqlite3.so.0.8.6,sqlite3VdbeExec
8182010.0,3748817,python,libsqlite3.so.0.8.6,sqlite3VdbeExec
8180042.0,3749011,python,python,_PyJIT_Entry
8179062.0,3748790,python,python,_PyJIT_Entry
8178064.0,3749043,python,python,insert_to_emptydict
8177552.0,3748943,python,python,dictkeys_decref.part.0.constprop.0
8176766.0,3748912,python,python,dictkeys_decref.part.0.constprop.0
7937442.0,3748943,python,python,subtype_dealloc
7935333.0,3749011,python,libc.so.6,__memset_zva64
7934544.0,3748790,python,python,clear_slots
7934345.0,3749011,python,python,subtype_dealloc
7933353.0,3749011,python,python,_PyEval_Vector
7932476.0,3748817,python,python,dictkeys_decref.part.0.constprop.0
7932099.0,3748943,python,python,_PyObject_GetMethodStackRef
7930724.0,3749011,python,python,_PyType_GetDict
7926642.0,3749011,python,python,PyObject_IsTrue
7924227.0,3748881,python,python,_PyThreadState_PopFrame
7915031.0,3748912,python,libc.so.6,__memset_zva64
7692809.0,3748817,python,python,subtype_dealloc
7685429.0,3748881,python,python,_PyStack_UnpackDict
7682933.0,3748881,python,python,_PyObject_GetMethodStackRef
7682651.0,3749043,python,python,subtype_dealloc
7682623.0,3749043,python,python,dict_dealloc
7682137.0,3749043,python,libc.so.6,__GI___pthread_mutex_unlock_usercnt
7681272.0,3749011,python,python,PyObject_GC_Del
7680403.0,3748881,python,python,_PyJIT_Entry
7675090.0,3749043,python,python,_PyObject_GetMethodStackRef
7640228.0,3749011,python,python,dict_dealloc
7625225.0,3748790,python,python,_Py_NewReference
7476283.0,3748790,python,python,_PyFunction_Vectorcall
7443749.0,3748912,python,python,_PyThreadState_PopFrame
7440561.0,3748817,python,python,_PyEval_Vector
7438414.0,3748912,python,python,PyObject_GC_Del
7438247.0,3748912,python,python,_PyUnicode_InternMortal
7437732.0,3748912,python,libc.so.6,pthread_mutex_lock@@GLIBC_2.17
7435959.0,3748881,python,python,PyObject_GC_Del
7432942.0,3748943,python,python,_PyDict_Subscript
7422070.0,3748790,python,python,_PyThreadState_PushFrame
7419157.0,3748881,python,python,_PyEval_Vector
7398154.0,3749011,python,python,insert_to_emptydict
7361291.0,3748943,python,python,_PyTypeCache_Lookup
7222711.0,3748817,python,python,_PyTypeCache_Lookup
7191188.0,3748790,python,python,store_instance_attr_lock_held
7190464.0,3748790,python,python,PyObject_Hash
7190463.0,3749011,python,python,PyObject_Vectorcall
7189537.0,3748881,python,python,list_dealloc
7185334.0,3749043,python,python,clear_slots
7184556.0,3748881,python,python,subtype_dealloc
7184315.0,3748881,python,python,dictkeys_decref.part.0.constprop.0
6958324.0,3749043,python,python,_PyEval_Vector
6954906.0,3749011,python,python,PyMethod_New
6950929.0,3748912,python,python,_PyType_AllocNoTrack
6943587.0,3748912,python,python,_PyTypeCache_Lookup
6941556.0,3748790,python,python,PyObject_Vectorcall
6941373.0,3748790,python,python,subtype_dealloc
6941214.0,3748790,python,python,list_dealloc
6941163.0,3748790,python,python,PyObject_GC_Del
6940194.0,3748790,python,libc.so.6,__GI___pthread_mutex_unlock_usercnt
6940056.0,3748881,python,python,_PyObject_Calloc
6938856.0,3748881,python,python,dict_dealloc
6938367.0,3748943,python,python,_PyUnicode_InternMortal
6936339.0,3748912,python,python,subtype_dealloc
6932437.0,3749011,python,libc.so.6,__memcpy_generic
6702119.0,3748881,python,libsqlite3.so.0.8.6,sqlite3VdbeExec
6699692.0,3748817,python,python,_Py_NewReference
6694866.0,3748817,python,python,insert_to_emptydict
6693856.0,3748790,python,python,_PyDict_Subscript
6693826.0,3749011,python,python,_Py_NewReference
6692965.0,3748912,python,python,PyMethod_New
6692905.0,3748790,python,libc.so.6,__memcpy_generic
6691066.0,3748881,python,python,take_gil
6690641.0,3749043,python,libsqlite3.so.0.8.6,sqlite3VdbeExec
6689891.0,3749043,python,libc.so.6,pthread_mutex_lock@@GLIBC_2.17
6689051.0,3748943,python,libc.so.6,pthread_mutex_lock@@GLIBC_2.17
6688849.0,3748943,python,python,insert_to_emptydict
6686365.0,3748912,python,python,insert_to_emptydict
6676966.0,3748943,python,python,dict_dealloc
6655787.0,3748817,python,python,new_dict.constprop.0
6493050.0,3748943,python,python,_PyObject_Malloc
6456987.0,3748912,python,python,PyObject_Vectorcall
6448615.0,3748817,python,libc.so.6,__memcpy_generic
6447392.0,3748790,python,python,_PyObject_Calloc
6445974.0,3748790,python,python,PyObject_GenericGetAttr
6445331.0,3748881,python,python,_PyType_AllocNoTrack
6444530.0,3748881,python,libc.so.6,__GI___pthread_mutex_unlock_usercnt
6443146.0,3748943,python,libc.so.6,__memset_zva64
6442700.0,3749043,python,python,PyMethod_New
6318173.0,3748943,python,libc.so.6,__memcpy_generic
6202288.0,3748817,python,python,_PyObject_GenericGetAttrWithDict
6201510.0,3748817,python,python,dict_dealloc
6200750.0,3748817,python,python,PyMethod_New
6200082.0,3748912,python,python,visit_decref
6199310.0,3748790,python,python,PyList_New
6198446.0,3748912,python,python,PyList_New
6196063.0,3748881,python,python,visit_decref
6195142.0,3749043,python,libc.so.6,__memset_zva64
6195031.0,3748943,python,python,PyMethod_New
6194408.0,3749043,python,python,list_dealloc
6194209.0,3749043,python,python,PyObject_GC_Del
6186085.0,3748943,python,python,_Py_VectorCall_StackRefSteal
6184235.0,3748817,python,python,list_dealloc
6183813.0,3749043,python,python,new_dict.constprop.0
6175441.0,3748817,python,python,_PyJIT_Entry
5973581.0,3749011,python,python,_PyObject_Malloc
5949374.0,3748912,python,python,_PyJIT_Entry
5948745.0,3749043,python,python,_Py_VectorCall_StackRefSteal
5948308.0,3749043,python,python,_PyUnicode_InternMortal
5946137.0,3749043,python,python,subtype_dict
5942241.0,3748881,python,python,insert_to_emptydict
5703956.0,3748912,python,python,_PyObject_GenericGetAttrWithDict
5702398.0,3749011,python,python,_PyDict_Subscript
5702290.0,3749011,python,python,_PyObject_GetMethodStackRef
5701677.0,3748817,python,libc.so.6,__GI___pthread_mutex_unlock_usercnt
5701126.0,3748790,python,python,find_empty_slot
5700959.0,3749043,python,python,_PyDict_Subscript
5700533.0,3748790,python,python,PyMethod_New
5699370.0,3749011,python,python,_PyThreadState_PushFrame
5698874.0,3748881,python,python,_PyObject_GenericGetAttrWithDict
5698549.0,3748912,python,python,_PyEval_Vector
5689790.0,3749043,python,libc.so.6,__memcpy_generic
5646741.0,3748817,python,python,_PyObject_StoreInstanceAttribute
5645111.0,3748912,python,python,store_instance_attr_lock_held
5456787.0,3748943,python,python,_Py_type_getattro_stackref
5456602.0,3748817,python,python,method_dealloc
5454800.0,3748790,python,python,new_dict.constprop.0
5454265.0,3749011,python,python,_PyFunction_Vectorcall
5454054.0,3748790,python,python,take_gil
5453788.0,3749011,python,python,new_dict.constprop.0
5453477.0,3748790,python,python,_Py_BuildMap_StackRefSteal
5452156.0,3748790,python,python,_Py_type_getattro_stackref
5450308.0,3748881,python,libc.so.6,__memcpy_generic
5449516.0,3748943,python,python,PyMem_Free
5446061.0,3748912,python,libc.so.6,__memcpy_generic
5440381.0,3748881,python,python,PyMethod_New
5418386.0,3748943,python,python,list_dealloc
5414719.0,3748881,python,python,_PyObject_Malloc
5358729.0,3748912,python,python,_PyDict_Subscript
5219609.0,3748790,python,python,_PyStack_UnpackDict
5209502.0,3749011,python,python,_PyObject_GenericGetAttrWithDict
5208344.0,3749011,python,python,_Py_type_getattro_stackref
5208005.0,3748912,python,python,_PyObject_Malloc
5207087.0,3748790,python,python,_PyObject_GC_New
5206960.0,3748912,python,python,PyThread_get_thread_ident
5206768.0,3749011,python,python,PyObject_GenericGetAttr
5206578.0,3749011,python,python,_Py_VectorCall_StackRefSteal
5206283.0,3748790,python,python,method_dealloc
5206195.0,3748912,python,python,_Py_VectorCall_StackRefSteal
5205992.0,3748943,python,python,take_gil
5205828.0,3749011,python,python,PyObject_Call
5205388.0,3748912,python,python,PyObject_Call
5200806.0,3748790,python,python,PyTuple_FromArray.part.0
5200713.0,3749043,python,python,_PyThreadState_PushFrame
5194707.0,3748943,python,python,_PyThreadState_PushFrame
4960410.0,3748817,python,python,_PyDict_Subscript
4958915.0,3748790,python,python,_PyUnicode_InternMortal
4958749.0,3748943,python,python,_PyJIT_Entry
4958216.0,3749043,python,python,PyObject_GenericGetAttr
4957789.0,3748912,python,libc.so.6,__GI___pthread_mutex_unlock_usercnt
4957061.0,3748790,python,python,PyUnicode_RichCompare
4956790.0,3748943,python,python,PyObject_Hash
4956725.0,3749043,python,python,_PyJIT_Entry
4956302.0,3748943,python,libc.so.6,__GI___pthread_mutex_unlock_usercnt
4956140.0,3749011,python,python,_PyUnicode_InternMortal
4955745.0,3748790,python,python,_PyObject_StoreInstanceAttribute
4955640.0,3748881,python,python,_PyDict_Subscript
4954783.0,3748943,python,python,new_dict.constprop.0
4943166.0,3748790,python,python,visit_decref
4905859.0,3748943,python,python,unicodekeys_lookup_unicode
4861393.0,3748817,python,python,unicodekeys_lookup_unicode
4745686.0,3749011,python,python,unicodekeys_lookup_unicode
4713928.0,3748912,python,python,list_dealloc
4713751.0,3748817,python,python,setiter_iternext
4712813.0,3748817,python,python,take_gil
4712245.0,3748817,python,libc.so.6,__memset_zva64
4711938.0,3748817,python,python,clear_slots
4711878.0,3748943,python,python,_PyObject_Calloc
4711588.0,3748817,python,python,_Py_VectorCall_StackRefSteal
4710982.0,3748790,python,python,PyUnicode_Format
4710815.0,3748790,python,python,PyObject_Call
4710190.0,3748881,python,python,_Py_dict_lookup
4709901.0,3748817,python,python,_Py_BuildMap_StackRefSteal
4709245.0,3748943,python,python,store_instance_attr_lock_held
4708715.0,3748881,python,python,new_dict.constprop.0
4708140.0,3748881,python,python,PyObject_Vectorcall
4707975.0,3748881,python,python,_PyObject_StoreInstanceAttribute
4703696.0,3748943,python,python,_PyObject_MakeTpCall
4701964.0,3748817,python,python,store_instance_attr_lock_held
4699307.0,3748881,python,python,store_instance_attr_lock_held
4693009.0,3748881,python,python,unicodekeys_lookup_unicode
4684708.0,3748912,python,python,PyObject_Hash
4506410.0,3748943,python,python,PyList_New
4470609.0,3749011,python,python,_PyFrame_ClearExceptCode
4464450.0,3748817,python,python,dict_merge
4464343.0,3748817,python,python,_PyThreadState_PushFrame
4464168.0,3748912,python,python,unicodekeys_lookup_unicode
4464048.0,3748912,python,python,_PyObject_GetAttrStackRef
4463769.0,3748790,python,python,PyDict_Next
4463567.0,3748881,python,python,_PyObject_Free
4463261.0,3749011,python,python,list_dealloc
4463139.0,3748881,python,python,PyList_New
4463076.0,3748912,python,python,clear_slots
4462931.0,3748912,python,python,_PyObject_Calloc
4462665.0,3748790,python,python,unicode_from_format
4462208.0,3749011,python,python,method_dealloc
4460595.0,3749043,python,python,_PyObject_StoreInstanceAttribute
4460448.0,3748881,python,python,_PyUnicode_InternMortal
4460300.0,3748943,python,python,clear_slots
4460198.0,3749011,python,python,PyList_New.constprop.0
4460195.0,3748881,python,python,PyObject_GenericGetAttr
4459300.0,3748943,python,python,visit_decref
4458033.0,3748943,python,python,PyType_GenericAlloc
4456262.0,3749043,python,python,method_dealloc
4450208.0,3748817,python,python,_PyUnicode_InternMortal
4236885.0,3748912,python,python,dict_merge
4221654.0,3749011,python,python,_Py_VectorCallInstrumentation_StackRefSteal
4217660.0,3749011,python,python,PyList_New
4217158.0,3748790,python,python,_Py_VectorCallInstrumentation_StackRefSteal
4216981.0,3748817,python,python,_PyObject_Free
4215944.0,3749011,python,python,_PyObject_GC_New
4215870.0,3749011,python,python,initialize_locals
4215757.0,3748912,python,python,PyTuple_FromArray.part.0
4215556.0,3749011,python,python,_PyObject_MakeTpCall
4215359.0,3748912,python,python,PyObject_GenericGetAttr
4215303.0,3748790,python,python,PyThread_get_thread_ident
4215167.0,3748912,python,python,subtype_dict
4214861.0,3748912,python,python,method_dealloc
4214831.0,3749011,python,python,_PyDict_FromItems
4214004.0,3749011,python,python,PyDict_New
4213981.0,3748790,python,python,PyObject_Free
4213673.0,3748943,python,python,PyObject_Vectorcall
4213258.0,3748881,python,python,_PyObject_MakeTpCall
4213216.0,3748881,python,libc.so.6,__memset_zva64
4213152.0,3749043,python,python,PyDict_New
4213073.0,3748881,python,python,_PyThreadState_PushFrame
4213046.0,3748943,python,python,_PyObject_StoreInstanceAttribute
4212840.0,3748881,python,python,_Py_VectorCallInstrumentation_StackRefSteal
4212811.0,3748943,python,python,method_dealloc
4212793.0,3748943,python,python,PyThread_get_thread_ident
4212716.0,3748881,python,python,weakref___new__
4212565.0,3748943,python,libc.so.6,malloc
4212114.0,3748943,python,python,_Py_BuildMap_StackRefSteal
4210874.0,3749043,python,python,PyObject_Vectorcall
4210873.0,3749043,python,libc.so.6,malloc
4209943.0,3748943,python,python,PyObject_Malloc
4204641.0,3748817,python,python,PyObject_ClearManagedDict
4199140.0,3748943,python,python,_PyObject_GC_New
4191085.0,3748817,python,python,PyObject_Hash
4187221.0,3749043,python,libsqlite3.so.0.8.6,sqlite3Parser
3968841.0,3748817,python,python,subtype_dict
3968203.0,3748912,python,python,_PyFrame_ClearExceptCode
3968150.0,3748817,python,python,_PyEvalFramePushAndInit_Ex
3967651.0,3749011,python,python,store_instance_attr_lock_held
3967594.0,3749011,python,python,_PyMember_GetOffset
3967477.0,3748912,python,python,new_dict.constprop.0
3967423.0,3748790,python,python,_PyDict_SetItem_Take2
3967416.0,3748817,python,python,_PyFunction_Vectorcall
3967033.0,3748912,python,python,take_gil
3966871.0,3748790,python,python,_Py_VectorCall_StackRefSteal
3966671.0,3749011,python,python,_PyStack_UnpackDict
3966330.0,3748790,python,python,PyType_GenericAlloc
3966300.0,3749011,python,python,unicode_from_format
3966215.0,3749043,python,python,PyObject_ClearManagedDict
3966113.0,3749043,python,python,_PyObject_Calloc
3965789.0,3748881,python,python,_Py_type_getattro_stackref
3965635.0,3748943,python,python,_PyObject_GetAttrStackRef
3964540.0,3748881,python,libc.so.6,malloc
3964478.0,3749043,python,python,PyUnicode_RichCompare
3964308.0,3749043,python,libsqlite3.so.0.8.6,sqlite3_mutex_enter
3963767.0,3749043,python,python,visit_decref
3963341.0,3748943,python,python,_PyFunction_Vectorcall
3957519.0,3748881,python,python,_Py_VectorCall_StackRefSteal
3951827.0,3748943,python,python,PyObject_GenericGetAttr
3950694.0,3748881,python,python,PyList_New.constprop.0
3726777.0,3748943,python,python,subtype_traverse
3721965.0,3748817,python,libc.so.6,malloc
3721039.0,3748817,python,python,initialize_locals
3720832.0,3748817,python,python,PyMem_Free
3720806.0,3748817,python,python,PyArg_UnpackTuple
3720684.0,3748817,python,python,PyDict_Next
3720622.0,3748817,python,python,visit_decref
3720375.0,3748912,python,python,initialize_locals
3720358.0,3748817,python,libsqlite3.so.0.8.6,sqlite3Parser
3720105.0,3748912,python,python,_Py_dict_lookup
3720101.0,3748817,python,python,PyDict_New
3720030.0,3748817,python,python,_PyObject_Calloc
3719829.0,3748912,python,python,PyDict_SetItem
3719338.0,3748790,python,python,PyArg_UnpackTuple
3719306.0,3748912,python,python,_PyObject_GC_New
3718990.0,3748881,python,python,_PyFrame_ClearExceptCode
3718891.0,3749011,python,python,PyUnicode_RichCompare
3718798.0,3748790,python,python,_PyObject_MakeTpCall
3718681.0,3748912,python,python,PyDict_Next
3718627.0,3748790,python,python,PyDict_New
3718608.0,3748912,python,libsqlite3.so.0.8.6,sqlite3Parser
3718473.0,3748790,python,python,getset_get
3718381.0,3748790,python,libc.so.6,malloc
3718379.0,3748790,python,libsqlite3.so.0.8.6,sqlite3DbMallocRawNN
3718328.0,3749011,python,python,PyCMethod_New
3718254.0,3749011,python,python,PyThread_get_thread_ident
3717898.0,3748817,python,python,_PyObject_MakeTpCall
3717480.0,3748881,python,python,PyType_GenericAlloc
3717421.0,3748943,python,python,_Py_VectorCallInstrumentation_StackRefSteal
3717293.0,3748912,python,python,PyMem_Free
3717105.0,3748943,python,python,PyUnicode_RichCompare
3716853.0,3749043,python,python,PyDict_Next
3716448.0,3749043,python,python,PyObject_Malloc
3716184.0,3749043,python,python,PyObject_Hash
3715398.0,3748881,python,python,PyMem_Free
3704882.0,3748817,python,python,PyObject_Vectorcall
3702876.0,3748943,python,python,PyObject_GC_Del
3475587.0,3748817,python,python,__aarch64_ldclr8_acq_rel
3473673.0,3749043,python,python,store_instance_attr_lock_held
3473468.0,3748817,python,python,_PyObject_GetAttrStackRef
3472631.0,3748817,python,python,PyObject_GenericGetAttr
3471855.0,3748943,python,libsqlite3.so.0.8.6,sqlite3Parser
3471770.0,3748817,python,python,PyUnicode_RichCompare
3471628.0,3748912,python,python,getset_get
3471533.0,3748912,python,python,PyUnicode_RichCompare
3471492.0,3749011,python,python,PyObject_Malloc
3471303.0,3748790,python,python,_PyObject_Realloc
3471101.0,3748912,python,python,PyObject_Malloc
3470646.0,3749043,python,python,PyFunction_NewWithQualName
3470535.0,3748790,python,python,setiter_iternext
3470508.0,3748790,python,python,PyObject_Malloc
3470407.0,3749011,python,libc.so.6,malloc
3470321.0,3748881,python,python,PyUnicode_RichCompare
3469872.0,3748943,python,python,_PyStack_UnpackDict
3469809.0,3748943,python,python,_Py_Dealloc
3469787.0,3748943,python,python,PyTuple_FromArray.part.0
3469752.0,3749043,python,python,PyMem_Free
3469583.0,3748881,python,python,_PyObject_Realloc
3469535.0,3748943,python,python,PyDict_New
3469442.0,3748943,python,python,PyObject_Call
3469396.0,3748881,python,python,subtype_dict
3469337.0,3748881,python,python,PyObject_Hash
3468103.0,3749043,python,python,find_empty_slot
3465511.0,3748912,python,python,_PyStack_UnpackDict
3464812.0,3748943,python,python,dict_merge
3464028.0,3748881,python,python,__aarch64_ldclr8_acq_rel
3461211.0,3749043,python,python,PyList_New.constprop.0
3460967.0,3749043,python,python,PyThread_get_thread_ident
3454035.0,3749043,python,python,PyList_New
3369014.0,3748943,python,python,_Py_dict_lookup
3263898.0,3749011,python,python,_PyObject_TryGetInstanceAttribute
3258889.0,3748817,python,python,PyObject_CallOneArg
3234517.0,3749011,python,python,PyObject_Hash
3231018.0,3748790,python,libc.so.6,pthread_mutex_unlock@@GLIBC_2.17
3228489.0,3748943,python,python,PyObject_ClearManagedDict
3226922.0,3748912,python,python,_PyFunction_Vectorcall
3223862.0,3748790,python,python,_PyList_FromStackRefStealOnSuccess
3223777.0,3748790,python,python,dict_merge
3223416.0,3749011,python,python,PyDescr_IsData
3223346.0,3748943,python,python,_PyObject_Free
3223098.0,3748790,python,python,PyMem_Free
3222740.0,3749011,python,python,clear_slots
3222350.0,3748790,python,python,_PyThreadState_Attach
3222334.0,3749011,python,libsqlite3.so.0.8.6,0x00000000000a1110
3222312.0,3748790,python,python,weakref___new__
3222310.0,3748790,python,python,make_dict_from_instance_attributes
3222159.0,3748881,python,python,_PyFunction_Vectorcall
3222122.0,3748790,python,python,slot_tp_init
3222077.0,3748912,python,python,_PyObject_MakeTpCall
3221785.0,3748943,python,python,_Py_CallBuiltinClass_StackRef
3221733.0,3749043,python,python,take_gil
3221625.0,3748943,python,python,PyList_New.constprop.0
3221607.0,3748790,python,python,__aarch64_ldclr8_acq_rel
3221360.0,3749043,python,python,_Py_VectorCallInstrumentation_StackRefSteal
3221111.0,3748943,python,python,find_empty_slot
3221028.0,3748881,python,python,clear_slots
3220649.0,3748943,python,python,subtype_dict
3220531.0,3748881,python,python,PyObject_Call
3220457.0,3748912,python,python,unicode_from_format
3220009.0,3748881,python,libsqlite3.so.0.8.6,0x00000000000a1120
3216606.0,3749043,python,python,PyObject_Call
3216060.0,3748881,python,libsqlite3.so.0.8.6,sqlite3Parser
3215667.0,3748881,python,python,PyArg_UnpackTuple
3215383.0,3748943,python,python,PyUnicode_Format
3213178.0,3748790,python,python,PyFunction_NewWithQualName
3202043.0,3749011,python,python,build_indices_unicode
3002753.0,3748817,python,python,_PyObject_Realloc
2996151.0,3749011,python,libsqlite3.so.0.8.6,sqlite3Parser
2982669.0,3749011,python,python,PyDict_Next
2980097.0,3748912,python,libsqlite3.so.0.8.6,0x00000000000a1120
2977751.0,3748817,python,python,_PyFrame_ClearExceptCode
2977113.0,3748817,python,python,_Py_Dealloc
2976989.0,3748817,python,python,_PyObject_Malloc
2976766.0,3748881,python,python,_Py_BuildMap_StackRefSteal
2976707.0,3748912,python,python,_PyType_LookupStackRefAndVersion
2976619.0,3748817,python,python,tuple_alloc
2976420.0,3748817,python,python,build_indices_unicode
2976010.0,3749011,python,python,_Py_Dealloc
2975661.0,3748912,python,libc.so.6,malloc
2975530.0,3748912,python,python,weakref___new__
2975480.0,3748790,python,python,PyObject_ClearWeakRefs
2975458.0,3748912,python,python,PyObject_ClearManagedDict
2975450.0,3749011,python,python,PyObject_ClearManagedDict
2975384.0,3748790,python,libsqlite3.so.0.8.6,sqlite3_mutex_enter
2975329.0,3749011,python,python,take_gil
2975234.0,3749011,python,python,setitem_take2_lock_held
2975085.0,3748790,python,python,set_add_entry_takeref
2975053.0,3749011,python,libsqlite3.so.0.8.6,sqlite3VdbeHalt
2974888.0,3749011,python,python,PyDict_SetItem
2974856.0,3749011,python,python,visit_decref
2974785.0,3748881,python,python,dict_merge
2974533.0,3748790,python,python,PyCMethod_New
2974452.0,3748790,python,libsqlite3.so.0.8.6,sqlite3Parser
2974388.0,3749043,python,python,PyObject_CallOneArg
2974387.0,3749011,python,python,_list_extend
2974223.0,3748790,python,python,_PyObject_VectorcallPrepend
2974179.0,3749043,python,python,build_indices_unicode
2974134.0,3748881,python,python,slot_tp_init
2973923.0,3749043,python,python,_PyObject_Realloc
2973710.0,3749011,python,python,make_dict_from_instance_attributes
2973694.0,3749043,python,python,weakref___new__
2973592.0,3748790,python,python,func_dealloc
2973452.0,3748881,python,python,PyObject_Malloc
2973293.0,3748943,python,python,slot_tp_init
2973100.0,3749043,python,python,_PyStack_UnpackDict
2972768.0,3748881,python,python,PyUnicode_Format
2972527.0,3748790,python,libsqlite3.so.0.8.6,0x00000000000a1120
2970230.0,3748912,python,python,_Py_type_getattro_stackref
2970040.0,3748943,python,python,_PyMember_GetOffset
2969440.0,3748943,python,python,unicode_from_format
2968906.0,3748912,python,python,_PyDict_FromItems
2967110.0,3748817,python,python,_PyStack_UnpackDict
2957628.0,3748912,python,python,PyList_New.constprop.0
2955010.0,3749011,python,libsqlite3.so.0.8.6,sqlite3_mutex_enter
2742979.0,3749011,python,python,tuple_hash
2731107.0,3749011,python,python,_Py_dict_lookup
2729644.0,3749011,python,python,_PyType_LookupStackRefAndVersion
2728934.0,3748817,python,python,PyDict_GetItemRef
2728859.0,3748817,python,python,slot_tp_init
2728799.0,3748817,python,python,PyList_New
2728661.0,3748817,python,python,_PyObject_MaterializeManagedDict
2728580.0,3748817,python,python,_Py_VectorCallInstrumentation_StackRefSteal
2728444.0,3748817,python,python,PyObject_Malloc
2728400.0,3748817,python,python,_PyList_FromStackRefStealOnSuccess
2728262.0,3749011,python,python,tuple_alloc
2728175.0,3748912,python,python,make_dict_from_instance_attributes
2728129.0,3748817,python,libsqlite3.so.0.8.6,sqlite3Malloc
2728098.0,3748912,python,python,_PyThreadState_PushFrame
2728058.0,3748817,python,python,tp_new_wrapper
2727866.0,3749011,python,python,_PyObject_GC_Link
2727814.0,3748817,python,python,PyUnicode_Format
2727770.0,3749011,python,python,_PyObject_Calloc
2727729.0,3748817,python,python,long_to_decimal_string_internal
2727670.0,3748790,python,python,PyObject_ClearManagedDict
2727606.0,3748881,python,python,_PyObject_GetAttrStackRef
2727584.0,3748881,python,python,_Py_Dealloc
2727477.0,3749011,python,python,_PyObject_StoreInstanceAttribute
2727400.0,3748790,python,python,_PyDict_SetItem_LockHeld
2727349.0,3748790,python,python,insert_split_key
2727283.0,3748790,python,python,type_call
2727207.0,3748790,python,python,_PyObject_GC_Link
2727040.0,3748881,python,python,PyThread_get_thread_ident
2726972.0,3748912,python,python,PyType_GenericAlloc
2726923.0,3748881,python,python,getset_get
2726918.0,3748881,python,python,PyDescr_IsData
2726892.0,3748790,python,python,_PyEvalFramePushAndInit_Ex
2726871.0,3748943,python,python,long_to_decimal_string_internal
2726572.0,3749011,python,python,PyFunction_NewWithQualName
2726529.0,3748881,python,python,clone_combined_dict_keys
2726525.0,3749011,python,python,_PyEvalFramePushAndInit_Ex
2726310.0,3748881,python,libc.so.6,strchr
2726240.0,3748943,python,python,PyObject_RichCompare
2726221.0,3749043,python,python,PyCMethod_New
2726180.0,3748943,python,python,PyObject_Free
2726175.0,3748943,python,python,PyCMethod_New
2726132.0,3748881,python,python,_Py_slot_tp_getattr_hook
2726115.0,3748912,python,python,_PyObject_MaterializeManagedDict
2726093.0,3749043,python,python,_PyCallMethodDescriptorFast_StackRef
2726049.0,3748943,python,python,_PyList_FromStackRefStealOnSuccess
2725925.0,3748912,python,python,_Py_BuildMap_StackRefSteal
2725869.0,3748943,python,python,type_call
2725851.0,3749043,python,python,_PyObject_Call_Prepend
2725789.0,3748881,python,libsqlite3.so.0.8.6,sqlite3VdbeHalt
2725758.0,3749043,python,python,unicode_from_format
2725661.0,3748943,python,python,_PyObject_VectorcallDictTstate
2725598.0,3748943,python,python,make_dict_from_instance_attributes
2725530.0,3748881,python,python,_PyObject_GC_Link
2725458.0,3748943,python,libsqlite3.so.0.8.6,sqlite3MemoryBarrier
2725432.0,3748881,python,python,PyDict_Next
2725395.0,3749043,python,python,_Py_CallBuiltinClass_StackRef
2725111.0,3748912,python,libsqlite3.so.0.8.6,sqlite3Malloc
2724389.0,3749043,python,python,PyType_GetModuleByDef
2723351.0,3749043,python,python,type_call
2722814.0,3748943,python,python,_PyObject_GenericGetAttrWithDict
2722773.0,3748881,python,python,_PyObject_GC_New
2718544.0,3748881,python,python,setiter_iternext
2717989.0,3748817,python,python,_Py_type_getattro_stackref
2714724.0,3748881,python,python,_PyEvalFramePushAndInit_Ex
2711352.0,3749011,python,python,type_call
2709838.0,3749011,python,python,setiter_iternext
2708675.0,3749043,python,python,_PyThreadState_Attach
2706897.0,3749011,python,python,PyMem_Free
2703409.0,3748817,python,python,_PyStaticType_GetState
2533366.0,3749011,python,python,tuple_dealloc
2514022.0,3748817,python,python,unicode_hash
2500344.0,3748817,python,python,dict_get
2497084.0,3748817,python,python,PyObject_GC_UnTrack
2494073.0,3748817,python,python,_PyObject_GC_Link
2491522.0,3748912,python,libsqlite3.so.0.8.6,sqlite3VdbeHalt
2488309.0,3748817,python,python,clone_combined_dict_keys
2486978.0,3748817,python,python,PyFunction_NewWithQualName
2485276.0,3748912,python,python,find_empty_slot
2484200.0,3748817,python,libc.so.6,pthread_mutex_unlock@@GLIBC_2.17
2483963.0,3748790,python,libsqlite3.so.0.8.6,0x00000000000a10d0
2483219.0,3748790,python,python,PyCell_New
2482646.0,3748943,python,python,_PyDict_GetMethodStackRef
2480832.0,3748817,python,python,_Py_dict_lookup
2480336.0,3748817,python,libsqlite3.so.0.8.6,sqlite3StatusUp
2480293.0,3749043,python,python,clone_combined_dict_keys
2480251.0,3749011,python,python,_PyObject_GetAttrStackRef
2480227.0,3748817,python,python,_PyMember_GetOffset
2480164.0,3748912,python,python,_PyObject_Call_Prepend
2480070.0,3748817,python,python,PyThread_get_thread_ident
2480027.0,3748912,python,python,PyDescr_IsData
2479952.0,3748817,python,python,type_call
2479930.0,3748912,python,python,tuple_dealloc
2479851.0,3748790,python,libsqlite3.so.0.8.6,sqlite3_mutex_leave
2479850.0,3748912,python,python,_PyObject_TryGetInstanceAttribute
2479831.0,3748817,python,python,dictresize
2479812.0,3749011,python,python,weakref___new__
2479790.0,3749011,python,python,find_empty_slot
2479736.0,3748912,python,python,PySequence_Contains
2479695.0,3748817,python,python,_PyDict_SetItem_LockHeld
2479689.0,3748817,python,libc.so.6,strchr
2479677.0,3748817,python,python,PyList_New.constprop.0
2479648.0,3748912,python,python,gc_collect_main
2479647.0,3748790,python,python,dict_get
2479641.0,3748817,python,python,_PyDict_FromItems
2479638.0,3749011,python,python,subtype_dict
2479632.0,3749011,python,python,PyArg_UnpackTuple
2479592.0,3749011,python,python,_PyObject_VectorcallPrepend
2479579.0,3748817,python,python,PyObject_RichCompare
2479454.0,3748912,python,python,tp_new_wrapper
2479426.0,3748912,python,libc.so.6,pthread_mutex_unlock@@GLIBC_2.17
2479337.0,3748912,python,python,_Py_VectorCallInstrumentation_StackRefSteal
2479303.0,3749011,python,libsqlite3.so.0.8.6,sqlite3StatusUp
2479293.0,3748881,python,python,PyObject_ClearManagedDict
2479263.0,3748881,python,python,_PyObject_TryGetInstanceAttribute
2479203.0,3749011,python,libc.so.6,pthread_mutex_unlock@@GLIBC_2.17
2479141.0,3748817,python,python,_PyTuple_FromArraySteal
2479080.0,3748790,python,python,_PyDict_FromItems
2479033.0,3748912,python,python,PyArg_UnpackTuple
2478894.0,3749043,python,python,PyMem_Malloc
2478729.0,3749043,python,python,list_iter
2478642.0,3748943,python,python,tp_new_wrapper
2478545.0,3749043,python,python,__aarch64_ldclr8_acq_rel
2478538.0,3749011,python,python,PyObject_Free
2478531.0,3748943,python,libsqlite3.so.0.8.6,sqlite3_mutex_leave
2478524.0,3749043,python,python,tp_new_wrapper
2478462.0,3748790,python,python,PyObject_CallOneArg
2478454.0,3748943,python,python,PyArg_UnpackTuple
2478421.0,3748943,python,python,initialize_locals
2478341.0,3748912,python,python,dictiter_iternextitem
2478182.0,3748943,python,python,func_clear
2478164.0,3748881,python,libsqlite3.so.0.8.6,sqlite3DbMallocRawNN
2478051.0,3749043,python,python,_PyObject_MakeTpCall
2477874.0,3748881,python,python,build_indices_unicode
2477506.0,3748943,python,libsqlite3.so.0.8.6,0x00000000000a10d0
2477233.0,3748881,python,python,long_to_decimal_string_internal
2477219.0,3748881,python,python,method_dealloc
2477209.0,3749043,python,python,_PyFunction_Vectorcall
2476747.0,3748943,python,python,tuple_hash
2476510.0,3748881,python,libsqlite3.so.0.8.6,sqlite3RunParser
2473996.0,3749043,python,python,_PyObject_GC_New
2471107.0,3749011,python,python,_Py_BuildMap_StackRefSteal
2471014.0,3748943,python,libsqlite3.so.0.8.6,sqlite3GetToken
2468261.0,3748943,python,python,_PyFrame_ClearExceptCode
2463919.0,3749043,python,python,PyObject_ClearWeakRefs
2440807.0,3748790,python,libsqlite3.so.0.8.6,sqlite3MemoryBarrier
2281461.0,3748817,python,python,PyTuple_FromArray.part.0
2245868.0,3748817,python,python,getset_get
2241166.0,3748790,python,python,subtype_dict
2238820.0,3748881,python,python,PyBool_FromLong
2235783.0,3749011,python,python,_PyObject_Free
2235336.0,3748817,python,python,unicode_from_format
2234980.0,3749011,python,python,getset_get
2234931.0,3748817,python,python,_PyType_LookupStackRefAndVersion
2234284.0,3748790,python,python,_PyObject_InitInlineValues
2234258.0,3748817,python,libc.so.6,_int_free
2234174.0,3748943,python,python,setiter_iternext
2233450.0,3749043,python,libsqlite3.so.0.8.6,sqlite3_free
2233439.0,3748817,python,libsqlite3.so.0.8.6,0x00000000000a1120
2232884.0,3748817,python,python,PyObject_Call
2232717.0,3748817,python,python,PyObject_Free
2232571.0,3748817,python,libsqlite3.so.0.8.6,sqlite3RunParser
2232555.0,3748912,python,python,dict_dealloc
2232513.0,3748943,python,python,dict_get
2232407.0,3748912,python,python,_Py_Dealloc
2232289.0,3748817,python,python,weakref___new__
2232284.0,3748790,python,python,_PyObject_VectorcallDictTstate
2232089.0,3748817,python,python,slot_nb_bool
2232079.0,3748912,python,python,__aarch64_ldclr8_acq_rel
2231976.0,3748817,python,python,_Py_CallBuiltinClass_StackRef
2231867.0,3749011,python,libsqlite3.so.0.8.6,sqlite3_mutex_leave
2231856.0,3748790,python,python,tuple_hash
2231758.0,3748912,python,python,_PyObject_VectorcallDictTstate
2231752.0,3748817,python,python,make_dict_from_instance_attributes
2231672.0,3749011,python,python,PyType_GenericAlloc
2231671.0,3748912,python,python,PyObject_GenericSetAttr
2231660.0,3748790,python,python,PyDescr_IsData
2231651.0,3748790,python,python,cell_dealloc
2231595.0,3748881,python,python,_PyDict_SetItem_Take2
2231571.0,3749011,python,python,lookup_method_ex.constprop.0
2231482.0,3749011,python,python,slot_tp_init
2231389.0,3748790,python,libc.so.6,memcmp
2231367.0,3749011,python,python,PyTuple_FromArray.part.0
2231320.0,3749011,python,python,listiter_next
2231320.0,3748912,python,python,_PyDict_GetMethodStackRef
2231310.0,3748881,python,python,subtype_traverse
2231307.0,3748881,python,python,find_empty_slot
2231236.0,3748790,python,python,_Py_BuiltinCallFast_StackRef
2231199.0,3748790,python,python,long_to_decimal_string_internal
2231174.0,3748912,python,python,insert_split_key
2230948.0,3748790,python,_sqlite3.cpython-316-aarch64-linux-gnu.so,_pysqlite_query_execute
2230940.0,3748912,python,python,_PyObject_GC_Link
2230890.0,3748881,python,python,dict_get
2230870.0,3748912,python,python,_list_extend
2230770.0,3748790,python,libsqlite3.so.0.8.6,sqlite3DbNNFreeNN
2230725.0,3748881,python,python,PyObject_Free
2230607.0,3748943,python,python,PyDict_Next
2230569.0,3748881,python,python,insert_split_key
2230560.0,3748943,python,python,tuple_richcompare
2230429.0,3748943,python,python,dictresize
2230427.0,3748790,python,libc.so.6,_int_free
2230354.0,3749043,python,python,PyType_GenericAlloc
2230333.0,3749043,python,python,_Py_type_getattro_stackref
2230326.0,3748912,python,libsqlite3.so.0.8.6,sqlite3DbMallocRawNN
2230289.0,3749043,python,python,PyUnicode_Format
2230269.0,3748881,python,python,PyFunction_NewWithQualName
2230266.0,3748943,python,python,_PyCallMethodDescriptorFast_StackRef
2230227.0,3749043,python,python,_Py_slot_tp_getattr_hook
2230163.0,3748881,python,python,slot_nb_bool
2230117.0,3748881,python,python,PyDict_SetItem
2230114.0,3749043,python,python,_PyEvalFramePushAndInit_Ex
2230004.0,3748881,python,python,PyObject_CallOneArg
2230002.0,3748943,python,libsqlite3.so.0.8.6,0x00000000000a1120
2229908.0,3749043,python,libsqlite3.so.0.8.6,sqlite3_mutex_leave
2229881.0,3748881,python,python,tuple_richcompare
2229248.0,3749043,python,python,PyObject_RichCompare
2229120.0,3749043,python,python,_PyObject_VectorcallDictTstate
2229114.0,3748943,python,libsqlite3.so.0.8.6,sqlite3_mutex_enter
2229043.0,3749043,python,python,_PyList_FromStackRefStealOnSuccess
2228668.0,3748881,python,python,make_dict_from_instance_attributes
2228580.0,3748912,python,libsqlite3.so.0.8.6,sqlite3_mutex_enter
2227935.0,3748943,python,python,_PyEvalFramePushAndInit_Ex
2226582.0,3748943,python,python,tuple_alloc
2226314.0,3748881,python,python,_PyDict_MergeUniq
2225884.0,3748881,python,_sqlite3.cpython-316-aarch64-linux-gnu.so,pysqlite_connection_cursor
2224439.0,3748943,python,python,PyObject_RichCompareBool
2221960.0,3748912,python,libsqlite3.so.0.8.6,sqlite3MallocSize
2221380.0,3748912,python,python,_PyObject_StoreInstanceAttribute
2221338.0,3748912,python,python,PyObject_CallOneArg
2217042.0,3748943,python,python,drop_gil
2214052.0,3749043,python,python,PyObject_Free
2187367.0,3748912,python,python,setiter_iternext
2003480.0,3748912,python,libsqlite3.so.0.8.6,sqlite3_mutex_leave
1995299.0,3748943,python,python,PyDict_SetItem
1993667.0,3748881,python,python,drop_gil
1989358.0,3748817,python,python,dict_dealloc
1986778.0,3749011,python,libsqlite3.so.0.8.6,sqlite3GetToken
1985940.0,3748790,python,python,tp_new_wrapper
1985934.0,3748817,python,python,dict_length
1985140.0,3748817,python,python,list_to_tuple
1984811.0,3748790,python,python,listiter_next
1984565.0,3748817,python,python,subtype_traverse
1984509.0,3748817,python,python,_PyEvalFramePushAndInit
1984486.0,3748817,python,python,PyObject_SetAttr
1984340.0,3748817,python,libsqlite3.so.0.8.6,sqlite3_mutex_enter
1984340.0,3748817,python,libsqlite3.so.0.8.6,0x000000000009f250
1984222.0,3748912,python,python,PyTuple_New
1984208.0,3748817,python,python,_PyDict_GetMethodStackRef
1984085.0,3748912,python,python,_PyThreadState_Attach
1984080.0,3748912,python,python,_Py_slot_tp_getattr_hook
1984053.0,3748817,python,python,PyMem_Malloc
1984051.0,3748912,python,python,_PyObject_Free
1984043.0,3749011,python,python,_Py_CheckFunctionResult
1983954.0,3748790,python,python,_PyObject_MaterializeManagedDict
1983934.0,3748912,python,python,_Py_CallBuiltinClass_StackRef
1983928.0,3748790,python,python,object_richcompare
1983918.0,3748912,python,python,slot_tp_init
1983881.0,3748790,python,python,PyList_New.constprop.0
1983826.0,3749011,python,python,_PyObject_Call_Prepend
1983802.0,3748817,python,libsqlite3.so.0.8.6,0x00000000000a10d0
1983754.0,3748912,python,python,PyObject_SetAttr
1983739.0,3749011,python,python,_PyList_FromStackRefStealOnSuccess
1983727.0,3748881,python,python,tuple_hash
1983711.0,3748912,python,python,_PyObject_Realloc
1983671.0,3748943,python,python,_PyType_LookupStackRefAndVersion
1983650.0,3749011,python,python,slot_nb_bool
1983635.0,3749011,python,libc.so.6,cfree@GLIBC_2.17
1983605.0,3748912,python,python,PyTuple_FromArray
1983587.0,3748817,python,python,_Py_slot_tp_getattr_hook
1983538.0,3749011,python,python,clone_combined_dict_keys
1983538.0,3748817,python,python,PyType_GenericAlloc
1983509.0,3748881,python,python,_PyThreadState_Attach
1983499.0,3749011,python,python,long_to_decimal_string_internal
1983497.0,3749011,python,python,PyObject_GetIter
1983484.0,3749011,python,python,list_iter
1983449.0,3748912,python,python,slot_nb_bool
1983414.0,3748943,python,python,dict_dealloc
1983409.0,3748790,python,python,_PyEval_GetIter
1983352.0,3748790,python,python,PyObject_RichCompare
1983307.0,3749011,python,libc.so.6,strchr
1983287.0,3748912,python,python,subtype_traverse
1983283.0,3748790,python,python,clone_combined_dict_keys
1983255.0,3748790,python,python,subtype_traverse
1983244.0,3749043,python,python,_PyObject_VectorcallPrepend
1983201.0,3749011,python,python,_PyThreadState_Attach
1983196.0,3748790,python,libsqlite3.so.0.8.6,sqlite3Malloc
1983191.0,3748881,python,_sqlite3.cpython-316-aarch64-linux-gnu.so,_pysqlite_query_execute
1983185.0,3748943,python,python,PyObject_GenericSetAttr
1983170.0,3749011,python,python,memset@plt
1983150.0,3748790,python,python,_PyMember_GetOffset
1983133.0,3749043,python,python,_Py_BuildMap_StackRefSteal
1983128.0,3748912,python,python,_PyEvalFramePushAndInit_Ex
1983112.0,3748790,python,python,_PyTuple_FromPairSteal
1983083.0,3748881,python,python,dictresize
1983073.0,3748912,python,libsqlite3.so.0.8.6,sqlite3_stmt_busy
1983038.0,3748943,python,python,_PyStaticType_GetState
1983034.0,3748881,python,libsqlite3.so.0.8.6,sqlite3DbNNFreeNN
1983030.0,3749011,python,python,_PyDict_LoadBuiltinsFromGlobals
1983025.0,3749043,python,python,_PyMember_GetOffset
1983007.0,3748912,python,libsqlite3.so.0.8.6,sqlite3VdbeAddOp3
1982966.0,3749043,python,python,getset_get
1982955.0,3749043,python,libsqlite3.so.0.8.6,sqlite3MallocSize
1982935.0,3749011,python,python,PyMem_Malloc
1982918.0,3748881,python,python,_PyDict_GetMethodStackRef
1982917.0,3749043,python,libc.so.6,strchr
1982912.0,3748790,python,libsqlite3.so.0.8.6,sqlite3VdbeHalt
1982909.0,3748912,python,python,_PyList_FromStackRefStealOnSuccess
1982908.0,3749011,python,python,dict_merge
1982844.0,3748943,python,python,_PyEvalFramePushAndInit
1982785.0,3748881,python,python,_PyTuple_FromArraySteal
1982692.0,3748943,python,python,_PyDict_SetItem_LockHeld
1982668.0,3749043,python,python,subtype_traverse
1982646.0,3749043,python,python,dict_merge
1982644.0,3748943,python,libc.so.6,strchr
1982574.0,3748881,python,python,setitem_take2_lock_held
1982545.0,3749043,python,python,PyArg_UnpackTuple
1982539.0,3748943,python,python,PyCell_New
1982488.0,3748790,python,libsqlite3.so.0.8.6,sqlite3VdbeGoto
1982454.0,3748881,python,python,_PyList_FromStackRefStealOnSuccess
1982385.0,3748881,python,python,_PyMember_GetOffset
1982315.0,3748943,python,python,_Py_CheckFunctionResult
1982311.0,3748943,python,python,setitem_take2_lock_held
1982290.0,3749043,python,libc.so.6,pthread_mutex_unlock@@GLIBC_2.17
1982271.0,3749043,python,libsqlite3.so.0.8.6,0x00000000000a1110
1982259.0,3749043,python,python,_PyDict_FromItems
1982218.0,3748881,python,python,list_extend_lock_held
1982170.0,3749043,python,libsqlite3.so.0.8.6,0x00000000000a1120
1982166.0,3748881,python,python,PyType_GetModuleByDef
1982066.0,3749043,python,python,PyTuple_FromArray.part.0
1981940.0,3749043,python,libsqlite3.so.0.8.6,sqlite3GetToken
1981850.0,3748912,python,python,clone_combined_dict_keys
1981829.0,3748943,python,libsqlite3.so.0.8.6,sqlite3BtreeInsert
1981828.0,3748881,python,libsqlite3.so.0.8.6,sqlite3MemoryBarrier
1981600.0,3748881,python,python,_PyDict_FromItems
1981285.0,3748790,python,python,setitem_take2_lock_held
1981024.0,3748943,python,python,PyErr_Format
1980738.0,3749043,python,libc.so.6,_int_malloc
1967377.0,3749043,python,python,dictiter_iternextitem
1967260.0,3749043,python,python,memset@plt
1959447.0,3748943,python,python,PyNumber_InPlaceOr
1953468.0,3748817,python,python,PyEval_SaveThread
1774299.0,3748881,python,python,_Py_CallBuiltinClass_StackRef
1757781.0,3748881,python,python,PyCMethod_New
1743095.0,3748790,python,python,_ldict
1740366.0,3748817,python,python,object_new
1737876.0,3748943,python,python,_PyObject_Realloc
1737136.0,3748817,python,python,_PyFunction_SetVersion
1736679.0,3748817,python,python,_PyObject_TryGetInstanceAttribute
1736494.0,3748817,python,python,_PyEval_FrameClearAndPop
1736434.0,3748817,python,python,PyObject_IsTrue
1736401.0,3748817,python,python,func_dealloc
1736367.0,3748912,python,python,PyObject_GC_Del
1736267.0,3748817,python,python,_PyObject_GC_New
1736238.0,3748817,python,python,_PyThreadState_Attach
1736210.0,3748817,python,python,vgetargskeywords_impl.constprop.0
1736190.0,3748817,python,python,find_first_nonascii
1736179.0,3748912,python,python,PyObject_GC_UnTrack
1736179.0,3748817,python,python,set_add_entry_takeref
1736145.0,3748817,python,python,PyType_GetModuleByDef
1736114.0,3748912,python,python,_PyEvalFramePushAndInit
1736101.0,3748817,python,libsqlite3.so.0.8.6,sqlite3BtreeInsert
1736088.0,3748817,python,libsqlite3.so.0.8.6,sqlite3BtreeLeave
1736076.0,3748881,python,python,PyObject_GC_UnTrack
1736074.0,3748817,python,python,tuple_length
1736036.0,3749011,python,python,PyObject_GenericSetAttr
1736003.0,3749011,python,python,drop_gil
1735990.0,3749011,python,python,PyObject_CallOneArg
1735980.0,3748790,python,libsqlite3.so.0.8.6,0x00000000000a1110
1735973.0,3748881,python,python,tp_new_wrapper
1735940.0,3748790,python,libc.so.6,_int_malloc
1735903.0,3748912,python,python,dictresize
1735880.0,3748817,python,python,method_vectorcall_FASTCALL
1735823.0,3748790,python,libc.so.6,strchr
1735816.0,3748912,python,python,set_add_entry_takeref
1735814.0,3749011,python,python,PyBool_FromLong
1735801.0,3748817,python,libsqlite3.so.0.8.6,sqlite3VdbeAddOp3
1735745.0,3748790,python,python,list_extend_lock_held
1735730.0,3748790,python,libsqlite3.so.0.8.6,sqlite3DbMallocRaw
1735690.0,3748817,python,python,func_clear
1735678.0,3749011,python,python,dictresize
1735678.0,3748790,python,python,_PyStaticType_GetState
1735633.0,3748881,python,python,initialize_locals
1735607.0,3748790,python,libsqlite3.so.0.8.6,sqlite3StatusUp
1735563.0,3748790,python,python,_PyThreadState_Detach
1735557.0,3748912,python,python,PyBool_FromLong
1735524.0,3748790,python,python,_Py_BuiltinCallFastWithKeywords_StackRef
1735518.0,3748881,python,python,PyObject_GC_Del
1735362.0,3748943,python,[kernel.kallsyms],handle_softirqs
1735316.0,3749011,python,python,tuple_richcompare
1735299.0,3748790,python,python,_PyDict_GetMethodStackRef
1735273.0,3749011,python,python,PyDict_Contains
1735265.0,3748790,python,python,delitem_common
1735247.0,3748881,python,python,cell_dealloc
1735231.0,3749011,python,python,cell_dealloc
1735190.0,3748790,python,python,slot_tp_descr_get
1735172.0,3748943,python,python,PyTuple_New
1735142.0,3749011,python,python,subtype_traverse
1735109.0,3748881,python,python,_PyObject_GenericSetAttrWithDict
1735057.0,3748881,python,python,unicode_from_format
1735053.0,3748881,python,python,lookup_method_ex.constprop.0
1735039.0,3748912,python,python,PyObject_RichCompare
1735026.0,3748943,python,python,PyTuple_Pack
1735025.0,3748881,python,libsqlite3.so.0.8.6,sqlite3VdbeLeave
1735016.0,3749043,python,python,_PyObject_MaterializeManagedDict
1735010.0,3748943,python,libc.so.6,_int_malloc
1734989.0,3749043,python,python,listiter_next
1734968.0,3749043,python,python,_PyObject_GC_Link
1734954.0,3748943,python,python,_PyObject_Call_Prepend
1734948.0,3748943,python,python,PyObject_ClearWeakRefs
1734927.0,3748817,python,python,PyDescr_IsData
1734900.0,3748790,python,python,_PyForIter_VirtualIteratorNext
1734858.0,3748912,python,python,PyEval_SaveThread
1734852.0,3748943,python,python,gc_collect_main
1734851.0,3748943,python,libc.so.6,__strlen_asimd
1734827.0,3748912,python,python,make_gen
1734779.0,3749043,python,python,long_to_decimal_string_internal
1734758.0,3748881,python,libsqlite3.so.0.8.6,sqlite3_step
1734752.0,3749043,python,libc.so.6,pthread_cond_signal@@GLIBC_2.17
1734733.0,3748943,python,python,_PyObject_GC_Link
1734717.0,3748881,python,python,_PyForIter_VirtualIteratorNext
1734714.0,3748943,python,python,PyBool_FromLong
1734642.0,3749043,python,python,dict_pop
1734611.0,3748943,python,python,getset_get
1734586.0,3748943,python,python,PyDict_GetItemRef
1734552.0,3748943,python,python,PyType_GetModuleByDef
1734551.0,3748790,python,python,PyBool_FromLong
1734519.0,3749043,python,python,PyCell_New
1734512.0,3749043,python,python,setitem_take2_lock_held
1734466.0,3748943,python,python,weakref___new__
1734427.0,3748881,python,python,PySequence_Tuple
1734398.0,3749043,python,python,set_dealloc
1734362.0,3748943,python,python,PyFunction_NewWithQualName
1734357.0,3748943,python,python,float_richcompare
1734330.0,3748881,python,libsqlite3.so.0.8.6,sqlite3Malloc
1734290.0,3748943,python,libsqlite3.so.0.8.6,sqlite3Put4byte
1734239.0,3749043,python,python,PyErr_GetRaisedException
1734149.0,3748912,python,python,vgetargskeywords_impl.constprop.0
1734047.0,3748881,python,python,PyDict_New
1733781.0,3748881,python,python,dictiter_iternextitem
1732227.0,3748912,python,python,PyMember_SetOne
1729826.0,3748943,python,python,build_indices_unicode
1729624.0,3748881,python,python,_PyCallMethodDescriptorFast_StackRef
1727889.0,3749043,python,python,PyMember_SetOne
1727164.0,3748790,python,python,set_dealloc
1723841.0,3749043,python,python,_Py_CheckFunctionResult
1719823.0,3748943,python,python,tuple_dealloc
1719468.0,3748943,python,python,_PyObject_TryGetInstanceAttribute
1718808.0,3748912,python,python,memcpy@plt
1713623.0,3749043,python,python,_PyDict_MergeUniq
1710692.0,3748817,python,python,list_extend_lock_held
1511720.0,3748790,python,[kernel.kallsyms],task_mm_cid_work
1504966.0,3749011,python,python,_PyTuple_FromStackRefStealOnSuccess
1495096.0,3748943,python,python,unicode_dealloc
1492151.0,3748881,python,python,_PyDict_LoadBuiltinsFromGlobals
1491135.0,3749011,python,libsqlite3.so.0.8.6,0x000000000009f250
1490928.0,3748943,python,python,_PyDict_LoadBuiltinsFromGlobals
1490847.0,3748817,python,python,_PyCompactLong_Add
1489312.0,3748817,python,libsqlite3.so.0.8.6,sqlite3VdbeHalt
1488850.0,3748817,python,python,dict_traverse
1488714.0,3748817,python,python,gc_collect_main
1488674.0,3748790,python,python,_Py_CallBuiltinClass_StackRef
1488641.0,3748817,python,python,PyMem_Realloc
1488623.0,3748817,python,python,tuple_hash
1488607.0,3748817,python,python,PyObject_ClearWeakRefs
1488545.0,3748817,python,python,insertdict
1488511.0,3748817,python,python,lookup_method_ex.constprop.0
1488478.0,3748817,python,libsqlite3.so.0.8.6,sqlite3MemoryBarrier
1488476.0,3748817,python,python,list_iter
1488392.0,3748817,python,python,_PyForIter_VirtualIteratorNext
1488374.0,3748817,python,python,_PyEval_Vector
1488319.0,3749011,python,python,_PyType_GetDict
1488286.0,3748817,python,python,setitem_take2_lock_held
1488280.0,3748817,python,python,_PyTuple_FromStackRefStealOnSuccess
1488248.0,3748912,python,_sqlite3.cpython-316-aarch64-linux-gnu.so,_pysqlite_query_execute
1488239.0,3748817,python,python,PyObject_GetAttr
1488237.0,3748912,python,libc.so.6,__GI___pthread_mutex_unlock_usercnt
1488198.0,3748912,python,python,tuple_richcompare
1488159.0,3748817,python,python,_PyType_GetDict
1488159.0,3748790,python,python,PyObject_GetIter
1488158.0,3748912,python,python,PyFunction_NewWithQualName
1488153.0,3748912,python,python,tuple_alloc
1488144.0,3748817,python,python,float_richcompare
1488106.0,3748881,python,python,PyType_IsSubtype
1488069.0,3748817,python,libc.so.6,memcmp
1488038.0,3749011,python,python,_PyEvalFramePushAndInit
1488028.0,3748912,python,python,PySequence_Tuple
1488015.0,3748912,python,python,func_clear
1488012.0,3749011,python,python,PyObject_ClearWeakRefs
1487988.0,3748790,python,python,set_copy_impl
1487984.0,3748817,python,python,PyCell_New
1487968.0,3748790,python,python,tuple_traverse
1487965.0,3748912,python,python,type_call
1487960.0,3748817,python,libsqlite3.so.0.8.6,0x00000000000a9b28
1487951.0,3748817,python,python,_PyThreadState_Detach
1487934.0,3748790,python,libc.so.6,pthread_cond_signal@@GLIBC_2.17
1487931.0,3749011,python,python,PyType_IsSubtype
1487903.0,3748790,python,libsqlite3.so.0.8.6,sqlite3Get4byte
1487854.0,3749011,python,python,gc_collect_main
1487846.0,3749011,python,python,_PyList_AppendTakeRefListResize
1487840.0,3748790,python,libc.so.6,__strlen_asimd
1487833.0,3748790,python,python,drop_gil
1487818.0,3748817,python,libsqlite3.so.0.8.6,sqlite3_mutex_leave
1487810.0,3749011,python,python,dict_dealloc
1487793.0,3748790,python,libsqlite3.so.0.8.6,sqlite3VdbeAddOp3
1487790.0,3748912,python,python,PyObject_GenericHash
1487779.0,3748912,python,python,gen_dealloc
1487759.0,3748790,python,python,PyObject_GetAttr
1487755.0,3748790,python,libsqlite3.so.0.8.6,sqlite3VdbeEnter
1487745.0,3748912,python,python,method_get
1487744.0,3748790,python,python,enum_next
1487740.0,3749011,python,python,pysiphash
1487739.0,3749011,python,libsqlite3.so.0.8.6,sqlite3BtreeCloseCursor
1487712.0,3749011,python,libc.so.6,memcmp
1487712.0,3748790,python,python,_PyCallMethodDescriptorFast_StackRef
1487704.0,3748912,python,python,_PyStaticType_GetState
1487690.0,3748790,python,python,_PyTuple_FromArraySteal
1487686.0,3748881,python,python,_PyList_AppendTakeRefListResize
1487681.0,3748790,python,python,lookup_method_ex.constprop.0
1487675.0,3748943,python,python,_Py_slot_tp_getattr_hook
1487667.0,3749011,python,python,set_dealloc
1487658.0,3748912,python,python,_PyDict_InsertSplitValue
1487657.0,3748881,python,python,PyObject_IsTrue
1487650.0,3749011,python,python,_PyEval_ReleaseLock
1487641.0,3749011,python,python,unicode_fromformat_write_utf8
1487637.0,3748912,python,python,PyObject_ClearWeakRefs
1487627.0,3748817,python,python,_Py_CheckFunctionResult
1487608.0,3748881,python,python,vgetargskeywords_impl.constprop.0
1487607.0,3749011,python,python,_PyObject_Realloc
1487599.0,3748912,python,python,_PyObject_VectorcallPrepend
1487587.0,3748943,python,python,_PyObject_VectorcallPrepend
1487547.0,3748912,python,python,_PyCompactLong_Add
1487533.0,3748790,python,python,PySequence_Contains
1487527.0,3748912,python,libsqlite3.so.0.8.6,0x00000000000a1110
1487517.0,3748790,python,python,PyDict_SetItem
1487511.0,3748790,python,python,_PyCompactLong_Add
1487510.0,3748881,python,python,object_dealloc
1487503.0,3748881,python,python,PyObject_RichCompareBool
1487500.0,3749011,python,libsqlite3.so.0.8.6,sqlite3MemoryBarrier
1487499.0,3748790,python,python,PyErr_ExceptionMatches
1487495.0,3748912,python,python,_PyDict_SetItem_LockHeld
1487491.0,3748790,python,python,list_iter
1487483.0,3749011,python,libsqlite3.so.0.8.6,sqlite3VdbeLeave
1487482.0,3748881,python,python,PyTuple_New
1487469.0,3748881,python,python,PyNumber_Or
1487468.0,3749011,python,_sqlite3.cpython-316-aarch64-linux-gnu.so,_pysqlite_query_execute
1487463.0,3749011,python,python,_PyObject_VectorcallDictTstate
1487460.0,3748881,python,libsqlite3.so.0.8.6,sqlite3Get4byte
1487451.0,3748912,python,python,PyDict_New
1487445.0,3748881,python,python,_PyUnicodeWriter_WriteASCIIString
1487441.0,3748790,python,python,build_indices_unicode
1487436.0,3749011,python,python,dict_get
1487436.0,3748790,python,python,PyIter_Next
1487429.0,3749011,python,python,PyObject_RichCompare
1487423.0,3749011,python,libsqlite3.so.0.8.6,0x00000000000a10d0
1487414.0,3749043,python,python,lookup_method_ex.constprop.0
1487414.0,3748881,python,python,_Py_CheckFunctionResult
1487410.0,3748790,python,python,PyMem_Malloc
1487409.0,3748881,python,python,_PyEvalFramePushAndInit
1487396.0,3748790,python,libsqlite3.so.0.8.6,0x00000000000a10c0
1487394.0,3748790,python,python,_Py_CheckFunctionResult
1487382.0,3748790,python,python,PyObject_GetItem
1487381.0,3748912,python,libsqlite3.so.0.8.6,sqlite3VdbeMakeReady
1487379.0,3748817,python,libc.so.6,_int_malloc
1487360.0,3749011,python,python,_PyErr_CheckSignalsTstate
1487340.0,3748790,python,python,float_richcompare
1487328.0,3748912,python,python,find_first_nonascii
1487319.0,3748912,python,python,long_to_decimal_string_internal
1487299.0,3749011,python,libc.so.6,_int_malloc
1487278.0,3748881,python,python,_PyObject_VectorcallDictTstate
1487260.0,3748912,python,python,_Py_CheckFunctionResult
1487234.0,3749043,python,libsqlite3.so.0.8.6,sqlite3BtreeLeave
1487221.0,3748943,python,python,cm_descr_get
1487218.0,3749043,python,[kernel.kallsyms],handle_softirqs
1487215.0,3749011,python,python,PyUnicode_Format
1487210.0,3748790,python,python,PySequence_Tuple
1487188.0,3748943,python,python,PyObject_GetIter
1487186.0,3748912,python,libc.so.6,_int_malloc
1487184.0,3748881,python,python,_PyStaticType_GetState
1487183.0,3748881,python,python,PyObject_ClearWeakRefs
1487179.0,3748912,python,python,lookup_method_ex.constprop.0
1487173.0,3749043,python,python,PyObject_GetIter
1487171.0,3748943,python,libc.so.6,_int_free
1487168.0,3748943,python,python,PyNumber_Remainder
1487140.0,3748943,python,python,PyDict_Contains
1487101.0,3748790,python,libsqlite3.so.0.8.6,sqlite3ApiExit
1487084.0,3748943,python,libc.so.6,pthread_mutex_unlock@@GLIBC_2.17
1487063.0,3748943,python,libsqlite3.so.0.8.6,0x00000000000a1110
1487047.0,3749011,python,libsqlite3.so.0.8.6,sqlite3RunParser
1487037.0,3748881,python,libsqlite3.so.0.8.6,sqlite3_mutex_leave
1487031.0,3748790,python,python,_Py_Specialize_LoadAttr
1487020.0,3748943,python,libsqlite3.so.0.8.6,0x00000000000a9b28
1487017.0,3749043,python,python,dict_traverse
1487015.0,3748881,python,libsqlite3.so.0.8.6,0x00000000000a10d0
1487009.0,3748943,python,python,tuple_length
1486965.0,3748912,python,python,PyObject_Free
1486948.0,3748881,python,libsqlite3.so.0.8.6,sqlite3VdbeEnter
1486934.0,3749043,python,python,unicode_hash
1486906.0,3749011,python,libsqlite3.so.0.8.6,sqlite3BtreeLeave
1486814.0,3748881,python,python,delitem_common
1486790.0,3749011,python,python,insert_split_key
1486780.0,3749043,python,python,dict_length
1486774.0,3749043,python,python,PyDict_SetItem
1486768.0,3748943,python,python,list_iter
1486765.0,3748943,python,python,_PyTuple_Concat
1486763.0,3748943,python,python,_PyDict_SetItem_Take2
1486747.0,3749043,python,python,set_copy_impl
1486733.0,3748881,python,python,PyMem_Calloc
1486698.0,3748912,python,python,_PyType_AllocNoTrack
1486692.0,3749043,python,python,delitem_common
1486687.0,3749043,python,python,slot_nb_bool
1486687.0,3748943,python,python,PyObject_CallOneArg
1486676.0,3749043,python,python,_PyDict_SetItem_LockHeld
1486673.0,3748881,python,libsqlite3.so.0.8.6,sqlite3VdbeRewind
1486665.0,3748943,python,python,copy_values
1486655.0,3748943,python,libsqlite3.so.0.8.6,sqlite3VdbeRewind
1486614.0,3748881,python,python,_PyObject_Call_Prepend
1486605.0,3748881,python,python,PyUnicode_New
1486599.0,3748943,python,python,_PyThreadState_Attach
1486561.0,3748881,python,libsqlite3.so.0.8.6,sqlite3BtreeCommitPhaseTwo
1486509.0,3748912,python,python,PySys_Audit
1486462.0,3748943,python,python,method_vectorcall_FASTCALL
1486430.0,3748881,python,python,new_keys_object
1486398.0,3748881,python,python,memcpy@plt
1486315.0,3748817,python,python,_PyObject_VectorcallPrepend
1486173.0,3748943,python,libsqlite3.so.0.8.6,sqlite3_step
1485607.0,3748881,python,python,list_sort_impl
1485529.0,3749043,python,python,_PyDict_LoadBuiltinsFromGlobals
1484781.0,3748881,python,python,slot_tp_descr_get
1483748.0,3749043,python,python,PySequence_Contains
1483593.0,3748943,python,libsqlite3.so.0.8.6,sqlite3DbMallocRawNN
1483575.0,3748912,python,python,_PyDict_LoadBuiltinsFromGlobals
1483527.0,3748912,python,python,tuple_hash
1481016.0,3748912,python,python,_PyMember_GetOffset
1480561.0,3749043,python,libsqlite3.so.0.8.6,0x00000000000a10d0
1480266.0,3748943,python,python,PyErr_ExceptionMatches
1479470.0,3748943,python,python,_PyDict_MergeUniq
1477874.0,3749043,python,libc.so.6,_int_free
1477760.0,3749043,python,libsqlite3.so.0.8.6,sqlite3BtreeInsert
1477222.0,3748943,python,python,__aarch64_ldclr8_acq_rel
1474513.0,3748943,python,_sqlite3.cpython-316-aarch64-linux-gnu.so,_pysqlite_query_execute
1474268.0,3749011,python,python,PySet_New
1462721.0,3749011,python,python,_PyCallMethodDescriptorFast_StackRef
1297397.0,3748817,python,[kernel.kallsyms],task_mm_cid_work
1264029.0,3748912,python,python,long_dealloc
1250260.0,3748790,python,python,listiter_dealloc
1246503.0,3749011,python,python,_PyObject_GenericSetAttrWithDict
1242538.0,3748790,python,python,PySequence_Fast
1241499.0,3748790,python,libc.so.6,__errno_location
1241276.0,3749011,python,python,list_dealloc
1241213.0,3748790,python,libsqlite3.so.0.8.6,sqlite3VdbeRewind
1240929.0,3748790,python,libsqlite3.so.0.8.6,sqlite3VdbeReset
1240662.0,3748817,python,libc.so.6,__GI___pthread_mutex_unlock_usercnt
1240574.0,3749011,python,python,_PyObject_SetAttributeErrorContext
1240512.0,3748943,python,libc.so.6,__errno_location
1240406.0,3748817,python,python,_PyDict_Subscript
1240394.0,3748790,python,python,PyErr_Occurred
1240338.0,3748817,python,python,cell_dealloc
1240303.0,3748912,python,libsqlite3.so.0.8.6,sqlite3ApiExit
1240301.0,3748912,python,python,insertdict
1240283.0,3748817,python,python,_PyTuple_Concat
1240277.0,3748912,python,python,set_copy_impl
1240269.0,3748817,python,python,insert_split_key
1240248.0,3748817,python,python,PyObject_GetIter
1240242.0,3748881,python,python,store_instance_attr_lock_held
1240241.0,3748790,python,python,memcpy@plt
1240239.0,3748817,python,python,PySequence_Tuple
1240222.0,3749011,python,python,PyDict_GetItemRef
1240222.0,3748817,python,libsqlite3.so.0.8.6,sqlite3DbMallocRawNN
1240205.0,3748817,python,python,PySequence_Contains
1240196.0,3748817,python,python,_list_extend
1240180.0,3748790,python,python,PySys_Audit
1240177.0,3748790,python,python,find_first_nonascii
1240161.0,3748912,python,python,new_keys_object
1240140.0,3748817,python,python,_PyErr_SetObject.part.0
1240135.0,3748817,python,python,tuple_dealloc
1240131.0,3749011,python,python,func_clear
1240128.0,3748817,python,python,unicode_dealloc
1240120.0,3749011,python,libc.so.6,__GI___pthread_self
1240114.0,3748881,python,python,set_dealloc
1240101.0,3748790,python,python,_Py_type_getattro
1240096.0,3748790,python,libsqlite3.so.0.8.6,sqlite3BtreeInsert
1240081.0,3749011,python,python,tuple_traverse
1240070.0,3748817,python,python,long_alloc
1240070.0,3748912,python,python,listiter_next
1240063.0,3748817,python,libsqlite3.so.0.8.6,sqlite3MallocSize
1240060.0,3748912,python,_sqlite3.cpython-316-aarch64-linux-gnu.so,pysqlite_connection_cursor
1240040.0,3749011,python,python,list_extend_lock_held
1240016.0,3748817,python,python,object_richcompare
1240014.0,3749011,python,python,_PyEval_FrameClearAndPop
1240008.0,3748881,python,python,_PyThreadState_PopFrame
1240003.0,3749011,python,python,clear_slots
1239997.0,3748817,python,python,dict_pop
1239994.0,3749011,python,python,_PyDict_MergeUniq
1239977.0,3749011,python,libsqlite3.so.0.8.6,0x00000000000a10c0
1239975.0,3748817,python,libsqlite3.so.0.8.6,sqlite3VdbeEnter
1239956.0,3748881,python,python,tuple_dealloc
1239955.0,3748912,python,python,_PyList_AppendTakeRefListResize
1239936.0,3749011,python,python,long_hash
1239930.0,3748790,python,python,dict_traverse
1239918.0,3748790,python,libsqlite3.so.0.8.6,sqlite3BtreeLeave
1239916.0,3749011,python,python,_PyStaticType_GetState
1239905.0,3748790,python,python,unicode_fromformat_write_utf8
1239897.0,3748817,python,python,tuple_traverse
1239888.0,3749011,python,python,new_keys_object
1239882.0,3748912,python,libc.so.6,__strlen_asimd
1239865.0,3748912,python,python,PyCMethod_New
1239860.0,3748790,python,libsqlite3.so.0.8.6,sqlite3VdbeMakeReady
1239856.0,3749011,python,python,method_vectorcall_FASTCALL
1239834.0,3749011,python,libsqlite3.so.0.8.6,0x00000000000a1120
1239833.0,3748790,python,python,method_vectorcall_O
1239831.0,3748912,python,python,build_indices_unicode
1239825.0,3749011,python,python,_Py_IsMainThread
1239823.0,3748881,python,libc.so.6,__memset_zva64
1239814.0,3748881,python,python,PyTuple_FromArray.part.0
1239813.0,3749011,python,libc.so.6,__memcpy_generic
1239803.0,3748817,python,python,long_hash
1239792.0,3748790,python,libsqlite3.so.0.8.6,sqlite3BtreeEnter
1239789.0,3748881,python,python,dict_traverse
1239786.0,3749011,python,python,PySequence_Contains
1239785.0,3749011,python,python,unicode_dealloc
1239783.0,3748881,python,python,pthread_mutex_lock@plt
1239778.0,3749011,python,python,_Py_BuiltinCallFastWithKeywords_StackRef
1239770.0,3748881,python,python,insertdict
1239768.0,3748912,python,libc.so.6,memcmp
1239757.0,3749043,python,python,func_clear
1239756.0,3748817,python,python,slot_tp_descr_get
1239755.0,3748790,python,python,dictresize
1239755.0,3748790,python,libsqlite3.so.0.8.6,pthread_mutex_lock@plt
1239748.0,3748881,python,python,_PyType_LookupStackRefAndVersion
1239701.0,3748912,python,python,_PyEval_FrameClearAndPop
1239700.0,3748912,python,python,PyArg_ParseTupleAndKeywords
1239696.0,3748912,python,python,dict_get
1239684.0,3749011,python,python,AttributeError_init
1239680.0,3748817,python,_sqlite3.cpython-316-aarch64-linux-gnu.so,cursor_clear
1239669.0,3748912,python,python,local_getattro
1239666.0,3749011,python,python,PyCell_New
1239661.0,3749043,python,python,tuple_hash
1239649.0,3748943,python,python,PyObject_Vectorcall
1239648.0,3748790,python,[kernel.kallsyms],perf_iterate_ctx
1239627.0,3748817,python,_sqlite3.cpython-316-aarch64-linux-gnu.so,_pysqlite_query_execute
1239626.0,3748912,python,python,PySequence_Fast
1239609.0,3748912,python,libc.so.6,strchr
1239603.0,3749011,python,libsqlite3.so.0.8.6,sqlite3DbNNFreeNN
1239600.0,3749011,python,python,_PyCompactLong_Add
1239582.0,3748790,python,python,_PyUnicodeWriter_PrepareInternal
1239580.0,3748912,python,python,func_dealloc
1239573.0,3748790,python,python,set_traverse
1239570.0,3748912,python,python,PyMem_Malloc
1239556.0,3748912,python,libsqlite3.so.0.8.6,sqlite3Put4byte
1239555.0,3749011,python,python,local_getattro
1239551.0,3748912,python,python,dict_traverse
1239542.0,3749043,python,python,PyTuple_FromArray
1239541.0,3749043,python,python,_PyUnicodeWriter_PrepareInternal
1239538.0,3749011,python,python,float_richcompare
1239536.0,3748943,python,libsqlite3.so.0.8.6,sqlite3BtreeBeginTrans
1239534.0,3748912,python,python,PyUnicode_Format
1239533.0,3748881,python,python,_PyObject_GetMethodStackRef
1239532.0,3748790,python,python,vgetargskeywords_impl.constprop.0
1239531.0,3748943,python,python,func_dealloc
1239525.0,3748912,python,python,dict_pop
1239513.0,3748912,python,libsqlite3.so.0.8.6,sqlite3RunParser
1239511.0,3748881,python,python,PySet_New
1239510.0,3748943,python,python,_PyEval_FrameClearAndPop
1239509.0,3748943,python,python,_PyEval_GetIter
1239496.0,3748912,python,python,PyObject_GetIter
1239493.0,3748912,python,libsqlite3.so.0.8.6,sqlite3BtreeEnter
1239480.0,3749043,python,python,_PyForIter_VirtualIteratorNext
1239477.0,3749011,python,python,tp_new_wrapper
1239476.0,3749011,python,python,_PyUnicodeWriter_PrepareInternal
1239468.0,3748881,python,python,PyDict_Contains
1239459.0,3748881,python,python,visit_decref
1239454.0,3748881,python,python,_PyObject_VectorcallPrepend
1239441.0,3749011,python,python,PySequence_Tuple
1239441.0,3748943,python,python,insertdict
1239437.0,3748912,python,python,_PyObject_GC_NewVar
1239423.0,3749043,python,python,PySys_Audit
1239423.0,3748881,python,python,_list_extend
1239418.0,3748912,python,python,slot_sq_contains
1239406.0,3748943,python,python,PyObject_GC_UnTrack
1239402.0,3748790,python,python,gen_iternext
1239398.0,3748790,python,libsqlite3.so.0.8.6,sqlite3StatusDown
1239378.0,3749043,python,python,setiter_iternext
1239365.0,3748912,python,python,_PySuper_LookupDescr
1239358.0,3748790,python,python,_PyDict_MergeUniq
1239358.0,3748790,python,python,_PyOptimizer_Optimize
1239320.0,3748943,python,python,PySequence_Contains
1239301.0,3748790,python,python,PyTuple_New
1239292.0,3748790,python,python,_PyObject_Call_Prepend
1239288.0,3749011,python,python,_PyObject_GC_NewVar
1239286.0,3748943,python,python,PyMem_Malloc
1239275.0,3749011,python,python,PyObject_GenericGetDict
1239248.0,3748943,python,python,new_keys_object
1239246.0,3749011,python,python,vgetargskeywords_impl.constprop.0
1239239.0,3748943,python,python,PyCallable_Check
1239236.0,3748912,python,python,_Py_BuiltinCallFast_StackRef
1239232.0,3748912,python,python,_PyTuple_FromArraySteal
1239231.0,3748943,python,python,PyDict_New
1239226.0,3749011,python,python,_PyUnicode_DecodeUTF8Writer
1239225.0,3748790,python,python,PyTraceBack_Here
1239222.0,3748943,python,python,insert_split_key
1239217.0,3749043,python,python,set_add_entry_takeref
1239193.0,3748943,python,[JIT],0x0000f51362a260d8
1239161.0,3748943,python,python,PyEval_SaveThread
1239159.0,3748790,python,libsqlite3.so.0.8.6,sqlite3VdbeCheckFk
1239154.0,3748881,python,python,object_recursive_isinstance
1239153.0,3748912,python,libsqlite3.so.0.8.6,sqlite3_free
1239150.0,3749043,python,libc.so.6,memcmp
1239138.0,3748912,python,python,_PyUnicodeWriter_WriteASCIIString
1239095.0,3748943,python,python,weakref_hash
1239091.0,3748943,python,python,object_dealloc
1239086.0,3748881,python,libsqlite3.so.0.8.6,0x00000000000a9b28
1239078.0,3748881,python,python,list_iter
1239071.0,3748943,python,python,weakref_richcompare
1239061.0,3748881,python,python,PyMem_Malloc
1239051.0,3749043,python,python,method_vectorcall
1239030.0,3748943,python,python,object_new
1239028.0,3748881,python,libc.so.6,__errno_location
1239019.0,3748912,python,libc.so.6,cfree@GLIBC_2.17
1239002.0,3748881,python,python,func_clear
1238990.0,3749043,python,python,PyDescr_IsData
1238946.0,3748881,python,libsqlite3.so.0.8.6,sqlite3MallocSize
1238943.0,3748943,python,python,PyErr_GivenExceptionMatches
1238929.0,3748881,python,libc.so.6,__strlen_asimd
1238925.0,3748881,python,python,meth_dealloc
1238900.0,3748943,python,libc.so.6,pthread_cond_signal@@GLIBC_2.17
1238888.0,3749043,python,python,make_dict_from_instance_attributes
1238842.0,3748881,python,python,gen_iternext
1238833.0,3748943,python,libc.so.6,cfree@GLIBC_2.17
1238822.0,3748881,python,libc.so.6,_int_malloc
1238815.0,3748881,python,python,PyObject_RichCompare
1238796.0,3748943,python,libsqlite3.so.0.8.6,sqlite3VdbeAddOp3
1238686.0,3749043,python,python,weakref___init__
1238677.0,3748943,python,libsqlite3.so.0.8.6,sqlite3RunParser
1238619.0,3748943,python,libsqlite3.so.0.8.6,sqlite3StatusDown
1238612.0,3748881,python,python,_Py_BuiltinCallFast_StackRef
1238489.0,3749043,python,libsqlite3.so.0.8.6,sqlite3Put4byte
1238485.0,3749043,python,libsqlite3.so.0.8.6,sqlite3Malloc
1238474.0,3749043,python,libsqlite3.so.0.8.6,sqlite3VdbeHalt
1238471.0,3748881,python,libsqlite3.so.0.8.6,sqlite3VdbeAddOp3
1238393.0,3749043,python,libsqlite3.so.0.8.6,sqlite3VdbeAddOp3
1238234.0,3748881,python,python,AttributeError_init
1237816.0,3748881,python,libc.so.6,_int_free
1237593.0,3748881,python,libc.so.6,pthread_mutex_unlock@@GLIBC_2.17
1237388.0,3748881,python,libsqlite3.so.0.8.6,sqlite3BtreeCursorHintFlags
1236381.0,3748943,python,python,_Py_LoadAttr_StackRefSteal
1236204.0,3748881,python,libsqlite3.so.0.8.6,sqlite3VtabSync
1235644.0,3748943,python,python,_Py_NewReference
1234708.0,3748881,python,libsqlite3.so.0.8.6,sqlite3_mutex_enter
1233087.0,3749011,python,python,func_dealloc
1232841.0,3748943,python,libsqlite3.so.0.8.6,sqlite3VdbeHalt
1231609.0,3748912,python,python,method_vectorcall_O
1229154.0,3748943,python,python,_PySuper_Lookup
1226305.0,3749043,python,python,dictresize
1224753.0,3749011,python,python,_PyDict_GetMethodStackRef
1222233.0,3748912,python,python,object_richcompare
1220242.0,3749043,python,python,slot_tp_init
1207638.0,3748912,python,libsqlite3.so.0.8.6,sqlite3DbNNFreeNN
1002214.0,3748817,python,python,PyList_New.constprop.0
1002003.0,3748790,python,python,PyEval_RestoreThread
997616.0,3748881,python,python,_Py_BuiltinCallFastWithKeywords_StackRef
995595.0,3748817,python,python,_PyUnicodeWriter_PrepareInternal
995344.0,3748912,python,python,PyFunction_New
995004.0,3749011,python,python,PyObject_GetAttr
994264.0,3748912,python,python,PyNumber_Remainder
993716.0,3748912,python,python,set_traverse
993621.0,3748817,python,python,PyObject_CallOneArg
993459.0,3748943,python,python,ascii_decode
992921.0,3748817,python,python,visit_reachable
992656.0,3748817,python,python,PyNumber_InPlaceAdd
992576.0,3748817,python,python,__errno_location@plt
992529.0,3749011,python,libsqlite3.so.0.8.6,sqlite3VdbeCheckFk
992469.0,3749011,python,python,visit_reachable
992465.0,3748790,python,python,tuple_iter
992457.0,3748817,python,python,tuple_richcompare
992406.0,3748817,python,python,_PyDict_SetItem_LockHeld
992404.0,3748817,python,python,_PyCallMethodDescriptorFast_StackRef
992403.0,3748817,python,python,_Py_NewReference
992386.0,3748817,python,python,PyErr_ExceptionMatches
992378.0,3748817,python,libsqlite3.so.0.8.6,sqlite3ErrorClear
992376.0,3748817,python,python,_PyObject_RealIsSubclass
992373.0,3748817,python,python,tuple_contains
992322.0,3748817,python,python,_PyErr_Restore
992299.0,3748817,python,python,PyObject_RichCompareBool
992236.0,3749011,python,python,_Py_VectorCall_StackRefSteal
992227.0,3748817,python,python,PyLong_FromVoidPtr
992215.0,3748817,python,python,PySys_Audit
992202.0,3748817,python,python,method_get
992200.0,3748817,python,python,list_sort_impl
992183.0,3748817,python,python,_PyObject_InitInlineValues
992181.0,3748912,python,python,_PyType_GetDict
992174.0,3748912,python,libc.so.6,pthread_mutex_lock@@GLIBC_2.17
992128.0,3749011,python,python,_PyEval_Vector
992123.0,3748881,python,python,PyObject_GenericSetAttr
992122.0,3748790,python,python,_PyUnicodeWriter_WriteASCIIString
992118.0,3749011,python,python,set_merge_lock_held
992116.0,3748790,python,_sqlite3.cpython-316-aarch64-linux-gnu.so,PyThread_get_thread_ident@plt
992116.0,3748790,python,python,_PyObject_LookupSpecialMethod
992109.0,3748790,python,python,tuple_length
992108.0,3749011,python,python,gen_dealloc
992107.0,3749011,python,python,PyErr_Occurred
992102.0,3748817,python,python,dictiter_iternextitem
992100.0,3749011,python,python,method_dealloc
992100.0,3748817,python,python,listiter_next
992096.0,3749043,python,python,PyUnicode_New
992096.0,3748912,python,python,_PyObject_MakeTpCall
992096.0,3748817,python,libsqlite3.so.0.8.6,sqlite3VdbeMakeReady
992095.0,3748790,python,python,func_set_name
992080.0,3748881,python,python,dict_dealloc
992079.0,3748790,python,python,_Py_slot_tp_getattr_hook
992077.0,3748912,python,python,tuple_length
992068.0,3748817,python,python,PyCMethod_New
992067.0,3748817,python,libsqlite3.so.0.8.6,sqlite3GetToken
992062.0,3749011,python,python,dictkeys_decref.part.0.constprop.0
992060.0,3748790,python,python,lru_cache_make_key
992046.0,3748912,python,python,_PyTuple_FromStackRefStealOnSuccess
992042.0,3748790,python,_sqlite3.cpython-316-aarch64-linux-gnu.so,cursor_clear
992041.0,3749011,python,libsqlite3.so.0.8.6,sqlite3VdbeExec
992034.0,3748817,python,python,PySequence_Fast
992033.0,3748817,python,python,PyTuple_FromArray
992032.0,3748817,python,python,_Py_LoadAttr_StackRefSteal
992018.0,3748817,python,python,slot_sq_contains
992012.0,3748881,python,python,get_exception_handler.isra.0
992011.0,3749011,python,python,long_dealloc
992008.0,3749011,python,python,__aarch64_ldclr8_acq_rel
992007.0,3748817,python,python,func_descr_get
992000.0,3748912,python,libsqlite3.so.0.8.6,sqlite3_step
991984.0,3748912,python,python,_PyThreadState_PushFrame
991977.0,3748817,python,libc.so.6,__strlen_asimd
991977.0,3748790,python,python,PyMember_SetOne
991975.0,3748790,python,python,getset_set
991972.0,3748912,python,python,PyIter_Next
991963.0,3748790,python,python,pthread_mutex_lock@plt
991959.0,3748817,python,python,PyErr_Occurred
991959.0,3748817,python,python,_PyThreadState_MustExit
991957.0,3749011,python,python,PyObject_GenericHash
991955.0,3749011,python,libc.so.6,unlink_chunk.isra.0
991953.0,3748912,python,python,take_gil
991949.0,3748912,python,python,cell_dealloc
991945.0,3748912,python,python,PyObject_RichCompareBool
991935.0,3748912,python,python,_PyThreadState_PopFrame
991907.0,3748912,python,python,enum_next
991903.0,3749011,python,python,PyObject_SetAttr
991899.0,3749011,python,python,PyThread_get_thread_ident
991898.0,3748817,python,libsqlite3.so.0.8.6,sqlite3StatusDown
991889.0,3748817,python,libsqlite3.so.0.8.6,sqlite3VdbeDelete
991888.0,3748881,python,python,_PyMem_RawMalloc
991886.0,3749043,python,python,mappingproxy_dealloc
991882.0,3749043,python,python,local_getattro
991882.0,3749011,python,python,_Py_slot_tp_getattr_hook
991881.0,3749011,python,_sqlite3.cpython-316-aarch64-linux-gnu.so,pysqlite_check_thread
991878.0,3748912,python,python,list_iter
991877.0,3748912,python,python,list_sort_impl
991876.0,3749011,python,python,PyObject_GC_UnTrack
991873.0,3748881,python,python,build_indices_unicode
991866.0,3748817,python,python,_Py_BuiltinCallFastWithKeywords_StackRef
991856.0,3748881,python,libsqlite3.so.0.8.6,0x00000000000a0f90
991854.0,3748817,python,libsqlite3.so.0.8.6,sqlite3VdbeMemSetStr
991851.0,3749011,python,python,visit_decref
991844.0,3748817,python,python,_PyUnicode_FormatLong
991841.0,3748790,python,python,PyMember_GetOne
991829.0,3749011,python,python,_PyDict_SetItem_Take2
991829.0,3749011,python,python,_PyTuple_FromArraySteal
991821.0,3748881,python,python,float_richcompare
991820.0,3749011,python,python,list_to_tuple
991820.0,3748817,python,python,_PyObject_VectorcallDictTstate
991820.0,3748912,python,python,object_recursive_isinstance
991816.0,3748790,python,python,PyMem_Realloc
991815.0,3748912,python,libsqlite3.so.0.8.6,sqlite3PcacheRelease
991807.0,3749011,python,python,meth_dealloc
991806.0,3749011,python,python,PySequence_Fast
991806.0,3748943,python,python,PyTuple_FromArray
991793.0,3749011,python,python,builtin_issubclass
991787.0,3748912,python,python,list_extend_lock_held
991784.0,3749011,python,python,_PyObject_Realloc
991783.0,3748912,python,python,_PyCallMethodDescriptorFast_StackRef
991783.0,3748912,python,python,memset@plt
991780.0,3749043,python,_sqlite3.cpython-316-aarch64-linux-gnu.so,_pysqlite_query_execute
991777.0,3749011,python,libsqlite3.so.0.8.6,sqlite3ApiExit
991773.0,3749011,python,python,_PyThreadState_MustExit
991772.0,3748912,python,python,dict_length
991768.0,3748817,python,python,_PyDict_SetItem_Take2
991761.0,3748790,python,python,cfunction_vectorcall_NOARGS
991759.0,3748790,python,python,unicode_dealloc
991758.0,3748912,python,libsqlite3.so.0.8.6,0x00000000000a10c0
991758.0,3748790,python,libsqlite3.so.0.8.6,sqlite3GetToken
991750.0,3748817,python,libsqlite3.so.0.8.6,sqlite3ApiExit
991749.0,3748912,python,libsqlite3.so.0.8.6,sqlite3StatusDown
991739.0,3749011,python,libsqlite3.so.0.8.6,sqlite3FinishCoding
991739.0,3748912,python,libsqlite3.so.0.8.6,sqlite3VdbeDelete
991732.0,3749043,python,python,object_new
991731.0,3748790,python,python,_PyDict_GetItemRef_KnownHash_LockHeld
991728.0,3748912,python,python,set_or
991726.0,3749011,python,python,func_set_name
991726.0,3748881,python,python,object_new
991722.0,3748817,python,python,cm_descr_get
991708.0,3748912,python,python,_PyDict_MergeUniq
991708.0,3748912,python,python,member_set
991704.0,3749011,python,python,_PyObject_MaterializeManagedDict
991703.0,3748881,python,python,PyThread_get_thread_ident
991701.0,3749043,python,python,_PyThreadState_Detach
991697.0,3748912,python,python,PyNumber_InPlaceAdd
991696.0,3749011,python,python,_Py_type_getattro
991696.0,3748881,python,python,_Py_Specialize_LoadAttr
991694.0,3748817,python,python,PyArg_ParseTupleAndKeywords
991691.0,3748790,python,python,PyObject_GenericHash
991687.0,3748790,python,libsqlite3.so.0.8.6,sqlite3OsWrite
991686.0,3749011,python,python,_Py_CallBuiltinClass_StackRef
991686.0,3748790,python,python,local_getattro
991681.0,3749011,python,libsqlite3.so.0.8.6,sqlite3Put4byte
991681.0,3748912,python,python,PyCell_New
991681.0,3748881,python,[kernel.kallsyms],perf_iterate_ctx
991679.0,3749011,python,python,_Py_LoadAttr_StackRefSteal
991679.0,3748912,python,python,object_new
991677.0,3748881,python,python,object_richcompare
991667.0,3748790,python,python,_PyUnicodeWriter_Finish
991656.0,3748790,python,python,_PyObject_GC_NewVar
991654.0,3748790,python,python,weakref_vectorcall
991654.0,3748943,python,python,new_dict.constprop.0
991644.0,3748881,python,python,list_iter
991644.0,3748881,python,python,_PyObject_MaterializeManagedDict
991643.0,3748912,python,python,unicode_hash
991641.0,3749011,python,[JIT],0x0000f90e7319e0d8
991641.0,3748943,python,python,_PyForIter_VirtualIteratorNext
991636.0,3748817,python,python,PyObject_VisitManagedDict
991632.0,3749043,python,python,list_extend_lock_held
991630.0,3748912,python,python,weakref_richcompare
991621.0,3748912,python,python,insert_to_emptydict
991619.0,3749011,python,libsqlite3.so.0.8.6,sqlite3BtreeGetFilename
991617.0,3749011,python,python,dictiter_iternextitem
991607.0,3748790,python,libsqlite3.so.0.8.6,sqlite3JournalIsInMemory
991596.0,3749011,python,libc.so.6,__strlen_asimd
991590.0,3748912,python,python,dictkeys_decref.part.0.constprop.0
991558.0,3748790,python,python,gen_dealloc
991554.0,3749011,python,python,_PyDict_InsertSplitValue
991553.0,3749043,python,python,_Py_type_getattro
991550.0,3748912,python,python,list_length
991546.0,3749011,python,libc.so.6,_int_free_merge_chunk
991537.0,3749011,python,libsqlite3.so.0.8.6,sqlite3BtreeTableMoveto
991530.0,3748790,python,libsqlite3.so.0.8.6,sqlite3VdbeMemGrow
991525.0,3749043,python,python,PyNumber_InPlaceOr
991525.0,3749043,python,python,object_dealloc
991523.0,3749043,python,libsqlite3.so.0.8.6,sqlite3BtreeEnter
991523.0,3748817,python,python,meth_dealloc
991522.0,3748881,python,python,listiter_next
991517.0,3749043,python,python,func_get_doc
991515.0,3748881,python,python,chain_next
991515.0,3748881,python,python,set_traverse
991509.0,3748912,python,python,unicode_fromformat_write_utf8
991508.0,3748790,python,libsqlite3.so.0.8.6,sqlite3BtreeCommitPhaseTwo
991504.0,3749043,python,python,_Py_BuiltinCallFast_StackRef
991498.0,3748943,python,python,chain_next
991497.0,3749011,python,python,PyArg_ParseTupleAndKeywords
991496.0,3749011,python,[kernel.kallsyms],perf_iterate_ctx
991491.0,3748943,python,python,tupleiter_next
991490.0,3748790,python,python,weakref_richcompare
991489.0,3748881,python,python,PyObject_GenericHash
991478.0,3748912,python,python,unicode_dealloc
991475.0,3748881,python,python,gc_collect_main
991475.0,3748912,python,libc.so.6,_int_free
991462.0,3748943,python,python,dict_new
991461.0,3749043,python,_sqlite3.cpython-316-aarch64-linux-gnu.so,pysqlite_cursor_init
991460.0,3749043,python,python,long_hash
991452.0,3748943,python,python,dict_pop
991450.0,3749043,python,python,float_richcompare
991438.0,3748943,python,python,_PyJit_translate_single_bytecode_to_trace
991431.0,3748881,python,python,_PyFunction_Vectorcall
991431.0,3748912,python,libsqlite3.so.0.8.6,0x00000000000a0f90
991424.0,3748943,python,python,_PyObject_GC_NewVar
991416.0,3748790,python,python,tupleiter_dealloc
991408.0,3748881,python,python,_PyUnicodeWriter_PrepareInternal
991401.0,3749011,python,python,slot_sq_contains
991400.0,3748881,python,python,PyTuple_FromArray
991388.0,3749011,python,python,PyNumber_InPlaceOr
991386.0,3748912,python,libsqlite3.so.0.8.6,0x000000000009f250
991383.0,3748881,python,python,slot_sq_contains
991380.0,3748881,python,python,_PyTuple_Concat
991379.0,3749043,python,python,PyNumber_InPlaceAdd
991379.0,3748943,python,[JIT],0x0000f51362a26168
991367.0,3748943,python,_sqlite3.cpython-316-aarch64-linux-gnu.so,pysqlite_cursor_init
991362.0,3749011,python,python,call_special_method
991357.0,3748790,python,[kernel.kallsyms],__perf_addr_filters_adjust
991352.0,3748943,python,libc.so.6,malloc
991351.0,3748943,python,libsqlite3.so.0.8.6,sqlite3VdbeExec
991350.0,3748881,python,python,method_vectorcall_FASTCALL
991337.0,3749011,python,python,PySys_Audit
991337.0,3748912,python,libsqlite3.so.0.8.6,sqlite3_prepare_v2
991336.0,3748943,python,python,clone_combined_dict_keys
991321.0,3748790,python,python,object_init
991319.0,3748943,python,python,_PyObject_MaterializeManagedDict
991315.0,3748790,python,python,PySet_New
991313.0,3748943,python,python,dictiter_iternextitem
991310.0,3748912,python,libsqlite3.so.0.8.6,sqlite3_get_autocommit
991298.0,3749043,python,libsqlite3.so.0.8.6,sqlite3VdbeRewind
991294.0,3749043,python,libsqlite3.so.0.8.6,sqlite3FaultSim
991291.0,3748881,python,[JIT],0x0000e411b608715c
991290.0,3748943,python,python,cell_dealloc
991288.0,3748790,python,_sqlite3.cpython-316-aarch64-linux-gnu.so,pysqlite_check_thread
991281.0,3748943,python,libsqlite3.so.0.8.6,sqlite3PagerUnrefPageOne
991267.0,3749043,python,libc.so.6,_int_free_merge_chunk
991266.0,3749011,python,libsqlite3.so.0.8.6,sqlite3BtreeInsert
991250.0,3748943,python,libsqlite3.so.0.8.6,sqlite3BtreeLeave
991242.0,3748943,python,python,PyMem_Realloc
991226.0,3748943,python,_sqlite3.cpython-316-aarch64-linux-gnu.so,pysqlite_connection_cursor
991222.0,3748943,python,python,cfunction_vectorcall_FASTCALL_KEYWORDS
991214.0,3748943,python,python,PySequence_Tuple
991212.0,3748881,python,libsqlite3.so.0.8.6,sqlite3PcacheRelease
991206.0,3748881,python,python,__errno_location@plt
991205.0,3749043,python,libsqlite3.so.0.8.6,sqlite3ApiExit
991201.0,3748943,python,python,getset_set
991193.0,3748881,python,libsqlite3.so.0.8.6,0x000000000009f250
991177.0,3749043,python,python,_list_extend
991171.0,3749043,python,python,visit_reachable
991171.0,3748881,python,python,tuple_contains
991168.0,3749043,python,python,cell_dealloc
991147.0,3748943,python,python,insert_weakref
991143.0,3748943,python,python,memset@plt
991139.0,3748943,python,python,weakref___new__
991133.0,3749043,python,libsqlite3.so.0.8.6,sqlite3_reset
991133.0,3748881,python,python,_PyEval_GetIter
991117.0,3749043,python,python,bounded_lru_cache_wrapper
991087.0,3748943,python,python,bounded_lru_cache_wrapper
991049.0,3748943,python,libsqlite3.so.0.8.6,sqlite3BitvecTestNotNull
991044.0,3749043,python,python,pysiphash
991036.0,3748943,python,python,object_str
991035.0,3749043,python,python,enum_next
991027.0,3748943,python,libsqlite3.so.0.8.6,sqlite3DbNNFreeNN
991015.0,3748943,python,libsqlite3.so.0.8.6,0x00000000000a10c0
991002.0,3749043,python,libsqlite3.so.0.8.6,sqlite3MemoryBarrier
990992.0,3748790,python,libc.so.6,__strlen_generic
990991.0,3748881,python,python,PyObject_GetIter
990979.0,3749043,python,python,supercheck
990977.0,3748912,python,libsqlite3.so.0.8.6,sqlite3FinishCoding
990962.0,3748943,python,python,long_richcompare
990936.0,3748881,python,libsqlite3.so.0.8.6,sqlite3StatusUp
990929.0,3749043,python,libsqlite3.so.0.8.6,sqlite3StatusHighwater
990929.0,3748881,python,python,PySequence_Contains
990917.0,3748881,python,python,_Py_IsMainThread
990908.0,3748943,python,libsqlite3.so.0.8.6,sqlite3_last_insert_rowid
990899.0,3748943,python,python,_PyDict_InsertSplitValue
990890.0,3749043,python,python,PyTuple_New
990888.0,3748943,python,python,lookup_method_ex.constprop.0
990864.0,3749011,python,python,PyErr_SetRaisedException
990851.0,3748881,python,python,_PyErr_CheckSignalsTstate
990830.0,3748817,python,libsqlite3.so.0.8.6,sqlite3BtreeTxnState
990821.0,3749011,python,python,gen_iternext
990821.0,3748943,python,python,_PyDict_FromItems
990814.0,3749043,python,libsqlite3.so.0.8.6,sqlite3DbNNFreeNN
990794.0,3749043,python,python,PyBool_FromLong
990782.0,3748881,python,libsqlite3.so.0.8.6,sqlite3VdbeMakeReady
990753.0,3749043,python,libsqlite3.so.0.8.6,sqlite3VdbeMakeReady
990737.0,3749043,python,libsqlite3.so.0.8.6,sqlite3StatusDown
990726.0,3749043,python,python,PyMem_Calloc
990713.0,3749043,python,python,_PyStaticType_GetState
990684.0,3748881,python,python,unicode_hash
990673.0,3748790,python,python,_Py_LoadAttr_StackRefSteal
990664.0,3748881,python,python,local_getattro
990662.0,3748881,python,libsqlite3.so.0.8.6,sqlite3GetToken
990603.0,3748943,python,python,dict_traverse
990595.0,3748912,python,libsqlite3.so.0.8.6,0x00000000000a10d0
990580.0,3748817,python,libsqlite3.so.0.8.6,sqlite3DbNNFreeNN
990494.0,3749043,python,python,tuple_traverse
990455.0,3748943,python,python,_PyStack_UnpackDict
990310.0,3748912,python,python,PyType_GetModuleByDef
990215.0,3748943,python,python,gen_dealloc
989697.0,3748790,python,[JIT],0x0000f9298f7a70d8
989381.0,3748881,python,python,dict_length
989169.0,3749043,python,python,dict_get
989164.0,3748881,python,python,PyCell_New
988570.0,3749043,python,python,PyMapping_Check
987571.0,3748790,python,python,dict_length
987490.0,3748943,python,python,PyDescr_IsData
986992.0,3748912,python,python,object_str
984303.0,3749043,python,python,method_vectorcall_FASTCALL
982529.0,3749043,python,python,_PyDict_GetMethodStackRef
981095.0,3748817,python,python,PyMember_SetOne
978337.0,3748881,python,libc.so.6,cfree@GLIBC_2.17
976567.0,3749011,python,python,object_new
974511.0,3748881,python,python,long_hash
974058.0,3748790,python,python,memset@plt
962507.0,3748817,python,python,gen_finalize
947575.0,3748912,python,python,PyTuple_Pack
944083.0,3749011,python,libsqlite3.so.0.8.6,sqlite3StatusDown
787398.0,3748912,python,python,_PyEval_Vector
772648.0,3749011,python,python,_PyEvalFramePushAndInit_Ex
761884.0,3748943,python,libsqlite3.so.0.8.6,0x00000000000b0494
757645.0,3749011,python,python,weakref_richcompare
752427.0,3748881,python,python,enum_next
750216.0,3748817,python,python,PyMem_Calloc
748648.0,3748817,python,libsqlite3.so.0.8.6,sqlite3VtabCommit
748112.0,3748817,python,python,insert_to_emptydict
746077.0,3748790,python,python,PyErr_GivenExceptionMatches
745060.0,3748817,python,_sqlite3.cpython-316-aarch64-linux-gnu.so,PyType_GetModuleByDef@plt
744874.0,3748817,python,libc.so.6,__errno_location
744765.0,3749011,python,python,delitem_common
744539.0,3748912,python,_sqlite3.cpython-316-aarch64-linux-gnu.so,cursor_clear
744534.0,3749011,python,python,_PyObject_GetMethodStackRef
744484.0,3749011,python,python,dict_merge
744484.0,3748817,python,python,drop_gil
744480.0,3748817,python,python,_Py_BuiltinCallFast_StackRef
744447.0,3748817,python,python,method_vectorcall_O
744441.0,3748912,python,python,tp_new_wrapper
744385.0,3748817,python,python,_Py_VectorCallInstrumentation_StackRefSteal
744377.0,3748817,python,python,PyMember_GetOne
744351.0,3748817,python,python,_PyThreadState_PopFrame
744322.0,3748817,python,python,PyDescr_IsData
744304.0,3748817,python,libc.so.6,__memset_zva64
744289.0,3749011,python,python,type_call
744265.0,3748817,python,_sqlite3.cpython-316-aarch64-linux-gnu.so,pysqlite_cursor_init
744252.0,3748912,python,python,PyMethod_New
744244.0,3748817,python,python,_PyDict_MergeUniq
744241.0,3748817,python,libsqlite3.so.0.8.6,sqlite3WalCallback
744239.0,3748912,python,python,_PyFunction_Vectorcall
744235.0,3748817,python,libsqlite3.so.0.8.6,sqlite3PagerWalCallback
744232.0,3748817,python,_sqlite3.cpython-316-aarch64-linux-gnu.so,check_cursor
744230.0,3748817,python,python,clear_slots
744215.0,3748817,python,python,_PyObject_VectorcallDictTstate
744215.0,3748912,python,python,method_vectorcall_FASTCALL
744212.0,3748817,python,python,enum_next
744211.0,3748817,python,python,weakref_richcompare
744201.0,3748817,python,libsqlite3.so.0.8.6,sqlite3VdbeExec
744199.0,3748817,python,python,PyObject_GenericGetDict
744198.0,3749011,python,python,PyObject_GC_Del
744187.0,3749011,python,[kernel.kallsyms],el0_da
744186.0,3749011,python,_sqlite3.cpython-316-aarch64-linux-gnu.so,bind_param
744183.0,3748912,python,python,PyType_IsSubtype
744167.0,3748817,python,python,builtin_sorted
744157.0,3748817,python,libsqlite3.so.0.8.6,sqlite3VdbeGoto
744157.0,3748790,python,python,_PyUnicode_FastCopyCharacters
744154.0,3748881,python,python,_PyDict_Subscript
744150.0,3749011,python,python,set_len
744148.0,3748790,python,python,_Py_IsMainThread
744147.0,3748817,python,_sqlite3.cpython-316-aarch64-linux-gnu.so,pysqlite_connection_cursor
744145.0,3748881,python,libsqlite3.so.0.8.6,sqlite3_reset
744141.0,3748817,python,python,_PyEval_MonitorRaise
744139.0,3749011,python,python,_Py_BuildMap_StackRefSteal
744135.0,3748790,python,python,_PyThreadState_MustExit
744133.0,3749011,python,python,unicode_hash
744133.0,3748817,python,python,_PyEval_GetIter
744132.0,3748817,python,python,_copy_characters.constprop.0.isra.0
744132.0,3748912,python,python,enum_vectorcall
744130.0,3748817,python,python,func_traverse
744126.0,3748817,python,python,object_str
744123.0,3748790,python,python,dictiter_iternextitem
744119.0,3748817,python,libsqlite3.so.0.8.6,0x00000000000b8c9c
744116.0,3748790,python,python,list_sort
744113.0,3748817,python,python,member_set
744112.0,3748817,python,libsqlite3.so.0.8.6,0x00000000000a1110
744108.0,3748817,python,python,member_get
744100.0,3748817,python,python,gen_dealloc
744095.0,3748817,python,libsqlite3.so.0.8.6,pthread_mutex_lock@plt
744094.0,3748912,python,python,object_init
744089.0,3749011,python,python,slot_tp_descr_get
744085.0,3749011,python,python,PyObject_RichCompareBool
744085.0,3748817,python,libsqlite3.so.0.8.6,0x000000000002abe4
744083.0,3749011,python,libc.so.6,_int_malloc
744082.0,3748790,python,libc.so.6,cfree@GLIBC_2.17
744080.0,3749011,python,python,_PyJit_translate_single_bytecode_to_trace
744075.0,3749011,python,python,find_first_nonascii
744075.0,3749011,python,python,object_richcompare
744072.0,3748881,python,python,method_dealloc
744057.0,3748817,python,python,_PyEvalFramePushAndInit_Ex
744056.0,3748881,python,[JIT],0x0000e411b6084068
744054.0,3748912,python,python,_Py_type_getattro
744045.0,3749011,python,python,subtype_dealloc
744044.0,3748817,python,[JIT],0x0000e107be57e15c
744035.0,3749011,python,python,weakref___new__
744031.0,3748912,python,python,long_hash
744029.0,3749011,python,libc.so.6,pthread_mutex_lock@@GLIBC_2.17
744027.0,3749011,python,python,PyDict_SetItem
744027.0,3749011,python,python,func_clear
744027.0,3748817,python,python,bounded_lru_cache_wrapper
744022.0,3748817,python,libsqlite3.so.0.8.6,0x00000000000b2c20
744017.0,3748817,python,python,_PyList_AppendTakeRefListResize
744008.0,3748912,python,python,_PyObject_VectorcallPrepend
744008.0,3748817,python,python,PyIter_Next
744007.0,3748790,python,python,PyErr_CheckSignals
744006.0,3748790,python,python,_PyDict_LoadBuiltinsFromGlobals
744005.0,3748912,python,python,unicode_fromformat_write_str
744000.0,3748817,python,python,PyDict_SetItem
743999.0,3748817,python,python,_Py_type_getattro
743999.0,3748912,python,python,func_descr_get
743998.0,3748912,python,python,PyArg_UnpackTuple
743998.0,3748817,python,python,memset@plt
743996.0,3748817,python,python,PyErr_Format
743993.0,3748817,python,python,new_keys_object
743990.0,3748817,python,python,cfunction_vectorcall_FASTCALL_KEYWORDS
743989.0,3748881,python,python,_PyEval_FrameClearAndPop
743986.0,3749011,python,python,_PySuper_LookupDescr
743986.0,3749011,python,libsqlite3.so.0.8.6,sqlite3VdbeAddOp3
743986.0,3748912,python,python,optimize_uops.isra.0
743983.0,3748912,python,python,_PyObject_LookupSpecialMethod
743983.0,3748912,python,python,set_dealloc
743979.0,3748790,python,python,set_merge_lock_held
743977.0,3748881,python,python,PyObject_VisitManagedDict
743975.0,3748943,python,python,_PyTuple_FromStackRefStealOnSuccess
743972.0,3748912,python,libsqlite3.so.0.8.6,sqlite3OsWrite
743971.0,3749011,python,python,PyFunction_NewWithQualName
743971.0,3748817,python,python,PyObject_GetItem
743967.0,3748817,python,python,find_empty_slot
743966.0,3748817,python,python,PyErr_GivenExceptionMatches
743966.0,3748881,python,libsqlite3.so.0.8.6,0x00000000000a10c0
743960.0,3748790,python,python,local_setattro
743955.0,3748912,python,python,weakref_hash
743954.0,3749011,python,_sqlite3.cpython-316-aarch64-linux-gnu.so,pysqlite_connection_rollback
743954.0,3748817,python,_sqlite3.cpython-316-aarch64-linux-gnu.so,pysqlite_cursor_init
743954.0,3748817,python,python,_Py_IsMainThread
743951.0,3749011,python,python,list_sort_impl
743948.0,3748912,python,python,builtin_sorted
743940.0,3748790,python,python,_PyType_LookupRef
743938.0,3749011,python,python,insert_to_emptydict
743935.0,3749011,python,python,PyErr_GivenExceptionMatches
743930.0,3748790,python,python,PyTuple_GetSlice
743929.0,3748817,python,python,PyDict_Contains
743926.0,3748790,python,python,PyErr_Format
743924.0,3748881,python,python,PyObject_Malloc
743923.0,3748790,python,python,PyDict_Contains
743917.0,3748817,python,libsqlite3.so.0.8.6,sqlite3JournalIsInMemory
743916.0,3748790,python,libsqlite3.so.0.8.6,sqlite3MutexAlloc
743915.0,3749011,python,libsqlite3.so.0.8.6,0x00000000000a9970
743915.0,3748790,python,python,long_richcompare
743914.0,3749011,python,python,_PyThreadState_PopFrame
743914.0,3748817,python,libsqlite3.so.0.8.6,sqlite3VdbeFreeCursorNN
743912.0,3748790,python,python,_list_extend
743911.0,3748912,python,python,_PyOptimizer_Optimize
743905.0,3748790,python,python,method_vectorcall_FASTCALL
743904.0,3748881,python,python,PyObject_SetAttr
743903.0,3748881,python,python,memset@plt
743897.0,3749011,python,python,set_traverse
743891.0,3748912,python,python,_PyForIter_VirtualIteratorNext
743890.0,3749011,python,libsqlite3.so.0.8.6,sqlite3MallocSize
743887.0,3749011,python,python,_PyEval_UnpackIterableStackRef
743885.0,3748912,python,python,bounded_lru_cache_wrapper
743883.0,3748912,python,python,PyList_New
743881.0,3748881,python,python,_PyType_GetDict
743881.0,3748790,python,libsqlite3.so.0.8.6,sqlite3BtreeCommitPhaseOne
743880.0,3749043,python,python,set_update_local
743879.0,3749011,python,libsqlite3.so.0.8.6,0x00000000000b8c88
743879.0,3748881,python,python,tuple_traverse
743873.0,3748912,python,python,slot_tp_init
743871.0,3748912,python,libsqlite3.so.0.8.6,sqlite3VdbeChangeP2
743868.0,3748881,python,python,list_dealloc
743868.0,3748817,python,python,_PyOptimizer_Optimize
743866.0,3749011,python,libsqlite3.so.0.8.6,sqlite3PagerWalCallback
743866.0,3748817,python,python,PyBool_FromLong
743865.0,3748912,python,python,PyCallable_Check
743863.0,3749043,python,python,PyUnicode_New.part.0
743858.0,3749011,python,python,PyMem_Realloc
743855.0,3748912,python,python,PyNumber_InPlaceOr
743854.0,3749011,python,python,PyIter_Next
743854.0,3748943,python,libsqlite3.so.0.8.6,sqlite3VdbeGoto
743854.0,3748881,python,[JIT],0x0000e411b5d34030
743853.0,3748817,python,[kernel.kallsyms],perf_iterate_ctx
743846.0,3748912,python,python,tuple_traverse
743846.0,3748912,python,python,tupleiter_next
743846.0,3748881,python,python,PyTuple_GetSlice
743844.0,3748790,python,libsqlite3.so.0.8.6,sqlite3MallocSize
743843.0,3748881,python,python,tuple_alloc
743843.0,3749043,python,python,lru_cache_make_key
743842.0,3749011,python,python,unicode_decode_utf8.part.0
743841.0,3748912,python,python,enum_dealloc
743836.0,3748912,python,python,AttributeError_init
743835.0,3748790,python,libsqlite3.so.0.8.6,0x000000000009f278
743832.0,3749011,python,libc.so.6,_int_free
743828.0,3749011,python,libsqlite3.so.0.8.6,sqlite3_column_count
743826.0,3748790,python,python,_PyJit_translate_single_bytecode_to_trace
743826.0,3748943,python,python,PyDict_Next
743825.0,3748943,python,python,slot_tp_new
743823.0,3749011,python,python,_PyTuple_Concat
743822.0,3748912,python,python,dict_get
743819.0,3749043,python,libsqlite3.so.0.8.6,sqlite3BtreeCursorSize
743814.0,3749011,python,python,dictitems_iter
743813.0,3748790,python,libsqlite3.so.0.8.6,sqlite3_malloc
743811.0,3749011,python,python,long_or
743803.0,3749043,python,python,_PyDict_InsertSplitValue
743799.0,3748881,python,python,weakref_dealloc
743796.0,3749011,python,libsqlite3.so.0.8.6,0x00000000000a78f4
743795.0,3749043,python,python,_PyObject_GC_NewVar
743794.0,3748790,python,[JIT],0x0000f9298f7a4068
743789.0,3749011,python,_sqlite3.cpython-316-aarch64-linux-gnu.so,PyThread_get_thread_ident@plt
743787.0,3748912,python,libsqlite3.so.0.8.6,sqlite3PagerFilename
743781.0,3749011,python,libsqlite3.so.0.8.6,sqlite3VdbeMakeReady
743781.0,3748790,python,_sqlite3.cpython-316-aarch64-linux-gnu.so,pysqlite_cursor_init
743780.0,3748817,python,libsqlite3.so.0.8.6,sqlite3FaultSim
743777.0,3748912,python,libsqlite3.so.0.8.6,sqlite3ParseObjectReset
743772.0,3749011,python,python,PyFunction_New
743772.0,3748943,python,python,_PyObject_LookupSpecialMethod
743770.0,3748817,python,python,insert_weakref
743768.0,3749043,python,python,slot_sq_contains
743767.0,3748881,python,python,builtin_issubclass
743763.0,3748881,python,python,PyObject_Hash
743763.0,3749011,python,python,build_indices_unicode
743763.0,3748912,python,python,get_exception_handler.isra.0
743762.0,3749011,python,python,set_difference_untracked
743761.0,3748790,python,libsqlite3.so.0.8.6,0x000000000009f248
743759.0,3748912,python,python,set_merge_lock_held
743757.0,3748881,python,python,long_alloc
743752.0,3749011,python,[JIT],0x0000f90e7319d5a4
743750.0,3749011,python,python,_copy_characters.constprop.0.isra.0
743750.0,3748881,python,python,tuple_iter
743748.0,3749043,python,python,weakref_hash
743747.0,3748790,python,python,tupleiter_next
743745.0,3748943,python,[JIT],0x0000f51362a24078
743741.0,3748817,python,python,set_traverse
743740.0,3748881,python,libsqlite3.so.0.8.6,sqlite3Parser
743738.0,3748881,python,libsqlite3.so.0.8.6,pthread_mutex_lock@plt
743735.0,3748817,python,[kernel.kallsyms],__perf_addr_filters_adjust
743727.0,3749043,python,python,_Py_BuiltinCallFastWithKeywords_StackRef
743723.0,3748943,python,libsqlite3.so.0.8.6,sqlite3VdbeCheckFk
743722.0,3749011,python,python,enum_next
743722.0,3748817,python,python,PyTuple_New
743719.0,3748790,python,python,_PyDict_InsertSplitValue
743714.0,3748912,python,libsqlite3.so.0.8.6,sqlite3_bind_parameter_count
743712.0,3748790,python,python,set_update_dict_lock_held
743711.0,3748881,python,python,builtin_sorted
743709.0,3748881,python,_sqlite3.cpython-316-aarch64-linux-gnu.so,cursor_clear
743707.0,3748912,python,python,unicode_fromformat_write_utf8
743707.0,3748881,python,python,dict_pop
743706.0,3749011,python,libsqlite3.so.0.8.6,sqlite3VdbeRewind
743706.0,3748912,python,libsqlite3.so.0.8.6,sqlite3Get4byte
743706.0,3748790,python,python,PyLong_GetSign
743705.0,3748881,python,python,PyDict_GetItemRef
743705.0,3749043,python,libsqlite3.so.0.8.6,sqlite3VdbeSetSql
743705.0,3749011,python,python,PyTuple_Pack
743705.0,3748943,python,python,slot_nb_bool
743702.0,3748912,python,python,object_dealloc
743702.0,3748790,python,_sqlite3.cpython-316-aarch64-linux-gnu.so,pysqlite_connection_cursor
743702.0,3748881,python,python,method_vectorcall_O
743700.0,3749011,python,_sqlite3.cpython-316-aarch64-linux-gnu.so,cursor_clear
743699.0,3748912,python,libsqlite3.so.0.8.6,0x00000000000a9b28
743699.0,3748943,python,python,method_get
743696.0,3748790,python,libsqlite3.so.0.8.6,sqlite3FinishCoding
743695.0,3748881,python,python,_PyObject_Calloc
743692.0,3749011,python,_sqlite3.cpython-316-aarch64-linux-gnu.so,pysqlite_connection_cursor
743691.0,3748881,python,python,func_dealloc
743690.0,3748943,python,libsqlite3.so.0.8.6,sqlite3BtreeEnter
743688.0,3748790,python,python,tuple_richcompare
743687.0,3749011,python,python,PyUnicode_AsUTF8AndSize
743687.0,3749011,python,python,tupleiter_next
743684.0,3749011,python,libsqlite3.so.0.8.6,sqlite3Malloc
743683.0,3748912,python,python,PySet_New
743683.0,3748912,python,python,_PyThreadState_MustExit
743682.0,3748912,python,libsqlite3.so.0.8.6,sqlite3VdbeMemTooBig
743681.0,3748881,python,python,PyObject_GetItem
743677.0,3749011,python,python,method_get
743670.0,3748912,python,python,meth_dealloc
743669.0,3749011,python,libc.so.6,__errno_location
743668.0,3749011,python,python,_PyUnicode_FastCopyCharacters
743660.0,3748881,python,python,_PyEvalFramePushAndInit_Ex
743656.0,3748881,python,python,PyException_GetTraceback
743655.0,3749011,python,python,insertdict
743653.0,3748881,python,python,_Py_VectorCall_StackRefSteal
743652.0,3748881,python,python,bool_vectorcall
743648.0,3748912,python,libsqlite3.so.0.8.6,sqlite3PagerWalCallback
743645.0,3749043,python,python,object_richcompare
743644.0,3748881,python,python,PyMember_SetOne
743643.0,3748881,python,_sqlite3.cpython-316-aarch64-linux-gnu.so,pysqlite_check_thread
743638.0,3748912,python,python,cfunction_vectorcall_NOARGS
743638.0,3748943,python,python,_PyObject_GetMethodStackRef
743637.0,3749011,python,python,PyTuple_New
743634.0,3748881,python,python,weakref_richcompare
743633.0,3748790,python,python,copy_values
743630.0,3749011,python,libsqlite3.so.0.8.6,sqlite3OsWrite
743630.0,3749011,python,libsqlite3.so.0.8.6,sqlite3PagerSharedLock
743622.0,3748912,python,python,_PyThreadState_Detach
743619.0,3748790,python,python,PyMapping_Check
743618.0,3748790,python,python,long_hash
743612.0,3749043,python,python,_Py_LoadAttr_StackRefSteal
743612.0,3748943,python,python,set_add_entry_takeref
743612.0,3748881,python,python,_PyUnicode_DecodeUTF8Writer
743609.0,3749011,python,python,_Py_BuiltinCallFast_StackRef
743609.0,3748943,python,[kernel.kallsyms],_raw_spin_unlock_irqrestore
743605.0,3749011,python,libsqlite3.so.0.8.6,0x00000000000a9b28
743605.0,3748912,python,python,cfunction_vectorcall_FASTCALL_KEYWORDS
743604.0,3748881,python,python,gen_finalize
743601.0,3748943,python,python,enum_next
743599.0,3749011,python,libc.so.6,pthread_cond_signal@@GLIBC_2.17
743598.0,3748881,python,python,long_or
743596.0,3749043,python,python,cfunction_vectorcall_FASTCALL_KEYWORDS
743596.0,3748912,python,python,gen_finalize
743596.0,3748790,python,libsqlite3.so.0.8.6,sqlite3PagerWalCallback
743596.0,3748881,python,python,_PyObject_GC_NewVar
743592.0,3749011,python,python,sys_audit_tstate
743590.0,3748912,python,libc.so.6,__errno_location
743587.0,3748943,python,python,_PyDict_GetItemRef_KnownHash_LockHeld
743586.0,3748881,python,libc.so.6,__GI___pthread_mutex_unlock_usercnt
743586.0,3748943,python,libsqlite3.so.0.8.6,0x000000000009f250
743586.0,3748943,python,python,PyType_IsSubtype
743581.0,3749011,python,libsqlite3.so.0.8.6,pthread_mutex_lock@plt
743580.0,3749011,python,python,dict_init
743578.0,3748912,python,libsqlite3.so.0.8.6,sqlite3BtreeCursorHintFlags
743574.0,3749043,python,python,_PyDict_SetItem_Take2
743571.0,3748943,python,python,_PyUnicode_FastCopyCharacters
743567.0,3748790,python,python,PyErr_SetRaisedException
743565.0,3749043,python,python,func_dealloc
743562.0,3749043,python,python,long_dealloc
743557.0,3749043,python,libsqlite3.so.0.8.6,sqlite3_get_autocommit
743557.0,3749043,python,python,tuple_iter
743556.0,3748912,python,python,slot_tp_descr_get
743548.0,3748943,python,python,tuple_traverse
743546.0,3748943,python,python,listiter_next
743543.0,3749043,python,python,method_get
743540.0,3749043,python,libsqlite3.so.0.8.6,0x00000000000a10c8
743540.0,3748912,python,libsqlite3.so.0.8.6,sqlite3BtreeLeave
743540.0,3748790,python,python,_PyArg_UnpackStack
743535.0,3748790,python,python,bounded_lru_cache_wrapper
743535.0,3748790,python,python,method_get
743531.0,3748943,python,[JIT],0x0000f51362a26178
743529.0,3748943,python,python,PyNumber_Or
743527.0,3748790,python,[JIT],0x0000f9298edc1444
743526.0,3748790,python,python,PyNumber_InPlaceAdd
743520.0,3748790,python,python,binary_op1
743516.0,3748943,python,python,PyErr_SetRaisedException
743515.0,3748943,python,libsqlite3.so.0.8.6,sqlite3BtreeCommitPhaseOne
743512.0,3748912,python,python,long_to_decimal_string
743510.0,3748943,python,[kernel.kallsyms],perf_iterate_ctx
743510.0,3748881,python,python,mappingproxy_dealloc
743508.0,3749011,python,python,pthread_mutex_unlock@plt
743508.0,3748943,python,python,slot_sq_contains
743503.0,3748943,python,python,PyObject_GetItem
743499.0,3748943,python,python,long_hash
743498.0,3749011,python,python,cm_descr_get
743498.0,3748912,python,python,setitem_take2_lock_held
743498.0,3748943,python,python,unicode_decode_utf8.part.0
743497.0,3749043,python,python,set_merge_lock_held
743495.0,3749043,python,[JIT],0x0000fc43cadc915c
743495.0,3748912,python,python,PyDict_Contains
743495.0,3748943,python,libsqlite3.so.0.8.6,sqlite3VdbeLeave
743495.0,3748790,python,libsqlite3.so.0.8.6,0x00000000000a9b28
743493.0,3748943,python,libsqlite3.so.0.8.6,sqlite3BtreeCommitPhaseTwo
743490.0,3749011,python,python,_PyDict_SetItem_LockHeld
743489.0,3748943,python,python,local_getattro
743486.0,3748943,python,python,slot_tp_descr_get
743483.0,3748790,python,python,object_new
743478.0,3748943,python,libc.so.6,pthread_mutex_unlock@@GLIBC_2.17
743477.0,3748912,python,python,builtin_id
743477.0,3748943,python,python,_PyThreadState_PopFrame
743476.0,3748790,python,python,_PyErr_CheckSignalsTstate
743476.0,3748881,python,python,PyCallable_Check
743475.0,3748790,python,python,_Py_NewReferenceNoTotal
743470.0,3748912,python,python,supercheck
743469.0,3748790,python,python,PyCallable_Check
743468.0,3749043,python,python,PySequence_Tuple
743466.0,3749043,python,python,get_exception_handler.isra.0
743466.0,3748881,python,libsqlite3.so.0.8.6,sqlite3DbMallocRaw
743464.0,3749011,python,libsqlite3.so.0.8.6,sqlite3DbMallocRawNN
743464.0,3748912,python,python,pthread_mutex_lock@plt
743463.0,3748881,python,python,_PyJit_translate_single_bytecode_to_trace
743462.0,3748790,python,python,_PyFunction_SetVersion
743458.0,3748912,python,python,_PyUnicode_FastCopyCharacters
743458.0,3748943,python,python,_PyThreadState_Detach
743454.0,3749043,python,[JIT],0x0000fc43cadc9384
743454.0,3748943,python,libsqlite3.so.0.8.6,pthread_mutex_lock@plt
743448.0,3748881,python,python,_PyDict_Next
743443.0,3748817,python,python,_PyDict_SubscriptKnownHash
743441.0,3749011,python,[JIT],0x0000f90e72838444
743437.0,3749043,python,python,_Py_uop_analyze_and_optimize
743431.0,3749043,python,python,_PyObject_LookupSpecialMethod
743429.0,3749043,python,libsqlite3.so.0.8.6,sqlite3VdbeMemSetStr
743428.0,3749043,python,python,method_vectorcall_O
743426.0,3749043,python,python,set_iter
743424.0,3748943,python,libsqlite3.so.0.8.6,sqlite3VdbeEnter
743419.0,3749043,python,libsqlite3.so.0.8.6,sqlite3_column_count
743416.0,3748881,python,python,_PyRunRemoteDebugger
743411.0,3748943,python,python,bool_vectorcall
743408.0,3748881,python,libsqlite3.so.0.8.6,sqlite3BtreeCloseCursor
743405.0,3748943,python,python,pthread_mutex_lock@plt
743404.0,3749043,python,libsqlite3.so.0.8.6,sqlite3ErrorClear
743404.0,3749043,python,libsqlite3.so.0.8.6,sqlite3MallocZero
743404.0,3748790,python,libsqlite3.so.0.8.6,0x000000000009f240
743398.0,3748912,python,python,_PyUnicode_FormatLong
743398.0,3748881,python,python,_PyEval_StartTheWorld
743395.0,3748943,python,_sqlite3.cpython-316-aarch64-linux-gnu.so,PyObject_CallOneArg@plt
743392.0,3749043,python,python,set_traverse
743390.0,3749043,python,python,_PyJit_translate_single_bytecode_to_trace
743388.0,3748790,python,python,long_dealloc
743387.0,3748790,python,python,object_dealloc
743386.0,3749043,python,python,insert_weakref
743384.0,3749043,python,python,bool_vectorcall
743384.0,3748943,python,python,AttributeError_init
743383.0,3749043,python,libsqlite3.so.0.8.6,sqlite3BtreeGetFilename
743383.0,3749043,python,libsqlite3.so.0.8.6,sqlite3VdbeLeave
743377.0,3748943,python,python,_PyOptimizer_Optimize
743375.0,3748790,python,libsqlite3.so.0.8.6,sqlite3Put4byte
743365.0,3749043,python,python,PyErr_Format
743362.0,3748790,python,[JIT],0x0000f9298f7a615c
743362.0,3748943,python,python,PyObject_GenericGetAttr
743360.0,3749043,python,python,Py_HashBuffer
743357.0,3749043,python,python,PyObject_GenericHash
743352.0,3749043,python,python,_PyUnicodeWriter_Finish
743351.0,3748912,python,python,_Py_LoadAttr_StackRefSteal
743348.0,3748912,python,python,find_empty_slot
743346.0,3749043,python,python,_PyDict_GetItemRef_KnownHash_LockHeld
743344.0,3749043,python,libsqlite3.so.0.8.6,sqlite3JournalIsInMemory
743338.0,3749043,python,python,PyEval_RestoreThread
743330.0,3749043,python,libsqlite3.so.0.8.6,pthread_mutex_lock@plt
743320.0,3748943,python,python,unicode_fromformat_write_utf8
743314.0,3748943,python,python,PyNumber_InPlaceAdd
743312.0,3748881,python,libc.so.6,pthread_cond_signal@@GLIBC_2.17
743310.0,3749043,python,python,_PyUnicode_ResizeCompact
743310.0,3748881,python,python,cfunction_vectorcall_FASTCALL_KEYWORDS
743308.0,3748790,python,[JIT],0x0000f9298f7a2a38
743305.0,3749043,python,python,_PyTuple_FromArraySteal
743302.0,3748943,python,python,_PyTuple_FromPairSteal
743302.0,3748790,python,libsqlite3.so.0.8.6,sqlite3WalCallback
743292.0,3748912,python,python,_PyStack_UnpackDict
743289.0,3749043,python,libsqlite3.so.0.8.6,sqlite3DbMallocRawNN
743278.0,3749043,python,python,dict___contains__
743274.0,3748790,python,python,slot_sq_contains
743266.0,3748790,python,python,dict_pop
743264.0,3749043,python,python,builtin_issubclass
743264.0,3748943,python,python,get_exception_handler.isra.0
743262.0,3748943,python,libsqlite3.so.0.8.6,sqlite3Malloc
743260.0,3748881,python,libsqlite3.so.0.8.6,sqlite3JournalIsInMemory
743259.0,3749043,python,libsqlite3.so.0.8.6,sqlite3StatusUp
743259.0,3748943,python,python,supercheck
743257.0,3748943,python,python,builtin_id
743257.0,3748943,python,libsqlite3.so.0.8.6,sqlite3VdbeReset
743253.0,3748912,python,libsqlite3.so.0.8.6,0x00000000000b2c34
743252.0,3748943,python,libsqlite3.so.0.8.6,sqlite3ApiExit
743251.0,3748943,python,python,_PyUnicode_ResizeCompact
743251.0,3748881,python,python,dict_new
743239.0,3748881,python,python,set_add_entry_takeref
743221.0,3749043,python,libsqlite3.so.0.8.6,sqlite3RunParser
743221.0,3748943,python,python,_list_extend
743220.0,3749043,python,libsqlite3.so.0.8.6,sqlite3BtreeTableMoveto
743220.0,3748943,python,python,pthread_cond_signal@plt
743219.0,3748943,python,python,_PyUnicodeWriter_Finish
743219.0,3748943,python,python,_Py_BuiltinCallFast_StackRef
743217.0,3748943,python,python,_PyObject_RealIsInstance
743214.0,3748943,python,python,PyFunction_New
743206.0,3748881,python,libsqlite3.so.0.8.6,sqlite3FinishCoding
743199.0,3748912,python,python,_PyDict_SetItem_Take2
743199.0,3748943,python,python,weakref_vectorcall
743199.0,3748790,python,libsqlite3.so.0.8.6,0x000000000009f250
743197.0,3748943,python,python,vgetargskeywords_impl.constprop.0
743197.0,3748881,python,python,_PyUnicode_ResizeCompact
743186.0,3748881,python,python,PyObject_GetAttr
743184.0,3748943,python,python,set_traverse
743168.0,3748881,python,python,frame_dealloc
743166.0,3749043,python,[JIT],0x0000fc43ca4b5af4
743164.0,3748881,python,python,weakref___init__
743150.0,3748943,python,python,strlen@plt
743142.0,3748790,python,python,_PyUnicodeWriter_Init
743137.0,3749043,python,python,PyUnicode_AsUTF8AndSize
743133.0,3748881,python,python,PyFunction_New
743132.0,3749043,python,libsqlite3.so.0.8.6,sqlite3VdbeCheckFk
743129.0,3748881,python,python,type_call
743128.0,3749043,python,python,PyEval_SaveThread
743126.0,3748881,python,python,_PyFunction_SetVersion
743112.0,3748817,python,python,local_getattro
743109.0,3748912,python,python,siphash13
743101.0,3749043,python,libsqlite3.so.0.8.6,sqlite3VdbeMemGrow
743101.0,3748943,python,libsqlite3.so.0.8.6,sqlite3VdbeChangeEncoding
743064.0,3749043,python,[JIT],0x0000fc43cadc361c
743049.0,3748881,python,libc.so.6,_int_free_create_chunk
743039.0,3748881,python,python,_PyDict_SetItem_LockHeld
743037.0,3749043,python,[kernel.kallsyms],__pi_clear_page
743015.0,3748881,python,python,_Py_LoadAttr_StackRefSteal
742987.0,3749011,python,_sqlite3.cpython-316-aarch64-linux-gnu.so,pysqlite_cursor_init
742983.0,3748881,python,[JIT],0x0000e411b5d34c14
742975.0,3749043,python,python,memcpy@plt
742963.0,3749043,python,python,vgetargskeywords_impl.constprop.0
742923.0,3749043,python,python,_PyOptimizer_Optimize
742922.0,3748881,python,libsqlite3.so.0.8.6,sqlite3_column_count
742903.0,3748881,python,python,PyList_Append
742888.0,3748943,python,python,meth_dealloc
742880.0,3748790,python,python,PyUnicode_New
742879.0,3749043,python,python,PyArg_ParseTupleAndKeywords
742871.0,3749043,python,libsqlite3.so.0.8.6,sqlite3PagerFilename
742848.0,3748912,python,python,dict___contains__
742840.0,3749043,python,python,gen_iternext
742702.0,3748912,python,python,list_iter
742694.0,3748881,python,libsqlite3.so.0.8.6,sqlite3_free
742689.0,3748943,python,python,_PyCompactLong_Add
742603.0,3748881,python,_sqlite3.cpython-316-aarch64-linux-gnu.so,PyObject_GC_UnTrack@plt
742552.0,3748943,python,python,_PyThreadState_MustExit
742538.0,3748817,python,python,PyUnicode_AsUTF8AndSize
742504.0,3749011,python,python,weakref_hash
742490.0,3749043,python,python,_PyObject_GenericSetAttrWithDict
742198.0,3749011,python,python,getset_set
742134.0,3748943,python,python,_Py_BuiltinCallFastWithKeywords_StackRef
741556.0,3748943,python,python,PySequence_Fast
741514.0,3748943,python,python,take_gil
740845.0,3749011,python,libc.so.6,__GI___pthread_self
740200.0,3748817,python,python,local_setattro
739444.0,3749043,python,python,find_first_nonascii
739233.0,3748881,python,libsqlite3.so.0.8.6,sqlite3VdbeCheckFk
739170.0,3748943,python,python,list_extend_lock_held
737823.0,3749043,python,python,tuple_richcompare
737429.0,3749043,python,python,_PyObject_InitInlineValues
734631.0,3748881,python,libc.so.6,_int_free_merge_chunk
734407.0,3748881,python,[JIT],0x0000e411b56f3990
730192.0,3748943,python,python,subtype_dealloc
727895.0,3748790,python,python,PyNumber_Remainder
725399.0,3748912,python,libsqlite3.so.0.8.6,sqlite3_reset
724543.0,3748817,python,python,_Py_Specialize_LoadAttr
722888.0,3748912,python,libsqlite3.so.0.8.6,0x00000000000299f0
718414.0,3748943,python,python,object_richcompare
718044.0,3748943,python,python,_PyType_GetDict
685363.0,3748943,python,_sqlite3.cpython-316-aarch64-linux-gnu.so,_pysqlite_query_execute
599387.0,3748912,python,libsqlite3.so.0.8.6,sqlite3PcacheFetchFinish
592425.0,3749011,python,libc.so.6,__memset_zva64
537768.0,3748912,python,[kernel.kallsyms],task_mm_cid_work
522150.0,3748881,python,[kernel.kallsyms],task_mm_cid_work
511057.0,3748817,python,python,func_get_name
507601.0,3748912,python,_sqlite3.cpython-316-aarch64-linux-gnu.so,pysqlite_connection_rollback
507574.0,3748881,python,python,_PyThreadState_Detach
505706.0,3748881,python,python,set_update_local
505268.0,3748817,python,python,lru_cache_make_key
504014.0,3749011,python,[JIT],0x0000f90e72ef0aa0
503698.0,3748943,python,[JIT],0x0000f51362a263b4
502118.0,3748817,python,libsqlite3.so.0.8.6,sqlite3_free
501802.0,3749011,python,libsqlite3.so.0.8.6,sqlite3_bind_parameter_count
501148.0,3749011,python,python,simple_stmts_rule
499715.0,3749011,python,libsqlite3.so.0.8.6,sqlite3VdbeMemGrow
499093.0,3748881,python,libsqlite3.so.0.8.6,sqlite3ApiExit
499066.0,3748943,python,python,PyObject_GetAttr
498718.0,3748943,python,_sqlite3.cpython-316-aarch64-linux-gnu.so,PyEval_SaveThread@plt
498492.0,3749011,python,[JIT],0x0000f90e7319c2b4
497536.0,3749043,python,libsqlite3.so.0.8.6,0x00000000000f8ca4
497368.0,3748817,python,[JIT],0x0000e107be57b068
497061.0,3748790,python,[JIT],0x0000f9298f7a78ec
496942.0,3749011,python,python,_PyUnicode_FormatLong
496864.0,3748881,python,python,strchr@plt
496640.0,3748943,python,python,_PyTuple_FromArraySteal
496497.0,3749011,python,libsqlite3.so.0.8.6,0x00000000000a9990
496429.0,3748817,python,python,chain_next
496411.0,3748817,python,python,PyObject_GetIter
496410.0,3748817,python,libsqlite3.so.0.8.6,sqlite3_stmt_busy
496373.0,3748817,python,python,_PyObject_Realloc
496324.0,3748912,python,python,wrap_descr_get
496324.0,3748912,python,[JIT],0x0000ff3d9487e0d8
496309.0,3748817,python,python,PyObject_ClearManagedDict
496307.0,3749011,python,python,copy_values
496298.0,3748817,python,libsqlite3.so.0.8.6,0x00000000000f6a24
496296.0,3748912,python,python,_PyUnicode_ResizeCompact
496291.0,3749011,python,python,PyErr_Format
496276.0,3748817,python,python,list_dealloc
496275.0,3748817,python,python,long_to_decimal_string_internal
496273.0,3748912,python,_sqlite3.cpython-316-aarch64-linux-gnu.so,cursor_clear
496268.0,3748817,python,python,find_empty_slot
496267.0,3749011,python,libsqlite3.so.0.8.6,sqlite3ApiExit
496259.0,3748817,python,python,AttributeError_init
496249.0,3748790,python,libsqlite3.so.0.8.6,0x000000000009f268
496243.0,3748817,python,libc.so.6,__memcpy_generic
496243.0,3748790,python,python,mappingproxy_dealloc
496240.0,3748790,python,libsqlite3.so.0.8.6,sqlite3VtabCommit
496236.0,3748817,python,libsqlite3.so.0.8.6,0x00000000000b29b4
496235.0,3748817,python,python,_PyTuple_FromPairSteal
496228.0,3748790,python,libsqlite3.so.0.8.6,sqlite3PcacheRelease
496225.0,3748912,python,python,PyDict_GetItemRef
496225.0,3748912,python,python,set_vectorcall
496223.0,3748912,python,[JIT],0x0000ff3d93fb9af4
496222.0,3748817,python,libsqlite3.so.0.8.6,sqlite3Parser
496216.0,3748817,python,python,_PyType_AllocNoTrack
496215.0,3748790,python,python,_PyJit_FinalizeTracing
496210.0,3748817,python,python,_PyErr_CheckSignalsTstate
496205.0,3748817,python,python,_PyUnicode_InternMortal
496204.0,3748817,python,python,set_difference_multi
496203.0,3748912,python,python,_PyEval_GetIter
496202.0,3748817,python,libc.so.6,pthread_cond_signal@@GLIBC_2.17
496201.0,3748790,python,[JIT],0x0000f9298f7a7168
496195.0,3748817,python,libsqlite3.so.0.8.6,sqlite3PagerCommitPhaseOne
496195.0,3748912,python,libsqlite3.so.0.8.6,sqlite3VdbeLeave
496195.0,3748790,python,[kernel.kallsyms],__lruvec_stat_mod_folio
496192.0,3748817,python,libsqlite3.so.0.8.6,sqlite3GetVdbe
496186.0,3748790,python,libsqlite3.so.0.8.6,memset@plt
496186.0,3748790,python,libsqlite3.so.0.8.6,sqlite3VdbeSetSql
496185.0,3748912,python,python,analyze_descriptor_load.constprop.0
496182.0,3748817,python,python,PyModule_GetState
496182.0,3748817,python,python,object_dealloc
496179.0,3749011,python,python,PyList_New.constprop.0
496174.0,3748912,python,libsqlite3.so.0.8.6,strlen@plt
496170.0,3748912,python,python,PyUnicode_New
496170.0,3748881,python,python,set_lookkey
496169.0,3749011,python,libc.so.6,malloc
496169.0,3748817,python,[JIT],0x0000e107be57d17c
496168.0,3748817,python,python,dictkeys_decref.part.0.constprop.0
496167.0,3748817,python,python,_PyTuple_FromArraySteal
496166.0,3748790,python,python,supercheck
496165.0,3748817,python,libc.so.6,malloc
496163.0,3749011,python,python,_PyEval_StartTheWorld
496157.0,3748912,python,python,_PyObject_StoreInstanceAttribute
496157.0,3748817,python,python,_Py_BuildMap_StackRefSteal
496156.0,3748817,python,python,_PyStolenTuple_Free
496153.0,3748817,python,python,tupleiter_dealloc
496152.0,3748817,python,python,_PyStaticType_GetState
496151.0,3748943,python,python,_PyThreadState_PushFrame
496149.0,3748817,python,python,list_extend_lock_held
496149.0,3748790,python,libsqlite3.so.0.8.6,sqlite3BtreeTxnState
496148.0,3749011,python,[JIT],0x0000f90e7319e0cc
496148.0,3748790,python,python,_PyUnicode_DecodeUTF8Writer
496147.0,3749011,python,python,take_gil
496147.0,3748817,python,libsqlite3.so.0.8.6,0x00000000000a9b0c
496144.0,3748817,python,_sqlite3.cpython-316-aarch64-linux-gnu.so,pysqlite_cursor_execute
496144.0,3748817,python,libsqlite3.so.0.8.6,sqlite3Get4byte
496144.0,3748790,python,libsqlite3.so.0.8.6,0x00000000000b8c88
496141.0,3749011,python,python,_Py_VectorCallInstrumentation_StackRefSteal
496141.0,3748817,python,python,bool_vectorcall
496141.0,3748912,python,libsqlite3.so.0.8.6,sqlite3VdbeGoto
496140.0,3748817,python,python,_Py_CheckFunctionResult
496138.0,3748817,python,python,PyType_GetModuleByDef
496138.0,3748817,python,python,PyType_IsSubtype
496138.0,3748817,python,libc.so.6,strchr
496138.0,3748790,python,python,unicode_fromformat_write_str
496133.0,3748912,python,[JIT],0x0000ff3d94874440
496132.0,3748881,python,python,weakref___new__
496132.0,3748881,python,[kernel.kallsyms],__perf_addr_filters_adjust
496131.0,3748817,python,libsqlite3.so.0.8.6,sqlite3VdbeLeave
496129.0,3748817,python,python,_PyEval_StartTheWorld
496129.0,3748817,python,python,_PyThreadState_PushFrame
496128.0,3748817,python,libc.so.6,pthread_mutex_lock@@GLIBC_2.17
496128.0,3748817,python,python,slot_nb_bool
496128.0,3748817,python,python,_PyCompactLong_Subtract
496128.0,3748817,python,libsqlite3.so.0.8.6,sqlite3VdbeOneByteSerialTypeLen
496124.0,3748912,python,python,unicode_hash
496123.0,3749011,python,python,dict_length
496122.0,3748817,python,python,PyMem_Calloc
496122.0,3748817,python,libsqlite3.so.0.8.6,sqlite3_reset
496121.0,3748817,python,libsqlite3.so.0.8.6,sqlite3PcacheRelease
496120.0,3748912,python,python,listiter_next
496119.0,3748817,python,libsqlite3.so.0.8.6,sqlite3ParseObjectReset
496118.0,3748817,python,python,tb_dealloc
496117.0,3748817,python,python,_PyDict_Next
496117.0,3748790,python,python,PyObject_VisitManagedDict
496116.0,3749011,python,python,object_get_class
496115.0,3748912,python,libsqlite3.so.0.8.6,sqlite3StatusUp
496112.0,3749011,python,python,lru_cache_make_key
496110.0,3749011,python,python,_PyObject_LookupSpecialMethod
496108.0,3748817,python,python,PyBool_FromLong
496106.0,3748817,python,python,lru_cache_call
496105.0,3748817,python,libsqlite3.so.0.8.6,0x00000000000a10c0
496105.0,3748817,python,python,method_getattro
496104.0,3748817,python,python,PyObject_GenericSetAttr
496103.0,3748817,python,python,unicode_hash
496102.0,3748790,python,python,dict_new
496101.0,3748912,python,python,_PyDict_SetItem_Take2
496101.0,3748817,python,python,PyErr_SetRaisedException
496101.0,3748912,python,libsqlite3.so.0.8.6,0x00000000000f3160
496101.0,3748881,python,python,partial_new
496100.0,3748790,python,python,set_or
496099.0,3748817,python,python,PyObject_GenericHash
496098.0,3748817,python,python,_PyObject_Call_Prepend
496098.0,3748817,python,libsqlite3.so.0.8.6,sqlite3BitvecCreate
496097.0,3749011,python,libsqlite3.so.0.8.6,0x000000000002abe4
496097.0,3749011,python,python,PyList_New
496096.0,3748817,python,python,_PyDict_InsertSplitValue
496096.0,3748790,python,[JIT],0x0000f9298f7a715c
496094.0,3748912,python,[JIT],0x0000ff3d9487e22c
496094.0,3748790,python,python,new_keys_object
496093.0,3748881,python,python,_Py_VectorCallInstrumentation_StackRefSteal
496093.0,3749011,python,python,_PyObject_MakeTpCall
496093.0,3748790,python,libsqlite3.so.0.8.6,sqlite3_reset
496092.0,3748817,python,[JIT],0x0000e107bdc2cba0
496091.0,3748912,python,libsqlite3.so.0.8.6,sqlite3StatusDown
496090.0,3749011,python,python,cfunction_vectorcall_FASTCALL_KEYWORDS
496090.0,3748817,python,[JIT],0x0000e107bdc2b1b8
496088.0,3748817,python,libsqlite3.so.0.8.6,sqlite3BtreeEnter
496087.0,3748912,python,libsqlite3.so.0.8.6,0x00000000000b8c9c
496086.0,3748912,python,_sqlite3.cpython-316-aarch64-linux-gnu.so,pysqlite_cursor_init
496085.0,3749011,python,python,_PyUnicodeWriter_WriteASCIIString
496085.0,3748817,python,python,PyObject_GenericHash
496084.0,3748790,python,python,PyObject_SelfIter
496081.0,3748912,python,python,long_hash
496081.0,3749011,python,libsqlite3.so.0.8.6,sqlite3DbMallocRawNN
496079.0,3748912,python,python,PyObject_Malloc
496079.0,3748817,python,libsqlite3.so.0.8.6,sqlite3PagerSharedLock
496078.0,3749011,python,python,_PyFunction_Vectorcall
496077.0,3749043,python,python,classmethod_get
496077.0,3748912,python,libsqlite3.so.0.8.6,sqlite3PagerSharedLock
496076.0,3748817,python,python,PyUnicode_New.part.0
496075.0,3748817,python,libsqlite3.so.0.8.6,sqlite3JournalOpen
496074.0,3749011,python,libsqlite3.so.0.8.6,sqlite3WalCallback
496073.0,3748817,python,libsqlite3.so.0.8.6,sqlite3StatusHighwater
496073.0,3748817,python,_sqlite3.cpython-316-aarch64-linux-gnu.so,sqlite3_reset@plt
496072.0,3748790,python,python,strlen@plt
496070.0,3748912,python,python,_PyFunction_SetVersion
496069.0,3749011,python,python,func_get_doc
496068.0,3748817,python,[JIT],0x0000e107be2eb898
496068.0,3748912,python,python,set_update_dict_lock_held
496067.0,3748912,python,python,method_dealloc
496067.0,3748817,python,python,_PyDict_GetItemRef_KnownHash_LockHeld
496064.0,3749011,python,python,PyObject_Hash
496061.0,3749043,python,libsqlite3.so.0.8.6,sqlite3PcacheRelease
496060.0,3748817,python,python,__aarch64_ldclr8_acq_rel
496060.0,3748881,python,libsqlite3.so.0.8.6,sqlite3BtreeInsert
496059.0,3748817,python,[JIT],0x0000e107bdcf53b8
496058.0,3748817,python,libsqlite3.so.0.8.6,sqlite3_bind_parameter_count
496057.0,3749011,python,python,_PySuper_Lookup
496057.0,3748817,python,python,tuple_richcompare
496057.0,3748912,python,python,_ldict
496055.0,3748790,python,libsqlite3.so.0.8.6,memcpy@plt
496054.0,3749011,python,libc.so.6,strchr
496054.0,3748943,python,python,tuple_hash
496053.0,3749011,python,libc.so.6,__GI___pthread_mutex_unlock_usercnt
496053.0,3748817,python,python,type_call
496053.0,3748817,python,libsqlite3.so.0.8.6,sqlite3LeaveMutexAndCloseZombie
496052.0,3748817,python,python,copy_values
496052.0,3748912,python,libsqlite3.so.0.8.6,sqlite3MallocZero
496051.0,3749011,python,libsqlite3.so.0.8.6,sqlite3Parser
496051.0,3748790,python,libsqlite3.so.0.8.6,sqlite3DbMallocSize
496051.0,3748790,python,python,weakref_dealloc
496050.0,3748912,python,python,dict_merge
496050.0,3748790,python,libsqlite3.so.0.8.6,0x00000000000a111c
496048.0,3748817,python,[JIT],0x0000e107be311070
496047.0,3748817,python,python,_PyDictKeys_StringLookupAndVersion
496047.0,3748912,python,python,list_to_tuple
496047.0,3748790,python,python,memcmp@plt
496046.0,3748881,python,_sqlite3.cpython-316-aarch64-linux-gnu.so,pysqlite_cursor_init
496045.0,3748817,python,python,_PyObject_Calloc
496042.0,3748817,python,python,_PyDict_LoadBuiltinsFromGlobals
496041.0,3748817,python,python,delitem_common
496041.0,3748817,python,[JIT],0x0000e107be57e2b8
496040.0,3748817,python,python,visit_decref
496040.0,3748817,python,[JIT],0x0000e107be57e3b4
496040.0,3748912,python,python,copy_values
496038.0,3748817,python,python,PyErr_GetRaisedException
496038.0,3748881,python,python,cm_descr_get
496037.0,3749011,python,libsqlite3.so.0.8.6,sqlite3VtabSync
496036.0,3748817,python,python,unicode_decode_utf8.part.0
496036.0,3748817,python,libsqlite3.so.0.8.6,0x00000000000a7904
496034.0,3749043,python,python,PyErr_SetRaisedException
496034.0,3749011,python,libsqlite3.so.0.8.6,0x0000000000021de8
496032.0,3748912,python,python,make_dict_from_instance_attributes
496031.0,3748912,python,libsqlite3.so.0.8.6,sqlite3PcacheFetch
496030.0,3749011,python,python,tuple_length
496030.0,3748817,python,python,PyFunction_New
496030.0,3748817,python,libsqlite3.so.0.8.6,sqlite3BtreeCursorZero
496030.0,3748943,python,python,_PyObject_GC_Link
496028.0,3749011,python,libsqlite3.so.0.8.6,sqlite3VdbeMemClearAndResize
496027.0,3748912,python,python,gen_iternext
496027.0,3748790,python,python,_PyFrame_MakeAndSetFrameObject
496026.0,3748943,python,python,_PyDict_FromItems
496025.0,3749011,python,libsqlite3.so.0.8.6,sqlite3BtreeBeginTrans
496025.0,3748817,python,libc.so.6,_int_free_merge_chunk
496024.0,3749011,python,python,_PyThreadState_Detach
496022.0,3749011,python,[JIT],0x0000f90e72ef03b8
496021.0,3748817,python,python,PyList_Append
496021.0,3748790,python,python,list_length
496020.0,3748817,python,python,PyCallable_Check
496019.0,3749011,python,python,_PyEval_StartTheWorld
496019.0,3749011,python,python,PyObject_Vectorcall
496019.0,3748912,python,_sqlite3.cpython-316-aarch64-linux-gnu.so,pysqlite_cursor_close
496018.0,3748817,python,python,PyMapping_Check
496017.0,3749011,python,python,PyMapping_Check
496017.0,3748817,python,libsqlite3.so.0.8.6,sqlite3VdbeRewind
496016.0,3749011,python,libsqlite3.so.0.8.6,sqlite3BtreeCursor
496016.0,3748817,python,python,partial_new
496016.0,3748912,python,python,PyErr_CheckSignals
496012.0,3749043,python,python,PyObject_CallFinalizerFromDealloc
496012.0,3748912,python,[JIT],0x0000ff3d9487e404
496012.0,3748790,python,python,frame_dealloc
496010.0,3748912,python,python,_PyUnicodeWriter_Finish
496009.0,3748881,python,python,_PyObject_MaterializeManagedDict
496008.0,3749011,python,python,tp_new_wrapper
496007.0,3749011,python,python,builtin_getattr
496007.0,3748912,python,_sqlite3.cpython-316-aarch64-linux-gnu.so,pysqlite_cursor_execute
496006.0,3748943,python,python,partial_new
496005.0,3749011,python,python,listiter_next
496004.0,3748881,python,[JIT],0x0000e411b60871dc
496002.0,3748912,python,python,build_indices_unicode
496001.0,3748817,python,libc.so.6,cfree@GLIBC_2.17
496001.0,3748817,python,libsqlite3.so.0.8.6,sqlite3BtreeCloseCursor
496000.0,3748881,python,libsqlite3.so.0.8.6,sqlite3VdbeExec
496000.0,3748817,python,libsqlite3.so.0.8.6,sqlite3_get_autocommit
496000.0,3748790,python,libsqlite3.so.0.8.6,sqlite3ParserAlloc
495999.0,3749011,python,python,_PyObject_VectorcallDictTstate
495998.0,3748817,python,libc.so.6,pthread_cond_signal@@GLIBC_2.17
495998.0,3748817,python,libsqlite3.so.0.8.6,sqlite3VarintLen
495997.0,3749011,python,[JIT],0x0000f90e7319c3b8
495997.0,3748912,python,libsqlite3.so.0.8.6,0x00000000000eac0c
495993.0,3749043,python,python,_PyDict_SubscriptKnownHash
495993.0,3748790,python,libsqlite3.so.0.8.6,sqlite3JournalOpen
495991.0,3748912,python,python,PyNumber_ToBase
495990.0,3749011,python,python,dict_new
495990.0,3748912,python,[JIT],0x0000ff3d9487d158
495989.0,3748943,python,python,PyObject_IsSubclass
495988.0,3749011,python,_sqlite3.cpython-316-aarch64-linux-gnu.so,pysqlite_cursor_init
495987.0,3749011,python,libsqlite3.so.0.8.6,sqlite3OsFileControl
495986.0,3748790,python,python,dictitems_iter
495985.0,3748912,python,python,list_sort
495984.0,3748912,python,libsqlite3.so.0.8.6,sqlite3_malloc
495983.0,3748817,python,python,dict_new
495982.0,3749011,python,python,PyObject_IsTrue
495981.0,3748817,python,libsqlite3.so.0.8.6,sqlite3VdbeCheckFk
495981.0,3748943,python,python,_PyUnicodeWriter_Init
495980.0,3748817,python,[JIT],0x0000e107bdc23000
495980.0,3748912,python,[JIT],0x0000ff3d9494c000
495979.0,3749011,python,python,PyDict_New
495979.0,3748912,python,[JIT],0x0000ff3d9494c020
495979.0,3748790,python,python,object_recursive_isinstance
495978.0,3748881,python,python,local_setattro
495977.0,3748881,python,python,PyMem_Free
495977.0,3748817,python,python,pthread_mutex_lock@plt
495977.0,3748943,python,python,_PyEval_StartTheWorld
495976.0,3748881,python,python,PyList_New
495973.0,3748790,python,python,classmethod_get
495972.0,3748881,python,python,PyNumber_Check
495968.0,3748790,python,libsqlite3.so.0.8.6,sqlite3VListNumToName
495966.0,3749011,python,python,_PyStaticMethod_GetFunc
495964.0,3749011,python,python,local_getattro
495964.0,3748817,python,python,dictview_dealloc
495964.0,3748912,python,[JIT],0x0000ff3d9487e160
495963.0,3749043,python,[JIT],0x0000fc43cadc941c
495961.0,3748881,python,python,listiter_dealloc
495960.0,3748817,python,python,pthread_mutex_unlock@plt
495959.0,3748881,python,python,find_empty_slot
495959.0,3748817,python,python,listiter_dealloc
495959.0,3748817,python,[JIT],0x0000e107bdcb4ed0
495958.0,3748881,python,python,wrapperdescr_call
495957.0,3749011,python,python,memcpy@plt
495957.0,3748912,python,libsqlite3.so.0.8.6,0x00000000000ad224
495957.0,3748790,python,python,func_get_doc
495957.0,3748881,python,python,PyUnicode_AsUTF8AndSize
495956.0,3749043,python,python,insert_split_key
495956.0,3748912,python,python,_PyTuple_FromArraySteal
495956.0,3749011,python,python,_Py_IsMainThread
495955.0,3749011,python,libsqlite3.so.0.8.6,sqlite3VdbeMemTooBig
495955.0,3748912,python,python,drop_gil
495954.0,3748912,python,python,PyObject_Vectorcall
495954.0,3749011,python,python,func_dealloc
495954.0,3748912,python,python,AttributeError_dealloc
495953.0,3749011,python,python,PyArg_UnpackTuple
495953.0,3749011,python,python,vgetargskeywords_impl.constprop.0
495952.0,3748912,python,python,PyModule_GetState
495951.0,3748912,python,python,_Py_NewReference
495951.0,3748817,python,libsqlite3.so.0.8.6,sqlite3BtreeGetFilename
495951.0,3748790,python,python,long_or
495950.0,3749011,python,python,object_dealloc
495949.0,3748912,python,python,_PyObject_GetMethodStackRef
495949.0,3748881,python,python,PyNumber_InPlaceOr
495948.0,3749011,python,python,wrapperdescr_call
495948.0,3748817,python,python,PyObject_CallFinalizerFromDealloc
495948.0,3748817,python,libsqlite3.so.0.8.6,0x000000000011604c
495947.0,3748912,python,python,new_dict.constprop.0
495947.0,3748817,python,python,PyObject_GC_Del
495946.0,3749011,python,[JIT],0x0000f90e7319e168
495945.0,3749011,python,libsqlite3.so.0.8.6,sqlite3BtreeEnter
495945.0,3748881,python,python,unicode_decode_utf8.part.0
495944.0,3748912,python,python,func_set_name
495943.0,3748912,python,[JIT],0x0000ff3d93fb99fc
495941.0,3749043,python,[JIT],0x0000fc43cadc94ec
495941.0,3749011,python,python,set_add_entry_takeref
495940.0,3748881,python,python,_PyDict_FromItems
495939.0,3748817,python,libsqlite3.so.0.8.6,sqlite3PagerGet
495937.0,3748912,python,python,PyObject_Hash
495937.0,3748943,python,_sqlite3.cpython-316-aarch64-linux-gnu.so,pysqlite_connection_rollback
495936.0,3749011,python,python,PyNumber_Check
495935.0,3748943,python,python,PyMethod_New
495934.0,3748912,python,python,pysiphash
495934.0,3748943,python,python,set_merge_lock_held
495934.0,3748881,python,python,_PyErr_SetObject.part.0
495932.0,3748817,python,[JIT],0x0000e107be57e0d8
495932.0,3748790,python,libc.so.6,__GI___pthread_self
495930.0,3749011,python,python,set_iter
495929.0,3749011,python,libsqlite3.so.0.8.6,0x00000000000a1004
495929.0,3748817,python,python,ascii_decode
495926.0,3748943,python,python,dictkeys_decref.part.0.constprop.0
495925.0,3748912,python,python,deque_len
495925.0,3748790,python,python,PyObject_IsInstance
495924.0,3749011,python,python,weakref___init__
495924.0,3749011,python,libsqlite3.so.0.8.6,0x00000000000b8c9c
495924.0,3749011,python,python,slot_tp_descr_get
495921.0,3748790,python,libsqlite3.so.0.8.6,0x00000000000f861c
495919.0,3748881,python,python,PyDict_Next
495919.0,3748943,python,python,subtype_clear
495918.0,3749011,python,libsqlite3.so.0.8.6,sqlite3BtreeEnter
495918.0,3748912,python,python,PyObject_IsInstance
495918.0,3748881,python,python,dict_items
495917.0,3748912,python,python,clear_slots
495917.0,3749011,python,python,_PyObject_GC_Link
495915.0,3749011,python,python,_PyUnicodeWriter_WriteStr
495915.0,3748817,python,libsqlite3.so.0.8.6,sqlite3ParserFree
495914.0,3748912,python,python,PyObject_VisitManagedDict
495913.0,3748881,python,python,PyTuple_Pack
495912.0,3749011,python,python,PyTuple_GetSlice
495910.0,3748912,python,python,_PyObject_Realloc
495910.0,3748790,python,python,tuple_contains
495909.0,3748912,python,python,_Py_IsMainThread
495906.0,3749011,python,python,bool_vectorcall
495906.0,3749011,python,python,list_vectorcall
495902.0,3748790,python,python,__errno_location@plt
495899.0,3748912,python,python,PyObject_IsTrue
495897.0,3748912,python,python,subtype_dealloc
495897.0,3748912,python,_sqlite3.cpython-316-aarch64-linux-gnu.so,pysqlite_check_connection
495897.0,3748912,python,libsqlite3.so.0.8.6,0x00000000000f6a44
495896.0,3748912,python,python,wrapperdescr_call
495896.0,3748943,python,libsqlite3.so.0.8.6,sqlite3_bind_parameter_count
495896.0,3748790,python,[JIT],0x0000f9298f7d400c
495895.0,3748912,python,python,PyErr_ExceptionMatches
495895.0,3748790,python,python,slot_nb_bool
495894.0,3748881,python,_sqlite3.cpython-316-aarch64-linux-gnu.so,pysqlite_cursor_close
495894.0,3748881,python,libsqlite3.so.0.8.6,0x0000000000116038
495893.0,3748912,python,libsqlite3.so.0.8.6,0x000000000009f274
495892.0,3749011,python,libsqlite3.so.0.8.6,sqlite3_last_insert_rowid
495892.0,3748912,python,python,object_get_class
495892.0,3748912,python,libsqlite3.so.0.8.6,sqlite3_changes64
495890.0,3749011,python,python,_Py_uop_analyze_and_optimize
495890.0,3748943,python,python,object_init
495889.0,3748881,python,python,_PyTuple_FromStackRefStealOnSuccess
495889.0,3748817,python,python,_Py_uop_frame_new
495889.0,3748790,python,python,_PyUnicode_ResizeCompact
495886.0,3748912,python,python,PyDict_New
495883.0,3749043,python,python,weakref_richcompare
495880.0,3748790,python,python,member_set
495879.0,3749043,python,[JIT],0x0000fc43cadc8180
495877.0,3749011,python,libsqlite3.so.0.8.6,sqlite3_get_autocommit
495876.0,3749011,python,python,PyCallable_Check
495875.0,3749011,python,python,PyErr_ExceptionMatches
495875.0,3748817,python,python,set_merge_lock_held
495875.0,3748943,python,libsqlite3.so.0.8.6,sqlite3Get4byte
495874.0,3748943,python,libsqlite3.so.0.8.6,sqlite3PagerWalCallback
495872.0,3749043,python,python,unicode_dealloc
495872.0,3748790,python,libsqlite3.so.0.8.6,0x00000000000b8c7c
495871.0,3749011,python,libsqlite3.so.0.8.6,sqlite3JournalIsInMemory
495871.0,3748790,python,python,dict___contains__
495871.0,3748790,python,[JIT],0x0000f9298f7a74b4
495870.0,3749043,python,python,long_bool
495868.0,3749011,python,libsqlite3.so.0.8.6,sqlite3PagerFilename
495867.0,3748817,python,python,frame_dealloc
495867.0,3748881,python,libsqlite3.so.0.8.6,sqlite3BtreeLeave
495867.0,3748943,python,libsqlite3.so.0.8.6,sqlite3DbMallocRawNN
495866.0,3748943,python,python,_Py_Specialize_LoadAttr
495865.0,3748881,python,libsqlite3.so.0.8.6,0x000000000009f240
495865.0,3748790,python,python,cm_descr_get
495864.0,3748943,python,python,PyUnicode_New
495863.0,3749011,python,[JIT],0x0000f90e7286b1b8
495860.0,3748881,python,python,_Py_type_getattro_stackref
495860.0,3748912,python,python,PyCell_New
495860.0,3749011,python,_sqlite3.cpython-316-aarch64-linux-gnu.so,PyObject_Vectorcall@plt
495860.0,3748943,python,python,unicode_fromformat_write_utf8
495859.0,3749011,python,[JIT],0x0000f90e72eeb738
495859.0,3748943,python,[JIT],0x0000f51362054130
495858.0,3748790,python,libsqlite3.so.0.8.6,0x00000000000a1118
495858.0,3748881,python,libsqlite3.so.0.8.6,sqlite3VdbeAddOp2
495855.0,3748790,python,python,weakref___init__
495851.0,3748881,python,python,_Py_CheckFunctionResult
495850.0,3749011,python,libsqlite3.so.0.8.6,sqlite3PagerGetJournalMode
495850.0,3748912,python,python,_PySuper_Lookup
495849.0,3748912,python,python,_PyDict_FromItems
495849.0,3749011,python,[JIT],0x0000f90e72eff014
495849.0,3749011,python,libsqlite3.so.0.8.6,0x00000000000b0494
495849.0,3748912,python,_sqlite3.cpython-316-aarch64-linux-gnu.so,sqlite3_reset@plt
495849.0,3748943,python,python,long_or
495848.0,3748881,python,python,PyDictProxy_New
495848.0,3748881,python,python,_PyEval_UnpackIterableStackRef
495847.0,3748912,python,python,partial_new
495847.0,3748912,python,[JIT],0x0000ff3d9487d190
495845.0,3748912,python,python,_PyObject_InitInlineValues
495844.0,3749011,python,python,_PyMem_RawFree
495844.0,3748881,python,[JIT],0x0000e411b5cfcc98
495843.0,3748881,python,python,_copy_characters.constprop.0.isra.0
495842.0,3748912,python,libsqlite3.so.0.8.6,sqlite3BtreeCloseCursor
495841.0,3748881,python,python,PyEval_SaveThread
495840.0,3748790,python,python,_PySuper_Lookup
495839.0,3748912,python,python,_PyUnicode_DecodeUTF8Writer
495838.0,3748881,python,python,PyObject_Vectorcall
495838.0,3748817,python,python,set_dealloc
495838.0,3748817,python,libsqlite3.so.0.8.6,sqlite3Put4byte
495835.0,3748912,python,libsqlite3.so.0.8.6,sqlite3SafetyCheckOk
495835.0,3748943,python,libsqlite3.so.0.8.6,sqlite3ValueText
495835.0,3748881,python,[JIT],0x0000e411b6087610
495834.0,3748912,python,libsqlite3.so.0.8.6,0x00000000000a0ff8
495832.0,3748817,python,libsqlite3.so.0.8.6,0x00000000000eaba8
495832.0,3748790,python,python,PyEval_SaveThread
495831.0,3748881,python,python,_PyObject_GC_New
495830.0,3749043,python,python,listiter_dealloc
495830.0,3749011,python,python,tuple_iter
495829.0,3749011,python,python,insert_weakref
495829.0,3749011,python,libsqlite3.so.0.8.6,sqlite3VtabCommit
495829.0,3748790,python,libsqlite3.so.0.8.6,sqlite3BtreeBeginTrans
495829.0,3748881,python,python,set_iter
495829.0,3748943,python,python,PyObject_IsTrue
495829.0,3748943,python,python,insert_split_key
495828.0,3748881,python,python,set_merge_lock_held
495828.0,3748881,python,[JIT],0x0000e411b60b4020
495826.0,3748912,python,libsqlite3.so.0.8.6,sqlite3BtreeGetFilename
495826.0,3748943,python,[JIT],0x0000f51362a243b8
495825.0,3749011,python,libsqlite3.so.0.8.6,sqlite3VListNumToName
495825.0,3748817,python,python,PyDictProxy_New
495825.0,3748817,python,python,make_new_set
495825.0,3748790,python,libsqlite3.so.0.8.6,sqlite3ConnectionUnlocked
495824.0,3748881,python,[JIT],0x0000e411b6087530
495823.0,3748790,python,python,bool_vectorcall
495822.0,3748881,python,[JIT],0x0000e411b5d0bcb4
495821.0,3749011,python,python,_PyEval_CheckExceptTypeValid
495821.0,3749011,python,python,unicode_fromformat_write_str
495821.0,3748790,python,[JIT],0x0000f9298f7a70c8
495820.0,3748790,python,python,_PyDict_Next
495820.0,3748790,python,[JIT],0x0000f9298f6f4174
495820.0,3748881,python,[JIT],0x0000e411b6087334
495819.0,3749043,python,[kernel.kallsyms],sched_mm_cid_remote_clear
495819.0,3749011,python,python,dict_traverse
495818.0,3748817,python,libsqlite3.so.0.8.6,sqlite3BtreeTableMoveto
495818.0,3748943,python,libc.so.6,pthread_mutex_lock@@GLIBC_2.17
495817.0,3748790,python,libsqlite3.so.0.8.6,pthread_mutex_unlock@plt
495815.0,3748790,python,libsqlite3.so.0.8.6,0x00000000000b2c20
495814.0,3748790,python,libc.so.6,_int_free_merge_chunk
495813.0,3749011,python,python,object_str
495813.0,3748817,python,[JIT],0x0000e107be57d0f8
495812.0,3748912,python,python,_Py_type_getattro_stackref
495812.0,3749011,python,python,PyModule_GetState
495810.0,3748943,python,python,PyObject_GenericHash
495808.0,3748817,python,[JIT],0x0000e107bdc2bf58
495808.0,3748943,python,libc.so.6,__memcpy_generic
495806.0,3748912,python,python,PyNumber_Or
495806.0,3748943,python,[JIT],0x0000f513626eca24
495805.0,3749011,python,python,tb_dealloc
495804.0,3749043,python,python,_PyType_LookupRef
495804.0,3749043,python,_sqlite3.cpython-316-aarch64-linux-gnu.so,sqlite3_reset@plt
495804.0,3748943,python,libsqlite3.so.0.8.6,sqlite3LeaveMutexAndCloseZombie
495803.0,3748912,python,python,PyErr_SetRaisedException
495803.0,3748881,python,libsqlite3.so.0.8.6,0x00000000000ae704
495803.0,3748943,python,libsqlite3.so.0.8.6,sqlite3VdbeEnter
495801.0,3748943,python,libsqlite3.so.0.8.6,sqlite3VdbeDelete
495800.0,3748790,python,python,long_alloc
495799.0,3749011,python,libsqlite3.so.0.8.6,sqlite3VdbeSetSql
495799.0,3748790,python,libsqlite3.so.0.8.6,sqlite3PagerSharedLock
495799.0,3748881,python,python,method_vectorcall
495798.0,3748912,python,libsqlite3.so.0.8.6,sqlite3VdbeEnter
495797.0,3749043,python,python,_Py_Specialize_Call
495795.0,3748881,python,python,object_init
495794.0,3749011,python,[JIT],0x0000f90e7319e220
495794.0,3748817,python,python,PyNumber_Remainder
495793.0,3748912,python,libsqlite3.so.0.8.6,sqlite3JournalIsInMemory
495792.0,3749043,python,python,PySet_New
495792.0,3748912,python,[JIT],0x0000ff3d93f579ec
495790.0,3748881,python,python,func_set_name
495789.0,3748881,python,python,subtype_dict
495789.0,3749043,python,python,optimize_uops.isra.0
495789.0,3749011,python,python,_PyForIter_VirtualIteratorNext
495789.0,3748943,python,_sqlite3.cpython-316-aarch64-linux-gnu.so,PyThread_get_thread_ident@plt
495788.0,3749011,python,python,PyLong_FromSsize_t
495788.0,3749011,python,python,builtin_callable
495788.0,3748881,python,libsqlite3.so.0.8.6,sqlite3PagerSharedLock
495787.0,3749011,python,[JIT],0x0000f90e72896b68
495786.0,3748881,python,python,_PyList_Extend
495785.0,3748943,python,python,_PyInterpreterState_GetConfig
495784.0,3749011,python,python,_PyType_LookupRef
495784.0,3748790,python,_sqlite3.cpython-316-aarch64-linux-gnu.so,PyType_GetModuleByDef@plt
495784.0,3748881,python,libsqlite3.so.0.8.6,sqlite3VdbeAddOp0
495783.0,3749043,python,libsqlite3.so.0.8.6,sqlite3PcacheFetchFinish
495783.0,3749011,python,python,analyze_descriptor_load.constprop.0
495782.0,3749011,python,libsqlite3.so.0.8.6,sqlite3VarintLen
495782.0,3748881,python,libsqlite3.so.0.8.6,sqlite3_last_insert_rowid
495781.0,3748790,python,python,_PyObject_GenericSetAttrWithDict
495780.0,3749043,python,python,dict_new
495778.0,3749043,python,[JIT],0x0000fc43cadc94d8
495778.0,3748881,python,python,_PyList_AsTupleAndClear
495775.0,3749011,python,python,cm_descr_get
495775.0,3749011,python,python,method_vectorcall_O
495775.0,3748912,python,libsqlite3.so.0.8.6,sqlite3VtabSync
495774.0,3748881,python,libsqlite3.so.0.8.6,0x00000000000eae40
495774.0,3748943,python,python,setiter_iternext
495773.0,3748790,python,libsqlite3.so.0.8.6,0x000000000002aca8
495771.0,3749011,python,[JIT],0x0000f90e72863a7c
495771.0,3748912,python,python,_PyTuple_Concat
495771.0,3748943,python,libsqlite3.so.0.8.6,sqlite3PcacheTruncate
495768.0,3748790,python,[JIT],0x0000f9298f7a754c
495765.0,3749011,python,python,PyMem_Calloc
495765.0,3748912,python,python,builtin_issubclass
495765.0,3748943,python,libsqlite3.so.0.8.6,0x00000000000ae670
495765.0,3748790,python,python,_Py_Specialize_BinaryOp
495765.0,3748943,python,python,PyObject_ClearManagedDict
495764.0,3748790,python,python,func_clear
495763.0,3749043,python,libsqlite3.so.0.8.6,sqlite3VdbeAddOp2
495763.0,3748943,python,libc.so.6,strchr
495762.0,3749011,python,_sqlite3.cpython-316-aarch64-linux-gnu.so,sqlite3_prepare_v2@plt
495761.0,3749043,python,python,_PyEval_GetIter
495761.0,3749011,python,libsqlite3.so.0.8.6,sqlite3BtreeLeaveAll
495761.0,3748817,python,python,_PySuper_Lookup
495760.0,3748912,python,libsqlite3.so.0.8.6,0x000000000009f260
495760.0,3748881,python,libsqlite3.so.0.8.6,sqlite3StatusDown
495759.0,3748881,python,python,_Py_BuiltinCallFastWithKeywords_StackRef
495759.0,3748790,python,python,func_traverse
495759.0,3748881,python,[JIT],0x0000e411b60870cc
495758.0,3749011,python,[JIT],0x0000f90e7286a5c4
495757.0,3748912,python,[JIT],0x0000ff3d93f5e180
495757.0,3748881,python,python,PyErr_SetRaisedException
495756.0,3749043,python,python,PyErr_ExceptionMatches
495756.0,3749043,python,[JIT],0x0000fc43ca4458ac
495755.0,3749043,python,[JIT],0x0000fc43ca442304
495754.0,3748912,python,[JIT],0x0000ff3d945140ec
495754.0,3748943,python,python,_PyType_AllocNoTrack
495753.0,3748912,python,libsqlite3.so.0.8.6,0x000000000009f278
495753.0,3748881,python,python,type_is_gc
495753.0,3748943,python,python,listiter_next
495752.0,3748912,python,python,_PyObject_RealIsInstance
495751.0,3748790,python,libsqlite3.so.0.8.6,sqlite3CloseSavepoints
495750.0,3748943,python,libsqlite3.so.0.8.6,sqlite3PagerSharedLock
495750.0,3748790,python,[JIT],0x0000f9298ee9b0c4
495750.0,3748943,python,python,PyMem_Free
495747.0,3749011,python,[JIT],0x0000f90e72863334
495747.0,3749011,python,[JIT],0x0000f90e728f6504
495747.0,3748790,python,python,dictview_dealloc
495746.0,3749011,python,python,supercheck
495745.0,3749043,python,python,_PyUnicodeWriter_Init
495745.0,3749011,python,python,_PyCompactLong_Subtract
495745.0,3748790,python,python,_PyEval_NoToolsForUnwind
495745.0,3748943,python,python,PyObject_Call
495742.0,3748943,python,python,_Py_BuildMap_StackRefSteal
495741.0,3748881,python,python,dict_new
495741.0,3748817,python,[JIT],0x0000e107be571000
495740.0,3749011,python,python,PyMember_GetOne
495740.0,3749011,python,libsqlite3.so.0.8.6,sqlite3VdbeFreeCursorNN
495740.0,3748912,python,[JIT],0x0000ff3d93f582d0
495739.0,3749043,python,python,PyObject_GenericGetDict
495737.0,3749043,python,python,property_descr_get
495735.0,3749011,python,[JIT],0x0000f90e7319e8ec
495735.0,3748881,python,python,tupleiter_next
495735.0,3748943,python,python,_PyTuple_FromArraySteal
495734.0,3749043,python,python,PyObject_IsInstance
495734.0,3749011,python,python,_PyObject_InitInlineValues
495733.0,3749011,python,python,_PyUnicode_ResizeCompact
495733.0,3748912,python,python,builtin_getattr
495732.0,3748912,python,libsqlite3.so.0.8.6,sqlite3StatusHighwater
495732.0,3748943,python,[JIT],0x0000f51362a250d8
495732.0,3748943,python,python,PyObject_Free
495731.0,3749011,python,python,PyDescr_IsData
495731.0,3748943,python,python,long_alloc
495731.0,3748790,python,python,unicode_hash
495730.0,3748943,python,python,PyObject_Str
495728.0,3749043,python,python,PySequence_Fast
495728.0,3748790,python,libsqlite3.so.0.8.6,0x00000000000b27d0
495728.0,3748881,python,libsqlite3.so.0.8.6,sqlite3BtreeLast
495727.0,3748912,python,python,_PyObject_GenericSetAttrWithDict
495727.0,3748943,python,python,set_difference_multi
495725.0,3749043,python,libsqlite3.so.0.8.6,sqlite3DbMallocSize
495725.0,3749043,python,libsqlite3.so.0.8.6,sqlite3FinishCoding
495725.0,3749011,python,python,_PyJIT_Compile
495724.0,3748790,python,python,property_descr_get
495722.0,3748943,python,[JIT],0x0000f51362a53000
495721.0,3748943,python,python,_PyObject_GC_New
495720.0,3749043,python,python,_PyFunction_SetVersion
495720.0,3748943,python,python,PySet_New
495719.0,3748912,python,libsqlite3.so.0.8.6,sqlite3MemoryBarrier
495719.0,3748881,python,python,PyNumber_Remainder
495718.0,3748912,python,python,clone_combined_dict_keys
495717.0,3748912,python,python,weakref___init__
495716.0,3749043,python,libsqlite3.so.0.8.6,0x00000000000a9b28
495716.0,3748912,python,[JIT],0x0000ff3d93f239d8
495716.0,3748943,python,python,PyObject_ClearWeakRefs
495715.0,3748881,python,python,tuple_length
495714.0,3749043,python,libc.so.6,cfree@GLIBC_2.17
495714.0,3749043,python,python,sys_audit_tstate
495714.0,3748790,python,[JIT],0x0000f9298ee9a124
495713.0,3748881,python,libsqlite3.so.0.8.6,0x00000000000a10c0
495713.0,3749043,python,libsqlite3.so.0.8.6,sqlite3Get4byte
495713.0,3748912,python,[JIT],0x0000ff3d93fb4600
495710.0,3748790,python,python,_PyEval_MonitorRaise
495708.0,3749043,python,python,PyErr_Occurred
495708.0,3749011,python,libsqlite3.so.0.8.6,sqlite3_reset
495708.0,3748912,python,libsqlite3.so.0.8.6,0x00000000000a78f4
495708.0,3748943,python,python,_PyDict_SetItem_LockHeld
495707.0,3749011,python,python,PyEval_SaveThread
495707.0,3749011,python,[JIT],0x0000f90e728399dc
495707.0,3748943,python,libsqlite3.so.0.8.6,sqlite3JournalIsInMemory
495706.0,3748943,python,python,PyList_New
495701.0,3749011,python,libsqlite3.so.0.8.6,sqlite3_stmt_busy
495701.0,3748943,python,[kernel.kallsyms],__perf_addr_filters_adjust
495701.0,3748881,python,python,PyLong_FromVoidPtr
495700.0,3748790,python,[JIT],0x0000f9298f7a738c
495699.0,3749043,python,[JIT],0x0000fc43cadc72b4
495699.0,3749011,python,libsqlite3.so.0.8.6,sqlite3ErrorClear
495696.0,3749011,python,[JIT],0x0000f90e72866524
495695.0,3749043,python,python,local_setattro
495695.0,3748912,python,python,_PyDict_Subscript
495695.0,3748790,python,[JIT],0x0000f9298ee9a330
495695.0,3748881,python,python,_PyInterpreterState_GetConfig
495694.0,3748881,python,python,PyTraceBack_Here
495692.0,3749011,python,libsqlite3.so.0.8.6,sqlite3ParserFree
495692.0,3748943,python,_sqlite3.cpython-316-aarch64-linux-gnu.so,sqlite3_last_insert_rowid@plt
495691.0,3749011,python,python,_PyDict_SubscriptKnownHash
495690.0,3748912,python,libsqlite3.so.0.8.6,sqlite3BtreeLeaveAll
495690.0,3748912,python,[JIT],0x0000ff3d93fbf0f8
495689.0,3749011,python,python,_PyList_Extend
495689.0,3748790,python,python,builtin_sorted
495687.0,3748912,python,[JIT],0x0000ff3d93f25b74
495687.0,3748881,python,python,PyErr_Format
495686.0,3748912,python,libsqlite3.so.0.8.6,sqlite3VdbeRewind
495685.0,3748912,python,python,memcmp@plt
495685.0,3748943,python,python,set_copy_impl
495683.0,3748790,python,libsqlite3.so.0.8.6,sqlite3LeaveMutexAndCloseZombie
495682.0,3749011,python,_sqlite3.cpython-316-aarch64-linux-gnu.so,pysqlite_connection_commit
495681.0,3748943,python,[kernel.kallsyms],el0_da
495680.0,3749043,python,python,meth_dealloc
495679.0,3748912,python,[JIT],0x0000ff3d9483f0e8
495679.0,3748790,python,python,list_to_tuple
495678.0,3748912,python,python,_PySet_AddTakeRef
495677.0,3749043,python,[JIT],0x0000fc43cadc3000
495677.0,3749011,python,python,PyObject_Size
495677.0,3748943,python,libsqlite3.so.0.8.6,sqlite3StatusUp
495677.0,3748790,python,libsqlite3.so.0.8.6,0x00000000000b99b0
495676.0,3748943,python,libsqlite3.so.0.8.6,sqlite3PcacheRefCount
495675.0,3748790,python,[JIT],0x0000f9298f6f2244
495674.0,3749043,python,python,PyObject_VisitManagedDict
495670.0,3749043,python,[kernel.kallsyms],mem_cgroup_commit_charge
495670.0,3748943,python,python,func_traverse
495670.0,3748790,python,libsqlite3.so.0.8.6,0x000000000011d904
495669.0,3749011,python,python,PyType_GetModuleByDef
495669.0,3748943,python,[JIT],0x0000f513620825c4
495669.0,3748943,python,[JIT],0x0000f51362a26170
495669.0,3748943,python,python,_Py_VectorCall_StackRefSteal
495668.0,3748943,python,_sqlite3.cpython-316-aarch64-linux-gnu.so,sqlite3_reset@plt
495667.0,3749011,python,[JIT],0x0000f90e7319e0bc
495667.0,3748881,python,python,PyObject_SelfIter
495666.0,3748912,python,python,partial_call
495666.0,3748912,python,libsqlite3.so.0.8.6,0x00000000000a9b30
495666.0,3748943,python,python,listiter_dealloc
495665.0,3748790,python,[JIT],0x0000f9298edc1ed8
495665.0,3748943,python,python,object_richcompare
495664.0,3748790,python,[JIT],0x0000f9298ee2e180
495663.0,3748943,python,python,_PyEval_UnpackIterableStackRef
495663.0,3748943,python,libsqlite3.so.0.8.6,sqlite3VdbeCloseStatement
495662.0,3748790,python,[JIT],0x0000f9298f7a73c4
495660.0,3748912,python,python,Py_HashBuffer
495660.0,3748943,python,python,object_recursive_isinstance
495660.0,3748790,python,python,_PyObject_RealIsSubclass
495659.0,3749011,python,[JIT],0x0000f90e7319e15c
495658.0,3749011,python,python,_PyFunction_SetVersion
495657.0,3748912,python,libsqlite3.so.0.8.6,0x00000000000ad1c0
495657.0,3748881,python,[JIT],0x0000e411b60865a4
495655.0,3748881,python,[JIT],0x0000e411b5d0b448
495653.0,3749011,python,python,PyNumber_Remainder
495653.0,3749011,python,libsqlite3.so.0.8.6,sqlite3_changes
495653.0,3749011,python,[JIT],0x0000f90e72ef0a98
495653.0,3748943,python,_sqlite3.cpython-316-aarch64-linux-gnu.so,sqlite3_bind_text@plt
495653.0,3748943,python,[JIT],0x0000f513626edc98
495652.0,3749043,python,python,weakref_vectorcall
495652.0,3749043,python,libsqlite3.so.0.8.6,0x0000000000029b24
495651.0,3749043,python,[JIT],0x0000fc43cadc7078
495651.0,3748912,python,[JIT],0x0000ff3d9487e14c
495650.0,3748912,python,[JIT],0x0000ff3d93f51000
495649.0,3749011,python,libsqlite3.so.0.8.6,0x00000000000a0fbc
495646.0,3748817,python,[JIT],0x0000e107be57d158
495646.0,3748790,python,python,siphash13
495645.0,3748790,python,libsqlite3.so.0.8.6,sqlite3PcacheFetchFinish
495640.0,3748912,python,python,_PyObject_MaterializeManagedDict_LockHeld
495640.0,3748790,python,python,attrgetter_call_impl
495639.0,3749043,python,libsqlite3.so.0.8.6,sqlite3BtreeCommitPhaseOne
495639.0,3748943,python,libsqlite3.so.0.8.6,sqlite3_reset
495638.0,3748912,python,python,PyUnicode_AsUTF8AndSize
495638.0,3748790,python,python,strchr@plt
495638.0,3748881,python,python,unicode_dealloc
495638.0,3748881,python,python,weakref_hash
495636.0,3748943,python,python,PyNumber_ToBase
495635.0,3748881,python,python,builtin_getattr
495634.0,3748943,python,python,set_update_dict_lock_held
495634.0,3748881,python,[JIT],0x0000e411b5cef330
495632.0,3749043,python,_sqlite3.cpython-316-aarch64-linux-gnu.so,sqlite3_bind_parameter_count@plt
495632.0,3749011,python,python,long_richcompare
495631.0,3748943,python,python,vgetargskeywords_impl.constprop.0
495630.0,3749043,python,libsqlite3.so.0.8.6,0x000000000002a194
495629.0,3749011,python,python,_PyObject_RealIsSubclass
495628.0,3749043,python,[JIT],0x0000fc43cadc90c8
495628.0,3749011,python,[JIT],0x0000f90e72839cf8
495628.0,3748943,python,python,subtype_dict
495627.0,3749043,python,python,PyNumber_Or
495624.0,3748912,python,python,dictview_dealloc
495624.0,3748943,python,python,tuple_traverse
495623.0,3749043,python,python,new_keys_object
495622.0,3748912,python,python,tuple_subtype_new
495621.0,3748912,python,[JIT],0x0000ff3d94879000
495621.0,3748943,python,libsqlite3.so.0.8.6,sqlite3_stmt_busy
495620.0,3749011,python,python,object_recursive_isinstance
495620.0,3748912,python,python,_PyJit_translate_single_bytecode_to_trace
495620.0,3748943,python,python,_PyObject_SetAttributeErrorContext
495620.0,3748943,python,python,strchr@plt
495620.0,3748790,python,python,PyFunction_New
495618.0,3748881,python,python,weakref_vectorcall
495617.0,3748943,python,python,_PyObject_InitInlineValues
495617.0,3748790,python,[JIT],0x0000f9298f7a65a4
495616.0,3749011,python,libsqlite3.so.0.8.6,sqlite3VdbeGoto
495616.0,3748943,python,python,cfunction_vectorcall_NOARGS
495613.0,3748943,python,libsqlite3.so.0.8.6,sqlite3VdbeMemGrow
495613.0,3748790,python,python,gen_finalize
495611.0,3749043,python,libsqlite3.so.0.8.6,sqlite3PcacheFetch
495609.0,3748912,python,libsqlite3.so.0.8.6,pthread_mutex_lock@plt
495609.0,3748881,python,python,PyErr_GivenExceptionMatches
495607.0,3748943,python,python,frame_dealloc
495606.0,3748943,python,libsqlite3.so.0.8.6,sqlite3BtreeCursorSize
495606.0,3748881,python,[JIT],0x0000e411b5d358f0
495604.0,3748912,python,libsqlite3.so.0.8.6,sqlite3PcacheTruncate
495604.0,3748943,python,libsqlite3.so.0.8.6,sqlite3BtreePager
495597.0,3749043,python,python,func_traverse
495597.0,3749043,python,python,siphash13
495597.0,3748790,python,libsqlite3.so.0.8.6,sqlite3StatusHighwater
495597.0,3748943,python,python,subtype_traverse
495593.0,3748943,python,python,PyIter_Next
495592.0,3748943,python,libsqlite3.so.0.8.6,sqlite3VdbeFreeCursorNN
495592.0,3748881,python,libsqlite3.so.0.8.6,0x00000000000a1118
495590.0,3748790,python,python,insert_weakref
495589.0,3748881,python,[JIT],0x0000e411b60874bc
495587.0,3749043,python,libsqlite3.so.0.8.6,sqlite3EndTransaction
495585.0,3749011,python,python,_PyObject_MaterializeManagedDict_LockHeld
495585.0,3748912,python,libsqlite3.so.0.8.6,sqlite3_finalize
495585.0,3748790,python,python,deque_len
495585.0,3748790,python,[JIT],0x0000f9298edcb478
495584.0,3748790,python,python,PyType_GetModuleByDef
495583.0,3749011,python,[JIT],0x0000f90e72863ee4
495583.0,3748912,python,libsqlite3.so.0.8.6,0x0000000000028290
495582.0,3748912,python,libsqlite3.so.0.8.6,0x00000000000ae6c8
495582.0,3748790,python,[JIT],0x0000f9298ee53c90
495582.0,3748943,python,python,_PyUnicode_InternMortal
495581.0,3748943,python,python,tuple_iter
495580.0,3749043,python,libsqlite3.so.0.8.6,sqlite3BitvecCreate
495578.0,3748943,python,python,_PySuper_LookupDescr
495578.0,3748790,python,python,_PyList_AsTupleAndClear
495577.0,3749043,python,python,object_recursive_isinstance
495577.0,3748943,python,python,_PyDict_Subscript
495577.0,3748943,python,python,insert_to_emptydict
495572.0,3748790,python,[JIT],0x0000f9298edf41e8
495570.0,3748943,python,python,PyMember_GetOne
495569.0,3749043,python,libsqlite3.so.0.8.6,0x00000000000a9ad4
495568.0,3749043,python,libsqlite3.so.0.8.6,sqlite3BtreeCommitPhaseTwo
495568.0,3748943,python,python,func_get_name
495568.0,3748943,python,[JIT],0x0000f51362a265f8
495567.0,3749011,python,python,_PyOptimizer_Optimize
495566.0,3749043,python,_sqlite3.cpython-316-aarch64-linux-gnu.so,pysqlite_cursor_close
495566.0,3749043,python,libsqlite3.so.0.8.6,sqlite3VdbeEnter
495564.0,3749011,python,[JIT],0x0000f90e72f3823c
495563.0,3748790,python,_sqlite3.cpython-316-aarch64-linux-gnu.so,check_cursor
495563.0,3748881,python,python,pthread_mutex_unlock@plt
495563.0,3748881,python,[JIT],0x0000e411b5d791c4
495562.0,3749043,python,python,__errno_location@plt
495562.0,3749043,python,libsqlite3.so.0.8.6,sqlite3VdbeFreeCursorNN
495561.0,3748790,python,python,set_iter
495560.0,3749043,python,libsqlite3.so.0.8.6,0x00000000000a0ff0
495559.0,3748943,python,python,lru_cache_call
495559.0,3748881,python,python,_PyObject_RealIsSubclass
495557.0,3748912,python,libsqlite3.so.0.8.6,sqlite3MutexAlloc
495557.0,3748943,python,python,Py_HashBuffer
495555.0,3748881,python,libsqlite3.so.0.8.6,sqlite3BtreeCursorSize
495553.0,3749043,python,[JIT],0x0000fc43caaf9068
495553.0,3748912,python,python,PyErr_GivenExceptionMatches
495552.0,3749043,python,[kernel.kallsyms],__lruvec_stat_mod_folio
495552.0,3748912,python,libsqlite3.so.0.8.6,sqlite3PcacheCleanAll
495551.0,3748790,python,libsqlite3.so.0.8.6,0x0000000000115c4c
495550.0,3749043,python,python,func_set_doc
495549.0,3748790,python,python,PyNumber_InPlaceOr
495545.0,3749043,python,[JIT],0x0000fc43cad11048
495543.0,3748943,python,python,setiter_dealloc
495542.0,3748943,python,python,_Py_type_getattro
495539.0,3749043,python,[JIT],0x0000fc43ca3e1e24
495538.0,3748943,python,libc.so.6,_int_free_maybe_consolidate.part.0
495537.0,3748943,python,[JIT],0x0000f513620f73ec
495537.0,3748790,python,[JIT],0x0000f9298f4fb2cc
495535.0,3748912,python,[JIT],0x0000ff3d93f2ce20
495534.0,3748881,python,python,set_or
495533.0,3748881,python,python,PyErr_Occurred
495532.0,3748817,python,libsqlite3.so.0.8.6,sqlite3PagerExclusiveLock
495532.0,3748790,python,python,method_getattro
495531.0,3749043,python,python,PyErr_GivenExceptionMatches
495531.0,3748790,python,libsqlite3.so.0.8.6,sqlite3AuthCheck
495530.0,3749043,python,python,_Py_Specialize_LoadAttr
495530.0,3748943,python,libsqlite3.so.0.8.6,0x00000000000b8c88
495527.0,3749043,python,libsqlite3.so.0.8.6,sqlite3PagerWalCallback
495526.0,3748943,python,[JIT],0x0000f51362a26064
495526.0,3748790,python,python,list_sort_impl
495526.0,3748881,python,[JIT],0x0000e411b56fa22c
495525.0,3749043,python,[JIT],0x0000fc43cadc9158
495524.0,3748881,python,[JIT],0x0000e411b5d0baf4
495523.0,3749043,python,libsqlite3.so.0.8.6,0x00000000000a111c
495522.0,3748943,python,python,PyException_GetTraceback
495522.0,3748790,python,[JIT],0x0000f9298edc465c
495520.0,3749043,python,python,unicode_fromformat_write_utf8
495520.0,3748912,python,libsqlite3.so.0.8.6,sqlite3BtreeInsert
495520.0,3748790,python,[JIT],0x0000f9298ee24330
495520.0,3748881,python,libsqlite3.so.0.8.6,sqlite3BtreeEnter
495518.0,3748943,python,libsqlite3.so.0.8.6,0x000000000009f278
495516.0,3748790,python,python,get_exception_handler.isra.0
495515.0,3748943,python,[JIT],0x0000f5136205625c
495510.0,3748881,python,python,PyUnicode_RichCompare
495509.0,3748943,python,[JIT],0x0000f513620820a8
495509.0,3748790,python,[JIT],0x0000f9298edf7f58
495507.0,3748881,python,python,call_special_method
495506.0,3748943,python,libsqlite3.so.0.8.6,sqlite3PagerGet
495504.0,3749043,python,python,_PyMem_RawMalloc
495501.0,3748943,python,[JIT],0x0000f5136205559c
495500.0,3749043,python,libsqlite3.so.0.8.6,sqlite3_prepare_v2
495499.0,3748881,python,_sqlite3.cpython-316-aarch64-linux-gnu.so,PyType_GetModuleByDef@plt
495494.0,3749043,python,libsqlite3.so.0.8.6,0x00000000000f5440
495494.0,3748943,python,_sqlite3.cpython-316-aarch64-linux-gnu.so,pysqlite_connection_cursor
495493.0,3749043,python,python,PyObject_GetItem
495493.0,3749011,python,[JIT],0x0000f90e7283b7c4
495492.0,3748943,python,python,weakref_dealloc
495491.0,3748943,python,python,PyTraceBack_Here
495490.0,3748912,python,python,PyLong_GetSign
495489.0,3748943,python,libsqlite3.so.0.8.6,sqlite3PagerWrite
495488.0,3749043,python,_sqlite3.cpython-316-aarch64-linux-gnu.so,pysqlite_check_connection
495486.0,3748943,python,python,dict_length
495484.0,3749043,python,python,PyCallable_Check
495484.0,3748943,python,python,PyMem_Calloc
495484.0,3748790,python,[JIT],0x0000f9298f7a7170
495483.0,3748912,python,[JIT],0x0000ff3d93f2a068
495482.0,3748881,python,python,PyIter_Next
495480.0,3749043,python,[JIT],0x0000fc43cadc8154
495480.0,3748790,python,python,pysiphash
495479.0,3749043,python,python,member_set
495478.0,3748881,python,libsqlite3.so.0.8.6,sqlite3VdbeReset
495476.0,3748881,python,libsqlite3.so.0.8.6,sqlite3BitvecTestNotNull
495474.0,3748943,python,[JIT],0x0000f513620f1c70
495473.0,3748912,python,[JIT],0x0000ff3d93fbf178
495472.0,3748912,python,python,_PyUnicodeWriter_PrepareInternal
495471.0,3749011,python,python,_PySet_AddTakeRef
495469.0,3748881,python,[kernel.kallsyms],__mod_memcg_lruvec_state
495468.0,3748912,python,libc.so.6,__GI___pthread_self
495468.0,3748943,python,python,_PyList_AppendTakeRefListResize
495463.0,3748912,python,libsqlite3.so.0.8.6,0x000000000009f24c
495462.0,3749043,python,libsqlite3.so.0.8.6,strlen@plt
495461.0,3748943,python,python,enum_new_impl
495459.0,3748943,python,libsqlite3.so.0.8.6,sqlite3DbMallocRaw
495456.0,3748943,python,python,_PyUnicode_FormatLong
495452.0,3749043,python,python,PyObject_Str
495451.0,3748943,python,python,PyErr_Occurred
495451.0,3748790,python,[JIT],0x0000f9298edf4044
495451.0,3748881,python,python,pysiphash
495450.0,3749043,python,libsqlite3.so.0.8.6,sqlite3BtreeCloseCursor
495450.0,3749043,python,libsqlite3.so.0.8.6,sqlite3_stmt_busy
495449.0,3749043,python,libsqlite3.so.0.8.6,0x000000000009f250
495446.0,3748912,python,_sqlite3.cpython-316-aarch64-linux-gnu.so,PyThread_get_thread_ident@plt
495446.0,3748943,python,python,find_first_nonascii
495445.0,3748943,python,_sqlite3.cpython-316-aarch64-linux-gnu.so,pysqlite_cursor_execute
495443.0,3748943,python,python,PyUnicode_AsUTF8AndSize
495439.0,3748881,python,libsqlite3.so.0.8.6,sqlite3DbMallocSize
495438.0,3749043,python,libsqlite3.so.0.8.6,0x00000000000a0f90
495437.0,3748881,python,python,_PyOptimizer_Optimize
495436.0,3749043,python,libsqlite3.so.0.8.6,0x00000000000a10c0
495433.0,3749043,python,python,_PyTuple_Concat
495430.0,3748790,python,python,_PyRunRemoteDebugger
495429.0,3748943,python,python,_PyJIT_Compile
495426.0,3748881,python,python,PyErr_CheckSignals
495421.0,3749043,python,python,_PyJIT_Compile
495420.0,3748943,python,[JIT],0x0000f51362082000
495419.0,3748790,python,python,PyLong_FromSsize_t
495419.0,3748881,python,libc.so.6,memcmp
495418.0,3748943,python,libsqlite3.so.0.8.6,sqlite3_column_count
495417.0,3749043,python,python,_PyThreadState_MustExit
495417.0,3748943,python,python,PyErr_CheckSignals
495416.0,3748881,python,libsqlite3.so.0.8.6,0x00000000000a1110
495413.0,3749043,python,python,gen_dealloc
495411.0,3748943,python,python,_PyUnicodeWriter_PrepareInternal
495409.0,3749043,python,python,drop_gil
495408.0,3749043,python,[JIT],0x0000fc43caafb37c
495408.0,3748943,python,libsqlite3.so.0.8.6,sqlite3VdbeMemClearAndResize
495400.0,3749043,python,python,_PyErr_Restore
495399.0,3749043,python,libsqlite3.so.0.8.6,sqlite3ConnectionUnlocked
495395.0,3748943,python,python,PyArg_ParseTupleAndKeywords
495391.0,3748943,python,python,_PyErr_SetObject.part.0
495389.0,3748943,python,python,_PyMember_GetOffset
495386.0,3748881,python,python,_PyErr_Restore
495383.0,3748912,python,libsqlite3.so.0.8.6,sqlite3_initialize
495379.0,3748881,python,libsqlite3.so.0.8.6,sqlite3BtreeCommitPhaseOne
495377.0,3748943,python,python,_PyDict_SubscriptKnownHash
495377.0,3748881,python,python,_PySet_AddTakeRef
495376.0,3748943,python,python,_PyStolenTuple_Free
495376.0,3748943,python,python,method_vectorcall
495375.0,3748943,python,libsqlite3.so.0.8.6,sqlite3FinishCoding
495374.0,3748943,python,libsqlite3.so.0.8.6,0x0000000000028264
495373.0,3749043,python,libsqlite3.so.0.8.6,sqlite3VdbeSetChanges
495370.0,3748943,python,python,pthread_mutex_unlock@plt
495369.0,3749043,python,libsqlite3.so.0.8.6,sqlite3BtreeTxnState
495364.0,3748790,python,[JIT],0x0000f9298f7d4000
495361.0,3749043,python,[kernel.kallsyms],perf_iterate_ctx
495359.0,3749043,python,python,enum_vectorcall
495357.0,3748881,python,python,_PyStolenTuple_Free
495355.0,3748881,python,libsqlite3.so.0.8.6,sqlite3BtreeEnterAll
495352.0,3748881,python,python,deque_len
495347.0,3748790,python,libsqlite3.so.0.8.6,sqlite3BtreeCursorSize
495343.0,3748943,python,[JIT],0x0000f513620f1448
495337.0,3749043,python,[JIT],0x0000fc43ca444e98
495333.0,3748943,python,libc.so.6,memcmp
495332.0,3748790,python,[JIT],0x0000f9298f6f223c
495330.0,3749043,python,python,list_sort_impl
495330.0,3748790,python,libsqlite3.so.0.8.6,0x00000000000f6a44
495326.0,3749043,python,[JIT],0x0000fc43cadc607c
495318.0,3748881,python,[JIT],0x0000e411b56c8444
495315.0,3749043,python,[JIT],0x0000fc43caafb40c
495313.0,3748881,python,python,_PySuper_Lookup
495301.0,3748943,python,python,memcpy@plt
495299.0,3748881,python,[JIT],0x0000e411b6087314
495298.0,3748881,python,libsqlite3.so.0.8.6,0x00000000000ae884
495295.0,3748943,python,libsqlite3.so.0.8.6,sqlite3OsWrite
495293.0,3749043,python,python,PyNumber_ToBase
495280.0,3749043,python,[JIT],0x0000fc43ca4bb5c8
495276.0,3748881,python,libsqlite3.so.0.8.6,0x00000000000b97a4
495270.0,3749043,python,_sqlite3.cpython-316-aarch64-linux-gnu.so,PyErr_Occurred@plt
495269.0,3749043,python,python,_PyDict_SetItem_Take2_KnownHash
495264.0,3748943,python,python,PyModule_GetState
495264.0,3748943,python,[JIT],0x0000f51362083f58
495261.0,3749043,python,[JIT],0x0000fc43ca4165d4
495261.0,3749043,python,[JIT],0x0000fc43caafc1b0
495261.0,3749043,python,libsqlite3.so.0.8.6,0x000000000009f248
495260.0,3748881,python,python,optimize_uops.isra.0
495257.0,3748881,python,python,PyMem_Realloc
495249.0,3748881,python,python,PySequence_Fast
495213.0,3749043,python,libsqlite3.so.0.8.6,sqlite3VdbeChangeEncoding
495213.0,3748881,python,python,siphash13
495201.0,3748881,python,[JIT],0x0000e411b56f3a7c
495187.0,3748912,python,python,long_alloc
495185.0,3749043,python,python,tupleiter_dealloc
495178.0,3749043,python,libsqlite3.so.0.8.6,sqlite3BtreeBeginTrans
495175.0,3748817,python,libsqlite3.so.0.8.6,sqlite3_malloc
495166.0,3748881,python,[JIT],0x0000e411b5cf0a80
495134.0,3749043,python,[JIT],0x0000fc43cad13000
495096.0,3749043,python,[JIT],0x0000fc43ca3e4314
495079.0,3748881,python,python,PySys_Audit
495073.0,3748881,python,libsqlite3.so.0.8.6,sqlite3VdbeMemTooBig
494949.0,3748881,python,python,_PyUnicodeWriter_Init
494721.0,3749043,python,python,deque_len
494502.0,3748943,python,libsqlite3.so.0.8.6,sqlite3ParserAlloc
494479.0,3748817,python,libsqlite3.so.0.8.6,0x00000000000f861c
494457.0,3748912,python,python,PyObject_GenericGetDict
494344.0,3748817,python,libsqlite3.so.0.8.6,sqlite3_step
494160.0,3748943,python,python,_PyEval_Vector
494093.0,3748817,python,python,unicode_fromformat_write_utf8
493305.0,3748881,python,python,_PyObject_VectorcallPrepend
493210.0,3748817,python,python,PyObject_Str
493003.0,3748817,python,libsqlite3.so.0.8.6,0x00000000000f8cd4
492845.0,3749043,python,[JIT],0x0000fc43ca3e93ec
492664.0,3748881,python,python,list_sort
492622.0,3749011,python,python,func_get_name
492572.0,3748881,python,libsqlite3.so.0.8.6,sqlite3DbStrNDup
492397.0,3748943,python,python,set_iter
492169.0,3749043,python,libsqlite3.so.0.8.6,sqlite3_step
491618.0,3748912,python,python,PyDict_Next
490061.0,3748912,python,libsqlite3.so.0.8.6,sqlite3DbMallocSize
489766.0,3749011,python,[JIT],0x0000f90e72839744
489497.0,3748881,python,[JIT],0x0000e411b5cfc848
489401.0,3748912,python,libsqlite3.so.0.8.6,sqlite3OsClose
488873.0,3749043,python,python,_PyUnicodeWriter_WriteASCIIString
487671.0,3748943,python,python,local_setattro
485884.0,3749011,python,[JIT],0x0000f90e7319e0b4
485365.0,3748790,python,python,pthread_self@plt
485226.0,3749043,python,python,_PySet_AddTakeRef
485035.0,3749011,python,libsqlite3.so.0.8.6,sqlite3BtreeLast
478777.0,3749043,python,[JIT],0x0000fc43ca41a8f8
469635.0,3748881,python,python,_PyPegen_expect_token
421980.0,3749011,python,python,specialize_py_call
379571.0,3749011,python,python,find_name_in_mro
360104.0,3749011,python,python,_PyPegen_expect_token
319525.0,3748817,python,python,_PyPegen_lookahead_with_int
313042.0,3748817,python,python,_PyAssemble_MakeCodeObject
306699.0,3748943,python,[kernel.kallsyms],task_mm_cid_work
298371.0,3749043,python,[kernel.kallsyms],task_mm_cid_work
296975.0,3748817,python,python,method_vectorcall_NOARGS
294946.0,3748817,python,python,_PyUnicodeWriter_WriteSubstring
289242.0,3748817,python,python,_PyType_LookupRefAndVersion
283270.0,3748817,python,python,specialize_dict_access.isra.0
270148.0,3748817,python,[kernel.kallsyms],arch_local_irq_restore
268658.0,3748943,python,libsqlite3.so.0.8.6,0x00000000000b0478
266973.0,3748817,python,python,primary_rule
266705.0,3748912,python,[JIT],0x0000ff3d9487d0b4
264117.0,3748912,python,python,PyLong_FromLong
260337.0,3748881,python,[kernel.kallsyms],handle_softirqs
260022.0,3748817,python,python,find_name_in_mro
256616.0,3748881,python,libsqlite3.so.0.8.6,0x00000000000a9990
256408.0,3748817,python,libsqlite3.so.0.8.6,sqlite3OsFileControl
255951.0,3748817,python,[JIT],0x0000e107be31b32c
255157.0,3749043,python,libsqlite3.so.0.8.6,sqlite3_changes
255035.0,3749011,python,[JIT],0x0000f90e7286c354
255012.0,3748817,python,[JIT],0x0000e107be313aac
254260.0,3748817,python,[JIT],0x0000e107bdcfb0f0
254245.0,3748790,python,[kernel.kallsyms],change_protection_range
254051.0,3749011,python,[JIT],0x0000f90e728f1e98
253949.0,3749011,python,libsqlite3.so.0.8.6,sqlite3BtreeLeave
253740.0,3749011,python,libsqlite3.so.0.8.6,0x00000000000f6ab4
253466.0,3748817,python,[JIT],0x0000e107bdc8264c
253221.0,3748943,python,python,_PyObject_RealIsSubclass
252446.0,3749011,python,[JIT],0x0000f90e72eeb1f0
251823.0,3748881,python,[JIT],0x0000e411b5cf239c
251631.0,3748817,python,[JIT],0x0000e107bdcb5b8c
251623.0,3749011,python,[JIT],0x0000f90e728353b4
251331.0,3748881,python,[JIT],0x0000e411b5d397c4
251166.0,3748817,python,libsqlite3.so.0.8.6,0x00000000000a9b74
251150.0,3749011,python,[JIT],0x0000f90e72838848
250665.0,3748790,python,libsqlite3.so.0.8.6,0x00000000000f5440
250651.0,3749011,python,python,dict_new
250610.0,3748790,python,[JIT],0x0000f9298f6f632c
250472.0,3748817,python,libsqlite3.so.0.8.6,0x000000000011d904
250226.0,3748817,python,libsqlite3.so.0.8.6,sqlite3BitvecDestroy
249933.0,3749011,python,[JIT],0x0000f90e7283bf8c
249749.0,3748881,python,[JIT],0x0000e411b6087414
249743.0,3748817,python,libsqlite3.so.0.8.6,sqlite3_changes64
249647.0,3748912,python,[JIT],0x0000ff3d93f57640
249568.0,3749011,python,python,PyObject_GC_Track
249564.0,3748817,python,libsqlite3.so.0.8.6,0x000000000009f240
249372.0,3749011,python,[JIT],0x0000f90e728f28e4
249254.0,3748817,python,[JIT],0x0000e107bdc2b210
249172.0,3748881,python,[JIT],0x0000e411b5cf4d20
249139.0,3749043,python,python,_PyUnicode_FastCopyCharacters
249001.0,3749011,python,[JIT],0x0000f90e728f65d8
248960.0,3748790,python,[JIT],0x0000f9298ec65f30
248948.0,3748912,python,python,PyEval_RestoreThread
248822.0,3748790,python,python,_PySuper_LookupDescr
248776.0,3748817,python,python,PyDict_SetItem
248729.0,3748817,python,[JIT],0x0000e107be313e34
248682.0,3748912,python,[JIT],0x0000ff3d93df691c
248679.0,3748817,python,[JIT],0x0000e107bdcf87a8
248678.0,3749011,python,python,PyObject_RichCompare
248667.0,3748817,python,[JIT],0x0000e107be313b58
248610.0,3748943,python,libsqlite3.so.0.8.6,sqlite3PcacheFetch
248474.0,3748943,python,[JIT],0x0000f51362023094
248471.0,3749043,python,[JIT],0x0000fc43caafa61c
248461.0,3748943,python,[JIT],0x0000f51362971074
248443.0,3748817,python,[JIT],0x0000e107bdc2c154
248443.0,3748912,python,python,PyObject_Size
248396.0,3748912,python,python,visit_reachable
248369.0,3748817,python,_sqlite3.cpython-316-aarch64-linux-gnu.so,sqlite3_bind_parameter_count@plt
248338.0,3748817,python,[JIT],0x0000e107bda9b794
248325.0,3748912,python,[JIT],0x0000ff3d93f597e4
248323.0,3748881,python,[JIT],0x0000e411b5d343d8
248320.0,3748817,python,libsqlite3.so.0.8.6,0x00000000000f6a44
248310.0,3748943,python,[JIT],0x0000f513620584e0
248293.0,3748817,python,python,bitwise_and_rule
248272.0,3748943,python,python,PyObject_IS_GC
248266.0,3748790,python,python,_PyLong_Format
248264.0,3748817,python,python,_PyObject_NewVar
248264.0,3748817,python,[JIT],0x0000e107bdaf998c
248258.0,3748881,python,python,list_traverse
248255.0,3748790,python,[JIT],0x0000f9298f6f9994
248254.0,3748817,python,libsqlite3.so.0.8.6,sqlite3Malloc
248253.0,3749011,python,python,_PyDict_MergeUniq
248253.0,3748817,python,[JIT],0x0000e107be571004
248251.0,3748790,python,python,PyObject_CallFinalizerFromDealloc
248250.0,3748817,python,[JIT],0x0000e107bdc59c08
248250.0,3748817,python,libsqlite3.so.0.8.6,0x00000000000a0ff0
248246.0,3748817,python,[JIT],0x0000e107be311454
248245.0,3748790,python,python,slot_tp_iter
248239.0,3749011,python,libsqlite3.so.0.8.6,0x00000000000b83e8
248239.0,3748790,python,python,emit__TO_BOOL_NONE_r11
248238.0,3749011,python,[kernel.kallsyms],__pi_clear_page
248236.0,3748817,python,[JIT],0x0000e107bdcf1078
248234.0,3748817,python,[JIT],0x0000e107bdcfc13c
248231.0,3748817,python,python,strchr@plt
248227.0,3748817,python,python,PyObject_Malloc
248220.0,3748817,python,python,slot_tp_new
248220.0,3748817,python,libsqlite3.so.0.8.6,0x0000000000020f64
248216.0,3748817,python,python,_PyUnicode_ResizeCompact
248215.0,3748817,python,libsqlite3.so.0.8.6,0x00000000000a9b28
248215.0,3748790,python,python,_PySet_AddTakeRef
248213.0,3748817,python,python,_PyUnicodeWriter_WriteASCIIString
248213.0,3748817,python,[JIT],0x0000e107bdaf7924
248213.0,3748943,python,python,visit_reachable
248212.0,3748817,python,[JIT],0x0000e107be31b830
248212.0,3748817,python,libsqlite3.so.0.8.6,0x00000000000b2c34
248212.0,3748790,python,[JIT],0x0000f9298f6fbd8c
248210.0,3748817,python,libsqlite3.so.0.8.6,0x00000000000a9b34
248204.0,3748912,python,[JIT],0x0000ff3d9487e19c
248203.0,3748881,python,libsqlite3.so.0.8.6,0x00000000000ad10c
248201.0,3748817,python,libsqlite3.so.0.8.6,sqlite3VarintLen
248200.0,3748881,python,python,subtype_dealloc
248200.0,3748817,python,libsqlite3.so.0.8.6,sqlite3_finalize
248199.0,3748817,python,[JIT],0x0000e107be311318
248199.0,3748943,python,libsqlite3.so.0.8.6,sqlite3_free
248198.0,3749011,python,libsqlite3.so.0.8.6,sqlite3MemoryBarrier
248198.0,3748817,python,[JIT],0x0000e107be31a9d0
248195.0,3748790,python,python,dict_setdefault_ref_lock_held
248191.0,3748817,python,python,dict_traverse
248190.0,3748817,python,[JIT],0x0000e107bdaf86a8
248189.0,3748817,python,[kernel.kallsyms],release_pages
248189.0,3748817,python,libsqlite3.so.0.8.6,0x00000000000b9a20
248188.0,3748943,python,libsqlite3.so.0.8.6,sqlite3VdbeAddOp2
248187.0,3748817,python,[kernel.kallsyms],trace_ma_write
248186.0,3748817,python,python,PyNumber_ToBase
248185.0,3748817,python,libc.so.6,_int_free_create_chunk
248184.0,3748817,python,[JIT],0x0000e107bdc24144
248184.0,3748912,python,[JIT],0x0000ff3d944ee710
248184.0,3748912,python,[JIT],0x0000ff3d9487e440
248181.0,3748817,python,python,enum_new_impl
248181.0,3748790,python,python,member_get
248179.0,3748817,python,python,_PyCallMethodDescriptorFast_StackRef
248179.0,3748943,python,[JIT],0x0000f5136208ec14
248178.0,3748912,python,[JIT],0x0000ff3d94518544
248178.0,3748790,python,[JIT],0x0000f9298f6fad8c
248177.0,3748790,python,libc.so.6,unlink_chunk.isra.0
248176.0,3748881,python,python,visit_reachable
248175.0,3748817,python,[JIT],0x0000e107be57d15c
248175.0,3748790,python,[JIT],0x0000f9298f6f6694
248173.0,3748912,python,libsqlite3.so.0.8.6,sqlite3BtreeFirst
248173.0,3748790,python,libsqlite3.so.0.8.6,0x00000000000a9b04
248173.0,3748881,python,libsqlite3.so.0.8.6,sqlite3ConnectionUnlocked
248172.0,3748817,python,python,_PyThreadState_Detach
248172.0,3748817,python,python,PyList_AsTuple
248172.0,3748817,python,python,dict_items
248171.0,3748817,python,python,PyTraceBack_Here
248171.0,3748817,python,libsqlite3.so.0.8.6,0x000000000009f26c
248171.0,3748912,python,[JIT],0x0000ff3d9487e358
248170.0,3748881,python,python,long_dealloc
248169.0,3748817,python,[JIT],0x0000e107bdaf65a8
248168.0,3748881,python,_sqlite3.cpython-316-aarch64-linux-gnu.so,PyObject_Vectorcall@plt
248167.0,3748817,python,python,subtype_dict
248167.0,3748817,python,[JIT],0x0000e107bdcfc188
248166.0,3748912,python,libsqlite3.so.0.8.6,sqlite3VtabCommit
248166.0,3748790,python,python,tb_dealloc
248166.0,3748790,python,libsqlite3.so.0.8.6,0x00000000000b99c0
248166.0,3748881,python,python,analyze_descriptor_load.constprop.0
248165.0,3749011,python,python,tuple_contains
248165.0,3749011,python,[JIT],0x0000f90e7315f0a8
248165.0,3748817,python,python,_PyObject_GC_NewVar
248165.0,3748790,python,[kernel.kallsyms],jbd2_journal_stop
248165.0,3748790,python,[JIT],0x0000f9298f7a7328
248163.0,3748912,python,[JIT],0x0000ff3d9487d0cc
248163.0,3748817,python,python,_PyUnicode_ResizeCompact
248162.0,3748817,python,libsqlite3.so.0.8.6,sqlite3VdbeAddOp3
248161.0,3748881,python,python,PyMapping_Check
248160.0,3748817,python,python,list_length
248160.0,3748912,python,[JIT],0x0000ff3d9487e030
248158.0,3748881,python,python,list_sort_impl
248157.0,3749011,python,libsqlite3.so.0.8.6,sqlite3StatusHighwater
248156.0,3748817,python,[JIT],0x0000e107bdaf5a0c
248156.0,3748817,python,[JIT],0x0000e107bdc823bc
248156.0,3748790,python,libsqlite3.so.0.8.6,0x00000000000ad22c
248155.0,3749043,python,[JIT],0x0000fc43cadc9280
248155.0,3749011,python,libsqlite3.so.0.8.6,sqlite3BitvecTestNotNull
248155.0,3748943,python,libc.so.6,__memset_zva64
248154.0,3748817,python,python,take_gil
248154.0,3748790,python,python,_Py_uop_sym_get_type
248153.0,3748817,python,[JIT],0x0000e107be31827c
248152.0,3748912,python,python,dictiter_iternextitem
248152.0,3748817,python,python,_PyObject_MaterializeManagedDict
248152.0,3748817,python,[JIT],0x0000e107be57e3ec
248152.0,3748912,python,[JIT],0x0000ff3d9487d180
248152.0,3748790,python,libsqlite3.so.0.8.6,sqlite3BtreePager
248151.0,3748881,python,python,PyUnicode_CompareWithASCIIString
248151.0,3748881,python,python,_Py_NewReference
248151.0,3748817,python,[JIT],0x0000e107bdcfa924
248151.0,3748790,python,[JIT],0x0000f9298f4fa0d8
248150.0,3748817,python,python,mappingproxy_dealloc
248148.0,3748817,python,python,cell_dealloc
248148.0,3748817,python,libsqlite3.so.0.8.6,0x000000000009f250
248148.0,3748817,python,python,weakref_dealloc
248148.0,3748817,python,[JIT],0x0000e107be57b090
248147.0,3748817,python,python,_PyDict_FromItems
248147.0,3748817,python,[JIT],0x0000e107bdc25994
248147.0,3748790,python,python,PyUnicode_CompareWithASCIIString
248147.0,3748943,python,libsqlite3.so.0.8.6,sqlite3VdbeReset
248146.0,3748817,python,python,_PyRunRemoteDebugger
248146.0,3748817,python,[JIT],0x0000e107bdc269fc
248146.0,3748943,python,libsqlite3.so.0.8.6,0x00000000000f866c
248145.0,3748790,python,python,_PyEval_CheckExceptTypeValid
248144.0,3748912,python,[kernel.kallsyms],__memcg_slab_post_alloc_hook
248144.0,3748790,python,libsqlite3.so.0.8.6,sqlite3PagerWrite
248143.0,3749043,python,libsqlite3.so.0.8.6,0x0000000000028768
248143.0,3748912,python,python,memset@plt
248143.0,3748912,python,python,set_update_iterable_lock_held
248143.0,3749011,python,python,_PyThreadState_Detach
248143.0,3748912,python,python,gen_iternext
248143.0,3748881,python,python,clear_weakref_lock_held
248142.0,3748817,python,[JIT],0x0000e107bdcbf288
248142.0,3748912,python,python,subtype_clear
248142.0,3748790,python,[JIT],0x0000f9298f6f5150
248141.0,3749011,python,[JIT],0x0000f90e7319c2a0
248141.0,3748817,python,python,tupleiter_next
248141.0,3748943,python,[JIT],0x0000f5136271a5e8
248140.0,3749011,python,libsqlite3.so.0.8.6,0x00000000000a9b60
248140.0,3748817,python,libsqlite3.so.0.8.6,0x0000000000115ffc
248139.0,3748817,python,python,_PyStack_UnpackDict
248139.0,3748817,python,python,subtype_traverse
248139.0,3748817,python,[kernel.kallsyms],init_wait_entry
248139.0,3748790,python,[JIT],0x0000f9298f7a7264
248138.0,3748817,python,python,PyNumber_Remainder
248138.0,3748817,python,libsqlite3.so.0.8.6,sqlite3BtreeCursorSize
248138.0,3748817,python,[JIT],0x0000e107be31a910
248137.0,3748817,python,python,_PyObject_InitInlineValues
248137.0,3748912,python,[JIT],0x0000ff3d9487e4a0
248137.0,3748790,python,[kernel.kallsyms],__handle_mm_fault
248136.0,3748912,python,libsqlite3.so.0.8.6,sqlite3_reset
248136.0,3749011,python,python,local_setattro
248136.0,3748817,python,python,new_dict.constprop.0
248136.0,3748817,python,python,tupleiter_next
248136.0,3748790,python,python,_copy_characters.constprop.0.isra.0
248135.0,3748817,python,libsqlite3.so.0.8.6,sqlite3_free
248135.0,3748817,python,libsqlite3.so.0.8.6,0x00000000000a1110
248135.0,3748817,python,libsqlite3.so.0.8.6,0x000000000002af18
248135.0,3748817,python,libsqlite3.so.0.8.6,0x000000000002afb4
248135.0,3748912,python,[JIT],0x0000ff3d93f23594
248135.0,3748912,python,[JIT],0x0000ff3d93f236d0
248135.0,3748790,python,python,long_to_decimal_string
248134.0,3748912,python,libsqlite3.so.0.8.6,0x00000000000b8c78
248134.0,3749011,python,[JIT],0x0000f90e72ef3d28
248134.0,3748817,python,libsqlite3.so.0.8.6,0x00000000000b976c
248134.0,3748817,python,python,_PyObject_GenericSetAttrWithDict
248134.0,3748912,python,[JIT],0x0000ff3d9487e158
248134.0,3748943,python,libsqlite3.so.0.8.6,sqlite3BtreeLeaveAll
248133.0,3748912,python,python,PyTuple_FromArray.part.0
248133.0,3748817,python,python,cfunction_vectorcall_NOARGS
248133.0,3748817,python,[JIT],0x0000e107bdc2a7b4
248133.0,3748790,python,[JIT],0x0000f9298f7a706c
248132.0,3748817,python,libsqlite3.so.0.8.6,0x0000000000118328
248132.0,3748790,python,python,builtin_id
248131.0,3748817,python,[JIT],0x0000e107be576030
248131.0,3748790,python,libsqlite3.so.0.8.6,0x00000000000b8c9c
248130.0,3748817,python,python,_ldict
248130.0,3748817,python,libsqlite3.so.0.8.6,sqlite3BtreeIntegerKey
248130.0,3748912,python,[JIT],0x0000ff3d9451a1d8
248130.0,3748790,python,python,pthread_cond_signal@plt
248130.0,3748790,python,python,set_difference_untracked
248130.0,3748790,python,libsqlite3.so.0.8.6,0x00000000000f6aa0
248129.0,3749011,python,libsqlite3.so.0.8.6,0x00000000000f8550
248129.0,3748912,python,_sqlite3.cpython-316-aarch64-linux-gnu.so,PyIter_Next@plt
248129.0,3748943,python,libsqlite3.so.0.8.6,0x00000000000a10d0
248128.0,3749011,python,[JIT],0x0000f90e7289a550
248128.0,3748817,python,[JIT],0x0000e107bdc59948
248128.0,3748817,python,[JIT],0x0000e107be57e168
248128.0,3748790,python,libsqlite3.so.0.8.6,sqlite3BtreeCloseCursor
248127.0,3748912,python,python,dictresize
248127.0,3748817,python,python,PyObject_Size
248127.0,3748817,python,libsqlite3.so.0.8.6,sqlite3OsWrite
248127.0,3748817,python,[JIT],0x0000e107bdc2b404
248127.0,3748817,python,[JIT],0x0000e107bdcf5160
248127.0,3748817,python,[JIT],0x0000e107be57eaf0
248127.0,3748912,python,[JIT],0x0000ff3d9451a480
248127.0,3748790,python,[JIT],0x0000f9298f6f9878
248126.0,3748881,python,python,_PyMem_RawFree
248126.0,3748817,python,python,PyTuple_FromArray
248126.0,3748817,python,python,dict_merge
248126.0,3748817,python,python,object_new
248126.0,3748817,python,libsqlite3.so.0.8.6,sqlite3PcacheMakeClean
248126.0,3748817,python,[JIT],0x0000e107bdcf59d4
248126.0,3748790,python,python,sys_audit_tstate
248126.0,3748790,python,libsqlite3.so.0.8.6,0x00000000000b8cd8
248125.0,3748912,python,[JIT],0x0000ff3d9487e3d8
248125.0,3749011,python,libsqlite3.so.0.8.6,0x00000000000ad214
248125.0,3748817,python,[JIT],0x0000e107bdcb8050
248125.0,3748881,python,[JIT],0x0000e411b6086154
248124.0,3748817,python,libsqlite3.so.0.8.6,0x000000000002b2f8
248124.0,3748790,python,[JIT],0x0000f9298f7a6264
248123.0,3749043,python,python,_PyList_AsTupleAndClear
248123.0,3748817,python,python,builtin_sorted
248123.0,3748817,python,python,set_iter
248123.0,3748912,python,python,PyObject_CallFinalizerFromDealloc
248123.0,3748912,python,[JIT],0x0000ff3d9483f0f4
248123.0,3748943,python,[JIT],0x0000f51362057820
248122.0,3748912,python,python,_PyObject_GC_New
248122.0,3748817,python,python,vgetargskeywords_impl.constprop.0
248122.0,3748817,python,[JIT],0x0000e107be57e2d8
248122.0,3748790,python,python,analyze_descriptor_load.constprop.0
248122.0,3748790,python,[JIT],0x0000f9298f7a722c
248121.0,3748912,python,python,PyTuple_FromArray
248121.0,3749011,python,[JIT],0x0000f90e7319e474
248121.0,3748817,python,[kernel.kallsyms],mas_next_slot
248121.0,3748912,python,libsqlite3.so.0.8.6,sqlite3PagerGetExtra
248120.0,3748817,python,python,classmethod_get
248120.0,3748817,python,python,long_to_decimal_string
248120.0,3748817,python,[JIT],0x0000e107be5710cc
248120.0,3748817,python,[JIT],0x0000e107be57d090
248120.0,3748912,python,python,_PyObject_SetAttributeErrorContext
248120.0,3748912,python,[JIT],0x0000ff3d93f535a8
248120.0,3748912,python,[JIT],0x0000ff3d9487e5e0
248119.0,3748912,python,python,builtin_id
248119.0,3748881,python,[JIT],0x0000e411b56c8ed8
248119.0,3748881,python,[JIT],0x0000e411b6085184
248118.0,3748881,python,python,PyMem_Realloc
248117.0,3748881,python,python,_PyList_FromStackRefStealOnSuccess
248117.0,3749043,python,python,tupleiter_next
248117.0,3748817,python,[JIT],0x0000e107be573254
248117.0,3748912,python,[JIT],0x0000ff3d93fbd8dc
248117.0,3748881,python,[JIT],0x0000e411b5d3ae48
248116.0,3748912,python,python,_PyEval_NoToolsForUnwind
248116.0,3748881,python,libsqlite3.so.0.8.6,sqlite3VdbeCursorRestore
248115.0,3748912,python,python,builtin_callable
248115.0,3748912,python,[JIT],0x0000ff3d945111c4
248115.0,3748790,python,[JIT],0x0000f9298f6fa000
248115.0,3748881,python,[JIT],0x0000e411b5fd5534
248114.0,3748817,python,[JIT],0x0000e107bdc2c350
248114.0,3748817,python,[JIT],0x0000e107be31244c
248114.0,3748912,python,libc.so.6,read
248114.0,3748912,python,[JIT],0x0000ff3d93df5f88
248114.0,3748912,python,[JIT],0x0000ff3d948722e0
248114.0,3748790,python,python,set_lookkey
248114.0,3748790,python,libsqlite3.so.0.8.6,0x00000000000a1004
248113.0,3749043,python,[JIT],0x0000fc43ca4ba1c4
248113.0,3748912,python,python,_PyEval_MonitorRaise
248113.0,3748912,python,_sqlite3.cpython-316-aarch64-linux-gnu.so,pysqlite_cursor_init
248113.0,3748912,python,[JIT],0x0000ff3d9487e420
248113.0,3748817,python,python,float_richcompare
248112.0,3749011,python,python,PySequence_Tuple
248112.0,3748817,python,[JIT],0x0000e107bdcba7dc
248112.0,3748817,python,[JIT],0x0000e107be57302c
248112.0,3748912,python,python,_Py_Specialize_LoadAttr
248112.0,3748912,python,libsqlite3.so.0.8.6,0x0000000000021e00
248112.0,3748943,python,libsqlite3.so.0.8.6,0x00000000000eae40
248111.0,3748817,python,libsqlite3.so.0.8.6,sqlite3VdbeDelete
248111.0,3748817,python,libsqlite3.so.0.8.6,sqlite3_prepare_v2
248111.0,3748817,python,[JIT],0x0000e107bdcf5a98
248110.0,3748912,python,python,insert_weakref
248110.0,3749011,python,python,PyNumber_Or
248110.0,3748817,python,python,PyErr_Format
248110.0,3748817,python,python,_Py_BuiltinCallFast_StackRef
248110.0,3748817,python,libsqlite3.so.0.8.6,sqlite3VdbeCheckFk
248110.0,3748817,python,python,strlen@plt
248110.0,3748912,python,python,_PyObject_RealIsSubclass
248110.0,3748790,python,python,_Py_dict_lookup_threadsafe_stackref
248110.0,3748790,python,libsqlite3.so.0.8.6,sqlite3VdbeChangeEncoding
248109.0,3748912,python,python,long_alloc
248109.0,3748817,python,libsqlite3.so.0.8.6,memcpy@plt
248109.0,3748817,python,[JIT],0x0000e107be57e510
248109.0,3748912,python,python,PyObject_IsSubclass
248108.0,3748817,python,python,set_copy_impl
248108.0,3748817,python,libsqlite3.so.0.8.6,sqlite3DbMallocRaw
248108.0,3748817,python,libsqlite3.so.0.8.6,0x00000000000b98e0
248108.0,3748912,python,[JIT],0x0000ff3d9451abb4
248108.0,3748912,python,libsqlite3.so.0.8.6,0x00000000000b27d0
248108.0,3748943,python,[JIT],0x0000f513627139c4
248108.0,3748790,python,python,PyList_Append
248108.0,3748790,python,libsqlite3.so.0.8.6,0x0000000000028290
248107.0,3748912,python,[JIT],0x0000ff3d9487e038
248106.0,3749011,python,python,PyObject_CallOneArg
248106.0,3748817,python,libsqlite3.so.0.8.6,0x000000000002f33c
248106.0,3748912,python,[JIT],0x0000ff3d93ff3704
248106.0,3748912,python,[JIT],0x0000ff3d9487d22c
248106.0,3748912,python,[JIT],0x0000ff3d9487e190
248106.0,3748790,python,python,AttributeError_init
248106.0,3748790,python,python,_PyPegen_insert_memo_direct
248106.0,3748790,python,libsqlite3.so.0.8.6,0x00000000000f6aa4
248105.0,3748817,python,libsqlite3.so.0.8.6,sqlite3VdbeSetSql
248105.0,3748817,python,[JIT],0x0000e107bdc5619c
248105.0,3748817,python,[JIT],0x0000e107bdcf5234
248105.0,3748817,python,[JIT],0x0000e107bdcf5908
248105.0,3748817,python,[JIT],0x0000e107be57d038
248105.0,3748817,python,[JIT],0x0000e107be57e21c
248105.0,3748817,python,libsqlite3.so.0.8.6,0x00000000000b96c0
248105.0,3748881,python,python,copy_values
248105.0,3748881,python,libsqlite3.so.0.8.6,sqlite3WalCallback
248104.0,3748912,python,[JIT],0x0000ff3d93f56d7c
248104.0,3748912,python,[JIT],0x0000ff3d9487e118
248104.0,3748912,python,[JIT],0x0000ff3d9487e138
248104.0,3748912,python,libsqlite3.so.0.8.6,0x00000000000b8c88
248103.0,3749011,python,[JIT],0x0000f90e72f34ce0
248103.0,3748817,python,python,_PyObject_Call_Prepend
248103.0,3748817,python,libsqlite3.so.0.8.6,0x00000000000eabe4
248103.0,3748817,python,[JIT],0x0000e107bdaf67e8
248103.0,3748790,python,[JIT],0x0000f9298f7a7088
248102.0,3748912,python,python,PyCallable_Check
248102.0,3748817,python,[JIT],0x0000e107be57e0d8
248102.0,3748817,python,python,_PyObject_GC_NewVar
248102.0,3748881,python,[JIT],0x0000e411b6087aec
248101.0,3748817,python,python,partial_dealloc
248101.0,3748912,python,[JIT],0x0000ff3d93fbd664
248101.0,3748912,python,[JIT],0x0000ff3d94873f54
248101.0,3748881,python,[JIT],0x0000e411b6086038
248101.0,3748943,python,python,build_indices_unicode
248100.0,3748881,python,python,PyObject_ClearManagedDict
248100.0,3748881,python,python,make_new_set
248100.0,3749011,python,[JIT],0x0000f90e7319a4bc
248100.0,3748817,python,[JIT],0x0000e107bdc54580
248099.0,3749011,python,python,_Py_uop_sym_matches_type
248099.0,3748817,python,[JIT],0x0000e107bdc5412c
248099.0,3748817,python,libsqlite3.so.0.8.6,0x00000000000a9b00
248099.0,3748912,python,[JIT],0x0000ff3d93fb82f8
248099.0,3748912,python,[JIT],0x0000ff3d9487e1d4
248098.0,3748881,python,python,_PyObject_GC_Link
248098.0,3749011,python,[JIT],0x0000f90e72f34334
248098.0,3748817,python,libsqlite3.so.0.8.6,0x00000000000aefdc
248098.0,3748912,python,python,unicode_decode_utf8.part.0
248097.0,3749043,python,python,tuple_subtype_new
248097.0,3748817,python,python,long_alloc
248097.0,3748817,python,libsqlite3.so.0.8.6,sqlite3VdbeMemGrow
248097.0,3748817,python,[JIT],0x0000e107bdcb45d0
248097.0,3748817,python,[JIT],0x0000e107be57d0cc
248097.0,3748817,python,libsqlite3.so.0.8.6,0x00000000000a10c8
248097.0,3748912,python,[JIT],0x0000ff3d9487e4bc
248097.0,3748790,python,libsqlite3.so.0.8.6,0x00000000000a10cc
248096.0,3749011,python,python,_PyLong_FormatWriter
248096.0,3748817,python,python,_PyObject_GC_New
248096.0,3748817,python,[JIT],0x0000e107bda4c524
248096.0,3748817,python,[JIT],0x0000e107be2ecb48
248096.0,3748817,python,[JIT],0x0000e107be2ecda8
248096.0,3748817,python,libsqlite3.so.0.8.6,0x00000000000b976c
248096.0,3748912,python,[JIT],0x0000ff3d9451b0ec
248095.0,3748817,python,python,object_recursive_isinstance
248095.0,3748817,python,_sqlite3.cpython-316-aarch64-linux-gnu.so,PyUnicode_AsUTF8AndSize@plt
248095.0,3748817,python,libsqlite3.so.0.8.6,sqlite3VdbeReset
248095.0,3748912,python,[JIT],0x0000ff3d9487e3c4
248095.0,3748912,python,libsqlite3.so.0.8.6,0x000000000002b328
248095.0,3748790,python,libsqlite3.so.0.8.6,0x000000000009f260
248094.0,3748817,python,python,set_lookkey
248094.0,3748817,python,libsqlite3.so.0.8.6,sqlite3_value_text
248094.0,3748817,python,[JIT],0x0000e107bdcba400
248094.0,3748817,python,[JIT],0x0000e107bdcbafa8
248094.0,3748817,python,libsqlite3.so.0.8.6,0x00000000000b958c
248094.0,3748912,python,[JIT],0x0000ff3d9487e504
248093.0,3748881,python,python,dictview_dealloc
248093.0,3748912,python,python,PyObject_GenericGetDict
248093.0,3748817,python,python,_PyFrame_MakeAndSetFrameObject
248093.0,3748817,python,[JIT],0x0000e107be57e560
248093.0,3748912,python,libsqlite3.so.0.8.6,sqlite3BtreeCommitPhaseTwo
248092.0,3748817,python,python,bool_vectorcall
248092.0,3748817,python,libc.so.6,cfree@GLIBC_2.17
248092.0,3748817,python,libsqlite3.so.0.8.6,sqlite3OsWrite
248092.0,3748817,python,_sqlite3.cpython-316-aarch64-linux-gnu.so,sqlite3_get_autocommit@plt
248092.0,3748912,python,python,mappingproxy_getitem
248092.0,3748912,python,[JIT],0x0000ff3d93f81940
248092.0,3748943,python,[JIT],0x0000f51362029bf0
248092.0,3748790,python,[JIT],0x0000f9298f4fcaf8
248091.0,3748881,python,python,func_set_name
248091.0,3748912,python,libsqlite3.so.0.8.6,0x00000000000f6a68
248091.0,3748817,python,libsqlite3.so.0.8.6,sqlite3_last_insert_rowid
248091.0,3748817,python,[JIT],0x0000e107bdc81ca8
248091.0,3748817,python,[JIT],0x0000e107be573090
248091.0,3748912,python,[JIT],0x0000ff3d93f59008
248091.0,3748790,python,python,clear_weakref_lock_held
248090.0,3748881,python,python,PySequence_Contains
248090.0,3748817,python,_sqlite3.cpython-316-aarch64-linux-gnu.so,PyEval_SaveThread@plt
248090.0,3748912,python,python,PySequence_Concat
248089.0,3749043,python,python,set_len
248089.0,3749011,python,[JIT],0x0000f90e7326c108
248089.0,3749011,python,libsqlite3.so.0.8.6,0x0000000000115c4c
248089.0,3748817,python,[JIT],0x0000e107be57ea6c
248089.0,3748817,python,[kernel.kallsyms],el0_da
248089.0,3748817,python,[JIT],0x0000e107bda9d298
248089.0,3748817,python,[JIT],0x0000e107be57e480
248089.0,3748912,python,[kernel.kallsyms],__anon_vma_prepare
248089.0,3748912,python,[JIT],0x0000ff3d93fb37a4
248089.0,3748943,python,python,_PyArg_UnpackStack
248089.0,3748943,python,_sqlite3.cpython-316-aarch64-linux-gnu.so,strlen@plt
248089.0,3748881,python,libsqlite3.so.0.8.6,sqlite3PagerUnrefPageOne
248089.0,3748881,python,libsqlite3.so.0.8.6,0x00000000000f8ca4
248088.0,3749011,python,python,strchr@plt
248088.0,3749011,python,[JIT],0x0000f90e7319d2bc
248088.0,3748790,python,[kernel.kallsyms],change_pte_range
248087.0,3748881,python,python,set_merge_lock_held
248087.0,3749043,python,[JIT],0x0000fc43ca41df10
248087.0,3748912,python,python,PyObject_GetAttr
248087.0,3748790,python,libsqlite3.so.0.8.6,0x00000000000299f0
248086.0,3749011,python,python,object_init
248086.0,3748817,python,_sqlite3.cpython-316-aarch64-linux-gnu.so,pysqlite_connection_rollback
248086.0,3748817,python,[JIT],0x0000e107bdc57524
248086.0,3748912,python,[JIT],0x0000ff3d93ffbadc
248086.0,3748790,python,libsqlite3.so.0.8.6,0x0000000000021e00
248085.0,3748817,python,python,_PyObject_StoreInstanceAttribute
248085.0,3748817,python,python,setiter_iternext
248085.0,3748817,python,[kernel.kallsyms],perf_event_mmap_event
248085.0,3748817,python,python,wrapperdescr_call
248085.0,3748817,python,[JIT],0x0000e107be57e56c
248085.0,3748817,python,libsqlite3.so.0.8.6,0x00000000000ad1c0
248084.0,3748817,python,libsqlite3.so.0.8.6,sqlite3WalCallback
248084.0,3748817,python,python,_PyStack_UnpackDict_FreeNoDecRef
248084.0,3748817,python,[JIT],0x0000e107be574954
248084.0,3748817,python,[JIT],0x0000e107be57e150
248084.0,3748817,python,[JIT],0x0000e107be57e16c
248084.0,3748912,python,python,method_vectorcall
248084.0,3748912,python,[kernel.kallsyms],pipe_write
248083.0,3748817,python,libc.so.6,__GI___pthread_self
248083.0,3748817,python,libsqlite3.so.0.8.6,sqlite3PcacheFetchFinish
248083.0,3748817,python,[JIT],0x0000e107bdaf5e98
248083.0,3748817,python,[JIT],0x0000e107bdcf30ec
248083.0,3748817,python,[JIT],0x0000e107bdcf5c80
248083.0,3748817,python,[JIT],0x0000e107be573afc
248083.0,3748817,python,[JIT],0x0000e107be57e2b0
248083.0,3748817,python,[JIT],0x0000e107be57e38c
248083.0,3748817,python,libsqlite3.so.0.8.6,0x00000000000aeffc
248083.0,3748912,python,python,_PyEval_ReleaseLock
248083.0,3748912,python,[JIT],0x0000ff3d93df6444
248083.0,3748912,python,[JIT],0x0000ff3d93df668c
248083.0,3748912,python,[JIT],0x0000ff3d93f568d4
248083.0,3748912,python,[JIT],0x0000ff3d93ff3104
248083.0,3748912,python,[JIT],0x0000ff3d9487e0b4
248083.0,3748790,python,python,cfunction_vectorcall_FASTCALL_KEYWORDS
248082.0,3748817,python,python,factor_rule
248082.0,3748817,python,libsqlite3.so.0.8.6,sqlite3VdbeSetSql
248082.0,3748817,python,libsqlite3.so.0.8.6,0x000000000009f278
248082.0,3748912,python,[JIT],0x0000ff3d9451226c
248082.0,3748790,python,python,PyErr_GetRaisedException
248082.0,3748790,python,[JIT],0x0000f9298f4fbe14
248081.0,3748817,python,python,AttributeError_dealloc
248081.0,3748817,python,python,set_update_dict_lock_held
248081.0,3748817,python,[JIT],0x0000e107bdc55f24
248081.0,3748817,python,libsqlite3.so.0.8.6,0x00000000000f858c
248081.0,3748912,python,libsqlite3.so.0.8.6,sqlite3VdbeCheckFk
248081.0,3748912,python,[JIT],0x0000ff3d93df5e8c
248081.0,3748912,python,[JIT],0x0000ff3d9487e164
248081.0,3748912,python,libsqlite3.so.0.8.6,0x00000000000eac58
248081.0,3748943,python,[JIT],0x0000f51362025530
248080.0,3748817,python,python,PyTuple_FromArray.part.0
248080.0,3748912,python,[JIT],0x0000ff3d93f2bc20
248080.0,3748790,python,[kernel.kallsyms],_raw_spin_unlock_irqrestore
248080.0,3748881,python,libsqlite3.so.0.8.6,sqlite3_column_name
248079.0,3748881,python,python,PyFunction_NewWithQualName
248079.0,3748912,python,_sqlite3.cpython-316-aarch64-linux-gnu.so,_pysqlite_query_execute
248079.0,3748817,python,python,PyObject_IsInstance
248079.0,3748817,python,python,_PyObject_RealIsSubclass
248079.0,3748817,python,python,_PyType_LookupRefAndVersion
248079.0,3748817,python,libsqlite3.so.0.8.6,sqlite3ConnectionUnlocked
248079.0,3748912,python,python,_PyFrame_MakeAndSetFrameObject
248079.0,3748881,python,libsqlite3.so.0.8.6,sqlite3MutexAlloc
248079.0,3748881,python,[JIT],0x0000e411b5d33360
248078.0,3749011,python,[JIT],0x0000f90e7319e4b4
248078.0,3749011,python,[JIT],0x0000f90e7319e588
248078.0,3748817,python,libsqlite3.so.0.8.6,sqlite3MallocSize
248078.0,3748817,python,[JIT],0x0000e107bdc56814
248078.0,3748817,python,[JIT],0x0000e107bdcf20e0
248078.0,3748817,python,[JIT],0x0000e107be57b050
248078.0,3748817,python,[JIT],0x0000e107be57e5a4
248078.0,3748817,python,libsqlite3.so.0.8.6,0x00000000001182c4
248078.0,3748912,python,python,_PyLong_FormatWriter
248078.0,3748912,python,[JIT],0x0000ff3d93f559b0
248077.0,3749011,python,[JIT],0x0000f90e7319d1a0
248077.0,3748817,python,python,_PyType_LookupRef
248077.0,3748817,python,[JIT],0x0000e107bdaf8820
248077.0,3748817,python,[JIT],0x0000e107bdcb4174
248077.0,3748817,python,[JIT],0x0000e107be57e500
248077.0,3748912,python,[JIT],0x0000ff3d9487e154
248077.0,3748790,python,_sqlite3.cpython-316-aarch64-linux-gnu.so,PyErr_Occurred@plt
248077.0,3748790,python,libsqlite3.so.0.8.6,0x00000000000eaeb8
248077.0,3748943,python,python,PyIter_Next
248076.0,3749011,python,[JIT],0x0000f90e7319d17c
248076.0,3748817,python,python,_PyMember_GetOffset
248076.0,3748817,python,_sqlite3.cpython-316-aarch64-linux-gnu.so,PyErr_Occurred@plt
248076.0,3748817,python,python,weakref_vectorcall
248076.0,3748817,python,[JIT],0x0000e107bdaf6bf0
248076.0,3748817,python,[JIT],0x0000e107bdc54330
248076.0,3748912,python,[JIT],0x0000ff3d9487e56c
248076.0,3748790,python,libsqlite3.so.0.8.6,sqlite3PagerGetJournalMode
248076.0,3748790,python,[JIT],0x0000f9298f6faaa0
248076.0,3748881,python,[JIT],0x0000e411b5d79250
248075.0,3749011,python,[JIT],0x0000f90e7319e094
248075.0,3748817,python,python,PyObject_Realloc
248075.0,3748817,python,[JIT],0x0000e107bdcbb140
248075.0,3748817,python,[JIT],0x0000e107bdcf5514
248075.0,3748817,python,[JIT],0x0000e107be31abb0
248075.0,3748817,python,libsqlite3.so.0.8.6,0x00000000000f5468
248075.0,3748912,python,python,strlen@plt
248075.0,3748912,python,[JIT],0x0000ff3d93f5a2e0
248075.0,3748790,python,libsqlite3.so.0.8.6,0x0000000000116088
248075.0,3748881,python,[JIT],0x0000e411b6086088
248074.0,3748881,python,libsqlite3.so.0.8.6,sqlite3BitvecSet
248074.0,3748912,python,python,setiter_iternext
248074.0,3748817,python,python,patch_aarch64_33rx
248074.0,3748817,python,[JIT],0x0000e107bdc230e0
248074.0,3748817,python,[JIT],0x0000e107be312594
248074.0,3748817,python,[JIT],0x0000e107be312990
248074.0,3748912,python,[JIT],0x0000ff3d9487e288
248074.0,3748790,python,python,unicode_decode_utf8.part.0
248074.0,3748943,python,python,_PyDict_GetItemRef_KnownHash_LockHeld
248073.0,3748881,python,python,PyErr_Format
248073.0,3748881,python,python,_PyForIter_VirtualIteratorNext
248073.0,3748817,python,[JIT],0x0000e107be57e08c
248073.0,3748817,python,python,PySet_New
248073.0,3748817,python,[JIT],0x0000e107bdcbaad8
248073.0,3748912,python,[JIT],0x0000ff3d93df5c84
248073.0,3748943,python,python,weakref_vectorcall
248072.0,3749011,python,libsqlite3.so.0.8.6,sqlite3PagerUnrefNotNull
248072.0,3749011,python,[JIT],0x0000f90e73194ab4
248072.0,3748817,python,[JIT],0x0000e107bdcf4328
248072.0,3748817,python,[JIT],0x0000e107be572078
248072.0,3748817,python,[JIT],0x0000e107be57e54c
248072.0,3748943,python,libsqlite3.so.0.8.6,sqlite3_reset
248071.0,3748881,python,python,long_richcompare
248071.0,3749043,python,[JIT],0x0000fc43cadc9108
248071.0,3749011,python,python,member_get
248071.0,3748817,python,python,_PyObject_SetAttributeErrorContext
248071.0,3748817,python,[JIT],0x0000e107bdc2a3d0
248071.0,3748817,python,[JIT],0x0000e107bdc52294
248071.0,3748817,python,[JIT],0x0000e107be57311c
248071.0,3748817,python,libsqlite3.so.0.8.6,0x0000000000020fe4
248071.0,3748912,python,[JIT],0x0000ff3d93ff9310
248071.0,3748943,python,[kernel.kallsyms],_raw_spin_unlock_irqrestore
248071.0,3748790,python,libsqlite3.so.0.8.6,0x00000000000ad224
248070.0,3749011,python,libsqlite3.so.0.8.6,sqlite3RunParser
248070.0,3748817,python,python,builtin_issubclass
248070.0,3748817,python,libsqlite3.so.0.8.6,0x000000000002ad94
248070.0,3748817,python,python,gen_iternext
248070.0,3748817,python,_sqlite3.cpython-316-aarch64-linux-gnu.so,pysqlite_connection_rollback
248070.0,3748817,python,[JIT],0x0000e107bda9b540
248070.0,3748817,python,[JIT],0x0000e107be3181ac
248070.0,3748817,python,[JIT],0x0000e107be57e0cc
248070.0,3748912,python,[JIT],0x0000ff3d93df7274
248070.0,3748790,python,[JIT],0x0000f9298f4fa5d0
248070.0,3748881,python,[JIT],0x0000e411b6087030
248069.0,3749043,python,python,tuple_length
248069.0,3748912,python,python,object_str
248069.0,3748817,python,[JIT],0x0000e107be57d1dc
248069.0,3748817,python,libsqlite3.so.0.8.6,malloc@plt
248069.0,3748817,python,[JIT],0x0000e107bdc56e40
248069.0,3748817,python,[JIT],0x0000e107be57e0e8
248069.0,3748817,python,[JIT],0x0000e107be57e538
248069.0,3748817,python,[JIT],0x0000e107be57e5b0
248069.0,3748912,python,python,PyUnicode_New.part.0
248068.0,3748881,python,python,_PyUnicode_ResizeCompact
248068.0,3748912,python,python,PyObject_ClearWeakRefs
248068.0,3749011,python,[JIT],0x0000f90e72ef99dc
248068.0,3748817,python,python,partial_call
248068.0,3748912,python,python,PyObject_Str
248068.0,3748912,python,python,chain_dealloc
248068.0,3748912,python,[JIT],0x0000ff3d94875810
248068.0,3748790,python,python,enum_dealloc
248068.0,3748790,python,[JIT],0x0000f9298f6f6654
248067.0,3749011,python,[JIT],0x0000f90e73193958
248067.0,3749011,python,python,getset_get
248067.0,3749011,python,libsqlite3.so.0.8.6,sqlite3VdbeAddOp0
248067.0,3748817,python,[JIT],0x0000e107bdc82844
248067.0,3748817,python,[JIT],0x0000e107bdcf4da0
248067.0,3748912,python,[JIT],0x0000ff3d945181b8
248067.0,3748790,python,[kernel.kallsyms],_raw_spin_unlock
248067.0,3748790,python,libsqlite3.so.0.8.6,sqlite3_initialize
248067.0,3748790,python,[JIT],0x0000f9298edf46fc
248067.0,3748881,python,python,func_get_doc
248066.0,3748881,python,python,find_name_in_mro
248066.0,3749011,python,_sqlite3.cpython-316-aarch64-linux-gnu.so,PyList_New@plt
248066.0,3749011,python,libsqlite3.so.0.8.6,0x000000000002adf4
248066.0,3749011,python,python,builtin_id
248066.0,3749011,python,libc.so.6,pthread_cond_signal@@GLIBC_2.17
248066.0,3748817,python,[JIT],0x0000e107be57d12c
248066.0,3748912,python,[JIT],0x0000ff3d93f5537c
248066.0,3748912,python,[JIT],0x0000ff3d945184c8
248066.0,3748881,python,[JIT],0x0000e411b6087190
248065.0,3748881,python,_sqlite3.cpython-316-aarch64-linux-gnu.so,PyThread_get_thread_ident@plt
248065.0,3748817,python,[JIT],0x0000e107bdc2bb68
248065.0,3748817,python,[JIT],0x0000e107be5714b0
248065.0,3748817,python,[JIT],0x0000e107be57e18c
248065.0,3748881,python,python,member_get
248064.0,3749011,python,libsqlite3.so.0.8.6,sqlite3_finalize
248064.0,3749011,python,[JIT],0x0000f90e7319e458
248064.0,3749011,python,libsqlite3.so.0.8.6,0x00000000000b2afc
248064.0,3748817,python,python,PyIter_Next
248064.0,3748817,python,python,_PyUnicode_FastCopyCharacters
248064.0,3748817,python,python,dictitems_iter
248064.0,3748790,python,[JIT],0x0000f9298f6f6850
248063.0,3748881,python,python,dict_merge
248063.0,3749043,python,[JIT],0x0000fc43cad134cc
248063.0,3748817,python,python,classmethod_get
248063.0,3748817,python,python,list_iter
248063.0,3748817,python,[JIT],0x0000e107bdcf897c
248063.0,3748817,python,[JIT],0x0000e107be5716f8
248063.0,3748790,python,python,_PyTuple_Concat
248063.0,3748790,python,libsqlite3.so.0.8.6,sqlite3BackupRestart
248063.0,3748881,python,python,_PyThreadState_MustExit
248062.0,3749043,python,[JIT],0x0000fc43cadc44cc
248062.0,3748912,python,python,PyUnicode_CompareWithASCIIString
248062.0,3748817,python,python,PyNumber_Or
248062.0,3748817,python,libsqlite3.so.0.8.6,sqlite3VdbeMemClearAndResize
248062.0,3748817,python,[JIT],0x0000e107bdaf5360
248062.0,3748912,python,python,_Py_uop_sym_set_recorded_type
248062.0,3748790,python,python,_PyList_AppendTakeRefListResize
248062.0,3748790,python,[JIT],0x0000f9298f6be02c
248062.0,3748790,python,libsqlite3.so.0.8.6,0x0000000000118324
248062.0,3748881,python,[JIT],0x0000e411b6086104
248062.0,3748881,python,[JIT],0x0000e411b608705c
248062.0,3748881,python,[JIT],0x0000e411b6087288
248061.0,3749011,python,[JIT],0x0000f90e7319e1e8
248061.0,3748817,python,[JIT],0x0000e107bdaf5cb4
248061.0,3748817,python,[JIT],0x0000e107bdc2b274
248061.0,3748817,python,[JIT],0x0000e107bdc570b8
248061.0,3748790,python,python,sum_rule
248061.0,3748790,python,[JIT],0x0000f9298f6f5c3c
248061.0,3748790,python,[JIT],0x0000f9298f7a7258
248060.0,3748881,python,[JIT],0x0000e411b6086128
248060.0,3748912,python,python,PyMem_Malloc
248060.0,3748912,python,python,_PyObject_GenericSetAttrWithDict
248060.0,3748817,python,[JIT],0x0000e107be57e2ec
248060.0,3748912,python,python,member_get
248060.0,3748912,python,python,set_iter
248060.0,3748912,python,libsqlite3.so.0.8.6,0x0000000000020fc8
248060.0,3748790,python,libsqlite3.so.0.8.6,0x0000000000028e20
248059.0,3748912,python,python,dict_new
248059.0,3749011,python,python,subtype_dict
248059.0,3749011,python,python,unicode_from_format
248059.0,3748817,python,python,weakref___new__
248059.0,3748817,python,[JIT],0x0000e107bdaf8860
248059.0,3748817,python,[JIT],0x0000e107be57e610
248059.0,3748817,python,libsqlite3.so.0.8.6,0x00000000000f85ac
248059.0,3748912,python,[JIT],0x0000ff3d93f55288
248058.0,3748881,python,python,_Py_CallBuiltinClass_StackRef
248058.0,3748912,python,python,getset_set
248058.0,3749011,python,[JIT],0x0000f90e7319e1ac
248058.0,3749011,python,libsqlite3.so.0.8.6,0x0000000000020f64
248058.0,3748817,python,[JIT],0x0000e107bdcba560
248058.0,3748817,python,[JIT],0x0000e107be313ec4
248058.0,3748912,python,python,insert_weakref
248058.0,3748881,python,[JIT],0x0000e411b5d7985c
248057.0,3748881,python,python,_PyStack_UnpackDict
248057.0,3748912,python,_sqlite3.cpython-316-aarch64-linux-gnu.so,pysqlite_connection_cursor
248057.0,3749011,python,python,_PyEval_NoToolsForUnwind
248057.0,3748817,python,python,enum_vectorcall
248057.0,3748817,python,[JIT],0x0000e107bda9c0fc
248057.0,3748817,python,[JIT],0x0000e107bdc2a508
248057.0,3748817,python,[JIT],0x0000e107bdcf5bc4
248057.0,3748912,python,[JIT],0x0000ff3d93f568a4
248057.0,3748912,python,[JIT],0x0000ff3d93f570e4
248057.0,3748912,python,[JIT],0x0000ff3d945112f8
248057.0,3748790,python,[JIT],0x0000f9298f6faae8
248057.0,3748943,python,python,long_bool
248056.0,3748881,python,python,unicode_dealloc
248056.0,3749011,python,[JIT],0x0000f90e7319c2b0
248056.0,3749011,python,[JIT],0x0000f90e7319e4d0
248056.0,3748817,python,[JIT],0x0000e107bdc2c1f4
248056.0,3748817,python,[JIT],0x0000e107be57d5a4
248056.0,3748790,python,[JIT],0x0000f9298f6fb030
248056.0,3748790,python,libsqlite3.so.0.8.6,0x000000000002a204
248055.0,3749043,python,[JIT],0x0000fc43ca4473b8
248055.0,3748912,python,python,cell_dealloc
248055.0,3749011,python,python,__errno_location@plt
248055.0,3748817,python,python,strchr@plt
248055.0,3748817,python,[kernel.kallsyms],get_mem_cgroup_from_mm
248055.0,3748817,python,[JIT],0x0000e107bdc5463c
248055.0,3748817,python,[JIT],0x0000e107bdc56340
248055.0,3748817,python,[JIT],0x0000e107bdc595bc
248055.0,3748817,python,[JIT],0x0000e107bdcb1908
248055.0,3748817,python,[JIT],0x0000e107be313b68
248055.0,3748912,python,[JIT],0x0000ff3d93ff8de0
248055.0,3748790,python,[JIT],0x0000f9298ee937cc
248054.0,3749011,python,[kernel.kallsyms],strnlen
248054.0,3749011,python,[JIT],0x0000f90e72894330
248054.0,3749011,python,python,dict_pop
248054.0,3748817,python,libsqlite3.so.0.8.6,sqlite3_mutex_enter
248054.0,3748817,python,[JIT],0x0000e107bdc2cbc8
248054.0,3748817,python,libsqlite3.so.0.8.6,0x0000000000020fc8
248054.0,3748790,python,libsqlite3.so.0.8.6,sqlite3BtreeIntegerKey
248054.0,3748881,python,[JIT],0x0000e411b6086150
248054.0,3748881,python,[JIT],0x0000e411b6087188
248053.0,3748912,python,python,getset_get
248053.0,3749011,python,python,long_or
248053.0,3748817,python,[JIT],0x0000e107bdc518c8
248053.0,3748817,python,libsqlite3.so.0.8.6,0x00000000000b0434
248053.0,3748912,python,libsqlite3.so.0.8.6,0x0000000000021dcc
248052.0,3749043,python,[JIT],0x0000fc43ca4bc690
248052.0,3749011,python,libsqlite3.so.0.8.6,sqlite3Get4byte
248052.0,3749011,python,libsqlite3.so.0.8.6,0x00000000000a9b2c
248052.0,3749011,python,python,PyObject_GetItem
248052.0,3749011,python,python,method_vectorcall
248052.0,3748817,python,python,_PyList_FromStackRefStealOnSuccess
248052.0,3748817,python,_sqlite3.cpython-316-aarch64-linux-gnu.so,_pysqlite_query_execute
248052.0,3748817,python,python,_PyObject_MaterializeManagedDict_LockHeld
248052.0,3748817,python,libsqlite3.so.0.8.6,sqlite3VdbeCloseStatement
248052.0,3748817,python,[JIT],0x0000e107bdaf5ca0
248052.0,3748817,python,[JIT],0x0000e107bdc23b40
248052.0,3748817,python,[JIT],0x0000e107bdcf5770
248052.0,3748817,python,libsqlite3.so.0.8.6,0x00000000000eae80
248052.0,3748790,python,python,optimize_uops.isra.0
248052.0,3748881,python,[JIT],0x0000e411b60875cc
248051.0,3749011,python,[kernel.kallsyms],__mod_memcg_lruvec_state
248051.0,3749011,python,[JIT],0x0000f90e72895400
248051.0,3749011,python,libsqlite3.so.0.8.6,0x00000000000a9b44
248051.0,3749011,python,[kernel.kallsyms],__vm_enough_memory
248051.0,3749011,python,libsqlite3.so.0.8.6,sqlite3ErrorClear
248051.0,3748817,python,[JIT],0x0000e107be2ec5ac
248051.0,3748912,python,[JIT],0x0000ff3d94513ac4
248051.0,3748881,python,[JIT],0x0000e411b60873c4
248050.0,3749011,python,[JIT],0x0000f90e7315f0bc
248050.0,3749011,python,libsqlite3.so.0.8.6,0x00000000000b18e0
248050.0,3749011,python,python,enum_new_impl
248050.0,3749011,python,[JIT],0x0000f90e7319e160
248050.0,3749011,python,[JIT],0x0000f90e7319e2d4
248050.0,3748817,python,python,PyMethod_New
248050.0,3748817,python,libsqlite3.so.0.8.6,sqlite3VdbeChangeP2
248050.0,3748817,python,[JIT],0x0000e107bdc2c45c
248050.0,3748817,python,[JIT],0x0000e107bdc561b4
248050.0,3748912,python,python,PyLong_FromSsize_t
248050.0,3748912,python,[kernel.kallsyms],__flush_tlb_range
248050.0,3748912,python,libsqlite3.so.0.8.6,0x00000000000ae820
248050.0,3748790,python,python,type_traverse
248049.0,3749043,python,libsqlite3.so.0.8.6,0x000000000002ae7c
248049.0,3749011,python,python,dict_get
248049.0,3748817,python,python,dict_pop
248049.0,3748817,python,python,set_copy_impl
248049.0,3748817,python,[JIT],0x0000e107bdc820fc
248049.0,3748817,python,[JIT],0x0000e107bdcbf170
248049.0,3748817,python,[JIT],0x0000e107bdcf4a30
248049.0,3748912,python,[JIT],0x0000ff3d93df6890
248049.0,3748790,python,libsqlite3.so.0.8.6,memmove@plt
248048.0,3749043,python,[JIT],0x0000fc43caaf3d98
248048.0,3748912,python,python,PyDict_Contains
248048.0,3748912,python,python,_Py_BuildMap_StackRefSteal
248048.0,3748817,python,libsqlite3.so.0.8.6,0x00000000000f323c
248048.0,3748817,python,[JIT],0x0000e107be57639c
248048.0,3748817,python,libsqlite3.so.0.8.6,0x00000000000b184c
248048.0,3748912,python,[JIT],0x0000ff3d93f596f4
248047.0,3748881,python,python,vgetargskeywords_impl.constprop.0
248047.0,3748912,python,python,PyObject_Free
248047.0,3749011,python,libsqlite3.so.0.8.6,sqlite3ValueText
248047.0,3748817,python,libsqlite3.so.0.8.6,sqlite3BtreeCommitPhaseTwo
248047.0,3748881,python,[JIT],0x0000e411b5fdbb20
248046.0,3749043,python,[JIT],0x0000fc43cad1323c
248046.0,3748817,python,[JIT],0x0000e107bdaf5844
248046.0,3748817,python,[JIT],0x0000e107bdcf3038
248046.0,3748817,python,[JIT],0x0000e107be312218
248046.0,3748817,python,[JIT],0x0000e107be572194
248046.0,3748817,python,libsqlite3.so.0.8.6,0x00000000000f69fc
248046.0,3748912,python,[JIT],0x0000ff3d93d92180
248046.0,3748943,python,[JIT],0x0000f513626ed388
248046.0,3748790,python,[JIT],0x0000f9298f7d4014
248046.0,3748881,python,[JIT],0x0000e411b5cf1728
248045.0,3749011,python,[JIT],0x0000f90e72f32af4
248045.0,3749011,python,python,new_dict.constprop.0
248045.0,3749011,python,libsqlite3.so.0.8.6,sqlite3_column_count
248045.0,3748817,python,libsqlite3.so.0.8.6,sqlite3PcacheRefCount
248045.0,3748912,python,[JIT],0x0000ff3d9487d0b8
248045.0,3748943,python,[JIT],0x0000f51362a242b4
248044.0,3748881,python,python,_PyEval_Vector
248044.0,3748912,python,python,_PyEval_StartTheWorld
248044.0,3748817,python,python,_PyObject_LookupSpecialMethod
248044.0,3748817,python,libsqlite3.so.0.8.6,sqlite3BeginTransaction
248044.0,3748817,python,[JIT],0x0000e107bdc81c80
248044.0,3748817,python,[JIT],0x0000e107be2ed53c
248044.0,3748912,python,[JIT],0x0000ff3d93f59328
248044.0,3748912,python,[JIT],0x0000ff3d9483f168
248044.0,3748943,python,[JIT],0x0000f51362a2402c
248043.0,3748912,python,_sqlite3.cpython-316-aarch64-linux-gnu.so,sqlite3_bind_text@plt
248043.0,3749011,python,python,PyUnicode_RichCompare
248043.0,3748817,python,python,setitem_take2_lock_held
248043.0,3748817,python,libsqlite3.so.0.8.6,0x0000000000021dc8
248043.0,3748912,python,[JIT],0x0000ff3d93f54004
248043.0,3748881,python,[JIT],0x0000e411b5d3c0b4
248043.0,3748881,python,[JIT],0x0000e411b6087538
248042.0,3749011,python,[JIT],0x0000f90e73195318
248042.0,3749011,python,[JIT],0x0000f90e731967f8
248042.0,3749011,python,python,_PyDict_Subscript
248042.0,3749011,python,python,weakref_dealloc
248042.0,3749011,python,[JIT],0x0000f90e7319e22c
248042.0,3748817,python,python,_PyUnicode_JoinArray.part.0
248042.0,3748817,python,[JIT],0x0000e107bdcf5668
248042.0,3748817,python,[JIT],0x0000e107be573b5c
248042.0,3748912,python,python,specialize_dict_access.isra.0
248042.0,3748912,python,[JIT],0x0000ff3d93d45330
248042.0,3748912,python,[JIT],0x0000ff3d93f56840
248042.0,3748912,python,[JIT],0x0000ff3d94518ad8
248042.0,3748790,python,libsqlite3.so.0.8.6,sqlite3BtreeLeaveAll
248041.0,3749043,python,[JIT],0x0000fc43cad13888
248041.0,3749011,python,[JIT],0x0000f90e7319e3e8
248041.0,3748817,python,libc.so.6,__printf_buffer_write
248041.0,3748817,python,[JIT],0x0000e107be57e0c8
248041.0,3748817,python,libsqlite3.so.0.8.6,0x00000000000f8cc0
248041.0,3748912,python,[JIT],0x0000ff3d9487e4ec
248041.0,3748790,python,[JIT],0x0000f9298f6fb74c
248040.0,3749011,python,python,set_lookkey
248040.0,3749011,python,[JIT],0x0000f90e731926a4
248040.0,3749011,python,[JIT],0x0000f90e7319a148
248040.0,3748912,python,python,_Py_Specialize_ForIter
248039.0,3749011,python,[JIT],0x0000f90e7319d2b0
248039.0,3749011,python,libsqlite3.so.0.8.6,0x00000000000b977c
248039.0,3749011,python,libsqlite3.so.0.8.6,0x00000000000b8c88
248039.0,3748817,python,_sqlite3.cpython-316-aarch64-linux-gnu.so,bind_param
248039.0,3748817,python,[JIT],0x0000e107bdc212c8
248039.0,3748817,python,[JIT],0x0000e107be57d178
248039.0,3748817,python,[JIT],0x0000e107be57e1c0
248039.0,3748912,python,[JIT],0x0000ff3d93fb9b78
248038.0,3749043,python,python,gen_close
248038.0,3748912,python,python,find_first_nonascii
248038.0,3749011,python,python,_PyEval_MonitorRaise
248038.0,3749011,python,libsqlite3.so.0.8.6,0x00000000000a1110
248038.0,3748817,python,python,PyDict_Next
248038.0,3748817,python,python,slot_tp_iter
248038.0,3748817,python,[JIT],0x0000e107bdaf5444
248038.0,3748817,python,[JIT],0x0000e107bdc553a8
248038.0,3748817,python,[JIT],0x0000e107bdc824e0
248037.0,3749043,python,[JIT],0x0000fc43caaf3ffc
248037.0,3749043,python,[JIT],0x0000fc43caaf4c90
248037.0,3749011,python,[JIT],0x0000f90e72833888
248037.0,3748817,python,python,getset_get
248037.0,3748817,python,python,PyObject_SelfIter
248037.0,3748817,python,[JIT],0x0000e107bdc23a24
248037.0,3748817,python,[JIT],0x0000e107bdc59a54
248037.0,3748817,python,[JIT],0x0000e107bdcf4304
248037.0,3748817,python,[JIT],0x0000e107be57a2a0
248037.0,3748817,python,libsqlite3.so.0.8.6,0x00000000000a9990
248037.0,3748912,python,libsqlite3.so.0.8.6,sqlite3BitvecTestNotNull
248037.0,3748912,python,[JIT],0x0000ff3d944ef980
248037.0,3748943,python,[JIT],0x0000f51362974e18
248036.0,3749011,python,libsqlite3.so.0.8.6,sqlite3BtreeCursorHasMoved
248036.0,3749011,python,python,PyFunction_New
248036.0,3749011,python,python,PyObject_ClearManagedDict
248036.0,3748817,python,libsqlite3.so.0.8.6,sqlite3PagerCommitPhaseTwo
248036.0,3748817,python,[JIT],0x0000e107bdcf41f0
248036.0,3748817,python,[JIT],0x0000e107be57d0d8
248036.0,3748912,python,[JIT],0x0000ff3d9451b6e8
248035.0,3748912,python,python,method_vectorcall
248035.0,3749011,python,python,_PyUnicode_ResizeCompact
248035.0,3748817,python,python,tp_new_wrapper
248035.0,3748817,python,python,_PyUnicodeWriter_Init
248035.0,3748817,python,python,weakref___init__
248035.0,3748817,python,[JIT],0x0000e107bdc2b2a4
248035.0,3748817,python,libsqlite3.so.0.8.6,0x0000000000116034
248035.0,3748912,python,python,dict_vectorcall
248035.0,3748790,python,[JIT],0x0000f9298f7a75b8
248034.0,3748912,python,python,PyTuple_Pack
248034.0,3748912,python,libsqlite3.so.0.8.6,sqlite3VdbeExec
248034.0,3749011,python,python,_Py_Specialize_LoadAttr
248034.0,3749011,python,[JIT],0x0000f90e7286ca18
248034.0,3749011,python,[JIT],0x0000f90e72efba34
248034.0,3749011,python,[JIT],0x0000f90e72f3262c
248034.0,3749011,python,python,object_recursive_isinstance
248034.0,3748817,python,python,_PyObject_MakeTpCall
248034.0,3748817,python,[kernel.kallsyms],__sync_icache_dcache
248034.0,3748817,python,libsqlite3.so.0.8.6,0x00000000000287c0
248034.0,3748912,python,libsqlite3.so.0.8.6,0x00000000000ad264
248034.0,3748790,python,python,PyMem_Calloc
248034.0,3748790,python,libsqlite3.so.0.8.6,sqlite3_free
248034.0,3748790,python,[JIT],0x0000f9298f4f43dc
248033.0,3748881,python,libsqlite3.so.0.8.6,0x0000000000029b14
248033.0,3748817,python,python,property_descr_get
248033.0,3748817,python,[JIT],0x0000e107be313574
248033.0,3748817,python,libsqlite3.so.0.8.6,0x00000000000a10cc
248033.0,3748912,python,[JIT],0x0000ff3d93f53050
248033.0,3748912,python,[JIT],0x0000ff3d93f81a5c
248033.0,3748912,python,libsqlite3.so.0.8.6,0x000000000002ad94
248033.0,3748943,python,[JIT],0x0000f5136271ab90
248033.0,3748790,python,python,PyObject_Str
248033.0,3748881,python,libsqlite3.so.0.8.6,sqlite3ErrorClear
248032.0,3748912,python,python,_PyMember_GetOffset
248032.0,3749011,python,python,method_vectorcall
248032.0,3749011,python,[JIT],0x0000f90e728f1750
248032.0,3749011,python,python,_PyTuple_Concat
248032.0,3748817,python,libsqlite3.so.0.8.6,sqlite3WhereBegin
248032.0,3748817,python,python,_PyMem_RawFree
248032.0,3748817,python,[kernel.kallsyms],chksum_update
248032.0,3748817,python,libsqlite3.so.0.8.6,sqlite3VdbeMemRelease
248032.0,3748912,python,[JIT],0x0000ff3d93df3514
248032.0,3748881,python,_sqlite3.cpython-316-aarch64-linux-gnu.so,pysqlite_connection_rollback
248031.0,3748881,python,python,_PyDict_Next
248031.0,3748912,python,python,tuple_hash
248031.0,3749011,python,python,_PyUnicodeWriter_Init
248031.0,3749011,python,libsqlite3.so.0.8.6,0x000000000009f250
248031.0,3748817,python,python,PyType_GenericAlloc
248031.0,3748817,python,[JIT],0x0000e107bdaf7384
248031.0,3748817,python,[JIT],0x0000e107bdc2c97c
248031.0,3748817,python,[JIT],0x0000e107be5713b0
248031.0,3748817,python,[JIT],0x0000e107be57e26c
248031.0,3748912,python,[kernel.kallsyms],__rmqueue_pcplist
248031.0,3748790,python,python,disjunction_rule
248031.0,3748881,python,python,object_str
248030.0,3748881,python,libsqlite3.so.0.8.6,sqlite3PcacheCleanAll
248030.0,3749011,python,python,PyThread_acquire_lock
248030.0,3748817,python,python,setiter_dealloc
248030.0,3748817,python,[JIT],0x0000e107bdc2a7b0
248030.0,3748817,python,[JIT],0x0000e107be312068
248029.0,3749043,python,python,AttributeError_init
248029.0,3749011,python,python,set_update_local
248029.0,3748817,python,_sqlite3.cpython-316-aarch64-linux-gnu.so,pysqlite_cursor_close
248029.0,3748817,python,[JIT],0x0000e107bdaf728c
248029.0,3748817,python,[JIT],0x0000e107bdcf2030
248029.0,3748817,python,[JIT],0x0000e107be573ffc
248029.0,3748912,python,libsqlite3.so.0.8.6,sqlite3BtreeEnterAll
248029.0,3748943,python,[JIT],0x0000f51362089fe0
248029.0,3748790,python,python,_PyInterpreterState_GetConfig
248029.0,3748790,python,[JIT],0x0000f9298f4f5880
248029.0,3748881,python,python,ascii_decode
248028.0,3748881,python,python,PyObject_GetIter
248028.0,3749011,python,python,PyObject_GetItem
248028.0,3749011,python,python,chain_dealloc
248028.0,3748817,python,libc.so.6,_int_malloc
248028.0,3748817,python,python,unicode_fromformat_write_str
248028.0,3748817,python,[JIT],0x0000e107bdaf6a8c
248028.0,3748817,python,[JIT],0x0000e107bdcf5398
248028.0,3748817,python,libsqlite3.so.0.8.6,0x00000000000b0490
248028.0,3748912,python,[JIT],0x0000ff3d93f2a648
248028.0,3748790,python,[JIT],0x0000f9298f6f2888
248027.0,3748912,python,python,_PyTok_SourceAppendLine
248027.0,3749011,python,[JIT],0x0000f90e728f56d8
248027.0,3749011,python,[JIT],0x0000f90e73194cac
248027.0,3748817,python,[JIT],0x0000e107bdcbb394
248027.0,3748817,python,[JIT],0x0000e107be57e1dc
248027.0,3748912,python,python,_PyMem_RawMalloc
248027.0,3748790,python,[JIT],0x0000f9298f6f5d20
248026.0,3749043,python,[JIT],0x0000fc43cadc9518
248026.0,3748817,python,libsqlite3.so.0.8.6,sqlite3VdbeMemTooBig
248026.0,3748817,python,python,emit__GUARD_NOS_TYPE_r12
248026.0,3748817,python,libsqlite3.so.0.8.6,sqlite3_bind_parameter_name
248026.0,3748817,python,[JIT],0x0000e107bdc57de0
248026.0,3748817,python,libsqlite3.so.0.8.6,0x00000000000ae6cc
248026.0,3748817,python,libsqlite3.so.0.8.6,0x00000000000b9a04
248026.0,3748912,python,python,long_richcompare
248026.0,3748912,python,[JIT],0x0000ff3d94873fd4
248026.0,3748912,python,[JIT],0x0000ff3d9487d0e0
248026.0,3748943,python,libsqlite3.so.0.8.6,sqlite3BtreeCursorZero
248026.0,3748943,python,[JIT],0x0000f5136205855c
248026.0,3748943,python,python,_PyForIter_VirtualIteratorNext
248025.0,3748881,python,python,__aarch64_cas1_acq_rel
248025.0,3748912,python,python,PyMem_Calloc
248025.0,3748912,python,python,object_new
248025.0,3749011,python,libsqlite3.so.0.8.6,0x000000000002a220
248025.0,3749011,python,libsqlite3.so.0.8.6,0x00000000000a1120
248025.0,3748817,python,[JIT],0x0000e107bdcba50c
248025.0,3748817,python,[JIT],0x0000e107bdcbf134
248025.0,3748817,python,[JIT],0x0000e107be64c000
248025.0,3748817,python,[JIT],0x0000e107be64c008
248025.0,3748817,python,libsqlite3.so.0.8.6,0x00000000000b973c
248025.0,3748817,python,libsqlite3.so.0.8.6,0x00000000000eaeb4
248024.0,3749011,python,python,cfunction_vectorcall_NOARGS
248024.0,3749011,python,python,func_traverse
248024.0,3749011,python,[JIT],0x0000f90e72839b7c
248024.0,3749011,python,python,slot_nb_bool
248024.0,3748817,python,[JIT],0x0000e107bdc21af8
248024.0,3748817,python,[JIT],0x0000e107bdc58680
248024.0,3748817,python,[JIT],0x0000e107bdc593f4
248024.0,3748817,python,[JIT],0x0000e107bdc821c8
248024.0,3748817,python,[JIT],0x0000e107be31a10c
248024.0,3748912,python,python,emit__EXIT_TRACE_r10
248024.0,3748790,python,libsqlite3.so.0.8.6,0x00000000000f85ac
248024.0,3748790,python,libsqlite3.so.0.8.6,0x000000000011604c
248024.0,3748881,python,[JIT],0x0000e411b56fa5bc
248024.0,3748881,python,[JIT],0x0000e411b5d35e28
248024.0,3748943,python,python,method_dealloc
248023.0,3748817,python,python,func_set_name
248023.0,3748817,python,[JIT],0x0000e107be57d160
248023.0,3748817,python,[JIT],0x0000e107be57d168
248023.0,3748817,python,[JIT],0x0000e107be57e3d8
248023.0,3748912,python,libsqlite3.so.0.8.6,sqlite3_column_name
248023.0,3748912,python,[JIT],0x0000ff3d93fbdc80
248023.0,3748790,python,python,_PyErr_SetObject.part.0
248023.0,3748790,python,_sqlite3.cpython-316-aarch64-linux-gnu.so,pysqlite_connection_commit
248022.0,3748817,python,libsqlite3.so.0.8.6,sqlite3DbNNFreeNN
248022.0,3748817,python,libsqlite3.so.0.8.6,sqlite3_bind_text
248022.0,3748817,python,[JIT],0x0000e107bdaf67f0
248022.0,3748817,python,[JIT],0x0000e107bdcb5a44
248022.0,3748817,python,libsqlite3.so.0.8.6,0x0000000000021db0
248022.0,3748912,python,python,_PyList_Extend
248022.0,3748912,python,[JIT],0x0000ff3d93f2ae3c
248022.0,3748912,python,[JIT],0x0000ff3d9451a22c
248022.0,3748790,python,python,PyArg_ParseTupleAndKeywords
248022.0,3748790,python,[JIT],0x0000f9298f4f2088
248022.0,3748790,python,[JIT],0x0000f9298f6f9090
248021.0,3748912,python,libc.so.6,malloc
248021.0,3749011,python,[JIT],0x0000f90e72efb02c
248021.0,3748817,python,[JIT],0x0000e107bdc2417c
248021.0,3748817,python,[JIT],0x0000e107bdc5a3fc
248021.0,3748817,python,[JIT],0x0000e107bdcf5a4c
248021.0,3748943,python,[JIT],0x0000f51362a230a0
248020.0,3749043,python,libsqlite3.so.0.8.6,sqlite3BtreeLast
248020.0,3749011,python,[JIT],0x0000f90e72ef845c
248020.0,3749011,python,python,set_len
248020.0,3748817,python,[JIT],0x0000e107bdc233ec
248020.0,3748817,python,[JIT],0x0000e107bdc57eb0
248020.0,3748817,python,[JIT],0x0000e107bdcfabb8
248020.0,3748817,python,[JIT],0x0000e107be57e5c4
248020.0,3748817,python,[JIT],0x0000e107be57e5d4
248020.0,3748817,python,[JIT],0x0000e107be64c01c
248019.0,3749011,python,python,PyType_GetModuleByDef
248019.0,3748817,python,libsqlite3.so.0.8.6,sqlite3VdbeCreate
248019.0,3748817,python,[JIT],0x0000e107bdaf81d0
248019.0,3748817,python,[JIT],0x0000e107bdc549f8
248019.0,3748817,python,[JIT],0x0000e107bdcf50c8
248019.0,3748817,python,[JIT],0x0000e107bdcf7104
248019.0,3748817,python,[JIT],0x0000e107be57e428
248019.0,3748817,python,[JIT],0x0000e107be57e490
248019.0,3748790,python,[JIT],0x0000f9298f7a52b4
248018.0,3749011,python,[JIT],0x0000f90e7319e0c8
248018.0,3748817,python,python,AttributeError_dealloc
248018.0,3748817,python,libsqlite3.so.0.8.6,sqlite3PagerCommitPhaseOne
248018.0,3748817,python,[JIT],0x0000e107bdc56864
248018.0,3748817,python,[JIT],0x0000e107bdc81008
248018.0,3748817,python,[JIT],0x0000e107be3183d4
248018.0,3748817,python,[JIT],0x0000e107be31a100
248018.0,3748817,python,[JIT],0x0000e107be57e05c
248018.0,3748817,python,libsqlite3.so.0.8.6,0x00000000000b8c88
248018.0,3748912,python,_sqlite3.cpython-316-aarch64-linux-gnu.so,PyObject_GetIter@plt
248018.0,3748943,python,[JIT],0x0000f51362979e58
248018.0,3748881,python,[JIT],0x0000e411b5d0bad4
248018.0,3748881,python,[JIT],0x0000e411b5fd50e4
248017.0,3749043,python,[JIT],0x0000fc43ca4ba0fc
248017.0,3749011,python,[JIT],0x0000f90e7319206c
248017.0,3749011,python,libsqlite3.so.0.8.6,0x00000000000f6a68
248017.0,3748817,python,[JIT],0x0000e107bdc5741c
248017.0,3748817,python,[JIT],0x0000e107bdcbb180
248017.0,3748817,python,[JIT],0x0000e107bdcf10dc
248017.0,3748817,python,[JIT],0x0000e107bdcf8ec4
248017.0,3748912,python,python,type_get_mro
248017.0,3748912,python,[JIT],0x0000ff3d93fbd874
248017.0,3748790,python,python,_PyMem_RawMalloc
248017.0,3748790,python,_sqlite3.cpython-316-aarch64-linux-gnu.so,sqlite3_stmt_busy@plt
248017.0,3748881,python,python,slot_tp_iter
248017.0,3748881,python,libsqlite3.so.0.8.6,0x00000000000f43a0
248017.0,3748943,python,_sqlite3.cpython-316-aarch64-linux-gnu.so,cursor_clear
248016.0,3749043,python,python,wrapperdescr_call
248016.0,3749043,python,[JIT],0x0000fc43cadc8170
248016.0,3749011,python,[JIT],0x0000f90e72ef2238
248016.0,3749011,python,libsqlite3.so.0.8.6,0x000000000009f274
248016.0,3749011,python,libsqlite3.so.0.8.6,sqlite3DbMallocSize
248016.0,3748817,python,python,dict_length
248016.0,3748817,python,python,siphash13
248016.0,3748817,python,[JIT],0x0000e107bdcb5434
248016.0,3748817,python,libsqlite3.so.0.8.6,0x00000000000ad224
248016.0,3748912,python,python,PyList_Append
248016.0,3748912,python,[JIT],0x0000ff3d9487d1cc
248016.0,3748881,python,python,_PyObject_InitInlineValues
248015.0,3748881,python,python,insert_to_emptydict
248015.0,3748881,python,libsqlite3.so.0.8.6,sqlite3_step
248015.0,3748881,python,python,tuple_iter
248015.0,3748881,python,libsqlite3.so.0.8.6,0x00000000000a9b38
248015.0,3749011,python,[kernel.kallsyms],__rcu_read_unlock
248015.0,3749011,python,[JIT],0x0000f90e7319d1d8
248015.0,3749011,python,libsqlite3.so.0.8.6,0x00000000000ae804
248015.0,3748817,python,python,PyObject_GenericGetAttr
248015.0,3748817,python,python,tuple_iter
248015.0,3748817,python,[JIT],0x0000e107bdaf5dfc
248015.0,3748817,python,[JIT],0x0000e107be57e088
248015.0,3748912,python,[JIT],0x0000ff3d9487e54c
248015.0,3748790,python,[JIT],0x0000f9298f6f55e0
248014.0,3748881,python,libc.so.6,strchr
248014.0,3749043,python,[JIT],0x0000fc43cadc94fc
248014.0,3748912,python,libsqlite3.so.0.8.6,sqlite3PagerFilename
248014.0,3749011,python,libsqlite3.so.0.8.6,sqlite3DbMallocRaw
248014.0,3749011,python,[JIT],0x0000f90e7319e490
248014.0,3748817,python,python,PyUnicode_CompareWithASCIIString
248014.0,3748817,python,libc.so.6,_int_free_create_chunk
248014.0,3748817,python,[JIT],0x0000e107bdc56028
248014.0,3748817,python,libsqlite3.so.0.8.6,0x00000000000f867c
248014.0,3748912,python,[JIT],0x0000ff3d93df5f20
248014.0,3748912,python,[JIT],0x0000ff3d94871168
248014.0,3748912,python,libsqlite3.so.0.8.6,0x00000000000a0fc0
248014.0,3748790,python,python,_PyTuple_MaybeUntrack
248014.0,3748790,python,[JIT],0x0000f9298f4ef3f8
248013.0,3748912,python,libc.so.6,_int_malloc
248013.0,3749011,python,python,_PyThreadState_PushFrame
248013.0,3748817,python,[JIT],0x0000e107bdaf9560
248013.0,3748817,python,[JIT],0x0000e107bdc2c348
248013.0,3748817,python,[JIT],0x0000e107bdc56f2c
248013.0,3748817,python,[JIT],0x0000e107bdcb4508
248013.0,3748817,python,libsqlite3.so.0.8.6,0x00000000000f43d8
248013.0,3748912,python,[JIT],0x0000ff3d93fbd8f0
248013.0,3748912,python,[JIT],0x0000ff3d93ff31a4
248013.0,3748943,python,[JIT],0x0000f51362719388
248013.0,3748790,python,[JIT],0x0000f9298ee9a7cc
248013.0,3748881,python,libsqlite3.so.0.8.6,sqlite3PagerUnrefNotNull
248013.0,3748881,python,[JIT],0x0000e411b60871a0
248012.0,3748912,python,[JIT],0x0000ff3d93fbd258
248012.0,3748790,python,libsqlite3.so.0.8.6,0x000000000002ae18
248012.0,3748881,python,libsqlite3.so.0.8.6,sqlite3MallocZero
248012.0,3748881,python,libsqlite3.so.0.8.6,sqlite3StatusHighwater
248011.0,3749011,python,libsqlite3.so.0.8.6,sqlite3VdbeEnter
248011.0,3748817,python,python,cm_descr_get
248011.0,3748817,python,[JIT],0x0000e107bdaf97bc
248011.0,3748790,python,_sqlite3.cpython-316-aarch64-linux-gnu.so,PyObject_Vectorcall@plt
248011.0,3748881,python,libsqlite3.so.0.8.6,sqlite3BtreeTableMoveto
248011.0,3748881,python,libsqlite3.so.0.8.6,sqlite3VdbeMemClearAndResize
248010.0,3749043,python,[JIT],0x0000fc43ca283484
248010.0,3748912,python,python,_PyDict_GetMethodStackRef
248010.0,3748912,python,python,unicode_dealloc
248010.0,3749011,python,[JIT],0x0000f90e731932ec
248010.0,3749011,python,python,clone_combined_dict_keys
248010.0,3748817,python,[kernel.kallsyms],mas_mab_cp
248010.0,3748817,python,[JIT],0x0000e107bdcfad98
248010.0,3748943,python,libsqlite3.so.0.8.6,0x00000000000af138
248010.0,3748790,python,python,emit__GUARD_IS_FALSE_POP_r10
248010.0,3748790,python,python,object_str
248010.0,3748790,python,[JIT],0x0000f9298f6f5188
248010.0,3748790,python,[JIT],0x0000f9298f6f63e0
248010.0,3748881,python,[JIT],0x0000e411b5d359dc
248010.0,3748943,python,python,_PyDict_LoadBuiltinsFromGlobals
248009.0,3748881,python,python,pthread_self@plt
248009.0,3749011,python,_sqlite3.cpython-316-aarch64-linux-gnu.so,check_cursor
248009.0,3749011,python,libsqlite3.so.0.8.6,sqlite3VdbeEnter
248009.0,3748817,python,python,_Py_Specialize_Call
248009.0,3748817,python,[JIT],0x0000e107bdc250f4
248009.0,3748817,python,[JIT],0x0000e107be3148dc
248009.0,3748912,python,python,type___instancecheck__
248009.0,3748790,python,[JIT],0x0000f9298f7a102c
248009.0,3748881,python,[JIT],0x0000e411b5d0b14c
248009.0,3748881,python,[JIT],0x0000e411b6087560
248009.0,3748881,python,libsqlite3.so.0.8.6,0x000000000002ad94
248008.0,3749043,python,[JIT],0x0000fc43cad16570
248008.0,3748912,python,python,visit_reachable
248008.0,3749011,python,[JIT],0x0000f90e7319e138
248008.0,3749011,python,[JIT],0x0000f90e7326c00c
248008.0,3749011,python,python,_PyStack_UnpackDict
248008.0,3748817,python,libsqlite3.so.0.8.6,sqlite3VdbeAddOp0
248008.0,3748817,python,[JIT],0x0000e107be313d50
248008.0,3748817,python,libsqlite3.so.0.8.6,0x00000000000b957c
248008.0,3748943,python,[JIT],0x0000f513620572c0
248008.0,3748881,python,libsqlite3.so.0.8.6,sqlite3BitvecCreate
248007.0,3749043,python,[JIT],0x0000fc43cadc8004
248007.0,3748912,python,python,_PyCfg_OptimizeCodeUnit
248007.0,3749011,python,[JIT],0x0000f90e72894eb0
248007.0,3749011,python,[JIT],0x0000f90e72ef80f8
248007.0,3749011,python,libsqlite3.so.0.8.6,0x0000000000021e00
248007.0,3748817,python,python,weakref_dealloc
248007.0,3748817,python,[JIT],0x0000e107bdaf58f0
248007.0,3748912,python,python,PyMapping_Check
248007.0,3748912,python,python,PyMember_GetOne
248007.0,3748912,python,[JIT],0x0000ff3d9487e544
248007.0,3748790,python,[kernel.kallsyms],blk_cgroup_congested
248006.0,3749011,python,python,property_descr_get
248006.0,3749011,python,[JIT],0x0000f90e728940ec
248006.0,3749011,python,libsqlite3.so.0.8.6,sqlite3BtreeInsert
248006.0,3748817,python,python,_PySuper_Lookup
248006.0,3748817,python,libsqlite3.so.0.8.6,sqlite3BackupRestart
248006.0,3748912,python,python,_PyStack_UnpackDict_FreeNoDecRef
248006.0,3748912,python,libc.so.6,__strlen_generic
248006.0,3748912,python,[JIT],0x0000ff3d93df4030
248006.0,3748912,python,[JIT],0x0000ff3d93fbd23c
248006.0,3748790,python,python,type_dict
248005.0,3749011,python,libsqlite3.so.0.8.6,0x00000000000b9a84
248005.0,3748817,python,[JIT],0x0000e107bdc58bc4
248005.0,3748817,python,[JIT],0x0000e107be57d190
248005.0,3748912,python,python,PyUnicode_Substring
248005.0,3748912,python,[JIT],0x0000ff3d9487e148
248005.0,3748943,python,[JIT],0x0000f51362089544
248005.0,3748943,python,[JIT],0x0000f513620f9394
248005.0,3748790,python,python,long_bool
248005.0,3748790,python,[JIT],0x0000f9298f7a7448
248005.0,3748881,python,python,set_difference_multi
248005.0,3748881,python,python,tb_dealloc
248005.0,3748881,python,[JIT],0x0000e411b5d355b8
248005.0,3748881,python,[JIT],0x0000e411b608736c
248004.0,3748881,python,_sqlite3.cpython-316-aarch64-linux-gnu.so,pysqlite_connection_rollback
248004.0,3749043,python,libsqlite3.so.0.8.6,0x00000000000a79bc
248004.0,3748817,python,libsqlite3.so.0.8.6,sqlite3_prepare_v2
248004.0,3748817,python,python,sys_audit_tstate
248004.0,3748817,python,[JIT],0x0000e107be311068
248004.0,3748912,python,[JIT],0x0000ff3d9494c124
248004.0,3748790,python,[JIT],0x0000f9298f4feed0
248003.0,3748881,python,python,PyMethod_New
248003.0,3748912,python,python,_Py_VectorCall_StackRefSteal
248003.0,3749011,python,[JIT],0x0000f90e72f3aef8
248003.0,3749011,python,libsqlite3.so.0.8.6,0x00000000000ae878
248003.0,3749011,python,_sqlite3.cpython-316-aarch64-linux-gnu.so,pysqlite_check_connection
248003.0,3748817,python,libsqlite3.so.0.8.6,sqlite3Strlen30
248003.0,3748817,python,[JIT],0x0000e107bdcbf0cc
248003.0,3748912,python,[JIT],0x0000ff3d93f5a00c
248003.0,3748790,python,[JIT],0x0000f9298edc248c
248003.0,3748790,python,[JIT],0x0000f9298f4fc994
248003.0,3748943,python,python,listiter_dealloc
248002.0,3749043,python,_sqlite3.cpython-316-aarch64-linux-gnu.so,PyThread_get_thread_ident@plt
248002.0,3748912,python,python,_PyObject_MaterializeManagedDict_LockHeld
248002.0,3748912,python,libsqlite3.so.0.8.6,sqlite3VdbeGoto
248002.0,3749011,python,libsqlite3.so.0.8.6,0x00000000000ae884
248002.0,3749011,python,python,_PyDict_SetItem_Take2
248002.0,3748817,python,libsqlite3.so.0.8.6,sqlite3BtreeCommitPhaseOne
248002.0,3748817,python,[JIT],0x0000e107bdc23300
248002.0,3748912,python,[JIT],0x0000ff3d9487b030
248002.0,3748790,python,[JIT],0x0000f9298f7a1290
248001.0,3748881,python,python,PyObject_Free
248001.0,3748881,python,python,object_new
248001.0,3749011,python,[JIT],0x0000f90e72f32dbc
248001.0,3749011,python,[JIT],0x0000f90e731916f8
248001.0,3748817,python,[JIT],0x0000e107bdcb56fc
248001.0,3748817,python,[JIT],0x0000e107be574700
248001.0,3748912,python,python,setiter_dealloc
248001.0,3748912,python,[JIT],0x0000ff3d9487e554
248001.0,3748790,python,libsqlite3.so.0.8.6,sqlite3BtreeGetFilename
248001.0,3748790,python,[JIT],0x0000f9298f6f930c
248001.0,3748881,python,[JIT],0x0000e411b608607c
248000.0,3748881,python,libsqlite3.so.0.8.6,sqlite3PagerGet
248000.0,3748912,python,python,_PyEvalFramePushAndInit_Ex
248000.0,3748912,python,libsqlite3.so.0.8.6,sqlite3BtreeEnter
248000.0,3749011,python,libsqlite3.so.0.8.6,sqlite3StatusHighwater
248000.0,3748790,python,[JIT],0x0000f9298f4f5d6c
248000.0,3748790,python,[JIT],0x0000f9298f4fbc1c
247999.0,3749011,python,[JIT],0x0000f90e72f3afe0
247999.0,3748817,python,python,set_add_entry_takeref
247999.0,3748817,python,[JIT],0x0000e107be57e618
247999.0,3748912,python,[JIT],0x0000ff3d9487e2b0
247999.0,3748943,python,[JIT],0x0000f5136297b430
247999.0,3748943,python,libsqlite3.so.0.8.6,0x00000000000f3160
247999.0,3748790,python,[kernel.kallsyms],kmem_cache_alloc
247999.0,3748790,python,[JIT],0x0000f9298f4f5408
247999.0,3748790,python,[JIT],0x0000f9298f7a70a4
247999.0,3748881,python,_sqlite3.cpython-316-aarch64-linux-gnu.so,cursor_dealloc
247999.0,3748881,python,[JIT],0x0000e411b56fba8c
247998.0,3748881,python,[JIT],0x0000e411b6087030
247998.0,3748912,python,libc.so.6,__memset_zva64
247998.0,3748912,python,python,set_merge_lock_held
247998.0,3748912,python,libsqlite3.so.0.8.6,0x00000000000b2a14
247998.0,3749011,python,libsqlite3.so.0.8.6,0x00000000000b27d0
247998.0,3748817,python,[JIT],0x0000e107bdc565d0
247998.0,3748912,python,python,PyErr_Format
247998.0,3748912,python,libsqlite3.so.0.8.6,sqlite3VdbeMemGrow
247998.0,3748912,python,python,tupleiter_dealloc
247998.0,3748943,python,python,PySys_Audit
247998.0,3748790,python,python,partial_call
247998.0,3748790,python,libsqlite3.so.0.8.6,0x00000000000f545c
247998.0,3748881,python,[JIT],0x0000e411b6087038
247997.0,3749011,python,python,PyObject_GenericGetDict
247997.0,3749011,python,libsqlite3.so.0.8.6,sqlite3MallocSize
247997.0,3748817,python,python,_PyUnicode_FindMaxChar
247997.0,3748817,python,[JIT],0x0000e107bdc579ec
247997.0,3748817,python,[JIT],0x0000e107bdc57c04
247997.0,3748817,python,[JIT],0x0000e107bdcb56a8
247997.0,3748912,python,libsqlite3.so.0.8.6,0x00000000000eae7c
247997.0,3748881,python,libsqlite3.so.0.8.6,0x00000000000ae7f4
247996.0,3749043,python,[JIT],0x0000fc43cad16904
247996.0,3748912,python,python,PyErr_Format
247996.0,3749011,python,python,_PyEval_StopTheWorld
247996.0,3749011,python,[JIT],0x0000f90e72ef0908
247996.0,3749011,python,[JIT],0x0000f90e73193e64
247996.0,3748817,python,[JIT],0x0000e107bdc2ce10
247996.0,3748817,python,libsqlite3.so.0.8.6,0x00000000000ad070
247996.0,3748912,python,python,PyObject_GetItem
247996.0,3748912,python,python,slot_tp_new
247995.0,3748912,python,python,_PyDict_MergeUniq
247995.0,3748817,python,libsqlite3.so.0.8.6,sqlite3PagerGetExtra
247995.0,3748817,python,[JIT],0x0000e107be57e000
247995.0,3748912,python,[JIT],0x0000ff3d93f54ae8
247995.0,3748912,python,[JIT],0x0000ff3d9451a7bc
247995.0,3748912,python,[vdso],0x00000000000004f4
247995.0,3748881,python,python,list_length
247994.0,3748881,python,python,PyTuple_Pack
247994.0,3748912,python,libc.so.6,_int_free_create_chunk
247994.0,3748912,python,libsqlite3.so.0.8.6,0x00000000000eab90
247994.0,3748817,python,[JIT],0x0000e107bdafaad0
247994.0,3748817,python,[JIT],0x0000e107bdc5603c
247994.0,3748912,python,python,_PyEval_UnpackIterableStackRef
247993.0,3748912,python,python,PyObject_Str
247993.0,3748912,python,python,genexp_rule
247993.0,3748817,python,python,gen_finalize
247993.0,3748817,python,[JIT],0x0000e107bdcf9ce4
247993.0,3748817,python,[JIT],0x0000e107be57e4a0
247993.0,3748912,python,[JIT],0x0000ff3d93ffad94
247993.0,3748790,python,[kernel.kallsyms],memset
247993.0,3748790,python,libsqlite3.so.0.8.6,sqlite3VdbeLeave
247993.0,3748943,python,python,func_clear
247992.0,3748912,python,python,_PyStaticType_GetState
247992.0,3749011,python,python,object_init
247992.0,3749011,python,[JIT],0x0000f90e72f325c0
247992.0,3749011,python,libsqlite3.so.0.8.6,0x00000000000b9534
247992.0,3749011,python,python,find_empty_slot
247992.0,3749011,python,python,gen_dealloc
247992.0,3748817,python,[JIT],0x0000e107be3120e8
247992.0,3748912,python,libsqlite3.so.0.8.6,0x000000000002b358
247992.0,3748912,python,libsqlite3.so.0.8.6,0x00000000000b98e4
247992.0,3748790,python,python,_PyEval_ReleaseLock
247992.0,3748943,python,python,PyObject_GC_Del
247992.0,3748943,python,python,meth_dealloc
247991.0,3749043,python,[JIT],0x0000fc43cadc90d8
247991.0,3748912,python,libc.so.6,_int_free
247991.0,3748912,python,python,mappingproxy_dealloc
247991.0,3748817,python,python,_PyTuple_FromPairSteal
247991.0,3748817,python,[JIT],0x0000e107be57e420
247991.0,3748912,python,[JIT],0x0000ff3d93f56164
247991.0,3748912,python,[JIT],0x0000ff3d94871450
247991.0,3748943,python,[JIT],0x0000f513620fbd10
247990.0,3748881,python,python,PyList_AsTuple
247990.0,3749043,python,python,chain_next
247990.0,3748912,python,python,_PyObject_Call_Prepend
247990.0,3748817,python,python,PyDict_DelItem
247990.0,3748817,python,python,_PyUnicodeWriter_WriteStr
247990.0,3748817,python,[JIT],0x0000e107bdc5453c
247990.0,3748817,python,[JIT],0x0000e107bdcf88f4
247990.0,3748817,python,[JIT],0x0000e107bdcfc14c
247990.0,3748943,python,[JIT],0x0000f51362024268
247989.0,3749011,python,[JIT],0x0000f90e7286e8fc
247989.0,3748817,python,python,PyObject_Call
247989.0,3748817,python,[JIT],0x0000e107bdcf414c
247989.0,3748912,python,python,list_vectorcall
247989.0,3748912,python,libsqlite3.so.0.8.6,sqlite3_column_count
247989.0,3748790,python,libsqlite3.so.0.8.6,0x00000000000f8c74
247989.0,3748881,python,python,emit__RETURN_VALUE_r11
247988.0,3748881,python,python,_PyTuple_FromArraySteal
247988.0,3748881,python,libsqlite3.so.0.8.6,sqlite3VdbeCheckFk
247988.0,3749011,python,python,PyMember_SetOne
247988.0,3749011,python,libsqlite3.so.0.8.6,0x000000000009f248
247988.0,3748817,python,python,set_or
247988.0,3748817,python,[JIT],0x0000e107bdaf7614
247988.0,3748912,python,[JIT],0x0000ff3d93ff8c7c
247988.0,3748790,python,[JIT],0x0000f9298f7a7124
247987.0,3748912,python,libsqlite3.so.0.8.6,0x00000000000b18bc
247987.0,3749011,python,python,_PyUnicodeWriter_Finish
247987.0,3749011,python,libsqlite3.so.0.8.6,0x00000000000b99b8
247987.0,3749011,python,python,PyUnicode_CompareWithASCIIString
247987.0,3749011,python,libsqlite3.so.0.8.6,pthread_mutex_lock@plt
247987.0,3748817,python,[JIT],0x0000e107bdc81aac
247987.0,3748912,python,[JIT],0x0000ff3d93f5990c
247987.0,3748912,python,[JIT],0x0000ff3d9487e3e0
247987.0,3748790,python,libsqlite3.so.0.8.6,0x00000000000f6a4c
247987.0,3748881,python,libsqlite3.so.0.8.6,0x000000000002b12c
247986.0,3749043,python,[JIT],0x0000fc43cadc817c
247986.0,3749043,python,libsqlite3.so.0.8.6,0x000000000009f26c
247986.0,3749011,python,python,tuple_new
247986.0,3748912,python,[JIT],0x0000ff3d93f553a4
247986.0,3748943,python,[JIT],0x0000f513620fb1a4
247986.0,3748790,python,[JIT],0x0000f9298f4fbbf4
247986.0,3748881,python,libsqlite3.so.0.8.6,sqlite3OsFileControl
247986.0,3748881,python,libsqlite3.so.0.8.6,0x00000000000f85a8
247985.0,3748881,python,libsqlite3.so.0.8.6,sqlite3VtabSync
247985.0,3749043,python,[JIT],0x0000fc43ca3e9860
247985.0,3748912,python,_sqlite3.cpython-316-aarch64-linux-gnu.so,pysqlite_connection_rollback
247985.0,3749011,python,python,strlen@plt
247985.0,3749011,python,[JIT],0x0000f90e72ef20f8
247985.0,3749011,python,[JIT],0x0000f90e7319d264
247985.0,3748817,python,python,emit__TIER2_RESUME_CHECK_r00
247985.0,3748912,python,[kernel.kallsyms],_raw_spin_unlock_irqrestore
247985.0,3748912,python,[JIT],0x0000ff3d93df9324
247985.0,3748912,python,[JIT],0x0000ff3d9487e128
247985.0,3748790,python,[JIT],0x0000f9298f7a60b4
247985.0,3748881,python,libsqlite3.so.0.8.6,0x00000000000af1a0
247985.0,3748943,python,python,PyMem_Malloc
247984.0,3748881,python,python,_PyMember_GetOffset
247984.0,3749043,python,python,PyList_Append
247984.0,3748912,python,python,PyDescr_IsData
247984.0,3748912,python,libsqlite3.so.0.8.6,sqlite3PutVarint
247984.0,3749011,python,[JIT],0x0000f90e72ef4918
247984.0,3748817,python,_sqlite3.cpython-316-aarch64-linux-gnu.so,sqlite3_stmt_busy@plt
247984.0,3748817,python,[JIT],0x0000e107bdcf4b10
247984.0,3748817,python,libsqlite3.so.0.8.6,0x0000000000020ffc
247984.0,3748912,python,python,call_special_method
247984.0,3748790,python,python,tuple_subtype_new
247983.0,3749011,python,python,PyDictProxy_New
247983.0,3749011,python,[JIT],0x0000f90e7289642c
247983.0,3749011,python,[JIT],0x0000f90e7289741c
247983.0,3749011,python,[JIT],0x0000f90e72eed2a8
247983.0,3749011,python,[JIT],0x0000f90e72f32300
247983.0,3749011,python,[JIT],0x0000f90e7319e568
247983.0,3748817,python,[JIT],0x0000e107bdc551c4
247983.0,3748817,python,[JIT],0x0000e107bdc59f50
247983.0,3748817,python,[JIT],0x0000e107bdc8271c
247983.0,3748817,python,[JIT],0x0000e107bdcb50b4
247983.0,3748817,python,[JIT],0x0000e107be57e378
247983.0,3748912,python,[JIT],0x0000ff3d93fb9608
247983.0,3748912,python,[JIT],0x0000ff3d948715b8
247983.0,3748912,python,libsqlite3.so.0.8.6,0x0000000000029ac8
247983.0,3748790,python,[JIT],0x0000f9298ed9bcd0
247983.0,3748790,python,[JIT],0x0000f9298f6fb1f4
247983.0,3748881,python,libsqlite3.so.0.8.6,0x000000000002ada4
247982.0,3748881,python,python,_PyObject_VectorcallDictTstate
247982.0,3749043,python,[JIT],0x0000fc43ca4bb404
247982.0,3749011,python,[JIT],0x0000f90e72f33dd8
247982.0,3749011,python,[JIT],0x0000f90e7319202c
247982.0,3749011,python,[JIT],0x0000f90e731965b4
247982.0,3749011,python,libsqlite3.so.0.8.6,0x00000000000b29d0
247982.0,3748817,python,python,_Py_uop_analyze_and_optimize
247982.0,3748817,python,[JIT],0x0000e107bdc2b524
247982.0,3748817,python,[JIT],0x0000e107bdc81ad8
247982.0,3748817,python,[JIT],0x0000e107bdcfc004
247982.0,3748912,python,python,binary_op1
247981.0,3749011,python,python,PyObject_CallFinalizerFromDealloc
247981.0,3749011,python,python,builtin_iter
247981.0,3748817,python,python,object_recursive_isinstance
247981.0,3748817,python,[JIT],0x0000e107bdaf6814
247981.0,3748817,python,[JIT],0x0000e107be3184a4
247981.0,3748912,python,python,_PyEval_StopTheWorld
247981.0,3748912,python,[JIT],0x0000ff3d93fbdc20
247981.0,3748912,python,libsqlite3.so.0.8.6,0x00000000000b29dc
247981.0,3748943,python,[JIT],0x0000f51361ef8f6c
247981.0,3748790,python,libsqlite3.so.0.8.6,sqlite3PagerPagecount
247981.0,3748790,python,[JIT],0x0000f9298ee52394
247981.0,3748790,python,libsqlite3.so.0.8.6,0x00000000000eab90
247981.0,3748881,python,[JIT],0x0000e411b5d73714
247980.0,3749043,python,python,rangeiter_dealloc
247980.0,3748912,python,libsqlite3.so.0.8.6,0x000000000002adb8
247980.0,3749011,python,[JIT],0x0000f90e72896ae0
247980.0,3749011,python,libsqlite3.so.0.8.6,0x000000000011d904
247980.0,3748817,python,[JIT],0x0000e107be5733a4
247980.0,3748817,python,[JIT],0x0000e107be57d0c0
247980.0,3748912,python,python,PyList_AsTuple
247980.0,3748912,python,[JIT],0x0000ff3d9487e344
247980.0,3748912,python,libsqlite3.so.0.8.6,0x0000000000028758
247980.0,3748943,python,python,PyLong_FromSsize_t
247980.0,3748943,python,python,wrap_init
247979.0,3749043,python,python,setiter_dealloc
247979.0,3749011,python,python,PyObject_Size
247979.0,3749011,python,libsqlite3.so.0.8.6,sqlite3StatusUp
247979.0,3748817,python,[JIT],0x0000e107bdcb1e78
247979.0,3748817,python,[JIT],0x0000e107be3145b4
247979.0,3748912,python,python,_Py_uop_sym_get_type
247979.0,3748912,python,[JIT],0x0000ff3d93d97f44
247979.0,3748943,python,[JIT],0x0000f51362023ec4
247979.0,3748881,python,[JIT],0x0000e411b5d341f4
247979.0,3748881,python,[JIT],0x0000e411b5fd9de4
247978.0,3748881,python,libsqlite3.so.0.8.6,0x00000000000a9aec
247978.0,3749043,python,[JIT],0x0000fc43caaf1564
247978.0,3749043,python,libsqlite3.so.0.8.6,0x00000000000f866c
247978.0,3749011,python,libc.so.6,__printf_buffer
247978.0,3749011,python,python,listiter_dealloc
247978.0,3749011,python,[JIT],0x0000f90e7319665c
247978.0,3749011,python,[JIT],0x0000f90e73196ac4
247978.0,3749011,python,python,PyNumber_InPlaceAdd
247978.0,3749011,python,python,_PyUnicodeWriter_Finish
247978.0,3748817,python,[JIT],0x0000e107bdc2133c
247978.0,3748817,python,[JIT],0x0000e107bdcf94e0
247978.0,3748817,python,[JIT],0x0000e107be64c12c
247978.0,3748912,python,[JIT],0x0000ff3d9487c0f0
247978.0,3748790,python,libsqlite3.so.0.8.6,0x00000000001182b0
247977.0,3749011,python,libsqlite3.so.0.8.6,0x00000000000b29f4
247977.0,3748817,python,[JIT],0x0000e107bdc23e04
247977.0,3748817,python,[JIT],0x0000e107be57d05c
247977.0,3748912,python,python,_PyErr_GetRaisedException
247977.0,3748912,python,python,getset_set
247977.0,3748790,python,[JIT],0x0000f9298f7a53b8
247977.0,3748881,python,python,PyObject_Realloc
247976.0,3749011,python,[JIT],0x0000f90e7319e174
247976.0,3748817,python,[JIT],0x0000e107bdc2ce04
247976.0,3748817,python,[JIT],0x0000e107bdcba720
247976.0,3748817,python,[JIT],0x0000e107be53e39c
247976.0,3748817,python,libsqlite3.so.0.8.6,0x000000000009f240
247976.0,3748912,python,python,chain_next
247976.0,3748943,python,python,mappingproxy_getitem
247976.0,3748881,python,[JIT],0x0000e411b5d382b0
247975.0,3749043,python,python,subtype_clear
247975.0,3749011,python,libsqlite3.so.0.8.6,sqlite3VdbeCloseStatement
247975.0,3748817,python,_sqlite3.cpython-316-aarch64-linux-gnu.so,pysqlite_check_thread
247975.0,3748817,python,[JIT],0x0000e107bdc23334
247975.0,3748817,python,[JIT],0x0000e107be57e588
247975.0,3748790,python,[JIT],0x0000f9298f7a7178
247974.0,3749011,python,[JIT],0x0000f90e7319e560
247974.0,3748817,python,python,_PyEval_NoToolsForUnwind
247974.0,3748817,python,[JIT],0x0000e107bdcb6c20
247974.0,3748817,python,[JIT],0x0000e107be572038
247974.0,3748817,python,libsqlite3.so.0.8.6,0x00000000000f3160
247974.0,3748912,python,libsqlite3.so.0.8.6,sqlite3ErrorClear
247974.0,3748912,python,[JIT],0x0000ff3d9487e38c
247974.0,3748943,python,[JIT],0x0000f51362a26628
247974.0,3748790,python,[JIT],0x0000f9298f4f31e4
247974.0,3748881,python,python,binary_op1
247973.0,3748912,python,python,dict_pop
247973.0,3749011,python,[JIT],0x0000f90e7326c020
247973.0,3748817,python,python,set_len
247973.0,3748912,python,libsqlite3.so.0.8.6,sqlite3VdbeCloseStatement
247973.0,3748912,python,[JIT],0x0000ff3d93d4db24
247973.0,3748790,python,[JIT],0x0000f9298f6f2c08
247973.0,3748790,python,libsqlite3.so.0.8.6,0x00000000000a9b74
247973.0,3748881,python,[JIT],0x0000e411b5cf0f84
247972.0,3749011,python,[JIT],0x0000f90e72895dc0
247972.0,3749011,python,[JIT],0x0000f90e72ef0ca4
247972.0,3749011,python,python,PyBool_FromLong
247972.0,3748817,python,[JIT],0x0000e107bdaf9514
247972.0,3748817,python,[JIT],0x0000e107bdc81eb4
247972.0,3748817,python,[JIT],0x0000e107be57e164
247972.0,3748912,python,[JIT],0x0000ff3d944ee74c
247972.0,3748790,python,[JIT],0x0000f9298f6fc74c
247972.0,3748881,python,libsqlite3.so.0.8.6,0x000000000002f2c8
247971.0,3748912,python,_sqlite3.cpython-316-aarch64-linux-gnu.so,PyType_GetModuleByDef@plt
247971.0,3748912,python,python,_copy_characters.constprop.0.isra.0
247971.0,3749011,python,[JIT],0x0000f90e7319e5b0
247971.0,3748817,python,python,Py_HashBuffer
247971.0,3748817,python,[JIT],0x0000e107be314478
247971.0,3748912,python,[JIT],0x0000ff3d93ff3004
247971.0,3748790,python,[JIT],0x0000f9298ee24b00
247971.0,3748790,python,[JIT],0x0000f9298f4f9010
247971.0,3748881,python,libsqlite3.so.0.8.6,0x00000000000a1004
247970.0,3748912,python,python,PyObject_CallOneArg
247970.0,3749011,python,[JIT],0x0000f90e72efaa04
247970.0,3749011,python,[JIT],0x0000f90e72f316d4
247970.0,3749011,python,libsqlite3.so.0.8.6,0x00000000000eaeac
247970.0,3748912,python,[JIT],0x0000ff3d93d4a2a0
247970.0,3748912,python,[JIT],0x0000ff3d93d98030
247970.0,3748912,python,[JIT],0x0000ff3d93fbc580
247970.0,3748943,python,[JIT],0x0000f51362a2651c
247970.0,3748790,python,[JIT],0x0000f9298ee2e1b0
247970.0,3748881,python,[JIT],0x0000e411b5d74230
247970.0,3748881,python,[JIT],0x0000e411b60873e0
247970.0,3748943,python,[JIT],0x0000f51362a26164
247969.0,3748881,python,libsqlite3.so.0.8.6,sqlite3_initialize
247969.0,3749043,python,[JIT],0x0000fc43cadc8178
247969.0,3749043,python,[JIT],0x0000fc43cadc9530
247969.0,3749011,python,[JIT],0x0000f90e73193614
247969.0,3749011,python,[JIT],0x0000f90e7319d1e8
247969.0,3749011,python,python,_PyForIter_VirtualIteratorNext
247969.0,3749011,python,python,lookup_method_ex.constprop.0
247969.0,3749011,python,python,tupleiter_dealloc
247969.0,3748817,python,[JIT],0x0000e107bdc54d80
247969.0,3748881,python,python,dictiter_dealloc
247969.0,3748943,python,libsqlite3.so.0.8.6,sqlite3_bind_parameter_count
247968.0,3748912,python,python,method_getattro
247968.0,3749011,python,libsqlite3.so.0.8.6,0x0000000000118318
247968.0,3749011,python,python,_PyUnicodeWriter_WriteASCIIString
247968.0,3748817,python,python,build_indices_unicode
247968.0,3748817,python,python,PyNumber_InPlaceOr
247968.0,3748817,python,[JIT],0x0000e107be318244
247968.0,3748817,python,[JIT],0x0000e107be574a38
247968.0,3748817,python,[JIT],0x0000e107be57e380
247968.0,3748912,python,libsqlite3.so.0.8.6,sqlite3BtreeTxnState
247968.0,3748790,python,[JIT],0x0000f9298f4f42d4
247968.0,3748790,python,libsqlite3.so.0.8.6,0x00000000000eaba0
247967.0,3748881,python,python,_PyUnicode_InternMortal
247967.0,3749043,python,libsqlite3.so.0.8.6,sqlite3BtreePayloadSize
247967.0,3748912,python,libsqlite3.so.0.8.6,0x00000000000a0f90
247967.0,3749011,python,[JIT],0x0000f90e728380b8
247967.0,3749011,python,[JIT],0x0000f90e7286bcb4
247967.0,3749011,python,python,_PyThreadState_Attach
247967.0,3748817,python,_sqlite3.cpython-316-aarch64-linux-gnu.so,cursor_dealloc
247967.0,3748817,python,python,PyUnicode_New
247967.0,3748817,python,[JIT],0x0000e107be57e110
247967.0,3748790,python,[JIT],0x0000f9298f7a6128
247967.0,3748790,python,libsqlite3.so.0.8.6,0x000000000002afc4
247966.0,3748881,python,python,PyErr_SetRaisedException
247966.0,3748912,python,python,_Py_slot_tp_getattr_hook
247966.0,3749011,python,python,Py_HashBuffer
247966.0,3749011,python,[JIT],0x0000f90e72ef0e20
247966.0,3749011,python,[JIT],0x0000f90e72ef8544
247966.0,3749011,python,libsqlite3.so.0.8.6,0x00000000000a10d0
247966.0,3748817,python,[JIT],0x0000e107bdafbf7c
247966.0,3748817,python,[JIT],0x0000e107be3150ec
247966.0,3748912,python,[JIT],0x0000ff3d9487e16c
247966.0,3748943,python,[kernel.kallsyms],folio_add_lru
247966.0,3748790,python,python,_Py_BaseObject_RichCompare
247966.0,3748790,python,[JIT],0x0000f9298f7a7460
247966.0,3748881,python,libsqlite3.so.0.8.6,sqlite3PcacheMakeClean
247966.0,3748881,python,[JIT],0x0000e411b5d3104c
247966.0,3748943,python,python,set_dealloc
247965.0,3748881,python,libc.so.6,__memcpy_generic
247965.0,3748881,python,[JIT],0x0000e411b6087070
247965.0,3748881,python,libsqlite3.so.0.8.6,0x00000000000a797c
247965.0,3749043,python,[JIT],0x0000fc43ca4472c0
247965.0,3749043,python,[JIT],0x0000fc43caaec7ac
247965.0,3748912,python,python,PyType_GetModuleByDef
247965.0,3749011,python,[JIT],0x0000f90e72838b24
247965.0,3749011,python,python,PyObject_CallFinalizerFromDealloc
247965.0,3748817,python,[JIT],0x0000e107be53f164
247965.0,3748912,python,[JIT],0x0000ff3d93df5e5c
247965.0,3748912,python,[JIT],0x0000ff3d93f2a008
247965.0,3748912,python,[JIT],0x0000ff3d9487d164
247965.0,3748943,python,[JIT],0x0000f51361ffe040
247965.0,3748790,python,[JIT],0x0000f9298f7a1008
247965.0,3748790,python,[JIT],0x0000f9298f7a60c8
247965.0,3748881,python,libsqlite3.so.0.8.6,sqlite3_value_text
247965.0,3748881,python,[JIT],0x0000e411b5cf0cb0
247964.0,3748881,python,libsqlite3.so.0.8.6,0x0000000000020f58
247964.0,3749011,python,libsqlite3.so.0.8.6,sqlite3_changes64
247964.0,3749011,python,[JIT],0x0000f90e7319d138
247964.0,3748881,python,[JIT],0x0000e411b5f9f5cc
247963.0,3749011,python,python,_PyErr_Restore
247963.0,3749011,python,python,deque_len
247963.0,3749011,python,libsqlite3.so.0.8.6,sqlite3BtreeTxnState
247963.0,3749011,python,[JIT],0x0000f90e72899d24
247963.0,3749011,python,[kernel.kallsyms],mem_cgroup_commit_charge
247963.0,3749011,python,python,slot_tp_init
247963.0,3749011,python,_sqlite3.cpython-316-aarch64-linux-gnu.so,sqlite3_bind_parameter_count@plt
247963.0,3748817,python,_sqlite3.cpython-316-aarch64-linux-gnu.so,PyObject_Vectorcall@plt
247963.0,3748817,python,libsqlite3.so.0.8.6,strlen@plt
247963.0,3748912,python,[JIT],0x0000ff3d93fbc5c8
247963.0,3748790,python,[JIT],0x0000f9298ee9b8f0
247963.0,3748790,python,[JIT],0x0000f9298f6f9f6c
247963.0,3748881,python,libsqlite3.so.0.8.6,sqlite3BtreeFirst
247962.0,3748912,python,[kernel.kallsyms],mas_walk
247962.0,3749011,python,[JIT],0x0000f90e72ef9efc
247962.0,3749011,python,python,setitem_take2_lock_held
247962.0,3748817,python,python,_PyDict_MergeUniq
247962.0,3748943,python,[JIT],0x0000f51362a26154
247962.0,3748790,python,[JIT],0x0000f9298f6fada4
247962.0,3748881,python,[JIT],0x0000e411b6087228
247962.0,3748881,python,[JIT],0x0000e411b60872c8
247961.0,3749043,python,[JIT],0x0000fc43cad15000
247961.0,3748817,python,libsqlite3.so.0.8.6,0x00000000000a1118
247961.0,3748817,python,[JIT],0x0000e107bdc83078
247961.0,3748817,python,libsqlite3.so.0.8.6,0x0000000000116088
247961.0,3748912,python,_sqlite3.cpython-316-aarch64-linux-gnu.so,cursor_dealloc
247961.0,3748912,python,libsqlite3.so.0.8.6,0x00000000000f8680
247961.0,3748943,python,libsqlite3.so.0.8.6,sqlite3AuthCheck
247960.0,3748881,python,libsqlite3.so.0.8.6,0x000000000002abe4
247960.0,3748912,python,python,_Py_BuiltinCallFast_StackRef
247960.0,3749011,python,python,setiter_dealloc
247960.0,3749011,python,python,_PyObject_Calloc
247960.0,3748817,python,python,memcmp@plt
247960.0,3748817,python,python,pthread_cond_signal@plt
247960.0,3748817,python,[JIT],0x0000e107bda47378
247960.0,3748817,python,libsqlite3.so.0.8.6,0x000000000002afb8
247960.0,3748943,python,[kernel.kallsyms],__mod_lruvec_state
247960.0,3748790,python,python,_PyObject_SetAttributeErrorContext
247960.0,3748790,python,[kernel.kallsyms],ext4_inode_table
247959.0,3749043,python,python,slot_tp_descr_get
247959.0,3749011,python,[kernel.kallsyms],__perf_event__output_id_sample
247959.0,3749011,python,[JIT],0x0000f90e72838d70
247959.0,3749011,python,[JIT],0x0000f90e728fb144
247959.0,3749011,python,[JIT],0x0000f90e72f310f4
247959.0,3749011,python,[JIT],0x0000f90e7326c084
247959.0,3749011,python,libsqlite3.so.0.8.6,sqlite3VdbeHalt
247959.0,3748817,python,libsqlite3.so.0.8.6,sqlite3MemJournalOpen
247959.0,3748817,python,[JIT],0x0000e107bda470d8
247959.0,3748912,python,[kernel.kallsyms],arch_local_irq_restore
247959.0,3748790,python,[JIT],0x0000f9298ee241f4
247959.0,3748881,python,libsqlite3.so.0.8.6,0x00000000000a799c
247958.0,3749043,python,[JIT],0x0000fc43cadc60d0
247958.0,3749011,python,libsqlite3.so.0.8.6,sqlite3PcacheCleanAll
247958.0,3748817,python,python,PySequence_Concat
247958.0,3748912,python,[JIT],0x0000ff3d93df56c0
247958.0,3748943,python,[JIT],0x0000f5136205541c
247958.0,3748790,python,[JIT],0x0000f9298f7a5040
247958.0,3748790,python,[JIT],0x0000f9298f7a74a8
247958.0,3748943,python,python,PyType_GenericAlloc
247957.0,3749043,python,libsqlite3.so.0.8.6,0x000000000002afa0
247957.0,3748912,python,python,slot_tp_new
247957.0,3748912,python,libsqlite3.so.0.8.6,sqlite3VdbeRewind
247957.0,3749011,python,python,bounded_lru_cache_wrapper
247957.0,3749011,python,[JIT],0x0000f90e72eeb468
247957.0,3749011,python,[JIT],0x0000f90e72f38f6c
247957.0,3749011,python,[JIT],0x0000f90e73193128
247957.0,3749011,python,[JIT],0x0000f90e7319e008
247957.0,3749011,python,[JIT],0x0000f90e7319e3f0
247957.0,3748817,python,libsqlite3.so.0.8.6,0x000000000002b360
247957.0,3748912,python,libsqlite3.so.0.8.6,sqlite3PagerUnrefNotNull
247957.0,3748943,python,python,set_add
247956.0,3748881,python,python,PyErr_ExceptionMatches
247956.0,3749043,python,[JIT],0x0000fc43cadc94e8
247956.0,3748912,python,libsqlite3.so.0.8.6,sqlite3DbNNFreeNN
247956.0,3749011,python,python,set_difference_multi
247956.0,3749011,python,[JIT],0x0000f90e72f384c0
247956.0,3749011,python,python,attrgetter_vectorcall
247956.0,3748817,python,python,AttributeError_init
247956.0,3748912,python,[JIT],0x0000ff3d93ff8874
247956.0,3748912,python,[JIT],0x0000ff3d94873168
247956.0,3748912,python,[JIT],0x0000ff3d948742b8
247956.0,3748912,python,[JIT],0x0000ff3d9487a444
247956.0,3748790,python,[JIT],0x0000f9298f4edcb8
247956.0,3748881,python,[JIT],0x0000e411b5d38684
247956.0,3748881,python,[JIT],0x0000e411b5fd21f8
247955.0,3749043,python,libsqlite3.so.0.8.6,0x00000000000f545c
247955.0,3748912,python,python,PySequence_Tuple
247955.0,3748912,python,libc.so.6,memcmp
247955.0,3749011,python,python,_PyStolenTuple_Free
247955.0,3749011,python,libsqlite3.so.0.8.6,sqlite3MutexAlloc
247955.0,3749011,python,[JIT],0x0000f90e7289e1a0
247955.0,3749011,python,[JIT],0x0000f90e72ef4998
247955.0,3749011,python,python,_PyEval_GetIter
247955.0,3748817,python,libc.so.6,__strcpy_chk
247955.0,3748817,python,_sqlite3.cpython-316-aarch64-linux-gnu.so,sqlite3_prepare_v2@plt
247955.0,3748817,python,[JIT],0x0000e107bdaf5b10
247955.0,3748817,python,[JIT],0x0000e107be57e158
247955.0,3748817,python,libsqlite3.so.0.8.6,0x00000000000b95f0
247955.0,3748912,python,[JIT],0x0000ff3d93df96c4
247955.0,3748912,python,[JIT],0x0000ff3d93fbda90
247955.0,3748912,python,[JIT],0x0000ff3d944ee1c4
247955.0,3748881,python,libsqlite3.so.0.8.6,sqlite3VdbeDelete
247955.0,3748881,python,[JIT],0x0000e411b5cf02bc
247954.0,3748881,python,libsqlite3.so.0.8.6,0x00000000000a10d0
247954.0,3749043,python,python,PyErr_CheckSignals
247954.0,3749043,python,[JIT],0x0000fc43ca4bb440
247954.0,3749011,python,[JIT],0x0000f90e7319c040
247954.0,3748817,python,[JIT],0x0000e107bda91068
247954.0,3748817,python,[JIT],0x0000e107bdaf7ad8
247954.0,3748817,python,[JIT],0x0000e107bdc8167c
247954.0,3748817,python,[JIT],0x0000e107bdc81c24
247954.0,3748817,python,[JIT],0x0000e107bdcba9dc
247954.0,3748817,python,[JIT],0x0000e107be57e42c
247954.0,3748943,python,[JIT],0x0000f513620f1300
247954.0,3748943,python,[JIT],0x0000f513620f64c8
247954.0,3748790,python,python,AttributeError_dealloc
247954.0,3748790,python,[JIT],0x0000f9298f7a32c0
247954.0,3748790,python,libsqlite3.so.0.8.6,0x00000000000b95a8
247954.0,3748881,python,[JIT],0x0000e411b5cefce8
247954.0,3748943,python,python,getset_get
247953.0,3749043,python,[JIT],0x0000fc43ca442030
247953.0,3749043,python,[JIT],0x0000fc43cadc98d8
247953.0,3748912,python,python,unicode_from_format
247953.0,3749011,python,[JIT],0x0000f90e72f328bc
247953.0,3748817,python,python,_PyDict_GetMethodStackRef
247953.0,3748817,python,python,PyObject_IsSubclass
247953.0,3748817,python,[JIT],0x0000e107be2ec360
247953.0,3748943,python,libsqlite3.so.0.8.6,0x000000000002ac48
247953.0,3748881,python,libsqlite3.so.0.8.6,sqlite3BtreeCursorHasMoved
247953.0,3748881,python,libsqlite3.so.0.8.6,0x00000000000b18ac
247952.0,3749043,python,python,_PyObject_RealIsInstance
247952.0,3748817,python,[JIT],0x0000e107bdc2c0f4
247952.0,3748912,python,[kernel.kallsyms],perf_event_mmap
247952.0,3748912,python,[JIT],0x0000ff3d93fbcc74
247951.0,3748881,python,python,PyList_New.constprop.0
247951.0,3749043,python,python,strchr@plt
247951.0,3749043,python,[JIT],0x0000fc43ca4473c4
247951.0,3749043,python,[JIT],0x0000fc43cadc9338
247951.0,3748817,python,libsqlite3.so.0.8.6,sqlite3OsClose
247951.0,3748912,python,[JIT],0x0000ff3d93df45e4
247951.0,3748943,python,python,gen_close
247951.0,3748790,python,python,subtype_clear
247951.0,3748790,python,[JIT],0x0000f9298edf6e28
247951.0,3748790,python,[JIT],0x0000f9298f4fa4e8
247951.0,3748881,python,python,PyUnicode_FromFormatV
247951.0,3748881,python,[JIT],0x0000e411b6087184
247951.0,3748943,python,libsqlite3.so.0.8.6,sqlite3BtreeFirst
247950.0,3748881,python,python,insert_split_key
247950.0,3749011,python,[kernel.kallsyms],__lruvec_stat_mod_folio
247950.0,3749011,python,libsqlite3.so.0.8.6,sqlite3BtreeCommitPhaseTwo
247950.0,3749011,python,libsqlite3.so.0.8.6,sqlite3ConnectionUnlocked
247950.0,3748943,python,[JIT],0x0000f51362056258
247950.0,3748943,python,[JIT],0x0000f51362975238
247950.0,3748790,python,[JIT],0x0000f9298ee93618
247950.0,3748790,python,[JIT],0x0000f9298f4faa28
247950.0,3748790,python,[JIT],0x0000f9298f7a34bc
247950.0,3748790,python,libsqlite3.so.0.8.6,0x00000000000a799c
247950.0,3748881,python,libsqlite3.so.0.8.6,0x00000000000b951c
247950.0,3748943,python,python,_PyObject_Calloc
247950.0,3748943,python,[JIT],0x0000f51362a26030
247949.0,3749043,python,[JIT],0x0000fc43cad1129c
247949.0,3749011,python,[JIT],0x0000f90e72839518
247949.0,3749011,python,[JIT],0x0000f90e7319e554
247949.0,3749011,python,python,dict_traverse
247949.0,3748817,python,[JIT],0x0000e107be57e040
247949.0,3748817,python,[JIT],0x0000e107be64c084
247949.0,3748817,python,libsqlite3.so.0.8.6,0x00000000000a0f98
247949.0,3748912,python,libsqlite3.so.0.8.6,sqlite3ValueText
247949.0,3748943,python,[JIT],0x0000f51362a2512c
247949.0,3748790,python,libsqlite3.so.0.8.6,0x000000000002adb8
247949.0,3748881,python,[JIT],0x0000e411b6083000
247948.0,3748881,python,python,list_to_tuple
247948.0,3748881,python,libc.so.6,pthread_mutex_unlock@@GLIBC_2.17
247948.0,3748881,python,libsqlite3.so.0.8.6,sqlite3ParserAlloc
247948.0,3749011,python,[JIT],0x0000f90e7319e118
247948.0,3749011,python,python,PyNumber_InPlaceOr
247948.0,3748817,python,[JIT],0x0000e107bda9b884
247948.0,3748817,python,[JIT],0x0000e107bdc815a8
247948.0,3748912,python,[JIT],0x0000ff3d93d48518
247948.0,3748943,python,python,_Py_uop_sym_new_not_null
247948.0,3748943,python,[JIT],0x0000f51362a26b38
247948.0,3748790,python,[JIT],0x0000f9298f6faab4
247948.0,3748881,python,[JIT],0x0000e411b56f20bc
247948.0,3748881,python,[JIT],0x0000e411b56f33ec
247948.0,3748881,python,[JIT],0x0000e411b5d381cc
247948.0,3748881,python,[JIT],0x0000e411b6083004
247947.0,3749043,python,python,PyTuple_GetSlice
247947.0,3749043,python,[JIT],0x0000fc43cacde294
247947.0,3749011,python,[JIT],0x0000f90e72ef4124
247947.0,3749011,python,[JIT],0x0000f90e72ef4364
247947.0,3748817,python,[kernel.kallsyms],__lruvec_stat_mod_folio
247947.0,3748817,python,[JIT],0x0000e107be57a17c
247947.0,3748912,python,[JIT],0x0000ff3d93ff98d4
247947.0,3748943,python,[JIT],0x0000f51362711030
247947.0,3748790,python,libsqlite3.so.0.8.6,sqlite3MallocZero
247947.0,3748790,python,libsqlite3.so.0.8.6,sqlite3OsFileControl
247947.0,3748881,python,[JIT],0x0000e411b5d7aef8
247946.0,3749043,python,[JIT],0x0000fc43caaf1400
247946.0,3748912,python,libsqlite3.so.0.8.6,sqlite3VdbeFreeCursorNN
247946.0,3749011,python,[JIT],0x0000f90e72f31070
247946.0,3749011,python,python,_PyList_FromStackRefStealOnSuccess
247946.0,3749011,python,python,drop_gil
247946.0,3748817,python,[JIT],0x0000e107bdc55e94
247946.0,3748817,python,[JIT],0x0000e107bdcf43e4
247946.0,3748817,python,[JIT],0x0000e107be318200
247946.0,3748817,python,[JIT],0x0000e107be57e060
247946.0,3748817,python,[JIT],0x0000e107be57e210
247946.0,3748817,python,[JIT],0x0000e107be57e278
247946.0,3748817,python,libsqlite3.so.0.8.6,0x000000000009f260
247946.0,3748912,python,[JIT],0x0000ff3d93d9b470
247946.0,3748912,python,[JIT],0x0000ff3d93ff3f64
247946.0,3748943,python,libc.so.6,unlink_chunk.isra.0
247946.0,3748790,python,[JIT],0x0000f9298ee243a4
247946.0,3748790,python,[JIT],0x0000f9298ee2537c
247946.0,3748881,python,python,_PyDict_GetItemRef_KnownHash_LockHeld
247946.0,3748881,python,python,_ldict
247946.0,3748881,python,[JIT],0x0000e411b5d73028
247945.0,3748881,python,libsqlite3.so.0.8.6,0x00000000000a9b28
247945.0,3749011,python,[JIT],0x0000f90e7319e578
247945.0,3749011,python,python,PyCMethod_New
247945.0,3749011,python,python,setiter_dealloc
247945.0,3748817,python,[JIT],0x0000e107bdc573bc
247945.0,3748817,python,[JIT],0x0000e107bdc59fac
247945.0,3748912,python,python,BaseException_new
247945.0,3748912,python,python,none_hash
247945.0,3748943,python,[JIT],0x0000f51362974128
247945.0,3748943,python,[JIT],0x0000f51362a2615c
247945.0,3748790,python,[JIT],0x0000f9298ee2a5e4
247945.0,3748790,python,[JIT],0x0000f9298f6bf6d4
247944.0,3748881,python,python,__aarch64_ldclr8_acq_rel
247944.0,3748881,python,python,mappingproxy_getitem
247944.0,3749011,python,python,dictview_dealloc
247944.0,3749011,python,[JIT],0x0000f90e72894f68
247944.0,3749011,python,python,_PyMember_GetOffset
247944.0,3748817,python,python,memcpy@plt
247944.0,3748817,python,libsqlite3.so.0.8.6,sqlite3MallocZero
247944.0,3748912,python,[JIT],0x0000ff3d93fbc564
247944.0,3748943,python,libsqlite3.so.0.8.6,sqlite3BtreeCursorHasMoved
247944.0,3748790,python,[JIT],0x0000f9298edfc6a8
247944.0,3748881,python,libsqlite3.so.0.8.6,sqlite3_finalize
247944.0,3748881,python,[JIT],0x0000e411b608519c
247944.0,3748881,python,libsqlite3.so.0.8.6,0x0000000000021e00
247943.0,3748881,python,libsqlite3.so.0.8.6,sqlite3FaultSim
247943.0,3748881,python,libsqlite3.so.0.8.6,0x000000000009f250
247943.0,3748881,python,libsqlite3.so.0.8.6,0x00000000000a79a0
247943.0,3749043,python,python,_Py_MakeCoro
247943.0,3749043,python,python,ascii_decode
247943.0,3749011,python,[JIT],0x0000f90e72838734
247943.0,3749011,python,[JIT],0x0000f90e72892198
247943.0,3748790,python,[JIT],0x0000f9298edf8228
247943.0,3748790,python,[JIT],0x0000f9298f4f3d34
247943.0,3748790,python,[JIT],0x0000f9298f6bf070
247943.0,3748881,python,libsqlite3.so.0.8.6,sqlite3BtreeTxnState
247943.0,3748881,python,[JIT],0x0000e411b60813ec
247942.0,3749043,python,[JIT],0x0000fc43cadc914c
247942.0,3748912,python,libsqlite3.so.0.8.6,sqlite3VdbeCursorRestore
247942.0,3749011,python,_sqlite3.cpython-316-aarch64-linux-gnu.so,PyIter_Next@plt
247942.0,3749011,python,[JIT],0x0000f90e72833920
247942.0,3749011,python,[JIT],0x0000f90e7319e32c
247942.0,3748817,python,[JIT],0x0000e107bdcb5400
247942.0,3748817,python,[JIT],0x0000e107be313c38
247942.0,3748817,python,[JIT],0x0000e107be57514c
247942.0,3748912,python,_sqlite3.cpython-316-aarch64-linux-gnu.so,PyEval_SaveThread@plt
247942.0,3748790,python,[JIT],0x0000f9298f4f27c0
247942.0,3748881,python,libsqlite3.so.0.8.6,0x00000000000b2a24
247941.0,3749043,python,[JIT],0x0000fc43ca447468
247941.0,3749043,python,libsqlite3.so.0.8.6,0x00000000000ad10c
247941.0,3748817,python,[JIT],0x0000e107bdaf5094
247941.0,3748817,python,[JIT],0x0000e107bdc568a4
247941.0,3748790,python,libsqlite3.so.0.8.6,sqlite3VdbeAddOp2
247940.0,3748881,python,[kernel.kallsyms],percpu_ref_put_many.constprop.0
247940.0,3749043,python,[JIT],0x0000fc43ca4491ac
247940.0,3748912,python,python,new_keys_object
247940.0,3748912,python,libsqlite3.so.0.8.6,sqlite3StatusHighwater
247940.0,3749011,python,libsqlite3.so.0.8.6,sqlite3_value_text
247940.0,3748817,python,[JIT],0x0000e107bdcf5964
247940.0,3748817,python,[JIT],0x0000e107be57c2b4
247940.0,3748912,python,[JIT],0x0000ff3d9487e588
247940.0,3748943,python,[JIT],0x0000f51362a25220
247939.0,3748912,python,python,_PyEval_GetIter
247939.0,3748912,python,python,list_traverse
247939.0,3748912,python,python,pthread_self@plt
247939.0,3749011,python,[JIT],0x0000f90e7319e160
247939.0,3749011,python,_sqlite3.cpython-316-aarch64-linux-gnu.so,pysqlite_connection_cursor
247939.0,3749011,python,libsqlite3.so.0.8.6,sqlite3VdbeAddOp3
247939.0,3748817,python,python,long_or
247939.0,3748817,python,libsqlite3.so.0.8.6,sqlite3PcacheCleanAll
247939.0,3748817,python,libsqlite3.so.0.8.6,0x00000000000f4924
247939.0,3748912,python,[JIT],0x0000ff3d945138f8
247939.0,3748912,python,libsqlite3.so.0.8.6,0x000000000002b2bc
247939.0,3748790,python,[JIT],0x0000f9298edc18a0
247939.0,3748790,python,[JIT],0x0000f9298ee2a00c
247939.0,3748881,python,[kernel.kallsyms],el0_da
247939.0,3748881,python,[JIT],0x0000e411b5d72484
247938.0,3749043,python,[kernel.kallsyms],release_pages
247938.0,3748912,python,python,allocate_from_new_pool
247938.0,3749011,python,[JIT],0x0000f90e72efb470
247938.0,3748817,python,[JIT],0x0000e107bdc825b0
247938.0,3748817,python,[JIT],0x0000e107bdcf944c
247938.0,3748912,python,[JIT],0x0000ff3d9487e228
247938.0,3748912,python,libsqlite3.so.0.8.6,0x00000000000b99e0
247938.0,3748881,python,[JIT],0x0000e411b5f9e068
247938.0,3748881,python,[JIT],0x0000e411b5f9f088
247937.0,3749043,python,[JIT],0x0000fc43ca447018
247937.0,3749043,python,[JIT],0x0000fc43ca44741c
247937.0,3749043,python,[JIT],0x0000fc43cad166d8
247937.0,3749043,python,[JIT],0x0000fc43cadc70fc
247937.0,3749043,python,[JIT],0x0000fc43cadc9444
247937.0,3749043,python,[JIT],0x0000fc43cadc9578
247937.0,3749011,python,[JIT],0x0000f90e72ef8bb8
247937.0,3749011,python,libsqlite3.so.0.8.6,0x00000000000b1854
247937.0,3748817,python,[JIT],0x0000e107bdcbb484
247937.0,3748790,python,[kernel.kallsyms],perf_event_mmap_output
247937.0,3748881,python,python,set_update_dict_lock_held
247937.0,3748881,python,[JIT],0x0000e411b56c9490
247936.0,3748881,python,python,_PyThreadState_Attach
247936.0,3748881,python,python,primary_rule
247936.0,3748881,python,libsqlite3.so.0.8.6,sqlite3_changes64
247936.0,3749043,python,python,copy_values
247936.0,3749043,python,[JIT],0x0000fc43caaf1b3c
247936.0,3749011,python,libsqlite3.so.0.8.6,sqlite3BtreePayloadSize
247936.0,3748912,python,[JIT],0x0000ff3d94514b2c
247936.0,3748912,python,libsqlite3.so.0.8.6,0x00000000000f8c64
247936.0,3748943,python,[JIT],0x0000f513620f7220
247936.0,3748790,python,python,type_is_gc
247936.0,3748790,python,[JIT],0x0000f9298ee27704
247936.0,3748881,python,[JIT],0x0000e411b5d33040
247936.0,3748881,python,[JIT],0x0000e411b6087504
247935.0,3748881,python,python,_PySuper_Lookup
247935.0,3748881,python,python,take_gil
247935.0,3749011,python,python,emit__CHECK_CALL_BOUND_METHOD_EXACT_ARGS_r00
247935.0,3749011,python,[JIT],0x0000f90e73191164
247935.0,3749011,python,python,PyDictProxy_New
247935.0,3748817,python,[JIT],0x0000e107bdcf5c54
247935.0,3748817,python,[JIT],0x0000e107be64c020
247935.0,3748912,python,python,_PyType_LookupRef
247935.0,3748790,python,[JIT],0x0000f9298f7a712c
247934.0,3748881,python,libsqlite3.so.0.8.6,sqlite3BtreeCursorZero
247934.0,3749011,python,libsqlite3.so.0.8.6,sqlite3DbStrNDup
247934.0,3749011,python,[JIT],0x0000f90e72894da0
247934.0,3749011,python,[JIT],0x0000f90e73192238
247934.0,3748912,python,libsqlite3.so.0.8.6,0x00000000000f6ac8
247934.0,3748790,python,python,func_set_doc
247934.0,3748790,python,[JIT],0x0000f9298ee277d4
247933.0,3748881,python,python,clone_combined_dict_keys
247933.0,3749043,python,python,func_descr_get
247933.0,3749043,python,[JIT],0x0000fc43ca446780
247933.0,3749043,python,[JIT],0x0000fc43caaf32dc
247933.0,3749011,python,python,method_vectorcall_O
247933.0,3749011,python,[JIT],0x0000f90e72eef48c
247933.0,3749011,python,python,cell_dealloc
247933.0,3748817,python,[JIT],0x0000e107be31119c
247933.0,3748817,python,libsqlite3.so.0.8.6,0x00000000000a9a84
247933.0,3748943,python,[JIT],0x0000f513629780d8
247933.0,3748881,python,libsqlite3.so.0.8.6,sqlite3BtreeBeginTrans
247932.0,3748881,python,python,_PyThreadState_PushFrame
247932.0,3749043,python,[JIT],0x0000fc43caaf13b8
247932.0,3749043,python,libsqlite3.so.0.8.6,0x00000000000a9b30
247932.0,3749011,python,[JIT],0x0000f90e72865f90
247932.0,3748817,python,libsqlite3.so.0.8.6,sqlite3SafetyCheckOk
247932.0,3748817,python,[JIT],0x0000e107bdc235c8
247932.0,3748817,python,[JIT],0x0000e107bdcf5eb4
247932.0,3748912,python,libsqlite3.so.0.8.6,0x00000000000a9a8c
247932.0,3748943,python,python,weakref___init__
247932.0,3748943,python,[JIT],0x0000f51362a26658
247932.0,3748943,python,libsqlite3.so.0.8.6,0x00000000000b99b0
247932.0,3748790,python,[JIT],0x0000f9298ee9be28
247932.0,3748790,python,[JIT],0x0000f9298f7a7480
247932.0,3748790,python,libsqlite3.so.0.8.6,0x000000000002b234
247932.0,3748881,python,[JIT],0x0000e411b5d38720
247932.0,3748881,python,[JIT],0x0000e411b5fd138c
247932.0,3748881,python,[JIT],0x0000e411b6083200
247932.0,3748881,python,libsqlite3.so.0.8.6,0x0000000000029ac4
247931.0,3749043,python,[JIT],0x0000fc43ca3e29b4
247931.0,3748912,python,libc.so.6,pthread_mutex_unlock@@GLIBC_2.17
247931.0,3749011,python,[JIT],0x0000f90e72ef4130
247931.0,3748817,python,python,dict_init
247931.0,3748912,python,[JIT],0x0000ff3d944ee674
247931.0,3748912,python,[JIT],0x0000ff3d9487c080
247931.0,3748943,python,python,dict___contains__
247931.0,3748790,python,[JIT],0x0000f9298f7a73b4
247931.0,3748790,python,[JIT],0x0000f9298f7a7544
247931.0,3748881,python,[JIT],0x0000e411b6087478
247931.0,3748881,python,libsqlite3.so.0.8.6,0x00000000000a9b34
247931.0,3748943,python,python,method_get
247930.0,3748881,python,python,PyDict_SetItem
247930.0,3748881,python,python,make_dict_from_instance_attributes
247930.0,3749043,python,python,PyObject_Realloc
247930.0,3749043,python,[JIT],0x0000fc43cadc9438
247930.0,3749011,python,python,_PyCompactLong_Add
247930.0,3749011,python,python,_PyObject_GC_NewVar
247930.0,3749011,python,python,term_rule
247930.0,3748817,python,[JIT],0x0000e107bdaf5fe4
247930.0,3748817,python,[JIT],0x0000e107bdc58378
247930.0,3748817,python,[JIT],0x0000e107bdc82680
247930.0,3748817,python,[JIT],0x0000e107bdcbad48
247930.0,3748817,python,[JIT],0x0000e107be57d180
247930.0,3748817,python,[JIT],0x0000e107be57e118
247930.0,3748943,python,[JIT],0x0000f513629791e0
247930.0,3748790,python,python,_PyUnicode_FormatLong
247930.0,3748790,python,[JIT],0x0000f9298f4f506c
247930.0,3748881,python,python,_PyMem_RawFree
247930.0,3748881,python,python,_Py_MakeCoro
247930.0,3748881,python,python,unicode_fromformat_write_str
247930.0,3748943,python,libsqlite3.so.0.8.6,sqlite3VdbeMemSetStr
247929.0,3748881,python,python,PyNumber_Check
247929.0,3749011,python,[JIT],0x0000f90e72894108
247929.0,3749011,python,python,PyMem_Free
247929.0,3749011,python,libsqlite3.so.0.8.6,0x00000000000ae6cc
247929.0,3748817,python,[JIT],0x0000e107be57e1e0
247929.0,3748912,python,python,emit__DEOPT_r10
247929.0,3748943,python,[JIT],0x0000f51362083ec8
247929.0,3748790,python,[JIT],0x0000f9298f4f619c
247929.0,3748790,python,[JIT],0x0000f9298f7a225c
247929.0,3748790,python,[JIT],0x0000f9298f7a4004
247929.0,3748790,python,[JIT],0x0000f9298f7a7428
247928.0,3749043,python,[JIT],0x0000fc43cadc91ac
247928.0,3749011,python,libsqlite3.so.0.8.6,0x000000000002ac90
247928.0,3748817,python,[JIT],0x0000e107bdaf53cc
247928.0,3748817,python,[JIT],0x0000e107bdc21c20
247928.0,3748912,python,[JIT],0x0000ff3d94873db8
247928.0,3748943,python,[JIT],0x0000f51362a2614c
247928.0,3748790,python,[JIT],0x0000f9298ee21bf8
247928.0,3748790,python,[JIT],0x0000f9298ee293f4
247928.0,3748790,python,[JIT],0x0000f9298ee9a1f0
247928.0,3748881,python,[JIT],0x0000e411b6084030
247928.0,3748943,python,python,_PyPegen_expect_token
247927.0,3749043,python,libsqlite3.so.0.8.6,sqlite3PcacheRefCount
247927.0,3749043,python,[JIT],0x0000fc43caaf2fe4
247927.0,3749043,python,libsqlite3.so.0.8.6,0x00000000000f43d0
247927.0,3748912,python,libsqlite3.so.0.8.6,pthread_mutex_unlock@plt
247927.0,3749011,python,[JIT],0x0000f90e728979ec
247927.0,3749011,python,[JIT],0x0000f90e72ef0e14
247927.0,3749011,python,[JIT],0x0000f90e731920dc
247927.0,3749011,python,python,PyObject_ClearWeakRefs
247927.0,3749011,python,libsqlite3.so.0.8.6,0x00000000000af15c
247927.0,3748817,python,libsqlite3.so.0.8.6,sqlite3ParserFinalize
247927.0,3748817,python,[JIT],0x0000e107bdc55d98
247927.0,3748912,python,[JIT],0x0000ff3d93f231cc
247927.0,3748943,python,[JIT],0x0000f513620522e8
247927.0,3748943,python,[JIT],0x0000f513620f8b3c
247927.0,3748943,python,[JIT],0x0000f5136297904c
247927.0,3748790,python,libsqlite3.so.0.8.6,sqlite3PagerExclusiveLock
247927.0,3748790,python,[JIT],0x0000f9298edf6b2c
247926.0,3749043,python,[JIT],0x0000fc43ca449584
247926.0,3748817,python,python,PyEval_RestoreThread
247926.0,3748817,python,python,attrgetter_call_impl
247926.0,3748912,python,[JIT],0x0000ff3d93fb9314
247926.0,3748912,python,[JIT],0x0000ff3d93ff39ec
247926.0,3748912,python,[JIT],0x0000ff3d945140f8
247926.0,3748943,python,[JIT],0x0000f5136271aa00
247926.0,3748790,python,[JIT],0x0000f9298f7a7324
247926.0,3748881,python,python,_PyCompactLong_Subtract
247926.0,3748881,python,[JIT],0x0000e411b5d38ae8
247926.0,3748881,python,libsqlite3.so.0.8.6,0x000000000002f2cc
247925.0,3748912,python,python,_Py_CheckFunctionResult
247925.0,3748912,python,libsqlite3.so.0.8.6,0x00000000000a9b20
247925.0,3749011,python,_sqlite3.cpython-316-aarch64-linux-gnu.so,pysqlite_check_connection
247925.0,3748817,python,[JIT],0x0000e107be3126d4
247925.0,3748912,python,[JIT],0x0000ff3d9487d078
247925.0,3748943,python,libsqlite3.so.0.8.6,sqlite3_get_autocommit
247925.0,3748943,python,[JIT],0x0000f51362058c3c
247925.0,3748790,python,[JIT],0x0000f9298ee9b0a4
247925.0,3748881,python,[JIT],0x0000e411b5d385d4
247924.0,3748881,python,libc.so.6,__memmove_generic
247924.0,3748912,python,libc.so.6,__memcpy_generic
247924.0,3749011,python,_sqlite3.cpython-316-aarch64-linux-gnu.so,PyEval_SaveThread@plt
247924.0,3749011,python,[kernel.kallsyms],handle_mm_fault
247924.0,3749011,python,[JIT],0x0000f90e7319c0a8
247924.0,3749011,python,[JIT],0x0000f90e7319e5ac
247924.0,3748817,python,[JIT],0x0000e107be57e29c
247924.0,3748912,python,[kernel.kallsyms],mas_mab_cp
247924.0,3748912,python,[JIT],0x0000ff3d9487a0ec
247924.0,3748881,python,python,_PyArg_UnpackStack
247924.0,3748881,python,python,getset_set
247924.0,3748881,python,[JIT],0x0000e411b5cf4c88
247924.0,3748881,python,[JIT],0x0000e411b5f9f348
247924.0,3748881,python,libsqlite3.so.0.8.6,0x00000000000b2a0c
247924.0,3748943,python,python,PyErr_ExceptionMatches
247924.0,3748943,python,libsqlite3.so.0.8.6,0x00000000000b951c
247923.0,3748881,python,python,pthread_mutex_lock@plt
247923.0,3749043,python,libsqlite3.so.0.8.6,sqlite3Strlen30
247923.0,3749043,python,[JIT],0x0000fc43ca4bce4c
247923.0,3748912,python,libsqlite3.so.0.8.6,sqlite3PcacheMakeDirty
247923.0,3748912,python,python,tuple_richcompare
247923.0,3749011,python,[JIT],0x0000f90e728f5cb4
247923.0,3749011,python,[JIT],0x0000f90e72f3394c
247923.0,3749011,python,[JIT],0x0000f90e7319e8d8
247923.0,3749011,python,python,PyMem_Calloc
247923.0,3749011,python,python,_Py_CheckFunctionResult
247923.0,3748912,python,[JIT],0x0000ff3d9487b050
247923.0,3748912,python,[JIT],0x0000ff3d9487e180
247923.0,3748943,python,[JIT],0x0000f513620569d0
247923.0,3748943,python,[JIT],0x0000f513620828e0
247923.0,3748790,python,[JIT],0x0000f9298edfc750
247923.0,3748790,python,[JIT],0x0000f9298ee92648
247923.0,3748943,python,libc.so.6,_int_free
247922.0,3748881,python,python,clear_slots
247922.0,3749043,python,[JIT],0x0000fc43cadc709c
247922.0,3749043,python,[JIT],0x0000fc43cadc9364
247922.0,3749011,python,[JIT],0x0000f90e728987f8
247922.0,3749011,python,[JIT],0x0000f90e72efc008
247922.0,3748912,python,[JIT],0x0000ff3d93f58f80
247922.0,3748912,python,libsqlite3.so.0.8.6,0x00000000000a9b2c
247922.0,3748912,python,libsqlite3.so.0.8.6,0x00000000000af15c
247922.0,3748790,python,[JIT],0x0000f9298ee28bec
247921.0,3749011,python,libsqlite3.so.0.8.6,memcpy@plt
247921.0,3749011,python,_sqlite3.cpython-316-aarch64-linux-gnu.so,sqlite3_get_autocommit@plt
247921.0,3749011,python,[JIT],0x0000f90e72eeb0d4
247921.0,3748817,python,[JIT],0x0000e107bdc21ec0
247921.0,3748817,python,[JIT],0x0000e107bdc54c2c
247921.0,3748817,python,[JIT],0x0000e107be31241c
247921.0,3748817,python,libsqlite3.so.0.8.6,0x00000000000f3188
247921.0,3748912,python,libsqlite3.so.0.8.6,sqlite3PagerCommitPhaseTwo
247921.0,3748912,python,libsqlite3.so.0.8.6,sqlite3VdbeCreate
247921.0,3748912,python,[JIT],0x0000ff3d93df3b5c
247921.0,3748790,python,[JIT],0x0000f9298ee257ac
247921.0,3748881,python,python,builtin_callable
247921.0,3748943,python,libsqlite3.so.0.8.6,sqlite3BtreeLeaveAll
247920.0,3748881,python,python,PyTuple_FromArray
247920.0,3748912,python,python,PySequence_Contains
247920.0,3749011,python,[JIT],0x0000f90e7289a484
247920.0,3749011,python,[JIT],0x0000f90e72ef9dec
247920.0,3749011,python,[JIT],0x0000f90e73191030
247920.0,3749011,python,[JIT],0x0000f90e7319e4d4
247920.0,3748817,python,[JIT],0x0000e107bdc261e4
247920.0,3748817,python,[JIT],0x0000e107bdc56dc4
247920.0,3748912,python,[JIT],0x0000ff3d93f594f0
247920.0,3748790,python,[JIT],0x0000f9298ee931b0
247920.0,3748790,python,[JIT],0x0000f9298f4f547c
247920.0,3748790,python,[JIT],0x0000f9298f6f8010
247920.0,3748881,python,python,PyEval_SaveThread
247920.0,3748881,python,python,_PyObject_SetAttributeErrorContext
247919.0,3748881,python,python,PyDict_DelItem
247919.0,3749043,python,python,object_init
247919.0,3749011,python,[JIT],0x0000f90e7283c0e4
247919.0,3749011,python,[JIT],0x0000f90e728fb83c
247919.0,3749011,python,[JIT],0x0000f90e72ef5290
247919.0,3749011,python,[JIT],0x0000f90e72f32000
247919.0,3749011,python,[JIT],0x0000f90e72f38980
247919.0,3749011,python,[JIT],0x0000f90e73193fe8
247919.0,3748817,python,[JIT],0x0000e107bdc54a94
247919.0,3748817,python,[JIT],0x0000e107bdcf9348
247919.0,3748912,python,python,_Py_uop_analyze_and_optimize
247919.0,3748912,python,[JIT],0x0000ff3d93f5538c
247919.0,3748943,python,[JIT],0x0000f51362a260b4
247919.0,3748790,python,[JIT],0x0000f9298ee2a3fc
247919.0,3748790,python,[JIT],0x0000f9298f6f139c
247919.0,3748881,python,python,_PyInterpreterState_Main
247919.0,3748881,python,python,pthread_cond_signal@plt
247919.0,3748881,python,[JIT],0x0000e411b5d0c118
247919.0,3748881,python,[JIT],0x0000e411b6081608
247919.0,3748881,python,[JIT],0x0000e411b6082860
247918.0,3749043,python,libsqlite3.so.0.8.6,0x000000000009f260
247918.0,3749011,python,python,optimize_uops.isra.0
247918.0,3749011,python,[kernel.kallsyms],perf_event_mmap
247918.0,3749011,python,libsqlite3.so.0.8.6,sqlite3VdbeReset
247918.0,3749011,python,python,_PyDict_GetMethodStackRef
247918.0,3749011,python,python,intern_constants
247918.0,3748790,python,libsqlite3.so.0.8.6,sqlite3SafetyCheckOk
247918.0,3748881,python,[kernel.kallsyms],__lruvec_stat_mod_folio
247918.0,3748881,python,[JIT],0x0000e411b5d38604
247918.0,3748943,python,python,PyCell_New
247918.0,3748943,python,python,wrap_init
247917.0,3748881,python,python,_PyObject_Call_Prepend
247917.0,3749043,python,[JIT],0x0000fc43ca4bc74c
247917.0,3749011,python,python,_PyList_AsTupleAndClear
247917.0,3749011,python,libsqlite3.so.0.8.6,sqlite3_bind_text
247917.0,3749011,python,[JIT],0x0000f90e728394e4
247917.0,3748817,python,python,object_init
247917.0,3748817,python,[JIT],0x0000e107bdcf4d54
247917.0,3748817,python,[JIT],0x0000e107bdcfb174
247917.0,3748881,python,[JIT],0x0000e411b5667e94
247917.0,3748881,python,[JIT],0x0000e411b5cf2c8c
247917.0,3748943,python,libsqlite3.so.0.8.6,0x00000000000a0fcc
247916.0,3749011,python,libsqlite3.so.0.8.6,0x00000000000b9708
247916.0,3748817,python,python,PyErr_CheckSignals
247916.0,3748943,python,[JIT],0x0000f51362056788
247916.0,3748790,python,[JIT],0x0000f9298f4fb1fc
247916.0,3748881,python,[JIT],0x0000e411b56c8b18
247916.0,3748881,python,[JIT],0x0000e411b5cf3e68
247916.0,3748881,python,[JIT],0x0000e411b5d34958
247916.0,3748881,python,libsqlite3.so.0.8.6,0x00000000000f320c
247915.0,3748881,python,python,tp_new_wrapper
247915.0,3748881,python,[JIT],0x0000e411b60873b4
247915.0,3748881,python,libsqlite3.so.0.8.6,0x00000000000a1118
247915.0,3749043,python,[JIT],0x0000fc43ca44a58c
247915.0,3748912,python,libc.so.6,_int_free_merge_chunk
247915.0,3749011,python,libsqlite3.so.0.8.6,0x000000000002b23c
247915.0,3748817,python,[JIT],0x0000e107bdcf9988
247915.0,3748817,python,[JIT],0x0000e107be318480
247915.0,3748912,python,[JIT],0x0000ff3d93df53fc
247915.0,3748943,python,[JIT],0x0000f513620f919c
247915.0,3748943,python,[JIT],0x0000f51362712084
247915.0,3748943,python,[JIT],0x0000f51362a26284
247915.0,3748790,python,[JIT],0x0000f9298f6fbe9c
247915.0,3748943,python,python,PyArg_UnpackTuple
247915.0,3748943,python,python,bitwise_or_rule
247915.0,3748943,python,libsqlite3.so.0.8.6,sqlite3VdbeHalt
247914.0,3748881,python,python,member_set
247914.0,3749043,python,[JIT],0x0000fc43caaf9a34
247914.0,3749043,python,libsqlite3.so.0.8.6,0x00000000000b2c30
247914.0,3748912,python,python,PySequence_List
247914.0,3748912,python,libsqlite3.so.0.8.6,sqlite3VdbeJumpHere
247914.0,3749011,python,[JIT],0x0000f90e7319e59c
247914.0,3749011,python,libsqlite3.so.0.8.6,0x000000000009f268
247914.0,3749011,python,libsqlite3.so.0.8.6,0x00000000000a1118
247914.0,3749011,python,libsqlite3.so.0.8.6,0x00000000000eac0c
247914.0,3748817,python,[JIT],0x0000e107bdc2b4a8
247914.0,3748790,python,libsqlite3.so.0.8.6,0x00000000000a0fcc
247914.0,3748881,python,python,PyMapping_Check
247914.0,3748881,python,[JIT],0x0000e411b5fd2464
247913.0,3749043,python,python,tuple_new
247913.0,3749011,python,libsqlite3.so.0.8.6,sqlite3_malloc
247913.0,3749011,python,[JIT],0x0000f90e728633f0
247913.0,3749011,python,[JIT],0x0000f90e7315f004
247913.0,3749011,python,[JIT],0x0000f90e7319d0a8
247913.0,3748817,python,[JIT],0x0000e107bdcba654
247913.0,3748912,python,[JIT],0x0000ff3d94518134
247913.0,3748943,python,python,emit__DEOPT_r00
247913.0,3748943,python,[JIT],0x0000f51362058e60
247913.0,3748790,python,[JIT],0x0000f9298ee98420
247913.0,3748790,python,[JIT],0x0000f9298f7a60f8
247913.0,3748790,python,[JIT],0x0000f9298f7a7158
247913.0,3748790,python,libsqlite3.so.0.8.6,0x00000000000b2af0
247913.0,3748881,python,_sqlite3.cpython-316-aarch64-linux-gnu.so,pysqlite_cursor_execute
247912.0,3749043,python,[JIT],0x0000fc43cadc5044
247912.0,3749043,python,[JIT],0x0000fc43cadc9188
247912.0,3749011,python,libsqlite3.so.0.8.6,0x00000000000ae670
247912.0,3748912,python,[kernel.kallsyms],mas_ascend
247912.0,3748912,python,[JIT],0x0000ff3d93ff3120
247912.0,3748881,python,[JIT],0x0000e411b60860cc
247911.0,3749043,python,python,list_vectorcall
247911.0,3748912,python,[JIT],0x0000ff3d9487e44c
247911.0,3749011,python,libsqlite3.so.0.8.6,sqlite3PcacheRelease
247911.0,3748790,python,[kernel.kallsyms],rcu_nocb_unlock_irqrestore
247911.0,3748790,python,[JIT],0x0000f9298ee26dd4
247911.0,3748881,python,[JIT],0x0000e411b5ceb688
247910.0,3749011,python,[JIT],0x0000f90e72892304
247910.0,3749011,python,libsqlite3.so.0.8.6,0x00000000000eaba0
247910.0,3748817,python,[JIT],0x0000e107be57e658
247910.0,3748943,python,[JIT],0x0000f51361ef5ee4
247910.0,3748790,python,[JIT],0x0000f9298f4edcd0
247910.0,3748881,python,libsqlite3.so.0.8.6,0x00000000000b2c34
247909.0,3748881,python,python,_PyObject_StoreInstanceAttribute
247909.0,3748881,python,python,_PyStaticType_GetState
247909.0,3749043,python,_sqlite3.cpython-316-aarch64-linux-gnu.so,pysqlite_connection_cursor
247909.0,3749043,python,[JIT],0x0000fc43ca3e2350
247909.0,3749043,python,[JIT],0x0000fc43cadc91b0
247909.0,3749011,python,[JIT],0x0000f90e72896250
247909.0,3749011,python,[JIT],0x0000f90e72eef1f8
247909.0,3749011,python,[JIT],0x0000f90e72f383a0
247909.0,3749011,python,libsqlite3.so.0.8.6,0x00000000000eab90
247909.0,3749011,python,[JIT],0x0000f90e7319e5a8
247909.0,3748817,python,[JIT],0x0000e107bdc591a0
247909.0,3748912,python,[JIT],0x0000ff3d94874664
247909.0,3748912,python,[JIT],0x0000ff3d948790b0
247909.0,3748943,python,[JIT],0x0000f51362a22044
247909.0,3748790,python,[JIT],0x0000f9298f6f2000
247909.0,3748881,python,[JIT],0x0000e411b5fdaa94
247908.0,3748881,python,python,dictiter_iternextitem
247908.0,3749043,python,[JIT],0x0000fc43cadc95a4
247908.0,3749043,python,[JIT],0x0000fc43cadf600c
247908.0,3748912,python,python,_PyForIter_VirtualIteratorNext
247908.0,3749011,python,[JIT],0x0000f90e728c4068
247908.0,3749011,python,python,_PyObject_Call_Prepend
247908.0,3748943,python,python,PyMember_SetOne
247908.0,3748943,python,libsqlite3.so.0.8.6,sqlite3CloseSavepoints
247908.0,3748943,python,[JIT],0x0000f51362a251c0
247908.0,3748943,python,libsqlite3.so.0.8.6,0x00000000000b8c9c
247908.0,3748790,python,libsqlite3.so.0.8.6,sqlite3PagerOpenSavepoint
247908.0,3748790,python,[JIT],0x0000f9298ee291dc
247908.0,3748881,python,[kernel.kallsyms],percpu_counter_add_batch
247908.0,3748881,python,libsqlite3.so.0.8.6,sqlite3PagerWalCallback
247907.0,3749043,python,[JIT],0x0000fc43cadc5270
247907.0,3749043,python,[JIT],0x0000fc43cadc933c
247907.0,3749011,python,[JIT],0x0000f90e72eefdf4
247907.0,3749011,python,libsqlite3.so.0.8.6,0x00000000000ad10c
247907.0,3748943,python,[JIT],0x0000f51362a26148
247907.0,3748790,python,[JIT],0x0000f9298f4ef818
247907.0,3748790,python,[JIT],0x0000f9298f7a73f0
247906.0,3748881,python,python,dict_traverse
247906.0,3749043,python,_sqlite3.cpython-316-aarch64-linux-gnu.so,PyType_GetModuleByDef@plt
247906.0,3749043,python,[JIT],0x0000fc43cadc80cc
247906.0,3749011,python,python,get_exception_handler.isra.0
247906.0,3749011,python,[JIT],0x0000f90e72efb418
247906.0,3748912,python,[JIT],0x0000ff3d94512fac
247906.0,3748912,python,[JIT],0x0000ff3d9451b964
247906.0,3748943,python,python,func_get_doc
247906.0,3748943,python,[JIT],0x0000f5136271341c
247906.0,3748790,python,libsqlite3.so.0.8.6,0x000000000011d900
247906.0,3748881,python,[JIT],0x0000e411b6087090
247905.0,3748881,python,libsqlite3.so.0.8.6,sqlite3PagerGetJournalMode
247905.0,3749043,python,[JIT],0x0000fc43cadc73b8
247905.0,3749043,python,[JIT],0x0000fc43cadc9220
247905.0,3748912,python,[kernel.kallsyms],release_pages
247905.0,3749011,python,[JIT],0x0000f90e72eef3d8
247905.0,3749011,python,python,make_dict_from_instance_attributes
247905.0,3748912,python,[JIT],0x0000ff3d9487a89c
247905.0,3748912,python,libsqlite3.so.0.8.6,0x00000000000ae878
247905.0,3748790,python,python,setiter_dealloc
247905.0,3748790,python,[JIT],0x0000f9298f7a2070
247905.0,3748790,python,libsqlite3.so.0.8.6,0x000000000002a230
247905.0,3748881,python,python,_PyDictKeys_StringLookupAndVersion
247905.0,3748881,python,python,_PyUnicode_FastCopyCharacters
247905.0,3748881,python,libsqlite3.so.0.8.6,sqlite3PcacheMakeDirty
247905.0,3748881,python,[JIT],0x0000e411b5fda69c
247905.0,3748943,python,python,_copy_characters.constprop.0.isra.0
247905.0,3748943,python,python,local_getattro
247905.0,3748943,python,libc.so.6,pthread_cond_signal@@GLIBC_2.17
247904.0,3749043,python,[JIT],0x0000fc43ca44a474
247904.0,3749011,python,libsqlite3.so.0.8.6,sqlite3_free
247904.0,3749011,python,[JIT],0x0000f90e7283b9c8
247904.0,3748912,python,[JIT],0x0000ff3d9487d15c
247904.0,3748912,python,libsqlite3.so.0.8.6,0x00000000000b9728
247904.0,3748943,python,[JIT],0x0000f513626ecf90
247904.0,3748881,python,[JIT],0x0000e411b608744c
247904.0,3748943,python,python,PyErr_GetRaisedException
247903.0,3748881,python,python,_PyCallMethodDescriptorFast_StackRef
247903.0,3748881,python,python,dictkeys_decref.part.0.constprop.0
247903.0,3748881,python,[JIT],0x0000e411b608717c
247903.0,3749043,python,_sqlite3.cpython-316-aarch64-linux-gnu.so,sqlite3_bind_parameter_name@plt
247903.0,3749011,python,[JIT],0x0000f90e72ef5854
247903.0,3749011,python,[JIT],0x0000f90e7319e4f8
247903.0,3749011,python,[JIT],0x0000f90e7326c01c
247903.0,3749011,python,libsqlite3.so.0.8.6,0x0000000000021dc8
247903.0,3748817,python,_sqlite3.cpython-316-aarch64-linux-gnu.so,PyEval_RestoreThread@plt
247903.0,3748912,python,[JIT],0x0000ff3d93f2a060
247903.0,3748912,python,[JIT],0x0000ff3d93f5541c
247903.0,3748943,python,[JIT],0x0000f51361e921a4
247903.0,3748881,python,[JIT],0x0000e411b56fae84
247903.0,3748881,python,[JIT],0x0000e411b5d7a790
247903.0,3748943,python,python,PyTuple_New
247903.0,3748943,python,libsqlite3.so.0.8.6,sqlite3ApiExit
247902.0,3749043,python,[JIT],0x0000fc43ca4ba2dc
247902.0,3749011,python,libsqlite3.so.0.8.6,sqlite3MemJournalOpen
247902.0,3749011,python,libsqlite3.so.0.8.6,0x00000000000f8cd4
247902.0,3749011,python,python,PyErr_CheckSignals
247902.0,3748912,python,python,enum_traverse
247902.0,3748943,python,[JIT],0x0000f51362054ddc
247902.0,3748943,python,[JIT],0x0000f513620f6280
247902.0,3748790,python,[JIT],0x0000f9298edc2aa4
247902.0,3748790,python,[JIT],0x0000f9298edc99e4
247902.0,3748790,python,[JIT],0x0000f9298f6bf3b0
247902.0,3748881,python,python,BaseException_new
247902.0,3748881,python,libsqlite3.so.0.8.6,sqlite3PagerFilename
247902.0,3748881,python,[JIT],0x0000e411b6083030
247902.0,3748943,python,python,__aarch64_ldclr8_acq_rel
247902.0,3748943,python,libsqlite3.so.0.8.6,sqlite3FinishCoding
247901.0,3748881,python,python,PyObject_Size
247901.0,3748881,python,python,getset_get
247901.0,3749043,python,[JIT],0x0000fc43ca3e25e8
247901.0,3749011,python,python,PyLong_FromVoidPtr
247901.0,3749011,python,python,binary_op1
247901.0,3749011,python,[JIT],0x0000f90e72839324
247901.0,3749011,python,[JIT],0x0000f90e7319a15c
247901.0,3748817,python,[JIT],0x0000e107bdc2c54c
247901.0,3748912,python,[JIT],0x0000ff3d93f29460
247901.0,3748943,python,[JIT],0x0000f51362a230fc
247901.0,3748943,python,[JIT],0x0000f51362a2559c
247901.0,3748790,python,libsqlite3.so.0.8.6,sqlite3BtreePayloadFetch
247901.0,3748790,python,[JIT],0x0000f9298f4f245c
247901.0,3748790,python,[JIT],0x0000f9298f7a7190
247901.0,3748790,python,libsqlite3.so.0.8.6,0x000000000002f334
247901.0,3748881,python,[JIT],0x0000e411b60852b4
247900.0,3749043,python,python,_copy_characters.constprop.0.isra.0
247900.0,3749043,python,[JIT],0x0000fc43ca4bcc7c
247900.0,3749011,python,[JIT],0x0000f90e72866530
247900.0,3748943,python,libsqlite3.so.0.8.6,0x00000000000a9a74
247900.0,3748943,python,libsqlite3.so.0.8.6,0x00000000000a9b30
247900.0,3748790,python,[JIT],0x0000f9298ee25da0
247900.0,3748790,python,[JIT],0x0000f9298f6f2220
247900.0,3748881,python,python,list_to_tuple
247900.0,3748943,python,[JIT],0x0000f51362a26168
247899.0,3748881,python,python,PyUnicode_Format
247899.0,3749043,python,python,_PyEval_CheckExceptTypeValid
247899.0,3749043,python,python,builtin_iter
247899.0,3749043,python,[JIT],0x0000fc43ca3bb1d4
247899.0,3749043,python,[JIT],0x0000fc43caafa1c4
247899.0,3749011,python,[JIT],0x0000f90e72efbd4c
247899.0,3748817,python,libsqlite3.so.0.8.6,0x0000000000116060
247899.0,3748912,python,[JIT],0x0000ff3d93fbddbc
247899.0,3748943,python,python,make_gen
247899.0,3748881,python,[JIT],0x0000e411b5fd10a8
247899.0,3748943,python,python,new_keys_object
247898.0,3748912,python,libsqlite3.so.0.8.6,sqlite3BtreeLeave
247898.0,3749011,python,[JIT],0x0000f90e728c2028
247898.0,3749011,python,[JIT],0x0000f90e728fb040
247898.0,3748817,python,[JIT],0x0000e107bdc8198c
247898.0,3748817,python,[JIT],0x0000e107bdcf5c7c
247898.0,3748912,python,_sqlite3.cpython-316-aarch64-linux-gnu.so,pysqlite_check_thread
247898.0,3748943,python,[JIT],0x0000f51362053188
247898.0,3748790,python,libsqlite3.so.0.8.6,sqlite3VdbeMemClearAndResize
247898.0,3748790,python,[JIT],0x0000f9298ed6d4ec
247898.0,3748790,python,[JIT],0x0000f9298f7a763c
247898.0,3748943,python,[JIT],0x0000f51362a26260
247897.0,3749043,python,[JIT],0x0000fc43ca445a88
247897.0,3749043,python,libsqlite3.so.0.8.6,0x00000000000ae86c
247897.0,3749011,python,libsqlite3.so.0.8.6,sqlite3VdbeOneByteSerialTypeLen
247897.0,3748817,python,[JIT],0x0000e107bdcf1034
247897.0,3748943,python,[JIT],0x0000f513626ed7b8
247896.0,3749043,python,[JIT],0x0000fc43ca448e78
247896.0,3749011,python,[JIT],0x0000f90e728fb7e0
247896.0,3749011,python,libsqlite3.so.0.8.6,0x00000000000b8c6c
247896.0,3748817,python,python,_PyList_Extend
247896.0,3748912,python,python,lru_cache_call
247896.0,3748912,python,[JIT],0x0000ff3d9487e5f8
247896.0,3748912,python,libsqlite3.so.0.8.6,0x0000000000116080
247896.0,3748943,python,[JIT],0x0000f51362082784
247896.0,3748790,python,[JIT],0x0000f9298edc928c
247896.0,3748790,python,[JIT],0x0000f9298f4f4928
247896.0,3748881,python,[JIT],0x0000e411b5cfcc8c
247896.0,3748881,python,[JIT],0x0000e411b6086298
247895.0,3749043,python,python,_PyList_AppendTakeRefListResize
247895.0,3749043,python,[kernel.kallsyms],__rmqueue_pcplist
247895.0,3749011,python,[JIT],0x0000f90e728646f0
247895.0,3749011,python,libsqlite3.so.0.8.6,0x00000000000a10c8
247895.0,3748817,python,[JIT],0x0000e107bda9ce1c
247895.0,3748817,python,[JIT],0x0000e107bdcf46fc
247895.0,3748817,python,[JIT],0x0000e107be314048
247895.0,3748912,python,[JIT],0x0000ff3d93ffa708
247895.0,3748912,python,[JIT],0x0000ff3d94871000
247895.0,3748790,python,[JIT],0x0000f9298f7a7164
247895.0,3748881,python,python,free@plt
247895.0,3748881,python,[JIT],0x0000e411b5d34c74
247895.0,3748881,python,[JIT],0x0000e411b6087034
247895.0,3748881,python,libsqlite3.so.0.8.6,0x000000000009f24c
247894.0,3748881,python,python,PyDict_New
247894.0,3749043,python,libsqlite3.so.0.8.6,0x000000000002f2d0
247894.0,3749011,python,[JIT],0x0000f90e7319e170
247894.0,3748912,python,[JIT],0x0000ff3d93fbcdcc
247894.0,3748912,python,libsqlite3.so.0.8.6,0x000000000009f240
247894.0,3748943,python,libsqlite3.so.0.8.6,sqlite3PagerOpenSavepoint
247894.0,3748943,python,[JIT],0x0000f513620882c4
247894.0,3748790,python,python,dict_init
247894.0,3748790,python,[JIT],0x0000f9298edf6498
247894.0,3748881,python,[JIT],0x0000e411b5d73030
247893.0,3749043,python,libc.so.6,__sysconf
247893.0,3749043,python,libsqlite3.so.0.8.6,sqlite3PagerExclusiveLock
247893.0,3749011,python,[JIT],0x0000f90e72ef8064
247893.0,3749011,python,python,_Py_NewReference
247893.0,3748817,python,python,enum_dealloc
247893.0,3748912,python,[JIT],0x0000ff3d93ff30f0
247893.0,3748912,python,[JIT],0x0000ff3d93ffab48
247893.0,3748943,python,[kernel.kallsyms],mas_prev_slot
247893.0,3748943,python,python,optimize_pop_top
247893.0,3748943,python,libsqlite3.so.0.8.6,sqlite3DbFreeNN
247893.0,3748943,python,[JIT],0x0000f51362088d60
247893.0,3748790,python,python,_PySet_Contains
247893.0,3748881,python,[JIT],0x0000e411b5d75864
247892.0,3748881,python,python,PyEval_RestoreThread
247892.0,3748881,python,python,tuple_hash
247892.0,3749043,python,[JIT],0x0000fc43ca283220
247892.0,3749043,python,[JIT],0x0000fc43cad1c80c
247892.0,3749043,python,libsqlite3.so.0.8.6,0x00000000000a9b44
247892.0,3749011,python,[JIT],0x0000f90e72efbaa4
247892.0,3749011,python,[JIT],0x0000f90e72efbd6c
247892.0,3749011,python,libsqlite3.so.0.8.6,sqlite3DbMallocRaw
247892.0,3748912,python,libsqlite3.so.0.8.6,sqlite3BeginTransaction
247892.0,3748943,python,[JIT],0x0000f51362a26b3c
247892.0,3748943,python,python,_list_extend
247891.0,3748881,python,python,lookup_method_ex.constprop.0
247891.0,3749043,python,[JIT],0x0000fc43ca3e9bb0
247891.0,3749043,python,[JIT],0x0000fc43ca4bc8f0
247891.0,3748912,python,[JIT],0x0000ff3d93ff9694
247891.0,3748912,python,libsqlite3.so.0.8.6,0x0000000000116034
247891.0,3748790,python,[JIT],0x0000f9298f6be05c
247890.0,3748912,python,python,PyObject_GenericGetAttr
247890.0,3749011,python,[JIT],0x0000f90e7289603c
247890.0,3749011,python,[JIT],0x0000f90e72f33cbc
247890.0,3749011,python,libsqlite3.so.0.8.6,0x000000000009f278
247890.0,3748817,python,[JIT],0x0000e107be3127b8
247890.0,3748912,python,[JIT],0x0000ff3d945141d8
247890.0,3748790,python,[JIT],0x0000f9298edc2abc
247890.0,3748881,python,libsqlite3.so.0.8.6,0x000000000002b320
247890.0,3748943,python,python,disjunction_rule
247889.0,3749043,python,[JIT],0x0000fc43ca416ebc
247889.0,3749043,python,[JIT],0x0000fc43cadc91d4
247889.0,3749011,python,[JIT],0x0000f90e72894c34
247889.0,3748817,python,[JIT],0x0000e107bdc236ec
247889.0,3748943,python,python,member_set
247889.0,3748943,python,[JIT],0x0000f51362055a80
247889.0,3748790,python,[JIT],0x0000f9298edc165c
247889.0,3748790,python,[JIT],0x0000f9298edc98ec
247889.0,3748790,python,[JIT],0x0000f9298ee24ccc
247889.0,3748790,python,[JIT],0x0000f9298ee9af20
247889.0,3748790,python,[JIT],0x0000f9298f4f3f80
247889.0,3748790,python,[JIT],0x0000f9298f6bf0e8
247889.0,3748790,python,[JIT],0x0000f9298f6f2438
247889.0,3748790,python,[JIT],0x0000f9298f7a70a8
247889.0,3748943,python,python,PyObject_RichCompare
247888.0,3748881,python,python,PyErr_GivenExceptionMatches
247888.0,3749043,python,python,enum_dealloc
247888.0,3748912,python,python,weakref_richcompare
247888.0,3749011,python,[JIT],0x0000f90e7283887c
247888.0,3749011,python,[JIT],0x0000f90e728fb7d8
247888.0,3748817,python,[JIT],0x0000e107be57d170
247888.0,3748881,python,[JIT],0x0000e411b5d398ec
247888.0,3748881,python,[JIT],0x0000e411b5fd9538
247888.0,3748943,python,python,PyObject_IsInstance
247887.0,3748881,python,libsqlite3.so.0.8.6,sqlite3VdbeRewind
247887.0,3748881,python,[JIT],0x0000e411b6087528
247887.0,3749043,python,[JIT],0x0000fc43cad13f7c
247887.0,3749011,python,[JIT],0x0000f90e728f6b0c
247887.0,3749011,python,python,memset@plt
247887.0,3748817,python,[JIT],0x0000e107bdaf7ec0
247887.0,3748912,python,python,patch_aarch64_33rx
247887.0,3748912,python,[JIT],0x0000ff3d93f57704
247887.0,3748943,python,_sqlite3.cpython-316-aarch64-linux-gnu.so,cursor_clear
247887.0,3748943,python,libsqlite3.so.0.8.6,sqlite3ParseObjectReset
247887.0,3748943,python,[kernel.kallsyms],strnlen
247887.0,3748943,python,[JIT],0x0000f51362a265a4
247886.0,3749011,python,python,func_descr_get
247886.0,3749011,python,libsqlite3.so.0.8.6,sqlite3VdbeChangeEncoding
247886.0,3748943,python,libsqlite3.so.0.8.6,pthread_mutex_unlock@plt
247886.0,3748790,python,[JIT],0x0000f9298ee27ee4
247886.0,3748790,python,[JIT],0x0000f9298f4fbbe0
247886.0,3748881,python,libsqlite3.so.0.8.6,sqlite3PagerGet
247886.0,3748881,python,[JIT],0x0000e411b60810d8
247886.0,3748881,python,libsqlite3.so.0.8.6,0x0000000000028264
247885.0,3749043,python,[JIT],0x0000fc43cadc46a4
247885.0,3748912,python,python,_PyObject_VectorcallDictTstate
247885.0,3749011,python,[JIT],0x0000f90e72ef0190
247885.0,3749011,python,[JIT],0x0000f90e72f39454
247885.0,3748912,python,[JIT],0x0000ff3d93fb46ac
247885.0,3748943,python,[JIT],0x0000f5136202c5f8
247885.0,3748943,python,[JIT],0x0000f51362a21690
247885.0,3748943,python,[JIT],0x0000f51362a260c8
247885.0,3748790,python,[JIT],0x0000f9298f4f2004
247885.0,3748881,python,[JIT],0x0000e411b569b734
247885.0,3748881,python,[JIT],0x0000e411b56c96c4
247884.0,3748881,python,python,_PyEval_ReleaseLock
247884.0,3748912,python,python,_PyList_FromStackRefStealOnSuccess
247884.0,3748912,python,python,_PyPegen_is_memoized
247884.0,3749011,python,[JIT],0x0000f90e728929f8
247884.0,3748817,python,[JIT],0x0000e107be3111b8
247884.0,3748912,python,libsqlite3.so.0.8.6,sqlite3_bind_parameter_name
247884.0,3748943,python,[JIT],0x0000f51362a22250
247884.0,3748790,python,[JIT],0x0000f9298ee2919c
247884.0,3748790,python,[JIT],0x0000f9298ee2a3ec
247884.0,3748881,python,[JIT],0x0000e411b569b978
247884.0,3748943,python,[kernel.kallsyms],__lruvec_stat_mod_folio
247883.0,3749043,python,python,PyModule_GetState
247883.0,3749011,python,[JIT],0x0000f90e72894ea4
247883.0,3748881,python,[kernel.kallsyms],blk_cgroup_congested
247883.0,3748881,python,python,elf_init_ehframe_gdb.constprop.0
247883.0,3748881,python,[JIT],0x0000e411b56622a4
247882.0,3748881,python,libc.so.6,pthread_mutex_lock@@GLIBC_2.17
247882.0,3749043,python,[JIT],0x0000fc43ca471d6c
247882.0,3749043,python,[JIT],0x0000fc43ca4bcebc
247882.0,3749043,python,libsqlite3.so.0.8.6,0x00000000000f6a70
247882.0,3749011,python,[JIT],0x0000f90e72f34bd4
247882.0,3748817,python,[JIT],0x0000e107be312534
247882.0,3748790,python,libsqlite3.so.0.8.6,sqlite3ErrorClear
247882.0,3748881,python,libsqlite3.so.0.8.6,0x00000000000b8c88
247882.0,3748881,python,libsqlite3.so.0.8.6,0x0000000000115c4c
247882.0,3748943,python,python,_Py_CheckFunctionResult
247881.0,3749043,python,[JIT],0x0000fc43cadc807c
247881.0,3749043,python,libsqlite3.so.0.8.6,0x00000000000b95cc
247881.0,3748817,python,[JIT],0x0000e107bdaf7d0c
247881.0,3748912,python,libsqlite3.so.0.8.6,sqlite3WalCallback
247881.0,3748912,python,[JIT],0x0000ff3d94512384
247881.0,3748943,python,libsqlite3.so.0.8.6,sqlite3VdbeOneByteSerialTypeLen
247881.0,3748943,python,libsqlite3.so.0.8.6,0x00000000000f8540
247881.0,3748881,python,libsqlite3.so.0.8.6,0x00000000000a0ff8
247881.0,3748943,python,[JIT],0x0000f51362a26158
247880.0,3749043,python,python,type_is_gc
247880.0,3748912,python,python,func_dealloc
247880.0,3749011,python,[JIT],0x0000f90e72ef02b0
247880.0,3748912,python,python,_PyErr_CheckSignalsTstate
247880.0,3748912,python,python,unicode_mod
247880.0,3748912,python,[JIT],0x0000ff3d93f2ad78
247880.0,3748912,python,[JIT],0x0000ff3d93fbd54c
247880.0,3748943,python,libsqlite3.so.0.8.6,sqlite3PagerCommitPhaseOne
247880.0,3748943,python,_sqlite3.cpython-316-aarch64-linux-gnu.so,sqlite3_stmt_busy@plt
247880.0,3748943,python,[JIT],0x0000f51362979958
247880.0,3748790,python,python,_PyObject_RealIsInstance
247880.0,3748790,python,python,time_perf_counter
247880.0,3748881,python,[JIT],0x0000e411b60840ac
247880.0,3748943,python,python,_PyDict_GetMethodStackRef
247879.0,3748881,python,python,_ldict
247879.0,3748912,python,python,PyNumber_Remainder
247879.0,3749011,python,[JIT],0x0000f90e72896a60
247879.0,3749011,python,[JIT],0x0000f90e728982d0
247879.0,3749011,python,python,object_new
247879.0,3748943,python,libsqlite3.so.0.8.6,0x0000000000116064
247879.0,3748790,python,[JIT],0x0000f9298f7a31ac
247879.0,3748790,python,[JIT],0x0000f9298f7a5078
247879.0,3748943,python,[kernel.kallsyms],rcu_nocb_unlock_irqrestore
247879.0,3748943,python,libsqlite3.so.0.8.6,0x0000000000021dc0
247878.0,3748881,python,libsqlite3.so.0.8.6,sqlite3MallocSize
247878.0,3749043,python,[JIT],0x0000fc43cadc36f8
247878.0,3748912,python,python,_PyUnicode_InternMortal
247878.0,3748817,python,[JIT],0x0000e107be57a2dc
247878.0,3748912,python,libsqlite3.so.0.8.6,sqlite3VdbeSetChanges
247878.0,3748881,python,[JIT],0x0000e411b5d35bb4
247878.0,3748881,python,libsqlite3.so.0.8.6,0x00000000000f8c64
247877.0,3749043,python,[JIT],0x0000fc43cad11070
247877.0,3748912,python,python,_Py_Specialize_LoadAttr
247877.0,3749011,python,[JIT],0x0000f90e7289584c
247877.0,3749011,python,[JIT],0x0000f90e728997cc
247877.0,3748790,python,_sqlite3.cpython-316-aarch64-linux-gnu.so,PyEval_SaveThread@plt
247877.0,3748790,python,[JIT],0x0000f9298f4f3444
247877.0,3748881,python,libsqlite3.so.0.8.6,0x00000000000f43c8
247877.0,3748943,python,libc.so.6,__GI___pthread_mutex_unlock_usercnt
247877.0,3748943,python,libsqlite3.so.0.8.6,sqlite3DbNNFreeNN
247876.0,3748881,python,libsqlite3.so.0.8.6,sqlite3Malloc
247876.0,3749043,python,[JIT],0x0000fc43cadc91c8
247876.0,3749011,python,python,tupleiter_dealloc
247876.0,3749011,python,[JIT],0x0000f90e72896db0
247876.0,3749011,python,[JIT],0x0000f90e7319e1dc
247876.0,3748943,python,python,_PyFrame_MakeAndSetFrameObject
247876.0,3748943,python,[JIT],0x0000f5136297e9ac
247876.0,3748943,python,[JIT],0x0000f51362a220a0
247876.0,3748881,python,libsqlite3.so.0.8.6,sqlite3TempInMemory
247876.0,3748881,python,[JIT],0x0000e411b60860a8
247875.0,3749043,python,[JIT],0x0000fc43caafbe6c
247875.0,3749043,python,[JIT],0x0000fc43cadc90f8
247875.0,3749011,python,libsqlite3.so.0.8.6,sqlite3VdbeCursorRestore
247875.0,3749011,python,[JIT],0x0000f90e7283b4dc
247875.0,3748817,python,python,_ldict
247875.0,3748912,python,[JIT],0x0000ff3d9487d1b8
247875.0,3748943,python,libsqlite3.so.0.8.6,0x000000000002b198
247875.0,3748790,python,[JIT],0x0000f9298f7a20dc
247875.0,3748790,python,[JIT],0x0000f9298f7a2a34
247875.0,3748881,python,python,pthread_self@plt
247875.0,3748881,python,[JIT],0x0000e411b608733c
247874.0,3748881,python,python,_Py_type_getattro
247874.0,3748881,python,python,_list_extend
247874.0,3748912,python,python,PyTuple_New
247874.0,3749011,python,[JIT],0x0000f90e728955f8
247874.0,3748790,python,[JIT],0x0000f9298f6f20f4
247873.0,3748881,python,python,attrgetter_vectorcall
247873.0,3748881,python,python,visit_reachable
247873.0,3749043,python,[JIT],0x0000fc43ca449a28
247873.0,3749043,python,libsqlite3.so.0.8.6,0x00000000000a78f4
247873.0,3749011,python,[JIT],0x0000f90e7289313c
247873.0,3749011,python,[JIT],0x0000f90e72ef3918
247873.0,3748912,python,[JIT],0x0000ff3d93f243bc
247873.0,3748912,python,[JIT],0x0000ff3d93f58eb0
247873.0,3748790,python,[JIT],0x0000f9298edcd82c
247873.0,3748881,python,python,mappingproxy_contains
247873.0,3748881,python,[JIT],0x0000e411b5cf3370
247872.0,3749043,python,libsqlite3.so.0.8.6,sqlite3PagerGetJournalMode
247872.0,3749011,python,python,pthread_mutex_lock@plt
247872.0,3748912,python,[JIT],0x0000ff3d93ff405c
247872.0,3748943,python,[JIT],0x0000f51362a212c4
247872.0,3748943,python,[JIT],0x0000f51362a26af4
247872.0,3748790,python,[JIT],0x0000f9298f4fca18
247872.0,3748790,python,[JIT],0x0000f9298f7a21d4
247872.0,3748790,python,[JIT],0x0000f9298f7a728c
247872.0,3748881,python,libsqlite3.so.0.8.6,sqlite3ParserInit
247872.0,3748881,python,[JIT],0x0000e411b60874d8
247872.0,3748881,python,libsqlite3.so.0.8.6,0x00000000000a9b30
247872.0,3748943,python,libsqlite3.so.0.8.6,sqlite3RunParser
247871.0,3749043,python,[JIT],0x0000fc43cadc9168
247871.0,3749011,python,python,PyTuple_FromArray
247871.0,3749011,python,[JIT],0x0000f90e728988a8
247871.0,3748912,python,python,strchr@plt
247871.0,3748912,python,[JIT],0x0000ff3d93f26804
247871.0,3748943,python,libsqlite3.so.0.8.6,0x00000000000f3248
247871.0,3748790,python,[JIT],0x0000f9298ee26868
247871.0,3748881,python,libsqlite3.so.0.8.6,memcpy@plt
247871.0,3748881,python,[JIT],0x0000e411b6083060
247871.0,3748881,python,[JIT],0x0000e411b60873b0
247870.0,3749043,python,libsqlite3.so.0.8.6,sqlite3PagerGet
247870.0,3749011,python,python,enum_new_impl
247870.0,3749011,python,[JIT],0x0000f90e728f1548
247870.0,3748943,python,python,list_sort_impl
247870.0,3748790,python,[JIT],0x0000f9298f6f40fc
247870.0,3748790,python,[JIT],0x0000f9298f7a70d0
247870.0,3748881,python,[JIT],0x0000e411b60853b8
247870.0,3748943,python,python,tupleiter_next
247869.0,3749011,python,python,PyLong_FromLongLong
247869.0,3749011,python,[JIT],0x0000f90e72863990
247869.0,3749011,python,[JIT],0x0000f90e728948ec
247869.0,3748912,python,python,clear_weakref_lock_held
247869.0,3748912,python,[JIT],0x0000ff3d93d96c74
247869.0,3748912,python,[JIT],0x0000ff3d93f51ac0
247869.0,3748943,python,[JIT],0x0000f51362a21860
247869.0,3748943,python,[JIT],0x0000f51362a26238
247869.0,3748790,python,[JIT],0x0000f9298edc1a70
247869.0,3748790,python,[JIT],0x0000f9298edc93ec
247869.0,3748790,python,[JIT],0x0000f9298f4ef568
247869.0,3748881,python,python,long_richcompare
247869.0,3748881,python,libsqlite3.so.0.8.6,sqlite3VdbeCloseStatement
247868.0,3749011,python,python,_PyRunRemoteDebugger
247868.0,3749011,python,[JIT],0x0000f90e7283b204
247868.0,3749011,python,[JIT],0x0000f90e72ef3714
247868.0,3749011,python,[JIT],0x0000f90e72f34434
247868.0,3748817,python,_sqlite3.cpython-316-aarch64-linux-gnu.so,cursor_dealloc
247868.0,3748943,python,[JIT],0x0000f513620bf2a8
247868.0,3748943,python,[JIT],0x0000f513626ed534
247868.0,3748943,python,[JIT],0x0000f51362a26518
247868.0,3748790,python,python,_PyUnicode_FindMaxChar
247868.0,3748790,python,[JIT],0x0000f9298edccee8
247868.0,3748881,python,python,set_difference_untracked
247868.0,3748881,python,libsqlite3.so.0.8.6,0x00000000000f8540
247868.0,3748943,python,python,_PyTuple_FromPairSteal
247868.0,3748943,python,python,dict_merge
247867.0,3749043,python,python,PyList_AsTuple
247867.0,3748912,python,python,tuple_iter
247867.0,3749011,python,[JIT],0x0000f90e7289625c
247867.0,3749011,python,[JIT],0x0000f90e728980a0
247867.0,3749011,python,[JIT],0x0000f90e728c18e8
247867.0,3749011,python,[JIT],0x0000f90e7319d210
247867.0,3748817,python,[JIT],0x0000e107bdcba9fc
247867.0,3748912,python,[JIT],0x0000ff3d93f555b8
247867.0,3748912,python,[JIT],0x0000ff3d93ff9990
247867.0,3748943,python,[JIT],0x0000f513620f8458
247867.0,3748790,python,[JIT],0x0000f9298edf65d0
247867.0,3748790,python,[JIT],0x0000f9298f7a72b4
247867.0,3748790,python,libsqlite3.so.0.8.6,0x00000000000f8618
247867.0,3748881,python,python,enum_dealloc
247867.0,3748881,python,libsqlite3.so.0.8.6,sqlite3_bind_parameter_count
247867.0,3748881,python,[JIT],0x0000e411b5d72874
247867.0,3748943,python,python,tuple_subtype_new
247866.0,3749043,python,python,tuple_contains
247866.0,3749043,python,[JIT],0x0000fc43ca4bbd40
247866.0,3749043,python,[JIT],0x0000fc43cad1aad4
247866.0,3749011,python,[JIT],0x0000f90e7319c000
247866.0,3749011,python,python,_Py_type_getattro_stackref
247866.0,3748943,python,python,optimize_uops.isra.0
247866.0,3748943,python,libsqlite3.so.0.8.6,sqlite3PcacheFetchFinish
247866.0,3748943,python,[JIT],0x0000f51362a26228
247866.0,3748790,python,[JIT],0x0000f9298ee2714c
247866.0,3748790,python,[JIT],0x0000f9298ee2a024
247866.0,3748790,python,[JIT],0x0000f9298ee92068
247866.0,3748790,python,[JIT],0x0000f9298f7a71c4
247866.0,3748790,python,[JIT],0x0000f9298f7a75cc
247865.0,3748881,python,python,_PyLong_Format
247865.0,3748881,python,python,method_vectorcall
247865.0,3749043,python,[JIT],0x0000fc43ca3e7dcc
247865.0,3749011,python,[JIT],0x0000f90e7283ade8
247865.0,3748817,python,[JIT],0x0000e107bdaf7840
247865.0,3748912,python,libsqlite3.so.0.8.6,sqlite3PagerPagecount
247865.0,3748912,python,[JIT],0x0000ff3d93f51574
247865.0,3748943,python,python,PyTuple_GetSlice
247865.0,3748943,python,libsqlite3.so.0.8.6,0x00000000000b9aa0
247865.0,3748790,python,python,set_len
247865.0,3748790,python,libsqlite3.so.0.8.6,sqlite3PagerCommitPhaseOne
247865.0,3748790,python,[JIT],0x0000f9298f4edd9c
247865.0,3748943,python,libsqlite3.so.0.8.6,sqlite3VdbeAddOp3
247864.0,3749043,python,libc.so.6,__GI___pthread_self
247864.0,3749043,python,[JIT],0x0000fc43ca3e41d8
247864.0,3749011,python,libsqlite3.so.0.8.6,sqlite3_step
247864.0,3748912,python,libc.so.6,__GI___strchrnul
247864.0,3748912,python,[JIT],0x0000ff3d93df5a0c
247864.0,3748912,python,[JIT],0x0000ff3d93fff000
247864.0,3748790,python,[JIT],0x0000f9298f4f5264
247864.0,3748881,python,python,_PyEval_MonitorRaise
247864.0,3748881,python,python,emit__GUARD_TYPE_VERSION_r22
247864.0,3748881,python,[JIT],0x0000e411b5d78448
247864.0,3748881,python,libsqlite3.so.0.8.6,0x0000000000116004
247864.0,3748943,python,libsqlite3.so.0.8.6,sqlite3BtreeEnter
247863.0,3748881,python,libsqlite3.so.0.8.6,sqlite3RunParser
247863.0,3749043,python,[JIT],0x0000fc43ca447424
247863.0,3749043,python,libsqlite3.so.0.8.6,0x00000000000b0434
247863.0,3749011,python,libc.so.6,__memmove_generic
247863.0,3749011,python,[JIT],0x0000f90e72897704
247863.0,3749011,python,[JIT],0x0000f90e72eef004
247863.0,3748817,python,python,_PyJit_translate_single_bytecode_to_trace
247863.0,3748817,python,[JIT],0x0000e107be3144c4
247863.0,3748943,python,libsqlite3.so.0.8.6,sqlite3BtreeTableMoveto
247863.0,3748790,python,python,_PyEval_StartTheWorld
247863.0,3748881,python,libsqlite3.so.0.8.6,sqlite3PagerExclusiveLock
247862.0,3749043,python,libsqlite3.so.0.8.6,sqlite3BeginTransaction
247862.0,3749011,python,libsqlite3.so.0.8.6,sqlite3_bind_parameter_name
247862.0,3749011,python,[JIT],0x0000f90e728669cc
247862.0,3749011,python,libsqlite3.so.0.8.6,0x00000000000a10cc
247862.0,3748912,python,[JIT],0x0000ff3d93fbc038
247862.0,3748912,python,[JIT],0x0000ff3d9487b12c
247862.0,3748943,python,[JIT],0x0000f513620f1fdc
247862.0,3748943,python,[JIT],0x0000f513620f7498
247862.0,3748943,python,[JIT],0x0000f5136271107c
247862.0,3748943,python,[JIT],0x0000f51362a222b4
247862.0,3748790,python,[JIT],0x0000f9298ee2139c
247862.0,3748881,python,[JIT],0x0000e411b6086004
247862.0,3748943,python,python,set_add_entry_takeref
247861.0,3749043,python,libsqlite3.so.0.8.6,sqlite3DbMallocRaw
247861.0,3749011,python,python,list_traverse
247861.0,3749011,python,[JIT],0x0000f90e72863844
247861.0,3749011,python,[JIT],0x0000f90e72f38244
247861.0,3748943,python,python,_PyEval_MonitorRaise
247861.0,3748943,python,[kernel.kallsyms],__flush_tlb_range
247861.0,3748943,python,[JIT],0x0000f51362a25128
247861.0,3748943,python,[JIT],0x0000f51362a2606c
247861.0,3748790,python,[JIT],0x0000f9298ed91408
247861.0,3748881,python,libsqlite3.so.0.8.6,sqlite3ParserFree
247860.0,3749011,python,libsqlite3.so.0.8.6,sqlite3PagerGetExtra
247860.0,3749011,python,[JIT],0x0000f90e726af16c
247860.0,3749011,python,[JIT],0x0000f90e728382e0
247860.0,3749011,python,[JIT],0x0000f90e72896cbc
247860.0,3749011,python,[JIT],0x0000f90e72eef3c8
247860.0,3749011,python,[JIT],0x0000f90e72ef81c8
247860.0,3749011,python,[JIT],0x0000f90e7319b008
247860.0,3749011,python,[JIT],0x0000f90e7319c078
247860.0,3749011,python,[JIT],0x0000f90e7319e664
247860.0,3748912,python,[JIT],0x0000ff3d93ff96cc
247860.0,3748790,python,python,malloc@plt
247860.0,3748790,python,[JIT],0x0000f9298edc57b8
247860.0,3748790,python,[JIT],0x0000f9298f4f3110
247860.0,3748881,python,libsqlite3.so.0.8.6,sqlite3DbFreeNN
247860.0,3748881,python,libsqlite3.so.0.8.6,0x000000000002b318
247860.0,3748943,python,python,copy_values
247860.0,3748943,python,python,type_call
247859.0,3748881,python,python,deque_len
247859.0,3748881,python,python,meth_dealloc
247859.0,3749043,python,python,_PySuper_LookupDescr
247859.0,3749011,python,[JIT],0x0000f90e73191480
247859.0,3748817,python,[JIT],0x0000e107bdc29464
247859.0,3748912,python,[JIT],0x0000ff3d93d4a3cc
247859.0,3748912,python,[JIT],0x0000ff3d9487a198
247859.0,3748943,python,libsqlite3.so.0.8.6,0x00000000000b0498
247859.0,3748790,python,libsqlite3.so.0.8.6,0x00000000000f6aac
247858.0,3749011,python,[JIT],0x0000f90e72865e04
247858.0,3749011,python,[JIT],0x0000f90e72892128
247858.0,3749011,python,[JIT],0x0000f90e72ef21f8
247858.0,3749011,python,[JIT],0x0000f90e72f33668
247858.0,3748817,python,[JIT],0x0000e107bdc59404
247858.0,3748912,python,_sqlite3.cpython-316-aarch64-linux-gnu.so,PyObject_GC_UnTrack@plt
247858.0,3748912,python,libsqlite3.so.0.8.6,sqlite3BtreeLast
247858.0,3748943,python,_sqlite3.cpython-316-aarch64-linux-gnu.so,_Py_Dealloc@plt
247858.0,3748943,python,[JIT],0x0000f51362a25030
247858.0,3748790,python,[JIT],0x0000f9298f6f2104
247858.0,3748881,python,[JIT],0x0000e411b5d78cf4
247858.0,3748943,python,python,_PyObject_MaterializeManagedDict
247858.0,3748943,python,python,set_iter
247857.0,3749043,python,[JIT],0x0000fc43ca3e106c
247857.0,3748912,python,python,setitem_take2_lock_held
247857.0,3749011,python,python,wrapperdescr_call
247857.0,3749011,python,[JIT],0x0000f90e72899890
247857.0,3748912,python,python,emit__DEOPT_r00
247857.0,3748912,python,[JIT],0x0000ff3d93f23f18
247857.0,3748790,python,python,_PyEval_UnpackIterableStackRef
247857.0,3748790,python,[JIT],0x0000f9298f4f3ff4
247857.0,3748881,python,python,method_get
247857.0,3748943,python,python,slot_tp_init
247856.0,3749043,python,[JIT],0x0000fc43ca41c15c
247856.0,3749011,python,[JIT],0x0000f90e72863b8c
247856.0,3749011,python,[JIT],0x0000f90e7286483c
247856.0,3748817,python,[JIT],0x0000e107bdc5a140
247856.0,3748912,python,[JIT],0x0000ff3d93efd32c
247856.0,3748943,python,[JIT],0x0000f513620f9130
247856.0,3748943,python,[JIT],0x0000f513626ef238
247856.0,3748881,python,[JIT],0x0000e411b5d75840
247855.0,3749043,python,python,long_or
247855.0,3749043,python,[JIT],0x0000fc43ca448c34
247855.0,3748912,python,python,_PyObject_Calloc
247855.0,3749011,python,libsqlite3.so.0.8.6,sqlite3PagerExclusiveLock
247855.0,3749011,python,[JIT],0x0000f90e728946c0
247855.0,3749011,python,[JIT],0x0000f90e72eeffec
247855.0,3748817,python,[JIT],0x0000e107bdbfde00
247855.0,3748912,python,[JIT],0x0000ff3d93d97c1c
247855.0,3748912,python,[JIT],0x0000ff3d945120f8
247855.0,3748943,python,[kernel.kallsyms],mem_cgroup_commit_charge
247855.0,3748943,python,python,method_getattro
247855.0,3748943,python,[JIT],0x0000f513620223bc
247855.0,3748943,python,[JIT],0x0000f513627187a0
247855.0,3748790,python,[JIT],0x0000f9298f7a7034
247855.0,3748881,python,libc.so.6,_int_free_maybe_consolidate.part.0
247855.0,3748881,python,[JIT],0x0000e411b60814a8
247854.0,3748881,python,python,slot_nb_bool
247854.0,3749043,python,libsqlite3.so.0.8.6,0x00000000000eab90
247854.0,3749011,python,python,emit__LOAD_ATTR_INSTANCE_VALUE_r12
247854.0,3749011,python,[JIT],0x0000f90e728968bc
247854.0,3749011,python,[JIT],0x0000f90e7319d1bc
247854.0,3748790,python,[JIT],0x0000f9298ee26dbc
247854.0,3748790,python,[JIT],0x0000f9298ee991cc
247854.0,3748790,python,libsqlite3.so.0.8.6,0x00000000000b8c78
247854.0,3748881,python,_sqlite3.cpython-316-aarch64-linux-gnu.so,PyEval_SaveThread@plt
247854.0,3748943,python,python,list_length
247853.0,3749043,python,[JIT],0x0000fc43ca4463bc
247853.0,3749043,python,[JIT],0x0000fc43caaf2280
247853.0,3749011,python,[JIT],0x0000f90e72839c74
247853.0,3749011,python,[JIT],0x0000f90e72864d90
247853.0,3749011,python,libsqlite3.so.0.8.6,0x000000000002b19c
247853.0,3748943,python,[JIT],0x0000f51362056b68
247853.0,3748790,python,_sqlite3.cpython-316-aarch64-linux-gnu.so,cursor_dealloc
247853.0,3748790,python,[JIT],0x0000f9298f7a207c
247853.0,3748881,python,[JIT],0x0000e411b5fd7054
247852.0,3748881,python,python,listiter_dealloc
247852.0,3748817,python,[JIT],0x0000e107bdc82c80
247852.0,3748912,python,[JIT],0x0000ff3d9487a1d4
247852.0,3748912,python,libsqlite3.so.0.8.6,0x00000000000b04a0
247852.0,3748943,python,python,__errno_location@plt
247852.0,3748881,python,[JIT],0x0000e411b5d74208
247851.0,3748881,python,python,_PyObject_MakeTpCall
247851.0,3749043,python,[JIT],0x0000fc43cacde150
247851.0,3748912,python,libsqlite3.so.0.8.6,free@plt
247851.0,3749011,python,[JIT],0x0000f90e728955c0
247851.0,3749011,python,[JIT],0x0000f90e72f3282c
247851.0,3749011,python,[JIT],0x0000f90e7319e178
247851.0,3748817,python,libsqlite3.so.0.8.6,0x0000000000116004
247851.0,3748912,python,python,delitem_common
247851.0,3748912,python,[JIT],0x0000ff3d9494c01c
247851.0,3748943,python,[JIT],0x0000f51362a26258
247851.0,3748790,python,[JIT],0x0000f9298ed97878
247851.0,3748881,python,libsqlite3.so.0.8.6,sqlite3SafetyCheckOk
247851.0,3748881,python,[JIT],0x0000e411b5fd9440
247851.0,3748943,python,python,PyFunction_NewWithQualName
247851.0,3748943,python,python,bounded_lru_cache_wrapper
247850.0,3749011,python,[JIT],0x0000f90e72ef0df8
247850.0,3749011,python,[JIT],0x0000f90e7319e5dc
247850.0,3749011,python,libsqlite3.so.0.8.6,0x0000000000028d74
247850.0,3748817,python,[JIT],0x0000e107bda975cc
247850.0,3748912,python,[JIT],0x0000ff3d93f2b558
247850.0,3748943,python,_sqlite3.cpython-316-aarch64-linux-gnu.so,pysqlite_cursor_close
247850.0,3748943,python,[JIT],0x0000f513626ed808
247850.0,3748790,python,[JIT],0x0000f9298ed9714c
247850.0,3748790,python,[JIT],0x0000f9298ee29fac
247850.0,3748881,python,[JIT],0x0000e411b5d0b6e0
247850.0,3748881,python,[JIT],0x0000e411b5d3330c
247850.0,3748881,python,[JIT],0x0000e411b60822dc
247850.0,3748881,python,libsqlite3.so.0.8.6,0x00000000000b9560
247850.0,3748943,python,libsqlite3.so.0.8.6,sqlite3MemoryBarrier
247850.0,3748943,python,libsqlite3.so.0.8.6,sqlite3StatusUp
247849.0,3748881,python,python,PyObject_ClearWeakRefs
247849.0,3748881,python,libc.so.6,__errno_location
247849.0,3748881,python,libsqlite3.so.0.8.6,sqlite3VdbeDelete
247849.0,3749043,python,python,_PySet_Contains
247849.0,3749043,python,[JIT],0x0000fc43ca445f44
247849.0,3749043,python,[JIT],0x0000fc43caaf4224
247849.0,3749011,python,libsqlite3.so.0.8.6,sqlite3ParserAlloc
247849.0,3749011,python,[JIT],0x0000f90e72f34770
247849.0,3748912,python,python,_copy_characters.constprop.0.isra.0
247849.0,3748912,python,[JIT],0x0000ff3d93d462dc
247849.0,3748943,python,python,PyObject_VisitManagedDict
247849.0,3748943,python,[JIT],0x0000f513626ece60
247849.0,3748943,python,[JIT],0x0000f51362a26390
247849.0,3748790,python,[JIT],0x0000f9298ee9b40c
247849.0,3748881,python,libc.so.6,__strlen_generic
247848.0,3749011,python,libsqlite3.so.0.8.6,sqlite3VdbeAddOp0
247848.0,3749011,python,[JIT],0x0000f90e72eeb030
247848.0,3749011,python,[JIT],0x0000f90e7319e1b8
247848.0,3748912,python,[JIT],0x0000ff3d9487a090
247848.0,3748912,python,libsqlite3.so.0.8.6,0x000000000002ae1c
247848.0,3748943,python,python,BaseException_new
247848.0,3748943,python,python,_Py_Specialize_Call
247848.0,3748943,python,python,unicode_hash
247848.0,3748943,python,[JIT],0x0000f51362a264a0
247848.0,3748790,python,python,partial_new
247848.0,3748790,python,libsqlite3.so.0.8.6,0x00000000000a9b38
247848.0,3748881,python,libsqlite3.so.0.8.6,sqlite3PcacheCleanAll
247848.0,3748881,python,[JIT],0x0000e411b56c4044
247848.0,3748881,python,[JIT],0x0000e411b56f65b4
247848.0,3748881,python,[JIT],0x0000e411b5d0b5a0
247847.0,3749043,python,python,_ldict
247847.0,3749043,python,[JIT],0x0000fc43cadc8158
247847.0,3748912,python,[JIT],0x0000ff3d93f810c4
247847.0,3748943,python,python,func_set_doc
247847.0,3748943,python,libsqlite3.so.0.8.6,0x00000000000b0434
247847.0,3748943,python,libsqlite3.so.0.8.6,0x00000000000b17a0
247847.0,3748790,python,[kernel.kallsyms],perf_output_begin
247847.0,3748790,python,python,weakref_hash
247847.0,3748790,python,[JIT],0x0000f9298edf6d5c
247847.0,3748881,python,[JIT],0x0000e411b60871d8
247847.0,3748881,python,[JIT],0x0000e411b608750c
247846.0,3748881,python,libc.so.6,_int_free_create_chunk
247846.0,3749011,python,[JIT],0x0000f90e72894710
247846.0,3749011,python,[JIT],0x0000f90e728fa298
247846.0,3749011,python,[JIT],0x0000f90e728fb420
247846.0,3749011,python,[JIT],0x0000f90e7319a160
247846.0,3748912,python,[JIT],0x0000ff3d93f2a108
247846.0,3748912,python,[JIT],0x0000ff3d93fb46b0
247846.0,3748943,python,libsqlite3.so.0.8.6,0x00000000000ad1c0
247846.0,3748943,python,libsqlite3.so.0.8.6,0x00000000000b2790
247846.0,3748790,python,libsqlite3.so.0.8.6,sqlite3_prepare_v2
247846.0,3748881,python,[JIT],0x0000e411b5d34974
247846.0,3748881,python,[JIT],0x0000e411b608707c
247846.0,3748943,python,python,PyThread_get_thread_ident
247846.0,3748943,python,python,tuple_contains
247845.0,3749043,python,libsqlite3.so.0.8.6,sqlite3VarintLen
247845.0,3749043,python,libsqlite3.so.0.8.6,0x0000000000116048
247845.0,3749011,python,[JIT],0x0000f90e7286176c
247845.0,3749011,python,[JIT],0x0000f90e7286be74
247845.0,3749011,python,[JIT],0x0000f90e72895ffc
247845.0,3748817,python,[JIT],0x0000e107bdc59b08
247845.0,3748912,python,[JIT],0x0000ff3d93f2a59c
247845.0,3748912,python,[JIT],0x0000ff3d93fb1438
247845.0,3748943,python,python,builtin_sorted
247845.0,3748943,python,[kernel.kallsyms],mas_next_setup.constprop.0
247845.0,3748943,python,[JIT],0x0000f5136297afc0
247845.0,3748790,python,[JIT],0x0000f9298ee21000
247845.0,3748790,python,[JIT],0x0000f9298f4f4654
247845.0,3748881,python,[kernel.kallsyms],perf_iterate_sb.constprop.0
247844.0,3749043,python,python,PyLong_FromSsize_t
247844.0,3749043,python,[JIT],0x0000fc43ca3e4b6c
247844.0,3749011,python,[JIT],0x0000f90e72863bc8
247844.0,3749011,python,[JIT],0x0000f90e72896100
247844.0,3748943,python,[JIT],0x0000f5136271120c
247844.0,3748943,python,[JIT],0x0000f51362719bfc
247844.0,3748943,python,[JIT],0x0000f51362a23040
247844.0,3748943,python,libsqlite3.so.0.8.6,0x000000000009f240
247844.0,3748790,python,[JIT],0x0000f9298edc9c24
247844.0,3748790,python,[JIT],0x0000f9298f4f53bc
247844.0,3748881,python,python,tuple_subtype_new
247843.0,3748881,python,python,setiter_iternext
247843.0,3749043,python,[JIT],0x0000fc43ca44122c
247843.0,3748912,python,python,_PyMem_RawFree
247843.0,3748912,python,[JIT],0x0000ff3d93d45458
247843.0,3748912,python,[JIT],0x0000ff3d93f82244
247843.0,3748943,python,libsqlite3.so.0.8.6,sqlite3BtreeCloseCursor
247843.0,3748943,python,libsqlite3.so.0.8.6,0x00000000000f4810
247843.0,3748790,python,[JIT],0x0000f9298edcc264
247843.0,3748881,python,[JIT],0x0000e411b5d3205c
247843.0,3748881,python,libsqlite3.so.0.8.6,0x00000000000aefd0
247843.0,3748943,python,python,_Py_VectorCallInstrumentation_StackRefSteal
247842.0,3749043,python,python,enum_new_impl
247842.0,3748817,python,libsqlite3.so.0.8.6,sqlite3MutexAlloc
247842.0,3748912,python,[JIT],0x0000ff3d94512448
247842.0,3748943,python,python,PyList_AsTuple
247842.0,3748943,python,[JIT],0x0000f513620f985c
247842.0,3748943,python,[JIT],0x0000f51362719d44
247842.0,3748790,python,[JIT],0x0000f9298ee26c40
247842.0,3748790,python,[JIT],0x0000f9298ee9b900
247842.0,3748881,python,[JIT],0x0000e411b5cebaac
247842.0,3748881,python,[JIT],0x0000e411b608402c
247842.0,3748881,python,libsqlite3.so.0.8.6,0x000000000002a1bc
247841.0,3748881,python,libsqlite3.so.0.8.6,sqlite3BtreeEnter
247841.0,3749043,python,python,BaseException_new
247841.0,3749043,python,[JIT],0x0000fc43ca416b70
247841.0,3748912,python,libsqlite3.so.0.8.6,sqlite3PcacheMakeDirty
247841.0,3748912,python,[JIT],0x0000ff3d93df65e0
247841.0,3748912,python,[JIT],0x0000ff3d93f2ac58
247841.0,3748912,python,libsqlite3.so.0.8.6,0x00000000000b9a04
247841.0,3748790,python,[JIT],0x0000f9298f6bf328
247841.0,3748943,python,libsqlite3.so.0.8.6,0x00000000000a0f94
247840.0,3748912,python,libsqlite3.so.0.8.6,sqlite3FaultSim
247840.0,3749011,python,libsqlite3.so.0.8.6,sqlite3VdbeChangeP2
247840.0,3749011,python,[JIT],0x0000f90e726a4000
247840.0,3749011,python,[JIT],0x0000f90e7283a040
247840.0,3749011,python,[JIT],0x0000f90e728967e0
247840.0,3749011,python,[JIT],0x0000f90e72ef3bfc
247840.0,3749011,python,[JIT],0x0000f90e72f3400c
247840.0,3749011,python,libsqlite3.so.0.8.6,0x000000000002a204
247840.0,3748817,python,libsqlite3.so.0.8.6,0x0000000000021df8
247840.0,3748912,python,[JIT],0x0000ff3d93f2b7f8
247840.0,3748943,python,python,set_dealloc
247840.0,3748943,python,[JIT],0x0000f51362088548
247840.0,3748943,python,[JIT],0x0000f513620facd0
247840.0,3748943,python,[JIT],0x0000f513627183f4
247840.0,3748943,python,libsqlite3.so.0.8.6,0x000000000002afc0
247839.0,3748881,python,libsqlite3.so.0.8.6,sqlite3BtreeLeave
247839.0,3749043,python,[JIT],0x0000fc43cadc415c
247839.0,3749011,python,[JIT],0x0000f90e7283abc4
247839.0,3749011,python,[JIT],0x0000f90e72eef330
247839.0,3748912,python,[JIT],0x0000ff3d93f58f94
247839.0,3748943,python,python,PyMapping_Check
247839.0,3748943,python,[JIT],0x0000f51362a21468
247839.0,3748943,python,[JIT],0x0000f51362a260a8
247839.0,3748790,python,[JIT],0x0000f9298ee25b80
247839.0,3748790,python,libsqlite3.so.0.8.6,0x00000000000b2a98
247838.0,3749043,python,python,_PyTuple_FromPairSteal
247838.0,3749043,python,libsqlite3.so.0.8.6,sqlite3BtreeLeaveAll
247838.0,3748912,python,libsqlite3.so.0.8.6,0x000000000002a228
247838.0,3749011,python,[JIT],0x0000f90e72efb020
247838.0,3749011,python,libsqlite3.so.0.8.6,0x00000000000f6a3c
247838.0,3748790,python,[JIT],0x0000f9298edc9310
247838.0,3748790,python,[JIT],0x0000f9298f7a7638
247838.0,3748881,python,[JIT],0x0000e411b5cf0288
247838.0,3748881,python,[JIT],0x0000e411b6087254
247837.0,3749043,python,_sqlite3.cpython-316-aarch64-linux-gnu.so,PyList_New@plt
247837.0,3749043,python,libsqlite3.so.0.8.6,0x0000000000116080
247837.0,3748912,python,libsqlite3.so.0.8.6,0x0000000000028ce8
247837.0,3749011,python,python,tuple_subtype_new
247837.0,3749011,python,[JIT],0x0000f90e7283c76c
247837.0,3749011,python,[JIT],0x0000f90e728fbfcc
247837.0,3749011,python,[JIT],0x0000f90e72eefeb4
247837.0,3749011,python,libsqlite3.so.0.8.6,0x00000000000a9b8c
247837.0,3748817,python,[JIT],0x0000e107be31833c
247837.0,3748912,python,[JIT],0x0000ff3d93f2c4b0
247837.0,3748912,python,[JIT],0x0000ff3d93fb122c
247837.0,3748912,python,libsqlite3.so.0.8.6,0x000000000002a240
247837.0,3748943,python,[JIT],0x0000f51362973068
247837.0,3748943,python,libsqlite3.so.0.8.6,0x00000000000f8680
247837.0,3748790,python,[JIT],0x0000f9298edc4bc0
247837.0,3748790,python,[JIT],0x0000f9298ee9ba10
247837.0,3748881,python,python,_PyErr_CreateException
247837.0,3748881,python,python,_PySuper_LookupDescr
247837.0,3748881,python,python,find_first_nonascii
247837.0,3748881,python,[JIT],0x0000e411b5d3b234
247837.0,3748881,python,[JIT],0x0000e411b5d3b914
247836.0,3748912,python,python,PyObject_Realloc
247836.0,3749011,python,libsqlite3.so.0.8.6,0x00000000000b955c
247836.0,3748817,python,libsqlite3.so.0.8.6,0x00000000000f69f0
247836.0,3748912,python,python,set_len
247836.0,3748912,python,libsqlite3.so.0.8.6,sqlite3PagerUnrefPageOne
247836.0,3748912,python,[JIT],0x0000ff3d93f82948
247836.0,3748912,python,[JIT],0x0000ff3d94512068
247836.0,3748912,python,[JIT],0x0000ff3d94514dcc
247836.0,3748943,python,libsqlite3.so.0.8.6,sqlite3BtreeLast
247836.0,3748943,python,[JIT],0x0000f51362088864
247836.0,3748943,python,[JIT],0x0000f513620f8574
247836.0,3748790,python,[JIT],0x0000f9298edc9590
247836.0,3748790,python,[JIT],0x0000f9298edf445c
247835.0,3749011,python,libsqlite3.so.0.8.6,sqlite3PcacheFetchFinish
247835.0,3748817,python,[JIT],0x0000e107bdc2b76c
247835.0,3748817,python,libsqlite3.so.0.8.6,0x00000000000eab90
247835.0,3748912,python,[JIT],0x0000ff3d93d45a08
247835.0,3748943,python,python,PyObject_GC_Track
247835.0,3748943,python,[JIT],0x0000f5136202a2e4
247835.0,3748943,python,[JIT],0x0000f513629782d0
247835.0,3748881,python,[kernel.kallsyms],vma_alloc_folio
247835.0,3748881,python,[JIT],0x0000e411b5f9e000
247835.0,3748881,python,[JIT],0x0000e411b60850c8
247834.0,3749011,python,python,PyUnicode_CompareWithASCIIString
247834.0,3748817,python,libsqlite3.so.0.8.6,0x0000000000028da4
247834.0,3748912,python,[JIT],0x0000ff3d93f55da0
247834.0,3748912,python,[JIT],0x0000ff3d9487a1e4
247834.0,3748943,python,python,list_traverse
247834.0,3748943,python,[JIT],0x0000f513620f4874
247833.0,3749043,python,python,unicode_fromformat_write_str
247833.0,3749043,python,[JIT],0x0000fc43caaf1088
247833.0,3749043,python,libsqlite3.so.0.8.6,0x000000000011d8d4
247833.0,3749011,python,python,long_alloc
247833.0,3749011,python,[JIT],0x0000f90e72899e00
247833.0,3748817,python,[JIT],0x0000e107bdc260c8
247833.0,3748912,python,[JIT],0x0000ff3d93f55bfc
247833.0,3748912,python,[JIT],0x0000ff3d94512764
247833.0,3748943,python,libsqlite3.so.0.8.6,sqlite3PcacheMakeDirty
247833.0,3748943,python,[JIT],0x0000f51362057764
247833.0,3748943,python,[JIT],0x0000f513620f940c
247833.0,3748943,python,[JIT],0x0000f51362a2632c
247833.0,3748881,python,python,_PyDict_InsertSplitValue
247832.0,3749043,python,[JIT],0x0000fc43cadc81c8
247832.0,3749043,python,libsqlite3.so.0.8.6,0x00000000000f8668
247832.0,3749011,python,[JIT],0x0000f90e72892404
247832.0,3748912,python,[kernel.kallsyms],__perf_addr_filters_adjust
247832.0,3748943,python,[JIT],0x0000f5136271a408
247832.0,3748790,python,[JIT],0x0000f9298f6f2628
247832.0,3748881,python,[JIT],0x0000e411b56fab7c
247832.0,3748881,python,libsqlite3.so.0.8.6,0x0000000000028da4
247831.0,3748881,python,python,term_rule
247831.0,3749043,python,libsqlite3.so.0.8.6,sqlite3ParseObjectReset
247831.0,3749011,python,python,PyDict_DelItem
247831.0,3748817,python,[JIT],0x0000e107bdaf5850
247831.0,3748912,python,python,dictitems_iter
247831.0,3748912,python,[JIT],0x0000ff3d93f29300
247831.0,3748912,python,[JIT],0x0000ff3d93f56c98
247831.0,3748912,python,[JIT],0x0000ff3d93fb8030
247831.0,3748912,python,libsqlite3.so.0.8.6,0x0000000000118308
247831.0,3748943,python,[JIT],0x0000f5136297bc14
247831.0,3748790,python,[JIT],0x0000f9298ed6e544
247831.0,3748790,python,[JIT],0x0000f9298ee2739c
247831.0,3748881,python,[JIT],0x0000e411b56fa000
247831.0,3748881,python,[JIT],0x0000e411b5fda5a8
247831.0,3748943,python,python,_PyEvalFramePushAndInit_Ex
247831.0,3748943,python,python,clear_slots
247830.0,3749011,python,[JIT],0x0000f90e72839abc
247830.0,3749011,python,[JIT],0x0000f90e72eefe5c
247830.0,3749011,python,libsqlite3.so.0.8.6,0x00000000000f6ac4
247830.0,3748817,python,[JIT],0x0000e107bda97998
247830.0,3748912,python,[JIT],0x0000ff3d93f23050
247830.0,3748943,python,[JIT],0x0000f51361ffe45c
247830.0,3748943,python,libsqlite3.so.0.8.6,0x000000000002f2bc
247830.0,3748790,python,[kernel.kallsyms],perf_event_mmap
247830.0,3748790,python,[JIT],0x0000f9298ee9a37c
247830.0,3748790,python,[JIT],0x0000f9298f7a1164
247830.0,3748881,python,libsqlite3.so.0.8.6,0x00000000000a9b04
247829.0,3748881,python,python,PySet_New
247829.0,3749043,python,libsqlite3.so.0.8.6,sqlite3_bind_text
247829.0,3749011,python,python,builtin_sorted
247829.0,3749011,python,[JIT],0x0000f90e72864ac4
247829.0,3749011,python,[JIT],0x0000f90e72896330
247829.0,3748817,python,[JIT],0x0000e107bda48930
247829.0,3748912,python,python,_PyDictKeys_StringLookupAndVersion
247829.0,3748912,python,[JIT],0x0000ff3d93f54068
247829.0,3748912,python,[JIT],0x0000ff3d9487a29c
247829.0,3748943,python,python,partial_call
247829.0,3748943,python,python,set_bits.constprop.0
247829.0,3748943,python,[JIT],0x0000f51361ef8da4
247829.0,3748943,python,libsqlite3.so.0.8.6,0x00000000000eae4c
247829.0,3748790,python,[JIT],0x0000f9298edcc1d0
247829.0,3748881,python,libsqlite3.so.0.8.6,0x00000000000299f0
247828.0,3749043,python,python,PyIter_Next
247828.0,3749011,python,[JIT],0x0000f90e72f325fc
247828.0,3748817,python,[JIT],0x0000e107bda487d4
247828.0,3748817,python,[JIT],0x0000e107bdc2c604
247828.0,3748912,python,[JIT],0x0000ff3d944ec0b4
247828.0,3748912,python,libsqlite3.so.0.8.6,0x00000000000eab90
247828.0,3748943,python,libsqlite3.so.0.8.6,sqlite3EndTransaction
247828.0,3748943,python,libsqlite3.so.0.8.6,sqlite3_column_name
247828.0,3748790,python,python,PyNumber_Or
247828.0,3748790,python,[JIT],0x0000f9298edc2990
247828.0,3748790,python,[JIT],0x0000f9298ee26f2c
247828.0,3748790,python,[JIT],0x0000f9298f7a70cc
247828.0,3748943,python,libsqlite3.so.0.8.6,0x00000000000a1120
247827.0,3749043,python,[JIT],0x0000fc43ca3e1dac
247827.0,3749043,python,[JIT],0x0000fc43ca3e6acc
247827.0,3749043,python,[JIT],0x0000fc43cad16b44
247827.0,3749011,python,_sqlite3.cpython-316-aarch64-linux-gnu.so,sqlite3_bind_parameter_count@plt
247827.0,3749011,python,[JIT],0x0000f90e72895314
247827.0,3749011,python,[JIT],0x0000f90e728fa1d4
247827.0,3749011,python,[JIT],0x0000f90e72efadb0
247827.0,3749011,python,libsqlite3.so.0.8.6,0x0000000000021db0
247827.0,3748912,python,[JIT],0x0000ff3d9487b028
247827.0,3748943,python,_sqlite3.cpython-316-aarch64-linux-gnu.so,pysqlite_check_thread
247826.0,3748881,python,libsqlite3.so.0.8.6,sqlite3BeginTransaction
247826.0,3749043,python,[JIT],0x0000fc43ca283030
247826.0,3748912,python,python,find_name_in_mro
247826.0,3748817,python,[JIT],0x0000e107be57c3b8
247826.0,3748790,python,libsqlite3.so.0.8.6,sqlite3BtreeLast
247826.0,3748790,python,[JIT],0x0000f9298ee26590
247826.0,3748881,python,[kernel.kallsyms],memset
247825.0,3748943,python,[JIT],0x0000f5136208da88
247825.0,3748790,python,_sqlite3.cpython-316-aarch64-linux-gnu.so,pysqlite_cursor_execute
247825.0,3748881,python,python,partial_call
247825.0,3748881,python,[JIT],0x0000e411b5d0b184
247825.0,3748943,python,python,PyObject_GC_Track
247824.0,3749043,python,python,unicode_decode_utf8.part.0
247824.0,3749043,python,libsqlite3.so.0.8.6,0x00000000000f8c94
247824.0,3749011,python,python,_PyStack_UnpackDict_FreeNoDecRef
247824.0,3749011,python,[JIT],0x0000f90e72862920
247824.0,3748817,python,python,_PyUnicode_DecodeUTF8Writer
247824.0,3748943,python,python,_Py_IsMainThread
247824.0,3748943,python,[JIT],0x0000f51362084b28
247824.0,3748943,python,[JIT],0x0000f51362a2405c
247824.0,3748790,python,[JIT],0x0000f9298ee51370
247824.0,3748881,python,[JIT],0x0000e411b5691394
247824.0,3748881,python,[JIT],0x0000e411b608720c
247824.0,3748943,python,libsqlite3.so.0.8.6,0x00000000000f69fc
247823.0,3749011,python,[kernel.kallsyms],arch_local_irq_restore
247823.0,3749011,python,[JIT],0x0000f90e72861468
247823.0,3749011,python,[JIT],0x0000f90e728fb334
247823.0,3748912,python,libsqlite3.so.0.8.6,sqlite3TempInMemory
247823.0,3748912,python,[JIT],0x0000ff3d93f57cac
247823.0,3748912,python,[JIT],0x0000ff3d9487e28c
247823.0,3748943,python,[JIT],0x0000f51362a264d8
247823.0,3748943,python,libsqlite3.so.0.8.6,0x00000000000a797c
247823.0,3748943,python,libsqlite3.so.0.8.6,0x00000000000f8614
247823.0,3748790,python,[JIT],0x0000f9298ee9a4d8
247823.0,3748881,python,python,PyObject_Str
247823.0,3748881,python,libsqlite3.so.0.8.6,sqlite3VdbeJumpHere
247822.0,3749011,python,python,set_copy_impl
247822.0,3749011,python,python,type_dict
247822.0,3749011,python,[JIT],0x0000f90e72891000
247822.0,3748943,python,[kernel.kallsyms],do_page_fault
247822.0,3748943,python,[JIT],0x0000f513620f1bc4
247822.0,3748790,python,python,_PyObject_MaterializeManagedDict_LockHeld
247822.0,3748790,python,[JIT],0x0000f9298ee5166c
247822.0,3748881,python,libsqlite3.so.0.8.6,sqlite3_initialize
247821.0,3749011,python,[JIT],0x0000f90e7289e14c
247821.0,3749011,python,[JIT],0x0000f90e73192314
247821.0,3748912,python,libsqlite3.so.0.8.6,sqlite3EndTransaction
247821.0,3748943,python,[JIT],0x0000f51362a2603c
247821.0,3748790,python,[JIT],0x0000f9298ee26b68
247821.0,3748790,python,[JIT],0x0000f9298f6f12a0
247821.0,3748881,python,libsqlite3.so.0.8.6,sqlite3VdbeSetSql
247821.0,3748943,python,[kernel.kallsyms],memset
247820.0,3749043,python,[JIT],0x0000fc43ca416184
247820.0,3749043,python,[JIT],0x0000fc43cadc98ec
247820.0,3749011,python,[JIT],0x0000f90e728fc438
247820.0,3749011,python,[JIT],0x0000f90e72eefe70
247820.0,3749011,python,[JIT],0x0000f90e72ef52d8
247820.0,3748912,python,[JIT],0x0000ff3d93f26dd4
247820.0,3748912,python,[JIT],0x0000ff3d93f2b9c8
247820.0,3748912,python,[JIT],0x0000ff3d948792bc
247820.0,3748943,python,[JIT],0x0000f51362a2513c
247820.0,3748790,python,_sqlite3.cpython-316-aarch64-linux-gnu.so,pysqlite_connection_rollback
247820.0,3748790,python,[JIT],0x0000f9298ee93ee8
247820.0,3748790,python,[JIT],0x0000f9298ee99194
247820.0,3748881,python,[JIT],0x0000e411b5d7a350
247820.0,3748881,python,[JIT],0x0000e411b60860d8
247820.0,3748943,python,python,PyObject_Hash
247819.0,3749011,python,[JIT],0x0000f90e728fa3e4
247819.0,3748817,python,[JIT],0x0000e107bda4de94
247819.0,3748817,python,[JIT],0x0000e107bdc2e8bc
247819.0,3748817,python,[JIT],0x0000e107bdcba624
247819.0,3748912,python,[JIT],0x0000ff3d93f56994
247819.0,3748912,python,[JIT],0x0000ff3d9487a0cc
247819.0,3748790,python,[JIT],0x0000f9298f4f4d98
247819.0,3748790,python,[JIT],0x0000f9298f4fc7c8
247818.0,3749043,python,[JIT],0x0000fc43cadc9428
247818.0,3749011,python,[JIT],0x0000f90e72863854
247818.0,3748912,python,[kernel.kallsyms],mas_wr_store_entry.isra.0
247818.0,3748912,python,[JIT],0x0000ff3d945131d0
247818.0,3748943,python,python,PyUnicode_FromFormatV
247818.0,3748943,python,libsqlite3.so.0.8.6,sqlite3VtabSync
247818.0,3748881,python,[JIT],0x0000e411b5d357fc
247818.0,3748881,python,libsqlite3.so.0.8.6,0x00000000000a9b54
247818.0,3748943,python,python,PyLong_FromSsize_t
247817.0,3749043,python,[JIT],0x0000fc43cadc9178
247817.0,3749043,python,[JIT],0x0000fc43cadc9418
247817.0,3748943,python,python,sys_audit_tstate
247817.0,3748790,python,python,call_special_method
247817.0,3748790,python,[JIT],0x0000f9298edc5738
247817.0,3748881,python,python,_Py_type_getattro
247817.0,3748943,python,python,PySequence_Tuple
247816.0,3749043,python,python,_PyList_Extend
247816.0,3748817,python,[JIT],0x0000e107bdc26614
247816.0,3748912,python,[JIT],0x0000ff3d944eb384
247816.0,3748912,python,[JIT],0x0000ff3d945135f4
247816.0,3748943,python,[JIT],0x0000f513620f17c8
247816.0,3748943,python,[JIT],0x0000f513620ff014
247816.0,3748790,python,[JIT],0x0000f9298ee9b228
247816.0,3748881,python,[JIT],0x0000e411b5d3ab98
247815.0,3749043,python,[JIT],0x0000fc43cadc8164
247815.0,3749011,python,[JIT],0x0000f90e727086c8
247815.0,3749011,python,libsqlite3.so.0.8.6,0x00000000000a9b30
247815.0,3748817,python,python,func_set_doc
247815.0,3748912,python,[JIT],0x0000ff3d93f266e0
247815.0,3748943,python,libsqlite3.so.0.8.6,0x00000000000b05a8
247815.0,3748790,python,libsqlite3.so.0.8.6,sqlite3_bind_text
247815.0,3748790,python,[JIT],0x0000f9298f4fb5b8
247815.0,3748881,python,libsqlite3.so.0.8.6,0x00000000000b29e8
247814.0,3749011,python,python,PyObject_IsInstance
247814.0,3749011,python,python,weakref_dealloc
247814.0,3748912,python,[JIT],0x0000ff3d93f24634
247814.0,3748912,python,[JIT],0x0000ff3d94518be8
247814.0,3748943,python,python,PyObject_GenericGetDict
247814.0,3748943,python,libsqlite3.so.0.8.6,sqlite3VdbeMemSetStr
247814.0,3748943,python,[JIT],0x0000f5136208d124
247814.0,3748943,python,[JIT],0x0000f513626ec4f8
247814.0,3748790,python,[JIT],0x0000f9298edc3a54
247814.0,3748790,python,[JIT],0x0000f9298edf604c
247813.0,3749043,python,python,_PyErr_CheckSignalsTstate
247813.0,3749043,python,python,dictitems_iter
247813.0,3749011,python,python,type_is_gc
247813.0,3749011,python,[JIT],0x0000f90e7286afd4
247813.0,3749011,python,[JIT],0x0000f90e72f32044
247813.0,3749011,python,[JIT],0x0000f90e7319a19c
247813.0,3748817,python,[JIT],0x0000e107bdc24e58
247813.0,3748912,python,[JIT],0x0000ff3d93f5a314
247813.0,3748943,python,python,unicode_fromformat_write_str
247813.0,3748943,python,[JIT],0x0000f51361ef5370
247813.0,3748790,python,[JIT],0x0000f9298edc26a8
247813.0,3748790,python,[JIT],0x0000f9298f7a74b8
247813.0,3748881,python,_sqlite3.cpython-316-aarch64-linux-gnu.so,PyList_New@plt
247813.0,3748881,python,python,PyObject_CallFinalizerFromDealloc
247813.0,3748881,python,[JIT],0x0000e411b5d3c648
247812.0,3749043,python,libc.so.6,__errno_location
247812.0,3749043,python,[JIT],0x0000fc43ca4b2084
247812.0,3749043,python,[JIT],0x0000fc43cadc423c
247812.0,3748912,python,_sqlite3.cpython-316-aarch64-linux-gnu.so,pysqlite_connection_commit
247812.0,3748943,python,[JIT],0x0000f51362029d54
247812.0,3748943,python,[JIT],0x0000f51362084a10
247812.0,3748943,python,[JIT],0x0000f51362a26224
247812.0,3748790,python,python,patch_aarch64_33rx
247812.0,3748790,python,[JIT],0x0000f9298ee990c8
247812.0,3748790,python,libsqlite3.so.0.8.6,0x00000000000f8ca4
247811.0,3749043,python,python,binary_op1
247811.0,3749043,python,[JIT],0x0000fc43cadc917c
247811.0,3749011,python,[JIT],0x0000f90e728fc4a8
247811.0,3749011,python,[JIT],0x0000f90e72f351b0
247811.0,3748817,python,python,_PyType_Lookup
247811.0,3748817,python,[JIT],0x0000e107bda48d50
247811.0,3748912,python,python,_PyErr_Restore
247811.0,3748912,python,libsqlite3.so.0.8.6,sqlite3PagerOpenSavepoint
247811.0,3748912,python,[JIT],0x0000ff3d93fb9490
247811.0,3748943,python,[JIT],0x0000f51362057244
247811.0,3748943,python,[JIT],0x0000f5136297ea0c
247811.0,3748943,python,[JIT],0x0000f51362a26504
247811.0,3748790,python,python,_PyStack_UnpackDict_FreeNoDecRef
247811.0,3748790,python,[JIT],0x0000f9298edcc09c
247811.0,3748790,python,[JIT],0x0000f9298f7a749c
247811.0,3748943,python,python,PySequence_List
247811.0,3748943,python,python,PyUnicode_Format
247811.0,3748943,python,python,tuple_richcompare
247811.0,3748943,python,libsqlite3.so.0.8.6,0x000000000011604c
247810.0,3749043,python,[JIT],0x0000fc43cad1a740
247810.0,3749043,python,[JIT],0x0000fc43cadc80ec
247810.0,3749043,python,libsqlite3.so.0.8.6,0x0000000000021df8
247810.0,3749011,python,[JIT],0x0000f90e72ef07d8
247810.0,3748817,python,libsqlite3.so.0.8.6,sqlite3BtreeLast
247810.0,3748817,python,[JIT],0x0000e107bdc26550
247810.0,3748912,python,[JIT],0x0000ff3d93f5402c
247810.0,3748912,python,[JIT],0x0000ff3d93f54780
247810.0,3748912,python,[JIT],0x0000ff3d93f55a60
247810.0,3748943,python,[JIT],0x0000f51362a24074
247810.0,3748943,python,libsqlite3.so.0.8.6,0x0000000000029a28
247810.0,3748943,python,libsqlite3.so.0.8.6,0x00000000000a9b04
247810.0,3748790,python,[JIT],0x0000f9298edf8c28
247810.0,3748881,python,[JIT],0x0000e411b5d39d34
247810.0,3748943,python,python,clone_combined_dict_keys
247809.0,3749043,python,python,long_to_decimal_string
247809.0,3749011,python,[JIT],0x0000f90e72f3519c
247809.0,3748912,python,[JIT],0x0000ff3d93f24084
247809.0,3748912,python,[JIT],0x0000ff3d93f26dc4
247809.0,3748912,python,[JIT],0x0000ff3d93fb45a8
247809.0,3748912,python,[JIT],0x0000ff3d94512338
247809.0,3748912,python,[JIT],0x0000ff3d945147a0
247809.0,3748943,python,[JIT],0x0000f51362978138
247809.0,3748790,python,[JIT],0x0000f9298edc1138
247809.0,3748790,python,[JIT],0x0000f9298f7a625c
247809.0,3748790,python,libsqlite3.so.0.8.6,0x0000000000028d74
247809.0,3748881,python,[JIT],0x0000e411b56c913c
247809.0,3748943,python,python,set_traverse
247808.0,3749011,python,libsqlite3.so.0.8.6,sqlite3BackupRestart
247808.0,3749011,python,libsqlite3.so.0.8.6,sqlite3MallocZero
247808.0,3749011,python,[JIT],0x0000f90e72708400
247808.0,3749011,python,[JIT],0x0000f90e728977d0
247808.0,3748912,python,python,__errno_location@plt
247808.0,3748943,python,[JIT],0x0000f51362056804
247808.0,3748943,python,[JIT],0x0000f5136297802c
247808.0,3748881,python,libsqlite3.so.0.8.6,0x00000000000a9b08
247807.0,3749043,python,[JIT],0x0000fc43caaf9280
247807.0,3749043,python,libsqlite3.so.0.8.6,0x00000000000a9b8c
247807.0,3749011,python,[JIT],0x0000f90e72838378
247807.0,3749011,python,[JIT],0x0000f90e7286c364
247807.0,3748912,python,[JIT],0x0000ff3d93f54344
247807.0,3748912,python,[JIT],0x0000ff3d93f57d74
247807.0,3748790,python,libsqlite3.so.0.8.6,sqlite3PcacheCleanAll
247807.0,3748881,python,[JIT],0x0000e411b56c4458
247807.0,3748881,python,libsqlite3.so.0.8.6,0x000000000009f260
247806.0,3749043,python,[JIT],0x0000fc43ca445c74
247806.0,3749011,python,libsqlite3.so.0.8.6,sqlite3PcacheTruncate
247806.0,3748912,python,[JIT],0x0000ff3d93f253cc
247806.0,3748912,python,[JIT],0x0000ff3d9487e0e8
247806.0,3748943,python,libsqlite3.so.0.8.6,sqlite3VdbeAddOp0
247806.0,3748790,python,python,PySequence_List
247806.0,3748881,python,libsqlite3.so.0.8.6,0x0000000000028e54
247806.0,3748943,python,python,make_dict_from_instance_attributes
247805.0,3749043,python,python,mappingproxy_getitem
247805.0,3749043,python,[JIT],0x0000fc43cadc1000
247805.0,3749011,python,python,siphash13
247805.0,3748912,python,[JIT],0x0000ff3d93f590a0
247805.0,3748943,python,python,_PyFrame_New_NoTrack
247805.0,3748790,python,[JIT],0x0000f9298ee9b00c
247804.0,3749043,python,[JIT],0x0000fc43caaf9978
247804.0,3749043,python,[JIT],0x0000fc43caafbce0
247804.0,3749011,python,[JIT],0x0000f90e728f68ec
247804.0,3748790,python,[JIT],0x0000f9298ee99498
247804.0,3748881,python,[JIT],0x0000e411b56f30bc
247804.0,3748881,python,[JIT],0x0000e411b60830a8
247803.0,3749043,python,python,_PyUnicode_FormatLong
247803.0,3749043,python,python,dictview_dealloc
247803.0,3749043,python,[JIT],0x0000fc43ca3e9000
247803.0,3749043,python,[JIT],0x0000fc43cad1a870
247803.0,3749043,python,[JIT],0x0000fc43cadc947c
247803.0,3749011,python,python,_PyArg_UnpackStack
247803.0,3748912,python,libsqlite3.so.0.8.6,0x00000000000b970c
247803.0,3748943,python,python,PyObject_IsInstance
247803.0,3748943,python,python,dictitems_iter
247803.0,3748943,python,[JIT],0x0000f51362058f00
247803.0,3748943,python,[JIT],0x0000f513620fa54c
247803.0,3748943,python,[JIT],0x0000f51362a26108
247803.0,3748790,python,[JIT],0x0000f9298edcb5a0
247803.0,3748790,python,[JIT],0x0000f9298ee53c94
247803.0,3748790,python,[JIT],0x0000f9298f7a717c
247803.0,3748943,python,python,PyObject_SetAttr
247802.0,3749043,python,[JIT],0x0000fc43ca449424
247802.0,3749043,python,[JIT],0x0000fc43cadc315c
247802.0,3748943,python,python,_PyUnicodeWriter_WriteASCIIString
247802.0,3748790,python,[JIT],0x0000f9298f7a13a0
247802.0,3748881,python,libsqlite3.so.0.8.6,sqlite3BtreePager
247802.0,3748943,python,libsqlite3.so.0.8.6,memset@plt
247801.0,3749043,python,[JIT],0x0000fc43caaf4d94
247801.0,3748912,python,[JIT],0x0000ff3d93fb3428
247801.0,3748912,python,[JIT],0x0000ff3d9487c06c
247801.0,3748943,python,[JIT],0x0000f513620f62dc
247801.0,3748790,python,[JIT],0x0000f9298edf4ad0
247800.0,3749043,python,python,type_dict
247800.0,3749011,python,[JIT],0x0000f90e72866e70
247800.0,3749011,python,[JIT],0x0000f90e72894cc4
247800.0,3749011,python,libsqlite3.so.0.8.6,0x000000000002ad94
247800.0,3748912,python,[JIT],0x0000ff3d93df5614
247800.0,3748881,python,python,gen_close
247799.0,3749043,python,python,PyDict_Contains
247799.0,3749043,python,[JIT],0x0000fc43ca445448
247799.0,3749043,python,[JIT],0x0000fc43ca4b534c
247799.0,3748912,python,python,PyDict_DelItem
247799.0,3748912,python,[JIT],0x0000ff3d93f58fa4
247799.0,3748943,python,python,dict_items
247799.0,3748943,python,[JIT],0x0000f5136297422c
247799.0,3748881,python,[JIT],0x0000e411b56fa610
247799.0,3748881,python,[JIT],0x0000e411b6087380
247798.0,3749043,python,python,cfunction_vectorcall_NOARGS
247798.0,3749043,python,libsqlite3.so.0.8.6,memcpy@plt
247798.0,3749043,python,[JIT],0x0000fc43cadc9128
247798.0,3749011,python,[JIT],0x0000f90e7289e110
247798.0,3749011,python,libsqlite3.so.0.8.6,0x00000000000a111c
247798.0,3748912,python,[JIT],0x0000ff3d93df5ed8
247798.0,3748912,python,[JIT],0x0000ff3d93f57848
247798.0,3748912,python,[JIT],0x0000ff3d93fbda0c
247798.0,3748943,python,_sqlite3.cpython-316-aarch64-linux-gnu.so,PyList_Append@plt
247798.0,3748943,python,[JIT],0x0000f513627145ac
247798.0,3748943,python,libsqlite3.so.0.8.6,0x00000000000f6a68
247798.0,3748790,python,libc.so.6,_int_free_maybe_consolidate.part.0
247798.0,3748790,python,[JIT],0x0000f9298edf72e4
247798.0,3748790,python,[JIT],0x0000f9298ee2e290
247798.0,3748943,python,python,_PyObject_GenericSetAttrWithDict
247798.0,3748943,python,libsqlite3.so.0.8.6,0x00000000000f6a70
247797.0,3749043,python,[JIT],0x0000fc43ca3ec524
247797.0,3749011,python,python,itertools_chain_from_iterable
247797.0,3749011,python,[JIT],0x0000f90e72838a0c
247797.0,3748912,python,[JIT],0x0000ff3d93f5e120
247797.0,3748912,python,[JIT],0x0000ff3d9451269c
247797.0,3748943,python,python,PyUnicode_New.part.0
247797.0,3748790,python,[JIT],0x0000f9298ee24724
247796.0,3749043,python,[JIT],0x0000fc43ca4bb338
247796.0,3748912,python,libc.so.6,alloc_perturb
247796.0,3748912,python,python,tb_dealloc
247796.0,3748912,python,[JIT],0x0000ff3d9487115c
247796.0,3748943,python,[JIT],0x0000f51362058fa4
247796.0,3748790,python,[JIT],0x0000f9298ee28080
247796.0,3748790,python,[JIT],0x0000f9298f7a2430
247795.0,3749043,python,python,chain_dealloc
247795.0,3749043,python,[JIT],0x0000fc43ca41d8a0
247795.0,3749011,python,libsqlite3.so.0.8.6,0x00000000000a0fc0
247795.0,3748817,python,libsqlite3.so.0.8.6,sqlite3BitvecTestNotNull
247795.0,3748817,python,[JIT],0x0000e107bdbfe6ac
247795.0,3748912,python,[JIT],0x0000ff3d93df7630
247795.0,3748943,python,[JIT],0x0000f5136202cd70
247795.0,3748790,python,[JIT],0x0000f9298edfa8dc
247795.0,3748790,python,[JIT],0x0000f9298ee25df0
247795.0,3748790,python,[JIT],0x0000f9298ee9afa8
247794.0,3749043,python,[JIT],0x0000fc43ca3e1ab4
247794.0,3749043,python,[JIT],0x0000fc43caaf1a5c
247794.0,3749043,python,[JIT],0x0000fc43cad136c4
247794.0,3749043,python,libsqlite3.so.0.8.6,0x00000000001182e4
247794.0,3749011,python,python,AttributeError_dealloc
247794.0,3749011,python,libsqlite3.so.0.8.6,sqlite3BitvecDestroy
247794.0,3748912,python,[JIT],0x0000ff3d9487e000
247794.0,3748912,python,libsqlite3.so.0.8.6,0x000000000002abe4
247794.0,3748943,python,[kernel.kallsyms],mas_walk
247794.0,3748943,python,[JIT],0x0000f5136205463c
247794.0,3748943,python,[JIT],0x0000f5136205573c
247794.0,3748790,python,[JIT],0x0000f9298ec67070
247794.0,3748790,python,[JIT],0x0000f9298edcc11c
247794.0,3748881,python,[JIT],0x0000e411b569106c
247793.0,3749011,python,[kernel.kallsyms],_raw_spin_trylock
247793.0,3748817,python,python,type_is_gc
247793.0,3748912,python,[JIT],0x0000ff3d93fb4730
247793.0,3748943,python,[JIT],0x0000f51362058370
247793.0,3748943,python,[JIT],0x0000f5136271a4c4
247793.0,3748790,python,python,PyObject_IsSubclass
247793.0,3748790,python,libsqlite3.so.0.8.6,sqlite3ParseObjectReset
247793.0,3748790,python,[JIT],0x0000f9298edc4e40
247793.0,3748881,python,[JIT],0x0000e411b56f41a8
247793.0,3748881,python,[JIT],0x0000e411b5d321b4
247793.0,3748943,python,[JIT],0x0000f51362a26128
247792.0,3749011,python,python,dict_pop
247792.0,3749011,python,[JIT],0x0000f90e728636b4
247792.0,3748912,python,[JIT],0x0000ff3d93f54730
247792.0,3748912,python,[JIT],0x0000ff3d93fb32d4
247792.0,3748943,python,libsqlite3.so.0.8.6,sqlite3CommitInternalChanges
247792.0,3748943,python,[JIT],0x0000f51361e9c8e8
247792.0,3748943,python,[JIT],0x0000f5136205225c
247792.0,3748943,python,[JIT],0x0000f5136205a338
247792.0,3748943,python,[JIT],0x0000f51362a2304c
247792.0,3748943,python,[JIT],0x0000f51362a260c4
247792.0,3748943,python,libsqlite3.so.0.8.6,0x000000000009f26c
247792.0,3748790,python,[JIT],0x0000f9298edc4960
247792.0,3748790,python,[JIT],0x0000f9298edfc034
247792.0,3748790,python,[JIT],0x0000f9298f7a70e8
247791.0,3749011,python,python,attrgetter_vectorcall
247791.0,3749011,python,libsqlite3.so.0.8.6,sqlite3PagerGet
247791.0,3749011,python,[JIT],0x0000f90e728f2dc0
247791.0,3748912,python,python,mappingproxy_dealloc
247791.0,3748912,python,libsqlite3.so.0.8.6,sqlite3VListNumToName
247791.0,3748912,python,libsqlite3.so.0.8.6,sqlite3VdbeAddOp2
247791.0,3748912,python,[JIT],0x0000ff3d93f25500
247791.0,3748912,python,libsqlite3.so.0.8.6,0x00000000000eae80
247791.0,3748790,python,libsqlite3.so.0.8.6,sqlite3VdbeCloseStatement
247791.0,3748790,python,[JIT],0x0000f9298edc1b80
247791.0,3748790,python,[JIT],0x0000f9298edc1ef4
247791.0,3748790,python,[JIT],0x0000f9298ee2737c
247790.0,3749043,python,[JIT],0x0000fc43ca4b556c
247790.0,3749011,python,[JIT],0x0000f90e726aca74
247790.0,3749011,python,libsqlite3.so.0.8.6,0x00000000000f6a24
247790.0,3748912,python,[kernel.kallsyms],perf_iterate_ctx
247790.0,3748912,python,[JIT],0x0000ff3d93fbde28
247790.0,3748912,python,libsqlite3.so.0.8.6,0x00000000001160a0
247790.0,3748943,python,python,dict_init
247790.0,3748790,python,[JIT],0x0000f9298edf63b0
247790.0,3748790,python,[JIT],0x0000f9298edf8604
247790.0,3748881,python,[JIT],0x0000e411b5cfb244
247790.0,3748881,python,[JIT],0x0000e411b5d3a0e8
247790.0,3748943,python,python,PyErr_GivenExceptionMatches
247789.0,3749043,python,python,call_special_method
247789.0,3749043,python,[JIT],0x0000fc43ca3eb478
247789.0,3749011,python,[kernel.kallsyms],mas_data_end
247789.0,3748817,python,libsqlite3.so.0.8.6,sqlite3AuthCheck
247789.0,3748817,python,libsqlite3.so.0.8.6,0x00000000000a78f4
247789.0,3748912,python,[JIT],0x0000ff3d93f57c3c
247789.0,3748943,python,libsqlite3.so.0.8.6,sqlite3PagerBegin
247789.0,3748943,python,[JIT],0x0000f51361ef8d48
247789.0,3748943,python,[JIT],0x0000f51362a26574
247789.0,3748881,python,libsqlite3.so.0.8.6,sqlite3VdbeSetChanges
247788.0,3749043,python,python,analyze_descriptor_load.constprop.0
247788.0,3749011,python,[JIT],0x0000f90e7280e694
247788.0,3749011,python,[JIT],0x0000f90e72eef368
247788.0,3748817,python,libsqlite3.so.0.8.6,sqlite3OsFileControl
247788.0,3748790,python,[JIT],0x0000f9298edc2cf4
247788.0,3748790,python,[JIT],0x0000f9298edc93f0
247788.0,3748790,python,[JIT],0x0000f9298f7a7504
247788.0,3748881,python,[JIT],0x0000e411b5d34ff8
247787.0,3749011,python,python,set_or
247787.0,3749011,python,[JIT],0x0000f90e7319a158
247787.0,3748912,python,[JIT],0x0000ff3d945120ec
247787.0,3748943,python,python,tupleiter_dealloc
247787.0,3748943,python,[JIT],0x0000f513627120d0
247787.0,3748790,python,python,_PyErr_Restore
247787.0,3748943,python,python,_PyUnicode_FindMaxChar
247786.0,3749043,python,[JIT],0x0000fc43ca444d9c
247786.0,3749011,python,[JIT],0x0000f90e7289772c
247786.0,3749011,python,[JIT],0x0000f90e72898a44
247786.0,3748912,python,[JIT],0x0000ff3d93f54fdc
247786.0,3748912,python,[JIT],0x0000ff3d93fbdaa0
247786.0,3748912,python,[JIT],0x0000ff3d9487e108
247786.0,3748943,python,python,PyDict_DelItem
247786.0,3748943,python,[JIT],0x0000f5136271a104
247786.0,3748943,python,[JIT],0x0000f51362a26124
247786.0,3748881,python,python,_Py_uop_sym_is_const
247785.0,3748817,python,[JIT],0x0000e107bdc5433c
247785.0,3748912,python,[JIT],0x0000ff3d93f555c4
247785.0,3748943,python,python,_Py_Specialize_Resume
247785.0,3748943,python,python,delitem_common
247785.0,3748943,python,[kernel.kallsyms],schedule
247785.0,3748790,python,[JIT],0x0000f9298f4fabb4
247785.0,3748881,python,[JIT],0x0000e411b5d7a514
247785.0,3748881,python,[JIT],0x0000e411b60b4000
247784.0,3749043,python,libsqlite3.so.0.8.6,sqlite3VtabCommit
247784.0,3749043,python,[JIT],0x0000fc43ca3e2be4
247784.0,3749011,python,[JIT],0x0000f90e7283c72c
247784.0,3749011,python,[JIT],0x0000f90e7283ef28
247784.0,3749011,python,[JIT],0x0000f90e7319e190
247784.0,3748912,python,[JIT],0x0000ff3d93fb9290
247784.0,3748790,python,python,slot_tp_new
247784.0,3748790,python,[JIT],0x0000f9298edf65c8
247783.0,3748881,python,python,float_richcompare
247783.0,3749043,python,[JIT],0x0000fc43ca3e9334
247783.0,3749043,python,[JIT],0x0000fc43ca446820
247783.0,3749011,python,libsqlite3.so.0.8.6,0x0000000000028744
247783.0,3748817,python,[JIT],0x0000e107bdc24998
247783.0,3748817,python,libsqlite3.so.0.8.6,0x00000000000a111c
247783.0,3748912,python,libsqlite3.so.0.8.6,0x00000000000b977c
247783.0,3748790,python,libsqlite3.so.0.8.6,sqlite3BtreeCursorZero
247783.0,3748790,python,[JIT],0x0000f9298ee2715c
247783.0,3748881,python,[JIT],0x0000e411b5ceb1f0
247783.0,3748943,python,python,PyModule_GetState
247782.0,3749043,python,[JIT],0x0000fc43ca44e1ac
247782.0,3749043,python,[JIT],0x0000fc43cadc95a8
247782.0,3748943,python,libsqlite3.so.0.8.6,sqlite3_changes64
247782.0,3748790,python,[JIT],0x0000f9298ed9b1e4
247782.0,3748790,python,[JIT],0x0000f9298edca4a4
247782.0,3748943,python,python,_PyDict_MergeUniq
247781.0,3749043,python,[JIT],0x0000fc43ca3e9a7c
247781.0,3749043,python,[JIT],0x0000fc43ca416de0
247781.0,3749011,python,[kernel.kallsyms],__perf_addr_filters_adjust
247781.0,3749011,python,[kernel.kallsyms],mas_wr_node_store
247781.0,3749011,python,[JIT],0x0000f90e72897864
247781.0,3749011,python,libsqlite3.so.0.8.6,0x0000000000028264
247781.0,3748912,python,[JIT],0x0000ff3d93f58f98
247781.0,3748912,python,[JIT],0x0000ff3d93ff40a8
247781.0,3748912,python,libsqlite3.so.0.8.6,0x000000000002ac14
247781.0,3748943,python,libsqlite3.so.0.8.6,sqlite3VdbeMemTooBig
247781.0,3748790,python,_sqlite3.cpython-316-aarch64-linux-gnu.so,sqlite3_step@plt
247781.0,3748790,python,[JIT],0x0000f9298edc3870
247781.0,3748790,python,libsqlite3.so.0.8.6,0x000000000009f26c
247781.0,3748881,python,[JIT],0x0000e411b56fc858
247780.0,3749043,python,[JIT],0x0000fc43ca4494c0
247780.0,3749011,python,[JIT],0x0000f90e72ef04f4
247780.0,3748817,python,[JIT],0x0000e107bdc580c0
247780.0,3748912,python,[JIT],0x0000ff3d94512434
247780.0,3748912,python,[JIT],0x0000ff3d945183b0
247780.0,3748943,python,[JIT],0x0000f513620835d0
247780.0,3748943,python,[JIT],0x0000f5136208ec94
247780.0,3748943,python,[JIT],0x0000f513620f60a8
247780.0,3748943,python,libsqlite3.so.0.8.6,0x0000000000020f9c
247780.0,3748881,python,python,tuple_new
247780.0,3748881,python,[JIT],0x0000e411b5cefe98
247780.0,3748943,python,python,PyUnicode_RichCompare
247779.0,3748943,python,python,_PyObject_GenericSetAttrWithDict
247779.0,3748943,python,libsqlite3.so.0.8.6,sqlite3StatusHighwater
247779.0,3748943,python,[JIT],0x0000f51362021094
247779.0,3748943,python,[JIT],0x0000f5136205420c
247779.0,3748943,python,[JIT],0x0000f51362a230b0
247779.0,3748790,python,[JIT],0x0000f9298f4fab74
247779.0,3748881,python,python,_PyUnicodeWriter_Finish
247779.0,3748881,python,[JIT],0x0000e411b608721c
247779.0,3748943,python,libsqlite3.so.0.8.6,sqlite3MallocSize
247778.0,3749043,python,[JIT],0x0000fc43cadf6000
247778.0,3749043,python,libsqlite3.so.0.8.6,0x0000000000115f98
247778.0,3749011,python,[JIT],0x0000f90e72eef200
247778.0,3749011,python,[JIT],0x0000f90e7319120c
247778.0,3749011,python,[JIT],0x0000f90e7319a4c0
247778.0,3748817,python,[JIT],0x0000e107bda9b49c
247778.0,3748817,python,libsqlite3.so.0.8.6,0x000000000002ac7c
247778.0,3748912,python,[JIT],0x0000ff3d93f580b0
247778.0,3748943,python,python,_Py_Specialize_ContainsOp
247778.0,3748943,python,python,_copy_characters.constprop.0.isra.0
247778.0,3748790,python,python,enum_vectorcall
247778.0,3748790,python,[JIT],0x0000f9298ed9b9c0
247778.0,3748790,python,[JIT],0x0000f9298edcb77c
247778.0,3748881,python,[JIT],0x0000e411b5d79e34
247777.0,3749043,python,[JIT],0x0000fc43ca416d4c
247777.0,3749043,python,[JIT],0x0000fc43cadc815c
247777.0,3749011,python,[JIT],0x0000f90e72ef0e24
247777.0,3748912,python,[JIT],0x0000ff3d93f81518
247777.0,3748943,python,[JIT],0x0000f5136202273c
247777.0,3748790,python,libsqlite3.so.0.8.6,sqlite3VdbeChangeP2
247777.0,3748790,python,[JIT],0x0000f9298ee279cc
247777.0,3748881,python,[JIT],0x0000e411b5d33144
247776.0,3749011,python,libc.so.6,_int_free_maybe_consolidate.part.0
247776.0,3748943,python,[JIT],0x0000f51362715670
247776.0,3748943,python,[JIT],0x0000f51362a26240
247776.0,3748790,python,[JIT],0x0000f9298edfa84c
247776.0,3748790,python,[JIT],0x0000f9298ee93cb4
247776.0,3748943,python,python,ascii_decode
247775.0,3749043,python,python,builtin_sorted
247775.0,3749043,python,[JIT],0x0000fc43ca3b877c
247775.0,3749011,python,python,slot_tp_new
247775.0,3749011,python,[JIT],0x0000f90e7319102c
247775.0,3748817,python,[JIT],0x0000e107bdaf8a44
247775.0,3748912,python,python,PyDictProxy_New
247775.0,3748912,python,[kernel.kallsyms],__rcu_read_unlock
247775.0,3748943,python,[JIT],0x0000f5136297a290
247775.0,3748790,python,[JIT],0x0000f9298ee9204c
247775.0,3748790,python,[JIT],0x0000f9298ee9a0e0
247775.0,3748943,python,[JIT],0x0000f51362a26160
247774.0,3749043,python,_sqlite3.cpython-316-aarch64-linux-gnu.so,PyEval_RestoreThread@plt
247774.0,3749043,python,[JIT],0x0000fc43cad1304c
247774.0,3749011,python,[JIT],0x0000f90e7283c958
247774.0,3749011,python,[JIT],0x0000f90e72866744
247774.0,3749011,python,[JIT],0x0000f90e72eef1f4
247774.0,3748912,python,[JIT],0x0000ff3d93d4dca8
247774.0,3748912,python,[JIT],0x0000ff3d93fb3bbc
247774.0,3748943,python,[JIT],0x0000f513620813ec
247774.0,3748943,python,python,store_instance_attr_lock_held
247774.0,3748943,python,libsqlite3.so.0.8.6,0x00000000000f439c
247773.0,3749043,python,python,long_alloc
247773.0,3749043,python,[JIT],0x0000fc43caaee838
247773.0,3748943,python,python,_PyType_Lookup
247773.0,3748943,python,[JIT],0x0000f51362a26378
247773.0,3748943,python,libsqlite3.so.0.8.6,0x00000000000a9b28
247772.0,3749043,python,[JIT],0x0000fc43ca3e3ec4
247772.0,3749043,python,[JIT],0x0000fc43ca447700
247772.0,3749011,python,[JIT],0x0000f90e72892000
247772.0,3748912,python,[JIT],0x0000ff3d9487a038
247772.0,3748943,python,python,_Py_GetConfig
247772.0,3748943,python,libsqlite3.so.0.8.6,sqlite3PcacheCleanAll
247772.0,3748790,python,[JIT],0x0000f9298f7a62b8
247772.0,3748943,python,python,lookup_method_ex.constprop.0
247771.0,3749011,python,libsqlite3.so.0.8.6,sqlite3BitvecSet
247771.0,3749011,python,[JIT],0x0000f90e728fc184
247771.0,3748912,python,python,_PyInterpreterState_Main
247771.0,3748943,python,python,_PyEval_StartTheWorld
247771.0,3748943,python,python,siphash13
247771.0,3748790,python,[JIT],0x0000f9298edc1094
247771.0,3748790,python,[JIT],0x0000f9298edcb0b8
247771.0,3748790,python,[JIT],0x0000f9298ee296b8
247771.0,3748881,python,python,member_set
247770.0,3749043,python,python,PyDict_DelItem
247770.0,3749043,python,[JIT],0x0000fc43ca3ec0b0
247770.0,3749043,python,[JIT],0x0000fc43caafb4c4
247770.0,3749011,python,libc.so.6,__strlen_generic
247770.0,3749011,python,[JIT],0x0000f90e72863850
247770.0,3749011,python,[JIT],0x0000f90e7286ae24
247770.0,3748817,python,libsqlite3.so.0.8.6,0x000000000011d8d8
247770.0,3748912,python,[JIT],0x0000ff3d93f23c58
247770.0,3748943,python,[JIT],0x0000f5136202ae98
247770.0,3748943,python,[JIT],0x0000f51362083a10
247770.0,3748881,python,[JIT],0x0000e411b5d35a98
247769.0,3748912,python,libsqlite3.so.0.8.6,0x00000000000b17a0
247769.0,3748943,python,[JIT],0x0000f513626edaa0
247769.0,3748943,python,libsqlite3.so.0.8.6,0x00000000000b98dc
247769.0,3748790,python,_sqlite3.cpython-316-aarch64-linux-gnu.so,PyList_New@plt
247769.0,3748790,python,[JIT],0x0000f9298edf7788
247769.0,3748790,python,[JIT],0x0000f9298ee281e4
247769.0,3748790,python,[JIT],0x0000f9298f4fb430
247768.0,3749043,python,[JIT],0x0000fc43cad1c1bc
247768.0,3749011,python,[JIT],0x0000f90e7286c920
247768.0,3749011,python,[JIT],0x0000f90e728c1450
247768.0,3748912,python,[JIT],0x0000ff3d94879090
247768.0,3748912,python,[JIT],0x0000ff3d94879128
247768.0,3748943,python,python,PyType_GetFlags
247768.0,3748943,python,[JIT],0x0000f513626ec48c
247768.0,3748943,python,[JIT],0x0000f5136271acc0
247768.0,3748790,python,[JIT],0x0000f9298edf8688
247768.0,3748790,python,[JIT],0x0000f9298ee9ab70
247767.0,3749011,python,[JIT],0x0000f90e72eefb6c
247767.0,3748817,python,[JIT],0x0000e107bdaf6fb0
247767.0,3748943,python,[JIT],0x0000f513620841ec
247767.0,3748943,python,[JIT],0x0000f513620f61c4
247767.0,3748943,python,[JIT],0x0000f513626ef0f8
247767.0,3748943,python,[JIT],0x0000f51362a26008
247767.0,3748790,python,python,_PyErr_CreateException
247767.0,3748790,python,[JIT],0x0000f9298f4faebc
247767.0,3748790,python,[JIT],0x0000f9298f7a62d8
247767.0,3748790,python,libsqlite3.so.0.8.6,0x00000000000a9b2c
247767.0,3748881,python,[JIT],0x0000e411b56f2000
247767.0,3748881,python,[JIT],0x0000e411b56f212c
247767.0,3748881,python,[JIT],0x0000e411b5fd223c
247767.0,3748881,python,libsqlite3.so.0.8.6,0x00000000000af238
247766.0,3749043,python,[JIT],0x0000fc43cadc932c
247766.0,3749011,python,libsqlite3.so.0.8.6,0x00000000000ad1c0
247766.0,3748912,python,python,func_get_doc
247766.0,3748943,python,libsqlite3.so.0.8.6,sqlite3PagerGetJournalMode
247766.0,3748943,python,[JIT],0x0000f5136202baf4
247766.0,3748881,python,[JIT],0x0000e411b5fda880
247765.0,3748912,python,libsqlite3.so.0.8.6,0x00000000000eae40
247765.0,3748943,python,[JIT],0x0000f513620823bc
247765.0,3748943,python,[JIT],0x0000f51362088804
247765.0,3748943,python,[JIT],0x0000f513620fad84
247765.0,3748943,python,[JIT],0x0000f51362978614
247765.0,3748943,python,libsqlite3.so.0.8.6,0x00000000000b2a24
247765.0,3748790,python,libsqlite3.so.0.8.6,sqlite3VdbeCreate
247764.0,3749011,python,[JIT],0x0000f90e7319d0d8
247764.0,3748817,python,libsqlite3.so.0.8.6,sqlite3BtreeCursorHintFlags
247764.0,3748912,python,libsqlite3.so.0.8.6,sqlite3_malloc
247764.0,3748912,python,[JIT],0x0000ff3d93f2b2e4
247764.0,3748912,python,[JIT],0x0000ff3d93f59b78
247764.0,3748912,python,[JIT],0x0000ff3d93fb93a8
247764.0,3748943,python,python,AttributeError_dealloc
247764.0,3748790,python,[JIT],0x0000f9298edcc4fc
247764.0,3748881,python,[JIT],0x0000e411b60873bc
247763.0,3749011,python,libsqlite3.so.0.8.6,0x00000000000b04a0
247763.0,3748817,python,[JIT],0x0000e107bda9a168
247763.0,3748912,python,python,weakref_dealloc
247763.0,3748912,python,[JIT],0x0000ff3d93f2a508
247763.0,3748912,python,libsqlite3.so.0.8.6,0x00000000000b18a0
247763.0,3748943,python,[JIT],0x0000f513620246bc
247763.0,3748943,python,[JIT],0x0000f513620f7250
247763.0,3748943,python,[JIT],0x0000f513620fb6a0
247763.0,3748943,python,[JIT],0x0000f51362978030
247763.0,3748790,python,[kernel.kallsyms],el0_da
247763.0,3748790,python,[JIT],0x0000f9298ee51044
247763.0,3748881,python,libsqlite3.so.0.8.6,sqlite3AuthCheck
247763.0,3748881,python,[JIT],0x0000e411b56cc7bc
247763.0,3748881,python,[JIT],0x0000e411b5d73704
247763.0,3748881,python,[JIT],0x0000e411b608320c
247763.0,3748881,python,libsqlite3.so.0.8.6,0x0000000000115bb0
247762.0,3749043,python,libsqlite3.so.0.8.6,sqlite3CloseSavepoints
247762.0,3749011,python,[JIT],0x0000f90e7283c8b4
247762.0,3749011,python,[JIT],0x0000f90e7319d06c
247762.0,3748912,python,[JIT],0x0000ff3d93f2c2c4
247762.0,3748912,python,[JIT],0x0000ff3d93f55324
247762.0,3748943,python,libsqlite3.so.0.8.6,sqlite3MallocSize
247762.0,3748943,python,[JIT],0x0000f51362021eac
247762.0,3748790,python,[JIT],0x0000f9298f4fafa8
247762.0,3748881,python,[JIT],0x0000e411b56cbdb8
247761.0,3749011,python,[JIT],0x0000f90e728f2978
247761.0,3749011,python,[JIT],0x0000f90e72eeb4dc
247761.0,3748912,python,libsqlite3.so.0.8.6,sqlite3_last_insert_rowid
247761.0,3748790,python,[JIT],0x0000f9298ec69048
247761.0,3748790,python,[JIT],0x0000f9298ee935f8
247761.0,3748790,python,[JIT],0x0000f9298ee9a004
247761.0,3748790,python,[JIT],0x0000f9298f4fcea4
247761.0,3748790,python,libsqlite3.so.0.8.6,0x00000000000ae880
247761.0,3748881,python,python,PyMember_GetOne
247761.0,3748881,python,[JIT],0x0000e411b5cf4478
247761.0,3748881,python,[JIT],0x0000e411b5d78ab8
247760.0,3749043,python,[JIT],0x0000fc43caaf4b90
247760.0,3749011,python,[JIT],0x0000f90e72ef0808
247760.0,3749011,python,libsqlite3.so.0.8.6,0x00000000000eac5c
247760.0,3748817,python,libsqlite3.so.0.8.6,free@plt
247760.0,3748912,python,[JIT],0x0000ff3d93d980f0
247760.0,3748912,python,[JIT],0x0000ff3d93df831c
247760.0,3748943,python,[JIT],0x0000f51362024638
247760.0,3748881,python,[JIT],0x0000e411b5f9f3e8
247760.0,3748881,python,[JIT],0x0000e411b608751c
247760.0,3748881,python,[JIT],0x0000e411b60875e8
247759.0,3749043,python,[JIT],0x0000fc43ca4bc950
247759.0,3749011,python,[JIT],0x0000f90e7289a148
247759.0,3748817,python,[JIT],0x0000e107bdcf49bc
247759.0,3748912,python,libsqlite3.so.0.8.6,0x00000000000b97a4
247759.0,3748943,python,[JIT],0x0000f51362023984
247759.0,3748943,python,[JIT],0x0000f51362a21160
247759.0,3748943,python,[JIT],0x0000f51362a265f4
247759.0,3748790,python,[JIT],0x0000f9298edc4d44
247759.0,3748790,python,[JIT],0x0000f9298ee279ec
247759.0,3748790,python,[JIT],0x0000f9298ee9439c
247759.0,3748790,python,libsqlite3.so.0.8.6,0x000000000002ac14
247759.0,3748881,python,[JIT],0x0000e411b56fa068
247758.0,3749043,python,libsqlite3.so.0.8.6,0x0000000000029a08
247758.0,3749043,python,libsqlite3.so.0.8.6,0x0000000000115c4c
247758.0,3749011,python,libsqlite3.so.0.8.6,sqlite3TempInMemory
247758.0,3749011,python,[JIT],0x0000f90e7286ad90
247758.0,3748817,python,[JIT],0x0000e107bda9802c
247758.0,3748912,python,[JIT],0x0000ff3d93efe350
247758.0,3748943,python,[JIT],0x0000f51362055410
247758.0,3748790,python,[JIT],0x0000f9298edca898
247758.0,3748790,python,[JIT],0x0000f9298edcc5c0
247757.0,3749011,python,[JIT],0x0000f90e728997a0
247757.0,3748912,python,[JIT],0x0000ff3d93f268b4
247757.0,3748912,python,[JIT],0x0000ff3d93f2a6dc
247757.0,3748912,python,[JIT],0x0000ff3d93fba36c
247757.0,3748912,python,[JIT],0x0000ff3d945122d4
247757.0,3748943,python,python,enum_dealloc
247757.0,3748790,python,python,dict_items
247757.0,3748790,python,[JIT],0x0000f9298edf1b40
247757.0,3748881,python,[JIT],0x0000e411b56f36fc
247757.0,3748881,python,[JIT],0x0000e411b5d341f0
247756.0,3749043,python,[JIT],0x0000fc43caaede94
247756.0,3748943,python,[JIT],0x0000f51362711000
247756.0,3748943,python,[JIT],0x0000f51362718cb8
247756.0,3748943,python,[JIT],0x0000f51362a26000
247756.0,3748790,python,[JIT],0x0000f9298ed6e168
247756.0,3748790,python,libsqlite3.so.0.8.6,0x00000000000f6aa8
247756.0,3748881,python,_sqlite3.cpython-316-aarch64-linux-gnu.so,sqlite3_step@plt
247756.0,3748881,python,[JIT],0x0000e411b5d755e4
247755.0,3749043,python,[JIT],0x0000fc43ca4188f0
247755.0,3748912,python,[JIT],0x0000ff3d94512848
247755.0,3748943,python,python,tuple_subtype_new
247755.0,3748943,python,libsqlite3.so.0.8.6,0x00000000000a111c
247755.0,3748790,python,[JIT],0x0000f9298f7a7490
247754.0,3749011,python,[JIT],0x0000f90e728650b8
247754.0,3749011,python,[JIT],0x0000f90e728f168c
247754.0,3748912,python,[JIT],0x0000ff3d94513aac
247754.0,3748943,python,[JIT],0x0000f51362052bf8
247754.0,3748943,python,[JIT],0x0000f5136208cd00
247754.0,3748790,python,[JIT],0x0000f9298edc1a08
247754.0,3748790,python,[JIT],0x0000f9298edca770
247754.0,3748881,python,[JIT],0x0000e411b56c4564
247754.0,3748881,python,[JIT],0x0000e411b56fae30
247753.0,3749043,python,[JIT],0x0000fc43ca442298
247753.0,3748943,python,[JIT],0x0000f5136202b810
247753.0,3748881,python,[JIT],0x0000e411b5d7aa18
247753.0,3748943,python,python,object_init
247752.0,3749043,python,[JIT],0x0000fc43cad191f4
247752.0,3749011,python,[JIT],0x0000f90e7283a088
247752.0,3749011,python,[JIT],0x0000f90e728fbe90
247752.0,3749011,python,libsqlite3.so.0.8.6,0x000000000009f248
247752.0,3748943,python,libsqlite3.so.0.8.6,sqlite3FaultSim
247752.0,3748943,python,libsqlite3.so.0.8.6,0x00000000000a9b2c
247752.0,3748943,python,libsqlite3.so.0.8.6,0x00000000000ae878
247752.0,3748790,python,[JIT],0x0000f9298ee24210
247751.0,3749043,python,[JIT],0x0000fc43ca3ec5dc
247751.0,3749011,python,[JIT],0x0000f90e728f1d60
247751.0,3748912,python,_sqlite3.cpython-316-aarch64-linux-gnu.so,sqlite3_bind_parameter_count@plt
247751.0,3748912,python,[JIT],0x0000ff3d93f26e3c
247751.0,3748943,python,libsqlite3.so.0.8.6,0x00000000000f6a44
247751.0,3748790,python,[JIT],0x0000f9298ee981a4
247751.0,3748790,python,[JIT],0x0000f9298f4fb3d4
247751.0,3748881,python,python,cfunction_vectorcall_NOARGS
247751.0,3748881,python,[JIT],0x0000e411b56fc5fc
247751.0,3748881,python,[JIT],0x0000e411b60852a8
247750.0,3749011,python,[JIT],0x0000f90e728963ac
247750.0,3749011,python,[JIT],0x0000f90e7319e0c8
247750.0,3748817,python,[JIT],0x0000e107bdc59360
247750.0,3748943,python,libsqlite3.so.0.8.6,sqlite3MemJournalOpen
247750.0,3748943,python,[JIT],0x0000f5136205570c
247750.0,3748943,python,[JIT],0x0000f513626ec334
247750.0,3748790,python,[JIT],0x0000f9298edc9a28
247750.0,3748790,python,[JIT],0x0000f9298edf4b7c
247750.0,3748790,python,[JIT],0x0000f9298f4fbe34
247750.0,3748881,python,[JIT],0x0000e411b60850a8
247749.0,3749043,python,[JIT],0x0000fc43cadc34b0
247749.0,3748943,python,[JIT],0x0000f51362088000
247749.0,3748943,python,[JIT],0x0000f513620f7360
247749.0,3748790,python,[JIT],0x0000f9298edff63c
247749.0,3748790,python,[JIT],0x0000f9298ee92574
247749.0,3748790,python,libsqlite3.so.0.8.6,0x00000000000b0498
247749.0,3748881,python,[JIT],0x0000e411b5d720d8
247748.0,3749043,python,[JIT],0x0000fc43cad1640c
247748.0,3748912,python,python,make_gen
247748.0,3749011,python,[JIT],0x0000f90e7283afb8
247748.0,3749011,python,[JIT],0x0000f90e72863568
247748.0,3748790,python,[JIT],0x0000f9298edf746c
247748.0,3748881,python,[JIT],0x0000e411b5cefc10
247747.0,3749043,python,[JIT],0x0000fc43ca4712c8
247747.0,3748817,python,[JIT],0x0000e107bdc21b0c
247747.0,3748912,python,[JIT],0x0000ff3d93f51dd8
247747.0,3748943,python,[JIT],0x0000f51362058e68
247747.0,3748943,python,libsqlite3.so.0.8.6,0x0000000000116004
247747.0,3748881,python,[JIT],0x0000e411b5d35178
247746.0,3749043,python,libsqlite3.so.0.8.6,sqlite3_bind_parameter_count
247746.0,3748943,python,python,_PyUnicodeWriter_WriteStr
247746.0,3748881,python,[JIT],0x0000e411b6085000
247745.0,3749043,python,[JIT],0x0000fc43cad131a4
247745.0,3749043,python,[JIT],0x0000fc43cadc4540
247745.0,3749011,python,[JIT],0x0000f90e728948b8
247745.0,3749011,python,[JIT],0x0000f90e728f6bf0
247745.0,3748912,python,[JIT],0x0000ff3d93f235b4
247745.0,3748912,python,[JIT],0x0000ff3d93f2be24
247745.0,3748943,python,[JIT],0x0000f5136208d0d8
247745.0,3748943,python,[JIT],0x0000f513626ec5a8
247745.0,3748943,python,libsqlite3.so.0.8.6,0x00000000000acfd0
247745.0,3748943,python,libsqlite3.so.0.8.6,0x000000000011604c
247745.0,3748790,python,[JIT],0x0000f9298edc28d0
247745.0,3748881,python,libc.so.6,__GI___pthread_self
247745.0,3748881,python,[JIT],0x0000e411b566a54c
247745.0,3748881,python,[JIT],0x0000e411b5cf39bc
247744.0,3749043,python,[JIT],0x0000fc43caaf4b88
247744.0,3749043,python,[JIT],0x0000fc43caafaa88
247744.0,3748817,python,[JIT],0x0000e107bdc2c258
247744.0,3748912,python,[JIT],0x0000ff3d944ef41c
247744.0,3748912,python,[JIT],0x0000ff3d9487aa98
247744.0,3748943,python,python,lru_cache_make_key
247744.0,3748943,python,libsqlite3.so.0.8.6,sqlite3VdbeChangeP2
247744.0,3748943,python,[JIT],0x0000f5136208d2c0
247744.0,3748943,python,[JIT],0x0000f5136271a7a0
247744.0,3748790,python,[JIT],0x0000f9298ee25a84
247744.0,3748790,python,[JIT],0x0000f9298ee28d8c
247744.0,3748881,python,[JIT],0x0000e411b608755c
247743.0,3749043,python,python,_PyObject_MaterializeManagedDict_LockHeld
247743.0,3749043,python,_sqlite3.cpython-316-aarch64-linux-gnu.so,check_cursor
247743.0,3749011,python,[JIT],0x0000f90e7283c710
247743.0,3748817,python,python,weakref_hash
247743.0,3748943,python,[JIT],0x0000f51362082bb8
247743.0,3748943,python,[JIT],0x0000f513620f7904
247743.0,3748790,python,libsqlite3.so.0.8.6,0x00000000000a9990
247742.0,3749043,python,libsqlite3.so.0.8.6,0x00000000000b8c7c
247742.0,3748912,python,[JIT],0x0000ff3d93df7ffc
247742.0,3748943,python,libsqlite3.so.0.8.6,0x0000000000021de8
247742.0,3748790,python,[JIT],0x0000f9298ed97030
247742.0,3748790,python,[JIT],0x0000f9298ee922e8
247742.0,3748790,python,[JIT],0x0000f9298ee9ac14
247742.0,3748881,python,[JIT],0x0000e411b569727c
247742.0,3748881,python,[JIT],0x0000e411b5cf4a2c
247741.0,3749043,python,[JIT],0x0000fc43ca444814
247741.0,3748790,python,[JIT],0x0000f9298edf1924
247741.0,3748790,python,[JIT],0x0000f9298f7a224c
247741.0,3748881,python,[JIT],0x0000e411b5d7acf0
247741.0,3748881,python,libsqlite3.so.0.8.6,0x00000000000a9b10
247740.0,3749043,python,[JIT],0x0000fc43ca4440d8
247740.0,3749043,python,[JIT],0x0000fc43cad1a2bc
247740.0,3748912,python,[JIT],0x0000ff3d93f2a81c
247740.0,3748943,python,libsqlite3.so.0.8.6,0x00000000000b98e0
247740.0,3748790,python,libsqlite3.so.0.8.6,sqlite3PcacheRefCount
247740.0,3748790,python,[JIT],0x0000f9298edf7dc0
247740.0,3748790,python,[JIT],0x0000f9298ee9b96c
247740.0,3748881,python,[JIT],0x0000e411b56fc988
247740.0,3748881,python,libsqlite3.so.0.8.6,0x00000000000b9794
247739.0,3749043,python,python,PyNumber_Check
247739.0,3749043,python,[JIT],0x0000fc43ca3e3154
247739.0,3749043,python,[JIT],0x0000fc43cad13500
247739.0,3749011,python,[JIT],0x0000f90e72864178
247739.0,3748817,python,python,PyObject_IsInstance
247739.0,3748943,python,[JIT],0x0000f5136202163c
247739.0,3748943,python,[JIT],0x0000f51362714da8
247739.0,3748943,python,[JIT],0x0000f513629780cc
247739.0,3748943,python,libsqlite3.so.0.8.6,0x00000000000b99c0
247739.0,3748790,python,libsqlite3.so.0.8.6,sqlite3Strlen30
247739.0,3748790,python,[JIT],0x0000f9298ed977d0
247738.0,3749011,python,[JIT],0x0000f90e728659a4
247738.0,3748943,python,[JIT],0x0000f51362054654
247738.0,3748943,python,[JIT],0x0000f51362082290
247738.0,3748790,python,[JIT],0x0000f9298edf1a14
247738.0,3748881,python,[JIT],0x0000e411b5d381d4
247737.0,3749043,python,libc.so.6,__strlen_generic
247737.0,3749043,python,[JIT],0x0000fc43ca4bca6c
247737.0,3748817,python,[JIT],0x0000e107bdc56f60
247737.0,3748912,python,[JIT],0x0000ff3d9487e510
247737.0,3748943,python,_sqlite3.cpython-316-aarch64-linux-gnu.so,sqlite3_get_autocommit@plt
247737.0,3748943,python,[JIT],0x0000f5136205955c
247737.0,3748943,python,[JIT],0x0000f51362719df0
247737.0,3748790,python,[JIT],0x0000f9298edc572c
247737.0,3748790,python,[JIT],0x0000f9298ee25728
247737.0,3748790,python,[JIT],0x0000f9298ee9a194
247737.0,3748943,python,python,_Py_CallBuiltinClass_StackRef
247736.0,3749043,python,python,dictiter_dealloc
247736.0,3749043,python,[JIT],0x0000fc43ca449d4c
247736.0,3749011,python,python,PyList_Append
247736.0,3749011,python,[kernel.kallsyms],memset
247736.0,3748817,python,libsqlite3.so.0.8.6,sqlite3VdbeChangeEncoding
247736.0,3748912,python,[JIT],0x0000ff3d93fbb0f4
247736.0,3748943,python,[JIT],0x0000f513626edc30
247736.0,3748790,python,[JIT],0x0000f9298f4f3234
247735.0,3749043,python,[JIT],0x0000fc43ca3e9720
247735.0,3749043,python,[JIT],0x0000fc43cadc4308
247735.0,3749011,python,[JIT],0x0000f90e7286b2e4
247735.0,3748912,python,libsqlite3.so.0.8.6,sqlite3PagerBegin
247735.0,3748912,python,[JIT],0x0000ff3d93df7804
247735.0,3748943,python,[JIT],0x0000f51362022c10
247735.0,3748943,python,libsqlite3.so.0.8.6,0x00000000000af090
247735.0,3748790,python,[JIT],0x0000f9298edf8e20
247734.0,3749043,python,[JIT],0x0000fc43ca3ecdb0
247734.0,3749011,python,[JIT],0x0000f90e72897908
247734.0,3748912,python,libsqlite3.so.0.8.6,pthread_mutex_unlock@plt
247734.0,3748912,python,[JIT],0x0000ff3d93df561c
247734.0,3748912,python,[JIT],0x0000ff3d94516e9c
247734.0,3748943,python,[JIT],0x0000f513620576e4
247734.0,3748943,python,[JIT],0x0000f5136293e334
247734.0,3748790,python,[JIT],0x0000f9298ee943f0
247734.0,3748790,python,[JIT],0x0000f9298f6bf2c0
247733.0,3749043,python,libsqlite3.so.0.8.6,0x00000000000b0494
247733.0,3749011,python,[JIT],0x0000f90e7319d220
247733.0,3749011,python,libsqlite3.so.0.8.6,0x00000000000b0550
247733.0,3748912,python,[JIT],0x0000ff3d9487d0f4
247733.0,3748943,python,libsqlite3.so.0.8.6,sqlite3DbStrNDup
247733.0,3748790,python,[JIT],0x0000f9298edc2360
247733.0,3748790,python,[JIT],0x0000f9298f7a60d8
247732.0,3749043,python,[JIT],0x0000fc43caaf25d4
247732.0,3749011,python,[JIT],0x0000f90e72f312a0
247732.0,3748912,python,[JIT],0x0000ff3d93df81e0
247732.0,3748912,python,[JIT],0x0000ff3d93f29420
247732.0,3748912,python,[JIT],0x0000ff3d93f56d74
247732.0,3748943,python,[JIT],0x0000f51362054a78
247732.0,3748790,python,[JIT],0x0000f9298ec66a34
247732.0,3748790,python,[JIT],0x0000f9298edfcaac
247732.0,3748881,python,[JIT],0x0000e411b56c94dc
247731.0,3749043,python,libsqlite3.so.0.8.6,sqlite3VdbeChangeP2
247731.0,3749043,python,[JIT],0x0000fc43cad11aac
247731.0,3749011,python,[JIT],0x0000f90e728fc3a4
247731.0,3749011,python,[JIT],0x0000f90e72ef0bdc
247731.0,3748912,python,[JIT],0x0000ff3d93df7b2c
247731.0,3748912,python,[JIT],0x0000ff3d944ec004
247731.0,3748790,python,[JIT],0x0000f9298f7a2590
247730.0,3749043,python,[JIT],0x0000fc43ca3b6198
247730.0,3749043,python,[JIT],0x0000fc43ca3e3614
247730.0,3748817,python,[JIT],0x0000e107bdaf7bb8
247730.0,3748943,python,libsqlite3.so.0.8.6,sqlite3PagerFilename
247730.0,3748943,python,libsqlite3.so.0.8.6,0x00000000000f8ca4
247730.0,3748881,python,python,PyNumber_InPlaceAdd
247730.0,3748881,python,[JIT],0x0000e411b5cf0654
247729.0,3749043,python,[JIT],0x0000fc43cadc43e4
247729.0,3748912,python,[JIT],0x0000ff3d93df5094
247729.0,3748790,python,[JIT],0x0000f9298edf8364
247729.0,3748790,python,[JIT],0x0000f9298ee94118
247728.0,3749043,python,[JIT],0x0000fc43ca4ba5d0
247728.0,3748881,python,libsqlite3.so.0.8.6,sqlite3BtreeIntegerKey
247727.0,3749043,python,[JIT],0x0000fc43ca416484
247727.0,3749043,python,[JIT],0x0000fc43ca417ecc
247727.0,3748943,python,libsqlite3.so.0.8.6,sqlite3BtreeEnterAll
247727.0,3748943,python,[JIT],0x0000f51362054e44
247727.0,3748943,python,[JIT],0x0000f51362059b08
247727.0,3748790,python,[JIT],0x0000f9298ee939fc
247726.0,3749043,python,[JIT],0x0000fc43ca44807c
247726.0,3748943,python,_sqlite3.cpython-316-aarch64-linux-gnu.so,bind_param
247726.0,3748943,python,libsqlite3.so.0.8.6,sqlite3BeginTransaction
247726.0,3748790,python,[JIT],0x0000f9298edc9a7c
247726.0,3748790,python,[JIT],0x0000f9298f7a519c
247725.0,3749043,python,[JIT],0x0000fc43ca446dc4
247725.0,3748817,python,[kernel.kallsyms],down_read_trylock
247725.0,3748817,python,[JIT],0x0000e107bda46420
247725.0,3748790,python,python,_PyList_Extend
247725.0,3748790,python,[JIT],0x0000f9298ee9314c
247725.0,3748790,python,libsqlite3.so.0.8.6,0x00000000000b18a0
247725.0,3748881,python,libsqlite3.so.0.8.6,sqlite3VdbeMemGrow
247724.0,3749043,python,[JIT],0x0000fc43ca3e1dd8
247724.0,3749043,python,libsqlite3.so.0.8.6,0x000000000009f240
247724.0,3749011,python,libsqlite3.so.0.8.6,0x00000000000b956c
247724.0,3748912,python,[JIT],0x0000ff3d93df7d0c
247724.0,3748943,python,[JIT],0x0000f513626eded0
247724.0,3748943,python,[JIT],0x0000f513629793e8
247724.0,3748943,python,[JIT],0x0000f5136297a1dc
247723.0,3749043,python,[JIT],0x0000fc43ca447c5c
247723.0,3749043,python,[JIT],0x0000fc43caaf1b48
247723.0,3749043,python,[JIT],0x0000fc43caaf2c38
247723.0,3749011,python,[JIT],0x0000f90e728f1cd8
247723.0,3748912,python,[JIT],0x0000ff3d93df7200
247723.0,3748912,python,libsqlite3.so.0.8.6,0x000000000002adfc
247723.0,3748943,python,python,_PyDict_SetItem_Take2_KnownHash
247723.0,3748790,python,python,func_get_name
247723.0,3748881,python,[JIT],0x0000e411b56c4f40
247723.0,3748881,python,[JIT],0x0000e411b56cc374
247722.0,3749043,python,libsqlite3.so.0.8.6,sqlite3VdbeDelete
247722.0,3749011,python,libsqlite3.so.0.8.6,sqlite3VdbeMemSetStr
247722.0,3748943,python,[JIT],0x0000f513620556dc
247722.0,3748943,python,[JIT],0x0000f51362082b44
247722.0,3748790,python,[JIT],0x0000f9298ed91140
247722.0,3748881,python,python,_PyEval_StopTheWorld
247721.0,3749043,python,_sqlite3.cpython-316-aarch64-linux-gnu.so,pysqlite_cursor_execute
247721.0,3749043,python,libsqlite3.so.0.8.6,0x00000000000a0fc4
247721.0,3748817,python,[JIT],0x0000e107bdc56860
247721.0,3748790,python,[JIT],0x0000f9298edc4610
247721.0,3748790,python,[JIT],0x0000f9298edf4054
247721.0,3748790,python,[JIT],0x0000f9298f7a7128
247720.0,3748912,python,[JIT],0x0000ff3d93df79b4
247720.0,3748912,python,[JIT],0x0000ff3d93efe31c
247720.0,3748943,python,[JIT],0x0000f5136202c5b4
247720.0,3748943,python,[JIT],0x0000f513620f1040
247720.0,3748790,python,[JIT],0x0000f9298ee2e110
247720.0,3748790,python,[JIT],0x0000f9298f6bf17c
247720.0,3748881,python,python,PyUnicode_New.part.0
247720.0,3748881,python,[JIT],0x0000e411b5cf48c8
247719.0,3749043,python,python,pthread_mutex_lock@plt
247719.0,3749043,python,[JIT],0x0000fc43ca4bce28
247719.0,3749043,python,[JIT],0x0000fc43cadc92ec
247719.0,3749011,python,libsqlite3.so.0.8.6,0x00000000001182ac
247719.0,3748912,python,[JIT],0x0000ff3d93df94e0
247719.0,3748912,python,[JIT],0x0000ff3d93f2574c
247719.0,3748943,python,python,type_get_mro
247719.0,3748943,python,[JIT],0x0000f5136205433c
247719.0,3748943,python,[JIT],0x0000f51362978298
247719.0,3748943,python,[JIT],0x0000f5136297834c
247719.0,3748790,python,libsqlite3.so.0.8.6,sqlite3CommitInternalChanges
247719.0,3748790,python,[JIT],0x0000f9298edcbc18
247719.0,3748790,python,[JIT],0x0000f9298ee26db0
247719.0,3748790,python,[JIT],0x0000f9298f4fd018
247719.0,3748790,python,[JIT],0x0000f9298f7a2378
247719.0,3748881,python,[JIT],0x0000e411b5d38140
247718.0,3749043,python,[JIT],0x0000fc43ca416c7c
247718.0,3749043,python,libsqlite3.so.0.8.6,0x00000000000b8c64
247718.0,3749011,python,libc.so.6,_int_free_create_chunk
247718.0,3748817,python,python,_PyEval_StartTheWorld
247718.0,3748817,python,[JIT],0x0000e107bda48784
247718.0,3748912,python,libsqlite3.so.0.8.6,0x00000000000b0494
247718.0,3748943,python,[JIT],0x0000f5136297815c
247718.0,3748790,python,[JIT],0x0000f9298edf1808
247718.0,3748881,python,[JIT],0x0000e411b5d3315c
247717.0,3749043,python,python,PyLong_FromVoidPtr
247717.0,3749043,python,python,_PyCompactLong_Add
247717.0,3748912,python,[JIT],0x0000ff3d93f552b0
247717.0,3748943,python,[JIT],0x0000f51362029330
247717.0,3748943,python,[JIT],0x0000f51362058a70
247717.0,3748790,python,libsqlite3.so.0.8.6,sqlite3_step
247717.0,3748790,python,[JIT],0x0000f9298edfc68c
247717.0,3748790,python,[JIT],0x0000f9298ee5116c
247717.0,3748790,python,[JIT],0x0000f9298f4fca10
247716.0,3748912,python,[JIT],0x0000ff3d93df5b18
247716.0,3748912,python,[JIT],0x0000ff3d93df7ff8
247716.0,3748912,python,[JIT],0x0000ff3d9451367c
247716.0,3748912,python,libsqlite3.so.0.8.6,0x00000000000b184c
247716.0,3748943,python,libsqlite3.so.0.8.6,sqlite3BtreeGetFilename
247716.0,3748943,python,[JIT],0x0000f51361e95ce0
247716.0,3748943,python,[JIT],0x0000f51362029f18
247716.0,3748943,python,[JIT],0x0000f5136202b35c
247715.0,3749043,python,libsqlite3.so.0.8.6,sqlite3VdbeMemClearAndResize
247715.0,3749043,python,libsqlite3.so.0.8.6,sqlite3WalCallback
247715.0,3749043,python,libsqlite3.so.0.8.6,0x0000000000021dec
247715.0,3748943,python,[JIT],0x0000f5136208804c
247715.0,3748943,python,[JIT],0x0000f51362a262e0
247715.0,3748790,python,[JIT],0x0000f9298edf4cb0
247715.0,3748881,python,[JIT],0x0000e411b569cb50
247715.0,3748881,python,[JIT],0x0000e411b60878ec
247714.0,3749043,python,libsqlite3.so.0.8.6,0x00000000000a0fcc
247714.0,3748912,python,[JIT],0x0000ff3d93df81dc
247714.0,3748912,python,[JIT],0x0000ff3d93f57384
247714.0,3748912,python,[JIT],0x0000ff3d9487e49c
247714.0,3748943,python,[JIT],0x0000f5136202bbe0
247714.0,3748790,python,[JIT],0x0000f9298f4fa1a8
247713.0,3749043,python,libsqlite3.so.0.8.6,0x0000000000020f9c
247713.0,3748912,python,[JIT],0x0000ff3d93f2b1e4
247713.0,3748912,python,[JIT],0x0000ff3d9487e178
247713.0,3748943,python,[JIT],0x0000f513627120bc
247713.0,3748943,python,[JIT],0x0000f51362979630
247713.0,3748790,python,libsqlite3.so.0.8.6,0x00000000000b8c80
247713.0,3748790,python,libsqlite3.so.0.8.6,0x00000000000b977c
247713.0,3748943,python,python,PyObject_GetIter
247712.0,3749043,python,[JIT],0x0000fc43cad13298
247712.0,3749043,python,libsqlite3.so.0.8.6,0x0000000000116038
247712.0,3749011,python,python,_PyDictKeys_StringLookupAndVersion
247712.0,3749011,python,libc.so.6,__strcpy_chk
247712.0,3749011,python,[JIT],0x0000f90e728389a0
247712.0,3749011,python,[JIT],0x0000f90e7286b7a4
247712.0,3748912,python,[JIT],0x0000ff3d93fba3c8
247712.0,3748943,python,[JIT],0x0000f5136202c6ec
247712.0,3748943,python,[JIT],0x0000f513620f9a08
247712.0,3748790,python,[JIT],0x0000f9298ee99000
247712.0,3748790,python,[JIT],0x0000f9298f7a6168
247712.0,3748881,python,python,insert_weakref
247711.0,3749043,python,[JIT],0x0000fc43ca4bbc28
247711.0,3748943,python,[JIT],0x0000f513620551a4
247711.0,3748943,python,[JIT],0x0000f5136297b440
247711.0,3748943,python,[JIT],0x0000f51362a250a4
247711.0,3748790,python,[JIT],0x0000f9298ee29ec0
247711.0,3748790,python,[JIT],0x0000f9298ee51cf8
247711.0,3748790,python,[JIT],0x0000f9298f7a2088
247711.0,3748881,python,[JIT],0x0000e411b5d350c4
247711.0,3748881,python,[JIT],0x0000e411b5fdc658
247710.0,3748817,python,[JIT],0x0000e107bda4da8c
247710.0,3748817,python,[JIT],0x0000e107bdaf5000
247710.0,3748943,python,[JIT],0x0000f5136208329c
247710.0,3748790,python,python,PyTuple_FromArray
247710.0,3748790,python,[JIT],0x0000f9298ec6a794
247709.0,3749043,python,libc.so.6,__strlen_asimd
247709.0,3748817,python,[JIT],0x0000e107bda97eb0
247709.0,3748912,python,libsqlite3.so.0.8.6,0x0000000000020fc4
247709.0,3748943,python,python,PyObject_SelfIter
247709.0,3748943,python,[JIT],0x0000f51362029a2c
247709.0,3748943,python,[JIT],0x0000f513627182ec
247709.0,3748790,python,libsqlite3.so.0.8.6,free@plt
247709.0,3748790,python,[JIT],0x0000f9298edc5678
247709.0,3748881,python,[JIT],0x0000e411b56cba90
247709.0,3748881,python,[JIT],0x0000e411b5cebdd4
247709.0,3748881,python,[JIT],0x0000e411b5d0b8d8
247708.0,3749043,python,[JIT],0x0000fc43ca2852f4
247708.0,3749043,python,[JIT],0x0000fc43ca41cc8c
247708.0,3749043,python,[JIT],0x0000fc43ca448190
247708.0,3749043,python,[JIT],0x0000fc43caafb550
247708.0,3748912,python,libsqlite3.so.0.8.6,0x00000000000ae704
247708.0,3748790,python,[JIT],0x0000f9298edc1540
247707.0,3749043,python,[JIT],0x0000fc43cadc2068
247707.0,3749011,python,[JIT],0x0000f90e728fa568
247707.0,3748912,python,python,PyException_GetTraceback
247707.0,3748912,python,[kernel.kallsyms],__pi_clear_page
247707.0,3748912,python,[JIT],0x0000ff3d9487a44c
247707.0,3748943,python,python,PyList_Append
247707.0,3748943,python,libsqlite3.so.0.8.6,0x00000000000f6a34
247707.0,3748790,python,[JIT],0x0000f9298edc2a58
247707.0,3748881,python,[JIT],0x0000e411b5cfc30c
247706.0,3748943,python,[JIT],0x0000f51362056bb8
247706.0,3748943,python,[JIT],0x0000f513620f70c4
247706.0,3748790,python,python,PyDict_DelItem
247706.0,3748881,python,[JIT],0x0000e411b5fd50cc
247706.0,3748881,python,libsqlite3.so.0.8.6,0x00000000000b2aa4
247706.0,3748943,python,libsqlite3.so.0.8.6,0x00000000000b29f8
247705.0,3749043,python,libsqlite3.so.0.8.6,sqlite3MutexAlloc
247705.0,3749043,python,libsqlite3.so.0.8.6,sqlite3PagerOpenSavepoint
247705.0,3749043,python,libsqlite3.so.0.8.6,sqlite3ParserAlloc
247705.0,3749043,python,[JIT],0x0000fc43ca4166b4
247705.0,3749043,python,[JIT],0x0000fc43caafb1e8
247705.0,3748912,python,[JIT],0x0000ff3d93df51f4
247705.0,3748912,python,[JIT],0x0000ff3d93f2c854
247705.0,3748912,python,[JIT],0x0000ff3d93f564cc
247705.0,3748943,python,_sqlite3.cpython-316-aarch64-linux-gnu.so,pysqlite_connection_commit
247705.0,3748790,python,python,Py_HashBuffer
247705.0,3748790,python,[JIT],0x0000f9298edc4a78
247705.0,3748881,python,libsqlite3.so.0.8.6,0x000000000011d908
247705.0,3748943,python,libsqlite3.so.0.8.6,0x00000000000f8678
247704.0,3749043,python,libsqlite3.so.0.8.6,0x00000000000f8c64
247704.0,3748943,python,[JIT],0x0000f5136205a538
247704.0,3748790,python,python,_PyCompactLong_Subtract
247704.0,3748790,python,python,emit__GUARD_NOT_EXHAUSTED_RANGE_r22
247704.0,3748790,python,[JIT],0x0000f9298edf622c
247704.0,3748790,python,[JIT],0x0000f9298ee254f4
247704.0,3748881,python,[JIT],0x0000e411b56cc2c8
247703.0,3749043,python,[JIT],0x0000fc43ca3e1588
247703.0,3749011,python,[JIT],0x0000f90e72895e98
247703.0,3748912,python,libsqlite3.so.0.8.6,sqlite3GetToken
247703.0,3748943,python,[JIT],0x0000f513620f207c
247703.0,3748881,python,libsqlite3.so.0.8.6,0x00000000000a0ff0
247702.0,3748912,python,[JIT],0x0000ff3d9451440c
247702.0,3748943,python,[JIT],0x0000f513626ec5c8
247702.0,3748790,python,[JIT],0x0000f9298edc49d4
247701.0,3749043,python,[JIT],0x0000fc43ca417998
247701.0,3749011,python,libsqlite3.so.0.8.6,0x00000000000b9a04
247701.0,3748817,python,python,PyLong_FromSsize_t
247701.0,3748943,python,[JIT],0x0000f51362a21164
247701.0,3748943,python,libsqlite3.so.0.8.6,0x00000000000a10cc
247701.0,3748881,python,[JIT],0x0000e411b56c918c
247701.0,3748881,python,[JIT],0x0000e411b5fd21a0
247700.0,3749043,python,[JIT],0x0000fc43ca3ebea0
247700.0,3749043,python,[JIT],0x0000fc43cad1c568
247700.0,3748912,python,libsqlite3.so.0.8.6,0x00000000000a10d4
247700.0,3748943,python,libsqlite3.so.0.8.6,sqlite3OsClose
247700.0,3748943,python,python,tuple_contains
247700.0,3748943,python,[JIT],0x0000f51362083784
247700.0,3748943,python,[JIT],0x0000f51362a2650c
247700.0,3748943,python,libsqlite3.so.0.8.6,0x0000000000115f9c
247700.0,3748790,python,libsqlite3.so.0.8.6,sqlite3VdbeDelete
247700.0,3748790,python,[JIT],0x0000f9298ed97d8c
247700.0,3748881,python,libsqlite3.so.0.8.6,pthread_mutex_unlock@plt
247699.0,3749043,python,[JIT],0x0000fc43ca3eb2d4
247699.0,3749043,python,[JIT],0x0000fc43ca444724
247699.0,3749043,python,[JIT],0x0000fc43ca449f50
247699.0,3748912,python,python,listiter_dealloc
247699.0,3748943,python,[JIT],0x0000f51362058740
247699.0,3748943,python,libsqlite3.so.0.8.6,0x00000000000a1118
247699.0,3748790,python,[JIT],0x0000f9298ee51000
247698.0,3749043,python,[JIT],0x0000fc43ca449e14
247698.0,3748912,python,[JIT],0x0000ff3d93f54ccc
247698.0,3748943,python,[JIT],0x0000f51362083c70
247698.0,3748790,python,[JIT],0x0000f9298ee25640
247698.0,3748790,python,[JIT],0x0000f9298f7a742c
247698.0,3748790,python,libsqlite3.so.0.8.6,0x00000000000b29b4
247697.0,3749043,python,[JIT],0x0000fc43ca4459a8
247697.0,3749043,python,[JIT],0x0000fc43ca4b58e0
247697.0,3749043,python,[JIT],0x0000fc43cad150fc
247697.0,3748943,python,python,long_to_decimal_string
247697.0,3748790,python,[JIT],0x0000f9298ee273c0
247697.0,3748790,python,libsqlite3.so.0.8.6,0x00000000000b96b8
247697.0,3748881,python,[JIT],0x0000e411b56fa35c
247697.0,3748881,python,[JIT],0x0000e411b6083104
247696.0,3749043,python,[JIT],0x0000fc43ca446ad4
247696.0,3749043,python,[JIT],0x0000fc43ca449518
247696.0,3749043,python,[JIT],0x0000fc43caaf1874
247696.0,3749043,python,[JIT],0x0000fc43caafb234
247696.0,3749011,python,[JIT],0x0000f90e72898994
247696.0,3748912,python,[JIT],0x0000ff3d93fbcf2c
247696.0,3748943,python,[JIT],0x0000f51362a26384
247696.0,3748943,python,libsqlite3.so.0.8.6,0x00000000000ad0e0
247696.0,3748790,python,[JIT],0x0000f9298f7a708c
247695.0,3749043,python,python,_PyUnicode_DecodeUTF8Writer
247695.0,3749043,python,[JIT],0x0000fc43ca3ec960
247695.0,3749043,python,libsqlite3.so.0.8.6,0x00000000000b18a0
247695.0,3748912,python,[JIT],0x0000ff3d93f2a5c8
247695.0,3748912,python,[JIT],0x0000ff3d9487e45c
247695.0,3748943,python,libsqlite3.so.0.8.6,sqlite3_malloc
247695.0,3748881,python,[JIT],0x0000e411b5cf544c
247694.0,3749043,python,[JIT],0x0000fc43ca4469c4
247694.0,3749043,python,[JIT],0x0000fc43caaf18d4
247694.0,3749043,python,[JIT],0x0000fc43caafa884
247694.0,3749043,python,[JIT],0x0000fc43cadc905c
247694.0,3749043,python,libsqlite3.so.0.8.6,0x00000000000eabf0
247694.0,3748817,python,python,PyObject_Size
247694.0,3748912,python,[JIT],0x0000ff3d93f25fac
247694.0,3748912,python,[JIT],0x0000ff3d93f2cc2c
247694.0,3748943,python,python,_PyUnicode_FindMaxChar
247694.0,3748943,python,python,list_length
247694.0,3748790,python,python,PyTuple_Pack
247694.0,3748790,python,[JIT],0x0000f9298ee935c0
247694.0,3748881,python,libsqlite3.so.0.8.6,0x00000000000f85f0
247693.0,3749043,python,[JIT],0x0000fc43ca44483c
247693.0,3748943,python,[JIT],0x0000f51362a2605c
247693.0,3748881,python,[JIT],0x0000e411b56c1fbc
247692.0,3749043,python,[JIT],0x0000fc43ca447024
247692.0,3749043,python,[JIT],0x0000fc43ca4b6180
247692.0,3749043,python,libsqlite3.so.0.8.6,0x000000000002b168
247692.0,3749043,python,libsqlite3.so.0.8.6,0x00000000000b98e0
247692.0,3748943,python,[JIT],0x0000f51361e9d198
247692.0,3748943,python,[JIT],0x0000f5136205a400
247692.0,3748790,python,[JIT],0x0000f9298edf8b18
247692.0,3748881,python,[JIT],0x0000e411b56f9424
247692.0,3748881,python,[JIT],0x0000e411b5d381f0
247691.0,3749043,python,python,weakref_dealloc
247691.0,3749043,python,[JIT],0x0000fc43ca41ce80
247691.0,3749043,python,[JIT],0x0000fc43ca4b63a0
247691.0,3749043,python,[JIT],0x0000fc43caafa38c
247691.0,3748912,python,libsqlite3.so.0.8.6,0x00000000000f866c
247691.0,3748943,python,[JIT],0x0000f51362719430
247691.0,3748790,python,[JIT],0x0000f9298ee2857c
247691.0,3748881,python,[JIT],0x0000e411b5d3546c
247690.0,3749011,python,[JIT],0x0000f90e728f5480
247690.0,3748943,python,[JIT],0x0000f513620579ec
247690.0,3748943,python,[JIT],0x0000f51362a230e0
247690.0,3748943,python,libsqlite3.so.0.8.6,0x000000000002afb8
247690.0,3748790,python,[JIT],0x0000f9298edc40c8
247690.0,3748790,python,[JIT],0x0000f9298f4facb8
247690.0,3748790,python,libsqlite3.so.0.8.6,0x000000000002ac44
247690.0,3748881,python,python,supercheck
247690.0,3748881,python,[JIT],0x0000e411b6081028
247689.0,3749043,python,[JIT],0x0000fc43caaee864
247689.0,3748943,python,[JIT],0x0000f513627186a4
247689.0,3748943,python,libsqlite3.so.0.8.6,0x00000000000af14c
247689.0,3748790,python,[JIT],0x0000f9298ee93284
247689.0,3748881,python,libsqlite3.so.0.8.6,sqlite3PagerCommitPhaseOne
247688.0,3749043,python,[JIT],0x0000fc43ca3ebe00
247688.0,3749011,python,[JIT],0x0000f90e73191328
247688.0,3748943,python,[JIT],0x0000f513620f9124
247688.0,3748790,python,[JIT],0x0000f9298ed9b07c
247688.0,3748790,python,[JIT],0x0000f9298ee99320
247687.0,3748943,python,[JIT],0x0000f513620555c0
247687.0,3748943,python,[JIT],0x0000f51362a25028
247687.0,3748943,python,libsqlite3.so.0.8.6,0x00000000000b29b4
247687.0,3748790,python,[JIT],0x0000f9298f4fa0e8
247687.0,3748881,python,libsqlite3.so.0.8.6,0x000000000002ac90
247686.0,3749043,python,[JIT],0x0000fc43ca3e314c
247686.0,3749011,python,libsqlite3.so.0.8.6,memset@plt
247686.0,3749011,python,[JIT],0x0000f90e728351ac
247686.0,3748912,python,[JIT],0x0000ff3d9487e220
247686.0,3748912,python,libsqlite3.so.0.8.6,0x00000000000b29b4
247686.0,3748943,python,[JIT],0x0000f513620842d8
247686.0,3748943,python,[JIT],0x0000f51362a2210c
247686.0,3748790,python,[JIT],0x0000f9298ee25a60
247686.0,3748790,python,[JIT],0x0000f9298ee29ffc
247686.0,3748790,python,[JIT],0x0000f9298ee93af4
247686.0,3748881,python,python,func_traverse
247686.0,3748881,python,[JIT],0x0000e411b608706c
247685.0,3749043,python,_sqlite3.cpython-316-aarch64-linux-gnu.so,sqlite3_step@plt
247685.0,3749043,python,[JIT],0x0000fc43ca3bba68
247685.0,3749043,python,libsqlite3.so.0.8.6,0x00000000000b0490
247685.0,3748912,python,python,emit__TO_BOOL_BOOL_r11
247685.0,3748912,python,[JIT],0x0000ff3d94514718
247685.0,3748943,python,[JIT],0x0000f513620f60f0
247685.0,3748943,python,[JIT],0x0000f51362a26198
247685.0,3748790,python,[JIT],0x0000f9298ee24d94
247685.0,3748881,python,python,make_range_object
247685.0,3748881,python,[JIT],0x0000e411b5cf5084
247684.0,3749043,python,python,lru_cache_call
247684.0,3748817,python,[JIT],0x0000e107bdc24df4
247684.0,3748912,python,[JIT],0x0000ff3d9494c004
247684.0,3748943,python,python,analyze_descriptor_load.constprop.0
247684.0,3748943,python,[JIT],0x0000f51361ef3528
247684.0,3748881,python,[JIT],0x0000e411b5cec660
247683.0,3749043,python,libsqlite3.so.0.8.6,0x0000000000028744
247683.0,3748943,python,[JIT],0x0000f5136202bf68
247683.0,3748943,python,[JIT],0x0000f51362088aac
247683.0,3748790,python,[JIT],0x0000f9298ee29d24
247682.0,3749043,python,[JIT],0x0000fc43ca417914
247682.0,3749011,python,libsqlite3.so.0.8.6,sqlite3PcacheMakeDirty
247682.0,3748912,python,libsqlite3.so.0.8.6,sqlite3BtreeBeginTrans
247682.0,3748943,python,[JIT],0x0000f5136271af64
247682.0,3748881,python,python,PyObject_Size
247682.0,3748881,python,[JIT],0x0000e411b56f5d14
247681.0,3749043,python,python,_PyEval_UnpackIterableStackRef
247681.0,3748912,python,[JIT],0x0000ff3d93f543bc
247681.0,3748943,python,[JIT],0x0000f51362088934
247680.0,3748912,python,[JIT],0x0000ff3d93fb8068
247680.0,3748943,python,libc.so.6,__strlen_generic
247680.0,3748943,python,[JIT],0x0000f5136293e130
247680.0,3748790,python,[JIT],0x0000f9298edf4468
247680.0,3748790,python,[JIT],0x0000f9298f6f2354
247680.0,3748881,python,[JIT],0x0000e411b56f3330
247679.0,3749043,python,libsqlite3.so.0.8.6,sqlite3PagerBegin
247679.0,3749043,python,[JIT],0x0000fc43ca446b68
247679.0,3749043,python,libsqlite3.so.0.8.6,0x00000000000299f0
247679.0,3748817,python,[kernel.kallsyms],kmem_cache_alloc
247679.0,3748912,python,[JIT],0x0000ff3d93df63f8
247679.0,3748943,python,python,_PyErr_CheckSignalsTstate
247679.0,3748943,python,[JIT],0x0000f513626eb02c
247679.0,3748790,python,libsqlite3.so.0.8.6,0x00000000000b9abc
247679.0,3748881,python,[JIT],0x0000e411b56fa5c8
247679.0,3748881,python,[JIT],0x0000e411b5cf2dbc
247678.0,3749043,python,[JIT],0x0000fc43ca3e9c90
247678.0,3749043,python,[JIT],0x0000fc43ca447844
247678.0,3749011,python,[JIT],0x0000f90e7319e144
247678.0,3748943,python,[JIT],0x0000f51362055378
247678.0,3748943,python,[JIT],0x0000f513629711ac
247678.0,3748790,python,[JIT],0x0000f9298ee93ef0
247678.0,3748881,python,[JIT],0x0000e411b56f5988
247677.0,3749043,python,[JIT],0x0000fc43cadc90bc
247677.0,3749043,python,libsqlite3.so.0.8.6,0x000000000002ad94
247677.0,3748912,python,[JIT],0x0000ff3d93f23334
247677.0,3748943,python,libsqlite3.so.0.8.6,sqlite3_initialize
247677.0,3748790,python,[JIT],0x0000f9298ee258ac
247677.0,3748790,python,[JIT],0x0000f9298f7a308c
247677.0,3748790,python,[JIT],0x0000f9298f7a7198
247677.0,3748881,python,libsqlite3.so.0.8.6,sqlite3OsClose
247677.0,3748881,python,[JIT],0x0000e411b56c83b0
247677.0,3748881,python,[JIT],0x0000e411b56f66a8
247676.0,3749011,python,[JIT],0x0000f90e72f315c0
247676.0,3748912,python,libsqlite3.so.0.8.6,0x00000000000a9a74
247676.0,3748943,python,python,_PyMem_RawFree
247676.0,3748943,python,libsqlite3.so.0.8.6,0x000000000002f278
247676.0,3748943,python,libsqlite3.so.0.8.6,0x00000000000ad230
247676.0,3748790,python,[JIT],0x0000f9298edccc94
247676.0,3748790,python,[JIT],0x0000f9298f4fb61c
247675.0,3749011,python,[JIT],0x0000f90e728fc4dc
247675.0,3748943,python,[JIT],0x0000f51361ef612c
247675.0,3748943,python,[JIT],0x0000f51362a26004
247675.0,3748790,python,[JIT],0x0000f9298ec66c84
247675.0,3748790,python,[JIT],0x0000f9298ee26028
247674.0,3749043,python,[JIT],0x0000fc43ca28ac34
247674.0,3749043,python,[JIT],0x0000fc43ca38d544
247674.0,3749043,python,[JIT],0x0000fc43ca41673c
247674.0,3749043,python,libsqlite3.so.0.8.6,0x000000000011604c
247674.0,3748943,python,[JIT],0x0000f5136202572c
247674.0,3748790,python,libsqlite3.so.0.8.6,sqlite3BtreeCursorHintFlags
247674.0,3748790,python,[JIT],0x0000f9298f7a616c
247674.0,3748881,python,[JIT],0x0000e411b5d0c204
247674.0,3748881,python,[JIT],0x0000e411b5f9e084
247674.0,3748881,python,[JIT],0x0000e411b60861a0
247673.0,3749043,python,[JIT],0x0000fc43ca41622c
247673.0,3749043,python,[JIT],0x0000fc43ca44898c
247673.0,3748817,python,[JIT],0x0000e107bdc2b78c
247673.0,3748790,python,[JIT],0x0000f9298ec0d6c0
247673.0,3748881,python,[JIT],0x0000e411b56c1000
247673.0,3748881,python,[JIT],0x0000e411b5cf1414
247673.0,3748881,python,[JIT],0x0000e411b5d3596c
247673.0,3748881,python,[JIT],0x0000e411b6087490
247672.0,3749043,python,[JIT],0x0000fc43ca3e2b0c
247672.0,3749011,python,[JIT],0x0000f90e72f33cb0
247672.0,3748943,python,[JIT],0x0000f51362029f68
247672.0,3748943,python,[JIT],0x0000f513620549f8
247672.0,3748790,python,[JIT],0x0000f9298edcc63c
247672.0,3748881,python,[JIT],0x0000e411b56cad0c
247671.0,3749043,python,python,_Py_IsMainThread
247671.0,3749043,python,libsqlite3.so.0.8.6,sqlite3PagerUnrefNotNull
247671.0,3748881,python,[JIT],0x0000e411b56cbb6c
247671.0,3748881,python,[JIT],0x0000e411b5cf0748
247670.0,3749043,python,[JIT],0x0000fc43ca448150
247670.0,3748912,python,python,dict_new
247670.0,3748943,python,[JIT],0x0000f51362088004
247670.0,3748790,python,libsqlite3.so.0.8.6,0x0000000000028e10
247670.0,3748881,python,[JIT],0x0000e411b5d78454
247669.0,3749043,python,[JIT],0x0000fc43ca3e3ca4
247669.0,3748943,python,[JIT],0x0000f513626ed65c
247669.0,3748943,python,[JIT],0x0000f513629780b4
247668.0,3749043,python,[JIT],0x0000fc43cadc4068
247668.0,3748943,python,_sqlite3.cpython-316-aarch64-linux-gnu.so,PyThread_get_thread_ident@plt
247668.0,3748943,python,[JIT],0x0000f51362059a1c
247667.0,3749043,python,[JIT],0x0000fc43cadc94dc
247667.0,3748943,python,[JIT],0x0000f51361ffe000
247667.0,3748943,python,libsqlite3.so.0.8.6,0x00000000000ae6f4
247667.0,3748881,python,[JIT],0x0000e411b5cebcf4
247667.0,3748881,python,[JIT],0x0000e411b5d31434
247666.0,3749043,python,[JIT],0x0000fc43ca4bc640
247666.0,3749043,python,[JIT],0x0000fc43cadc80d4
247666.0,3748790,python,[JIT],0x0000f9298ee245d0
247666.0,3748881,python,[JIT],0x0000e411b56fa844
247666.0,3748881,python,[JIT],0x0000e411b60875b8
247665.0,3749043,python,libsqlite3.so.0.8.6,0x00000000000a799c
247665.0,3748943,python,[JIT],0x0000f51362089964
247665.0,3748943,python,libsqlite3.so.0.8.6,0x00000000000a9b1c
247665.0,3748881,python,[JIT],0x0000e411b5d0bad8
247665.0,3748881,python,[JIT],0x0000e411b60834c0
247664.0,3749043,python,[JIT],0x0000fc43cad13120
247664.0,3748912,python,python,PyMem_Realloc
247664.0,3748912,python,[JIT],0x0000ff3d93d9b4e0
247664.0,3748943,python,[JIT],0x0000f5136202b684
247664.0,3748943,python,[JIT],0x0000f513620f1384
247664.0,3748943,python,libsqlite3.so.0.8.6,0x0000000000021db8
247664.0,3748790,python,[JIT],0x0000f9298edc5710
247664.0,3748790,python,[JIT],0x0000f9298f4faee8
247664.0,3748881,python,[JIT],0x0000e411b56f2068
247664.0,3748881,python,[JIT],0x0000e411b5cf2498
247664.0,3748881,python,[JIT],0x0000e411b5d78660
247663.0,3749043,python,libc.so.6,__printf_buffer
247663.0,3749043,python,[JIT],0x0000fc43ca4bb780
247663.0,3748943,python,[JIT],0x0000f51362029fb8
247663.0,3748943,python,[JIT],0x0000f5136271b164
247663.0,3748790,python,libc.so.6,__strcpy_chk
247663.0,3748881,python,[JIT],0x0000e411b5cf35c8
247662.0,3749043,python,[JIT],0x0000fc43ca41f6bc
247662.0,3748943,python,python,_PyErr_Restore
247662.0,3748943,python,[JIT],0x0000f513620839f0
247662.0,3748943,python,[JIT],0x0000f5136208cd54
247662.0,3748790,python,[JIT],0x0000f9298edc9f0c
247662.0,3748790,python,[JIT],0x0000f9298edca00c
247661.0,3749043,python,[JIT],0x0000fc43ca444244
247661.0,3748943,python,[JIT],0x0000f513626ed574
247661.0,3748943,python,[JIT],0x0000f5136293e6d4
247661.0,3748943,python,libsqlite3.so.0.8.6,0x00000000000ad244
247660.0,3749043,python,[JIT],0x0000fc43ca3e1e54
247660.0,3749043,python,[JIT],0x0000fc43ca3e49d4
247660.0,3749043,python,[JIT],0x0000fc43caafa148
247660.0,3749043,python,libsqlite3.so.0.8.6,0x000000000002ac10
247660.0,3748912,python,[JIT],0x0000ff3d94512bec
247660.0,3748943,python,libsqlite3.so.0.8.6,0x00000000000b9644
247660.0,3748881,python,[JIT],0x0000e411b56cba2c
247659.0,3749043,python,[JIT],0x0000fc43ca4b57d8
247659.0,3749043,python,libsqlite3.so.0.8.6,0x00000000000a9a84
247659.0,3749011,python,[JIT],0x0000f90e72895500
247659.0,3748943,python,[JIT],0x0000f51362057548
247659.0,3748943,python,[JIT],0x0000f51362973000
247659.0,3748790,python,[JIT],0x0000f9298ee29f80
247659.0,3748881,python,[JIT],0x0000e411b5698074
247658.0,3748943,python,[JIT],0x0000f51362059bbc
247658.0,3748943,python,[JIT],0x0000f513620f1cb4
247658.0,3748790,python,[JIT],0x0000f9298edf4a88
247658.0,3748881,python,[JIT],0x0000e411b5cef2a0
247657.0,3749043,python,python,PySequence_Concat
247657.0,3749043,python,python,dict_init
247657.0,3749043,python,[JIT],0x0000fc43ca4134d8
247657.0,3749043,python,[JIT],0x0000fc43cadc438c
247657.0,3748912,python,[JIT],0x0000ff3d93f81674
247657.0,3748943,python,python,list_to_tuple
247657.0,3748943,python,[JIT],0x0000f51362083cb4
247657.0,3748790,python,[JIT],0x0000f9298edf85b0
247657.0,3748790,python,[JIT],0x0000f9298ee99328
247656.0,3749043,python,[JIT],0x0000fc43ca448ce8
247656.0,3749043,python,[JIT],0x0000fc43ca4b1408
247655.0,3749043,python,[JIT],0x0000fc43cad133dc
247655.0,3748943,python,[JIT],0x0000f513620258ac
247655.0,3748943,python,[JIT],0x0000f513626eb004
247655.0,3748790,python,libsqlite3.so.0.8.6,sqlite3PagerFilename
247655.0,3748790,python,libsqlite3.so.0.8.6,sqlite3PagerUnrefNotNull
247654.0,3749043,python,[JIT],0x0000fc43ca44a00c
247654.0,3749043,python,[JIT],0x0000fc43cadc9540
247654.0,3748881,python,[JIT],0x0000e411b5d350bc
247654.0,3748881,python,[JIT],0x0000e411b5d354e8
247653.0,3749043,python,python,set_or
247653.0,3749043,python,libsqlite3.so.0.8.6,sqlite3PcacheMakeDirty
247653.0,3749043,python,[JIT],0x0000fc43ca4ba000
247653.0,3748943,python,[JIT],0x0000f5136202adfc
247652.0,3749043,python,[JIT],0x0000fc43ca446e54
247652.0,3748943,python,[JIT],0x0000f5136208d830
247652.0,3748790,python,[JIT],0x0000f9298edf89d8
247652.0,3748881,python,[JIT],0x0000e411b5cf4afc
247652.0,3748881,python,[JIT],0x0000e411b6087588
247651.0,3749043,python,[JIT],0x0000fc43ca414378
247651.0,3749043,python,[JIT],0x0000fc43ca416220
247651.0,3748881,python,[JIT],0x0000e411b5cf1f24
247651.0,3748881,python,[JIT],0x0000e411b5d333c4
247650.0,3749043,python,[JIT],0x0000fc43caafadf4
247650.0,3749043,python,[JIT],0x0000fc43caafae88
247650.0,3748790,python,[JIT],0x0000f9298edf444c
247650.0,3748881,python,[JIT],0x0000e411b5cfc5c0
247649.0,3749043,python,[JIT],0x0000fc43ca4bc9d8
247649.0,3748943,python,libsqlite3.so.0.8.6,0x00000000000a1004
247649.0,3748790,python,[JIT],0x0000f9298edc9b60
247648.0,3749043,python,[JIT],0x0000fc43cadc6048
247648.0,3748881,python,python,_PyUnicodeWriter_WriteSubstring
247648.0,3748881,python,[JIT],0x0000e411b56cb9d4
247648.0,3748881,python,[JIT],0x0000e411b56f5968
247647.0,3749043,python,python,_PyFrame_MakeAndSetFrameObject
247647.0,3749043,python,_sqlite3.cpython-316-aarch64-linux-gnu.so,pysqlite_connection_rollback
247647.0,3748943,python,[JIT],0x0000f513620f1fc0
247647.0,3748943,python,python,dictresize
247646.0,3749043,python,[JIT],0x0000fc43ca418e18
247646.0,3749043,python,[JIT],0x0000fc43ca4727ac
247646.0,3749043,python,[JIT],0x0000fc43ca4b5abc
247646.0,3748817,python,python,optimize_uops.isra.0
247646.0,3748881,python,[JIT],0x0000e411b5cef988
247645.0,3749043,python,python,_PyStack_UnpackDict_FreeNoDecRef
247645.0,3749043,python,[JIT],0x0000fc43ca44a02c
247645.0,3749043,python,[JIT],0x0000fc43caafc5ec
247645.0,3748943,python,python,_Py_uop_analyze_and_optimize
247645.0,3748943,python,libsqlite3.so.0.8.6,sqlite3VdbeSetSql
247645.0,3748790,python,[JIT],0x0000f9298f7a50e8
247645.0,3748881,python,[JIT],0x0000e411b5d78cec
247645.0,3748881,python,[JIT],0x0000e411b60870f8
247644.0,3748943,python,[JIT],0x0000f5136202471c
247644.0,3748943,python,[JIT],0x0000f513620f63e4
247644.0,3748943,python,[JIT],0x0000f513626ede28
247644.0,3748790,python,[JIT],0x0000f9298edcc524
247644.0,3748790,python,[JIT],0x0000f9298ee99284
247644.0,3748790,python,[JIT],0x0000f9298f4fc998
247643.0,3749043,python,[JIT],0x0000fc43caafae10
247643.0,3748912,python,python,_PyRunRemoteDebugger
247643.0,3748943,python,[JIT],0x0000f513620f12cc
247643.0,3748943,python,[JIT],0x0000f51362714bfc
247643.0,3748943,python,[JIT],0x0000f51362a26094
247642.0,3749043,python,[JIT],0x0000fc43cad139c8
247642.0,3749011,python,[JIT],0x0000f90e728fb258
247642.0,3748943,python,libsqlite3.so.0.8.6,0x00000000000b1828
247642.0,3748790,python,[JIT],0x0000f9298ed9700c
247642.0,3748790,python,[JIT],0x0000f9298ee28c94
247642.0,3748881,python,[JIT],0x0000e411b56cba94
247641.0,3748943,python,[JIT],0x0000f5136205a494
247641.0,3748943,python,[JIT],0x0000f513620f64dc
247641.0,3748943,python,libsqlite3.so.0.8.6,0x00000000000b8c64
247641.0,3748881,python,[JIT],0x0000e411b5666004
247640.0,3749043,python,libsqlite3.so.0.8.6,0x0000000000115ff0
247640.0,3748912,python,[kernel.kallsyms],mas_leaf_max_gap
247640.0,3748943,python,[JIT],0x0000f5136293e684
247640.0,3748790,python,libsqlite3.so.0.8.6,sqlite3_last_insert_rowid
247640.0,3748790,python,[JIT],0x0000f9298edcaa60
247639.0,3749043,python,python,_PyEval_StartTheWorld
247639.0,3748790,python,[JIT],0x0000f9298edca0c0
247639.0,3748881,python,[JIT],0x0000e411b5cf12c4
247638.0,3749043,python,[JIT],0x0000fc43ca4177c4
247638.0,3749043,python,[JIT],0x0000fc43ca444670
247638.0,3748881,python,[JIT],0x0000e411b56caa90
247638.0,3748881,python,[JIT],0x0000e411b5cefe94
247638.0,3748881,python,libsqlite3.so.0.8.6,0x00000000000ad20c
247637.0,3748943,python,[JIT],0x0000f51362021744
247637.0,3748943,python,[JIT],0x0000f51362029b5c
247637.0,3748881,python,python,PyErr_ExceptionMatches
247637.0,3748881,python,[JIT],0x0000e411b5cfb8a8
247636.0,3748943,python,[JIT],0x0000f513620254c0
247636.0,3748943,python,[JIT],0x0000f51362029f0c
247636.0,3748943,python,[JIT],0x0000f513626ecff0
247636.0,3748881,python,[JIT],0x0000e411b56cbf38
247636.0,3748881,python,[JIT],0x0000e411b5cf0bc0
247636.0,3748881,python,[JIT],0x0000e411b5fd242c
247635.0,3748943,python,[JIT],0x0000f51362a26174
247635.0,3748790,python,libsqlite3.so.0.8.6,sqlite3DbStrNDup
247635.0,3748881,python,[JIT],0x0000e411b5d35400
247635.0,3748881,python,[JIT],0x0000e411b5d79e14
247634.0,3749043,python,libsqlite3.so.0.8.6,0x000000000009f278
247634.0,3748943,python,[JIT],0x0000f513627184a8
247634.0,3748943,python,[JIT],0x0000f5136297861c
247634.0,3748881,python,[kernel.kallsyms],__mmap_region
247634.0,3748881,python,libsqlite3.so.0.8.6,0x00000000000b8c9c
247633.0,3749043,python,[JIT],0x0000fc43ca289720
247633.0,3749043,python,libsqlite3.so.0.8.6,0x00000000000af034
247633.0,3748943,python,[JIT],0x0000f513620f2218
247633.0,3748881,python,python,long_to_decimal_string
247633.0,3748881,python,[JIT],0x0000e411b56c8eb8
247633.0,3748881,python,[JIT],0x0000e411b5cef52c
247631.0,3749043,python,[JIT],0x0000fc43ca4167a4
247631.0,3749043,python,[JIT],0x0000fc43ca4482d0
247631.0,3748790,python,[JIT],0x0000f9298f4fb228
247630.0,3749043,python,[JIT],0x0000fc43ca4149e4
247630.0,3748881,python,[JIT],0x0000e411b5d34128
247629.0,3749043,python,libsqlite3.so.0.8.6,sqlite3BitvecDestroy
247628.0,3749043,python,[JIT],0x0000fc43ca3e4410
247628.0,3749011,python,[JIT],0x0000f90e72866cc4
247628.0,3748912,python,[JIT],0x0000ff3d93f589bc
247628.0,3748943,python,python,gen_iternext
247628.0,3748943,python,[JIT],0x0000f51361e9bf5c
247628.0,3748943,python,[JIT],0x0000f51362054ccc
247628.0,3748943,python,[JIT],0x0000f513626ec404
247628.0,3748881,python,libsqlite3.so.0.8.6,sqlite3VdbeGoto
247627.0,3749043,python,[JIT],0x0000fc43ca4173d4
247627.0,3748790,python,[JIT],0x0000f9298ee26df0
247627.0,3748881,python,libsqlite3.so.0.8.6,malloc@plt
247627.0,3748881,python,libsqlite3.so.0.8.6,0x000000000002abe4
247627.0,3748943,python,python,_PyInterpreterState_GetConfig
247626.0,3749043,python,[JIT],0x0000fc43ca418588
247626.0,3749043,python,[JIT],0x0000fc43cadc9164
247626.0,3748881,python,[JIT],0x0000e411b566c21c
247625.0,3749043,python,libsqlite3.so.0.8.6,0x00000000000b9794
247625.0,3748881,python,[JIT],0x0000e411b56ca0e4
247625.0,3748881,python,[JIT],0x0000e411b5cfc6c8
247625.0,3748881,python,[JIT],0x0000e411b5d78978
247624.0,3748912,python,[JIT],0x0000ff3d93fb9004
247624.0,3748943,python,[JIT],0x0000f5136202a4cc
247624.0,3748943,python,[JIT],0x0000f5136202b904
247624.0,3748790,python,[JIT],0x0000f9298edf6e50
247623.0,3749043,python,[JIT],0x0000fc43ca41d424
247623.0,3748943,python,[JIT],0x0000f5136202ac8c
247623.0,3748943,python,libsqlite3.so.0.8.6,0x00000000000a78f4
247622.0,3749043,python,[JIT],0x0000fc43ca446894
247622.0,3749043,python,[JIT],0x0000fc43ca4b5e98
247622.0,3748943,python,[JIT],0x0000f513620219e0
247622.0,3748881,python,[JIT],0x0000e411b56c4768
247621.0,3748943,python,[JIT],0x0000f513620832a4
247621.0,3748790,python,[JIT],0x0000f9298ee93c4c
247620.0,3749043,python,[JIT],0x0000fc43ca4b5f04
247620.0,3748912,python,libsqlite3.so.0.8.6,0x000000000002b184
247620.0,3748943,python,[JIT],0x0000f513620840f0
247619.0,3749043,python,libsqlite3.so.0.8.6,sqlite3OsWrite
247618.0,3749043,python,python,PyException_GetTraceback
247618.0,3749043,python,[JIT],0x0000fc43ca471508
247618.0,3749043,python,[JIT],0x0000fc43ca471bbc
247618.0,3748881,python,[JIT],0x0000e411b5cef074
247618.0,3748881,python,[JIT],0x0000e411b5d78ce0
247617.0,3749043,python,[JIT],0x0000fc43ca3ea27c
247617.0,3748943,python,[JIT],0x0000f51362057584
247617.0,3748881,python,[JIT],0x0000e411b5cefe44
247617.0,3748943,python,[kernel.kallsyms],schedule_debug.isra.0
247616.0,3748881,python,[JIT],0x0000e411b56fc030
247615.0,3749043,python,_sqlite3.cpython-316-aarch64-linux-gnu.so,PyObject_GC_UnTrack@plt
247615.0,3748943,python,[JIT],0x0000f5136202a6f8
247615.0,3748943,python,[JIT],0x0000f51362057954
247615.0,3748881,python,[JIT],0x0000e411b5cf1efc
247614.0,3749043,python,_sqlite3.cpython-316-aarch64-linux-gnu.so,sqlite3_stmt_busy@plt
247613.0,3749043,python,[JIT],0x0000fc43ca448c80
247613.0,3748943,python,[JIT],0x0000f51362a210b4
247613.0,3748790,python,[JIT],0x0000f9298edf4464
247612.0,3748943,python,[JIT],0x0000f51362029bb4
247612.0,3748943,python,[JIT],0x0000f51362057644
247612.0,3748943,python,libsqlite3.so.0.8.6,0x0000000000021e10
247612.0,3748881,python,[JIT],0x0000e411b5d792d4
247611.0,3749043,python,[kernel.kallsyms],__call_rcu_common
247611.0,3749043,python,[JIT],0x0000fc43ca3e9fe8
247610.0,3748881,python,[JIT],0x0000e411b56faebc
247609.0,3749043,python,python,_PyUnicode_FindMaxChar
247609.0,3749043,python,[kernel.kallsyms],el0_svc
247609.0,3748881,python,[JIT],0x0000e411b5d78524
247608.0,3749043,python,[JIT],0x0000fc43ca3e93e0
247608.0,3749043,python,[JIT],0x0000fc43cadc9484
247608.0,3748790,python,[JIT],0x0000f9298edc268c
247608.0,3748790,python,[JIT],0x0000f9298edf865c
247607.0,3749043,python,libsqlite3.so.0.8.6,sqlite3VdbeMemTooBig
247607.0,3749043,python,[JIT],0x0000fc43ca4165c4
247607.0,3749043,python,libsqlite3.so.0.8.6,0x00000000000f4924
247607.0,3748943,python,[JIT],0x0000f513620521b4
247607.0,3748790,python,[JIT],0x0000f9298f4facb4
247606.0,3749043,python,[JIT],0x0000fc43ca471b58
247606.0,3749043,python,[JIT],0x0000fc43caafa930
247606.0,3748943,python,python,_PyDict_Next
247606.0,3748881,python,[JIT],0x0000e411b5696350
247605.0,3749043,python,[JIT],0x0000fc43ca3e1640
247605.0,3748881,python,[JIT],0x0000e411b56cba34
247604.0,3749043,python,libsqlite3.so.0.8.6,memset@plt
247604.0,3749043,python,[JIT],0x0000fc43ca416498
247604.0,3749043,python,[JIT],0x0000fc43ca417f7c
247604.0,3749043,python,[JIT],0x0000fc43cad1177c
247604.0,3748881,python,[JIT],0x0000e411b5d75584
247604.0,3748881,python,libsqlite3.so.0.8.6,0x00000000000f69fc
247603.0,3748943,python,[JIT],0x0000f51362059aac
247603.0,3748881,python,[JIT],0x0000e411b608748c
247602.0,3749043,python,python,partial_dealloc
247602.0,3749043,python,[JIT],0x0000fc43ca4169c0
247602.0,3749043,python,[JIT],0x0000fc43ca4b62d0
247602.0,3748912,python,[JIT],0x0000ff3d93f2c604
247602.0,3748881,python,[JIT],0x0000e411b56fbc58
247601.0,3749043,python,python,patch_aarch64_33rx
247601.0,3748881,python,[JIT],0x0000e411b5cf1028
247601.0,3748881,python,libsqlite3.so.0.8.6,0x0000000000116088
247600.0,3748881,python,[JIT],0x0000e411b56cbf50
247600.0,3748881,python,[JIT],0x0000e411b5d32738
247599.0,3749043,python,[JIT],0x0000fc43ca3ebca4
247599.0,3749043,python,[JIT],0x0000fc43ca444330
247599.0,3748790,python,libsqlite3.so.0.8.6,sqlite3ParserFree
247599.0,3748790,python,[JIT],0x0000f9298ee28dc4
247599.0,3748881,python,[JIT],0x0000e411b56f67c8
247599.0,3748881,python,[JIT],0x0000e411b5cf2840
247599.0,3748881,python,[JIT],0x0000e411b6087178
247598.0,3749043,python,libsqlite3.so.0.8.6,0x00000000000b8cd4
247598.0,3748881,python,python,lru_cache_call
247598.0,3748881,python,[JIT],0x0000e411b5cf070c
247597.0,3749043,python,python,_PyInterpreterState_GetConfig
247597.0,3748790,python,[JIT],0x0000f9298ee9b080
247596.0,3748881,python,[JIT],0x0000e411b5cefa78
247595.0,3749043,python,[JIT],0x0000fc43ca3ea420
247595.0,3749043,python,[JIT],0x0000fc43ca444a70
247595.0,3748881,python,libsqlite3.so.0.8.6,memset@plt
247594.0,3748912,python,[JIT],0x0000ff3d93fbd460
247593.0,3748943,python,[JIT],0x0000f51362023390
247593.0,3748881,python,[JIT],0x0000e411b5d34420
247592.0,3749043,python,[JIT],0x0000fc43ca41c6e0
247592.0,3749043,python,[JIT],0x0000fc43ca41d680
247591.0,3749043,python,[JIT],0x0000fc43ca449230
247591.0,3748790,python,[JIT],0x0000f9298f4fc598
247591.0,3748881,python,[JIT],0x0000e411b5d321c4
247590.0,3749043,python,python,_PyEval_ReleaseLock
247590.0,3748943,python,python,_PyUnicode_DecodeUTF8Writer
247589.0,3748881,python,[JIT],0x0000e411b56cee2c
247588.0,3748943,python,python,free@plt
247588.0,3748790,python,[JIT],0x0000f9298ec6abb4
247588.0,3748881,python,[JIT],0x0000e411b5cefccc
247587.0,3749043,python,[JIT],0x0000fc43ca4bbfd0
247586.0,3748881,python,python,memcmp@plt
247586.0,3748881,python,[JIT],0x0000e411b5d7ace0
247586.0,3748881,python,libsqlite3.so.0.8.6,0x000000000009f248
247584.0,3748881,python,[JIT],0x0000e411b56f4354
247582.0,3748881,python,[JIT],0x0000e411b5cef65c
247582.0,3748881,python,[JIT],0x0000e411b5d32384
247581.0,3749043,python,_sqlite3.cpython-316-aarch64-linux-gnu.so,sqlite3_bind_text@plt
247581.0,3749043,python,libsqlite3.so.0.8.6,0x000000000009f24c
247580.0,3748881,python,[JIT],0x0000e411b5d371a8
247579.0,3749043,python,[JIT],0x0000fc43ca411aac
247579.0,3748881,python,[JIT],0x0000e411b5cf4a1c
247578.0,3749043,python,[JIT],0x0000fc43ca414370
247578.0,3749043,python,[JIT],0x0000fc43ca41d77c
247578.0,3748943,python,libsqlite3.so.0.8.6,sqlite3DbRealloc
247577.0,3748790,python,[JIT],0x0000f9298f4fb974
247577.0,3748881,python,[JIT],0x0000e411b5cf19f0
247576.0,3748943,python,python,PyObject_Size
247575.0,3749043,python,[JIT],0x0000fc43ca3ead98
247575.0,3749043,python,[JIT],0x0000fc43ca446104
247575.0,3748881,python,[JIT],0x0000e411b5d0a000
247574.0,3749043,python,[JIT],0x0000fc43ca3ea7d0
247574.0,3748881,python,[JIT],0x0000e411b56fa8e0
247573.0,3748881,python,libsqlite3.so.0.8.6,0x00000000000b976c
247572.0,3749043,python,[JIT],0x0000fc43ca41db78
247572.0,3749043,python,[JIT],0x0000fc43ca4bb700
247571.0,3749043,python,python,_PyObject_SetAttributeErrorContext
247569.0,3749043,python,[JIT],0x0000fc43ca3ec93c
247569.0,3749043,python,libsqlite3.so.0.8.6,0x000000000002ae90
247569.0,3748790,python,python,visit_reachable
247569.0,3748881,python,[JIT],0x0000e411b56f5da8
247569.0,3748881,python,[JIT],0x0000e411b56fbf58
247569.0,3748881,python,[JIT],0x0000e411b5cf173c
247569.0,3748881,python,[JIT],0x0000e411b6083044
247568.0,3749043,python,libsqlite3.so.0.8.6,sqlite3PagerCommitPhaseOne
247568.0,3748943,python,[JIT],0x0000f5136205624c
247567.0,3749043,python,python,_PySuper_Lookup
247567.0,3749043,python,[JIT],0x0000fc43ca445984
247567.0,3749043,python,[JIT],0x0000fc43cad133cc
247567.0,3748943,python,[JIT],0x0000f51362089330
247567.0,3748881,python,libsqlite3.so.0.8.6,sqlite3LeaveMutexAndCloseZombie
247567.0,3748881,python,[JIT],0x0000e411b566cc8c
247565.0,3748881,python,[JIT],0x0000e411b60878e4
247564.0,3749043,python,[JIT],0x0000fc43ca3e41dc
247564.0,3748881,python,libsqlite3.so.0.8.6,sqlite3PagerGetJournalMode
247563.0,3748881,python,libsqlite3.so.0.8.6,0x00000000000f6a88
247562.0,3749043,python,python,PyDictProxy_New
247562.0,3749043,python,libsqlite3.so.0.8.6,sqlite3VdbeCloseStatement
247562.0,3748790,python,[JIT],0x0000f9298ee5277c
247562.0,3748881,python,[JIT],0x0000e411b56fe86c
247561.0,3749043,python,[JIT],0x0000fc43ca4183e0
247561.0,3749043,python,libsqlite3.so.0.8.6,0x00000000000b2a24
247561.0,3748943,python,[JIT],0x0000f513629714c8
247560.0,3748912,python,[JIT],0x0000ff3d93efd9cc
247559.0,3748881,python,[JIT],0x0000e411b56985d8
247558.0,3748881,python,[JIT],0x0000e411b56ca634
247557.0,3749043,python,libsqlite3.so.0.8.6,0x00000000000f6a9c
247556.0,3748881,python,[JIT],0x0000e411b56c8de0
247556.0,3748881,python,[JIT],0x0000e411b5cf1f18
247555.0,3748912,python,python,attrgetter_new
247555.0,3748881,python,[JIT],0x0000e411b5cf1214
247554.0,3748790,python,[JIT],0x0000f9298f7a628c
247554.0,3748881,python,[JIT],0x0000e411b5d33274
247553.0,3748881,python,[JIT],0x0000e411b56fab44
247552.0,3749043,python,[JIT],0x0000fc43ca4463c0
247552.0,3749043,python,[JIT],0x0000fc43ca446850
247551.0,3748881,python,python,_Py_uop_analyze_and_optimize
247550.0,3749043,python,python,PyObject_GetAttr
247549.0,3748881,python,[JIT],0x0000e411b56f5b68
247547.0,3749043,python,[JIT],0x0000fc43ca418170
247547.0,3748881,python,[JIT],0x0000e411b5d79430
247546.0,3748881,python,[JIT],0x0000e411b56c4620
247546.0,3748881,python,[JIT],0x0000e411b56cc404
247544.0,3749043,python,libsqlite3.so.0.8.6,0x00000000000a1114
247544.0,3748881,python,[JIT],0x0000e411b5cec5d4
247544.0,3748881,python,[JIT],0x0000e411b5cf2928
247543.0,3749043,python,[JIT],0x0000fc43cadc4584
247542.0,3749043,python,[JIT],0x0000fc43ca44a4b4
247542.0,3748881,python,[JIT],0x0000e411b5cf4840
247542.0,3748881,python,[JIT],0x0000e411b5cf4894
247541.0,3749043,python,libsqlite3.so.0.8.6,0x00000000000f6a40
247540.0,3748943,python,libsqlite3.so.0.8.6,sqlite3DbMallocSize
247540.0,3748790,python,python,PyUnicode_AsUTF8AndSize
247538.0,3748881,python,libsqlite3.so.0.8.6,0x000000000002b18c
247537.0,3749043,python,[JIT],0x0000fc43ca4b5eb0
247535.0,3748881,python,[JIT],0x0000e411b5d324fc
247534.0,3749011,python,[JIT],0x0000f90e728fb5c0
247533.0,3748881,python,libsqlite3.so.0.8.6,0x0000000000020f58
247531.0,3749043,python,[JIT],0x0000fc43cadc43e8
247527.0,3748881,python,[JIT],0x0000e411b5ced274
247526.0,3748881,python,[JIT],0x0000e411b5d78f64
247524.0,3748790,python,[JIT],0x0000f9298f4fac90
247522.0,3748817,python,[JIT],0x0000e107bdc5565c
247521.0,3748790,python,[JIT],0x0000f9298ed978ac
247521.0,3748881,python,[JIT],0x0000e411b56c8f20
247518.0,3748912,python,python,_PyList_AsTupleAndClear
247517.0,3748881,python,libsqlite3.so.0.8.6,sqlite3Strlen30
247516.0,3748817,python,libsqlite3.so.0.8.6,0x00000000000a7910
247516.0,3748881,python,python,_PyStack_UnpackDict_FreeNoDecRef
247516.0,3748881,python,[JIT],0x0000e411b5d7a3a8
247514.0,3749043,python,python,_PyRunRemoteDebugger
247514.0,3749043,python,[JIT],0x0000fc43cadc307c
247514.0,3749011,python,[JIT],0x0000f90e728f1ed4
247514.0,3748881,python,[JIT],0x0000e411b5d7a444
247513.0,3748881,python,libsqlite3.so.0.8.6,0x00000000000b9770
247505.0,3748881,python,[JIT],0x0000e411b5cfb778
247505.0,3748881,python,[JIT],0x0000e411b5d79fc0
247505.0,3748881,python,[JIT],0x0000e411b6087168
247504.0,3748881,python,[JIT],0x0000e411b5d7a1d0
247503.0,3749043,python,python,PyObject_IsSubclass
247503.0,3749043,python,[JIT],0x0000fc43ca417cb4
247502.0,3748943,python,[JIT],0x0000f51362719ff0
247500.0,3748881,python,[JIT],0x0000e411b6086158
247498.0,3748943,python,[JIT],0x0000f5136208815c
247497.0,3748881,python,python,emit__DEOPT_r00
247495.0,3749043,python,libsqlite3.so.0.8.6,0x000000000009f268
247494.0,3748881,python,[JIT],0x0000e411b5d79288
247492.0,3748881,python,[JIT],0x0000e411b5d345c8
247491.0,3749043,python,[JIT],0x0000fc43ca3e1378
247491.0,3748881,python,[JIT],0x0000e411b56fb7a0
247487.0,3748881,python,libc.so.6,alloc_perturb
247487.0,3748943,python,python,PyList_New.constprop.0
247485.0,3749011,python,[JIT],0x0000f90e7286694c
247485.0,3748881,python,[JIT],0x0000e411b56f6204
247484.0,3748881,python,[JIT],0x0000e411b60813a0
247483.0,3748881,python,[JIT],0x0000e411b5d350d4
247482.0,3748881,python,[JIT],0x0000e411b5d0bc40
247478.0,3748790,python,[JIT],0x0000f9298f4fbefc
247475.0,3748943,python,[JIT],0x0000f51362a26634
247474.0,3748881,python,[JIT],0x0000e411b56cbba8
247473.0,3748881,python,[JIT],0x0000e411b5cf2354
247471.0,3749043,python,[JIT],0x0000fc43ca416960
247468.0,3748881,python,libsqlite3.so.0.8.6,sqlite3PagerWrite
247466.0,3748881,python,[JIT],0x0000e411b5666a68
247466.0,3748881,python,[JIT],0x0000e411b5d330b0
247464.0,3749043,python,[JIT],0x0000fc43ca41c360
247464.0,3748881,python,[JIT],0x0000e411b5cf0f74
247463.0,3749011,python,[JIT],0x0000f90e7286a028
247463.0,3748881,python,[JIT],0x0000e411b5cec4dc
247462.0,3748881,python,[JIT],0x0000e411b5cf27d4
247460.0,3749043,python,[kernel.kallsyms],strscpy
247454.0,3748912,python,python,term_rule
247454.0,3748790,python,libsqlite3.so.0.8.6,sqlite3ParserFinalize
247454.0,3748881,python,python,PyNumber_ToBase
247454.0,3748881,python,[JIT],0x0000e411b56f61f0
247453.0,3748881,python,[JIT],0x0000e411b60821d4
247452.0,3748881,python,[JIT],0x0000e411b5d0b624
247451.0,3748881,python,[JIT],0x0000e411b5cf2d64
247443.0,3748881,python,[JIT],0x0000e411b56cc4b0
247442.0,3748881,python,[JIT],0x0000e411b5d347c0
247427.0,3749043,python,[kernel.kallsyms],__rcu_read_unlock
247427.0,3749043,python,python,emit__DEOPT_r10
247425.0,3748943,python,[JIT],0x0000f5136208b6b8
247420.0,3748881,python,[JIT],0x0000e411b5fd2240
247411.0,3748881,python,[JIT],0x0000e411b56f3dcc
247408.0,3748912,python,[JIT],0x0000ff3d93f26668
247400.0,3748790,python,python,_PyPegen_expect_token
247400.0,3748881,python,[JIT],0x0000e411b56f6674
247396.0,3748943,python,[JIT],0x0000f513626eca28
247391.0,3748912,python,[JIT],0x0000ff3d93f57954
247376.0,3748943,python,python,_PyStaticType_GetState
247362.0,3749043,python,[JIT],0x0000fc43cadc944c
247356.0,3748790,python,python,find_name_in_mro
247353.0,3748817,python,[JIT],0x0000e107be57e03c
247351.0,3748881,python,[JIT],0x0000e411b5d0b958
247344.0,3748790,python,[JIT],0x0000f9298edf7cb4
247341.0,3748912,python,[JIT],0x0000ff3d9487a358
247340.0,3748943,python,libsqlite3.so.0.8.6,sqlite3VdbeCreate
247334.0,3748881,python,[JIT],0x0000e411b5d0bb44
247329.0,3749011,python,[JIT],0x0000f90e7283c7bc
247325.0,3748881,python,[JIT],0x0000e411b6086000
247317.0,3748943,python,libsqlite3.so.0.8.6,sqlite3BtreeIntegerKey
247313.0,3748790,python,libsqlite3.so.0.8.6,sqlite3VtabSync
247309.0,3748881,python,[JIT],0x0000e411b56c9734
247301.0,3749011,python,[JIT],0x0000f90e728f6afc
247301.0,3748790,python,libsqlite3.so.0.8.6,0x00000000000b99d8
247294.0,3749043,python,_sqlite3.cpython-316-aarch64-linux-gnu.so,cursor_clear
247289.0,3748790,python,[JIT],0x0000f9298edc4be8
247259.0,3748790,python,[JIT],0x0000f9298f7a21a4
247257.0,3749043,python,python,getset_set
247255.0,3748943,python,python,list_extend_lock_held
247239.0,3749011,python,[JIT],0x0000f90e7286cb40
247213.0,3748943,python,python,builtin_getattr
247195.0,3749043,python,[JIT],0x0000fc43cad13464
247194.0,3748912,python,[JIT],0x0000ff3d93f59a54
247176.0,3749011,python,[JIT],0x0000f90e72895800
247172.0,3748912,python,[JIT],0x0000ff3d9487e4f8
247143.0,3748881,python,[JIT],0x0000e411b5d7add4
247128.0,3748790,python,libc.so.6,clock_gettime@@GLIBC_2.17
247121.0,3749043,python,[JIT],0x0000fc43ca416f98
247120.0,3749011,python,libsqlite3.so.0.8.6,sqlite3SafetyCheckOk
247081.0,3748912,python,python,_PyType_LookupRefAndVersion
247074.0,3749043,python,[JIT],0x0000fc43cadc70a8
247070.0,3748881,python,[JIT],0x0000e411b5d7359c
247064.0,3748943,python,[JIT],0x0000f51362088cbc
247045.0,3749043,python,[JIT],0x0000fc43ca447c04
247040.0,3748912,python,python,PyTuple_GetSlice
247003.0,3749043,python,libsqlite3.so.0.8.6,sqlite3VdbeGoto
247000.0,3748912,python,libsqlite3.so.0.8.6,sqlite3VdbeEnter
246997.0,3748943,python,[kernel.kallsyms],may_expand_vm
246977.0,3749043,python,libsqlite3.so.0.8.6,0x00000000000b2790
246974.0,3748912,python,[JIT],0x0000ff3d9487d214
246960.0,3748943,python,python,_PyType_LookupRefAndVersion
246874.0,3748790,python,[JIT],0x0000f9298ee27590
246856.0,3748817,python,python,watch_type
246683.0,3749043,python,libsqlite3.so.0.8.6,sqlite3LeaveMutexAndCloseZombie
246551.0,3748943,python,[JIT],0x0000f51362979e64
246398.0,3748881,python,python,PyType_GenericAlloc
246341.0,3748912,python,_sqlite3.cpython-316-aarch64-linux-gnu.so,PyList_New@plt
246318.0,3748881,python,[JIT],0x0000e411b5d370f8
246308.0,3748912,python,[JIT],0x0000ff3d94514b6c
246258.0,3748881,python,python,_PyJIT_Compile
246206.0,3748943,python,[JIT],0x0000f51362a26364
246158.0,3748817,python,[JIT],0x0000e107be3116d4
246138.0,3748790,python,python,PyLong_FromLong
246114.0,3749043,python,_sqlite3.cpython-316-aarch64-linux-gnu.so,PyEval_SaveThread@plt
246100.0,3748912,python,[JIT],0x0000ff3d93f24f68
246092.0,3748881,python,python,gen_iternext
245993.0,3748943,python,python,strchr@plt
245975.0,3749011,python,[JIT],0x0000f90e728f27e0
245931.0,3748943,python,python,func_descr_get
245895.0,3748790,python,[JIT],0x0000f9298ed6e7f8
245813.0,3749043,python,[JIT],0x0000fc43cad15878
245808.0,3749011,python,[kernel.kallsyms],_find_next_bit
245807.0,3748817,python,[JIT],0x0000e107be57e564
245623.0,3748912,python,[JIT],0x0000ff3d93ff8298
245604.0,3749011,python,[JIT],0x0000f90e7319e550
245582.0,3748790,python,[JIT],0x0000f9298edc25cc
245530.0,3748790,python,[JIT],0x0000f9298f4ee988
245387.0,3748817,python,python,list_length
245374.0,3749043,python,[JIT],0x0000fc43ca41d750
245302.0,3748943,python,python,_Py_type_getattro_stackref
245107.0,3748943,python,[JIT],0x0000f51362056b3c
245065.0,3749043,python,[JIT],0x0000fc43cadc5098
245041.0,3748943,python,python,PyDict_Contains
245022.0,3748912,python,[JIT],0x0000ff3d9487c2a8
244947.0,3748912,python,[JIT],0x0000ff3d93f56970
244881.0,3749011,python,[kernel.kallsyms],_raw_spin_lock
244815.0,3749043,python,[JIT],0x0000fc43caafb080
244619.0,3749011,python,[JIT],0x0000f90e72eef030
244459.0,3748912,python,libsqlite3.so.0.8.6,0x00000000000b2c20
244274.0,3748790,python,[JIT],0x0000f9298f7a75f0
244119.0,3748881,python,[JIT],0x0000e411b6084108
243910.0,3748817,python,[JIT],0x0000e107bdcf433c
243878.0,3749011,python,libsqlite3.so.0.8.6,0x00000000000b2a98
243598.0,3749043,python,[JIT],0x0000fc43ca446e78
243483.0,3749043,python,python,set_add
243418.0,3749011,python,[JIT],0x0000f90e72896dac
243054.0,3749043,python,[JIT],0x0000fc43ca4b5858
242804.0,3748943,python,[JIT],0x0000f51362a2602c
242788.0,3748881,python,[JIT],0x0000e411b5d385e4
242781.0,3748790,python,python,statements_rule
242631.0,3748881,python,[JIT],0x0000e411b5d3443c
241997.0,3749043,python,libsqlite3.so.0.8.6,0x0000000000020f64
241886.0,3748943,python,python,_PySet_Contains
241836.0,3748881,python,python,PyLong_FromLong
241748.0,3749043,python,[JIT],0x0000fc43cad15a10
241727.0,3748912,python,[JIT],0x0000ff3d945132c8
241421.0,3748881,python,[JIT],0x0000e411b5fd2218
241299.0,3748817,python,[JIT],0x0000e107be57e174
241183.0,3749043,python,[JIT],0x0000fc43caafa954
241167.0,3748817,python,libsqlite3.so.0.8.6,0x00000000000a9b30
240950.0,3748881,python,python,PyModule_GetState
240924.0,3748881,python,python,PySequence_Concat
240645.0,3749043,python,python,PyFunction_New
240353.0,3748881,python,libsqlite3.so.0.8.6,0x000000000009f240
240213.0,3749043,python,[JIT],0x0000fc43cadc90e0
239995.0,3749043,python,[JIT],0x0000fc43cad13250
239598.0,3748881,python,libc.so.6,__strlen_asimd
239587.0,3749011,python,python,memcmp@plt
239404.0,3749043,python,[JIT],0x0000fc43cadc90cc
238155.0,3748912,python,[JIT],0x0000ff3d944ee8b8
238125.0,3748943,python,python,PySequence_Fast
237955.0,3748943,python,[JIT],0x0000f51362a26258
237326.0,3749043,python,libsqlite3.so.0.8.6,0x00000000000b8c88
237254.0,3748943,python,libsqlite3.so.0.8.6,0x000000000002ad94
237167.0,3748790,python,[JIT],0x0000f9298ee9a980
236274.0,3748943,python,[JIT],0x0000f51362a26540
236220.0,3748817,python,libsqlite3.so.0.8.6,sqlite3PagerOpenSavepoint
235804.0,3748943,python,[JIT],0x0000f513620594cc
234945.0,3748912,python,[JIT],0x0000ff3d93fbd3b8
234121.0,3748943,python,python,calculate_stackdepth.isra.0
233651.0,3749043,python,libsqlite3.so.0.8.6,sqlite3VdbeJumpHere
232934.0,3748881,python,[JIT],0x0000e411b56c84f0
232715.0,3748912,python,[JIT],0x0000ff3d93fb3628
232357.0,3748881,python,[kernel.kallsyms],__lruvec_stat_mod_folio
232124.0,3748790,python,libsqlite3.so.0.8.6,sqlite3PutVarint
232089.0,3748912,python,[JIT],0x0000ff3d93f2bf7c
232057.0,3748912,python,python,_PyErr_SetObject.part.0
231609.0,3748817,python,libsqlite3.so.0.8.6,sqlite3BtreeCursorSize
231155.0,3749011,python,libsqlite3.so.0.8.6,0x000000000009f240
230015.0,3749043,python,[kernel.kallsyms],get_mem_cgroup_from_mm
229685.0,3749011,python,[JIT],0x0000f90e7319213c
229563.0,3748943,python,python,_PyPegen_insert_memo
229519.0,3748817,python,[JIT],0x0000e107be3131c0
229518.0,3749011,python,[JIT],0x0000f90e72eefc28
227698.0,3749011,python,[JIT],0x0000f90e728f1004
226893.0,3748881,python,libsqlite3.so.0.8.6,0x00000000000f8618
226333.0,3748817,python,[JIT],0x0000e107be57e4f8
226327.0,3748943,python,python,_PyPegen_is_memoized
226213.0,3748881,python,python,PyMem_Calloc
223047.0,3748912,python,python,_PyPegen_seq_insert_in_front
223019.0,3748817,python,[JIT],0x0000e107bdcf98a8
222501.0,3748790,python,python,_PyPegen_is_memoized
219601.0,3749043,python,libsqlite3.so.0.8.6,0x000000000002afc0
217260.0,3748943,python,python,_PyObject_MakeTpCall
214761.0,3748881,python,[JIT],0x0000e411b608202c
212818.0,3748881,python,python,_PyPegen_is_memoized
211146.0,3749011,python,libsqlite3.so.0.8.6,0x00000000000af034
209281.0,3749043,python,[JIT],0x0000fc43cadc9498
207089.0,3748881,python,python,_PyUnicode_JoinArray.part.0
203387.0,3749043,python,libsqlite3.so.0.8.6,0x00000000000a9b38
202929.0,3748881,python,python,PyType_GetModuleByDef
193638.0,3748881,python,python,_PyTypeCache_Invalidate
175572.0,3749043,python,python,PyTime_AsSecondsDouble
151685.0,3748881,python,python,siphash13
99854.0,3748881,python,python,run_mod
99322.0,3748943,python,python,_PyOpcode_num_pushed
53306.0,3749011,python,[kernel.kallsyms],task_mm_cid_work
52332.0,3748881,python,[kernel.kallsyms],task_mm_cid_work
47342.0,3748881,python,python,_PyLexer_BeginLine
37709.0,3748817,python,[kernel.kallsyms],task_mm_cid_work
26647.0,3748943,python,python,expression_rule
24379.0,3748912,python,[kernel.kallsyms],task_mm_cid_work
23834.0,3748881,python,libc.so.6,memcmp
18643.0,3749011,python,[kernel.kallsyms],task_mm_cid_work
12549.0,3748790,python,[kernel.kallsyms],do_notify_resume
12510.0,3748912,python,[kernel.kallsyms],handle_softirqs
11336.0,3748943,python,[kernel.kallsyms],__rcu_read_unlock
11336.0,3748943,python,[kernel.kallsyms],do_notify_resume
10841.0,3748943,python,[kernel.kallsyms],task_mm_cid_work
5493.0,3748817,python,[kernel.kallsyms],do_notify_resume
1852.0,3749011,python,[kernel.kallsyms],pipe_read
1347.0,3749011,python,[kernel.kallsyms],map_id_up
1347.0,3749011,python,[kernel.kallsyms],stop_this_handle
1.0,3748881,python,[kernel.kallsyms],finish_task_switch.isra.0
1.0,3749043,python,[kernel.kallsyms],finish_task_switch.isra.0
1.0,3748912,python,[kernel.kallsyms],finish_task_switch.isra.0
1.0,3749011,python,[kernel.kallsyms],finish_task_switch.isra.0
1.0,3749011,python,[kernel.kallsyms],finish_task_switch.isra.0
1.0,3748817,python,[kernel.kallsyms],finish_task_switch.isra.0
1.0,3748817,python,[kernel.kallsyms],finish_task_switch.isra.0
1.0,3748912,python,[kernel.kallsyms],finish_task_switch.isra.0
1.0,3748943,python,[kernel.kallsyms],finish_task_switch.isra.0
1.0,3748790,python,[kernel.kallsyms],finish_task_switch.isra.0
1.0,3748881,python,[kernel.kallsyms],finish_task_switch.isra.0
1.0,3748943,python,[kernel.kallsyms],finish_task_switch.isra.0
