self,pid,command,shared_obj,symbol
615495102.0,3749208,python,python,_PyEval_EvalFrameDefault
530931253.0,3749240,python,python,_PyEval_EvalFrameDefault
525018678.0,3749543,python,python,_PyEval_EvalFrameDefault
516855109.0,3749336,python,python,_PyEval_EvalFrameDefault
507810192.0,3749586,python,python,_PyEval_EvalFrameDefault
502040993.0,3749463,python,python,_PyEval_EvalFrameDefault
199446933.0,3749208,python,python,_PyObject_Malloc
186663357.0,3749543,python,python,_PyObject_Malloc
186010706.0,3749586,python,python,_PyObject_Malloc
183398799.0,3749463,python,python,_PyTypeCache_Lookup
177961834.0,3749336,python,python,_PyObject_Malloc
173186478.0,3749240,python,python,_PyObject_Malloc
165339952.0,3749336,python,python,_PyTypeCache_Lookup
164519178.0,3749208,python,python,_PyTypeCache_Lookup
163790383.0,3749586,python,python,_PyTypeCache_Lookup
162768763.0,3749463,python,python,_PyObject_Malloc
154322751.0,3749240,python,python,_PyTypeCache_Lookup
153619680.0,3749543,python,python,_PyTypeCache_Lookup
153100004.0,3749208,python,python,_PyObject_Free
140069500.0,3749463,python,python,_PyObject_Free
139706077.0,3749240,python,python,_PyObject_Free
137861991.0,3749543,python,python,_PyObject_Free
131546529.0,3749586,python,python,_PyObject_Free
129286269.0,3749336,python,python,_PyObject_Free
128569817.0,3749586,python,python,PyType_IsSubtype
128250856.0,3749208,python,python,_Py_Dealloc
127262081.0,3749240,python,python,PyType_IsSubtype
124482284.0,3749208,python,python,PyType_IsSubtype
124069920.0,3749463,python,python,_Py_Dealloc
119855972.0,3749240,python,python,_Py_Dealloc
119636588.0,3749543,python,python,PyType_IsSubtype
117415293.0,3749336,python,python,PyType_IsSubtype
115688766.0,3749336,python,python,_Py_Dealloc
115632864.0,3749463,python,python,_PyObject_GenericGetAttrWithDict
115396134.0,3749208,python,python,_PyObject_GenericGetAttrWithDict
114909222.0,3749586,python,python,_PyObject_GenericGetAttrWithDict
114893020.0,3749586,python,python,_Py_Dealloc
114464949.0,3749336,python,python,_PyObject_GenericGetAttrWithDict
111151626.0,3749208,python,python,_PyFrame_ClearExceptCode
110847254.0,3749543,python,python,_PyObject_GenericGetAttrWithDict
109966948.0,3749463,python,python,PyType_IsSubtype
107928374.0,3749463,python,python,_PyFrame_ClearExceptCode
107697859.0,3749543,python,python,_Py_Dealloc
107688126.0,3749240,python,python,_PyEval_EvalFrameDefault
107240570.0,3749463,python,python,_PyEval_EvalFrameDefault
105099398.0,3749543,python,python,_PyEval_EvalFrameDefault
104534635.0,3749383,python,python,_PyEval_EvalFrameDefault
103965400.0,3749336,python,python,_PyEval_EvalFrameDefault
102504282.0,3749240,python,python,_PyObject_GenericGetAttrWithDict
100545472.0,3749336,python,python,_PyFrame_ClearExceptCode
100279275.0,3749586,python,python,_PyFrame_ClearExceptCode
99836265.0,3749586,python,python,_PyEval_EvalFrameDefault
99305992.0,3749543,python,python,_PyFrame_ClearExceptCode
95568689.0,3749463,python,python,tuple_dealloc
94026220.0,3749240,python,python,_PyFrame_ClearExceptCode
90379353.0,3749336,python,python,tuple_dealloc
90311734.0,3749208,python,python,tuple_dealloc
88363989.0,3749240,python,python,tuple_dealloc
87113609.0,3749543,python,python,tuple_dealloc
83637700.0,3749463,python,python,PyObject_IsInstance
83384362.0,3749208,python,python,dictiter_iternextitem
82405168.0,3749586,python,python,tuple_dealloc
78143595.0,3749240,python,python,PyObject_IsInstance
77195305.0,3749543,python,python,PyObject_IsInstance
77191090.0,3749208,python,python,PyObject_IsInstance
76462361.0,3749336,python,python,dictiter_iternextitem
75203683.0,3749586,python,python,PyObject_IsInstance
74166945.0,3749586,python,python,dictiter_iternextitem
73727501.0,3749543,python,python,dictiter_iternextitem
72474867.0,3749208,python,python,call_special_method
71468990.0,3749463,python,python,dictiter_iternextitem
70763635.0,3749463,python,python,PyObject_GetOptionalAttr
70762457.0,3749336,python,python,PyObject_IsInstance
69995168.0,3749208,python,python,PyObject_GetOptionalAttr
68993222.0,3749240,python,python,dictiter_iternextitem
68255614.0,3749336,python,python,_PyType_LookupStackRefAndVersion
68027844.0,3749543,python,python,_PyType_LookupStackRefAndVersion
67990530.0,3749463,python,python,_PyType_LookupStackRefAndVersion
66469061.0,3749208,python,python,_PyJIT_Entry
66001946.0,3749586,python,python,_PyType_LookupStackRefAndVersion
65784315.0,3749543,python,python,_PyJIT_Entry
65754613.0,3749240,python,python,_PyType_LookupStackRefAndVersion
65525380.0,3749543,python,python,call_special_method
65296141.0,3749336,python,python,call_special_method
64761411.0,3749208,python,python,_PyType_LookupStackRefAndVersion
63785540.0,3749586,python,python,call_special_method
63004265.0,3749336,python,python,_PyJIT_Entry
62816500.0,3749208,python,python,_PyEval_FrameClearAndPop
62035799.0,3749463,python,python,_PyJIT_Entry
61744945.0,3749240,python,python,call_special_method
61319656.0,3749336,python,python,PyObject_GetOptionalAttr
61266314.0,3749240,python,python,_PyEval_FrameClearAndPop
60082397.0,3749463,python,python,_PyEval_FrameClearAndPop
60025442.0,3749208,python,python,object_isinstance
59319486.0,3749586,python,python,_PyJIT_Entry
58823951.0,3749240,python,python,PyObject_GetOptionalAttr
58084292.0,3749208,python,python,tuple_alloc
58076890.0,3749543,python,python,tuple_alloc
58063832.0,3749463,python,python,call_special_method
57324229.0,3749586,python,python,tuple_alloc
57317709.0,3749208,python,python,initialize_locals
56585044.0,3749586,python,python,PyObject_GetOptionalAttr
55842320.0,3749240,python,python,object_isinstance
54864359.0,3749336,python,python,_PyEval_FrameClearAndPop
54360277.0,3749240,python,python,_PyTuple_FromStackRefStealOnSuccess
54305090.0,3749240,python,python,_PyJIT_Entry
54122729.0,3749586,python,python,_PyEval_FrameClearAndPop
53365801.0,3749463,python,python,tuple_alloc
52642611.0,3749240,python,python,tuple_alloc
52363337.0,3749543,python,python,_PyEval_FrameClearAndPop
52117040.0,3749543,python,python,PyObject_GetOptionalAttr
51118976.0,3749463,python,python,object_isinstance
51097051.0,3749586,python,python,object_isinstance
50887159.0,3749336,python,python,object_isinstance
50111627.0,3749240,python,python,initialize_locals
49804007.0,3749543,python,python,object_isinstance
49630904.0,3749463,python,python,_PyTuple_FromStackRefStealOnSuccess
48523274.0,3749336,python,python,initialize_locals
48190024.0,3749336,python,python,PyObject_GC_UnTrack
48153594.0,3749208,python,python,unicodekeys_lookup_unicode
47401786.0,3749586,python,python,initialize_locals
46868213.0,3749208,python,python,gen_dealloc
45931467.0,3749336,python,python,_PyTuple_FromStackRefStealOnSuccess
45913244.0,3749240,python,python,PyObject_GC_UnTrack
45673481.0,3749543,python,python,_PyTuple_FromStackRefStealOnSuccess
45157614.0,3749208,python,python,_PyTuple_FromStackRefStealOnSuccess
44858722.0,3749240,python,python,_Py_NewReference
44668699.0,3749208,python,python,_PyThreadState_PopFrame
44432255.0,3749543,python,python,initialize_locals
44427784.0,3749240,python,python,_PyThreadState_PopFrame
43945868.0,3749586,python,python,PyObject_GC_UnTrack
43925788.0,3749463,python,python,PyObject_GC_UnTrack
43675738.0,3749543,python,python,PyObject_GC_UnTrack
42688554.0,3749208,python,python,_PyEvalFramePushAndInit
42444810.0,3749336,python,python,tuple_alloc
42416762.0,3749240,python,python,gen_dealloc
42204239.0,3749208,python,python,PyObject_GC_UnTrack
42195925.0,3749586,python,python,gen_dealloc
42181204.0,3749463,python,python,initialize_locals
42163632.0,3749543,python,python,_PyThreadState_PopFrame
40958868.0,3749586,python,python,_PyTuple_FromStackRefStealOnSuccess
40687350.0,3749543,python,python,_PyObject_GC_New
40254086.0,3749543,python,python,gen_dealloc
39507051.0,3749543,python,python,unicodekeys_lookup_unicode
38979204.0,3749336,python,python,_Py_NewReference
38950092.0,3749543,python,python,_PyEvalFramePushAndInit
38733845.0,3749586,python,python,_PyObject_GC_New
38688370.0,3749208,python,python,_Py_NewReference
38659366.0,3749463,python,python,gen_dealloc
38442658.0,3749336,python,python,getset_get
38234427.0,3749336,python,python,gen_dealloc
37972908.0,3749586,python,python,getset_get
37723882.0,3749208,python,python,getset_get
37475397.0,3749586,python,python,unicodekeys_lookup_unicode
36485353.0,3749463,python,python,_PyThreadState_PopFrame
36215973.0,3749586,python,python,_Py_NewReference
35989436.0,3749208,python,python,_PyObject_GC_New
35988923.0,3749586,python,python,_PyEvalFramePushAndInit
35720311.0,3749586,python,python,PyObject_GC_Del
35493843.0,3749463,python,python,_PyObject_GC_New
35239818.0,3749586,python,python,insert_to_emptydict
35222976.0,3749240,python,python,getset_get
35046434.0,3749336,python,python,_PyEvalFramePushAndInit
34761011.0,3749336,python,python,_PyThreadState_PopFrame
34742827.0,3749240,python,python,PyObject_GC_Del
34495104.0,3749543,python,python,getset_get
34495090.0,3749208,python,python,PyObject_GC_Del
34257584.0,3749463,python,python,_PyEvalFramePushAndInit
34249469.0,3749240,python,python,_PyObject_GC_New
34246346.0,3749240,python,python,_PyEvalFramePushAndInit
33997426.0,3749240,python,python,unicodekeys_lookup_unicode
33983625.0,3749240,python,python,_Py_dict_lookup
33515753.0,3749543,python,python,_Py_NewReference
33350433.0,3749463,python,python,_Py_NewReference
33274862.0,3749336,python,python,unicodekeys_lookup_unicode
33274031.0,3749336,python,python,_PyObject_GC_New
33260089.0,3749208,python,python,insert_to_emptydict
32019525.0,3749463,python,python,unicodekeys_lookup_unicode
32018332.0,3749463,python,python,PyObject_GC_Del
31767374.0,3749463,python,python,getset_get
31760861.0,3749336,python,python,PyObject_GC_Del
31295105.0,3749336,python,python,insert_to_emptydict
31270050.0,3749463,python,python,insert_to_emptydict
31025110.0,3749240,python,python,PyObject_Vectorcall
31006764.0,3749208,python,python,_PyObject_RealIsInstance
30536169.0,3749336,python,python,_Py_dict_lookup
30500492.0,3749240,python,python,_PyObject_Calloc
30267262.0,3749586,python,python,_PyThreadState_PopFrame
30030820.0,3749463,python,python,_Py_dict_lookup
30023524.0,3749543,python,python,PyObject_GC_Del
30008078.0,3749240,python,python,_PyObject_RealIsInstance
29982458.0,3749336,python,python,PyObject_Vectorcall
29697744.0,3749208,python,python,_Py_dict_lookup
29536195.0,3749586,python,python,_Py_dict_lookup
29040102.0,3749208,python,python,PyObject_Vectorcall
28516530.0,3749543,python,python,_Py_dict_lookup
28282298.0,3749586,python,python,_PyObject_RealIsInstance
28048139.0,3749208,python,python,PyObject_Malloc
28046099.0,3749463,python,python,PyObject_Malloc
28038735.0,3749543,python,python,PyObject_Vectorcall
27789258.0,3749240,python,python,insert_to_emptydict
27539407.0,3749208,python,python,_PyObject_Calloc
27308301.0,3749543,python,python,insert_to_emptydict
27046320.0,3749463,python,python,_PyObject_RealIsInstance
26552430.0,3749463,python,python,PyObject_Vectorcall
26522110.0,3749586,python,python,method_vectorcall_O
26302167.0,3749240,python,python,method_vectorcall_O
25550357.0,3749240,python,python,PyObject_CallFinalizerFromDealloc
25312361.0,3749336,python,python,object_get_class
25078305.0,3749336,python,python,_PyObject_RealIsInstance
24800795.0,3749336,python,python,PyObject_Free
24577849.0,3749336,python,python,_PyObject_Calloc
24570725.0,3749240,python,python,tuple_hash
24566555.0,3749586,python,python,PyObject_Vectorcall
24558472.0,3749543,python,python,PyObject_Malloc
24264022.0,3749336,python,python,PyObject_Malloc
24067924.0,3749208,python,python,_PyDict_LoadBuiltinsFromGlobals
23083771.0,3749240,python,python,PyObject_Free
22839549.0,3749336,python,python,method_vectorcall_O
22833803.0,3749208,python,python,PyList_New
22586770.0,3749586,python,python,_PyObject_Calloc
22570683.0,3749543,python,python,_PyObject_Calloc
22091980.0,3749383,python,python,_PyObject_Malloc
21583844.0,3749208,python,python,tuple_hash
21577496.0,3749586,python,python,PyObject_IsTrue
21577481.0,3749543,python,python,_PyObject_RealIsInstance
21355448.0,3749586,python,python,PyObject_Malloc
21353796.0,3749336,python,python,tuple_hash
21341008.0,3749586,python,python,PyObject_Free
21337345.0,3749463,python,python,method_vectorcall_O
21136860.0,3749336,python,python,_PyObject_Malloc
21089339.0,3749208,python,python,PyObject_Free
21088205.0,3749208,python,python,method_vectorcall_O
21076670.0,3749208,python,python,PyObject_IsTrue
20850104.0,3749463,python,python,tuple_hash
20848111.0,3749208,python,python,object_get_class
20842022.0,3749463,python,python,_PyObject_Calloc
20603602.0,3749543,python,python,tuple_hash
20602620.0,3749543,python,python,method_vectorcall_O
20601105.0,3749240,python,python,object_recursive_isinstance
20600844.0,3749463,python,python,PyObject_Free
20354665.0,3749586,python,python,_PyDict_LoadBuiltinsFromGlobals
20341020.0,3749208,python,python,_PyObject_GC_Link
20340813.0,3749208,python,python,object_recursive_isinstance
20318543.0,3749543,python,python,_PyEval_Vector
20109060.0,3749336,python,python,_PyDict_LoadBuiltinsFromGlobals
19856685.0,3749208,python,python,PyDict_GetItemRef
19844214.0,3749208,python,python,_PyObject_LookupSpecialMethod
19609012.0,3749208,python,python,PyObject_CallFinalizerFromDealloc
19359428.0,3749208,python,python,_PyEval_Vector
19349783.0,3749586,python,python,PyFunction_NewWithQualName
19326157.0,3749336,python,python,object_recursive_isinstance
19320729.0,3749543,python,python,PyObject_IsTrue
19114770.0,3749543,python,python,_PyObject_GC_Link
19111244.0,3749208,python,python,make_gen
19098921.0,3749463,python,python,_PyType_GetDict
19096111.0,3749240,python,python,object_get_class
18870336.0,3749336,python,python,PyFunction_NewWithQualName
18867966.0,3749543,python,python,PyObject_Free
18864630.0,3749586,python,python,PyList_New
18864158.0,3749543,python,python,PyList_New
18860255.0,3749543,python,python,object_recursive_isinstance
18844851.0,3749463,python,python,_PyTypeCache_Lookup
18813389.0,3749240,python,python,PyObject_Malloc
18653267.0,3749463,python,python,object_recursive_isinstance
18619907.0,3749240,python,python,_PyObject_Malloc
18611216.0,3749586,python,python,object_recursive_isinstance
18602307.0,3749463,python,python,PyObject_CallFinalizerFromDealloc
18373026.0,3749336,python,python,PyObject_Hash
18371543.0,3749543,python,python,slot_tp_hash
18370340.0,3749543,python,python,PyDescr_IsData
18367037.0,3749463,python,python,PyObject_IsTrue
18353671.0,3749208,python,python,PyDescr_IsData
18351297.0,3749543,python,python,_PyDict_LoadBuiltinsFromGlobals
18349686.0,3749463,python,python,PyFunction_NewWithQualName
18346050.0,3749208,python,python,list_dealloc
18119897.0,3749208,python,python,_PyObject_GC_NewVar
18119127.0,3749208,python,python,func_clear
18117766.0,3749463,python,python,slot_tp_hash
18116523.0,3749240,python,python,_PyObject_GC_NewVar
18115222.0,3749208,python,python,dict_items
17875509.0,3749336,python,python,_PyObject_GC_Link
17862669.0,3749240,python,python,PyDescr_IsData
17624090.0,3749543,python,python,PyFunction_NewWithQualName
17620392.0,3749240,python,python,dict_get
17610686.0,3749336,python,python,PyDescr_IsData
17382146.0,3749336,python,python,_PyType_GetDict
17375510.0,3749543,python,python,PyObject_CallFinalizerFromDealloc
17373806.0,3749208,python,python,_PyTuple_FromPairSteal
17370430.0,3749463,python,python,PyObject_Hash
17362858.0,3749336,python,python,_PyObject_LookupSpecialMethod
17132170.0,3749336,python,python,_PyEval_Vector
17127193.0,3749586,python,python,_PyObject_LookupSpecialMethod
17126745.0,3749240,python,python,_PyDict_LoadBuiltinsFromGlobals
17126455.0,3749543,python,python,dict_get
17123707.0,3749586,python,python,PyObject_CallFinalizerFromDealloc
17120508.0,3749586,python,python,PyDescr_IsData
17106056.0,3749463,python,python,object_get_class
17092078.0,3749383,python,python,_PyTypeCache_Lookup
16882737.0,3749336,python,python,PyList_New
16879655.0,3749586,python,python,_PyTuple_FromPairSteal
16879140.0,3749463,python,python,_PyDict_LoadBuiltinsFromGlobals
16878504.0,3749543,python,python,_PyObject_LookupSpecialMethod
16878077.0,3749463,python,python,_PyEval_Vector
16877833.0,3749240,python,python,PyList_New
16877669.0,3749543,python,python,_PyCallMethodDescriptorFast_StackRef
16876467.0,3749586,python,python,slot_tp_hash
16873897.0,3749240,python,python,PyObject_Hash
16871285.0,3749463,python,python,_PyObject_LookupSpecialMethod
16866086.0,3749586,python,python,_PyEval_Vector
16862521.0,3749463,python,python,PyDescr_IsData
16624898.0,3749463,python,python,_PyObject_GC_NewVar
16617874.0,3749240,python,python,_PyEval_Vector
16387323.0,3749336,python,python,dict_items
16383170.0,3749208,python,python,_PyType_GetDict
16368814.0,3749586,python,python,tuple_hash
16135706.0,3749240,python,python,_PyObject_Free
16134078.0,3749240,python,python,_PyObject_GC_Link
16132985.0,3749336,python,python,PyDict_GetItemRef
16123913.0,3749240,python,python,_PyType_GetDict
15890936.0,3749463,python,python,_PyObject_Free
15889188.0,3749586,python,python,_Py_Dealloc
15888121.0,3749586,python,python,_PyObject_GC_Link
15885884.0,3749586,python,python,object_get_class
15885844.0,3749208,python,python,dict_get
15640789.0,3749543,python,python,dictitems_iter
15638807.0,3749383,python,python,_PyObject_Free
15638100.0,3749586,python,python,_PyType_GetDict
15637180.0,3749240,python,python,make_gen
15636669.0,3749463,python,python,PyDict_GetItemRef
15636481.0,3749463,python,python,dict_items
15609079.0,3749586,python,python,func_clear
15413133.0,3749336,python,python,func_clear
15411981.0,3749240,python,python,PyDict_GetItemRef
15394021.0,3749336,python,python,make_gen
15393252.0,3749543,python,python,_PyObject_Malloc
15391380.0,3749543,python,python,PyObject_Hash
15390651.0,3749586,python,python,PyDict_GetItemRef
15390212.0,3749586,python,python,PyObject_Hash
15389728.0,3749463,python,python,PyList_New
15386847.0,3749240,python,python,dictitems_iter
15383500.0,3749586,python,python,dict_get
15380663.0,3749240,python,python,_PyTypeCache_Lookup
15347687.0,3749463,python,python,make_gen
15336092.0,3749543,python,python,_PyTypeCache_Lookup
15146375.0,3749336,python,python,unicode_lower
15145166.0,3749336,python,python,dictitems_iter
15140871.0,3749208,python,python,dictitems_iter
15140410.0,3749240,python,python,slot_tp_hash
15139360.0,3749208,python,python,dictiter_dealloc
15137825.0,3749240,python,python,PyFunction_NewWithQualName
15136802.0,3749543,python,python,list_dealloc
15134242.0,3749543,python,python,_PyType_GetDict
15099159.0,3749208,python,python,PyFunction_NewWithQualName
14947219.0,3749586,python,python,_PyTypeCache_Lookup
14912162.0,3749586,python,python,_PyObject_Malloc
14898392.0,3749336,python,python,PyObject_IsTrue
14896633.0,3749463,python,python,_PyObject_Malloc
14890799.0,3749208,python,python,PyObject_Hash
14884988.0,3749336,python,python,PyObject_CallFinalizerFromDealloc
14873153.0,3749463,python,python,dict_get
14645109.0,3749463,python,python,_PyObject_GC_Link
14631966.0,3749586,python,python,dict_items
14607278.0,3749586,python,python,dictitems_iter
14410673.0,3749586,python,python,_PyObject_Free
14409280.0,3749336,python,python,dictkeys_decref.part.0.constprop.0
14398563.0,3749336,python,python,dictview_dealloc
14398302.0,3749543,python,python,PyDict_GetItemRef
14397196.0,3749208,python,python,_PyCallMethodDescriptorFast_StackRef
14396106.0,3749586,python,python,_PyObject_GC_NewVar
14396060.0,3749240,python,python,PyObject_IsTrue
14380447.0,3749208,python,python,new_dict.constprop.0
14367668.0,3749336,python,python,list_dealloc
14154202.0,3749543,python,python,PyList_New.constprop.0
14150096.0,3749543,python,python,_PyObject_GC_NewVar
14147059.0,3749240,python,python,_PyCallMethodDescriptorFast_StackRef
14140581.0,3749208,python,python,PyList_New.constprop.0
14118393.0,3749543,python,python,object_get_class
13937193.0,3749336,python,python,_PyTypeCache_Lookup
13915791.0,3749336,python,python,PyType_IsSubtype
13905750.0,3749336,python,python,_PyObject_Free
13904807.0,3749336,python,python,_PyTuple_FromPairSteal
13904354.0,3749336,python,python,_PyObject_GC_NewVar
13902394.0,3749208,python,python,slot_tp_hash
13901322.0,3749543,python,python,dict_items
13900027.0,3749240,python,python,dictview_dealloc
13896195.0,3749586,python,python,make_gen
13877922.0,3749240,python,python,_PyObject_LookupSpecialMethod
13877895.0,3749463,python,python,unicode_lower
13649361.0,3749240,python,python,dict_items
13647576.0,3749336,python,python,dict_get
13636763.0,3749240,python,python,new_dict.constprop.0
13157184.0,3749586,python,python,list_dealloc
13155556.0,3749463,python,python,new_dict.constprop.0
13154913.0,3749240,python,python,list_dealloc
13154830.0,3749463,python,python,_PyCallMethodDescriptorFast_StackRef
13153235.0,3749586,python,python,new_dict.constprop.0
13146512.0,3749463,python,python,dictkeys_decref.part.0.constprop.0
12919763.0,3749543,python,python,PyType_IsSubtype
12905936.0,3749336,python,python,new_dict.constprop.0
12905712.0,3749543,python,python,func_clear
12662203.0,3749586,python,python,PyType_IsSubtype
12659225.0,3749463,python,python,_PyTuple_FromPairSteal
12654093.0,3749463,python,python,func_clear
12413029.0,3749543,python,python,dictview_dealloc
12411862.0,3749543,python,python,dictiter_dealloc
12408393.0,3749586,python,python,_PyCallMethodDescriptorFast_StackRef
12408181.0,3749383,python,python,PyType_IsSubtype
12167547.0,3749543,python,python,_PyObject_Free
12163102.0,3749463,python,python,dictitems_iter
12162444.0,3749208,python,python,PyObject_CallOneArg
12161003.0,3749240,python,python,_PyObject_GenericGetAttrWithDict
12158534.0,3749240,python,python,dictkeys_decref.part.0.constprop.0
12156207.0,3749543,python,python,dictkeys_decref.part.0.constprop.0
11919149.0,3749208,python,python,dictview_dealloc
11917876.0,3749336,python,python,slot_tp_hash
11915009.0,3749336,python,python,PyList_New.constprop.0
11913880.0,3749463,python,python,dictview_dealloc
11913667.0,3749240,python,python,func_clear
11913475.0,3749240,python,python,_PyTuple_FromPairSteal
11912685.0,3749463,python,python,siphash13
11910530.0,3749463,python,python,list_dealloc
11669646.0,3749336,python,python,_PyCallMethodDescriptorFast_StackRef
11668249.0,3749240,python,python,PyType_IsSubtype
11666318.0,3749463,python,python,dictiter_dealloc
11666164.0,3749586,python,python,PyMem_Free
11664969.0,3749240,python,python,siphash13
11664659.0,3749208,python,python,dictkeys_decref.part.0.constprop.0
11660723.0,3749208,python,python,unicode_lower
11420384.0,3749586,python,python,_PyObject_GenericGetAttrWithDict
11416956.0,3749586,python,python,dictiter_dealloc
11416304.0,3749208,python,python,siphash13
11415227.0,3749208,python,python,PyUnicode_New.part.0
11412300.0,3749240,python,python,_PyFrame_ClearExceptCode
11396349.0,3749543,python,python,_PyUnicode_JoinArray.part.0
11393435.0,3749543,python,python,_PyTuple_FromPairSteal
11391370.0,3749543,python,python,PyMem_Free
11172828.0,3749336,python,python,dictiter_dealloc
11169572.0,3749463,python,python,lookup_method_ex.constprop.0
11162127.0,3749543,python,python,PyObject_GetIter
11153402.0,3749240,python,python,dictiter_dealloc
10925433.0,3749463,python,python,_Py_Dealloc
10923498.0,3749543,python,python,make_gen
10921732.0,3749208,python,python,func_dealloc
10921707.0,3749383,python,python,_PyFrame_ClearExceptCode
10918068.0,3749463,python,python,func_dealloc
10682269.0,3749543,python,python,unicode_lower
10676000.0,3749543,python,python,_Py_Dealloc
10674265.0,3749586,python,python,unicode_hash
10672871.0,3749383,python,python,_PyObject_GenericGetAttrWithDict
10672701.0,3749463,python,python,PyMem_Free
10672578.0,3749240,python,python,type___instancecheck__
10672106.0,3749586,python,python,type___instancecheck__
10658005.0,3749463,python,python,tuple_dealloc
10428778.0,3749586,python,python,tuple_dealloc
10426741.0,3749240,python,python,_Py_Dealloc
10426475.0,3749586,python,python,PyUnicode_New.part.0
10425642.0,3749208,python,python,_PyUnicode_JoinArray.part.0
10424488.0,3749240,python,python,dict_dealloc
10424133.0,3749586,python,python,dictkeys_decref.part.0.constprop.0
10420747.0,3749336,python,python,PyUnicode_New.part.0
10409552.0,3749383,python,python,_Py_Dealloc
10190413.0,3749543,python,python,_PyObject_GenericGetAttrWithDict
10180897.0,3749336,python,python,_PyObject_GenericGetAttrWithDict
10180224.0,3749463,python,python,PyType_IsSubtype
10177465.0,3749586,python,python,dictview_dealloc
10177452.0,3749463,python,python,_PyThreadState_PushFrame
10177394.0,3749586,python,python,PyList_New.constprop.0
10176925.0,3749463,python,python,PyList_New.constprop.0
9935910.0,3749586,python,python,dict_richcompare
9934546.0,3749586,python,python,_PyThreadState_PushFrame
9931382.0,3749543,python,python,_PyType_LookupStackRefAndVersion
9930518.0,3749543,python,python,siphash13
9930516.0,3749336,python,python,type___instancecheck__
9930356.0,3749336,python,python,dict_dealloc
9929212.0,3749586,python,python,func_dealloc
9928479.0,3749208,python,python,type___instancecheck__
9927921.0,3749240,python,python,PyObject_GetIter
9927447.0,3749543,python,python,unicode_hash
9926235.0,3749463,python,python,_PyObject_GenericGetAttrWithDict
9914493.0,3749543,python,python,_PyThreadState_PushFrame
9782134.0,3749463,python,python,_PyFrame_ClearExceptCode
9684948.0,3749336,python,python,PyObject_IsInstance
9681407.0,3749336,python,python,_PyUnicode_JoinArray.part.0
9679909.0,3749208,python,python,_PyThreadState_PushFrame
9678135.0,3749208,python,python,gen_iternext
9675900.0,3749336,python,python,siphash13
9443648.0,3749336,python,python,_Py_Dealloc
9435747.0,3749336,python,python,_PyFrame_ClearExceptCode
9434039.0,3749240,python,python,PyList_New.constprop.0
9432703.0,3749586,python,python,gen_iternext
9415481.0,3749208,python,python,PyBool_FromLong
9186159.0,3749336,python,python,PyObject_GetIter
9185421.0,3749543,python,python,PyUnicode_New.part.0
9184614.0,3749543,python,python,new_dict.constprop.0
9184531.0,3749336,python,python,PyObject_CallOneArg
9184079.0,3749586,python,python,PyLong_FromSsize_t
9179861.0,3749208,python,python,dict_dealloc
9171645.0,3749383,python,python,dictiter_iternextitem
8941275.0,3749586,python,python,unicode_lower
8935828.0,3749463,python,python,list_to_tuple
8935686.0,3749240,python,python,PyLong_FromSsize_t
8935607.0,3749208,python,python,PyMem_Free
8920923.0,3749586,python,python,list_to_tuple
8718950.0,3749543,python,python,_PyFrame_ClearExceptCode
8695246.0,3749336,python,python,func_dealloc
8691306.0,3749336,python,python,tuple_dealloc
8690438.0,3749586,python,python,_PyFrame_ClearExceptCode
8686500.0,3749543,python,python,func_dealloc
8683609.0,3749336,python,python,gen_iternext
8679266.0,3749586,python,python,siphash13
8677898.0,3749463,python,python,type___instancecheck__
8441604.0,3749543,python,python,type___instancecheck__
8440765.0,3749586,python,python,dict_dealloc
8440438.0,3749240,python,python,tuple_dealloc
8440385.0,3749543,python,python,PyLong_FromSsize_t
8440249.0,3749383,python,python,tuple_dealloc
8440051.0,3749240,python,python,dictiter_iternextitem
8439696.0,3749463,python,python,PyLong_FromSsize_t
8439511.0,3749463,python,python,_Py_BuildMap_StackRefSteal
8429903.0,3749240,python,python,PyBool_FromLong
8193404.0,3749336,python,python,PyMem_Free
8192422.0,3749336,python,python,_PyList_FromStackRefStealOnSuccess
8192086.0,3749383,python,python,initialize_locals
8191065.0,3749208,python,python,PyObject_GetIter
8190890.0,3749463,python,python,_PyUnicode_JoinArray.part.0
8190749.0,3749586,python,python,_PyDict_SetItem_Take2
8189009.0,3749208,python,python,unicode_dealloc
8187890.0,3749240,python,python,long_dealloc
8187211.0,3749240,python,python,unicode_dealloc
8185780.0,3749240,python,python,_PyThreadState_PushFrame
8184445.0,3749240,python,python,PyUnicode_New.part.0
7944514.0,3749336,python,python,_PyThreadState_PushFrame
7944455.0,3749586,python,python,PyObject_IsInstance
7943771.0,3749208,python,python,_PyList_FromStackRefStealOnSuccess
7943433.0,3749383,python,python,_PyType_LookupStackRefAndVersion
7942947.0,3749208,python,python,_PyForIter_VirtualIteratorNext
7939900.0,3749208,python,python,set_add_entry_takeref
7939280.0,3749543,python,python,gen_iternext
7933795.0,3749240,python,python,gen_iternext
7908866.0,3749463,python,python,PyUnicode_New.part.0
7722949.0,3749543,python,python,dictiter_iternextitem
7701453.0,3749463,python,python,gen_iternext
7698122.0,3749336,python,python,dictiter_iternextitem
7696299.0,3749240,python,python,_PyJIT_Entry
7695848.0,3749208,python,python,unicode_hash
7695060.0,3749586,python,python,unicode_dealloc
7694836.0,3749463,python,python,unicode_dealloc
7693819.0,3749463,python,python,dict_richcompare
7693807.0,3749383,python,python,PyObject_IsInstance
7692874.0,3749240,python,python,func_dealloc
7692421.0,3749463,python,python,PyObject_GetIter
7692410.0,3749586,python,python,_PyList_FromStackRefStealOnSuccess
7449801.0,3749336,python,python,object_isinstance
7448994.0,3749336,python,python,slot_tp_richcompare
7447575.0,3749543,python,python,unicode_dealloc
7446875.0,3749336,python,python,insertdict
7446698.0,3749208,python,python,_PyStolenTuple_Free
7446507.0,3749240,python,python,set_add_entry_takeref
7446380.0,3749463,python,python,insertdict
7445741.0,3749208,python,python,insertdict
7199526.0,3749336,python,python,_Py_MakeCoro
7199452.0,3749543,python,python,PyObject_CallOneArg
7199242.0,3749586,python,python,PyObject_GetIter
7199115.0,3749543,python,python,dict_dealloc
7199058.0,3749543,python,python,PyBool_FromLong
7198015.0,3749586,python,python,PyObject_CallOneArg
7197463.0,3749208,python,python,PyLong_FromSsize_t
7197461.0,3749586,python,python,_PyUnicode_JoinArray.part.0
7196770.0,3749543,python,python,insertdict
7195706.0,3749463,python,python,PyObject_CallOneArg
7165451.0,3749463,python,python,PyObject_IsInstance
6954903.0,3749543,python,python,PyObject_GetOptionalAttr
6954116.0,3749240,python,python,_PyList_FromStackRefStealOnSuccess
6952274.0,3749463,python,python,dictiter_iternextitem
6951984.0,3749543,python,python,call_special_method
6951882.0,3749336,python,python,_PyStolenTuple_Free
6950514.0,3749586,python,python,set_add_entry_takeref
6950184.0,3749240,python,python,_PyUnicode_JoinArray.part.0
6950154.0,3749586,python,python,lookup_method_ex.constprop.0
6949715.0,3749208,python,python,slot_tp_richcompare
6949279.0,3749208,python,python,_Py_BuildMap_StackRefSteal
6924874.0,3749586,python,python,PyBool_FromLong
6714476.0,3749463,python,python,_PyStolenTuple_Free
6713477.0,3749586,python,python,_PyType_LookupStackRefAndVersion
6704370.0,3749336,python,python,_PyTuple_FromStackRefStealOnSuccess
6704288.0,3749463,python,python,tuple_alloc
6703529.0,3749543,python,python,tuple_dealloc
6703352.0,3749240,python,python,object_isinstance
6703295.0,3749586,python,python,PyObject_GetOptionalAttr
6703282.0,3749336,python,python,lookup_method_ex.constprop.0
6703030.0,3749586,python,python,tuple_alloc
6702969.0,3749543,python,python,_PyDict_SetItem_Take2
6702222.0,3749240,python,python,PyMem_Free
6702193.0,3749240,python,python,unicode_lower
6702120.0,3749463,python,python,unicode_hash
6701708.0,3749463,python,python,dictiter_iternextvalue
6701652.0,3749383,python,python,call_special_method
6701508.0,3749463,python,python,dict_dealloc
6695272.0,3749240,python,python,unicode_hash
6695261.0,3749463,python,python,_PyList_FromStackRefStealOnSuccess
6685365.0,3749336,python,python,unicode_dealloc
6456850.0,3749336,python,python,PyObject_RichCompareBool
6456792.0,3749336,python,python,_PyEval_FrameClearAndPop
6455752.0,3749336,python,python,PyLong_FromSsize_t
6455437.0,3749240,python,python,_PyType_LookupStackRefAndVersion
6455230.0,3749586,python,python,gen_dealloc
6454778.0,3749336,python,python,_PyList_AppendTakeRefListResize
6453302.0,3749208,python,python,lookup_method_ex.constprop.0
6447103.0,3749208,python,python,gen_finalize
6208125.0,3749336,python,python,PyObject_GetOptionalAttr
6207705.0,3749336,python,python,_Py_BuildMap_StackRefSteal
6207322.0,3749336,python,python,unicode_hash
6206588.0,3749586,python,python,dictiter_iternextitem
6206464.0,3749240,python,python,call_special_method
6206383.0,3749543,python,python,_PyStolenTuple_Free
6206339.0,3749336,python,python,PyBool_FromLong
6205978.0,3749208,python,python,_Py_BuildString_StackRefSteal
6205279.0,3749586,python,python,permutations_next
6205239.0,3749543,python,python,lookup_method_ex.constprop.0
6203503.0,3749463,python,python,_PyFunction_Vectorcall
6193274.0,3749463,python,python,set_add_entry_takeref
5961341.0,3749336,python,python,tuple_alloc
5959536.0,3749543,python,python,object_isinstance
5959411.0,3749463,python,python,_PyJIT_Entry
5959185.0,3749336,python,python,_PyJIT_Entry
5958152.0,3749543,python,python,dictiter_iternextvalue
5958128.0,3749586,python,python,initialize_locals
5957927.0,3749463,python,python,_PyTuple_FromArraySteal
5957913.0,3749240,python,python,PyObject_RichCompareBool
5957861.0,3749543,python,python,gen_finalize
5957393.0,3749586,python,python,insertdict
5957223.0,3749586,python,python,_PyForIter_VirtualIteratorNext
5957181.0,3749543,python,python,permutations_next
5956735.0,3749463,python,python,slot_tp_richcompare
5956108.0,3749543,python,python,dict_richcompare
5953317.0,3749240,python,python,lookup_method_ex.constprop.0
5736472.0,3749463,python,python,initialize_locals
5711826.0,3749336,python,python,initialize_locals
5710601.0,3749463,python,python,_PyTuple_FromStackRefStealOnSuccess
5710564.0,3749336,python,python,dictiter_iternextvalue
5710542.0,3749586,python,python,PyObject_GC_UnTrack
5710525.0,3749543,python,python,PyObject_GC_UnTrack
5710457.0,3749543,python,python,_PyThreadState_PopFrame
5710391.0,3749463,python,python,_PyType_LookupStackRefAndVersion
5709333.0,3749586,python,libc.so.6,__memset_zva64
5709157.0,3749240,python,python,insertdict
5708596.0,3749208,python,python,dictiter_iternextvalue
5708452.0,3749586,python,python,_Py_BuildString_StackRefSteal
5708319.0,3749208,python,libc.so.6,__memset_zva64
5705520.0,3749240,python,python,slot_tp_richcompare
5704133.0,3749463,python,python,gen_finalize
5700855.0,3749463,python,python,_PyEval_FrameClearAndPop
5663774.0,3749240,python,python,_Py_MakeCoro
5470037.0,3749336,python,python,call_special_method
5463111.0,3749336,python,python,unicodekeys_lookup_unicode
5462630.0,3749336,python,python,_PyObject_Realloc
5462301.0,3749543,python,python,initialize_locals
5462137.0,3749240,python,python,tuple_alloc
5462108.0,3749543,python,python,_PyEval_FrameClearAndPop
5461985.0,3749240,python,python,initialize_locals
5461599.0,3749543,python,python,_Py_BuildMap_StackRefSteal
5461311.0,3749543,python,python,slot_tp_richcompare
5461109.0,3749383,python,python,tuple_alloc
5460984.0,3749383,python,python,object_isinstance
5460849.0,3749463,python,python,PyObject_RichCompareBool
5460759.0,3749463,python,python,_PyList_AppendTakeRefListResize
5460725.0,3749383,python,python,_PyJIT_Entry
5460721.0,3749586,python,python,slot_tp_richcompare
5460515.0,3749463,python,python,_PyEval_GetIter
5460482.0,3749383,python,python,_PyTuple_FromStackRefStealOnSuccess
5460468.0,3749208,python,python,PyLong_AsSsize_t
5460390.0,3749240,python,python,_Py_BuildString_StackRefSteal
5460287.0,3749208,python,python,dict_richcompare
5221777.0,3749208,python,python,PyObject_RichCompareBool
5216016.0,3749543,python,libc.so.6,__memset_zva64
5214247.0,3749543,python,python,PyObject_IsInstance
5214157.0,3749336,python,python,_PyDict_SetItem_Take2
5213868.0,3749240,python,python,PyObject_GetOptionalAttr
5213411.0,3749586,python,python,_PyJIT_Entry
5213361.0,3749586,python,python,call_special_method
5213283.0,3749336,python,python,_Py_BuildString_StackRefSteal
5213049.0,3749586,python,python,_PyTuple_FromArraySteal
5212724.0,3749586,python,python,_PyStolenTuple_Free
5212683.0,3749586,python,python,gen_finalize
5212465.0,3749463,python,python,PyBool_FromLong
5212045.0,3749463,python,python,permutations_next
5212032.0,3749586,python,python,PyLong_AsSsize_t
5211957.0,3749240,python,python,PyObject_CallOneArg
5211805.0,3749208,python,python,PyIter_Next
5205040.0,3749463,python,python,PyLong_AsSsize_t
5201649.0,3749336,python,python,set_add_entry_takeref
5200135.0,3749240,python,python,_PyForIter_VirtualIteratorNext
5197997.0,3749586,python,python,_PyList_AppendTakeRefListResize
4970818.0,3749543,python,python,_PyList_FromStackRefStealOnSuccess
4966807.0,3749586,python,python,_PyTuple_FromStackRefStealOnSuccess
4966436.0,3749336,python,python,PyObject_GC_UnTrack
4965958.0,3749586,python,python,_PyEval_FrameClearAndPop
4965699.0,3749336,python,python,_PyFunction_SetVersion
4965530.0,3749543,python,python,_PyJIT_Entry
4964993.0,3749586,python,python,_Py_MakeCoro
4964622.0,3749240,python,python,dict_richcompare
4964395.0,3749463,python,python,_PyObject_GetAttrStackRef
4964238.0,3749240,python,python,PyLong_AsSsize_t
4964173.0,3749463,python,libc.so.6,__memset_zva64
4963958.0,3749463,python,python,Py_HashBuffer
4963533.0,3749240,python,python,_Py_BuildMap_StackRefSteal
4963325.0,3749463,python,python,PyMem_Calloc
4718420.0,3749336,python,python,gen_dealloc
4717745.0,3749463,python,python,getset_get
4717719.0,3749240,python,python,PyObject_GC_UnTrack
4717642.0,3749543,python,python,_PyForIter_VirtualIteratorNext
4717565.0,3749463,python,python,_PyObject_GC_New
4717526.0,3749463,python,python,PyObject_GetOptionalAttr
4717383.0,3749543,python,python,_PyObject_GC_New
4717167.0,3749543,python,python,PyObject_RichCompareBool
4717148.0,3749240,python,python,_PyEval_FrameClearAndPop
4717086.0,3749543,python,python,tuple_alloc
4716538.0,3749586,python,python,_PyFunction_Vectorcall
4716388.0,3749586,python,python,dictiter_iternextvalue
4716129.0,3749240,python,python,_PyDict_SetItem_Take2
4715968.0,3749208,python,python,_PyObject_Realloc
4715926.0,3749586,python,python,_PyObject_Realloc
4715889.0,3749463,python,python,_PyForIter_VirtualIteratorNext
4715362.0,3749463,python,python,_PyFunction_SetVersion
4708926.0,3749336,python,python,_PyObject_GetMethodStackRef
4705094.0,3749383,python,python,insert_to_emptydict
4700740.0,3749543,python,python,PyMethod_New
4697239.0,3749208,python,python,PyMethod_New
4470576.0,3749336,python,python,_PyForIter_VirtualIteratorNext
4469762.0,3749463,python,python,call_special_method
4469546.0,3749463,python,python,object_isinstance
4469518.0,3749336,python,python,_PyType_LookupStackRefAndVersion
4469467.0,3749336,python,python,dict_richcompare
4469374.0,3749336,python,python,_PyTuple_FromArraySteal
4469267.0,3749336,python,python,find_name_in_mro
4469246.0,3749240,python,python,gen_dealloc
4469198.0,3749543,python,python,_Py_NewReference
4469136.0,3749586,python,python,insert_to_emptydict
4469126.0,3749240,python,python,PyObject_IsInstance
4468582.0,3749543,python,python,set_add_entry_takeref
4468554.0,3749543,python,python,_PyFunction_Vectorcall
4468242.0,3749383,python,python,_PyEval_FrameClearAndPop
4468109.0,3749586,python,python,PyIter_Next
4468035.0,3749240,python,python,PyMethod_New
4467886.0,3749463,python,python,PyObject_RichCompare
4467880.0,3749208,python,python,permutations_next
4467873.0,3749240,python,python,_PyFunction_Vectorcall
4467704.0,3749208,python,python,_PyList_AppendTakeRefListResize
4466982.0,3749240,python,python,_PyStolenTuple_Free
4465795.0,3749208,python,python,_PyFunction_SetVersion
4463031.0,3749240,python,python,permutations_next
4461339.0,3749463,python,python,_PyThreadState_PopFrame
4248492.0,3749463,python,[kernel.kallsyms],task_mm_cid_work
4221848.0,3749336,python,python,_PyThreadState_PopFrame
4220785.0,3749240,python,python,_PyTuple_FromStackRefStealOnSuccess
4220438.0,3749586,python,python,object_isinstance
4220272.0,3749383,python,python,PyObject_GetOptionalAttr
4220176.0,3749543,python,python,long_dealloc
4219972.0,3749586,python,[JIT],0x0000f45d96e1c4e8
4219969.0,3749336,python,python,_PyEval_GetIter
4219968.0,3749208,python,python,set_dealloc
4219910.0,3749586,python,python,_Py_BuildMap_StackRefSteal
4219856.0,3749208,python,python,_PyObject_GetAttrStackRef
4219823.0,3749240,python,python,dictiter_iternextvalue
4219760.0,3749208,python,python,_PyFunction_Vectorcall
4219757.0,3749543,python,python,PyMember_GetOne
4219690.0,3749240,python,python,PyMem_Calloc
4219670.0,3749543,python,python,_PyTuple_FromArraySteal
4219501.0,3749240,python,python,_PyFunction_SetVersion
4219477.0,3749463,python,python,_PyDict_SetItem_Take2
4219310.0,3749463,python,python,_PyObject_GetMethodStackRef
4219131.0,3749463,python,python,PyMethod_New
4218894.0,3749586,python,python,_PyEvalFramePushAndInit
4218452.0,3749463,python,python,_PyObject_Realloc
4218356.0,3749336,python,python,_PyFunction_Vectorcall
4215920.0,3749208,python,python,_PyDict_SetItem_Take2
4160258.0,3749208,python,python,PyObject_RichCompare
3973552.0,3749336,python,python,_Py_NewReference
3972927.0,3749463,python,python,PyObject_GC_UnTrack
3972692.0,3749543,python,python,_PyTuple_FromStackRefStealOnSuccess
3972653.0,3749463,python,python,gen_dealloc
3972476.0,3749543,python,python,PyIter_Next
3972298.0,3749543,python,python,_PyList_AppendTakeRefListResize
3972293.0,3749336,python,python,PyMem_Calloc
3972265.0,3749543,python,python,PyMem_Calloc
3972192.0,3749336,python,python,permutations_next
3972181.0,3749543,python,python,_PyFunction_SetVersion
3971988.0,3749586,python,python,long_dealloc
3971974.0,3749543,python,python,PyMem_Realloc
3971950.0,3749543,python,python,pysiphash
3971830.0,3749383,python,python,_Py_NewReference
3971499.0,3749208,python,python,PyMember_GetOne
3971433.0,3749586,python,python,_PyEval_GetIter
3971174.0,3749208,python,python,_Py_MakeCoro
3971167.0,3749240,python,python,_PyTuple_FromArraySteal
3967203.0,3749240,python,python,_PyObject_Realloc
3966260.0,3749208,python,python,_PyTuple_FromArraySteal
3962108.0,3749208,python,python,long_dealloc
3958408.0,3749586,python,python,PyObject_RichCompareBool
3742926.0,3749336,python,python,getset_get
3726350.0,3749586,python,python,_PyObject_GetAttrStackRef
3724978.0,3749543,python,python,PyObject_GC_Del
3724499.0,3749336,python,python,PyMem_Realloc
3724307.0,3749240,python,python,pysiphash
3724161.0,3749543,python,python,_PyEvalFramePushAndInit
3724132.0,3749336,python,libc.so.6,__memset_zva64
3724095.0,3749586,python,python,_Py_dict_lookup
3724053.0,3749586,python,python,_PyObject_GC_New
3723987.0,3749543,python,python,unicodekeys_lookup_unicode
3723921.0,3749240,python,python,PyObject_GC_Del
3723577.0,3749208,python,python,_PyStaticType_GetState
3723564.0,3749336,python,python,PyMethod_New
3723366.0,3749240,python,python,PyIter_Next
3723345.0,3749586,python,libc.so.6,__memcpy_generic
3723185.0,3749463,python,python,find_name_in_mro
3723115.0,3749463,python,python,long_dealloc
3722800.0,3749543,python,python,_Py_BuildString_StackRefSteal
3722771.0,3749586,python,python,PyObject_RichCompare
3719095.0,3749543,python,python,_PyObject_GetAttrStackRef
3681108.0,3749336,python,python,PyLong_AsSsize_t
3483906.0,3749336,python,[JIT],0x0000e82e99e47394
3477895.0,3749240,python,[JIT],0x0000ee2d4d2fc4e8
3476746.0,3749336,python,python,_PyEvalFramePushAndInit
3476713.0,3749336,python,python,PyObject_GC_Del
3476675.0,3749336,python,python,tuple_hash
3476432.0,3749336,python,python,PyObject_Vectorcall
3476046.0,3749240,python,python,_Py_NewReference
3475937.0,3749586,python,python,PyObject_IsTrue
3475921.0,3749336,python,python,PyObject_RichCompare
3475788.0,3749586,python,python,_PyThreadState_PopFrame
3475745.0,3749240,python,python,_PyThreadState_PopFrame
3475648.0,3749586,python,python,_PyObject_Calloc
3475555.0,3749383,python,python,PyFunction_NewWithQualName
3475489.0,3749586,python,python,_PyFunction_SetVersion
3475452.0,3749383,python,python,_PyEvalFramePushAndInit
3475360.0,3749383,python,python,getset_get
3475343.0,3749336,python,python,_PyDict_FromItems
3475211.0,3749208,python,python,_PyEval_GetIter
3475200.0,3749240,python,libc.so.6,__memset_zva64
3475157.0,3749240,python,python,PyObject_RichCompare
3475101.0,3749208,python,python,PyMem_Calloc
3475018.0,3749208,python,python,_PyDict_FromItems
3475010.0,3749586,python,python,Py_HashBuffer
3474711.0,3749208,python,python,PyMem_Realloc
3474694.0,3749240,python,python,_PyList_AppendTakeRefListResize
3474541.0,3749543,python,python,_Py_BuiltinCallFast_StackRef
3474452.0,3749463,python,python,_Py_BuiltinCallFast_StackRef
3474250.0,3749240,python,python,dict_values
3467929.0,3749586,python,python,PyMethod_New
3464109.0,3749336,python,python,_PyObject_GetAttrStackRef
3228791.0,3749336,python,python,method_vectorcall_O
3228062.0,3749463,python,python,_Py_dict_lookup
3227973.0,3749383,python,python,_PyObject_Calloc
3227960.0,3749336,python,python,long_dealloc
3227948.0,3749336,python,[JIT],0x0000e82e99ef54e8
3227936.0,3749336,python,[JIT],0x0000e82e99ef9980
3227866.0,3749463,python,python,unicodekeys_lookup_unicode
3227704.0,3749543,python,python,gen_dealloc
3227697.0,3749336,python,python,gen_finalize
3227688.0,3749463,python,python,_PyEvalFramePushAndInit
3227482.0,3749240,python,python,PyObject_Vectorcall
3227448.0,3749383,python,python,object_recursive_isinstance
3227397.0,3749543,python,python,_Py_MakeCoro
3227277.0,3749543,python,python,_PyObject_Calloc
3227246.0,3749543,python,python,PyLong_AsSsize_t
3227208.0,3749543,python,python,_PyDict_LoadBuiltinsFromGlobals
3227089.0,3749383,python,python,_PyObject_RealIsInstance
3226988.0,3749543,python,python,_PyEval_GetIter
3226446.0,3749208,python,[JIT],0x0000e7243c805b70
3226369.0,3749463,python,python,PyIter_Next
3225981.0,3749240,python,python,_Py_BuiltinCallFast_StackRef
3225947.0,3749240,python,python,gen_finalize
3225842.0,3749586,python,python,find_name_in_mro
3225597.0,3749586,python,python,PyCell_New
3212110.0,3749240,python,python,insert_to_emptydict
3187239.0,3749463,python,python,_PyObject_RealIsInstance
3122705.0,3749586,python,python,_Py_NewReference
2983985.0,3749336,python,python,PyList_New.constprop.0
2979991.0,3749336,python,python,dictview_dealloc
2979775.0,3749336,python,python,set_dealloc
2979659.0,3749463,python,python,_PyDict_LoadBuiltinsFromGlobals
2979433.0,3749543,python,python,PyList_New
2979410.0,3749543,python,python,insert_to_emptydict
2979347.0,3749586,python,python,PyObject_Vectorcall
2979317.0,3749240,python,python,_PyObject_LookupSpecialMethod
2979271.0,3749383,python,python,object_get_class
2979258.0,3749586,python,python,PyDescr_IsData
2979201.0,3749586,python,python,method_vectorcall_O
2979167.0,3749240,python,python,_PyEvalFramePushAndInit
2978966.0,3749208,python,python,_PyObject_GetMethodStackRef
2978927.0,3749383,python,python,_PyEval_Vector
2978857.0,3749208,python,python,find_name_in_mro
2978842.0,3749383,python,python,tuple_hash
2978811.0,3749240,python,python,Py_HashBuffer
2978798.0,3749463,python,libc.so.6,__memcpy_generic
2978790.0,3749586,python,python,_Py_BuiltinCallFast_StackRef
2978731.0,3749543,python,libc.so.6,memcmp
2978727.0,3749208,python,python,method_dealloc
2978433.0,3749586,python,python,PyMember_GetOne
2978338.0,3749463,python,python,_PyDict_FromItems
2978327.0,3749240,python,python,set_dealloc
2978009.0,3749463,python,python,PyObject_GC_Del
2977982.0,3749463,python,python,pysiphash
2977919.0,3749336,python,python,_PyObject_RealIsInstance
2977842.0,3749240,python,[JIT],0x0000ee2d4d3a1980
2977121.0,3749543,python,libc.so.6,__memcpy_generic
2976328.0,3749463,python,python,PyMember_GetOne
2976315.0,3749208,python,python,_PyUnicode_ExactDealloc
2976050.0,3749240,python,libc.so.6,__memcpy_generic
2973859.0,3749208,python,python,cell_dealloc
2952624.0,3749543,python,python,PyObject_RichCompare
2737305.0,3749543,python,python,_PyObject_RealIsInstance
2734051.0,3749336,python,python,object_recursive_isinstance
2733039.0,3749240,python,python,_PyObject_GetAttrStackRef
2731762.0,3749336,python,python,PyDescr_IsData
2731323.0,3749463,python,python,_Py_NewReference
2731299.0,3749336,python,python,_Py_bytes_lower
2731258.0,3749543,python,python,getset_get
2731146.0,3749586,python,python,_PyObject_GC_Link
2731106.0,3749543,python,python,PyObject_Vectorcall
2731003.0,3749336,python,python,PyIter_Next
2730991.0,3749240,python,python,_PyObject_Calloc
2730980.0,3749463,python,python,PyObject_IsTrue
2730953.0,3749586,python,python,_PyDict_LoadBuiltinsFromGlobals
2730889.0,3749240,python,python,_Py_dict_lookup
2730835.0,3749543,python,python,PyFunction_NewWithQualName
2730729.0,3749383,python,python,_PyThreadState_PopFrame
2730621.0,3749240,python,[JIT],0x0000ee2d4d2beab4
2730587.0,3749543,python,python,cell_dealloc
2730472.0,3749463,python,python,_Py_BuildString_StackRefSteal
2730432.0,3749240,python,python,make_new_set
2730393.0,3749586,python,python,make_new_set
2730384.0,3749208,python,[JIT],0x0000e7243c8b3d14
2730378.0,3749208,python,python,_Py_bytes_lower
2730249.0,3749463,python,[JIT],0x0000e07d3f9e14e8
2730238.0,3749586,python,python,_PyObject_GetMethodStackRef
2730219.0,3749383,python,python,gen_dealloc
2730205.0,3749208,python,[JIT],0x0000e7243c8b7980
2730179.0,3749208,python,[JIT],0x0000e7243c8087b8
2730158.0,3749240,python,[JIT],0x0000ee2d4d2be394
2730102.0,3749240,python,python,PyMem_Realloc
2729982.0,3749463,python,python,PyCell_New
2729874.0,3749586,python,python,getset_get
2727547.0,3749336,python,python,set_update_iterable_lock_held
2710857.0,3749543,python,python,find_name_in_mro
2543582.0,3749586,python,python,unicodekeys_lookup_unicode
2512644.0,3749586,python,python,tuple_hash
2485110.0,3749336,python,python,Py_HashBuffer
2483465.0,3749336,python,python,PyObject_Malloc
2483327.0,3749336,python,libc.so.6,__memcpy_generic
2483295.0,3749336,python,python,insert_to_emptydict
2483077.0,3749463,python,python,PyObject_Hash
2483060.0,3749336,python,python,PyMember_GetOne
2482945.0,3749543,python,python,object_get_class
2482886.0,3749463,python,python,_PyType_GetDict
2482732.0,3749463,python,python,PyObject_SetAttr
2482709.0,3749336,python,python,pysiphash
2482700.0,3749586,python,python,object_recursive_isinstance
2482659.0,3749543,python,[JIT],0x0000f0a3d1cd9b70
2482597.0,3749336,python,python,_list_extend
2482579.0,3749586,python,python,PyObject_GC_Del
2482528.0,3749383,python,python,_Py_dict_lookup
2482474.0,3749208,python,python,make_new_set
2482464.0,3749240,python,python,method_vectorcall_O
2482360.0,3749240,python,python,_PyEval_GetIter
2482325.0,3749543,python,python,_Py_bytes_lower
2482265.0,3749240,python,python,set_update_iterable_lock_held
2482154.0,3749543,python,[JIT],0x0000f0a3d1cd6aa4
2482121.0,3749240,python,python,_PyType_AllocNoTrack
2482106.0,3749586,python,python,PyMem_Realloc
2482044.0,3749463,python,python,PyErr_Occurred
2481969.0,3749240,python,python,_PyType_GetDict
2481959.0,3749463,python,python,_Py_MakeCoro
2481683.0,3749208,python,[JIT],0x0000e7243c4ee358
2481639.0,3749543,python,python,method_dealloc
2481616.0,3749240,python,python,PyObject_Malloc
2481465.0,3749208,python,python,PyFunction_New
2479960.0,3749336,python,[JIT],0x0000e82e9958c000
2478149.0,3749240,python,python,PyMember_GetOne
2285548.0,3749543,python,[kernel.kallsyms],task_mm_cid_work
2264329.0,3749336,python,python,_PyObject_GC_New
2258529.0,3749463,python,python,dict_values
2235399.0,3749208,python,python,_list_extend
2234883.0,3749336,python,python,PyFunction_NewWithQualName
2234878.0,3749543,python,python,dictitems_iter
2234821.0,3749463,python,python,PyDict_GetItemRef
2234746.0,3749463,python,python,new_dict.constprop.0
2234720.0,3749240,python,python,PyObject_IsTrue
2234675.0,3749336,python,python,find_empty_slot
2234622.0,3749336,python,python,builtin_hasattr
2234608.0,3749463,python,python,PyObject_Vectorcall
2234551.0,3749240,python,python,PyDescr_IsData
2234543.0,3749543,python,[JIT],0x0000f0a3d1cd2358
2234459.0,3749463,python,python,tuple_hash
2234450.0,3749383,python,python,_PyObject_LookupSpecialMethod
2234449.0,3749240,python,python,tuple_hash
2234445.0,3749463,python,python,PyObject_Malloc
2234439.0,3749336,python,python,_Py_BuiltinCallFast_StackRef
2234432.0,3749586,python,python,_PyObject_RealIsInstance
2234419.0,3749463,python,python,PyDescr_IsData
2234375.0,3749336,python,[JIT],0x0000e82e99e47ab4
2234289.0,3749240,python,python,_PyObject_GC_New
2234284.0,3749240,python,python,PyFunction_NewWithQualName
2234250.0,3749240,python,python,_PyObject_GC_Link
2234246.0,3749586,python,[JIT],0x0000f45d96dde484
2234235.0,3749586,python,python,dictvalues_iter
2234226.0,3749586,python,python,PyMem_Calloc
2234218.0,3749208,python,libc.so.6,__memcpy_generic
2234203.0,3749543,python,python,set_dealloc
2234157.0,3749383,python,python,PyObject_Vectorcall
2234140.0,3749586,python,python,pysiphash
2234138.0,3749383,python,python,unicodekeys_lookup_unicode
2234054.0,3749586,python,[JIT],0x0000f45d96af8358
2234038.0,3749208,python,python,Py_HashBuffer
2234020.0,3749240,python,python,cell_dealloc
2234014.0,3749208,python,python,_Py_BuiltinCallFast_StackRef
2233977.0,3749543,python,python,_PyObject_Realloc
2233976.0,3749208,python,[JIT],0x0000e7243c8b34e8
2233968.0,3749383,python,python,PyObject_Malloc
2233932.0,3749543,python,[JIT],0x0000f0a3d1cd9394
2233915.0,3749543,python,python,_PyObject_TryGetInstanceAttribute
2233914.0,3749543,python,python,builtin_hash
2233898.0,3749208,python,python,_Py_CheckFunctionResult
2233898.0,3749463,python,python,set_update_iterable_lock_held
2233837.0,3749240,python,[JIT],0x0000ee2d4ca5a0ac
2233772.0,3749463,python,python,_Py_dict_lookup_threadsafe_stackref
2233749.0,3749240,python,[JIT],0x0000ee2d4d0fc04c
2233736.0,3749383,python,python,PyObject_IsTrue
2233679.0,3749240,python,libc.so.6,memcmp
2233659.0,3749240,python,python,PyFunction_New
2233651.0,3749463,python,python,_PyDict_LoadGlobalStackRef
2233049.0,3749208,python,python,set_update_iterable_lock_held
2220625.0,3749463,python,python,_PyObject_GC_NewVar
2046461.0,3749463,python,python,set_dealloc
2002352.0,3749543,python,python,_PyObject_GC_NewVar
1988139.0,3749336,python,python,_PyStaticType_GetState
1986944.0,3749336,python,python,deque_append
1986810.0,3749336,python,python,PyObject_Free
1986540.0,3749336,python,python,_Py_dict_lookup
1986498.0,3749463,python,python,insert_to_emptydict
1986492.0,3749240,python,python,_PyEval_Vector
1986454.0,3749463,python,python,dictitems_iter
1986447.0,3749336,python,python,object_get_class
1986427.0,3749336,python,python,PyFunction_New
1986425.0,3749336,python,python,_PyDict_LoadBuiltinsFromGlobals
1986413.0,3749240,python,python,_PyObject_RealIsInstance
1986406.0,3749463,python,python,_PyThreadState_PushFrame
1986349.0,3749543,python,python,PyFunction_New
1986335.0,3749543,python,python,PyObject_Malloc
1986327.0,3749463,python,python,_PyObject_LookupSpecialMethod
1986317.0,3749586,python,[JIT],0x0000f45d96e1cd14
1986292.0,3749336,python,python,cell_dealloc
1986260.0,3749240,python,python,getset_get
1986206.0,3749336,python,python,method_dealloc
1986185.0,3749586,python,python,builtin_hash
1986185.0,3749586,python,python,set_dealloc
1986165.0,3749543,python,[JIT],0x0000f0a3d1d87d14
1986153.0,3749383,python,python,method_vectorcall_O
1986144.0,3749586,python,python,dict_items
1986133.0,3749336,python,python,PyCell_New
1986115.0,3749543,python,python,list_dealloc
1986062.0,3749543,python,[JIT],0x0000f0a3d1cd51a4
1986044.0,3749586,python,[JIT],0x0000f45d96ec1980
1986043.0,3749586,python,python,_PyEval_Vector
1986031.0,3749543,python,python,memset@plt
1986018.0,3749463,python,python,method_dealloc
1985981.0,3749383,python,python,lookup_method_ex.constprop.0
1985976.0,3749463,python,[JIT],0x0000e07d3f9e4130
1985927.0,3749543,python,python,dict_values
1985922.0,3749240,python,python,siphash13
1985918.0,3749383,python,python,PyObject_GC_UnTrack
1985899.0,3749586,python,python,list_dealloc
1985848.0,3749586,python,[JIT],0x0000f45d9657cc90
1985839.0,3749336,python,python,_PyDict_LoadGlobalStackRef
1985827.0,3749463,python,python,_PyUnicode_JoinArray.part.0
1985792.0,3749586,python,python,PyDict_GetItemRef
1985779.0,3749463,python,[JIT],0x0000e07d3f9e5980
1985720.0,3749463,python,python,cell_dealloc
1985713.0,3749240,python,[JIT],0x0000ee2d4d0f9358
1985695.0,3749208,python,python,pysiphash
1985682.0,3749240,python,python,_PyObject_GetMethodStackRef
1985674.0,3749586,python,python,set_update_iterable_lock_held
1985650.0,3749208,python,[JIT],0x0000e7243c4ee088
1985563.0,3749463,python,[JIT],0x0000e07d3f6fc358
1985541.0,3749240,python,python,_PyObject_TryGetInstanceAttribute
1981733.0,3749586,python,python,_list_extend
1980518.0,3749543,python,python,_Py_CheckFunctionResult
1972911.0,3749240,python,[JIT],0x0000ee2d4d2fcd14
1780024.0,3749240,python,[kernel.kallsyms],task_mm_cid_work
1756763.0,3749543,python,python,PyObject_Hash
1750933.0,3749586,python,python,PyFunction_NewWithQualName
1740547.0,3749586,python,python,_PyObject_LookupSpecialMethod
1739171.0,3749336,python,python,_PyObject_Calloc
1738394.0,3749336,python,python,PyObject_Hash
1738372.0,3749336,python,python,make_gen
1738357.0,3749463,python,python,_PyObject_GC_Link
1738289.0,3749336,python,python,set_vectorcall
1738269.0,3749463,python,python,object_get_class
1738257.0,3749336,python,python,dictiter_dealloc
1738251.0,3749463,python,python,_PyEval_Vector
1738248.0,3749336,python,[JIT],0x0000e82e99e4304c
1738246.0,3749336,python,python,PyObject_CallFinalizerFromDealloc
1738215.0,3749463,python,python,object_recursive_isinstance
1738143.0,3749463,python,python,PyList_New
1738135.0,3749543,python,python,tuple_hash
1738116.0,3749336,python,python,dictitems_iter
1738089.0,3749463,python,python,_PyForIter_VirtualIteratorNext
1738081.0,3749240,python,python,dictitems_iter
1738056.0,3749240,python,python,PyMem_Free
1738032.0,3749336,python,[JIT],0x0000e82e99e0f358
1738008.0,3749240,python,python,make_gen
1737989.0,3749463,python,python,list_dealloc
1737980.0,3749463,python,python,dict_dealloc
1737978.0,3749543,python,python,_PyType_GetDict
1737955.0,3749240,python,python,PyList_New
1737937.0,3749543,python,python,_PyDict_LoadGlobalStackRef
1737880.0,3749463,python,python,list_to_tuple
1737874.0,3749543,python,[JIT],0x0000f0a3d1cd29e0
1737826.0,3749586,python,[JIT],0x0000f45d96e1c4d0
1737822.0,3749543,python,python,_Py_dict_lookup
1737811.0,3749543,python,python,PyDescr_IsData
1737798.0,3749586,python,python,PyObject_Malloc
1737795.0,3749543,python,[JIT],0x0000f0a3d1cd9484
1737781.0,3749543,python,python,dict_items
1737780.0,3749208,python,python,dict_values
1737766.0,3749586,python,python,PyObject_Hash
1737745.0,3749543,python,python,_PyCallMethodDescriptorFast_StackRef
1737734.0,3749240,python,python,object_get_class
1737724.0,3749586,python,[JIT],0x0000f45d96af2060
1737720.0,3749336,python,[JIT],0x0000e82e99e47b70
1737694.0,3749240,python,[JIT],0x0000ee2d4d2fc454
1737667.0,3749383,python,python,PyDescr_IsData
1737599.0,3749383,python,python,_PyTuple_FromPairSteal
1737594.0,3749543,python,python,_PyUnicode_ExactDealloc
1737578.0,3749463,python,[JIT],0x0000e07d3f6fc088
1737559.0,3749543,python,python,_PyObject_LookupSpecialMethod
1737486.0,3749586,python,python,_PyUnicode_ExactDealloc
1737455.0,3749240,python,python,method_dealloc
1737382.0,3749240,python,[JIT],0x0000ee2d4d2beac0
1737379.0,3749208,python,[JIT],0x0000e7243c801068
1737368.0,3749208,python,python,deque_append
1737350.0,3749240,python,python,_Py_CheckFunctionResult
1737350.0,3749240,python,python,builtin_hash
1737341.0,3749240,python,python,_PyStaticType_GetState
1737340.0,3749383,python,python,_PyObject_GC_Link
1737237.0,3749208,python,python,PyErr_Occurred
1737216.0,3749543,python,python,PyCell_New
1737158.0,3749543,python,python,_PyStaticType_GetState
1736975.0,3749336,python,python,dict_richcompare
1736921.0,3749586,python,python,method_dealloc
1736790.0,3749463,python,python,member_get
1736655.0,3749586,python,python,_PyList_AsTupleAndClear
1728364.0,3749240,python,python,_Py_bytes_lower
1722444.0,3749586,python,python,_PyDict_FromItems
1720374.0,3749240,python,[JIT],0x0000ee2d4d2f7fc8
1665497.0,3749383,python,python,PyObject_GC_Del
1515235.0,3749586,python,python,_PyForIter_VirtualIteratorNext
1496675.0,3749586,python,python,object_get_class
1494156.0,3749543,python,python,PyObject_IsTrue
1492858.0,3749336,python,python,PyObject_GetIter
1490974.0,3749543,python,python,member_get
1490961.0,3749586,python,python,_PyObject_TryGetInstanceAttribute
1490385.0,3749336,python,python,_PyObject_GC_Link
1490177.0,3749336,python,python,PyObject_IsTrue
1490126.0,3749336,python,python,_PyList_AsTupleAndClear
1489951.0,3749336,python,python,builtin_hash
1489944.0,3749463,python,python,unicode_hash
1489942.0,3749336,python,[JIT],0x0000e82e99ef61bc
1489939.0,3749336,python,python,_PyObject_LookupSpecialMethod
1489920.0,3749336,python,[JIT],0x0000e82e99ef5d14
1489897.0,3749543,python,python,new_dict.constprop.0
1489856.0,3749336,python,[JIT],0x0000e82e99e432ec
1489848.0,3749336,python,python,member_get
1489843.0,3749336,python,[JIT],0x0000e82e99e4efc8
1489840.0,3749336,python,[JIT],0x0000e82e995fd70c
1489832.0,3749208,python,python,member_get
1489829.0,3749383,python,python,_PyObject_GC_NewVar
1489826.0,3749336,python,[JIT],0x0000e82e99e431a4
1489817.0,3749586,python,python,PyObject_Free
1489768.0,3749543,python,[JIT],0x0000f0a3d197870c
1489766.0,3749543,python,python,_PyEval_Vector
1489763.0,3749586,python,python,siphash13
1489760.0,3749336,python,python,PyMem_Free
1489759.0,3749240,python,python,PyDict_GetItemRef
1489757.0,3749463,python,python,slot_tp_hash
1489726.0,3749463,python,python,make_gen
1489721.0,3749336,python,python,dict_values
1489700.0,3749543,python,[JIT],0x0000f0a3d1cd531c
1489697.0,3749586,python,python,gen_iternext
1489690.0,3749543,python,python,dict_richcompare
1489655.0,3749543,python,python,make_new_set
1489654.0,3749240,python,python,PyObject_Hash
1489625.0,3749586,python,[JIT],0x0000f45d96579abc
1489617.0,3749383,python,python,_PyObject_GC_New
1489616.0,3749463,python,python,_PyTuple_FromPairSteal
1489588.0,3749543,python,python,_list_extend
1489586.0,3749208,python,libc.so.6,memcmp
1489564.0,3749383,python,python,dict_items
1489552.0,3749543,python,python,builtin_hasattr
1489544.0,3749543,python,python,unicode_lower
1489496.0,3749240,python,[JIT],0x0000ee2d4d2fc4d0
1489494.0,3749208,python,[JIT],0x0000e7243c805ab4
1489493.0,3749543,python,python,memcmp@plt
1489477.0,3749586,python,python,PyObject_CallFinalizerFromDealloc
1489462.0,3749383,python,python,PyObject_GetIter
1489455.0,3749463,python,[JIT],0x0000e07d3f93b1cc
1489450.0,3749586,python,python,_PyThreadState_PushFrame
1489447.0,3749463,python,python,_PyObject_TryGetInstanceAttribute
1489446.0,3749240,python,python,new_dict.constprop.0
1489442.0,3749240,python,python,PyCell_New
1489440.0,3749586,python,python,dictitems_iter
1489436.0,3749586,python,python,PyObject_CallOneArg
1489431.0,3749543,python,[JIT],0x0000f0a3d1d8209c
1489416.0,3749240,python,[JIT],0x0000ee2d4d2f86d4
1489412.0,3749586,python,python,_Py_bytes_lower
1489407.0,3749543,python,python,slot_tp_richcompare
1489402.0,3749240,python,python,find_name_in_mro
1489393.0,3749383,python,python,list_dealloc
1489386.0,3749586,python,python,cell_dealloc
1489367.0,3749586,python,libc.so.6,memcmp
1489364.0,3749383,python,python,slot_tp_hash
1489360.0,3749586,python,[JIT],0x0000f45d96af170c
1489355.0,3749208,python,python,_PyObject_TryGetInstanceAttribute
1489341.0,3749240,python,[JIT],0x0000ee2d4d2f7050
1489332.0,3749543,python,python,_PyObject_GetMethodStackRef
1489320.0,3749463,python,[JIT],0x0000e07d3f933484
1489287.0,3749543,python,python,Py_HashBuffer
1489282.0,3749543,python,[JIT],0x0000f0a3d1d8b980
1489280.0,3749463,python,[JIT],0x0000e07d3f93131c
1489271.0,3749240,python,python,list_dealloc
1489269.0,3749586,python,[JIT],0x0000f45d96e186d4
1489268.0,3749208,python,[JIT],0x0000e7243c4ee544
1489254.0,3749208,python,python,_PyType_AllocNoTrack
1489251.0,3749208,python,python,PyObject_GenericSetAttr
1489248.0,3749208,python,[JIT],0x0000e7243bfb9068
1489240.0,3749463,python,python,_Py_bytes_lower
1489239.0,3749586,python,[JIT],0x0000f45d96ec22c4
1489239.0,3749463,python,python,_Py_CheckFunctionResult
1489232.0,3749463,python,[JIT],0x0000e07d3f9e1d14
1489207.0,3749543,python,python,_PyType_AllocNoTrack
1489191.0,3749463,python,[JIT],0x0000e07d3f93d60c
1489174.0,3749463,python,[JIT],0x0000e07d3f933394
1489172.0,3749463,python,python,_PyType_AllocNoTrack
1489168.0,3749543,python,python,_Py_dict_lookup_threadsafe_stackref
1489165.0,3749463,python,python,PyObject_GenericSetAttr
1489151.0,3749240,python,[JIT],0x0000ee2d4d0fc1a4
1489125.0,3749240,python,python,slot_tp_hash
1489121.0,3749240,python,[JIT],0x0000ee2d4d2fd18c
1489097.0,3749208,python,[JIT],0x0000e7243bf4c188
1489075.0,3749586,python,python,deque_append
1489072.0,3749240,python,python,_Py_CallBuiltinClass_StackRef
1489049.0,3749208,python,[JIT],0x0000e7243bfb970c
1489043.0,3749586,python,[JIT],0x0000f45d96afb2ec
1489025.0,3749240,python,python,PyErr_Occurred
1489021.0,3749208,python,[JIT],0x0000e7243c8b3390
1488996.0,3749208,python,python,PyObject_SetAttr
1488980.0,3749240,python,python,_Py_VectorCall_StackRefSteal
1488856.0,3749463,python,python,deque_append
1488473.0,3749240,python,python,PyMember_SetOne
1488444.0,3749336,python,python,_PyCallMethodDescriptorFast_StackRef
1487280.0,3749463,python,python,_PyObject_Calloc
1486386.0,3749240,python,[JIT],0x0000ee2d4d2f18e8
1481604.0,3749240,python,[JIT],0x0000ee2d4ca59c74
1443647.0,3749240,python,python,unicodekeys_lookup_unicode
1276496.0,3749586,python,python,_PyObject_GetAttrStackRef
1260467.0,3749586,python,libc.so.6,__memset_zva64
1242822.0,3749240,python,[JIT],0x0000ee2d4d3a1978
1242570.0,3749336,python,python,PyObject_GenericSetAttr
1241949.0,3749336,python,[JIT],0x0000e82e99e47f10
1241922.0,3749336,python,python,dict_get
1241914.0,3749586,python,python,PyBool_FromLong
1241760.0,3749336,python,python,_PyTuple_FromPairSteal
1241756.0,3749336,python,[JIT],0x0000e82e99ef9968
1241711.0,3749336,python,[JIT],0x0000e82e99e49f8c
1241677.0,3749336,python,[JIT],0x0000e82e99ef9974
1241668.0,3749336,python,python,PyObject_CallOneArg
1241618.0,3749463,python,python,method_vectorcall_O
1241611.0,3749336,python,python,_PyType_GetDict
1241598.0,3749336,python,python,slot_tp_hash
1241597.0,3749336,python,[JIT],0x0000e82e99e4e03c
1241592.0,3749336,python,python,_PyObject_GC_NewVar
1241589.0,3749240,python,python,gen_iternext
1241552.0,3749586,python,python,PyList_New.constprop.0
1241550.0,3749336,python,[JIT],0x0000e82e99e4e050
1241539.0,3749336,python,[JIT],0x0000e82e99e47ac0
1241521.0,3749463,python,python,PyObject_Free
1241520.0,3749336,python,python,deque_popleft
1241518.0,3749336,python,python,_Py_CheckFunctionResult
1241514.0,3749336,python,[JIT],0x0000e82e99ef996c
1241492.0,3749336,python,python,list_to_tuple
1241489.0,3749336,python,python,_Py_CallBuiltinClass_StackRef
1241479.0,3749240,python,python,dictiter_iternextvalue
1241477.0,3749336,python,python,_PyType_AllocNoTrack
1241471.0,3749463,python,python,dictkeys_decref.part.0.constprop.0
1241470.0,3749463,python,python,PyObject_CallFinalizerFromDealloc
1241461.0,3749463,python,python,siphash13
1241460.0,3749543,python,python,PyObject_CallFinalizerFromDealloc
1241456.0,3749240,python,python,dictiter_dealloc
1241454.0,3749463,python,python,_PyCallMethodDescriptorFast_StackRef
1241440.0,3749586,python,python,dictkeys_decref.part.0.constprop.0
1241419.0,3749586,python,python,dictview_dealloc
1241419.0,3749240,python,python,_PyDict_LoadBuiltinsFromGlobals
1241403.0,3749463,python,python,PyFunction_NewWithQualName
1241388.0,3749543,python,python,dict_get
1241386.0,3749543,python,[JIT],0x0000f0a3d1cd9f10
1241382.0,3749208,python,[JIT],0x0000e7243c8b82c4
1241382.0,3749586,python,python,PyList_New
1241359.0,3749336,python,python,PyObject_SetAttr
1241348.0,3749543,python,python,slot_tp_hash
1241346.0,3749543,python,[JIT],0x0000f0a3d1d8c2c4
1241345.0,3749208,python,[JIT],0x0000e7243c801000
1241340.0,3749240,python,python,_PyCallMethodDescriptorFast_StackRef
1241320.0,3749586,python,python,new_dict.constprop.0
1241316.0,3749586,python,[JIT],0x0000f45d96e1ce68
1241316.0,3749240,python,python,func_dealloc
1241315.0,3749240,python,python,PyList_New.constprop.0
1241301.0,3749543,python,[JIT],0x0000f0a3d1cdc7b8
1241294.0,3749586,python,python,dict_get
1241288.0,3749240,python,python,dict_items
1241288.0,3749463,python,python,_list_extend
1241287.0,3749543,python,python,_PyList_AppendTakeRefListResize
1241286.0,3749543,python,[JIT],0x0000f0a3d1cd3068
1241285.0,3749383,python,python,_PyForIter_VirtualIteratorNext
1241279.0,3749586,python,python,PyLong_AsSsize_t
1241275.0,3749336,python,python,_Py_dict_lookup_threadsafe_stackref
1241271.0,3749240,python,python,unicode_dealloc
1241246.0,3749383,python,python,dictiter_dealloc
1241245.0,3749240,python,python,unicode_hash
1241240.0,3749240,python,[JIT],0x0000ee2d4d2be3a0
1241237.0,3749586,python,python,dictiter_dealloc
1241236.0,3749543,python,[JIT],0x0000f0a3d1cd9ab4
1241236.0,3749543,python,python,PyBool_FromLong
1241231.0,3749586,python,python,make_gen
1241229.0,3749586,python,python,dict_dealloc
1241222.0,3749336,python,[JIT],0x0000e82e99e430ec
1241217.0,3749240,python,python,PyObject_Free
1241213.0,3749543,python,[JIT],0x0000f0a3d1d874e8
1241206.0,3749543,python,python,method_vectorcall_O
1241200.0,3749586,python,[JIT],0x0000f45d96e12ed8
1241199.0,3749463,python,[JIT],0x0000e07d3f9314e4
1241196.0,3749586,python,[JIT],0x0000f45d96ec1084
1241190.0,3749586,python,[JIT],0x0000f45d96af836c
1241190.0,3749543,python,python,object_recursive_isinstance
1241188.0,3749586,python,python,func_clear
1241188.0,3749383,python,python,dict_richcompare
1241181.0,3749586,python,python,_PyType_GetDict
1241180.0,3749543,python,[JIT],0x0000f0a3d190c384
1241174.0,3749586,python,python,dict_values
1241153.0,3749463,python,[JIT],0x0000e07d3f931578
1241151.0,3749543,python,[JIT],0x0000f0a3d1978068
1241144.0,3749586,python,python,memcmp@plt
1241140.0,3749240,python,python,_PyFunction_Vectorcall
1241139.0,3749240,python,python,_list_extend
1241137.0,3749463,python,[JIT],0x0000e07d3f93397c
1241130.0,3749586,python,python,_Py_CheckFunctionResult
1241128.0,3749383,python,python,_PyUnicode_JoinArray.part.0
1241125.0,3749240,python,[JIT],0x0000ee2d4d2f703c
1241125.0,3749543,python,python,PyObject_GenericSetAttr
1241123.0,3749586,python,[JIT],0x0000f45d96ddeb70
1241116.0,3749383,python,python,PyMem_Free
1241106.0,3749208,python,[JIT],0x0000e7243bf4c3a8
1241102.0,3749208,python,python,_PyUnicode_JoinArray
1241091.0,3749208,python,python,PyMember_SetOne
1241079.0,3749383,python,python,dict_get
1241067.0,3749240,python,[JIT],0x0000ee2d4d0f95a8
1241062.0,3749586,python,python,PyCallable_Check
1241055.0,3749463,python,python,PyMem_Realloc
1241054.0,3749586,python,[JIT],0x0000f45d96e1f130
1241030.0,3749240,python,python,_PyUnicode_JoinArray.part.0
1240989.0,3749543,python,python,enum_next
1240989.0,3749463,python,python,_PyUnicode_ExactDealloc
1240981.0,3749383,python,python,PyObject_Free
1240978.0,3749208,python,[JIT],0x0000e7243c8053c0
1240975.0,3749208,python,python,PyCell_New
1240965.0,3749586,python,[JIT],0x0000f45d96e1d1d8
1240961.0,3749463,python,[JIT],0x0000e07d3f9e2534
1240959.0,3749240,python,[JIT],0x0000ee2d4d0f92ec
1240956.0,3749463,python,python,builtin_hasattr
1240946.0,3749240,python,python,PyType_GenericAlloc
1240945.0,3749240,python,[JIT],0x0000ee2d4d2fd350
1240935.0,3749543,python,python,deque_append
1240934.0,3749240,python,python,set_update_local
1240928.0,3749240,python,[JIT],0x0000ee2d4d2f7fcc
1240919.0,3749463,python,[JIT],0x0000e07d3f6fc2b4
1240909.0,3749208,python,[JIT],0x0000e7243c80131c
1240900.0,3749240,python,[JIT],0x0000ee2d4ca59384
1240896.0,3749208,python,[JIT],0x0000e7243c8b392c
1240887.0,3749208,python,[JIT],0x0000e7243c8b3f44
1240879.0,3749463,python,[JIT],0x0000e07d3f931068
1240873.0,3749208,python,[JIT],0x0000e7243c8b41d8
1240867.0,3749463,python,[JIT],0x0000e07d3f9311a4
1240856.0,3749383,python,python,_PyDict_LoadBuiltinsFromGlobals
1240838.0,3749240,python,python,_PyEval_LoadGlobalStackRef
1240821.0,3749240,python,python,PyObject_SetAttr
1240814.0,3749208,python,[JIT],0x0000e7243c80cfcc
1240761.0,3749586,python,python,_Py_VectorCall_StackRefSteal
1240733.0,3749586,python,[JIT],0x0000f45d96e1cd38
1240723.0,3749240,python,python,_PyDict_FromItems
1240658.0,3749240,python,python,_Py_dict_lookup_threadsafe_stackref
1240643.0,3749208,python,[JIT],0x0000e7243c802aa4
1240509.0,3749240,python,[JIT],0x0000ee2d4ca5c64c
1240465.0,3749463,python,libc.so.6,memcmp
1239624.0,3749208,python,[JIT],0x0000e7243c8e7020
1239138.0,3749240,python,python,PyObject_CallFinalizerFromDealloc
1236873.0,3749336,python,[JIT],0x0000e82e99e4e004
1236727.0,3749208,python,[JIT],0x0000e7243c8b37b4
1234785.0,3749586,python,[JIT],0x0000f45d96e118e8
1229272.0,3749336,python,python,make_new_set
1041208.0,3749336,python,[kernel.kallsyms],task_mm_cid_work
1033145.0,3749543,python,python,PyObject_CallOneArg
1005441.0,3749586,python,[JIT],0x0000f45d96e17194
995343.0,3749586,python,python,PyMember_GetOne
993842.0,3749463,python,python,PyObject_SelfIter
993716.0,3749336,python,[JIT],0x0000e82e99e43404
993507.0,3749336,python,python,dictkeys_decref.part.0.constprop.0
993493.0,3749336,python,python,_PyJit_translate_single_bytecode_to_trace
993442.0,3749336,python,python,gen_iternext
993417.0,3749336,python,[kernel.kallsyms],perf_iterate_ctx
993405.0,3749336,python,[JIT],0x0000e82e99e4ee48
993384.0,3749336,python,python,insertdict
993375.0,3749336,python,[JIT],0x0000e82e99e47e80
993369.0,3749463,python,python,insertdict
993355.0,3749336,python,[JIT],0x0000e82e99e0f9e0
993353.0,3749336,python,python,PyList_New
993335.0,3749463,python,[kernel.kallsyms],perf_iterate_ctx
993323.0,3749383,python,python,make_gen
993321.0,3749543,python,[JIT],0x0000f0a3d1d841e8
993309.0,3749336,python,python,PyUnicode_New.part.0
993307.0,3749336,python,[JIT],0x0000e82e99e4e048
993307.0,3749336,python,[JIT],0x0000e82e99ef6cf0
993277.0,3749336,python,python,func_dealloc
993274.0,3749336,python,python,PyErr_Occurred
993256.0,3749240,python,[JIT],0x0000ee2d4d2bee88
993245.0,3749543,python,python,dictvalues_iter
993243.0,3749336,python,[JIT],0x0000e82e99e4e434
993242.0,3749336,python,python,unicode_hash
993240.0,3749336,python,python,unicode_lower
993235.0,3749383,python,python,gen_iternext
993235.0,3749463,python,[kernel.kallsyms],handle_softirqs
993235.0,3749463,python,python,unicode_lower
993228.0,3749240,python,python,PyObject_GenericSetAttr
993226.0,3749543,python,[JIT],0x0000f0a3d1cd51e4
993222.0,3749336,python,python,PyLong_FromSsize_t
993211.0,3749543,python,python,find_empty_slot
993210.0,3749336,python,[JIT],0x0000e82e995fd804
993206.0,3749543,python,python,PyObject_GetIter
993190.0,3749463,python,python,_PyEval_GetIter
993184.0,3749543,python,python,_PyDict_FromItems
993183.0,3749336,python,python,PySequence_Contains
993181.0,3749336,python,[JIT],0x0000e82e99e4e148
993178.0,3749543,python,python,unicode_dealloc
993174.0,3749586,python,[JIT],0x0000f45d96dde04c
993167.0,3749586,python,python,_PyList_FromStackRefStealOnSuccess
993164.0,3749240,python,python,_PyForIter_VirtualIteratorNext
993163.0,3749336,python,[JIT],0x0000e82e99ef61b8
993158.0,3749336,python,[JIT],0x0000e82e99e48878
993157.0,3749586,python,python,_PyCallMethodDescriptorFast_StackRef
993153.0,3749543,python,python,_PyEval_GetIter
993152.0,3749383,python,python,_PyObject_GetAttrStackRef
993145.0,3749336,python,[JIT],0x0000e82e99e0f49c
993140.0,3749240,python,python,PyUnicode_New.part.0
993140.0,3749543,python,[JIT],0x0000f0a3d1d82434
993138.0,3749383,python,python,_PyObject_GetMethodStackRef
993137.0,3749240,python,python,_PyObject_GetMethodStackRef
993136.0,3749543,python,[JIT],0x0000f0a3d1d874d0
993128.0,3749336,python,python,func_clear
993128.0,3749336,python,python,type___instancecheck__
993120.0,3749240,python,[JIT],0x0000ee2d4ca55304
993119.0,3749383,python,python,slot_tp_richcompare
993118.0,3749586,python,[JIT],0x0000f45d96afb31c
993115.0,3749543,python,python,PyMem_Free
993113.0,3749586,python,[JIT],0x0000f45d96ddec14
993106.0,3749543,python,python,_Py_BuildString_StackRefSteal
993105.0,3749586,python,python,_PyTuple_FromPairSteal
993096.0,3749463,python,python,method_dealloc
993092.0,3749240,python,python,func_clear
993090.0,3749586,python,[JIT],0x0000f45d96e17258
993088.0,3749586,python,[JIT],0x0000f45d96e1e55c
993087.0,3749586,python,python,set_add_entry_takeref
993084.0,3749240,python,python,_PyObject_GC_NewVar
993081.0,3749336,python,python,_Py_VectorCall_StackRefSteal
993080.0,3749586,python,python,_PyType_AllocNoTrack
993078.0,3749586,python,[JIT],0x0000f45d96dde3a0
993074.0,3749336,python,[JIT],0x0000e82e99e473f8
993072.0,3749336,python,[JIT],0x0000e82e99e474a8
993068.0,3749543,python,python,PyDict_GetItemRef
993066.0,3749543,python,[JIT],0x0000f0a3d1cdb8e8
993062.0,3749586,python,[JIT],0x0000f45d96afb578
993056.0,3749208,python,python,gc_collect_main
993054.0,3749586,python,python,deque_popleft
993053.0,3749543,python,[JIT],0x0000f0a3d1d82178
993053.0,3749336,python,libc.so.6,memcmp
993049.0,3749383,python,python,PyUnicode_New.part.0
993047.0,3749586,python,[JIT],0x0000f45d96e1cd64
993047.0,3749383,python,python,type___instancecheck__
993047.0,3749543,python,python,long_dealloc
993046.0,3749586,python,python,_PyList_AppendTakeRefListResize
993043.0,3749383,python,python,func_clear
993042.0,3749208,python,[JIT],0x0000e7243bfb9f38
993041.0,3749383,python,python,PyBool_FromLong
993037.0,3749208,python,[JIT],0x0000e7243c8b797c
993026.0,3749208,python,python,memcpy@plt
993025.0,3749240,python,[JIT],0x0000ee2d4d2fd140
993025.0,3749383,python,python,new_dict.constprop.0
993020.0,3749543,python,python,PyList_New.constprop.0
993019.0,3749463,python,[JIT],0x0000e07d3f0d5c90
993018.0,3749240,python,[JIT],0x0000ee2d4d3d101c
993015.0,3749463,python,[JIT],0x0000e07d3f0d44d4
993009.0,3749240,python,[JIT],0x0000ee2d4d2beb70
993009.0,3749463,python,[JIT],0x0000e07d3f9e5974
993006.0,3749586,python,[JIT],0x0000f45d96dde3d0
993006.0,3749586,python,[JIT],0x0000f45d96dde404
993003.0,3749208,python,python,_PyOptimizer_Optimize
993003.0,3749543,python,[JIT],0x0000f0a3d1d874e8
993002.0,3749383,python,python,PyList_New
993000.0,3749336,python,[JIT],0x0000e82e99ef2550
992999.0,3749240,python,[JIT],0x0000ee2d4d2bf878
992996.0,3749336,python,python,dictiter_iternextvalue
992995.0,3749543,python,[JIT],0x0000f0a3d1d87d6c
992993.0,3749543,python,[JIT],0x0000f0a3d1d82048
992993.0,3749463,python,[JIT],0x0000e07d3f936a44
992992.0,3749586,python,[JIT],0x0000f45d96dde3e0
992991.0,3749586,python,[JIT],0x0000f45d96e1703c
992988.0,3749240,python,python,find_empty_slot
992986.0,3749543,python,[JIT],0x0000f0a3d1cd2310
992984.0,3749463,python,[JIT],0x0000e07d3f8fe794
992983.0,3749586,python,[JIT],0x0000f45d96ec10cc
992981.0,3749463,python,[JIT],0x0000e07d3f93b194
992980.0,3749463,python,python,unicode_strip
992976.0,3749240,python,[JIT],0x0000ee2d4d2fb170
992975.0,3749463,python,python,dict_items
992970.0,3749240,python,python,PyObject_CallOneArg
992966.0,3749208,python,[JIT],0x0000e7243c8b708c
992965.0,3749463,python,[JIT],0x0000e07d3f094b7c
992964.0,3749240,python,python,_PyEval_GetIter
992963.0,3749240,python,python,set_vectorcall
992963.0,3749463,python,[JIT],0x0000e07d3f099000
992961.0,3749463,python,[JIT],0x0000e07d3f6fc44c
992960.0,3749543,python,python,_PyThreadState_PushFrame
992959.0,3749586,python,[JIT],0x0000f45d96e129e4
992957.0,3749208,python,[kernel.kallsyms],perf_iterate_ctx
992957.0,3749463,python,[JIT],0x0000e07d3f9e50c4
992956.0,3749208,python,[JIT],0x0000e7243c8b3fec
992951.0,3749586,python,python,find_empty_slot
992948.0,3749543,python,[JIT],0x0000f0a3d19344d4
992947.0,3749543,python,python,_PyObject_GC_Link
992945.0,3749586,python,[JIT],0x0000f45d96e17fcc
992945.0,3749240,python,[JIT],0x0000ee2d4d2f91a0
992942.0,3749543,python,[JIT],0x0000f0a3d1d821e0
992941.0,3749586,python,[JIT],0x0000f45d96e1b06c
992940.0,3749586,python,[JIT],0x0000f45d96ec263c
992940.0,3749463,python,python,_PyUnicode_InternMortal
992937.0,3749336,python,[JIT],0x0000e82e99e0f568
992935.0,3749240,python,[JIT],0x0000ee2d4d2f70b8
992929.0,3749208,python,[JIT],0x0000e7243c4ee568
992929.0,3749586,python,[JIT],0x0000f45d96ec1974
992925.0,3749463,python,[JIT],0x0000e07d3f93304c
992923.0,3749383,python,python,PyObject_CallOneArg
992911.0,3749463,python,[JIT],0x0000e07d3f9312ec
992909.0,3749543,python,[JIT],0x0000f0a3d1d87e68
992905.0,3749240,python,[JIT],0x0000ee2d4d2fcd6c
992904.0,3749463,python,[JIT],0x0000e07d3f6fc9e0
992904.0,3749463,python,[JIT],0x0000e07d3f9e218c
992903.0,3749240,python,python,deque_append
992901.0,3749240,python,[JIT],0x0000ee2d4d0f99d8
992894.0,3749463,python,libc.so.6,malloc
992893.0,3749543,python,python,builtin_getattr
992888.0,3749543,python,python,PyObject_SetAttr
992882.0,3749383,python,libc.so.6,__memset_zva64
992877.0,3749240,python,[JIT],0x0000ee2d4d2bf828
992876.0,3749240,python,python,_Py_LoadAttr_StackRefSteal
992874.0,3749543,python,python,memcpy@plt
992872.0,3749383,python,python,dictkeys_decref.part.0.constprop.0
992869.0,3749240,python,[JIT],0x0000ee2d4d2ff000
992867.0,3749240,python,[JIT],0x0000ee2d4d3a1084
992862.0,3749383,python,python,_PyType_GetDict
992860.0,3749240,python,[JIT],0x0000ee2d4d2be480
992859.0,3749543,python,python,dictkeys_decref.part.0.constprop.0
992857.0,3749586,python,[JIT],0x0000f45d96e1e504
992854.0,3749383,python,python,siphash13
992850.0,3749208,python,[JIT],0x0000e7243c4ee46c
992850.0,3749383,python,python,unicode_dealloc
992845.0,3749543,python,[JIT],0x0000f0a3d19091cc
992844.0,3749383,python,python,PyLong_FromSsize_t
992843.0,3749208,python,python,PySequence_Contains
992842.0,3749208,python,[JIT],0x0000e7243c80e008
992842.0,3749240,python,[JIT],0x0000ee2d4d2f71cc
992841.0,3749543,python,[JIT],0x0000f0a3d1d8b004
992836.0,3749208,python,[JIT],0x0000e7243c80438c
992836.0,3749543,python,[kernel.kallsyms],__perf_addr_filters_adjust
992836.0,3749543,python,[JIT],0x0000f0a3d1978074
992834.0,3749383,python,python,PyLong_AsSsize_t
992830.0,3749208,python,[JIT],0x0000e7243c801184
992830.0,3749240,python,[JIT],0x0000ee2d4d2f91d8
992828.0,3749208,python,[JIT],0x0000e7243c80c060
992828.0,3749586,python,[JIT],0x0000f45d96af9068
992824.0,3749208,python,[JIT],0x0000e7243c80c050
992824.0,3749208,python,[JIT],0x0000e7243c8b3d38
992821.0,3749208,python,python,_PyUnicode_Equal
992819.0,3749240,python,[JIT],0x0000ee2d4ca59abc
992818.0,3749463,python,[JIT],0x0000e07d3f6fc60c
992817.0,3749586,python,python,_PyOptimizer_Optimize
992813.0,3749208,python,[JIT],0x0000e7243c8b7040
992813.0,3749240,python,[JIT],0x0000ee2d4d2f1f8c
992803.0,3749463,python,[JIT],0x0000e07d3f09cca0
992796.0,3749463,python,[JIT],0x0000e07d3f6f5068
992789.0,3749586,python,[JIT],0x0000f45d96e1d0d8
992775.0,3749463,python,[JIT],0x0000e07d3f9e139c
992774.0,3749240,python,python,dict_get
992772.0,3749240,python,[kernel.kallsyms],perf_iterate_ctx
992771.0,3749336,python,[JIT],0x0000e82e99efa820
992768.0,3749240,python,python,dequeiter_next
992765.0,3749586,python,python,member_get
992764.0,3749208,python,python,optimize_uops.isra.0
992761.0,3749208,python,[JIT],0x0000e7243c805484
992754.0,3749208,python,[JIT],0x0000e7243c8054d0
992754.0,3749208,python,[JIT],0x0000e7243c80c0d8
992753.0,3749463,python,python,memset@plt
992751.0,3749240,python,[JIT],0x0000ee2d4d0fc004
992750.0,3749240,python,[JIT],0x0000ee2d4d2be484
992749.0,3749463,python,python,PyType_GenericAlloc
992749.0,3749463,python,[JIT],0x0000e07d3f0d202c
992736.0,3749463,python,[JIT],0x0000e07d3f93b048
992733.0,3749208,python,[JIT],0x0000e7243c8010ec
992730.0,3749208,python,[JIT],0x0000e7243c8b30c8
992719.0,3749463,python,python,PyFunction_New
992717.0,3749208,python,python,dictvalues_iter
992717.0,3749463,python,python,_PyList_AsTupleAndClear
992714.0,3749208,python,[JIT],0x0000e7243bfb9074
992710.0,3749240,python,python,deque_iter
992710.0,3749463,python,python,gc_collect_main
992701.0,3749240,python,[JIT],0x0000ee2d4d0f2068
992700.0,3749240,python,[JIT],0x0000ee2d4d2bef10
992687.0,3749463,python,[JIT],0x0000e07d3f933b70
992686.0,3749463,python,python,make_new_set
992677.0,3749463,python,[JIT],0x0000e07d3f6f6758
992673.0,3749208,python,[JIT],0x0000e7243c805f10
992670.0,3749208,python,[JIT],0x0000e7243c8b70ac
992657.0,3749463,python,[JIT],0x0000e07d3f9e1454
992652.0,3749240,python,[JIT],0x0000ee2d4d0f962c
992652.0,3749463,python,[JIT],0x0000e07d3f93f0fc
992649.0,3749586,python,[JIT],0x0000f45d96af912c
992630.0,3749208,python,python,builtin_hasattr
992617.0,3749208,python,[JIT],0x0000e7243c4ee518
992599.0,3749463,python,[JIT],0x0000e07d3f93b03c
992592.0,3749208,python,[JIT],0x0000e7243c80e1c8
992591.0,3749240,python,[JIT],0x0000ee2d4d0f21e4
992564.0,3749240,python,[JIT],0x0000ee2d4d0f9568
992544.0,3749240,python,[JIT],0x0000ee2d4d0fa068
992509.0,3749208,python,[JIT],0x0000e7243bf49000
992465.0,3749208,python,[JIT],0x0000e7243c8b6130
992436.0,3749586,python,python,unicode_strip
992423.0,3749208,python,[JIT],0x0000e7243c80c0b8
992106.0,3749208,python,[JIT],0x0000e7243c806878
991744.0,3749208,python,[JIT],0x0000e7243c8b3038
991736.0,3749463,python,python,builtin_hash
990915.0,3749463,python,[JIT],0x0000e07d3f6fe028
990843.0,3749463,python,python,_Py_VectorCall_StackRefSteal
989053.0,3749240,python,[JIT],0x0000ee2d4d0f9088
987377.0,3749240,python,[JIT],0x0000ee2d4d3a1080
987005.0,3749240,python,[JIT],0x0000ee2d4d2be250
984925.0,3749208,python,python,allocate_from_new_pool
984570.0,3749543,python,python,gc_collect_main
980657.0,3749208,python,[JIT],0x0000e7243c805b7c
977428.0,3749543,python,python,list_iter
976955.0,3749240,python,[JIT],0x0000ee2d4d2f914c
971457.0,3749383,python,python,PyList_New.constprop.0
800902.0,3749586,python,python,PyCell_New
773601.0,3749463,python,[kernel.kallsyms],task_mm_cid_work
764889.0,3749543,python,[kernel.kallsyms],task_mm_cid_work
753808.0,3749240,python,python,PyObject_GenericGetAttr
752864.0,3749208,python,[JIT],0x0000e7243c807300
748002.0,3749586,python,python,_PyTuple_FromArraySteal
745516.0,3749586,python,[JIT],0x0000f45d96e123c4
745119.0,3749336,python,python,new_dict.constprop.0
745076.0,3749208,python,[JIT],0x0000e7243c8b8144
745069.0,3749543,python,python,PyObject_Free
745064.0,3749336,python,[JIT],0x0000e82e99e47abc
745051.0,3749336,python,[JIT],0x0000e82e99e43578
745048.0,3749336,python,[JIT],0x0000e82e995b7304
745043.0,3749543,python,python,dict_dealloc
745042.0,3749336,python,python,_Py_bytes_lower
745037.0,3749336,python,[JIT],0x0000e82e99e4ac60
745034.0,3749586,python,python,PyMem_Calloc
745031.0,3749336,python,python,memcmp@plt
745023.0,3749543,python,python,dictiter_dealloc
745008.0,3749336,python,python,dict_items
745004.0,3749463,python,python,_PyOptimizer_Optimize
745002.0,3749336,python,[JIT],0x0000e82e99e447ac
745002.0,3749336,python,[JIT],0x0000e82e99ef11fc
744999.0,3749543,python,python,_PyList_AsTupleAndClear
744998.0,3749543,python,[JIT],0x0000f0a3d1cd951c
744998.0,3749336,python,python,PyDict_GetItemRef
744997.0,3749336,python,[JIT],0x0000e82e99e47ef4
744996.0,3749240,python,[JIT],0x0000ee2d4d3a27f4
744995.0,3749336,python,[JIT],0x0000e82e99ef5d38
744995.0,3749336,python,[JIT],0x0000e82e99ef906c
744993.0,3749336,python,[JIT],0x0000e82e99ef90a8
744985.0,3749336,python,[JIT],0x0000e82e99ef6350
744985.0,3749543,python,python,_PyForIter_VirtualIteratorNext
744977.0,3749336,python,[JIT],0x0000e82e995b83d8
744975.0,3749463,python,python,PyLong_FromSsize_t
744972.0,3749336,python,python,_Py_LoadAttr_StackRefSteal
744969.0,3749336,python,[JIT],0x0000e82e99e47bd4
744966.0,3749336,python,[JIT],0x0000e82e99ef9524
744961.0,3749463,python,python,PyObject_CallOneArg
744960.0,3749336,python,[JIT],0x0000e82e995fe784
744957.0,3749463,python,python,PyFunction_New
744956.0,3749543,python,python,_PyObject_GetAttrStackRef
744955.0,3749208,python,python,deque_popleft
744955.0,3749336,python,[JIT],0x0000e82e99ef53a4
744949.0,3749336,python,[JIT],0x0000e82e99ef2d6c
744948.0,3749336,python,[JIT],0x0000e82e99ef7500
744947.0,3749336,python,[JIT],0x0000e82e995fd5b4
744946.0,3749543,python,[JIT],0x0000f0a3d1d87e14
744944.0,3749336,python,[JIT],0x0000e82e99e47484
744944.0,3749336,python,[JIT],0x0000e82e99efa144
744943.0,3749336,python,[JIT],0x0000e82e99ef2b10
744940.0,3749336,python,[JIT],0x0000e82e99e0f1b0
744939.0,3749240,python,python,_PyStaticType_GetState
744937.0,3749336,python,[JIT],0x0000e82e99e4a7dc
744936.0,3749336,python,[JIT],0x0000e82e99e47984
744932.0,3749336,python,[JIT],0x0000e82e995fd068
744928.0,3749336,python,python,PyBool_FromLong
744926.0,3749336,python,python,_PyDict_FromItems
744925.0,3749586,python,python,slot_tp_hash
744925.0,3749336,python,[JIT],0x0000e82e99ef2250
744925.0,3749336,python,[JIT],0x0000e82e99ef62b8
744924.0,3749336,python,python,unsafe_latin_compare
744924.0,3749336,python,[JIT],0x0000e82e9955bc18
744923.0,3749336,python,[JIT],0x0000e82e99ef8130
744921.0,3749336,python,[JIT],0x0000e82e99e4912c
744920.0,3749336,python,[JIT],0x0000e82e99e44aa4
744919.0,3749336,python,python,builtin_sum
744919.0,3749336,python,[JIT],0x0000e82e995fd284
744918.0,3749240,python,python,pysiphash
744917.0,3749463,python,python,PyMem_Free
744916.0,3749463,python,python,PyIter_Next
744915.0,3749586,python,python,PySequence_Contains
744915.0,3749336,python,[JIT],0x0000e82e99ef6534
744913.0,3749240,python,python,dictview_dealloc
744910.0,3749336,python,[JIT],0x0000e82e99ef20b4
744908.0,3749463,python,python,type___instancecheck__
744907.0,3749336,python,python,_PyEval_Vector
744906.0,3749463,python,python,func_clear
744903.0,3749543,python,[JIT],0x0000f0a3d1cd2630
744902.0,3749336,python,[JIT],0x0000e82e99e4aa44
744901.0,3749586,python,[JIT],0x0000f45d96af819c
744900.0,3749240,python,python,lookup_method_ex.constprop.0
744899.0,3749543,python,[JIT],0x0000f0a3d1cd30b4
744897.0,3749336,python,python,set_dealloc
744894.0,3749586,python,[JIT],0x0000f45d96dde790
744893.0,3749336,python,[JIT],0x0000e82e99e43384
744892.0,3749543,python,[JIT],0x0000f0a3d1d88a30
744890.0,3749336,python,[JIT],0x0000e82e99e47e70
744889.0,3749336,python,[JIT],0x0000e82e995b370c
744889.0,3749543,python,python,PyUnicode_New.part.0
744886.0,3749336,python,[JIT],0x0000e82e99e0f498
744885.0,3749586,python,[JIT],0x0000f45d96afb0cc
744884.0,3749336,python,[JIT],0x0000e82e99e47e10
744880.0,3749543,python,python,func_clear
744877.0,3749208,python,[JIT],0x0000e7243c805aec
744877.0,3749543,python,[JIT],0x0000f0a3d1d82e38
744876.0,3749208,python,[JIT],0x0000e7243bf16a48
744875.0,3749543,python,[JIT],0x0000f0a3d1cd52ec
744871.0,3749463,python,python,PyObject_GetIter
744870.0,3749336,python,[JIT],0x0000e82e99ef2358
744870.0,3749336,python,[JIT],0x0000e82e99ef92c0
744869.0,3749586,python,[JIT],0x0000f45d96afc8d4
744867.0,3749336,python,[JIT],0x0000e82e99ef632c
744865.0,3749463,python,python,PyList_New.constprop.0
744865.0,3749336,python,[JIT],0x0000e82e99ef9980
744863.0,3749586,python,[JIT],0x0000f45d96e1cf3c
744863.0,3749543,python,[JIT],0x0000f0a3d1d8b000
744863.0,3749336,python,[JIT],0x0000e82e99ef2a4c
744863.0,3749336,python,[JIT],0x0000e82e99ef9254
744861.0,3749586,python,[JIT],0x0000f45d96afb1a4
744860.0,3749586,python,[JIT],0x0000f45d96af90b4
744859.0,3749336,python,[JIT],0x0000e82e99e4e1cc
744859.0,3749336,python,[JIT],0x0000e82e99ef5b8c
744858.0,3749336,python,python,memset@plt
744858.0,3749336,python,[JIT],0x0000e82e99e47e48
744852.0,3749240,python,python,dictkeys_decref.part.0.constprop.0
744852.0,3749336,python,[JIT],0x0000e82e99ef9078
744851.0,3749336,python,python,func_descr_get
744850.0,3749208,python,[JIT],0x0000e7243c805bb8
744850.0,3749586,python,python,PyObject_SelfIter
744850.0,3749336,python,[JIT],0x0000e82e99e0f608
744849.0,3749336,python,[JIT],0x0000e82e99e43360
744848.0,3749336,python,[JIT],0x0000e82e99e475a8
744847.0,3749543,python,[JIT],0x0000f0a3d1d82258
744847.0,3749336,python,[JIT],0x0000e82e99ef9970
744846.0,3749336,python,[JIT],0x0000e82e99ef539c
744845.0,3749336,python,[JIT],0x0000e82e99ef5e14
744845.0,3749463,python,python,set_add_entry_takeref
744843.0,3749208,python,[JIT],0x0000e7243c7ce068
744841.0,3749383,python,python,_PyList_AppendTakeRefListResize
744841.0,3749336,python,[JIT],0x0000e82e995fd9d8
744840.0,3749543,python,libc.so.6,__memset_zva64
744839.0,3749543,python,python,pysiphash
744838.0,3749336,python,python,dictvalues_iter
744837.0,3749208,python,[JIT],0x0000e7243c8053a0
744836.0,3749240,python,[JIT],0x0000ee2d4d2f1090
744836.0,3749543,python,[JIT],0x0000f0a3d1cd96ec
744836.0,3749463,python,python,func_dealloc
744835.0,3749208,python,[JIT],0x0000e7243c80e080
744835.0,3749586,python,[JIT],0x0000f45d9657965c
744832.0,3749543,python,[JIT],0x0000f0a3d1978b50
744831.0,3749543,python,[JIT],0x0000f0a3d1cd2088
744829.0,3749336,python,[JIT],0x0000e82e995b14ec
744827.0,3749586,python,python,_PyUnicode_JoinArray.part.0
744827.0,3749463,python,[JIT],0x0000e07d3f6f5f90
744826.0,3749543,python,[JIT],0x0000f0a3d1cd94b8
744824.0,3749208,python,[JIT],0x0000e7243c7ce0fc
744824.0,3749336,python,[JIT],0x0000e82e99e47330
744823.0,3749543,python,[JIT],0x0000f0a3d1cd21b4
744823.0,3749336,python,python,tuple_contains
744823.0,3749336,python,[JIT],0x0000e82e99e47b78
744822.0,3749336,python,[JIT],0x0000e82e99ef5728
744821.0,3749208,python,[JIT],0x0000e7243c801384
744820.0,3749336,python,[JIT],0x0000e82e99ef5454
744819.0,3749543,python,[kernel.kallsyms],__perf_addr_filters_adjust
744816.0,3749543,python,[JIT],0x0000f0a3d1cd23fc
744815.0,3749543,python,[JIT],0x0000f0a3d1d83110
744815.0,3749336,python,[JIT],0x0000e82e99ef997c
744813.0,3749208,python,[JIT],0x0000e7243c8b82e0
744812.0,3749208,python,[JIT],0x0000e7243c80e1d8
744810.0,3749543,python,[JIT],0x0000f0a3d197962c
744809.0,3749586,python,[JIT],0x0000f45d96dde3c0
744808.0,3749463,python,python,PyBool_FromLong
744807.0,3749543,python,[JIT],0x0000f0a3d1d87820
744807.0,3749543,python,[JIT],0x0000f0a3d1d8832c
744807.0,3749336,python,python,gc_collect_main
744806.0,3749586,python,[JIT],0x0000f45d96e1b10c
744806.0,3749383,python,python,_PyCallMethodDescriptorFast_StackRef
744806.0,3749543,python,[JIT],0x0000f0a3d1978260
744806.0,3749543,python,[JIT],0x0000f0a3d1cd5578
744805.0,3749586,python,python,_Py_BuildMap_StackRefSteal
744805.0,3749240,python,python,_Py_BuildMap_StackRefSteal
744805.0,3749543,python,[JIT],0x0000f0a3d1cd2378
744801.0,3749586,python,[JIT],0x0000f45d96ec10c8
744800.0,3749336,python,[JIT],0x0000e82e99e47030
744800.0,3749336,python,[JIT],0x0000e82e99ef9088
744799.0,3749586,python,python,_Py_CallBuiltinClass_StackRef
744798.0,3749208,python,[JIT],0x0000e7243c8b70c0
744798.0,3749336,python,[kernel.kallsyms],__perf_addr_filters_adjust
744797.0,3749208,python,[JIT],0x0000e7243c801648
744792.0,3749586,python,[JIT],0x0000f45d96ddee98
744792.0,3749336,python,python,PyObject_LengthHint
744792.0,3749543,python,python,PyMethod_New
744791.0,3749208,python,[JIT],0x0000e7243c8078e8
744790.0,3749208,python,[JIT],0x0000e7243c8070f0
744789.0,3749543,python,[JIT],0x0000f0a3d1d87d50
744789.0,3749463,python,[JIT],0x0000e07d3f9e20ec
744788.0,3749208,python,[JIT],0x0000e7243c8b35cc
744788.0,3749543,python,[JIT],0x0000f0a3d1cd2380
744788.0,3749543,python,[JIT],0x0000f0a3d1d82050
744787.0,3749543,python,[JIT],0x0000f0a3d1cd50bc
744786.0,3749586,python,[JIT],0x0000f45d9657b4a8
744785.0,3749463,python,[JIT],0x0000e07d3f93d978
744784.0,3749208,python,[JIT],0x0000e7243c80592c
744784.0,3749240,python,python,dictvalues_iter
744783.0,3749336,python,python,PyObject_GenericGetAttr
744782.0,3749240,python,python,unicode_lower
744781.0,3749336,python,python,_PyEval_LoadGlobalStackRef
744780.0,3749586,python,[JIT],0x0000f45d96af817c
744779.0,3749208,python,python,_PyDict_LoadGlobalStackRef
744778.0,3749543,python,[JIT],0x0000f0a3d1d87c88
744776.0,3749240,python,[JIT],0x0000ee2d4ca5530c
744776.0,3749543,python,[JIT],0x0000f0a3d1cd93a0
744776.0,3749336,python,[JIT],0x0000e82e99e4748c
744774.0,3749586,python,[JIT],0x0000f45d96e19374
744774.0,3749336,python,[JIT],0x0000e82e99e0f514
744773.0,3749543,python,python,_Py_LoadAttr_StackRefSteal
744773.0,3749543,python,[JIT],0x0000f0a3d1cd9694
744771.0,3749586,python,[JIT],0x0000f45d96dde39c
744771.0,3749586,python,[JIT],0x0000f45d96ddef10
744770.0,3749208,python,[JIT],0x0000e7243bf4e0f8
744770.0,3749543,python,[JIT],0x0000f0a3d1cd260c
744770.0,3749543,python,[JIT],0x0000f0a3d1d8739c
744769.0,3749543,python,[JIT],0x0000f0a3d1cd30c4
744767.0,3749336,python,[JIT],0x0000e82e99e0f410
744767.0,3749543,python,python,make_gen
744766.0,3749240,python,[JIT],0x0000ee2d4d2f22b4
744766.0,3749463,python,[JIT],0x0000e07d3f93d338
744765.0,3749463,python,[JIT],0x0000e07d3f9e90cc
744764.0,3749586,python,[JIT],0x0000f45d96e1d1bc
744764.0,3749336,python,[JIT],0x0000e82e99e4f6d4
744763.0,3749208,python,[JIT],0x0000e7243c80ca98
744763.0,3749208,python,[JIT],0x0000e7243c8b3b8c
744762.0,3749586,python,[JIT],0x0000f45d96e1d1d4
744762.0,3749543,python,[JIT],0x0000f0a3d1d87d60
744761.0,3749208,python,[JIT],0x0000e7243c8b7320
744761.0,3749463,python,[JIT],0x0000e07d3f9e1908
744760.0,3749208,python,[JIT],0x0000e7243c8b4314
744760.0,3749543,python,[JIT],0x0000f0a3d1d8203c
744757.0,3749586,python,[JIT],0x0000f45d96af8424
744757.0,3749463,python,[JIT],0x0000e07d3f0d50cc
744756.0,3749208,python,[JIT],0x0000e7243bf4c384
744755.0,3749463,python,[JIT],0x0000e07d3f9312d8
744755.0,3749463,python,[JIT],0x0000e07d3f933bd4
744754.0,3749586,python,python,PyIter_Next
744754.0,3749336,python,[JIT],0x0000e82e99e0e0d8
744754.0,3749336,python,[JIT],0x0000e82e99ef5e68
744752.0,3749586,python,python,lookup_method_ex.constprop.0
744752.0,3749240,python,python,dict_richcompare
744752.0,3749543,python,python,deque_len
744751.0,3749240,python,[JIT],0x0000ee2d4d3a1064
744751.0,3749543,python,[JIT],0x0000f0a3d190cabc
744751.0,3749543,python,[JIT],0x0000f0a3d1cd5608
744751.0,3749463,python,python,dictview_dealloc
744750.0,3749208,python,[JIT],0x0000e7243c4ee4d4
744750.0,3749336,python,[JIT],0x0000e82e99e4efcc
744750.0,3749463,python,[JIT],0x0000e07d3f9e21d8
744749.0,3749208,python,[JIT],0x0000e7243c8b4350
744749.0,3749240,python,[JIT],0x0000ee2d4d2f709c
744748.0,3749336,python,[JIT],0x0000e82e995ff1ac
744746.0,3749543,python,[JIT],0x0000f0a3d1d84298
744746.0,3749463,python,[JIT],0x0000e07d3f93313c
744745.0,3749586,python,python,dictiter_iternextvalue
744743.0,3749586,python,[JIT],0x0000f45d96e17048
744742.0,3749586,python,[JIT],0x0000f45d96e1c924
744742.0,3749240,python,[JIT],0x0000ee2d4ca55000
744741.0,3749240,python,[JIT],0x0000ee2d4d0ff0c0
744741.0,3749336,python,python,PyMember_SetOne
744740.0,3749586,python,[JIT],0x0000f45d965793a8
744739.0,3749240,python,python,type___instancecheck__
744738.0,3749208,python,python,_PyList_AsTupleAndClear
744737.0,3749543,python,[JIT],0x0000f0a3d1cd5538
744737.0,3749463,python,[JIT],0x0000e07d3f9e1218
744736.0,3749336,python,python,PySequence_Tuple
744735.0,3749240,python,python,_Py_MakeCoro
744735.0,3749240,python,[JIT],0x0000ee2d4d2bebb8
744735.0,3749543,python,python,memset@plt
744735.0,3749463,python,python,_Py_BuildString_StackRefSteal
744734.0,3749543,python,[JIT],0x0000f0a3d19786f4
744734.0,3749543,python,[JIT],0x0000f0a3d1d87d38
744734.0,3749336,python,[JIT],0x0000e82e99e476c4
744731.0,3749208,python,[JIT],0x0000e7243c4ee630
744731.0,3749240,python,[JIT],0x0000ee2d4d3a1028
744731.0,3749240,python,[JIT],0x0000ee2d4d3a1974
744730.0,3749543,python,[JIT],0x0000f0a3d1904b7c
744730.0,3749543,python,[JIT],0x0000f0a3d1cd50ec
744730.0,3749543,python,[JIT],0x0000f0a3d1d821cc
744728.0,3749240,python,[kernel.kallsyms],__perf_addr_filters_adjust
744727.0,3749586,python,[JIT],0x0000f45d96e17fc8
744727.0,3749463,python,[JIT],0x0000e07d3f096a88
744726.0,3749240,python,[JIT],0x0000ee2d4d2be358
744726.0,3749543,python,[JIT],0x0000f0a3d1cd5068
744725.0,3749336,python,[JIT],0x0000e82e99ef52c0
744725.0,3749463,python,[JIT],0x0000e07d3f9e1390
744722.0,3749586,python,[JIT],0x0000f45d96e19980
744721.0,3749208,python,[JIT],0x0000e7243bfb999c
744720.0,3749543,python,[JIT],0x0000f0a3d1cd255c
744720.0,3749463,python,[JIT],0x0000e07d3f9311f8
744719.0,3749208,python,[JIT],0x0000e7243c8b82bc
744719.0,3749463,python,[JIT],0x0000e07d3f93d35c
744717.0,3749208,python,python,unicode_join
744716.0,3749208,python,[JIT],0x0000e7243c8b884c
744716.0,3749240,python,[JIT],0x0000ee2d4d2be8b0
744714.0,3749586,python,[JIT],0x0000f45d96af89d8
744714.0,3749543,python,[JIT],0x0000f0a3d1cd5198
744713.0,3749463,python,[JIT],0x0000e07d3f935fd8
744712.0,3749208,python,[JIT],0x0000e7243bfbaa50
744712.0,3749586,python,[JIT],0x0000f45d96e1cbc4
744710.0,3749208,python,[JIT],0x0000e7243c7ce2b8
744710.0,3749543,python,python,PyLong_AsSsize_t
744709.0,3749208,python,[JIT],0x0000e7243c80c004
744708.0,3749586,python,[JIT],0x0000f45d96ec1090
744707.0,3749240,python,[JIT],0x0000ee2d4d2be840
744707.0,3749463,python,[JIT],0x0000e07d3f933030
744706.0,3749240,python,[JIT],0x0000ee2d4d0fc31c
744706.0,3749240,python,[JIT],0x0000ee2d4d2fd1bc
744705.0,3749543,python,[JIT],0x0000f0a3d1cd22b4
744705.0,3749463,python,[JIT],0x0000e07d3f9e1f48
744703.0,3749208,python,[JIT],0x0000e7243c80e78c
744702.0,3749240,python,[JIT],0x0000ee2d4d0fc404
744702.0,3749463,python,[JIT],0x0000e07d3f9e1be8
744701.0,3749586,python,[JIT],0x0000f45d96afb404
744701.0,3749586,python,[JIT],0x0000f45d96afb444
744701.0,3749463,python,libc.so.6,__memset_zva64
744700.0,3749383,python,python,_PyTuple_FromArraySteal
744700.0,3749463,python,[JIT],0x0000e07d3f932158
744699.0,3749208,python,[JIT],0x0000e7243c80e958
744699.0,3749586,python,[JIT],0x0000f45d96dde81c
744699.0,3749543,python,python,find_name_in_mro
744698.0,3749208,python,[JIT],0x0000e7243c8011ac
744696.0,3749463,python,[JIT],0x0000e07d3f9310e8
744695.0,3749336,python,[JIT],0x0000e82e99e478a4
744694.0,3749208,python,[JIT],0x0000e7243c8b3248
744694.0,3749240,python,[JIT],0x0000ee2d4d0fc574
744694.0,3749383,python,python,PyObject_RichCompareBool
744693.0,3749240,python,[JIT],0x0000ee2d4d3a10c8
744693.0,3749463,python,[JIT],0x0000e07d3f9e1d6c
744692.0,3749208,python,[JIT],0x0000e7243c8b70b4
744692.0,3749586,python,[JIT],0x0000f45d96e1cd5c
744692.0,3749240,python,[JIT],0x0000ee2d4d2bf7b8
744692.0,3749463,python,[JIT],0x0000e07d3f09d0c0
744692.0,3749463,python,[JIT],0x0000e07d3f9e73b8
744691.0,3749586,python,[JIT],0x0000f45d96af16f4
744691.0,3749543,python,python,permutations_next
744690.0,3749586,python,[JIT],0x0000f45d96e19204
744690.0,3749463,python,[JIT],0x0000e07d3f93a1f8
744689.0,3749208,python,[JIT],0x0000e7243c8b706c
744689.0,3749240,python,[JIT],0x0000ee2d4d0fc1a4
744689.0,3749543,python,[JIT],0x0000f0a3d1cd958c
744687.0,3749240,python,[JIT],0x0000ee2d4d0f9004
744685.0,3749208,python,[JIT],0x0000e7243bfb952c
744685.0,3749586,python,[JIT],0x0000f45d96e1d1b8
744684.0,3749586,python,[JIT],0x0000f45d96e1726c
744684.0,3749543,python,[JIT],0x0000f0a3d19344a8
744684.0,3749336,python,[JIT],0x0000e82e99e4e258
744683.0,3749208,python,python,PySequence_Fast
744683.0,3749240,python,python,_PyJit_translate_single_bytecode_to_trace
744682.0,3749463,python,[JIT],0x0000e07d3f6fc310
744681.0,3749543,python,[JIT],0x0000f0a3d1cd9068
744680.0,3749208,python,[JIT],0x0000e7243c80c03c
744680.0,3749543,python,[JIT],0x0000f0a3d1cd943c
744680.0,3749463,python,[JIT],0x0000e07d3f6fc454
744679.0,3749463,python,[JIT],0x0000e07d3f8fe180
744677.0,3749208,python,[JIT],0x0000e7243c8b3fa0
744677.0,3749463,python,[JIT],0x0000e07d3f93a384
744675.0,3749240,python,[JIT],0x0000ee2d4ca5982c
744675.0,3749463,python,[JIT],0x0000e07d3f6f5098
744672.0,3749208,python,[JIT],0x0000e7243c4ee9d8
744671.0,3749586,python,[JIT],0x0000f45d96e19550
744670.0,3749208,python,python,builtin_getattr
744670.0,3749586,python,[JIT],0x0000f45d96af90b0
744669.0,3749543,python,[JIT],0x0000f0a3d1906e04
744668.0,3749586,python,[JIT],0x0000f45d96e1c258
744668.0,3749240,python,[JIT],0x0000ee2d4d3a1000
744668.0,3749543,python,python,tuple_contains
744667.0,3749463,python,[JIT],0x0000e07d3f9333d0
744666.0,3749240,python,python,memcmp@plt
744665.0,3749208,python,[JIT],0x0000e7243c8059b8
744665.0,3749240,python,[JIT],0x0000ee2d4d2f290c
744665.0,3749240,python,[JIT],0x0000ee2d4d2fcf4c
744664.0,3749208,python,[JIT],0x0000e7243c80c0a8
744664.0,3749586,python,[JIT],0x0000f45d96e171c8
744664.0,3749383,python,python,_Py_dict_lookup_threadsafe_stackref
744664.0,3749543,python,[JIT],0x0000f0a3d190c3d0
744664.0,3749463,python,[JIT],0x0000e07d3f93b04c
744663.0,3749208,python,[JIT],0x0000e7243c805404
744663.0,3749586,python,[JIT],0x0000f45d965797fc
744663.0,3749463,python,[JIT],0x0000e07d3f6f5b44
744662.0,3749208,python,[JIT],0x0000e7243c80c06c
744662.0,3749586,python,[JIT],0x0000f45d96af1678
744662.0,3749543,python,[JIT],0x0000f0a3d1cdcf80
744662.0,3749463,python,[JIT],0x0000e07d3f6fc304
744661.0,3749463,python,[JIT],0x0000e07d3f6f5a24
744659.0,3749240,python,[JIT],0x0000ee2d4d0fa0e0
744657.0,3749586,python,[JIT],0x0000f45d96e1d350
744657.0,3749240,python,[JIT],0x0000ee2d4d2fced0
744655.0,3749586,python,[JIT],0x0000f45d96afb434
744654.0,3749586,python,[JIT],0x0000f45d96e12938
744654.0,3749240,python,python,PyObject_LengthHint
744654.0,3749240,python,[JIT],0x0000ee2d4d0fa1c0
744654.0,3749240,python,[JIT],0x0000ee2d4d2fc2e0
744653.0,3749208,python,[JIT],0x0000e7243c8b3f20
744653.0,3749240,python,[JIT],0x0000ee2d4d3a10b4
744652.0,3749463,python,[JIT],0x0000e07d3f933704
744651.0,3749463,python,[JIT],0x0000e07d3f6f6a50
744650.0,3749463,python,[JIT],0x0000e07d3f9e12c0
744649.0,3749240,python,[JIT],0x0000ee2d4d0f3574
744648.0,3749543,python,[JIT],0x0000f0a3d1cdc9e8
744647.0,3749240,python,[JIT],0x0000ee2d4d2f7410
744647.0,3749463,python,[JIT],0x0000e07d3f933208
744646.0,3749586,python,[JIT],0x0000f45d96af2a48
744646.0,3749240,python,[JIT],0x0000ee2d4d0fc538
744644.0,3749586,python,python,PyObject_GenericSetAttr
744644.0,3749586,python,python,func_descr_get
744644.0,3749586,python,[JIT],0x0000f45d96afb04c
744644.0,3749240,python,[JIT],0x0000ee2d4d2fc1c8
744644.0,3749336,python,[JIT],0x0000e82e99e490cc
744644.0,3749463,python,[JIT],0x0000e07d3f9333bc
744642.0,3749208,python,[JIT],0x0000e7243c80cfc8
744642.0,3749543,python,[JIT],0x0000f0a3d1cd54e4
744642.0,3749336,python,[JIT],0x0000e82e99e0f9d0
744642.0,3749463,python,python,PySequence_Tuple
744642.0,3749463,python,[JIT],0x0000e07d3f93d688
744641.0,3749463,python,[JIT],0x0000e07d3f93b148
744640.0,3749586,python,[JIT],0x0000f45d96e1cbe8
744640.0,3749240,python,[JIT],0x0000ee2d4d0fc000
744640.0,3749543,python,python,PyObject_Size
744640.0,3749543,python,python,_PyUnicode_JoinArray.part.0
744640.0,3749463,python,[JIT],0x0000e07d3f93152c
744637.0,3749240,python,python,object_recursive_isinstance
744637.0,3749240,python,[JIT],0x0000ee2d4d2fd1d8
744636.0,3749208,python,[JIT],0x0000e7243c80c26c
744635.0,3749208,python,[JIT],0x0000e7243bf45b7c
744635.0,3749240,python,[JIT],0x0000ee2d4d2bec34
744635.0,3749463,python,[JIT],0x0000e07d3f09e02c
744634.0,3749208,python,[JIT],0x0000e7243bfb9f90
744634.0,3749208,python,[JIT],0x0000e7243c8b4ce0
744634.0,3749543,python,[JIT],0x0000f0a3d1cd3f70
744633.0,3749586,python,[JIT],0x0000f45d9654e4e8
744633.0,3749586,python,[JIT],0x0000f45d96e1cda8
744630.0,3749240,python,python,permutations_next
744629.0,3749586,python,python,_PyObject_LookupSpecial
744628.0,3749463,python,[JIT],0x0000e07d3f935f8c
744627.0,3749383,python,python,PyDict_GetItemRef
744626.0,3749336,python,python,type_call
744625.0,3749383,python,python,PyObject_Hash
744623.0,3749463,python,[JIT],0x0000e07d3f6fc18c
744622.0,3749463,python,python,optimize_uops.isra.0
744622.0,3749463,python,[JIT],0x0000e07d3f93c6d4
744621.0,3749463,python,[JIT],0x0000e07d3f932290
744620.0,3749586,python,[JIT],0x0000f45d96e1ce14
744620.0,3749240,python,[JIT],0x0000ee2d4d2fce20
744619.0,3749240,python,[JIT],0x0000ee2d4d2be320
744618.0,3749240,python,[JIT],0x0000ee2d4d2beb84
744616.0,3749208,python,[JIT],0x0000e7243bf76624
744614.0,3749586,python,[JIT],0x0000f45d96e12974
744614.0,3749463,python,[JIT],0x0000e07d3f6fdabc
744614.0,3749463,python,[JIT],0x0000e07d3f9347b8
744613.0,3749240,python,python,_PyDict_SetItem_Take2
744613.0,3749543,python,[JIT],0x0000f0a3d1d881b8
744612.0,3749208,python,[JIT],0x0000e7243c80530c
744612.0,3749208,python,[JIT],0x0000e7243c8b215c
744612.0,3749586,python,python,_PyStolenTuple_Free
744612.0,3749463,python,[JIT],0x0000e07d3f6fd2c4
744609.0,3749543,python,[JIT],0x0000f0a3d1cd91c4
744609.0,3749463,python,[JIT],0x0000e07d3f93b1c8
744609.0,3749463,python,[JIT],0x0000e07d3f9e597c
744606.0,3749240,python,[JIT],0x0000ee2d4d0f91dc
744604.0,3749208,python,python,func_descr_get
744604.0,3749240,python,[JIT],0x0000ee2d4d3a2540
744603.0,3749208,python,[JIT],0x0000e7243c80c258
744600.0,3749586,python,[JIT],0x0000f45d96afb1e0
744600.0,3749586,python,[JIT],0x0000f45d96e1cfec
744600.0,3749463,python,[JIT],0x0000e07d3f0d60a4
744599.0,3749240,python,[JIT],0x0000ee2d4d2fcd50
744598.0,3749240,python,libc.so.6,malloc
744597.0,3749463,python,[JIT],0x0000e07d3f9e1d64
744594.0,3749240,python,[JIT],0x0000ee2d4d2fd534
744593.0,3749240,python,[JIT],0x0000ee2d4d2f70d8
744592.0,3749586,python,[JIT],0x0000f45d96af92c0
744592.0,3749463,python,[JIT],0x0000e07d3f93b050
744589.0,3749463,python,[JIT],0x0000e07d3f9e21b8
744588.0,3749586,python,[JIT],0x0000f45d96e1c080
744588.0,3749586,python,[JIT],0x0000f45d96ec10a8
744588.0,3749543,python,python,PyObject_SelfIter
744587.0,3749240,python,[JIT],0x0000ee2d4d2beb7c
744586.0,3749586,python,[JIT],0x0000f45d96e1c7a4
744585.0,3749543,python,[JIT],0x0000f0a3d1d8b518
744583.0,3749383,python,python,PyObject_CallFinalizerFromDealloc
744582.0,3749463,python,[JIT],0x0000e07d3f9334b8
744581.0,3749208,python,[JIT],0x0000e7243c8b4558
744581.0,3749240,python,[JIT],0x0000ee2d4d0fa2c4
744581.0,3749463,python,python,_PyStaticType_GetState
744581.0,3749463,python,[JIT],0x0000e07d3f0d5a50
744580.0,3749240,python,[JIT],0x0000ee2d4d2beb34
744577.0,3749208,python,[JIT],0x0000e7243c4ee508
744576.0,3749586,python,[JIT],0x0000f45d96e19958
744576.0,3749240,python,[JIT],0x0000ee2d4d0fc220
744575.0,3749463,python,python,dequeiter_next
744574.0,3749543,python,[JIT],0x0000f0a3d1d8c540
744572.0,3749240,python,[JIT],0x0000ee2d4d2be81c
744570.0,3749543,python,python,PySequence_Contains
744570.0,3749463,python,[JIT],0x0000e07d3f6fc2ec
744569.0,3749208,python,[JIT],0x0000e7243bfb9938
744569.0,3749586,python,[JIT],0x0000f45d96e1c390
744569.0,3749543,python,[JIT],0x0000f0a3d1d8b97c
744568.0,3749208,python,[JIT],0x0000e7243c805ce4
744568.0,3749586,python,[JIT],0x0000f45d96af92b8
744568.0,3749240,python,[JIT],0x0000ee2d4d0f2098
744566.0,3749240,python,[JIT],0x0000ee2d4d2be8a4
744566.0,3749240,python,[JIT],0x0000ee2d4d2f2a44
744566.0,3749383,python,python,dictview_dealloc
744565.0,3749208,python,[JIT],0x0000e7243c801128
744564.0,3749208,python,[JIT],0x0000e7243bf4e02c
744564.0,3749586,python,[JIT],0x0000f45d96af1068
744563.0,3749463,python,[JIT],0x0000e07d3f931008
744559.0,3749543,python,[JIT],0x0000f0a3d1d82138
744557.0,3749208,python,[JIT],0x0000e7243c8b4128
744557.0,3749586,python,python,PyObject_GetAttr
744557.0,3749240,python,[JIT],0x0000ee2d4d0f9630
744557.0,3749240,python,[JIT],0x0000ee2d4d2f92a8
744555.0,3749208,python,[JIT],0x0000e7243c7ce0a8
744555.0,3749463,python,[JIT],0x0000e07d3f6f5f38
744554.0,3749463,python,python,PySequence_Contains
744550.0,3749240,python,[JIT],0x0000ee2d4d0ff0d0
744545.0,3749208,python,[JIT],0x0000e7243c8b3954
744545.0,3749208,python,[JIT],0x0000e7243c8b7088
744545.0,3749240,python,[JIT],0x0000ee2d4d2fc6e0
744544.0,3749240,python,[JIT],0x0000ee2d4d2bee54
744542.0,3749208,python,[JIT],0x0000e7243c8b34d0
744539.0,3749463,python,[JIT],0x0000e07d3f93bfc8
744535.0,3749463,python,[JIT],0x0000e07d3f6fd0fc
744534.0,3749586,python,python,PyErr_Occurred
744533.0,3749208,python,[JIT],0x0000e7243c4ee084
744533.0,3749240,python,[JIT],0x0000ee2d4ca21314
744531.0,3749240,python,[JIT],0x0000ee2d4d2bec24
744528.0,3749208,python,[JIT],0x0000e7243c801030
744527.0,3749208,python,[JIT],0x0000e7243c8b7000
744525.0,3749586,python,[JIT],0x0000f45d96e1c8c4
744525.0,3749240,python,python,optimize_uops.isra.0
744523.0,3749463,python,[JIT],0x0000e07d3f9e355c
744522.0,3749208,python,[JIT],0x0000e7243c8055c4
744522.0,3749208,python,[JIT],0x0000e7243c80e128
744522.0,3749240,python,python,_PyUnicode_Equal
744521.0,3749208,python,python,PyObject_SelfIter
744521.0,3749208,python,[JIT],0x0000e7243c8b7084
744520.0,3749208,python,[JIT],0x0000e7243c8011a4
744520.0,3749240,python,[JIT],0x0000ee2d4d2fc92c
744520.0,3749383,python,python,_PyObject_Realloc
744519.0,3749240,python,[JIT],0x0000ee2d4d2be37c
744516.0,3749240,python,[JIT],0x0000ee2d4d3cd47c
744515.0,3749240,python,[JIT],0x0000ee2d4d2f708c
744515.0,3749543,python,python,PySequence_Tuple
744514.0,3749463,python,[JIT],0x0000e07d3f93168c
744512.0,3749208,python,python,builtin_hash
744512.0,3749208,python,[JIT],0x0000e7243bf4cfc4
744507.0,3749543,python,libc.so.6,malloc
744506.0,3749208,python,[JIT],0x0000e7243bf4ad8c
744506.0,3749463,python,[JIT],0x0000e07d3f6fd230
744505.0,3749543,python,[JIT],0x0000f0a3d1906118
744501.0,3749240,python,[JIT],0x0000ee2d4d2be788
744497.0,3749240,python,python,slot_tp_init
744496.0,3749240,python,python,PyIter_Next
744492.0,3749208,python,[JIT],0x0000e7243c80558c
744489.0,3749463,python,[JIT],0x0000e07d3f9e1444
744488.0,3749543,python,[JIT],0x0000f0a3d1d82148
744484.0,3749240,python,[JIT],0x0000ee2d4ca5c3d8
744484.0,3749543,python,[JIT],0x0000f0a3d1cd5574
744480.0,3749208,python,[JIT],0x0000e7243c8b4034
744480.0,3749463,python,[JIT],0x0000e07d3f6f52f0
744475.0,3749240,python,python,_PyDict_LoadGlobalStackRef
744473.0,3749208,python,[JIT],0x0000e7243c807710
744471.0,3749208,python,[JIT],0x0000e7243c8e7128
744468.0,3749240,python,[JIT],0x0000ee2d4d2beab8
744464.0,3749463,python,[JIT],0x0000e07d3f933f10
744461.0,3749463,python,[JIT],0x0000e07d3f93b258
744460.0,3749208,python,[JIT],0x0000e7243c80c000
744460.0,3749463,python,[JIT],0x0000e07d3f09ccc4
744457.0,3749208,python,[JIT],0x0000e7243c8b3f40
744456.0,3749240,python,[JIT],0x0000ee2d4d0fc068
744456.0,3749240,python,[JIT],0x0000ee2d4d2be3ac
744453.0,3749208,python,[JIT],0x0000e7243c8b796c
744453.0,3749240,python,[JIT],0x0000ee2d4d0f33e0
744453.0,3749240,python,[JIT],0x0000ee2d4d0fc550
744446.0,3749463,python,[JIT],0x0000e07d3f09cfc0
744444.0,3749240,python,[JIT],0x0000ee2d4d2fcac4
744442.0,3749208,python,[JIT],0x0000e7243c80165c
744442.0,3749463,python,[JIT],0x0000e07d3f9314cc
744441.0,3749208,python,[JIT],0x0000e7243c8b20a0
744437.0,3749240,python,[JIT],0x0000ee2d4d0f902c
744437.0,3749463,python,python,PyMember_SetOne
744436.0,3749463,python,[JIT],0x0000e07d3f936628
744432.0,3749208,python,[JIT],0x0000e7243c8011dc
744426.0,3749208,python,[JIT],0x0000e7243c8b70d0
744425.0,3749240,python,[JIT],0x0000ee2d4d3a112c
744420.0,3749208,python,python,find_empty_slot
744419.0,3749240,python,python,deque_popleft
744418.0,3749208,python,[JIT],0x0000e7243bfba4f8
744416.0,3749240,python,[JIT],0x0000ee2d4d2fcc18
744385.0,3749543,python,python,unicode_strip
744348.0,3749463,python,[JIT],0x0000e07d3fa15020
744346.0,3749586,python,python,_Py_LoadAttr_StackRefSteal
744341.0,3749586,python,[kernel.kallsyms],perf_iterate_ctx
744338.0,3749586,python,python,_PyUnicode_InternMortal
744334.0,3749383,python,python,_Py_MakeCoro
744333.0,3749240,python,python,member_get
744273.0,3749240,python,python,PySequence_Contains
744270.0,3749240,python,[JIT],0x0000ee2d4d2f7138
744269.0,3749240,python,[JIT],0x0000ee2d4d0f2074
744221.0,3749543,python,[JIT],0x0000f0a3d1cd52c0
744211.0,3749586,python,python,gc_collect_main
744186.0,3749383,python,python,insertdict
744167.0,3749586,python,[JIT],0x0000f45d96e171ac
744126.0,3749463,python,[JIT],0x0000e07d3f93bfcc
744102.0,3749463,python,[JIT],0x0000e07d3f9e1fa0
744066.0,3749240,python,python,PyMem_Calloc
743856.0,3749463,python,[JIT],0x0000e07d3f6fc9cc
743840.0,3749463,python,[JIT],0x0000e07d3f09cc74
741713.0,3749336,python,[JIT],0x0000e82e99ef5a80
741272.0,3749463,python,[JIT],0x0000e07d3f9358e8
741177.0,3749586,python,[JIT],0x0000f45d96ec1094
741068.0,3749208,python,[JIT],0x0000e7243c808810
740751.0,3749586,python,[JIT],0x0000f45d96afb2a8
740562.0,3749463,python,python,_PyFunction_Vectorcall
740105.0,3749463,python,python,enum_dealloc
738680.0,3749586,python,[JIT],0x0000f45d96af90f0
738544.0,3749543,python,[JIT],0x0000f0a3d1d8b258
735017.0,3749240,python,[JIT],0x0000ee2d4d2f7e38
732735.0,3749463,python,[JIT],0x0000e07d3f933424
729161.0,3749336,python,[JIT],0x0000e82e99e0f4d4
726054.0,3749336,python,[JIT],0x0000e82e99e0f2ec
537835.0,3749240,python,python,PyObject_RichCompare
537770.0,3749208,python,[kernel.kallsyms],task_mm_cid_work
507338.0,3749240,python,[JIT],0x0000ee2d4ca552c4
506862.0,3749463,python,[JIT],0x0000e07d3f0999a0
504655.0,3749336,python,python,find_name_in_mro
503219.0,3749586,python,[JIT],0x0000f45d96af8030
500183.0,3749336,python,[JIT],0x0000e82e9958c2c4
500020.0,3749208,python,[JIT],0x0000e7243bfbc2c0
498150.0,3749463,python,python,_PyOptimizer_Optimize
498116.0,3749463,python,python,list_sort_impl
498085.0,3749543,python,python,_PyEval_SliceIndex
497956.0,3749336,python,[JIT],0x0000e82e99558064
497900.0,3749208,python,[JIT],0x0000e7243c8b703c
497535.0,3749240,python,python,PyObject_GetItem
497170.0,3749543,python,[JIT],0x0000f0a3d1cd21f0
497154.0,3749463,python,[JIT],0x0000e07d3f93a214
497135.0,3749463,python,[JIT],0x0000e07d3fa11484
497113.0,3749336,python,python,unicode_join
497067.0,3749586,python,python,_Py_BuildString_StackRefSteal
496826.0,3749543,python,python,_PyStolenTuple_Free
496819.0,3749336,python,[JIT],0x0000e82e995fe4f4
496809.0,3749336,python,[JIT],0x0000e82e99ef6a84
496805.0,3749336,python,[JIT],0x0000e82e99e4365c
496801.0,3749336,python,python,PyMethod_New
496791.0,3749336,python,[JIT],0x0000e82e9958229c
496789.0,3749240,python,[JIT],0x0000ee2d4d2f6270
496789.0,3749463,python,python,set_update_iterable_lock_held
496783.0,3749336,python,[JIT],0x0000e82e99e476f4
496775.0,3749336,python,python,slot_tp_richcompare
496774.0,3749383,python,python,_PyEval_GetIter
496771.0,3749336,python,[JIT],0x0000e82e995fe1bc
496770.0,3749336,python,[JIT],0x0000e82e99ef5b9c
496762.0,3749463,python,[JIT],0x0000e07d3f935f8c
496761.0,3749336,python,[JIT],0x0000e82e99e43540
496759.0,3749336,python,[JIT],0x0000e82e995fe618
496755.0,3749336,python,[JIT],0x0000e82e99587628
496754.0,3749336,python,[JIT],0x0000e82e995b5068
496752.0,3749543,python,[JIT],0x0000f0a3d1d8102c
496752.0,3749463,python,python,dict_richcompare
496747.0,3749240,python,[JIT],0x0000ee2d4d2f933c
496742.0,3749336,python,[JIT],0x0000e82e99ef5f6c
496741.0,3749336,python,[JIT],0x0000e82e99efa2c4
496739.0,3749463,python,python,_PyFunction_SetVersion
496731.0,3749336,python,[JIT],0x0000e82e99e47ee8
496727.0,3749336,python,[JIT],0x0000e82e995f6118
496727.0,3749336,python,python,permutations_next
496720.0,3749336,python,[JIT],0x0000e82e99e498e8
496720.0,3749543,python,python,_PyTuple_FromPairSteal
496720.0,3749463,python,python,PyMember_GetOne
496715.0,3749336,python,[JIT],0x0000e82e99e434e4
496713.0,3749336,python,python,siphash13
496711.0,3749543,python,[JIT],0x0000f0a3d1d87000
496711.0,3749336,python,[JIT],0x0000e82e99e41310
496710.0,3749336,python,[JIT],0x0000e82e995b13dc
496710.0,3749336,python,[JIT],0x0000e82e99e4714c
496710.0,3749336,python,[JIT],0x0000e82e99ef62d4
496709.0,3749543,python,python,siphash13
496707.0,3749336,python,[JIT],0x0000e82e99e47054
496706.0,3749336,python,python,_Py_BuildMap_StackRefSteal
496703.0,3749336,python,python,builtin_getattr
496703.0,3749336,python,[JIT],0x0000e82e99ef17a8
496702.0,3749336,python,[JIT],0x0000e82e99ef9894
496702.0,3749336,python,python,PyIter_Next
496700.0,3749543,python,[JIT],0x0000f0a3d1cd9000
496698.0,3749543,python,[JIT],0x0000f0a3d1d84b10
496697.0,3749336,python,[JIT],0x0000e82e99e4a838
496696.0,3749543,python,[JIT],0x0000f0a3d1cd9e20
496696.0,3749336,python,[JIT],0x0000e82e99e44244
496696.0,3749336,python,[JIT],0x0000e82e99e4e058
496696.0,3749336,python,[JIT],0x0000e82e99ef5264
496696.0,3749463,python,[JIT],0x0000e07d3f9e14e8
496695.0,3749336,python,[JIT],0x0000e82e99ef5928
496693.0,3749586,python,python,find_name_in_mro
496693.0,3749336,python,[JIT],0x0000e82e99e47008
496692.0,3749463,python,python,PyUnicode_New.part.0
496691.0,3749336,python,[JIT],0x0000e82e99e4ebc8
496691.0,3749336,python,python,_PyForIter_VirtualIteratorNext
496691.0,3749336,python,[JIT],0x0000e82e99e4304c
496690.0,3749543,python,[JIT],0x0000f0a3d1cd91f4
496690.0,3749463,python,[JIT],0x0000e07d3f933484
496689.0,3749208,python,[JIT],0x0000e7243c8b422c
496688.0,3749336,python,[JIT],0x0000e82e99e0f084
496688.0,3749463,python,python,unicode_dealloc
496687.0,3749463,python,python,find_name_in_mro
496687.0,3749463,python,[JIT],0x0000e07d3f933f10
496687.0,3749336,python,python,list_dealloc
496686.0,3749543,python,[JIT],0x0000f0a3d1cd937c
496686.0,3749336,python,[JIT],0x0000e82e99ef60a4
496686.0,3749463,python,python,gen_iternext
496685.0,3749543,python,[JIT],0x0000f0a3d1979758
496684.0,3749336,python,[JIT],0x0000e82e99efa124
496683.0,3749336,python,[JIT],0x0000e82e99ef60d4
496682.0,3749543,python,[JIT],0x0000f0a3d1d88530
496682.0,3749336,python,[JIT],0x0000e82e99ef926c
496681.0,3749336,python,[JIT],0x0000e82e99ef2a14
496680.0,3749240,python,python,_PyThreadState_PushFrame
496680.0,3749336,python,[JIT],0x0000e82e99e410d4
496680.0,3749336,python,[JIT],0x0000e82e99e44088
496680.0,3749336,python,[JIT],0x0000e82e99e4e04c
496679.0,3749586,python,python,cell_dealloc
496679.0,3749336,python,[JIT],0x0000e82e99ef5af0
496678.0,3749336,python,python,PyCallable_Check
496678.0,3749336,python,[JIT],0x0000e82e99e440c8
496677.0,3749208,python,[JIT],0x0000e7243bf7dbe8
496677.0,3749543,python,python,dictview_dealloc
496676.0,3749240,python,[JIT],0x0000ee2d4d2f7258
496676.0,3749336,python,[JIT],0x0000e82e995b1db0
496676.0,3749336,python,[JIT],0x0000e82e995bb67c
496675.0,3749208,python,python,list_iter
496675.0,3749240,python,python,PySlice_AdjustIndices
496675.0,3749336,python,[JIT],0x0000e82e995b13a8
496674.0,3749336,python,[JIT],0x0000e82e99ef91dc
496673.0,3749336,python,[JIT],0x0000e82e99ef5034
496670.0,3749336,python,python,set_update_local
496670.0,3749336,python,[JIT],0x0000e82e995fd048
496669.0,3749336,python,[JIT],0x0000e82e99ef5568
496669.0,3749543,python,python,Py_HashBuffer
496668.0,3749336,python,[JIT],0x0000e82e99e470cc
496668.0,3749336,python,[JIT],0x0000e82e99ef1270
496667.0,3749336,python,[JIT],0x0000e82e9955f030
496667.0,3749336,python,[JIT],0x0000e82e995ff7e0
496667.0,3749336,python,[JIT],0x0000e82e99e47068
496667.0,3749336,python,[JIT],0x0000e82e99ef29fc
496666.0,3749336,python,[JIT],0x0000e82e99ef9554
496664.0,3749586,python,python,type___instancecheck__
496664.0,3749336,python,python,PyObject_GetAttr
496663.0,3749336,python,[JIT],0x0000e82e99e4331c
496663.0,3749336,python,[JIT],0x0000e82e99ef5d00
496663.0,3749336,python,python,_PyDict_SetItem_Take2
496662.0,3749543,python,[JIT],0x0000f0a3d1cd93f0
496662.0,3749336,python,[JIT],0x0000e82e99e4745c
496662.0,3749336,python,[JIT],0x0000e82e99f2912c
496662.0,3749336,python,python,PyLong_AsSsize_t
496661.0,3749543,python,python,PyObject_GenericHash
496661.0,3749543,python,[JIT],0x0000f0a3d1cd51dc
496661.0,3749543,python,[JIT],0x0000f0a3d1cd9214
496661.0,3749336,python,[JIT],0x0000e82e99e41b10
496661.0,3749336,python,[JIT],0x0000e82e99e49e34
496661.0,3749463,python,[JIT],0x0000e07d3f933ee0
496660.0,3749336,python,[JIT],0x0000e82e995fd7c0
496660.0,3749463,python,python,PyLong_AsSsize_t
496659.0,3749543,python,python,_PyDict_SetItem_Take2
496659.0,3749463,python,python,PyMethod_New
496658.0,3749336,python,[JIT],0x0000e82e995b22c0
496657.0,3749336,python,python,PyObject_SelfIter
496656.0,3749543,python,[JIT],0x0000f0a3d1978814
496656.0,3749543,python,[JIT],0x0000f0a3d1cd9320
496656.0,3749336,python,[JIT],0x0000e82e99e47f0c
496654.0,3749586,python,[JIT],0x0000f45d9657b4cc
496654.0,3749336,python,[JIT],0x0000e82e995fdf38
496654.0,3749336,python,[JIT],0x0000e82e99ef5eb4
496653.0,3749336,python,[JIT],0x0000e82e99e4e1c8
496652.0,3749543,python,[JIT],0x0000f0a3d1932b50
496652.0,3749543,python,[JIT],0x0000f0a3d1cd9958
496652.0,3749543,python,[JIT],0x0000f0a3d1d87edc
496652.0,3749336,python,[JIT],0x0000e82e99e43574
496652.0,3749336,python,[JIT],0x0000e82e99e4a954
496652.0,3749336,python,[JIT],0x0000e82e99ef53f4
496651.0,3749336,python,[JIT],0x0000e82e99ef69e0
496650.0,3749586,python,[JIT],0x0000f45d96dde7ac
496650.0,3749336,python,[JIT],0x0000e82e995fe5e0
496650.0,3749336,python,[JIT],0x0000e82e99aeb670
496650.0,3749336,python,[JIT],0x0000e82e99e4e3a0
496649.0,3749336,python,[JIT],0x0000e82e995b5b40
496649.0,3749336,python,[JIT],0x0000e82e99e46060
496649.0,3749336,python,[JIT],0x0000e82e99e460a8
496649.0,3749336,python,[JIT],0x0000e82e99e47044
496649.0,3749336,python,[JIT],0x0000e82e99e4eab8
496649.0,3749463,python,python,_PyObject_GetAttrStackRef
496649.0,3749336,python,[JIT],0x0000e82e99e4758c
496648.0,3749543,python,[JIT],0x0000f0a3d1cd9d68
496648.0,3749543,python,[JIT],0x0000f0a3d1d8b4f8
496648.0,3749336,python,[JIT],0x0000e82e99e0f414
496647.0,3749208,python,python,list_to_tuple
496647.0,3749543,python,[JIT],0x0000f0a3d1cdcd54
496647.0,3749336,python,[JIT],0x0000e82e99e493cc
496646.0,3749336,python,[JIT],0x0000e82e99e478d0
496646.0,3749336,python,[JIT],0x0000e82e99e49600
496645.0,3749543,python,[JIT],0x0000f0a3d1979600
496645.0,3749336,python,[kernel.kallsyms],mas_ascend
496645.0,3749543,python,python,allocate_from_new_pool
496645.0,3749336,python,[JIT],0x0000e82e99ef9974
496643.0,3749543,python,[JIT],0x0000f0a3d19789c8
496643.0,3749336,python,[JIT],0x0000e82e99e4e410
496642.0,3749586,python,[JIT],0x0000f45d9657b174
496642.0,3749240,python,python,dict_dealloc
496641.0,3749336,python,[JIT],0x0000e82e99e4ac5c
496641.0,3749336,python,[JIT],0x0000e82e99ef598c
496640.0,3749336,python,[JIT],0x0000e82e995fe758
496640.0,3749336,python,[JIT],0x0000e82e99e0f03c
496640.0,3749336,python,[JIT],0x0000e82e99e0f5d8
496640.0,3749336,python,[JIT],0x0000e82e99e47bf8
496640.0,3749543,python,python,unicode_hash
496640.0,3749336,python,python,_PyTuple_FromArraySteal
496639.0,3749240,python,python,list_iter
496639.0,3749336,python,[JIT],0x0000e82e9955c424
496638.0,3749543,python,[JIT],0x0000f0a3d1cd24d4
496637.0,3749586,python,[JIT],0x0000f45d96e170fc
496637.0,3749336,python,[JIT],0x0000e82e99e477ac
496637.0,3749336,python,[JIT],0x0000e82e99ef50d4
496636.0,3749586,python,[JIT],0x0000f45d96ec33ac
496636.0,3749543,python,[JIT],0x0000f0a3d1cd9cb8
496636.0,3749336,python,[JIT],0x0000e82e995fdb60
496635.0,3749543,python,[JIT],0x0000f0a3d1d86184
496634.0,3749586,python,[JIT],0x0000f45d96af1f38
496633.0,3749336,python,[JIT],0x0000e82e99e44160
496632.0,3749543,python,[JIT],0x0000f0a3d1cd60cc
496632.0,3749336,python,[JIT],0x0000e82e995b8cf4
496632.0,3749336,python,[JIT],0x0000e82e99e43434
496632.0,3749336,python,[JIT],0x0000e82e99e47000
496632.0,3749336,python,[JIT],0x0000e82e99ef5a9c
496631.0,3749543,python,[JIT],0x0000f0a3d1d84d68
496631.0,3749543,python,[JIT],0x0000f0a3d1d88034
496631.0,3749336,python,[JIT],0x0000e82e99e4e06c
496631.0,3749463,python,python,_PyTuple_FromArraySteal
496630.0,3749463,python,[JIT],0x0000e07d3f931004
496630.0,3749463,python,[JIT],0x0000e07d3f9e62ec
496629.0,3749208,python,[JIT],0x0000e7243bf4e688
496629.0,3749586,python,[JIT],0x0000f45d96ddecf4
496629.0,3749336,python,[JIT],0x0000e82e99e478e0
496629.0,3749336,python,[JIT],0x0000e82e99e47b20
496629.0,3749336,python,[JIT],0x0000e82e99e49734
496629.0,3749336,python,[JIT],0x0000e82e99ef5480
496627.0,3749208,python,python,_Py_CallBuiltinClass_StackRef
496627.0,3749208,python,[JIT],0x0000e7243c8b3d54
496627.0,3749586,python,[JIT],0x0000f45d96af1814
496627.0,3749240,python,python,visit_decref
496627.0,3749336,python,[JIT],0x0000e82e995b7084
496627.0,3749463,python,python,dictiter_dealloc
496625.0,3749586,python,[JIT],0x0000f45d96ddeb6c
496625.0,3749543,python,[JIT],0x0000f0a3d1d87270
496625.0,3749336,python,[JIT],0x0000e82e995b8f48
496625.0,3749336,python,[JIT],0x0000e82e99e46160
496625.0,3749336,python,[JIT],0x0000e82e99e47400
496625.0,3749463,python,python,Py_HashBuffer
496623.0,3749543,python,[JIT],0x0000f0a3d1cd5440
496623.0,3749543,python,[JIT],0x0000f0a3d1d860b4
496623.0,3749336,python,[JIT],0x0000e82e995b57e0
496623.0,3749336,python,[JIT],0x0000e82e99e47ae4
496623.0,3749336,python,[JIT],0x0000e82e99e47c5c
496623.0,3749336,python,[JIT],0x0000e82e99efa2bc
496621.0,3749336,python,python,_PyUnicode_ExactDealloc
496620.0,3749543,python,[JIT],0x0000f0a3d197843c
496620.0,3749336,python,[JIT],0x0000e82e99ef61fc
496620.0,3749463,python,[JIT],0x0000e07d3f933d94
496619.0,3749240,python,python,_Py_BuildString_StackRefSteal
496619.0,3749543,python,[JIT],0x0000f0a3d1d872fc
496619.0,3749336,python,[JIT],0x0000e82e99e44060
496618.0,3749543,python,[JIT],0x0000f0a3d1cd504c
496618.0,3749543,python,[JIT],0x0000f0a3d1d82000
496618.0,3749543,python,[JIT],0x0000f0a3d1d820f8
496618.0,3749336,python,[JIT],0x0000e82e99ef5390
496617.0,3749336,python,[JIT],0x0000e82e99e4ee38
496617.0,3749336,python,[JIT],0x0000e82e99ef5e08
496616.0,3749586,python,[JIT],0x0000f45d96e1d16c
496616.0,3749240,python,[JIT],0x0000ee2d4ca59cd8
496616.0,3749336,python,[JIT],0x0000e82e99e471b8
496616.0,3749336,python,[JIT],0x0000e82e99ef5214
496616.0,3749336,python,python,dict_values
496615.0,3749586,python,[JIT],0x0000f45d96e1d94c
496615.0,3749336,python,[JIT],0x0000e82e99e4e184
496615.0,3749543,python,python,builtin_hash
496614.0,3749586,python,[JIT],0x0000f45d96af3750
496614.0,3749543,python,[JIT],0x0000f0a3d1cdbde0
496613.0,3749336,python,[JIT],0x0000e82e99e43368
496613.0,3749336,python,[JIT],0x0000e82e99ef59e4
496612.0,3749240,python,[JIT],0x0000ee2d4d2fd2d4
496612.0,3749336,python,[JIT],0x0000e82e99e0f4e4
496612.0,3749463,python,[JIT],0x0000e07d3f9e94e0
496611.0,3749586,python,[JIT],0x0000f45d96af8364
496611.0,3749336,python,[JIT],0x0000e82e99e43598
496611.0,3749336,python,[JIT],0x0000e82e99e44330
496611.0,3749336,python,[JIT],0x0000e82e99e4e0a8
496610.0,3749586,python,[JIT],0x0000f45d96afb0e0
496610.0,3749336,python,[JIT],0x0000e82e99ef2958
496609.0,3749336,python,[JIT],0x0000e82e99e4e0fc
496609.0,3749336,python,[JIT],0x0000e82e99ef215c
496609.0,3749336,python,python,set_add_entry_takeref
496608.0,3749240,python,[JIT],0x0000ee2d4d2be6d8
496608.0,3749336,python,[JIT],0x0000e82e99ef5710
496608.0,3749463,python,[JIT],0x0000e07d3f9e61dc
496607.0,3749208,python,[JIT],0x0000e7243bf45094
496607.0,3749586,python,[JIT],0x0000f45d96afb418
496607.0,3749543,python,[JIT],0x0000f0a3d1d87d24
496607.0,3749463,python,[JIT],0x0000e07d3f6fc46c
496606.0,3749336,python,[JIT],0x0000e82e99e0f778
496606.0,3749336,python,[JIT],0x0000e82e99ef260c
496606.0,3749336,python,[JIT],0x0000e82e99ef5d50
496606.0,3749336,python,[JIT],0x0000e82e99f29084
496605.0,3749586,python,[JIT],0x0000f45d9657ca50
496605.0,3749240,python,[JIT],0x0000ee2d4d2fc12c
496605.0,3749543,python,[JIT],0x0000f0a3d1cd2354
496605.0,3749336,python,[JIT],0x0000e82e99ef53b4
496605.0,3749336,python,[JIT],0x0000e82e99ef54d0
496604.0,3749336,python,python,_PyEvalFramePushAndInit_Ex
496603.0,3749543,python,[JIT],0x0000f0a3d1cdb998
496603.0,3749543,python,[JIT],0x0000f0a3d1d871c8
496603.0,3749336,python,[JIT],0x0000e82e99e499b0
496603.0,3749463,python,[JIT],0x0000e07d3f09ad8c
496603.0,3749463,python,[JIT],0x0000e07d3f9e5064
496602.0,3749336,python,[JIT],0x0000e82e99e0f088
496602.0,3749336,python,[JIT],0x0000e82e99e477a8
496602.0,3749336,python,[JIT],0x0000e82e99ef938c
496601.0,3749240,python,python,PyObject_SelfIter
496601.0,3749543,python,[JIT],0x0000f0a3d190c79c
496601.0,3749336,python,[JIT],0x0000e82e995fea50
496601.0,3749336,python,[JIT],0x0000e82e99ef817c
496600.0,3749586,python,[JIT],0x0000f45d96e11854
496600.0,3749240,python,[JIT],0x0000ee2d4d0fd31c
496600.0,3749543,python,[JIT],0x0000f0a3d1978098
496600.0,3749336,python,[JIT],0x0000e82e9958cf20
496600.0,3749336,python,[JIT],0x0000e82e99e43390
496599.0,3749543,python,[JIT],0x0000f0a3d1d87d10
496599.0,3749336,python,[JIT],0x0000e82e99ef5be8
496598.0,3749336,python,[JIT],0x0000e82e99e4ad00
496597.0,3749240,python,[JIT],0x0000ee2d4ca91534
496597.0,3749543,python,[JIT],0x0000f0a3d1cd973c
496597.0,3749543,python,[JIT],0x0000f0a3d1d87664
496597.0,3749543,python,[JIT],0x0000f0a3d1d8b0c0
496597.0,3749336,python,[JIT],0x0000e82e995bb65c
496597.0,3749336,python,[JIT],0x0000e82e99e4a7f4
496597.0,3749336,python,[JIT],0x0000e82e99ef5a64
496597.0,3749336,python,python,_PyObject_GetAttrStackRef
496596.0,3749383,python,python,member_get
496596.0,3749543,python,[JIT],0x0000f0a3d1cdccbc
496596.0,3749543,python,[JIT],0x0000f0a3d1d87598
496596.0,3749336,python,[JIT],0x0000e82e995b8ce8
496596.0,3749336,python,[JIT],0x0000e82e99e4356c
496596.0,3749336,python,[JIT],0x0000e82e99e4ec0c
496596.0,3749336,python,[JIT],0x0000e82e99ef223c
496595.0,3749586,python,[JIT],0x0000f45d96e11f8c
496595.0,3749543,python,[JIT],0x0000f0a3d1978f88
496594.0,3749240,python,libc.so.6,__memcpy_generic
496594.0,3749336,python,[JIT],0x0000e82e99e47708
496594.0,3749336,python,[JIT],0x0000e82e99ef90e4
496594.0,3749463,python,python,allocate_from_new_pool
496593.0,3749336,python,[JIT],0x0000e82e99e44794
496593.0,3749336,python,[JIT],0x0000e82e99e46134
496592.0,3749543,python,[JIT],0x0000f0a3d1d846ec
496592.0,3749336,python,[JIT],0x0000e82e99ef55a8
496591.0,3749586,python,[JIT],0x0000f45d96af86c8
496591.0,3749586,python,[JIT],0x0000f45d96e1954c
496591.0,3749543,python,[JIT],0x0000f0a3d1cd246c
496591.0,3749336,python,[JIT],0x0000e82e99efa858
496590.0,3749543,python,[JIT],0x0000f0a3d1d84350
496590.0,3749336,python,[JIT],0x0000e82e99e4104c
496589.0,3749208,python,[JIT],0x0000e7243c80545c
496589.0,3749240,python,[JIT],0x0000ee2d4ca5a248
496589.0,3749543,python,[JIT],0x0000f0a3d1cd5384
496588.0,3749208,python,[JIT],0x0000e7243c80544c
496588.0,3749543,python,[JIT],0x0000f0a3d1cd90f8
496588.0,3749543,python,[JIT],0x0000f0a3d1d8228c
496588.0,3749543,python,[JIT],0x0000f0a3d1d87a60
496588.0,3749543,python,[JIT],0x0000f0a3d1d87bfc
496588.0,3749336,python,[JIT],0x0000e82e99ef6168
496587.0,3749336,python,[JIT],0x0000e82e99e4e26c
496587.0,3749463,python,[JIT],0x0000e07d3f936ee0
496586.0,3749208,python,[JIT],0x0000e7243c8b8390
496585.0,3749208,python,python,enum_next
496585.0,3749336,python,[JIT],0x0000e82e995fe574
496584.0,3749208,python,[JIT],0x0000e7243bf4cabc
496584.0,3749586,python,python,_PyObject_GetMethodStackRef
496584.0,3749336,python,[JIT],0x0000e82e99e4af98
496584.0,3749336,python,[JIT],0x0000e82e99e4e028
496584.0,3749336,python,[JIT],0x0000e82e99ef5510
496584.0,3749543,python,python,PyObject_RichCompare
496583.0,3749586,python,[JIT],0x0000f45d96579cc4
496583.0,3749543,python,[JIT],0x0000f0a3d190e350
496583.0,3749543,python,[JIT],0x0000f0a3d1cd9abc
496583.0,3749543,python,[JIT],0x0000f0a3d1d87088
496582.0,3749240,python,[JIT],0x0000ee2d4d2f5080
496582.0,3749383,python,python,_list_extend
496582.0,3749543,python,[JIT],0x0000f0a3d19786e8
496582.0,3749336,python,[JIT],0x0000e82e995fd06c
496582.0,3749463,python,python,lookup_method_ex.constprop.0
496582.0,3749463,python,[JIT],0x0000e07d3f6fc630
496581.0,3749208,python,[JIT],0x0000e7243c8b41b8
496581.0,3749336,python,[JIT],0x0000e82e99e432a4
496581.0,3749336,python,[JIT],0x0000e82e99e4a9e8
496580.0,3749586,python,[JIT],0x0000f45d96e170ec
496580.0,3749240,python,[JIT],0x0000ee2d4d2be634
496580.0,3749240,python,[JIT],0x0000ee2d4d3a22c4
496580.0,3749543,python,[JIT],0x0000f0a3d1d8408c
496580.0,3749336,python,[JIT],0x0000e82e99e0f60c
496580.0,3749336,python,[JIT],0x0000e82e99e49f24
496579.0,3749208,python,[JIT],0x0000e7243bf7d094
496579.0,3749543,python,[JIT],0x0000f0a3d1cd3168
496579.0,3749336,python,[JIT],0x0000e82e99e49e10
496579.0,3749336,python,[JIT],0x0000e82e99ef62b4
496578.0,3749586,python,[JIT],0x0000f45d96af15d8
496578.0,3749586,python,[JIT],0x0000f45d96afb550
496578.0,3749586,python,[JIT],0x0000f45d96e19284
496578.0,3749240,python,[JIT],0x0000ee2d4d2f7194
496578.0,3749336,python,[JIT],0x0000e82e995fd720
496578.0,3749336,python,[JIT],0x0000e82e99e0f304
496578.0,3749336,python,[JIT],0x0000e82e99e0f62c
496577.0,3749383,python,python,set_update_iterable_lock_held
496577.0,3749543,python,[JIT],0x0000f0a3d1cd60a4
496577.0,3749336,python,[JIT],0x0000e82e99ef11f4
496576.0,3749240,python,[JIT],0x0000ee2d4d2f112c
496576.0,3749383,python,[JIT],0x0000ef595c149fcc
496576.0,3749463,python,[JIT],0x0000e07d3f9337a0
496576.0,3749463,python,[JIT],0x0000e07d3f93b07c
496575.0,3749543,python,[JIT],0x0000f0a3d1d8c858
496575.0,3749463,python,[JIT],0x0000e07d3f9311a4
496575.0,3749463,python,[JIT],0x0000e07d3f933d70
496575.0,3749463,python,[JIT],0x0000e07d3f933e20
496574.0,3749586,python,[JIT],0x0000f45d96afb090
496574.0,3749586,python,[JIT],0x0000f45d96dde9cc
496574.0,3749586,python,[JIT],0x0000f45d96ddec98
496574.0,3749543,python,[JIT],0x0000f0a3d190c6a4
496574.0,3749543,python,[JIT],0x0000f0a3d1cd9030
496574.0,3749336,python,[JIT],0x0000e82e99e47404
496574.0,3749336,python,[JIT],0x0000e82e99ef9684
496574.0,3749543,python,[JIT],0x0000f0a3d1cd52ec
496574.0,3749463,python,[JIT],0x0000e07d3f6fc2e4
496574.0,3749463,python,[JIT],0x0000e07d3f9e17b4
496573.0,3749208,python,[JIT],0x0000e7243c80e5b0
496573.0,3749543,python,[JIT],0x0000f0a3d1934174
496573.0,3749543,python,[JIT],0x0000f0a3d19786d4
496573.0,3749336,python,[JIT],0x0000e82e995b14f4
496573.0,3749336,python,[JIT],0x0000e82e99e444d4
496573.0,3749336,python,[JIT],0x0000e82e99e49140
496572.0,3749208,python,[JIT],0x0000e7243c80c834
496572.0,3749586,python,[JIT],0x0000f45d96ddee80
496572.0,3749240,python,[JIT],0x0000ee2d4d2be030
496572.0,3749543,python,[JIT],0x0000f0a3d1978cb8
496572.0,3749543,python,[JIT],0x0000f0a3d1d87034
496571.0,3749543,python,[JIT],0x0000f0a3d1cd3ca4
496571.0,3749336,python,[JIT],0x0000e82e99ef5880
496571.0,3749336,python,[JIT],0x0000e82e99ef9570
496571.0,3749543,python,[JIT],0x0000f0a3d1d8b980
496570.0,3749543,python,python,_PyTuple_FromArraySteal
496570.0,3749463,python,[JIT],0x0000e07d3f8fe2b4
496570.0,3749463,python,[JIT],0x0000e07d3f9e62bc
496569.0,3749208,python,[JIT],0x0000e7243c807b74
496569.0,3749586,python,[JIT],0x0000f45d96e1c0ac
496569.0,3749336,python,[JIT],0x0000e82e995fdc84
496569.0,3749336,python,[JIT],0x0000e82e99e431fc
496569.0,3749336,python,[JIT],0x0000e82e99e4e128
496568.0,3749543,python,[JIT],0x0000f0a3d1979790
496568.0,3749543,python,[JIT],0x0000f0a3d1d8c84c
496567.0,3749586,python,[JIT],0x0000f45d96dde3f8
496567.0,3749586,python,[JIT],0x0000f45d96e1cf40
496567.0,3749240,python,[JIT],0x0000ee2d4d3a2394
496567.0,3749543,python,[JIT],0x0000f0a3d19755dc
496567.0,3749463,python,[JIT],0x0000e07d3f93358c
496566.0,3749336,python,[JIT],0x0000e82e99e432e8
496566.0,3749543,python,python,insertdict
496565.0,3749586,python,[JIT],0x0000f45d96e1d800
496565.0,3749586,python,python,_PyDict_SetItem_Take2
496565.0,3749240,python,[JIT],0x0000ee2d4d3a1040
496565.0,3749543,python,[JIT],0x0000f0a3d1cda7f8
496565.0,3749543,python,[JIT],0x0000f0a3d1cdc088
496565.0,3749336,python,[JIT],0x0000e82e995b502c
496565.0,3749336,python,[JIT],0x0000e82e99e497a0
496565.0,3749463,python,[JIT],0x0000e07d3f936e60
496563.0,3749240,python,[JIT],0x0000ee2d4d3a3504
496563.0,3749543,python,[JIT],0x0000f0a3d1cd2600
496563.0,3749543,python,[JIT],0x0000f0a3d1cd4028
496563.0,3749336,python,[JIT],0x0000e82e99e434bc
496563.0,3749336,python,[JIT],0x0000e82e99ef5038
496562.0,3749208,python,[JIT],0x0000e7243c4eb0fc
496562.0,3749586,python,[JIT],0x0000f45d96af1668
496562.0,3749336,python,[JIT],0x0000e82e99e41150
496562.0,3749336,python,[JIT],0x0000e82e99ef6340
496562.0,3749463,python,[JIT],0x0000e07d3f93351c
496562.0,3749463,python,[JIT],0x0000e07d3f09c060
496561.0,3749208,python,[JIT],0x0000e7243c8059d4
496561.0,3749586,python,[JIT],0x0000f45d96af8294
496561.0,3749463,python,[JIT],0x0000e07d3f9e1fd0
496561.0,3749463,python,[JIT],0x0000e07d3f9e2350
496560.0,3749586,python,[JIT],0x0000f45d96af907c
496560.0,3749240,python,python,gen_finalize
496560.0,3749240,python,[JIT],0x0000ee2d4d2be7ac
496560.0,3749543,python,[JIT],0x0000f0a3d13fb878
496560.0,3749543,python,[JIT],0x0000f0a3d1cd68d4
496560.0,3749336,python,[JIT],0x0000e82e995b8cbc
496559.0,3749208,python,[JIT],0x0000e7243c8b7360
496559.0,3749543,python,[JIT],0x0000f0a3d1d87d04
496558.0,3749208,python,[JIT],0x0000e7243c4ec19c
496558.0,3749586,python,[JIT],0x0000f45d96ec2a20
496558.0,3749586,python,python,PyLong_FromSsize_t
496558.0,3749463,python,[JIT],0x0000e07d3f6fc0b0
496557.0,3749208,python,python,builtin_sum
496557.0,3749586,python,[JIT],0x0000f45d96ddee48
496557.0,3749543,python,[JIT],0x0000f0a3d1cd93f8
496557.0,3749543,python,[JIT],0x0000f0a3d1d8b888
496557.0,3749336,python,python,PySequence_List
496556.0,3749208,python,[JIT],0x0000e7243c8012ec
496556.0,3749586,python,[JIT],0x0000f45d96afb658
496556.0,3749586,python,[JIT],0x0000f45d96ec107c
496556.0,3749543,python,[JIT],0x0000f0a3d1cdb008
496556.0,3749336,python,[JIT],0x0000e82e99ef50c8
496556.0,3749336,python,[JIT],0x0000e82e99ef61d8
496556.0,3749543,python,[JIT],0x0000f0a3d1d84978
496555.0,3749208,python,[JIT],0x0000e7243bf425e0
496555.0,3749208,python,[JIT],0x0000e7243bfb9238
496555.0,3749240,python,[JIT],0x0000ee2d4d0f910c
496555.0,3749240,python,[JIT],0x0000ee2d4d0fc1dc
496555.0,3749543,python,[JIT],0x0000f0a3d1cdc084
496555.0,3749543,python,[JIT],0x0000f0a3d1d87d20
496555.0,3749336,python,[JIT],0x0000e82e99e47770
496555.0,3749336,python,[JIT],0x0000e82e99ef55f0
496555.0,3749463,python,[JIT],0x0000e07d3f099910
496554.0,3749208,python,[JIT],0x0000e7243bfb9e08
496554.0,3749208,python,[JIT],0x0000e7243c805e58
496554.0,3749240,python,python,memset@plt
496554.0,3749336,python,[JIT],0x0000e82e99e49028
496554.0,3749336,python,[JIT],0x0000e82e99ef2ae4
496554.0,3749463,python,[JIT],0x0000e07d3f6fc644
496553.0,3749586,python,[JIT],0x0000f45d96af8644
496553.0,3749240,python,[JIT],0x0000ee2d4d3a1888
496553.0,3749336,python,[JIT],0x0000e82e99ef5260
496553.0,3749336,python,python,_PyUnicode_InternMortal
496552.0,3749208,python,[JIT],0x0000e7243c8e7004
496552.0,3749208,python,[JIT],0x0000e7243c8e701c
496552.0,3749543,python,[JIT],0x0000f0a3d1cd52f8
496552.0,3749543,python,[JIT],0x0000f0a3d1cdbb64
496552.0,3749543,python,[JIT],0x0000f0a3d1d84118
496552.0,3749336,python,[JIT],0x0000e82e99e47ab0
496552.0,3749336,python,[JIT],0x0000e82e99ef95c4
496551.0,3749240,python,[JIT],0x0000ee2d4d2be318
496551.0,3749336,python,[JIT],0x0000e82e995b55ac
496551.0,3749336,python,[JIT],0x0000e82e99e47310
496550.0,3749208,python,[JIT],0x0000e7243c8b344c
496550.0,3749586,python,[JIT],0x0000f45d96afb1a0
496550.0,3749240,python,[JIT],0x0000ee2d4d2f221c
496550.0,3749543,python,[JIT],0x0000f0a3d1cd22bc
496550.0,3749543,python,[JIT],0x0000f0a3d1cd9488
496550.0,3749336,python,[JIT],0x0000e82e99e473a0
496550.0,3749336,python,[JIT],0x0000e82e99ef6ce4
496550.0,3749336,python,python,gen_finalize
496549.0,3749586,python,[JIT],0x0000f45d96dde394
496549.0,3749586,python,[JIT],0x0000f45d96ddee7c
496549.0,3749336,python,[JIT],0x0000e82e99e0f310
496549.0,3749336,python,[JIT],0x0000e82e99e0f480
496549.0,3749463,python,[JIT],0x0000e07d3f6fd324
496548.0,3749208,python,python,_PyJIT_Compile
496548.0,3749586,python,[JIT],0x0000f45d965793c0
496548.0,3749586,python,[JIT],0x0000f45d96af1d4c
496548.0,3749586,python,[JIT],0x0000f45d96e12ef4
496548.0,3749586,python,[JIT],0x0000f45d96e19250
496548.0,3749240,python,python,PyObject_GetIter
496548.0,3749543,python,[JIT],0x0000f0a3d1d8b094
496548.0,3749463,python,python,_PyUnicode_Equal
496548.0,3749463,python,[JIT],0x0000e07d3f09ca80
496547.0,3749543,python,[JIT],0x0000f0a3d1934228
496547.0,3749543,python,[JIT],0x0000f0a3d1d8833c
496547.0,3749336,python,[JIT],0x0000e82e995b1fb4
496547.0,3749336,python,[JIT],0x0000e82e99ef67d0
496547.0,3749463,python,[JIT],0x0000e07d3f93698c
496546.0,3749208,python,[JIT],0x0000e7243c805490
496546.0,3749586,python,[JIT],0x0000f45d96ddee10
496546.0,3749543,python,[JIT],0x0000f0a3d1cd52d0
496546.0,3749543,python,[JIT],0x0000f0a3d1d842d4
496546.0,3749463,python,[JIT],0x0000e07d3f9350a0
496545.0,3749208,python,[JIT],0x0000e7243c8071cc
496545.0,3749543,python,[JIT],0x0000f0a3d1cdc504
496545.0,3749336,python,[JIT],0x0000e82e995b7c38
496545.0,3749336,python,[JIT],0x0000e82e99e410a0
496545.0,3749336,python,[JIT],0x0000e82e99ef64ec
496545.0,3749463,python,[JIT],0x0000e07d3f0d40b4
496545.0,3749463,python,[JIT],0x0000e07d3f93d51c
496545.0,3749463,python,[JIT],0x0000e07d3f9e6d90
496544.0,3749586,python,[JIT],0x0000f45d96e11884
496544.0,3749240,python,[JIT],0x0000ee2d4d3a10bc
496544.0,3749543,python,python,set_update_iterable_lock_held
496544.0,3749336,python,[JIT],0x0000e82e995fd960
496544.0,3749463,python,[JIT],0x0000e07d3f936ed8
496543.0,3749463,python,python,PyObject_RichCompareBool
496542.0,3749208,python,[JIT],0x0000e7243c7cef60
496542.0,3749586,python,[JIT],0x0000f45d96af1c04
496542.0,3749543,python,[JIT],0x0000f0a3d1cd907c
496542.0,3749336,python,[JIT],0x0000e82e9955f034
496542.0,3749336,python,[JIT],0x0000e82e995f6080
496542.0,3749336,python,[JIT],0x0000e82e99ef9094
496542.0,3749463,python,[JIT],0x0000e07d3f93347c
496541.0,3749208,python,[JIT],0x0000e7243c805670
496540.0,3749586,python,[JIT],0x0000f45d96e1b1a8
496540.0,3749543,python,[JIT],0x0000f0a3d1cd6e54
496540.0,3749336,python,python,PyType_GenericAlloc
496540.0,3749336,python,[JIT],0x0000e82e99558258
496540.0,3749336,python,[JIT],0x0000e82e99e432a8
496539.0,3749543,python,[JIT],0x0000f0a3d190c4ec
496539.0,3749336,python,[JIT],0x0000e82e99e0f51c
496539.0,3749336,python,[JIT],0x0000e82e99e4ad44
496538.0,3749208,python,[JIT],0x0000e7243c8011e0
496538.0,3749586,python,[JIT],0x0000f45d96af12d4
496538.0,3749586,python,[JIT],0x0000f45d96dde8a4
496538.0,3749240,python,python,_Py_bytes_lower
496538.0,3749336,python,[JIT],0x0000e82e995fde0c
496537.0,3749208,python,[JIT],0x0000e7243c805a68
496536.0,3749586,python,[JIT],0x0000f45d96e18110
496536.0,3749240,python,[JIT],0x0000ee2d4ca5d1ec
496536.0,3749240,python,[JIT],0x0000ee2d4d2f616c
496536.0,3749543,python,[JIT],0x0000f0a3d1cd9d74
496536.0,3749543,python,[JIT],0x0000f0a3d1d8b088
496536.0,3749336,python,[JIT],0x0000e82e99ef2234
496536.0,3749463,python,[JIT],0x0000e07d3f9e193c
496535.0,3749586,python,[JIT],0x0000f45d96e1c454
496535.0,3749240,python,python,long_dealloc
496535.0,3749240,python,[JIT],0x0000ee2d4d2f1120
496534.0,3749586,python,[JIT],0x0000f45d96af8498
496534.0,3749586,python,[JIT],0x0000f45d96e19b60
496534.0,3749240,python,[JIT],0x0000ee2d4d2fcd10
496534.0,3749543,python,[JIT],0x0000f0a3d1d87314
496534.0,3749336,python,[JIT],0x0000e82e995b864c
496534.0,3749336,python,[JIT],0x0000e82e99e4e1a0
496534.0,3749336,python,[JIT],0x0000e82e99ef2204
496533.0,3749208,python,[JIT],0x0000e7243c80c40c
496533.0,3749586,python,python,PyFunction_New
496533.0,3749586,python,[JIT],0x0000f45d96579254
496533.0,3749586,python,[JIT],0x0000f45d965b3aa8
496533.0,3749586,python,[JIT],0x0000f45d96af90a4
496533.0,3749586,python,[JIT],0x0000f45d96e1cd6c
496533.0,3749586,python,[JIT],0x0000f45d96ec22c0
496533.0,3749586,python,python,permutations_next
496533.0,3749543,python,[JIT],0x0000f0a3d1978a98
496533.0,3749336,python,[JIT],0x0000e82e99e460dc
496533.0,3749543,python,[JIT],0x0000f0a3d1d8b064
496533.0,3749463,python,[JIT],0x0000e07d3f6fe014
496532.0,3749586,python,[JIT],0x0000f45d96afb1e4
496532.0,3749586,python,[JIT],0x0000f45d96ddeb20
496532.0,3749543,python,[JIT],0x0000f0a3d190904c
496532.0,3749336,python,[JIT],0x0000e82e99e0f3f0
496531.0,3749240,python,python,_PyStolenTuple_Free
496530.0,3749208,python,python,PyObject_GetAttr
496530.0,3749586,python,[JIT],0x0000f45d96e1427c
496530.0,3749336,python,[JIT],0x0000e82e99ef6cec
496530.0,3749463,python,python,_Py_CallBuiltinClass_StackRef
496530.0,3749463,python,[JIT],0x0000e07d3f933b94
496529.0,3749208,python,[JIT],0x0000e7243c802234
496529.0,3749586,python,[kernel.kallsyms],task_mm_cid_work
496529.0,3749586,python,[JIT],0x0000f45d96579f2c
496529.0,3749586,python,[JIT],0x0000f45d96af9050
496529.0,3749240,python,[JIT],0x0000ee2d4d0fc14c
496529.0,3749463,python,[JIT],0x0000e07d3f93345c
496529.0,3749463,python,[JIT],0x0000e07d3f933c60
496528.0,3749208,python,[JIT],0x0000e7243c8050f8
496528.0,3749586,python,[JIT],0x0000f45d96e17058
496528.0,3749586,python,[JIT],0x0000f45d96e1cf38
496528.0,3749543,python,[JIT],0x0000f0a3d190c944
496528.0,3749543,python,[JIT],0x0000f0a3d1cd4010
496528.0,3749543,python,[JIT],0x0000f0a3d1cd5678
496528.0,3749463,python,[JIT],0x0000e07d3f933cf0
496527.0,3749208,python,[JIT],0x0000e7243c4ee08c
496527.0,3749586,python,[JIT],0x0000f45d9657913c
496527.0,3749586,python,[JIT],0x0000f45d96dde830
496527.0,3749240,python,[JIT],0x0000ee2d4d0f951c
496526.0,3749586,python,[JIT],0x0000f45d96af1f48
496526.0,3749586,python,[JIT],0x0000f45d96af9a48
496526.0,3749240,python,libc.so.6,_int_malloc
496526.0,3749543,python,[JIT],0x0000f0a3d1cd3a60
496526.0,3749336,python,[JIT],0x0000e82e995b7eec
496526.0,3749336,python,[JIT],0x0000e82e99e432f0
496526.0,3749336,python,[JIT],0x0000e82e99e4e398
496525.0,3749586,python,[JIT],0x0000f45d96e1b08c
496525.0,3749336,python,[JIT],0x0000e82e99e47cf8
496525.0,3749336,python,[JIT],0x0000e82e99ef97b8
496525.0,3749463,python,[JIT],0x0000e07d3f06908c
496524.0,3749586,python,[JIT],0x0000f45d96e1b15c
496524.0,3749240,python,[JIT],0x0000ee2d4d2f9a9c
496524.0,3749543,python,[JIT],0x0000f0a3d1cd9e58
496524.0,3749336,python,[JIT],0x0000e82e99e477bc
496523.0,3749208,python,[JIT],0x0000e7243c4ee004
496523.0,3749208,python,[JIT],0x0000e7243c807210
496523.0,3749240,python,python,_PyTuple_FromPairSteal
496523.0,3749543,python,python,_PyUnicode_Equal
496523.0,3749463,python,[JIT],0x0000e07d3f6f5170
496522.0,3749543,python,[JIT],0x0000f0a3d1d82fc8
496521.0,3749208,python,[JIT],0x0000e7243c805c8c
496521.0,3749586,python,[JIT],0x0000f45d96af8480
496521.0,3749586,python,[JIT],0x0000f45d96e1f1f4
496521.0,3749240,python,[JIT],0x0000ee2d4ca59a40
496521.0,3749240,python,[JIT],0x0000ee2d4d0ec8fc
496521.0,3749240,python,[JIT],0x0000ee2d4d2ff030
496521.0,3749240,python,[JIT],0x0000ee2d4d3a167c
496521.0,3749463,python,python,set_richcompare
496520.0,3749208,python,[JIT],0x0000e7243c807fc8
496520.0,3749463,python,[JIT],0x0000e07d3f9e227c
496519.0,3749208,python,[JIT],0x0000e7243c8b3984
496519.0,3749586,python,[JIT],0x0000f45d9657f78c
496519.0,3749240,python,[JIT],0x0000ee2d4d2f2a20
496519.0,3749543,python,[JIT],0x0000f0a3d1cd3048
496519.0,3749543,python,[JIT],0x0000f0a3d1d8789c
496519.0,3749336,python,[JIT],0x0000e82e99e490b8
496518.0,3749586,python,[JIT],0x0000f45d96e1f22c
496518.0,3749463,python,[JIT],0x0000e07d3f93e35c
496518.0,3749463,python,[JIT],0x0000e07d3f6fc218
496518.0,3749463,python,[JIT],0x0000e07d3f933624
496518.0,3749463,python,[JIT],0x0000e07d3f93be2c
496517.0,3749208,python,[JIT],0x0000e7243c7cea00
496517.0,3749586,python,[JIT],0x0000f45d96dde424
496517.0,3749586,python,[JIT],0x0000f45d96e1d23c
496517.0,3749240,python,[JIT],0x0000ee2d4d0f9138
496517.0,3749543,python,[JIT],0x0000f0a3d1cd8098
496517.0,3749336,python,[JIT],0x0000e82e99e434e0
496516.0,3749586,python,[JIT],0x0000f45d96af8244
496516.0,3749240,python,[JIT],0x0000ee2d4d2fcd38
496516.0,3749543,python,[JIT],0x0000f0a3d1d82128
496516.0,3749336,python,[JIT],0x0000e82e995b1d9c
496516.0,3749336,python,[JIT],0x0000e82e99efb9fc
496516.0,3749463,python,[JIT],0x0000e07d3f93151c
496515.0,3749208,python,[JIT],0x0000e7243c8b82d0
496515.0,3749543,python,[JIT],0x0000f0a3d1d87f44
496514.0,3749208,python,[JIT],0x0000e7243c4ee50c
496514.0,3749586,python,[JIT],0x0000f45d96afb634
496514.0,3749543,python,[JIT],0x0000f0a3d19794f8
496514.0,3749543,python,[JIT],0x0000f0a3d1d840a0
496513.0,3749586,python,[JIT],0x0000f45d96ddf828
496513.0,3749586,python,[JIT],0x0000f45d96e1912c
496513.0,3749586,python,[JIT],0x0000f45d96e1b080
496513.0,3749586,python,[JIT],0x0000f45d96e1c328
496513.0,3749586,python,[JIT],0x0000f45d96ec11c0
496513.0,3749240,python,[JIT],0x0000ee2d4d2f707c
496513.0,3749543,python,[JIT],0x0000f0a3d1d840cc
496513.0,3749336,python,[JIT],0x0000e82e995fe954
496513.0,3749463,python,[JIT],0x0000e07d3f6f5818
496512.0,3749543,python,[JIT],0x0000f0a3d1d8705c
496512.0,3749543,python,[JIT],0x0000f0a3d1d87b78
496512.0,3749336,python,[JIT],0x0000e82e99ef5040
496512.0,3749463,python,[JIT],0x0000e07d3f933984
496511.0,3749208,python,[JIT],0x0000e7243c4ee498
496511.0,3749586,python,python,_PyEval_GetIter
496511.0,3749543,python,[JIT],0x0000f0a3d1cd53f0
496511.0,3749336,python,[JIT],0x0000e82e99e47d38
496511.0,3749336,python,[JIT],0x0000e82e99e4e008
496511.0,3749463,python,[JIT],0x0000e07d3f6f5260
496511.0,3749463,python,[JIT],0x0000e07d3f9330bc
496510.0,3749208,python,[JIT],0x0000e7243c4ee210
496510.0,3749208,python,[JIT],0x0000e7243c4eeb0c
496510.0,3749586,python,[JIT],0x0000f45d96af1b50
496510.0,3749586,python,[JIT],0x0000f45d96e11aa8
496510.0,3749586,python,[JIT],0x0000f45d96e1ce04
496510.0,3749586,python,libc.so.6,memcmp
496510.0,3749543,python,[JIT],0x0000f0a3d1934be0
496510.0,3749463,python,[JIT],0x0000e07d3f93317c
496509.0,3749208,python,[JIT],0x0000e7243c8b712c
496509.0,3749586,python,[JIT],0x0000f45d96e12fb0
496509.0,3749240,python,[JIT],0x0000ee2d4d2f1e34
496509.0,3749240,python,[JIT],0x0000ee2d4d2f7128
496509.0,3749543,python,[JIT],0x0000f0a3d1935df4
496509.0,3749543,python,[JIT],0x0000f0a3d1cd2480
496509.0,3749336,python,[JIT],0x0000e82e995b9024
496509.0,3749463,python,[JIT],0x0000e07d3f93695c
496508.0,3749543,python,[JIT],0x0000f0a3d1cd807c
496508.0,3749543,python,[JIT],0x0000f0a3d1d8747c
496508.0,3749543,python,[JIT],0x0000f0a3d1d87e84
496508.0,3749336,python,[JIT],0x0000e82e99e47ab8
496508.0,3749336,python,[JIT],0x0000e82e99ef90ac
496508.0,3749463,python,[JIT],0x0000e07d3f9e2c04
496507.0,3749586,python,python,PyObject_GetIter
496507.0,3749336,python,[JIT],0x0000e82e995fd08c
496507.0,3749543,python,python,_Py_bytes_lower
496507.0,3749463,python,[JIT],0x0000e07d3f094580
496506.0,3749208,python,[JIT],0x0000e7243c4ee2e8
496506.0,3749586,python,[JIT],0x0000f45d96e1cb64
496506.0,3749240,python,[JIT],0x0000ee2d4ca59060
496506.0,3749543,python,[JIT],0x0000f0a3d1d88350
496506.0,3749336,python,[JIT],0x0000e82e99ef4170
496506.0,3749463,python,[JIT],0x0000e07d3f6fc2c8
496505.0,3749208,python,[JIT],0x0000e7243bfb9b78
496505.0,3749383,python,[JIT],0x0000ef595c14d390
496505.0,3749543,python,[JIT],0x0000f0a3d1978f5c
496505.0,3749336,python,[JIT],0x0000e82e995fe94c
496505.0,3749336,python,[JIT],0x0000e82e99e432f8
496505.0,3749336,python,[JIT],0x0000e82e99e496a4
496505.0,3749336,python,[JIT],0x0000e82e99e43574
496505.0,3749463,python,[JIT],0x0000e07d3f936dfc
496504.0,3749208,python,[JIT],0x0000e7243c8b432c
496504.0,3749586,python,[JIT],0x0000f45d96ec1080
496504.0,3749463,python,[JIT],0x0000e07d3f9e413c
496503.0,3749586,python,[JIT],0x0000f45d96afb2e0
496503.0,3749586,python,[JIT],0x0000f45d96e1d18c
496503.0,3749586,python,[JIT],0x0000f45d96ec2b74
496503.0,3749543,python,[JIT],0x0000f0a3d1cd2248
496503.0,3749543,python,[JIT],0x0000f0a3d1d824f8
496503.0,3749336,python,[JIT],0x0000e82e99e47294
496503.0,3749336,python,[JIT],0x0000e82e99e49298
496503.0,3749336,python,[JIT],0x0000e82e99ef5bf0
496503.0,3749463,python,python,dictvalues_iter
496503.0,3749463,python,[JIT],0x0000e07d3f933afc
496502.0,3749208,python,python,PyCallable_Check
496502.0,3749240,python,[JIT],0x0000ee2d4d2fd9e0
496502.0,3749240,python,[JIT],0x0000ee2d4d0f91e0
496502.0,3749240,python,[JIT],0x0000ee2d4d2bec14
496501.0,3749586,python,[JIT],0x0000f45d965751c8
496501.0,3749383,python,python,unicode_lower
496501.0,3749543,python,[JIT],0x0000f0a3d1932280
496501.0,3749463,python,[JIT],0x0000e07d3f9e52bc
496500.0,3749208,python,[JIT],0x0000e7243bf75958
496500.0,3749208,python,[JIT],0x0000e7243c805ac0
496500.0,3749208,python,[JIT],0x0000e7243c808d58
496500.0,3749240,python,[JIT],0x0000ee2d4d0fc4e4
496500.0,3749336,python,[JIT],0x0000e82e99e431e4
496499.0,3749208,python,[JIT],0x0000e7243c80e138
496499.0,3749586,python,[JIT],0x0000f45d96dde25c
496499.0,3749586,python,[JIT],0x0000f45d96e198e0
496499.0,3749240,python,[JIT],0x0000ee2d4d2fc13c
496499.0,3749543,python,[JIT],0x0000f0a3d1cdb56c
496499.0,3749336,python,[JIT],0x0000e82e99ef57a0
496499.0,3749463,python,python,_Py_Specialize_LoadAttr
496499.0,3749463,python,[JIT],0x0000e07d3f93d168
496499.0,3749463,python,[JIT],0x0000e07d3f9e40b4
496498.0,3749208,python,[JIT],0x0000e7243bfb95c0
496498.0,3749208,python,[JIT],0x0000e7243c8b7064
496498.0,3749586,python,[JIT],0x0000f45d96ddead0
496498.0,3749586,python,[JIT],0x0000f45d96e1d1e0
496498.0,3749240,python,[JIT],0x0000ee2d4d0f99d0
496498.0,3749240,python,[JIT],0x0000ee2d4d2f2524
496498.0,3749543,python,python,set_richcompare
496498.0,3749543,python,[JIT],0x0000f0a3d1d8b150
496498.0,3749336,python,[JIT],0x0000e82e995fd170
496498.0,3749336,python,[JIT],0x0000e82e995fe2a4
496498.0,3749336,python,[JIT],0x0000e82e99e474b0
496498.0,3749463,python,[JIT],0x0000e07d3f0d663c
496498.0,3749463,python,[JIT],0x0000e07d3f6f55b4
496498.0,3749463,python,[JIT],0x0000e07d3f9e1b40
496498.0,3749463,python,[JIT],0x0000e07d3f9e6540
496498.0,3749463,python,[JIT],0x0000e07d3f9e6cc8
496497.0,3749543,python,[JIT],0x0000f0a3d1978418
496497.0,3749543,python,[JIT],0x0000f0a3d1d8738c
496497.0,3749543,python,[JIT],0x0000f0a3d1d8c5c8
496497.0,3749336,python,[JIT],0x0000e82e99e44204
496497.0,3749336,python,[JIT],0x0000e82e99e4795c
496496.0,3749586,python,[JIT],0x0000f45d96afb390
496496.0,3749543,python,python,set_update_local
496496.0,3749543,python,[JIT],0x0000f0a3d1d875e0
496496.0,3749463,python,[JIT],0x0000e07d3f6fcb0c
496495.0,3749208,python,[JIT],0x0000e7243c80e094
496495.0,3749586,python,[JIT],0x0000f45d96dde92c
496495.0,3749586,python,[JIT],0x0000f45d96ddec64
496495.0,3749240,python,python,set_add_entry_takeref
496495.0,3749543,python,[JIT],0x0000f0a3d1d87784
496495.0,3749543,python,python,_Py_MakeCoro
496494.0,3749240,python,[JIT],0x0000ee2d4d2f90b8
496494.0,3749463,python,[JIT],0x0000e07d3f0950bc
496494.0,3749463,python,[JIT],0x0000e07d3fa15014
496493.0,3749543,python,python,PyMem_Malloc
496493.0,3749336,python,[JIT],0x0000e82e99e43500
496493.0,3749336,python,[JIT],0x0000e82e99ef62c0
496493.0,3749463,python,[JIT],0x0000e07d3f9e2cf0
496492.0,3749208,python,[JIT],0x0000e7243c8b3080
496492.0,3749586,python,[JIT],0x0000f45d96579944
496492.0,3749543,python,[JIT],0x0000f0a3d190d0d0
496492.0,3749543,python,[JIT],0x0000f0a3d1cd9404
496492.0,3749336,python,[JIT],0x0000e82e99ef902c
496492.0,3749463,python,[JIT],0x0000e07d3f931228
496491.0,3749240,python,[JIT],0x0000ee2d4d2fce0c
496491.0,3749543,python,[JIT],0x0000f0a3d1d885c8
496491.0,3749543,python,[JIT],0x0000f0a3d1d8b028
496490.0,3749208,python,[JIT],0x0000e7243c7ce1cc
496490.0,3749586,python,[JIT],0x0000f45d96af82ec
496490.0,3749586,python,[JIT],0x0000f45d96e1b18c
496490.0,3749240,python,[JIT],0x0000ee2d4ca24c18
496490.0,3749240,python,[JIT],0x0000ee2d4d0fa260
496490.0,3749240,python,[JIT],0x0000ee2d4d2f2c30
496490.0,3749383,python,libc.so.6,__memcpy_generic
496490.0,3749543,python,[JIT],0x0000f0a3d1cd30ac
496490.0,3749543,python,[JIT],0x0000f0a3d1cd67b0
496490.0,3749543,python,[JIT],0x0000f0a3d1d877d0
496490.0,3749543,python,[JIT],0x0000f0a3d1d87e48
496490.0,3749463,python,[JIT],0x0000e07d3f93d8e8
496489.0,3749586,python,[JIT],0x0000f45d96dde390
496489.0,3749586,python,[JIT],0x0000f45d96e1c424
496489.0,3749240,python,python,slot_tp_richcompare
496489.0,3749543,python,[JIT],0x0000f0a3d190c4ac
496489.0,3749543,python,[JIT],0x0000f0a3d1cd6868
496489.0,3749543,python,[JIT],0x0000f0a3d1d881bc
496488.0,3749208,python,python,builtin_callable
496488.0,3749208,python,[JIT],0x0000e7243c8b3714
496488.0,3749586,python,[JIT],0x0000f45d96af9e44
496488.0,3749240,python,python,_Py_dict_lookup_threadsafe_stackref
496488.0,3749543,python,[JIT],0x0000f0a3d1cd209c
496487.0,3749208,python,[JIT],0x0000e7243c8b384c
496487.0,3749586,python,[JIT],0x0000f45d96af1098
496487.0,3749240,python,[JIT],0x0000ee2d4ca91b5c
496487.0,3749240,python,[JIT],0x0000ee2d4d0f9100
496487.0,3749383,python,python,PyMem_Calloc
496487.0,3749383,python,python,_Py_BuildString_StackRefSteal
496487.0,3749543,python,[JIT],0x0000f0a3d1cd5038
496487.0,3749336,python,[JIT],0x0000e82e9958f140
496487.0,3749463,python,[JIT],0x0000e07d3f0d4270
496487.0,3749463,python,[JIT],0x0000e07d3f6f5884
496486.0,3749208,python,[JIT],0x0000e7243c8b3838
496486.0,3749586,python,python,_PyCompactLong_Add
496486.0,3749586,python,[JIT],0x0000f45d96e11b64
496486.0,3749586,python,python,unicode_lower
496486.0,3749240,python,[JIT],0x0000ee2d4d0f96d8
496486.0,3749543,python,[JIT],0x0000f0a3d1d84420
496486.0,3749336,python,[JIT],0x0000e82e99ef5a60
496486.0,3749463,python,[JIT],0x0000e07d3f0d2290
496486.0,3749463,python,[JIT],0x0000e07d3f9367e4
496485.0,3749586,python,python,_PyDict_LoadGlobalStackRef
496485.0,3749586,python,[JIT],0x0000f45d96ddee28
496485.0,3749586,python,python,_PyObject_GC_NewVar
496485.0,3749240,python,[JIT],0x0000ee2d4d2f74d0
496484.0,3749208,python,[JIT],0x0000e7243c4ee364
496484.0,3749586,python,[JIT],0x0000f45d96e17abc
496484.0,3749240,python,[JIT],0x0000ee2d4d0f2428
496484.0,3749240,python,[JIT],0x0000ee2d4d2be068
496484.0,3749543,python,[JIT],0x0000f0a3d18f9090
496484.0,3749543,python,[JIT],0x0000f0a3d1cd555c
496484.0,3749463,python,[JIT],0x0000e07d3f933ee0
496483.0,3749208,python,[JIT],0x0000e7243c8b394c
496483.0,3749586,python,[JIT],0x0000f45d96ec10ac
496483.0,3749543,python,[JIT],0x0000f0a3d1cd24c8
496483.0,3749463,python,[JIT],0x0000e07d3f9333c0
496482.0,3749240,python,[JIT],0x0000ee2d4ca59ca0
496482.0,3749336,python,[JIT],0x0000e82e99e49a0c
496482.0,3749463,python,[JIT],0x0000e07d3f9e2700
496481.0,3749208,python,[JIT],0x0000e7243c807000
496481.0,3749586,python,[JIT],0x0000f45d96ddedc4
496481.0,3749240,python,[JIT],0x0000ee2d4d0fa038
496481.0,3749240,python,[JIT],0x0000ee2d4d2f92c8
496481.0,3749336,python,[JIT],0x0000e82e99e0f17c
496481.0,3749463,python,[JIT],0x0000e07d3f9331d8
496480.0,3749208,python,[JIT],0x0000e7243c80c1c8
496480.0,3749586,python,[JIT],0x0000f45d96ddeb7c
496480.0,3749240,python,[JIT],0x0000ee2d4d0fc434
496480.0,3749240,python,[JIT],0x0000ee2d4d2f1698
496480.0,3749543,python,[JIT],0x0000f0a3d18edb48
496480.0,3749543,python,[JIT],0x0000f0a3d1cd556c
496479.0,3749586,python,[JIT],0x0000f45d96e1f164
496479.0,3749336,python,[JIT],0x0000e82e99e4330c
496479.0,3749463,python,[JIT],0x0000e07d3f6f570c
496479.0,3749463,python,[JIT],0x0000e07d3f93d178
496478.0,3749208,python,[JIT],0x0000e7243c80408c
496478.0,3749586,python,[JIT],0x0000f45d96e19230
496478.0,3749543,python,[JIT],0x0000f0a3d1cd5218
496478.0,3749543,python,[JIT],0x0000f0a3d1cdcf68
496478.0,3749336,python,[kernel.kallsyms],mas_rev_awalk
496477.0,3749208,python,[JIT],0x0000e7243c805d70
496477.0,3749586,python,[JIT],0x0000f45d96afb208
496477.0,3749543,python,[JIT],0x0000f0a3d1979574
496477.0,3749543,python,[JIT],0x0000f0a3d1cd5194
496477.0,3749463,python,[JIT],0x0000e07d3f6fc2dc
496476.0,3749208,python,[JIT],0x0000e7243bfb9784
496476.0,3749336,python,[JIT],0x0000e82e994f3074
496476.0,3749463,python,[JIT],0x0000e07d3f9332e8
496476.0,3749463,python,[JIT],0x0000e07d3f933588
496475.0,3749208,python,[JIT],0x0000e7243c8067f4
496475.0,3749586,python,[JIT],0x0000f45d96579a80
496475.0,3749240,python,python,_PyJIT_Compile
496475.0,3749463,python,[JIT],0x0000e07d3f9313bc
496475.0,3749463,python,[JIT],0x0000e07d3f933678
496475.0,3749463,python,[JIT],0x0000e07d3f9e5084
496474.0,3749240,python,[JIT],0x0000ee2d4d0f2da8
496474.0,3749383,python,python,dictitems_iter
496474.0,3749543,python,[JIT],0x0000f0a3d1d8b0ac
496473.0,3749208,python,python,_Py_dict_lookup_threadsafe_stackref
496473.0,3749240,python,[JIT],0x0000ee2d4d2fd0a0
496473.0,3749543,python,[JIT],0x0000f0a3d1d87f3c
496473.0,3749463,python,[JIT],0x0000e07d3f93b1b4
496472.0,3749586,python,[JIT],0x0000f45d96af216c
496472.0,3749586,python,[JIT],0x0000f45d96dde400
496472.0,3749586,python,[JIT],0x0000f45d96e1cd14
496472.0,3749543,python,[JIT],0x0000f0a3d190ce84
496472.0,3749543,python,[JIT],0x0000f0a3d1cdbf8c
496472.0,3749543,python,[JIT],0x0000f0a3d1d8b8a0
496472.0,3749463,python,[JIT],0x0000e07d3f93d174
496471.0,3749586,python,[JIT],0x0000f45d96e19264
496471.0,3749543,python,[JIT],0x0000f0a3d1d8a0b4
496471.0,3749463,python,[JIT],0x0000e07d3f931648
496471.0,3749463,python,[JIT],0x0000e07d3f933008
496470.0,3749208,python,[JIT],0x0000e7243c802a9c
496470.0,3749208,python,[JIT],0x0000e7243c80ede0
496470.0,3749240,python,[JIT],0x0000ee2d4d2be500
496470.0,3749240,python,[JIT],0x0000ee2d4d3a1318
496470.0,3749543,python,[JIT],0x0000f0a3d1978c58
496470.0,3749543,python,[JIT],0x0000f0a3d1cd2620
496470.0,3749543,python,[JIT],0x0000f0a3d1cd5264
496470.0,3749336,python,[JIT],0x0000e82e99ef623c
496470.0,3749463,python,[JIT],0x0000e07d3f93d158
496469.0,3749208,python,[JIT],0x0000e7243c80126c
496469.0,3749208,python,[JIT],0x0000e7243c805910
496469.0,3749208,python,[JIT],0x0000e7243c80e004
496469.0,3749240,python,[JIT],0x0000ee2d4ca5d75c
496469.0,3749543,python,python,deque_init
496469.0,3749543,python,[JIT],0x0000f0a3d1d88314
496469.0,3749336,python,[JIT],0x0000e82e99e0f5d4
496469.0,3749336,python,[JIT],0x0000e82e99e496d4
496469.0,3749463,python,[JIT],0x0000e07d3f9320fc
496469.0,3749463,python,[JIT],0x0000e07d3f9e22b8
496468.0,3749208,python,[JIT],0x0000e7243c8b3d6c
496468.0,3749586,python,[JIT],0x0000f45d96af85d4
496468.0,3749336,python,[JIT],0x0000e82e99e4f110
496468.0,3749336,python,[JIT],0x0000e82e99ef921c
496468.0,3749463,python,[JIT],0x0000e07d3f936ae0
496467.0,3749208,python,[JIT],0x0000e7243c7ce07c
496467.0,3749240,python,[JIT],0x0000ee2d4d2becac
496467.0,3749543,python,python,PyType_GenericAlloc
496467.0,3749543,python,[JIT],0x0000f0a3d19794ac
496467.0,3749463,python,[JIT],0x0000e07d3f933490
496466.0,3749586,python,[JIT],0x0000f45d96575908
496466.0,3749586,python,[JIT],0x0000f45d96e1d54c
496466.0,3749383,python,python,dict_dealloc
496466.0,3749463,python,[JIT],0x0000e07d3f9e5428
496465.0,3749208,python,[JIT],0x0000e7243c7cef5c
496465.0,3749208,python,[JIT],0x0000e7243c80413c
496465.0,3749208,python,[JIT],0x0000e7243c8b863c
496465.0,3749586,python,[JIT],0x0000f45d96ddeeb4
496465.0,3749240,python,python,PySequence_Tuple
496465.0,3749240,python,python,enum_vectorcall
496465.0,3749543,python,[JIT],0x0000f0a3d1d89504
496465.0,3749336,python,[JIT],0x0000e82e99e46098
496465.0,3749463,python,[JIT],0x0000e07d3f9e1274
496464.0,3749208,python,[JIT],0x0000e7243c801528
496464.0,3749208,python,[JIT],0x0000e7243c8067f8
496464.0,3749240,python,[JIT],0x0000ee2d4d2fc4fc
496464.0,3749543,python,[JIT],0x0000f0a3d19350cc
496464.0,3749336,python,python,_PyJIT_Compile
496464.0,3749336,python,[JIT],0x0000e82e99527540
496464.0,3749336,python,[JIT],0x0000e82e99e487d4
496464.0,3749463,python,[JIT],0x0000e07d3f09e934
496464.0,3749463,python,[JIT],0x0000e07d3f93202c
496464.0,3749463,python,[JIT],0x0000e07d3f93b8fc
496463.0,3749208,python,[JIT],0x0000e7243c80512c
496463.0,3749586,python,python,PyMem_Malloc
496463.0,3749240,python,[JIT],0x0000ee2d4d3a1540
496463.0,3749543,python,[JIT],0x0000f0a3d1cd5648
496463.0,3749463,python,python,set_dealloc
496463.0,3749463,python,[JIT],0x0000e07d3f93b410
496463.0,3749463,python,[JIT],0x0000e07d3f93f0bc
496462.0,3749463,python,[JIT],0x0000e07d3f9e1eb8
496461.0,3749586,python,[JIT],0x0000f45d96579e6c
496461.0,3749586,python,[JIT],0x0000f45d96af15b4
496461.0,3749586,python,[JIT],0x0000f45d96afb1ac
496461.0,3749543,python,[JIT],0x0000f0a3d1cd94cc
496461.0,3749543,python,[JIT],0x0000f0a3d1cd96b8
496461.0,3749336,python,[JIT],0x0000e82e99ef59e0
496461.0,3749336,python,[JIT],0x0000e82e99ef9654
496461.0,3749463,python,[JIT],0x0000e07d3f9e6820
496460.0,3749586,python,[JIT],0x0000f45d96e1cddc
496460.0,3749543,python,[JIT],0x0000f0a3d1cd3050
496460.0,3749543,python,[JIT],0x0000f0a3d1cd33a0
496460.0,3749463,python,[JIT],0x0000e07d3f9333a0
496459.0,3749208,python,[JIT],0x0000e7243c4ee1b4
496459.0,3749586,python,[JIT],0x0000f45d96af83f8
496459.0,3749586,python,[JIT],0x0000f45d96dde3f0
496459.0,3749586,python,[JIT],0x0000f45d96ddec88
496459.0,3749543,python,[JIT],0x0000f0a3d19780b4
496459.0,3749336,python,[JIT],0x0000e82e99e41d60
496459.0,3749463,python,[JIT],0x0000e07d3f93d0e4
496458.0,3749586,python,[JIT],0x0000f45d96e1cbbc
496458.0,3749240,python,[JIT],0x0000ee2d4d2bee60
496458.0,3749240,python,[JIT],0x0000ee2d4d2f8110
496458.0,3749543,python,[JIT],0x0000f0a3d1dbb01c
496458.0,3749463,python,[JIT],0x0000e07d3f09c384
496457.0,3749208,python,[JIT],0x0000e7243c4ee304
496457.0,3749208,python,[JIT],0x0000e7243c8b17a8
496457.0,3749208,python,[JIT],0x0000e7243c8b31b8
496457.0,3749586,python,[JIT],0x0000f45d965ba348
496457.0,3749586,python,[JIT],0x0000f45d96af8004
496457.0,3749586,python,[JIT],0x0000f45d96ec2ae8
496457.0,3749240,python,[JIT],0x0000ee2d4d0fc2f8
496457.0,3749543,python,[JIT],0x0000f0a3d1cd52d8
496457.0,3749543,python,[JIT],0x0000f0a3d1d840fc
496457.0,3749543,python,[JIT],0x0000f0a3d1d881d8
496457.0,3749336,python,[JIT],0x0000e82e99ef5680
496457.0,3749336,python,[JIT],0x0000e82e99ef5828
496456.0,3749208,python,[JIT],0x0000e7243c80e144
496456.0,3749586,python,[JIT],0x0000f45d96ddeb84
496456.0,3749586,python,[JIT],0x0000f45d96e17300
496456.0,3749240,python,[JIT],0x0000ee2d4d0fc560
496456.0,3749543,python,[JIT],0x0000f0a3d1936744
496456.0,3749336,python,[JIT],0x0000e82e99e41060
496456.0,3749463,python,[JIT],0x0000e07d3f933d08
496456.0,3749463,python,[JIT],0x0000e07d3f93b058
496455.0,3749208,python,[JIT],0x0000e7243bf4c294
496455.0,3749208,python,[JIT],0x0000e7243c801600
496455.0,3749586,python,[JIT],0x0000f45d964ef074
496455.0,3749240,python,[JIT],0x0000ee2d4d0fa0b0
496455.0,3749240,python,[JIT],0x0000ee2d4d3a14f0
496455.0,3749543,python,[JIT],0x0000f0a3d1cd2554
496455.0,3749543,python,[JIT],0x0000f0a3d1cd93b0
496455.0,3749336,python,[JIT],0x0000e82e99e47890
496455.0,3749543,python,python,PyMember_GetOne
496455.0,3749463,python,[JIT],0x0000e07d3f9e1b54
496454.0,3749240,python,[JIT],0x0000ee2d4d0f9310
496454.0,3749240,python,[JIT],0x0000ee2d4d2be604
496454.0,3749240,python,[JIT],0x0000ee2d4d2fd158
496454.0,3749543,python,[JIT],0x0000f0a3d1d876c8
496454.0,3749336,python,[JIT],0x0000e82e99e43adc
496453.0,3749208,python,[JIT],0x0000e7243c8040fc
496453.0,3749586,python,[JIT],0x0000f45d96afe138
496453.0,3749240,python,[JIT],0x0000ee2d4ca9102c
496453.0,3749240,python,[JIT],0x0000ee2d4d2be5a8
496453.0,3749240,python,[JIT],0x0000ee2d4d2f9a14
496453.0,3749240,python,[JIT],0x0000ee2d4d3a15a0
496453.0,3749543,python,[JIT],0x0000f0a3d1cd9e48
496453.0,3749463,python,[JIT],0x0000e07d3f9e192c
496452.0,3749586,python,[JIT],0x0000f45d96af8630
496452.0,3749240,python,[JIT],0x0000ee2d4d2bee3c
496452.0,3749240,python,[JIT],0x0000ee2d4d2fb15c
496452.0,3749240,python,[JIT],0x0000ee2d4d3a2750
496452.0,3749383,python,[JIT],0x0000ef595c14e034
496452.0,3749543,python,python,_PyObject_LookupSpecial
496452.0,3749463,python,[JIT],0x0000e07d3f6f5208
496452.0,3749463,python,[JIT],0x0000e07d3f6fd0b4
496452.0,3749463,python,[JIT],0x0000e07d3f9334e0
496452.0,3749463,python,[JIT],0x0000e07d3f9e1000
496452.0,3749463,python,[JIT],0x0000e07d3f9e21bc
496451.0,3749208,python,[JIT],0x0000e7243c804008
496451.0,3749208,python,[JIT],0x0000e7243c80e260
496451.0,3749463,python,[JIT],0x0000e07d3f09c24c
496451.0,3749463,python,[JIT],0x0000e07d3f9e51f8
496451.0,3749463,python,[JIT],0x0000e07d3f9e90c8
496450.0,3749586,python,[JIT],0x0000f45d96afe02c
496450.0,3749240,python,[JIT],0x0000ee2d4d0f2e00
496450.0,3749240,python,[JIT],0x0000ee2d4d2f7538
496450.0,3749336,python,[JIT],0x0000e82e995b74a8
496450.0,3749336,python,[JIT],0x0000e82e99e4e0b8
496449.0,3749208,python,[JIT],0x0000e7243c8012e8
496449.0,3749208,python,[JIT],0x0000e7243c805c94
496449.0,3749208,python,[JIT],0x0000e7243c8b3028
496449.0,3749586,python,[JIT],0x0000f45d96af1a34
496449.0,3749240,python,[JIT],0x0000ee2d4d2be7b4
496449.0,3749240,python,[JIT],0x0000ee2d4d3a164c
496449.0,3749336,python,[JIT],0x0000e82e99ef54e0
496449.0,3749463,python,[JIT],0x0000e07d3f933f04
496448.0,3749208,python,[JIT],0x0000e7243c4ed03c
496448.0,3749208,python,[JIT],0x0000e7243c801458
496448.0,3749208,python,[JIT],0x0000e7243c8070e8
496448.0,3749208,python,[JIT],0x0000e7243c80c128
496448.0,3749208,python,[JIT],0x0000e7243c8b3350
496448.0,3749586,python,[JIT],0x0000f45d96af2758
496448.0,3749586,python,[JIT],0x0000f45d96dde6c4
496448.0,3749240,python,[JIT],0x0000ee2d4d2fcf58
496448.0,3749543,python,[JIT],0x0000f0a3d1cd51ac
496448.0,3749336,python,[JIT],0x0000e82e99ef2150
496448.0,3749463,python,[JIT],0x0000e07d3f9358f4
496447.0,3749208,python,python,PyObject_GenericGetAttr
496447.0,3749208,python,python,_PyEval_LoadGlobalStackRef
496447.0,3749208,python,[JIT],0x0000e7243c8040cc
496447.0,3749208,python,[JIT],0x0000e7243c805328
496447.0,3749208,python,[JIT],0x0000e7243c80c178
496447.0,3749208,python,[JIT],0x0000e7243c8e700c
496447.0,3749586,python,[JIT],0x0000f45d96af81b0
496447.0,3749586,python,[JIT],0x0000f45d96afb07c
496447.0,3749240,python,[JIT],0x0000ee2d4d0fa150
496447.0,3749240,python,[JIT],0x0000ee2d4d2f2888
496447.0,3749336,python,[JIT],0x0000e82e99ef59dc
496446.0,3749586,python,[JIT],0x0000f45d96af8248
496446.0,3749586,python,[JIT],0x0000f45d96e12a44
496446.0,3749383,python,python,gen_finalize
496446.0,3749543,python,python,_PyUnicode_ExactDealloc
496446.0,3749463,python,[JIT],0x0000e07d3f6fd210
496446.0,3749463,python,[JIT],0x0000e07d3f93d194
496446.0,3749463,python,[JIT],0x0000e07d3f9e2940
496446.0,3749463,python,[JIT],0x0000e07d3f9e62c4
496445.0,3749240,python,[JIT],0x0000ee2d4ca5608c
496445.0,3749543,python,[JIT],0x0000f0a3d1d88154
496445.0,3749463,python,python,_PyObject_VectorcallDictTstate
496445.0,3749463,python,[JIT],0x0000e07d3f93d5d8
496445.0,3749463,python,[JIT],0x0000e07d3f9e1e0c
496444.0,3749586,python,python,deque_len
496444.0,3749586,python,[JIT],0x0000f45d965b3b50
496444.0,3749586,python,[JIT],0x0000f45d96ec10d0
496444.0,3749240,python,[JIT],0x0000ee2d4ca5daf4
496444.0,3749240,python,[JIT],0x0000ee2d4d2beafc
496444.0,3749240,python,[JIT],0x0000ee2d4d2bed70
496444.0,3749240,python,[JIT],0x0000ee2d4d3a2294
496444.0,3749463,python,[JIT],0x0000e07d3f6f57c0
496443.0,3749208,python,[JIT],0x0000e7243c4ee43c
496443.0,3749586,python,[JIT],0x0000f45d96af12f0
496443.0,3749586,python,[JIT],0x0000f45d96e127b8
496443.0,3749586,python,[JIT],0x0000f45d96e1c9d0
496443.0,3749586,python,[JIT],0x0000f45d96e1f12c
496443.0,3749586,python,python,PyUnicode_New.part.0
496443.0,3749463,python,[JIT],0x0000e07d3f8fe400
496443.0,3749463,python,[JIT],0x0000e07d3f93d5d0
496442.0,3749208,python,[JIT],0x0000e7243c8b339c
496442.0,3749586,python,[JIT],0x0000f45d96e16544
496442.0,3749240,python,[JIT],0x0000ee2d4ca5d3f4
496442.0,3749543,python,[JIT],0x0000f0a3d1d820a0
496442.0,3749463,python,[JIT],0x0000e07d3f6f6788
496441.0,3749586,python,[JIT],0x0000f45d96afc3f8
496441.0,3749586,python,[JIT],0x0000f45d96afc6f4
496441.0,3749586,python,[JIT],0x0000f45d96ddf878
496441.0,3749240,python,[JIT],0x0000ee2d4d2be66c
496441.0,3749240,python,[JIT],0x0000ee2d4d2f2db0
496441.0,3749543,python,[JIT],0x0000f0a3d1cd96d8
496441.0,3749543,python,[JIT],0x0000f0a3d1d820ec
496441.0,3749543,python,[JIT],0x0000f0a3d1d872c0
496441.0,3749463,python,[JIT],0x0000e07d3f6fc230
496441.0,3749463,python,[JIT],0x0000e07d3f93668c
496440.0,3749586,python,[JIT],0x0000f45d96af82bc
496440.0,3749240,python,[JIT],0x0000ee2d4d2f7098
496440.0,3749543,python,[JIT],0x0000f0a3d190c3b0
496440.0,3749543,python,[JIT],0x0000f0a3d1cd245c
496440.0,3749463,python,[JIT],0x0000e07d3f9e1d68
496439.0,3749208,python,[JIT],0x0000e7243c8040c8
496439.0,3749208,python,[JIT],0x0000e7243c808cbc
496439.0,3749586,python,[JIT],0x0000f45d96af844c
496439.0,3749240,python,[JIT],0x0000ee2d4ca594ac
496439.0,3749240,python,[JIT],0x0000ee2d4d0fa200
496439.0,3749240,python,[JIT],0x0000ee2d4d2fc888
496439.0,3749240,python,[JIT],0x0000ee2d4d2fc9e0
496439.0,3749463,python,[JIT],0x0000e07d3f09e110
496438.0,3749208,python,[JIT],0x0000e7243c805c48
496438.0,3749586,python,[JIT],0x0000f45d9657a2c0
496438.0,3749586,python,[JIT],0x0000f45d96e12258
496438.0,3749240,python,[JIT],0x0000ee2d4d0f37c4
496438.0,3749240,python,[JIT],0x0000ee2d4d2fc634
496438.0,3749383,python,[JIT],0x0000ef595c1425d0
496438.0,3749543,python,[JIT],0x0000f0a3d1cd9e3c
496438.0,3749336,python,[JIT],0x0000e82e99e47c4c
496438.0,3749463,python,[JIT],0x0000e07d3f6f50d8
496437.0,3749208,python,[JIT],0x0000e7243c8b3454
496437.0,3749586,python,[JIT],0x0000f45d965795bc
496437.0,3749543,python,[JIT],0x0000f0a3d1d879e0
496437.0,3749463,python,[JIT],0x0000e07d3f9335c4
496437.0,3749463,python,[JIT],0x0000e07d3f9e234c
496436.0,3749208,python,python,memset@plt
496436.0,3749208,python,[JIT],0x0000e7243c7ce350
496436.0,3749586,python,[JIT],0x0000f45d96e1db80
496436.0,3749336,python,[JIT],0x0000e82e99e412c4
496436.0,3749463,python,[JIT],0x0000e07d3f6f43b8
496436.0,3749463,python,[JIT],0x0000e07d3f9313f0
496435.0,3749240,python,[JIT],0x0000ee2d4d0f23f8
496435.0,3749240,python,[JIT],0x0000ee2d4d0fc410
496435.0,3749463,python,[JIT],0x0000e07d3f6fd574
496435.0,3749463,python,[JIT],0x0000e07d3f9311ec
496434.0,3749208,python,[JIT],0x0000e7243bfb9c58
496434.0,3749208,python,[JIT],0x0000e7243c8053f0
496434.0,3749208,python,[JIT],0x0000e7243c80cd20
496434.0,3749586,python,[JIT],0x0000f45d96ec3504
496434.0,3749240,python,[JIT],0x0000ee2d4ca937c8
496434.0,3749543,python,[JIT],0x0000f0a3d1d840c4
496434.0,3749336,python,[JIT],0x0000e82e99e410e0
496434.0,3749463,python,[JIT],0x0000e07d3f93b0f8
496433.0,3749586,python,[JIT],0x0000f45d9657979c
496433.0,3749586,python,[JIT],0x0000f45d96e1d288
496433.0,3749543,python,[JIT],0x0000f0a3d19749b8
496433.0,3749463,python,[JIT],0x0000e07d3f9e1088
496432.0,3749586,python,[JIT],0x0000f45d96e1f0dc
496432.0,3749240,python,[JIT],0x0000ee2d4d0ff0fc
496432.0,3749240,python,[JIT],0x0000ee2d4d2f6604
496431.0,3749208,python,python,object_richcompare
496431.0,3749586,python,[JIT],0x0000f45d96dde490
496431.0,3749240,python,[JIT],0x0000ee2d4d0fb028
496431.0,3749383,python,[JIT],0x0000ef595c14970c
496431.0,3749543,python,python,_Py_CallBuiltinClass_StackRef
496431.0,3749543,python,[JIT],0x0000f0a3d1cd9bd4
496431.0,3749336,python,python,listiter_dealloc
496431.0,3749463,python,[JIT],0x0000e07d3f6fd2a0
496430.0,3749208,python,[JIT],0x0000e7243c80c1c0
496430.0,3749586,python,python,PyMember_SetOne
496430.0,3749586,python,[JIT],0x0000f45d96ddec24
496430.0,3749240,python,[JIT],0x0000ee2d4c9f7cfc
496430.0,3749240,python,[JIT],0x0000ee2d4d2fcd2c
496430.0,3749543,python,[JIT],0x0000f0a3d1d87cf4
496429.0,3749208,python,[JIT],0x0000e7243c8089f0
496429.0,3749463,python,[JIT],0x0000e07d3f6f5040
496429.0,3749463,python,[JIT],0x0000e07d3f9e2154
496428.0,3749208,python,[JIT],0x0000e7243c8b7468
496428.0,3749240,python,[JIT],0x0000ee2d4d2f21a4
496428.0,3749463,python,[JIT],0x0000e07d3f9359f0
496427.0,3749208,python,[JIT],0x0000e7243c805308
496427.0,3749240,python,[JIT],0x0000ee2d4d2f9138
496427.0,3749543,python,[JIT],0x0000f0a3d1979a48
496427.0,3749543,python,[JIT],0x0000f0a3d1d836d4
496426.0,3749208,python,[JIT],0x0000e7243c80c148
496426.0,3749586,python,[JIT],0x0000f45d96af22c0
496426.0,3749240,python,[JIT],0x0000ee2d4d3a284c
496426.0,3749543,python,[JIT],0x0000f0a3d19785b4
496425.0,3749208,python,[JIT],0x0000e7243c8b70b0
496425.0,3749586,python,[JIT],0x0000f45d96afb4d0
496425.0,3749383,python,[JIT],0x0000ef595beed600
496425.0,3749336,python,[JIT],0x0000e82e9955ea68
496425.0,3749336,python,[JIT],0x0000e82e99e43518
496424.0,3749208,python,[JIT],0x0000e7243bf4c5a0
496424.0,3749208,python,[JIT],0x0000e7243bf4d218
496424.0,3749208,python,[JIT],0x0000e7243c8040c0
496424.0,3749208,python,[JIT],0x0000e7243c8083f8
496424.0,3749586,python,[JIT],0x0000f45d96579260
496424.0,3749586,python,[JIT],0x0000f45d96af94d4
496424.0,3749586,python,[JIT],0x0000f45d96ddee84
496424.0,3749240,python,[JIT],0x0000ee2d4d2fcf40
496424.0,3749240,python,[JIT],0x0000ee2d4d0f960c
496424.0,3749543,python,[JIT],0x0000f0a3d1909960
496424.0,3749543,python,[JIT],0x0000f0a3d190c848
496424.0,3749543,python,[JIT],0x0000f0a3d1cdbc24
496424.0,3749543,python,[JIT],0x0000f0a3d1d87390
496423.0,3749586,python,[JIT],0x0000f45d96af1a84
496423.0,3749240,python,[JIT],0x0000ee2d4ca5ba34
496423.0,3749543,python,[JIT],0x0000f0a3d1cd5540
496423.0,3749463,python,[JIT],0x0000e07d3f06e2c0
496423.0,3749463,python,[JIT],0x0000e07d3f09c4ec
496422.0,3749208,python,[JIT],0x0000e7243c8b105c
496422.0,3749208,python,[JIT],0x0000e7243c8b3190
496422.0,3749240,python,libc.so.6,__memset_zva64
496422.0,3749240,python,[JIT],0x0000ee2d4d2be004
496422.0,3749240,python,[JIT],0x0000ee2d4d2f7334
496422.0,3749240,python,[JIT],0x0000ee2d4d2fc784
496422.0,3749240,python,[JIT],0x0000ee2d4d3a10c0
496422.0,3749336,python,[JIT],0x0000e82e99e493c4
496422.0,3749336,python,[JIT],0x0000e82e99ef592c
496422.0,3749463,python,[JIT],0x0000e07d3f0d68d4
496421.0,3749208,python,[JIT],0x0000e7243bf4913c
496421.0,3749586,python,[JIT],0x0000f45d96afb558
496421.0,3749383,python,python,Py_HashBuffer
496421.0,3749543,python,[JIT],0x0000f0a3d1d8b090
496421.0,3749463,python,[JIT],0x0000e07d3f933ae8
496420.0,3749240,python,[JIT],0x0000ee2d4d2f18c0
496420.0,3749240,python,[JIT],0x0000ee2d4d2fd184
496420.0,3749463,python,[JIT],0x0000e07d3f93314c
496420.0,3749463,python,[JIT],0x0000e07d3f93b254
496420.0,3749463,python,[JIT],0x0000e07d3f9e1ae0
496419.0,3749208,python,[JIT],0x0000e7243c80cab0
496419.0,3749240,python,[JIT],0x0000ee2d4d2fcaa8
496419.0,3749543,python,[JIT],0x0000f0a3d1d8b978
496419.0,3749336,python,[JIT],0x0000e82e995fc5bc
496419.0,3749463,python,[JIT],0x0000e07d3f6fc004
496419.0,3749463,python,[JIT],0x0000e07d3f93b000
496419.0,3749463,python,[JIT],0x0000e07d3f93d8bc
496418.0,3749208,python,[JIT],0x0000e7243bf7b3cc
496418.0,3749240,python,[JIT],0x0000ee2d4ca52794
496418.0,3749336,python,[JIT],0x0000e82e995b1c74
496418.0,3749336,python,[JIT],0x0000e82e99ef6978
496418.0,3749463,python,[JIT],0x0000e07d3f6fd050
496417.0,3749208,python,[JIT],0x0000e7243c8b709c
496417.0,3749586,python,[JIT],0x0000f45d96afb12c
496417.0,3749240,python,[JIT],0x0000ee2d4d2be664
496417.0,3749543,python,[JIT],0x0000f0a3d1d82628
496417.0,3749463,python,python,unicode_join
496417.0,3749463,python,[JIT],0x0000e07d3f6f5480
496417.0,3749463,python,[JIT],0x0000e07d3f933880
496416.0,3749208,python,[JIT],0x0000e7243c80c1d8
496416.0,3749208,python,[JIT],0x0000e7243c80e1b0
496416.0,3749586,python,[JIT],0x0000f45d96af92ac
496416.0,3749586,python,[JIT],0x0000f45d96e1c148
496416.0,3749240,python,[JIT],0x0000ee2d4ca272b4
496416.0,3749543,python,python,PyDict_New
496416.0,3749543,python,[JIT],0x0000f0a3d1d84184
496416.0,3749543,python,[JIT],0x0000f0a3d1d84618
496416.0,3749463,python,python,_PyObject_MakeTpCall
496416.0,3749463,python,[JIT],0x0000e07d3f6fc48c
496415.0,3749208,python,[JIT],0x0000e7243c805394
496415.0,3749208,python,[JIT],0x0000e7243c8056c4
496415.0,3749586,python,[JIT],0x0000f45d96e122e4
496415.0,3749543,python,[JIT],0x0000f0a3d1d8b0cc
496415.0,3749336,python,[JIT],0x0000e82e995b88dc
496414.0,3749208,python,[JIT],0x0000e7243bfba164
496414.0,3749586,python,libc.so.6,malloc
496414.0,3749586,python,[JIT],0x0000f45d96af1250
496414.0,3749586,python,[JIT],0x0000f45d96ddeac0
496414.0,3749586,python,[JIT],0x0000f45d96e1c884
496414.0,3749240,python,[JIT],0x0000ee2d4d2bee80
496413.0,3749208,python,[JIT],0x0000e7243c8053d0
496413.0,3749208,python,[JIT],0x0000e7243c8b70a8
496413.0,3749586,python,python,tuple_contains
496413.0,3749383,python,[JIT],0x0000ef595c14d7c0
496413.0,3749463,python,[JIT],0x0000e07d3f6fdab0
496413.0,3749463,python,[JIT],0x0000e07d3f9314d0
496412.0,3749208,python,[JIT],0x0000e7243c4ee59c
496412.0,3749208,python,[JIT],0x0000e7243c80c204
496412.0,3749586,python,[JIT],0x0000f45d96e1cd68
496412.0,3749463,python,[JIT],0x0000e07d3f6fd028
496411.0,3749463,python,[JIT],0x0000e07d3f9e1a80
496410.0,3749208,python,[JIT],0x0000e7243bf747c8
496410.0,3749208,python,[JIT],0x0000e7243c7ce134
496410.0,3749208,python,[JIT],0x0000e7243c7cee50
496410.0,3749208,python,[JIT],0x0000e7243c805510
496410.0,3749586,python,[JIT],0x0000f45d96ec1078
496410.0,3749240,python,[JIT],0x0000ee2d4d0f27cc
496410.0,3749240,python,[JIT],0x0000ee2d4d0fa0b4
496410.0,3749543,python,[JIT],0x0000f0a3d1d84c28
496410.0,3749543,python,[JIT],0x0000f0a3d1d8b0bc
496410.0,3749463,python,[JIT],0x0000e07d3f9312ac
496410.0,3749463,python,[JIT],0x0000e07d3f93b0d8
496409.0,3749208,python,[JIT],0x0000e7243c8b75e0
496409.0,3749586,python,[JIT],0x0000f45d96dde9c4
496409.0,3749240,python,[JIT],0x0000ee2d4d2f90c4
496409.0,3749383,python,python,unicode_hash
496409.0,3749543,python,[JIT],0x0000f0a3d1cd56cc
496409.0,3749463,python,[JIT],0x0000e07d3f6f71ac
496409.0,3749463,python,[JIT],0x0000e07d3f9e1af0
496409.0,3749463,python,[JIT],0x0000e07d3f9e2a5c
496408.0,3749208,python,[JIT],0x0000e7243c808a90
496408.0,3749586,python,[JIT],0x0000f45d96ec1160
496408.0,3749586,python,[JIT],0x0000f45d96ec22d0
496408.0,3749240,python,[JIT],0x0000ee2d4d0fd304
496408.0,3749240,python,[JIT],0x0000ee2d4d2be13c
496408.0,3749240,python,[JIT],0x0000ee2d4d2f9d68
496408.0,3749543,python,python,func_descr_get
496407.0,3749208,python,[JIT],0x0000e7243bf4c4ec
496407.0,3749586,python,[JIT],0x0000f45d96af259c
496407.0,3749586,python,[JIT],0x0000f45d96af84e4
496407.0,3749586,python,[JIT],0x0000f45d96e13010
496407.0,3749463,python,[JIT],0x0000e07d3f09c3a8
496407.0,3749463,python,[JIT],0x0000e07d3f09d214
496406.0,3749208,python,[JIT],0x0000e7243c8054b8
496406.0,3749586,python,[JIT],0x0000f45d96e17770
496406.0,3749586,python,[JIT],0x0000f45d96e1d164
496406.0,3749240,python,[kernel.kallsyms],perf_iterate_ctx
496406.0,3749240,python,[JIT],0x0000ee2d4ca5a028
496405.0,3749586,python,[JIT],0x0000f45d96e1c000
496405.0,3749586,python,[JIT],0x0000f45d96e1f260
496405.0,3749240,python,[JIT],0x0000ee2d4d3a17b8
496405.0,3749463,python,[JIT],0x0000e07d3f931230
496404.0,3749208,python,[JIT],0x0000e7243c4ee37c
496404.0,3749208,python,[JIT],0x0000e7243c7ce12c
496404.0,3749208,python,[JIT],0x0000e7243c805694
496404.0,3749586,python,[JIT],0x0000f45d96e11f24
496404.0,3749543,python,python,dictiter_iternextvalue
496404.0,3749463,python,[JIT],0x0000e07d3f6fd11c
496404.0,3749463,python,[JIT],0x0000e07d3f9e552c
496403.0,3749208,python,[JIT],0x0000e7243c8b3d4c
496403.0,3749586,python,python,_PyEval_LoadGlobalStackRef
496403.0,3749586,python,[JIT],0x0000f45d965b102c
496403.0,3749586,python,python,list_to_tuple
496403.0,3749240,python,[JIT],0x0000ee2d4ca592b4
496403.0,3749543,python,[JIT],0x0000f0a3d18fd038
496403.0,3749543,python,[JIT],0x0000f0a3d1d811fc
496403.0,3749463,python,[JIT],0x0000e07d3f6f6928
496402.0,3749208,python,[JIT],0x0000e7243bfb9888
496402.0,3749208,python,[JIT],0x0000e7243bfb9f40
496402.0,3749208,python,[JIT],0x0000e7243c801550
496402.0,3749208,python,[JIT],0x0000e7243c80230c
496402.0,3749208,python,[JIT],0x0000e7243c8b37d4
496402.0,3749240,python,[JIT],0x0000ee2d4d0fc418
496402.0,3749543,python,[JIT],0x0000f0a3d1d81270
496402.0,3749463,python,[JIT],0x0000e07d3f6f6740
496402.0,3749463,python,[JIT],0x0000e07d3f9e1f38
496401.0,3749208,python,[JIT],0x0000e7243c805400
496401.0,3749586,python,python,PyType_GenericAlloc
496401.0,3749543,python,[JIT],0x0000f0a3d1cd30a8
496400.0,3749208,python,[JIT],0x0000e7243bfba758
496400.0,3749208,python,[JIT],0x0000e7243c801228
496400.0,3749208,python,[JIT],0x0000e7243c805270
496400.0,3749240,python,[JIT],0x0000ee2d4d2be84c
496400.0,3749240,python,[JIT],0x0000ee2d4d2f98ec
496400.0,3749463,python,python,_PyEval_LoadGlobalStackRef
496399.0,3749586,python,[JIT],0x0000f45d96e11534
496399.0,3749240,python,[JIT],0x0000ee2d4d0f93c0
496399.0,3749240,python,[JIT],0x0000ee2d4d2f2688
496399.0,3749240,python,[JIT],0x0000ee2d4d3a11a0
496399.0,3749336,python,[JIT],0x0000e82e99ef5c88
496398.0,3749208,python,[JIT],0x0000e7243c8b37e8
496398.0,3749240,python,[JIT],0x0000ee2d4ca558cc
496398.0,3749543,python,[JIT],0x0000f0a3d1d81384
496398.0,3749336,python,[JIT],0x0000e82e99ef2008
496398.0,3749463,python,[JIT],0x0000e07d3f936f98
496397.0,3749208,python,[JIT],0x0000e7243bf74eb4
496397.0,3749208,python,[JIT],0x0000e7243c4ee244
496397.0,3749208,python,[JIT],0x0000e7243c80715c
496397.0,3749586,python,[JIT],0x0000f45d96dde318
496397.0,3749240,python,[JIT],0x0000ee2d4ca591e8
496397.0,3749240,python,[JIT],0x0000ee2d4d2beb20
496397.0,3749240,python,[JIT],0x0000ee2d4d2f7178
496397.0,3749240,python,[JIT],0x0000ee2d4d2fce14
496397.0,3749463,python,[JIT],0x0000e07d3f6fc3f8
496396.0,3749208,python,[JIT],0x0000e7243c8b393c
496396.0,3749240,python,[JIT],0x0000ee2d4d0faf70
496396.0,3749240,python,[JIT],0x0000ee2d4d2be868
496396.0,3749543,python,[JIT],0x0000f0a3d1d8700c
496395.0,3749208,python,[JIT],0x0000e7243c80c048
496395.0,3749586,python,[JIT],0x0000f45d9657d75c
496395.0,3749240,python,[JIT],0x0000ee2d4ca5d798
496395.0,3749240,python,[JIT],0x0000ee2d4d2f71d8
496395.0,3749463,python,[JIT],0x0000e07d3f9e21e0
496394.0,3749240,python,[JIT],0x0000ee2d4d2f1f84
496394.0,3749240,python,[JIT],0x0000ee2d4d2f261c
496394.0,3749240,python,[JIT],0x0000ee2d4d2f719c
496394.0,3749240,python,[JIT],0x0000ee2d4d2f905c
496394.0,3749543,python,[JIT],0x0000f0a3d1cd2434
496394.0,3749463,python,[JIT],0x0000e07d3f9e1900
496393.0,3749208,python,[JIT],0x0000e7243c8b7170
496393.0,3749240,python,[JIT],0x0000ee2d4d0fc2c0
496393.0,3749240,python,[JIT],0x0000ee2d4d0fc360
496392.0,3749208,python,[JIT],0x0000e7243bfba68c
496392.0,3749208,python,[JIT],0x0000e7243c4ee384
496392.0,3749208,python,[JIT],0x0000e7243c8b35ac
496392.0,3749586,python,[JIT],0x0000f45d965bb6a0
496392.0,3749586,python,[JIT],0x0000f45d96af9330
496392.0,3749586,python,[JIT],0x0000f45d96e16270
496392.0,3749240,python,[JIT],0x0000ee2d4d2f30f8
496391.0,3749208,python,[JIT],0x0000e7243bfb9bf8
496391.0,3749208,python,[JIT],0x0000e7243c8b3e68
496391.0,3749543,python,[JIT],0x0000f0a3d1d88a70
496391.0,3749543,python,[JIT],0x0000f0a3d1d8a294
496391.0,3749336,python,python,PyObject_Size
496391.0,3749463,python,[JIT],0x0000e07d3f93155c
496391.0,3749463,python,[JIT],0x0000e07d3f9e1b08
496390.0,3749586,python,[JIT],0x0000f45d96ec1510
496390.0,3749463,python,[JIT],0x0000e07d3f9e50c8
496389.0,3749586,python,[JIT],0x0000f45d96afc30c
496389.0,3749586,python,[JIT],0x0000f45d96e129e0
496389.0,3749240,python,[JIT],0x0000ee2d4d0fa3c4
496389.0,3749240,python,[JIT],0x0000ee2d4d2be694
496389.0,3749240,python,[JIT],0x0000ee2d4d2f7048
496389.0,3749543,python,[JIT],0x0000f0a3d1d82e0c
496389.0,3749543,python,[JIT],0x0000f0a3d1d87fa0
496389.0,3749463,python,[JIT],0x0000e07d3f9e1f18
496388.0,3749208,python,[JIT],0x0000e7243bf74310
496388.0,3749208,python,[JIT],0x0000e7243c8b3e48
496388.0,3749586,python,[JIT],0x0000f45d96e1ca80
496388.0,3749586,python,[JIT],0x0000f45d96ec25f4
496388.0,3749240,python,[JIT],0x0000ee2d4d2fc390
496387.0,3749240,python,[JIT],0x0000ee2d4ca5938c
496386.0,3749208,python,[JIT],0x0000e7243bfb99e8
496386.0,3749208,python,[JIT],0x0000e7243c80104c
496386.0,3749208,python,[JIT],0x0000e7243c8012f8
496386.0,3749208,python,[JIT],0x0000e7243c802160
496386.0,3749208,python,[JIT],0x0000e7243c805720
496386.0,3749208,python,[JIT],0x0000e7243c805b20
496386.0,3749240,python,[JIT],0x0000ee2d4d2f734c
496386.0,3749543,python,[JIT],0x0000f0a3d190c7fc
496386.0,3749543,python,[JIT],0x0000f0a3d1d8226c
496386.0,3749336,python,[JIT],0x0000e82e99ef5f3c
496385.0,3749208,python,[JIT],0x0000e7243c8014dc
496385.0,3749586,python,[JIT],0x0000f45d965794ec
496385.0,3749383,python,python,_PyThreadState_PushFrame
496385.0,3749383,python,python,_PyType_AllocNoTrack
496385.0,3749463,python,[JIT],0x0000e07d3f6fdcec
496384.0,3749543,python,[JIT],0x0000f0a3d1cd3c28
496384.0,3749463,python,[JIT],0x0000e07d3f93361c
496383.0,3749586,python,[JIT],0x0000f45d96afb1dc
496383.0,3749240,python,[JIT],0x0000ee2d4d2be330
496382.0,3749208,python,[JIT],0x0000e7243c8b3d50
496382.0,3749586,python,[JIT],0x0000f45d96e1cf94
496382.0,3749240,python,[JIT],0x0000ee2d4d2be04c
496382.0,3749240,python,[JIT],0x0000ee2d4d2bec38
496382.0,3749240,python,[JIT],0x0000ee2d4d2f2bb4
496382.0,3749543,python,[JIT],0x0000f0a3d1cd6358
496381.0,3749208,python,[JIT],0x0000e7243c80cca4
496381.0,3749240,python,python,tuple_contains
496381.0,3749240,python,[JIT],0x0000ee2d4ca5c538
496380.0,3749586,python,[JIT],0x0000f45d96af8b08
496380.0,3749586,python,[JIT],0x0000f45d96ddf7b8
496380.0,3749586,python,[JIT],0x0000f45d96ec10bc
496380.0,3749240,python,[JIT],0x0000ee2d4ca919b4
496380.0,3749240,python,[JIT],0x0000ee2d4d0ff060
496380.0,3749240,python,[JIT],0x0000ee2d4d2fc7b4
496380.0,3749543,python,python,_PyOptimizer_Optimize
496380.0,3749336,python,[JIT],0x0000e82e99e0f2c0
496380.0,3749463,python,[JIT],0x0000e07d3f935b54
496379.0,3749208,python,[JIT],0x0000e7243bfb33a0
496379.0,3749208,python,[JIT],0x0000e7243c4ee354
496379.0,3749208,python,[JIT],0x0000e7243c808c68
496379.0,3749208,python,[JIT],0x0000e7243c80c07c
496379.0,3749586,python,python,enum_next
496379.0,3749240,python,[JIT],0x0000ee2d4d3a10a0
496379.0,3749463,python,[JIT],0x0000e07d3f9e4160
496378.0,3749208,python,[JIT],0x0000e7243c8014c0
496378.0,3749208,python,[JIT],0x0000e7243c805b94
496378.0,3749208,python,[JIT],0x0000e7243c807fa0
496378.0,3749586,python,[JIT],0x0000f45d96afb140
496378.0,3749463,python,[JIT],0x0000e07d3f9333ac
496377.0,3749208,python,[JIT],0x0000e7243c805abc
496377.0,3749586,python,[JIT],0x0000f45d965b10f8
496377.0,3749586,python,[JIT],0x0000f45d96ec10c4
496377.0,3749240,python,[JIT],0x0000ee2d4d2fc20c
496377.0,3749463,python,[JIT],0x0000e07d3f9e20a4
496376.0,3749208,python,[JIT],0x0000e7243c807f74
496376.0,3749208,python,[JIT],0x0000e7243c8b3d1c
496376.0,3749208,python,[JIT],0x0000e7243c8b5558
496376.0,3749240,python,python,_PyUnicode_InternMortal
496376.0,3749240,python,[JIT],0x0000ee2d4d2f9268
496376.0,3749240,python,[JIT],0x0000ee2d4d2fcd60
496376.0,3749543,python,[JIT],0x0000f0a3d1979264
496376.0,3749463,python,[JIT],0x0000e07d3f933598
496376.0,3749463,python,[JIT],0x0000e07d3f9e1d54
496375.0,3749208,python,[JIT],0x0000e7243c8b3f4c
496375.0,3749586,python,[JIT],0x0000f45d9657cce8
496375.0,3749586,python,[JIT],0x0000f45d96af8088
496375.0,3749240,python,[JIT],0x0000ee2d4d2fc778
496375.0,3749543,python,python,deque_popleft
496375.0,3749543,python,python,_PyObject_TryGetInstanceAttribute
496375.0,3749463,python,[JIT],0x0000e07d3f0d86e8
496375.0,3749463,python,[JIT],0x0000e07d3f933720
496374.0,3749208,python,[JIT],0x0000e7243bf7406c
496374.0,3749208,python,[JIT],0x0000e7243c8b707c
496374.0,3749586,python,[JIT],0x0000f45d96e1c2b8
496374.0,3749240,python,[JIT],0x0000ee2d4ca55910
496374.0,3749543,python,[JIT],0x0000f0a3d1cd9890
496374.0,3749463,python,[JIT],0x0000e07d3f9e2178
496373.0,3749208,python,[JIT],0x0000e7243bf4ca8c
496373.0,3749586,python,[JIT],0x0000f45d96af89e0
496372.0,3749208,python,[JIT],0x0000e7243c8b35e0
496372.0,3749240,python,[JIT],0x0000ee2d4d0f3624
496372.0,3749240,python,[JIT],0x0000ee2d4d2be588
496372.0,3749463,python,[JIT],0x0000e07d3f933dfc
496372.0,3749463,python,[JIT],0x0000e07d3f93d230
496371.0,3749208,python,[JIT],0x0000e7243c807e34
496371.0,3749208,python,[JIT],0x0000e7243c80c1ac
496371.0,3749586,python,[JIT],0x0000f45d96dde0bc
496371.0,3749240,python,[JIT],0x0000ee2d4d2f10f0
496371.0,3749463,python,[JIT],0x0000e07d3f93d550
496370.0,3749208,python,[JIT],0x0000e7243bf75a50
496370.0,3749208,python,[JIT],0x0000e7243c4ee608
496370.0,3749208,python,[JIT],0x0000e7243c805004
496370.0,3749208,python,[JIT],0x0000e7243c8b7314
496370.0,3749543,python,[JIT],0x0000f0a3d1cd9628
496370.0,3749463,python,[JIT],0x0000e07d3f933ae4
496369.0,3749208,python,[JIT],0x0000e7243c804048
496369.0,3749463,python,[JIT],0x0000e07d3f099004
496369.0,3749463,python,[JIT],0x0000e07d3f9e25c0
496368.0,3749208,python,[JIT],0x0000e7243c805b64
496368.0,3749240,python,[JIT],0x0000ee2d4d2fcf6c
496367.0,3749208,python,[JIT],0x0000e7243c80575c
496367.0,3749543,python,[JIT],0x0000f0a3d1c9f6ec
496367.0,3749463,python,[JIT],0x0000e07d3f06df6c
496367.0,3749463,python,[JIT],0x0000e07d3f8fe82c
496367.0,3749463,python,[JIT],0x0000e07d3f9e9000
496366.0,3749208,python,[JIT],0x0000e7243bf786ec
496366.0,3749208,python,[JIT],0x0000e7243c4ee314
496366.0,3749208,python,[JIT],0x0000e7243c4ee9e0
496366.0,3749208,python,[JIT],0x0000e7243c802134
496366.0,3749240,python,[JIT],0x0000ee2d4d0f922c
496365.0,3749208,python,python,memcmp@plt
496365.0,3749208,python,[JIT],0x0000e7243c805ab8
496364.0,3749208,python,[JIT],0x0000e7243bf75ce8
496364.0,3749208,python,[JIT],0x0000e7243c7cedb0
496364.0,3749208,python,[JIT],0x0000e7243c8b3000
496364.0,3749240,python,[JIT],0x0000ee2d4d2f1088
496364.0,3749463,python,[JIT],0x0000e07d3f933b84
496363.0,3749208,python,[JIT],0x0000e7243bf49054
496363.0,3749208,python,[JIT],0x0000e7243c805e98
496363.0,3749463,python,[JIT],0x0000e07d3f09e07c
496361.0,3749208,python,[JIT],0x0000e7243bfb903c
496361.0,3749586,python,[JIT],0x0000f45d96579610
496361.0,3749463,python,[JIT],0x0000e07d3f933048
496361.0,3749463,python,[JIT],0x0000e07d3f9e1a5c
496360.0,3749240,python,[JIT],0x0000ee2d4d2f906c
496360.0,3749240,python,[JIT],0x0000ee2d4d2fd20c
496360.0,3749463,python,[JIT],0x0000e07d3f93581c
496359.0,3749208,python,[JIT],0x0000e7243c801044
496359.0,3749586,python,[JIT],0x0000f45d96e1f008
496359.0,3749240,python,[JIT],0x0000ee2d4d2be490
496359.0,3749240,python,[JIT],0x0000ee2d4d2fcd40
496359.0,3749463,python,[JIT],0x0000e07d3f9336f4
496359.0,3749463,python,[JIT],0x0000e07d3f9e1584
496358.0,3749208,python,[JIT],0x0000e7243c8091d8
496358.0,3749586,python,python,_Py_dict_lookup_threadsafe_stackref
496357.0,3749208,python,[JIT],0x0000e7243c4ee6c8
496357.0,3749543,python,[JIT],0x0000f0a3d1cd52bc
496357.0,3749463,python,[JIT],0x0000e07d3f933ad0
496357.0,3749463,python,[JIT],0x0000e07d3f9e512c
496356.0,3749463,python,[JIT],0x0000e07d3f9e1f3c
496356.0,3749463,python,[JIT],0x0000e07d3f9e55a0
496355.0,3749240,python,[JIT],0x0000ee2d4d0f2a84
496354.0,3749208,python,[JIT],0x0000e7243c4ee9d0
496354.0,3749208,python,[JIT],0x0000e7243c8b4a48
496353.0,3749208,python,[JIT],0x0000e7243bf763ec
496353.0,3749586,python,[JIT],0x0000f45d96e1b14c
496353.0,3749240,python,python,builtin_getattr
496353.0,3749240,python,[JIT],0x0000ee2d4d2f930c
496352.0,3749208,python,[JIT],0x0000e7243c801208
496352.0,3749208,python,[JIT],0x0000e7243c8050e0
496352.0,3749208,python,[JIT],0x0000e7243c80e5f8
496352.0,3749586,python,[JIT],0x0000f45d96e1c5e0
496352.0,3749240,python,[JIT],0x0000ee2d4d2f7de0
496352.0,3749543,python,python,tuple_iter
496352.0,3749463,python,[JIT],0x0000e07d3f9e2954
496351.0,3749208,python,[JIT],0x0000e7243bfb9fb8
496351.0,3749208,python,[JIT],0x0000e7243c8b6284
496351.0,3749586,python,[JIT],0x0000f45d96541314
496351.0,3749240,python,[JIT],0x0000ee2d4d0fc0cc
496351.0,3749240,python,[JIT],0x0000ee2d4d2f6038
496351.0,3749463,python,[JIT],0x0000e07d3f9e194c
496350.0,3749586,python,[JIT],0x0000f45d965410c8
496350.0,3749586,python,[JIT],0x0000f45d96e1960c
496350.0,3749240,python,[JIT],0x0000ee2d4d0f3160
496349.0,3749208,python,[JIT],0x0000e7243c802558
496349.0,3749240,python,[JIT],0x0000ee2d4ca59fe4
496349.0,3749240,python,[JIT],0x0000ee2d4d0f5180
496349.0,3749240,python,[JIT],0x0000ee2d4d0ff158
496349.0,3749240,python,[JIT],0x0000ee2d4d2f9034
496349.0,3749240,python,[JIT],0x0000ee2d4d2fe9d0
496349.0,3749240,python,[JIT],0x0000ee2d4d3a21fc
496349.0,3749543,python,[JIT],0x0000f0a3d1d84080
496349.0,3749463,python,python,_Py_LoadAttr_StackRefSteal
496349.0,3749463,python,[JIT],0x0000e07d3f6f40b4
496349.0,3749463,python,[JIT],0x0000e07d3f93db44
496348.0,3749208,python,[JIT],0x0000e7243bfba13c
496348.0,3749208,python,[JIT],0x0000e7243c805358
496347.0,3749208,python,[JIT],0x0000e7243c7ce3a4
496347.0,3749208,python,[JIT],0x0000e7243c801608
496347.0,3749208,python,[JIT],0x0000e7243c8b75cc
496347.0,3749586,python,python,PyObject_GenericGetAttr
496347.0,3749463,python,[JIT],0x0000e07d3f6f8180
496346.0,3749240,python,[JIT],0x0000ee2d4d0f9510
496346.0,3749240,python,[JIT],0x0000ee2d4d0fc638
496346.0,3749543,python,[JIT],0x0000f0a3d1d87fec
496345.0,3749208,python,[JIT],0x0000e7243c4ee248
496345.0,3749208,python,[JIT],0x0000e7243c80e3a8
496345.0,3749208,python,[JIT],0x0000e7243c8b4338
496345.0,3749208,python,[JIT],0x0000e7243c8b7970
496344.0,3749463,python,[JIT],0x0000e07d3f09cabc
496344.0,3749463,python,[JIT],0x0000e07d3f9e50a8
496343.0,3749240,python,[JIT],0x0000ee2d4d0f92bc
496343.0,3749240,python,[JIT],0x0000ee2d4d2fc3f0
496342.0,3749240,python,[JIT],0x0000ee2d4ca591f4
496342.0,3749240,python,[JIT],0x0000ee2d4d2be748
496342.0,3749463,python,[JIT],0x0000e07d3f093200
496342.0,3749463,python,[JIT],0x0000e07d3f6fc4f8
496341.0,3749586,python,[JIT],0x0000f45d96af1074
496341.0,3749240,python,[JIT],0x0000ee2d4d0fa008
496340.0,3749208,python,[JIT],0x0000e7243c4ee380
496340.0,3749586,python,[JIT],0x0000f45d96e1d284
496340.0,3749586,python,[JIT],0x0000f45d96e1d534
496340.0,3749463,python,[JIT],0x0000e07d3f6fc9d8
496338.0,3749208,python,[JIT],0x0000e7243bfb99d8
496338.0,3749208,python,[JIT],0x0000e7243c4ee434
496338.0,3749208,python,[JIT],0x0000e7243c804004
496338.0,3749586,python,[JIT],0x0000f45d96572e04
496338.0,3749586,python,[JIT],0x0000f45d96e1da58
496338.0,3749240,python,[JIT],0x0000ee2d4d0fad88
496338.0,3749543,python,[JIT],0x0000f0a3d1cd9ac0
496338.0,3749543,python,[JIT],0x0000f0a3d1d87390
496338.0,3749336,python,[JIT],0x0000e82e99e0f694
496338.0,3749463,python,[JIT],0x0000e07d3f9e22b4
496336.0,3749240,python,[JIT],0x0000ee2d4d0f3a50
496336.0,3749240,python,[JIT],0x0000ee2d4d2beee8
496336.0,3749463,python,[JIT],0x0000e07d3f6ee078
496336.0,3749463,python,[JIT],0x0000e07d3f6ef428
496336.0,3749463,python,[JIT],0x0000e07d3f9e5080
496335.0,3749208,python,[JIT],0x0000e7243c8b702c
496335.0,3749586,python,[JIT],0x0000f45d96e1c510
496335.0,3749543,python,[JIT],0x0000f0a3d190c82c
496333.0,3749208,python,[JIT],0x0000e7243c8b317c
496333.0,3749240,python,[JIT],0x0000ee2d4d2fb184
496333.0,3749463,python,[JIT],0x0000e07d3f09c8c4
496332.0,3749208,python,[JIT],0x0000e7243c80e2b8
496332.0,3749586,python,[JIT],0x0000f45d96e171b0
496332.0,3749240,python,python,PyCallable_Check
496332.0,3749383,python,python,func_dealloc
496332.0,3749463,python,[JIT],0x0000e07d3f9e2288
496331.0,3749208,python,[JIT],0x0000e7243c4ee07c
496331.0,3749208,python,[JIT],0x0000e7243c8b2154
496331.0,3749586,python,[JIT],0x0000f45d96575038
496331.0,3749586,python,[JIT],0x0000f45d96dde038
496331.0,3749240,python,[JIT],0x0000ee2d4d2fcd34
496331.0,3749240,python,[JIT],0x0000ee2d4d3a1790
496330.0,3749240,python,[JIT],0x0000ee2d4ca93050
496330.0,3749240,python,[JIT],0x0000ee2d4d0fc320
496330.0,3749383,python,python,dictiter_iternextvalue
496330.0,3749543,python,[JIT],0x0000f0a3d1cdb0cc
496329.0,3749208,python,[JIT],0x0000e7243c80597c
496329.0,3749543,python,[JIT],0x0000f0a3d1d84354
496329.0,3749543,python,[JIT],0x0000f0a3d1d8a030
496329.0,3749463,python,[JIT],0x0000e07d3f9e508c
496328.0,3749208,python,[JIT],0x0000e7243c8b7524
496328.0,3749240,python,python,_PyCompactLong_Add
496327.0,3749208,python,[JIT],0x0000e7243c8b418c
496327.0,3749240,python,[JIT],0x0000ee2d4d0f2678
496326.0,3749586,python,[JIT],0x0000f45d96ec2268
496326.0,3749240,python,python,_PyJit_translate_single_bytecode_to_trace
496326.0,3749240,python,[JIT],0x0000ee2d4ca590f4
496326.0,3749240,python,[JIT],0x0000ee2d4d2f2c00
496326.0,3749240,python,[JIT],0x0000ee2d4d2fce68
496326.0,3749383,python,python,_PyDict_FromItems
496326.0,3749383,python,[JIT],0x0000ef595c10e400
496325.0,3749208,python,[JIT],0x0000e7243c7ce348
496325.0,3749208,python,[JIT],0x0000e7243c8b3a48
496325.0,3749208,python,[JIT],0x0000e7243c8b4344
496325.0,3749586,python,[JIT],0x0000f45d96af11a8
496324.0,3749208,python,[JIT],0x0000e7243c8090d0
496324.0,3749543,python,[JIT],0x0000f0a3d1cd10c4
496323.0,3749240,python,[JIT],0x0000ee2d4ca5d1b8
496323.0,3749543,python,[JIT],0x0000f0a3d1d8460c
496323.0,3749463,python,[JIT],0x0000e07d3f0d4900
496322.0,3749208,python,[JIT],0x0000e7243c8b81c8
496322.0,3749586,python,[JIT],0x0000f45d96e129fc
496322.0,3749586,python,[JIT],0x0000f45d96e1cfa0
496322.0,3749240,python,[JIT],0x0000ee2d4ca5f67c
496322.0,3749463,python,[JIT],0x0000e07d3f9e1d2c
496321.0,3749208,python,[JIT],0x0000e7243c8b60b0
496321.0,3749240,python,[JIT],0x0000ee2d4d2fd338
496320.0,3749208,python,[JIT],0x0000e7243c8053ac
496320.0,3749586,python,[JIT],0x0000f45d96e1c540
496320.0,3749543,python,python,_Py_uop_analyze_and_optimize
496319.0,3749586,python,[JIT],0x0000f45d96af13d8
496319.0,3749463,python,[JIT],0x0000e07d3f6f6168
496319.0,3749463,python,[JIT],0x0000e07d3f9e5780
496318.0,3749586,python,[JIT],0x0000f45d96e1cf38
496318.0,3749240,python,[JIT],0x0000ee2d4d2fc6c8
496318.0,3749463,python,[JIT],0x0000e07d3f9e1dc0
496317.0,3749208,python,[JIT],0x0000e7243bfb958c
496317.0,3749208,python,[JIT],0x0000e7243c8b36c8
496316.0,3749208,python,[JIT],0x0000e7243bfba08c
496316.0,3749586,python,[JIT],0x0000f45d96ec176c
496315.0,3749240,python,python,itertools_permutations
496315.0,3749463,python,[JIT],0x0000e07d3f931600
496315.0,3749463,python,[JIT],0x0000e07d3f9e50dc
496314.0,3749208,python,[JIT],0x0000e7243c4ee1b0
496313.0,3749586,python,[JIT],0x0000f45d96e1c070
496313.0,3749240,python,[JIT],0x0000ee2d4ca5c53c
496313.0,3749240,python,[JIT],0x0000ee2d4d2f9160
496313.0,3749543,python,[JIT],0x0000f0a3d1cdb440
496312.0,3749208,python,[JIT],0x0000e7243c805844
496311.0,3749463,python,[JIT],0x0000e07d3f6f5000
496310.0,3749240,python,[JIT],0x0000ee2d4d0f2170
496310.0,3749240,python,[JIT],0x0000ee2d4d2f9254
496310.0,3749543,python,[JIT],0x0000f0a3d1cd31a4
496309.0,3749208,python,[JIT],0x0000e7243c8b3c18
496309.0,3749543,python,[JIT],0x0000f0a3d1d8a174
496308.0,3749208,python,[JIT],0x0000e7243c8010e0
496308.0,3749208,python,[JIT],0x0000e7243c802124
496308.0,3749240,python,[JIT],0x0000ee2d4d0f30d4
496308.0,3749240,python,[JIT],0x0000ee2d4d0ff1fc
496307.0,3749208,python,[JIT],0x0000e7243bf4c3dc
496306.0,3749240,python,[JIT],0x0000ee2d4d2fcc34
496306.0,3749463,python,[JIT],0x0000e07d3f6fc2e8
496306.0,3749463,python,[JIT],0x0000e07d3f93b0fc
496305.0,3749208,python,[JIT],0x0000e7243bf76480
496305.0,3749543,python,[JIT],0x0000f0a3d19344cc
496305.0,3749543,python,[JIT],0x0000f0a3d1972184
496304.0,3749240,python,[JIT],0x0000ee2d4d2f70a0
496304.0,3749463,python,[JIT],0x0000e07d3f933654
496303.0,3749463,python,[JIT],0x0000e07d3f6ef024
496303.0,3749463,python,[JIT],0x0000e07d3f931404
496301.0,3749240,python,[JIT],0x0000ee2d4ca551cc
496301.0,3749240,python,[JIT],0x0000ee2d4d0fc56c
496301.0,3749240,python,[JIT],0x0000ee2d4d2f2654
496299.0,3749543,python,[JIT],0x0000f0a3d193edb8
496299.0,3749463,python,[JIT],0x0000e07d3f005080
496298.0,3749586,python,[JIT],0x0000f45d96afb030
496298.0,3749240,python,[JIT],0x0000ee2d4d2ff008
496297.0,3749586,python,[JIT],0x0000f45d96e120d8
496296.0,3749208,python,[JIT],0x0000e7243bfb9100
496296.0,3749240,python,[JIT],0x0000ee2d4d3a169c
496296.0,3749463,python,[JIT],0x0000e07d3f6f5438
496296.0,3749463,python,[JIT],0x0000e07d3f6f54c0
496295.0,3749463,python,[JIT],0x0000e07d3f6fc234
496294.0,3749463,python,[JIT],0x0000e07d3f93d73c
496293.0,3749463,python,[JIT],0x0000e07d3f0396c8
496291.0,3749240,python,[JIT],0x0000ee2d4d2fc6f8
496291.0,3749336,python,[JIT],0x0000e82e99ef5df0
496291.0,3749463,python,[JIT],0x0000e07d3f931418
496288.0,3749383,python,python,_Py_BuildMap_StackRefSteal
496287.0,3749208,python,[JIT],0x0000e7243c7ce630
496286.0,3749586,python,[JIT],0x0000f45d96af84d8
496286.0,3749586,python,[JIT],0x0000f45d96af9150
496286.0,3749463,python,[JIT],0x0000e07d3f931210
496284.0,3749586,python,[JIT],0x0000f45d96af14b0
496284.0,3749543,python,python,deque_iter
496282.0,3749208,python,[JIT],0x0000e7243bf4518c
496282.0,3749240,python,[JIT],0x0000ee2d4ca59610
496282.0,3749463,python,[JIT],0x0000e07d3f936d58
496282.0,3749463,python,[JIT],0x0000e07d3f9e6544
496281.0,3749208,python,[JIT],0x0000e7243c4ee6a4
496281.0,3749240,python,python,PyObject_Size
496280.0,3749240,python,python,type_call
496279.0,3749208,python,[JIT],0x0000e7243c80c0fc
496279.0,3749240,python,[JIT],0x0000ee2d4d0ff124
496278.0,3749208,python,python,_PyUnicode_InternMortal
496278.0,3749463,python,[JIT],0x0000e07d3f6f554c
496278.0,3749463,python,[JIT],0x0000e07d3f93d2b4
496277.0,3749543,python,[JIT],0x0000f0a3d1d817a8
496276.0,3749463,python,[JIT],0x0000e07d3f9e5170
496275.0,3749586,python,[JIT],0x0000f45d96e1112c
496275.0,3749240,python,[JIT],0x0000ee2d4d2f728c
496274.0,3749208,python,[JIT],0x0000e7243c8b3664
496274.0,3749240,python,[JIT],0x0000ee2d4ca5b4d4
496273.0,3749240,python,[JIT],0x0000ee2d4d0f3768
496273.0,3749240,python,[JIT],0x0000ee2d4d2f71b0
496273.0,3749240,python,[JIT],0x0000ee2d4d2f9a5c
496271.0,3749240,python,[JIT],0x0000ee2d4d0fdaa4
496271.0,3749240,python,[JIT],0x0000ee2d4d2fe9cc
496270.0,3749208,python,[JIT],0x0000e7243bfb9aa4
496270.0,3749543,python,[JIT],0x0000f0a3d1cd9388
496268.0,3749208,python,[JIT],0x0000e7243c80507c
496268.0,3749240,python,[JIT],0x0000ee2d4ca5b418
496267.0,3749208,python,[JIT],0x0000e7243c807f8c
496267.0,3749208,python,[JIT],0x0000e7243c8b3a4c
496266.0,3749208,python,[JIT],0x0000e7243c8b3d34
496264.0,3749240,python,[JIT],0x0000ee2d4d0f26a0
496264.0,3749240,python,[JIT],0x0000ee2d4d2fe504
496264.0,3749463,python,[JIT],0x0000e07d3f93db10
496263.0,3749240,python,[JIT],0x0000ee2d4d0f2a44
496262.0,3749240,python,[JIT],0x0000ee2d4ca9b7f4
496261.0,3749208,python,[JIT],0x0000e7243c80e30c
496261.0,3749208,python,[JIT],0x0000e7243c8b3eb4
496259.0,3749208,python,[JIT],0x0000e7243bf744cc
496259.0,3749208,python,[JIT],0x0000e7243c808fb0
496257.0,3749543,python,python,func_dealloc
496257.0,3749463,python,[JIT],0x0000e07d3f6eb140
496257.0,3749463,python,[JIT],0x0000e07d3f9e11dc
496254.0,3749586,python,[JIT],0x0000f45d96af849c
496254.0,3749240,python,[JIT],0x0000ee2d4d3a2808
496252.0,3749208,python,[JIT],0x0000e7243c4ee108
496250.0,3749208,python,[JIT],0x0000e7243bf7e8ec
496249.0,3749586,python,[JIT],0x0000f45d96e16110
496249.0,3749463,python,[JIT],0x0000e07d3f6fc354
496249.0,3749463,python,[JIT],0x0000e07d3f6fd86c
496246.0,3749240,python,python,builtin_hasattr
496246.0,3749240,python,[JIT],0x0000ee2d4d2f7184
496243.0,3749208,python,[JIT],0x0000e7243bf4cf0c
496243.0,3749240,python,[JIT],0x0000ee2d4d0f9248
496243.0,3749240,python,[JIT],0x0000ee2d4d0fc4e0
496241.0,3749208,python,[JIT],0x0000e7243c801adc
496240.0,3749586,python,[JIT],0x0000f45d96549b78
496240.0,3749543,python,python,_PyJit_translate_single_bytecode_to_trace
496236.0,3749463,python,[JIT],0x0000e07d3f9e15d4
496235.0,3749463,python,[JIT],0x0000e07d3f09ca24
496234.0,3749208,python,[JIT],0x0000e7243bfb9048
496234.0,3749208,python,[JIT],0x0000e7243c801578
496229.0,3749208,python,[JIT],0x0000e7243c8056ec
496229.0,3749463,python,[JIT],0x0000e07d3f0d255c
496226.0,3749463,python,[JIT],0x0000e07d3f6fc380
496222.0,3749240,python,[JIT],0x0000ee2d4d3a1300
496221.0,3749208,python,[JIT],0x0000e7243c80e0f4
496220.0,3749240,python,[JIT],0x0000ee2d4d2f70ec
496213.0,3749240,python,[JIT],0x0000ee2d4d3a1468
496212.0,3749463,python,[JIT],0x0000e07d3f9e5968
496205.0,3749208,python,[JIT],0x0000e7243c80e458
496204.0,3749586,python,python,deque_extend_impl
496204.0,3749586,python,[JIT],0x0000f45d96af070c
496202.0,3749240,python,[JIT],0x0000ee2d4d2fca20
496196.0,3749463,python,[JIT],0x0000e07d3f0d44e0
496194.0,3749240,python,[JIT],0x0000ee2d4d2fc218
496193.0,3749463,python,python,type_call
496192.0,3749543,python,[JIT],0x0000f0a3d1d8f0cc
496191.0,3749543,python,[JIT],0x0000f0a3d1d8c390
496183.0,3749240,python,[JIT],0x0000ee2d4ca59164
496182.0,3749463,python,[JIT],0x0000e07d3f935e34
496178.0,3749208,python,[JIT],0x0000e7243c8b126c
496178.0,3749463,python,[JIT],0x0000e07d3f93d1b0
496173.0,3749586,python,[JIT],0x0000f45d96af7008
496166.0,3749240,python,[JIT],0x0000ee2d4d2f113c
496165.0,3749208,python,[JIT],0x0000e7243c80c1cc
496165.0,3749240,python,python,_PyOptimizer_Optimize
496162.0,3749240,python,[JIT],0x0000ee2d4d2f1710
496162.0,3749463,python,[JIT],0x0000e07d3f0de12c
496148.0,3749543,python,[JIT],0x0000f0a3d1d84088
496137.0,3749208,python,[JIT],0x0000e7243c801050
496122.0,3749208,python,[JIT],0x0000e7243c8011e4
496115.0,3749463,python,[JIT],0x0000e07d3efd6b44
496110.0,3749240,python,[JIT],0x0000ee2d4d2fd034
496103.0,3749208,python,[JIT],0x0000e7243c8b20f4
496085.0,3749463,python,[JIT],0x0000e07d3f6f668c
496079.0,3749208,python,[JIT],0x0000e7243c8e7008
496074.0,3749586,python,[JIT],0x0000f45d9657abf4
496063.0,3749240,python,[JIT],0x0000ee2d4d0eb3a0
496039.0,3749463,python,[JIT],0x0000e07d3f6fd124
496035.0,3749240,python,[JIT],0x0000ee2d4d0fc0ec
496028.0,3749463,python,[JIT],0x0000e07d3f936c84
496026.0,3749240,python,[JIT],0x0000ee2d4d0f15bc
496020.0,3749208,python,[JIT],0x0000e7243c8b1270
496006.0,3749586,python,[JIT],0x0000f45d96e1d234
496002.0,3749543,python,[JIT],0x0000f0a3d1cdb02c
495981.0,3749586,python,[JIT],0x0000f45d96e11060
495873.0,3749240,python,[JIT],0x0000ee2d4d2be7bc
495782.0,3749543,python,[JIT],0x0000f0a3d19325bc
495762.0,3749543,python,[JIT],0x0000f0a3d1cd9908
495749.0,3749543,python,[JIT],0x0000f0a3d1cd9e84
495733.0,3749240,python,[JIT],0x0000ee2d4d2f7d5c
495725.0,3749586,python,[JIT],0x0000f45d96afb194
495684.0,3749240,python,[JIT],0x0000ee2d4ca595ac
495681.0,3749463,python,[JIT],0x0000e07d3f9311d8
495637.0,3749240,python,[JIT],0x0000ee2d4d2f62d4
495591.0,3749240,python,python,_PyStack_UnpackDict_FreeNoDecRef
495581.0,3749240,python,[JIT],0x0000ee2d4d2beb64
495549.0,3749586,python,[JIT],0x0000f45d96af8084
495414.0,3749240,python,python,gc_collect_main
495106.0,3749543,python,[JIT],0x0000f0a3d1d87af0
494943.0,3749336,python,[JIT],0x0000e82e99ef5fe0
494919.0,3749208,python,[JIT],0x0000e7243c80c0ec
494902.0,3749463,python,python,tuple_contains
494883.0,3749208,python,[JIT],0x0000e7243c805ee0
494883.0,3749543,python,python,_PyObject_VectorcallDictTstate
494599.0,3749240,python,[JIT],0x0000ee2d4d0f9564
494457.0,3749240,python,[JIT],0x0000ee2d4d2f753c
494352.0,3749463,python,[JIT],0x0000e07d3f9e41e0
494264.0,3749240,python,[JIT],0x0000ee2d4d2f108c
494150.0,3749208,python,[JIT],0x0000e7243c8054a8
493920.0,3749463,python,[JIT],0x0000e07d3f6ee168
493774.0,3749586,python,[JIT],0x0000f45d96e1cea8
493755.0,3749463,python,python,PyMem_Calloc
493709.0,3749586,python,[JIT],0x0000f45d96af8384
493677.0,3749208,python,[JIT],0x0000e7243c8b86cc
493562.0,3749463,python,[JIT],0x0000e07d3f93339c
493196.0,3749543,python,python,clear_slots
492786.0,3749208,python,[JIT],0x0000e7243c8b7080
492573.0,3749208,python,[JIT],0x0000e7243bf4ccd8
492548.0,3749463,python,[JIT],0x0000e07d3f9e4114
492232.0,3749240,python,[JIT],0x0000ee2d4d2be07c
491460.0,3749543,python,[JIT],0x0000f0a3d1d870ac
490835.0,3749336,python,[JIT],0x0000e82e99e471a8
490658.0,3749543,python,[JIT],0x0000f0a3d1cd9310
490380.0,3749543,python,python,dict_traverse
489715.0,3749543,python,[JIT],0x0000f0a3d19325fc
488978.0,3749543,python,[JIT],0x0000f0a3d1d8707c
488717.0,3749586,python,[JIT],0x0000f45d96575000
488517.0,3749240,python,[JIT],0x0000ee2d4d2be3c0
487732.0,3749463,python,[JIT],0x0000e07d3f9e50c0
486875.0,3749463,python,[JIT],0x0000e07d3f9e1d38
485793.0,3749586,python,[JIT],0x0000f45d96af02f8
484047.0,3749208,python,[JIT],0x0000e7243c808c60
482355.0,3749543,python,[JIT],0x0000f0a3d1d820d8
482332.0,3749240,python,python,_PyUnicode_ExactDealloc
482255.0,3749463,python,[JIT],0x0000e07d3f933330
480975.0,3749463,python,[JIT],0x0000e07d3f933c14
478682.0,3749208,python,[JIT],0x0000e7243c8012e0
478242.0,3749463,python,[JIT],0x0000e07d3f034678
476157.0,3749336,python,[JIT],0x0000e82e99e4313c
352425.0,3749240,python,python,PyDict_New
273600.0,3749586,python,[JIT],0x0000f45d965757b0
269883.0,3749543,python,[JIT],0x0000f0a3d1909804
268842.0,3749240,python,[JIT],0x0000ee2d4ca55a7c
262604.0,3749336,python,[JIT],0x0000e82e9958c2a4
262471.0,3749586,python,[JIT],0x0000f45d965b93f8
261648.0,3749463,python,[JIT],0x0000e07d3f0d287c
255868.0,3749586,python,[JIT],0x0000f45d96547320
253591.0,3749543,python,python,itertools_permutations
252619.0,3749336,python,[JIT],0x0000e82e99ef1794
251772.0,3749336,python,[JIT],0x0000e82e9955e47c
251616.0,3749543,python,[JIT],0x0000f0a3d1d8d7d4
251399.0,3749208,python,[JIT],0x0000e7243bf4a2a8
251382.0,3749586,python,[JIT],0x0000f45d96e1914c
250747.0,3749463,python,[kernel.kallsyms],do_notify_resume
250328.0,3749336,python,[JIT],0x0000e82e995f8808
250125.0,3749208,python,[JIT],0x0000e7243c8b8c00
249735.0,3749543,python,[JIT],0x0000f0a3d1972318
249700.0,3749240,python,[JIT],0x0000ee2d4ca910f0
249692.0,3749208,python,[JIT],0x0000e7243bf479e0
249372.0,3749586,python,[JIT],0x0000f45d9654c4e4
249337.0,3749336,python,[JIT],0x0000e82e995f84c8
249313.0,3749208,python,[JIT],0x0000e7243c4ec838
249240.0,3749463,python,[JIT],0x0000e07d3efd663c
249070.0,3749336,python,[JIT],0x0000e82e99589a60
249052.0,3749543,python,python,PySlice_Unpack
248953.0,3749240,python,[JIT],0x0000ee2d4d2bea80
248953.0,3749336,python,[JIT],0x0000e82e99efa09c
248907.0,3749336,python,python,_PyUnicode_InternMortal
248866.0,3749240,python,python,_PyObject_LookupSpecial
248790.0,3749543,python,[kernel.kallsyms],down_read_trylock
248677.0,3749336,python,[JIT],0x0000e82e995f6984
248676.0,3749336,python,[JIT],0x0000e82e99efa784
248648.0,3749463,python,libc.so.6,cfree@GLIBC_2.17
248606.0,3749543,python,[JIT],0x0000f0a3d193d088
248585.0,3749208,python,[JIT],0x0000e7243bf4244c
248574.0,3749463,python,[JIT],0x0000e07d3f03406c
248545.0,3749543,python,python,_PyEval_LoadGlobalStackRef
248538.0,3749586,python,[JIT],0x0000f45d96e16260
248534.0,3749463,python,[JIT],0x0000e07d3f0da1b0
248517.0,3749240,python,[JIT],0x0000ee2d4d3a2540
248512.0,3749336,python,[JIT],0x0000e82e99e0f34c
248509.0,3749336,python,python,func_descr_get
248506.0,3749336,python,[JIT],0x0000e82e99ef5e30
248499.0,3749240,python,[JIT],0x0000ee2d4d3a24c0
248491.0,3749336,python,[JIT],0x0000e82e9952bb6c
248488.0,3749336,python,python,dict_traverse
248487.0,3749336,python,[JIT],0x0000e82e99ef26b4
248486.0,3749463,python,python,_PyStaticType_GetState
248484.0,3749586,python,[JIT],0x0000f45d96ddf864
248479.0,3749336,python,[JIT],0x0000e82e9958608c
248468.0,3749336,python,[JIT],0x0000e82e99ef9830
248466.0,3749336,python,[JIT],0x0000e82e99e41234
248460.0,3749336,python,[JIT],0x0000e82e9958a864
248458.0,3749586,python,[JIT],0x0000f45d96e1f21c
248456.0,3749336,python,[JIT],0x0000e82e99587078
248452.0,3749336,python,[JIT],0x0000e82e99e4a000
248451.0,3749336,python,[JIT],0x0000e82e99e4e18c
248450.0,3749336,python,[JIT],0x0000e82e994f80c4
248450.0,3749336,python,[JIT],0x0000e82e99e47b84
248450.0,3749336,python,[JIT],0x0000e82e99e4aaf4
248450.0,3749463,python,[JIT],0x0000e07d3f0da078
248444.0,3749336,python,[JIT],0x0000e82e99ef62dc
248444.0,3749463,python,python,PyObject_RichCompare
248444.0,3749336,python,[JIT],0x0000e82e99e4e1b0
248443.0,3749336,python,[JIT],0x0000e82e99e43664
248443.0,3749336,python,[JIT],0x0000e82e99ef5fd0
248442.0,3749336,python,python,emit__GUARD_TYPE_VERSION_r11
248442.0,3749336,python,[JIT],0x0000e82e99e4a9e0
248441.0,3749543,python,[JIT],0x0000f0a3d1d87d88
248441.0,3749336,python,[JIT],0x0000e82e99efa340
248441.0,3749336,python,python,set_update_iterable_lock_held
248440.0,3749336,python,[JIT],0x0000e82e99e41a10
248440.0,3749336,python,[JIT],0x0000e82e99e49114
248440.0,3749336,python,[JIT],0x0000e82e99e4a630
248440.0,3749463,python,[JIT],0x0000e07d3f9e92d8
248439.0,3749463,python,[JIT],0x0000e07d3f936ddc
248438.0,3749208,python,[JIT],0x0000e7243c4ec2c0
248437.0,3749208,python,[JIT],0x0000e7243beb20d4
248437.0,3749586,python,[JIT],0x0000f45d96ec3858
248437.0,3749240,python,[JIT],0x0000ee2d4ca52bec
248437.0,3749463,python,[JIT],0x0000e07d3f9e958c
248435.0,3749336,python,[JIT],0x0000e82e99e4eea4
248435.0,3749336,python,[JIT],0x0000e82e99ef520c
248435.0,3749336,python,python,lookup_method_ex.constprop.0
248434.0,3749336,python,[JIT],0x0000e82e995f551c
248433.0,3749336,python,[JIT],0x0000e82e995fd260
248433.0,3749336,python,python,set_update_local
248433.0,3749463,python,[JIT],0x0000e07d3f6fc5cc
248432.0,3749586,python,[JIT],0x0000f45d96ec3714
248432.0,3749336,python,[JIT],0x0000e82e99aec274
248432.0,3749336,python,[JIT],0x0000e82e99e4eb44
248432.0,3749336,python,[JIT],0x0000e82e99efd6b8
248432.0,3749336,python,[JIT],0x0000e82e99e0f45c
248431.0,3749336,python,python,unicode_strip
248431.0,3749336,python,[JIT],0x0000e82e995fd4ec
248431.0,3749336,python,[JIT],0x0000e82e99e43348
248431.0,3749336,python,[JIT],0x0000e82e99e4e600
248430.0,3749208,python,[kernel.kallsyms],__mod_node_page_state
248430.0,3749586,python,[JIT],0x0000f45d96ec54bc
248430.0,3749336,python,[JIT],0x0000e82e995b70b4
248429.0,3749336,python,[JIT],0x0000e82e99e472cc
248429.0,3749336,python,[JIT],0x0000e82e99e4d0c8
248429.0,3749336,python,[JIT],0x0000e82e99ef2370
248429.0,3749543,python,[JIT],0x0000f0a3d1d8f0f8
248429.0,3749336,python,[kernel.kallsyms],__perf_addr_filters_adjust
248429.0,3749336,python,[JIT],0x0000e82e99e4ad94
248429.0,3749463,python,[JIT],0x0000e07d3f6fc0b8
248428.0,3749336,python,[kernel.kallsyms],sched_mm_cid_remote_clear
248428.0,3749336,python,[JIT],0x0000e82e99e493b0
248427.0,3749543,python,[JIT],0x0000f0a3d1cd53c0
248427.0,3749336,python,[JIT],0x0000e82e99524988
248427.0,3749336,python,[JIT],0x0000e82e995f3630
248427.0,3749463,python,[JIT],0x0000e07d3f8fe3a8
248426.0,3749208,python,python,PyDict_Contains
248426.0,3749208,python,[JIT],0x0000e7243bf47d1c
248426.0,3749336,python,[JIT],0x0000e82e99e410d0
248425.0,3749336,python,[JIT],0x0000e82e99e444c4
248424.0,3749586,python,[JIT],0x0000f45d96e1cc1c
248424.0,3749336,python,[JIT],0x0000e82e99e0f508
248424.0,3749336,python,[JIT],0x0000e82e99ef6338
248424.0,3749336,python,[JIT],0x0000e82e99ef9424
248423.0,3749336,python,[JIT],0x0000e82e99ef6240
248423.0,3749336,python,[JIT],0x0000e82e99efa958
248422.0,3749208,python,[JIT],0x0000e7243c8b86b0
248422.0,3749336,python,[JIT],0x0000e82e99e49ae0
248422.0,3749336,python,[JIT],0x0000e82e99e4aecc
248421.0,3749208,python,[JIT],0x0000e7243c8b8884
248421.0,3749336,python,[JIT],0x0000e82e99e0e088
248419.0,3749240,python,[JIT],0x0000ee2d4d0fa3d0
248419.0,3749336,python,[JIT],0x0000e82e99ef93e0
248418.0,3749208,python,[JIT],0x0000e7243beb6100
248418.0,3749543,python,[JIT],0x0000f0a3d1904870
248418.0,3749336,python,[JIT],0x0000e82e99e47aec
248418.0,3749336,python,[JIT],0x0000e82e99e49e98
248418.0,3749336,python,[JIT],0x0000e82e99ef2198
248417.0,3749336,python,python,allocate_from_new_pool
248417.0,3749336,python,[JIT],0x0000e82e99589e04
248417.0,3749336,python,[JIT],0x0000e82e9958d104
248417.0,3749336,python,[JIT],0x0000e82e99e43410
248416.0,3749240,python,[JIT],0x0000ee2d4ca510d0
248416.0,3749336,python,[JIT],0x0000e82e995b61f0
248416.0,3749336,python,[JIT],0x0000e82e99ef5f28
248416.0,3749336,python,[JIT],0x0000e82e99ef6344
248416.0,3749336,python,[JIT],0x0000e82e99efd134
248415.0,3749336,python,[JIT],0x0000e82e99e41264
248415.0,3749336,python,[JIT],0x0000e82e99e47308
248415.0,3749336,python,[JIT],0x0000e82e99ef52ec
248415.0,3749336,python,[JIT],0x0000e82e99ef5938
248415.0,3749543,python,[JIT],0x0000f0a3d1d8d0ac
248414.0,3749208,python,[kernel.kallsyms],_raw_spin_trylock
248414.0,3749586,python,[JIT],0x0000f45d96ec2380
248414.0,3749336,python,[JIT],0x0000e82e99ef9004
248413.0,3749240,python,[JIT],0x0000ee2d4d3a3028
248413.0,3749336,python,[JIT],0x0000e82e995b18bc
248413.0,3749336,python,[JIT],0x0000e82e99e460cc
248413.0,3749336,python,[JIT],0x0000e82e99e47b0c
248413.0,3749336,python,[JIT],0x0000e82e99e436cc
248412.0,3749463,python,[JIT],0x0000e07d3f93d60c
248411.0,3749208,python,python,_PyEvalFramePushAndInit_Ex
248411.0,3749208,python,[JIT],0x0000e7243c8b87f4
248411.0,3749208,python,[JIT],0x0000e7243c8b8ae4
248411.0,3749336,python,[JIT],0x0000e82e9958d304
248411.0,3749336,python,[JIT],0x0000e82e99e0f1a0
248411.0,3749463,python,libc.so.6,malloc
248411.0,3749463,python,[JIT],0x0000e07d3f6fc56c
248411.0,3749336,python,python,builtin_sum
248410.0,3749208,python,[JIT],0x0000e7243bfb65dc
248410.0,3749336,python,[JIT],0x0000e82e995821d4
248410.0,3749336,python,[JIT],0x0000e82e995b148c
248410.0,3749336,python,[JIT],0x0000e82e99e41700
248409.0,3749543,python,[JIT],0x0000f0a3d1906644
248409.0,3749336,python,[JIT],0x0000e82e995fd808
248409.0,3749336,python,[JIT],0x0000e82e995fdfd4
248409.0,3749336,python,[JIT],0x0000e82e99e4b1d4
248409.0,3749463,python,[JIT],0x0000e07d3f9e1424
248408.0,3749336,python,[JIT],0x0000e82e995fe264
248408.0,3749336,python,[JIT],0x0000e82e99aeb180
248408.0,3749336,python,[JIT],0x0000e82e99e445a0
248408.0,3749336,python,[JIT],0x0000e82e99ef4180
248408.0,3749336,python,[JIT],0x0000e82e99efa310
248408.0,3749543,python,[JIT],0x0000f0a3d1d8a008
248408.0,3749336,python,[JIT],0x0000e82e99efd0cc
248407.0,3749240,python,[JIT],0x0000ee2d4c9ce3a0
248407.0,3749240,python,[JIT],0x0000ee2d4d0ec310
248407.0,3749336,python,python,_PyEval_UnpackIterableStackRef
248407.0,3749336,python,[JIT],0x0000e82e99e413cc
248406.0,3749336,python,[JIT],0x0000e82e995bd278
248406.0,3749336,python,[JIT],0x0000e82e99e43054
248406.0,3749336,python,[JIT],0x0000e82e99e4ab4c
248406.0,3749336,python,[JIT],0x0000e82e99e47720
248405.0,3749208,python,[JIT],0x0000e7243c8b39a4
248405.0,3749240,python,[JIT],0x0000ee2d4d0eccb8
248405.0,3749336,python,[JIT],0x0000e82e995b3808
248405.0,3749336,python,[JIT],0x0000e82e99e432e0
248405.0,3749336,python,python,deque_append
248404.0,3749208,python,[JIT],0x0000e7243bebe058
248404.0,3749336,python,[JIT],0x0000e82e995bb688
248404.0,3749336,python,[JIT],0x0000e82e99efa544
248404.0,3749336,python,[JIT],0x0000e82e99e49080
248403.0,3749586,python,[JIT],0x0000f45d96ec5038
248403.0,3749240,python,[JIT],0x0000ee2d4d2fcabc
248403.0,3749336,python,[JIT],0x0000e82e995b704c
248403.0,3749336,python,[JIT],0x0000e82e99aeb23c
248403.0,3749336,python,[JIT],0x0000e82e99aec890
248403.0,3749336,python,[JIT],0x0000e82e99e41214
248403.0,3749336,python,[JIT],0x0000e82e99e47bb4
248403.0,3749336,python,[JIT],0x0000e82e99ef5c34
248403.0,3749543,python,[JIT],0x0000f0a3d1cd5ae8
248403.0,3749543,python,[JIT],0x0000f0a3d1cdb8f4
248402.0,3749543,python,[JIT],0x0000f0a3d1cd9610
248402.0,3749336,python,[JIT],0x0000e82e99ef5db0
248402.0,3749543,python,[JIT],0x0000f0a3d1cd24e0
248402.0,3749336,python,[JIT],0x0000e82e99e4ebb4
248402.0,3749463,python,[JIT],0x0000e07d3f9e9030
248401.0,3749336,python,[JIT],0x0000e82e99e47cec
248401.0,3749463,python,[JIT],0x0000e07d3f931434
248400.0,3749208,python,[JIT],0x0000e7243bf1e1dc
248400.0,3749543,python,[JIT],0x0000f0a3d1cd3208
248400.0,3749543,python,[JIT],0x0000f0a3d1cdc95c
248400.0,3749543,python,[JIT],0x0000f0a3d1d8c748
248400.0,3749336,python,[JIT],0x0000e82e995b1f78
248400.0,3749336,python,[JIT],0x0000e82e99e41050
248400.0,3749336,python,[JIT],0x0000e82e99e47dd8
248400.0,3749336,python,[JIT],0x0000e82e99ef114c
248400.0,3749336,python,[JIT],0x0000e82e99efa260
248400.0,3749463,python,[JIT],0x0000e07d3f9e39a0
248400.0,3749463,python,python,emit__SPILL_OR_RELOAD_r32
248399.0,3749240,python,[JIT],0x0000ee2d4d2fc4e8
248399.0,3749240,python,[JIT],0x0000ee2d4d2fcd64
248399.0,3749336,python,[JIT],0x0000e82e995fdf88
248399.0,3749336,python,[JIT],0x0000e82e995fdf90
248399.0,3749336,python,[JIT],0x0000e82e99e412cc
248399.0,3749336,python,[JIT],0x0000e82e99e4a0c4
248399.0,3749336,python,[JIT],0x0000e82e99ef656c
248398.0,3749208,python,[JIT],0x0000e7243bfb4efc
248398.0,3749586,python,[JIT],0x0000f45d96ec556c
248398.0,3749336,python,[JIT],0x0000e82e99e41d18
248398.0,3749336,python,[JIT],0x0000e82e99e490fc
248398.0,3749463,python,[JIT],0x0000e07d3f9e19e4
248397.0,3749586,python,[JIT],0x0000f45d96e16384
248397.0,3749336,python,[JIT],0x0000e82e995b92d8
248397.0,3749336,python,[JIT],0x0000e82e99aeb21c
248397.0,3749336,python,[JIT],0x0000e82e99e44784
248397.0,3749336,python,[JIT],0x0000e82e99e46148
248397.0,3749336,python,[JIT],0x0000e82e99e49c6c
248397.0,3749336,python,[JIT],0x0000e82e99e4efc4
248397.0,3749336,python,[JIT],0x0000e82e99ef6674
248396.0,3749336,python,libc.so.6,clock_gettime@@GLIBC_2.17
248396.0,3749336,python,[JIT],0x0000e82e995f95dc
248396.0,3749336,python,[JIT],0x0000e82e995fd41c
248396.0,3749336,python,[JIT],0x0000e82e99aec140
248396.0,3749463,python,[JIT],0x0000e07d3f93d2f4
248396.0,3749336,python,[JIT],0x0000e82e99e46004
248395.0,3749543,python,[JIT],0x0000f0a3d1d82df0
248395.0,3749336,python,[JIT],0x0000e82e99587984
248395.0,3749336,python,[JIT],0x0000e82e99e0f45c
248395.0,3749336,python,[JIT],0x0000e82e99ef62e8
248395.0,3749463,python,[JIT],0x0000e07d3f9e16f0
248395.0,3749336,python,[JIT],0x0000e82e99e4a888
248394.0,3749208,python,[JIT],0x0000e7243bf45270
248394.0,3749208,python,[JIT],0x0000e7243c8b8bc0
248394.0,3749336,python,[JIT],0x0000e82e995b56fc
248394.0,3749336,python,[JIT],0x0000e82e995b98dc
248394.0,3749463,python,[JIT],0x0000e07d3f9e9c5c
248394.0,3749463,python,[JIT],0x0000e07d3f931588
248393.0,3749586,python,[JIT],0x0000f45d96ef1080
248393.0,3749586,python,[JIT],0x0000f45d96dde04c
248393.0,3749240,python,python,deque_append
248393.0,3749543,python,[JIT],0x0000f0a3d19787a8
248393.0,3749543,python,[JIT],0x0000f0a3d1978bfc
248393.0,3749336,python,[JIT],0x0000e82e9955c154
248393.0,3749336,python,[JIT],0x0000e82e99589a48
248393.0,3749336,python,[JIT],0x0000e82e995fdc04
248393.0,3749336,python,[JIT],0x0000e82e99e470fc
248393.0,3749336,python,[JIT],0x0000e82e99e4a370
248393.0,3749336,python,[JIT],0x0000e82e99ef5f94
248393.0,3749336,python,[JIT],0x0000e82e99e46098
248393.0,3749463,python,[JIT],0x0000e07d3f9e6568
248392.0,3749208,python,[kernel.kallsyms],mas_wr_store_entry.isra.0
248392.0,3749208,python,[JIT],0x0000e7243c80122c
248392.0,3749543,python,[JIT],0x0000f0a3d1d87e0c
248392.0,3749336,python,[JIT],0x0000e82e99589b48
248392.0,3749336,python,[JIT],0x0000e82e995fd094
248392.0,3749336,python,[JIT],0x0000e82e995fdbc8
248392.0,3749336,python,[JIT],0x0000e82e99e4aa70
248392.0,3749463,python,[JIT],0x0000e07d3f93b008
248392.0,3749463,python,[JIT],0x0000e07d3f9e7854
248391.0,3749336,python,[JIT],0x0000e82e99e411bc
248391.0,3749463,python,[JIT],0x0000e07d3f9332f4
248390.0,3749208,python,[JIT],0x0000e7243bf470a0
248390.0,3749240,python,[JIT],0x0000ee2d4d2fc700
248390.0,3749543,python,[JIT],0x0000f0a3d1cd32c0
248390.0,3749336,python,[JIT],0x0000e82e995527f0
248390.0,3749336,python,[JIT],0x0000e82e99558000
248390.0,3749336,python,[JIT],0x0000e82e99e47694
248389.0,3749208,python,[JIT],0x0000e7243c8b8844
248389.0,3749543,python,[JIT],0x0000f0a3d19096b0
248389.0,3749543,python,[JIT],0x0000f0a3d1cd217c
248389.0,3749336,python,python,PyDict_New
248389.0,3749336,python,[JIT],0x0000e82e9955c0dc
248389.0,3749336,python,[JIT],0x0000e82e995b9e40
248389.0,3749336,python,[JIT],0x0000e82e995fd5c0
248389.0,3749336,python,[JIT],0x0000e82e99e490ac
248389.0,3749543,python,[kernel.kallsyms],el0_svc
248389.0,3749463,python,[JIT],0x0000e07d3f93b004
248389.0,3749463,python,[JIT],0x0000e07d3f094090
248388.0,3749208,python,[JIT],0x0000e7243c8087dc
248388.0,3749586,python,[JIT],0x0000f45d96e17008
248388.0,3749543,python,[JIT],0x0000f0a3d1d8cd5c
248388.0,3749336,python,[JIT],0x0000e82e995b12cc
248388.0,3749336,python,[JIT],0x0000e82e99ef6b68
248388.0,3749543,python,[JIT],0x0000f0a3d1d87910
248388.0,3749336,python,[JIT],0x0000e82e99ef9478
248387.0,3749586,python,[JIT],0x0000f45d96dded60
248387.0,3749543,python,[JIT],0x0000f0a3d1972140
248387.0,3749543,python,[JIT],0x0000f0a3d1cdc7f8
248387.0,3749336,python,[JIT],0x0000e82e99e43000
248387.0,3749336,python,[JIT],0x0000e82e99e436cc
248387.0,3749336,python,[JIT],0x0000e82e99e46124
248387.0,3749543,python,[JIT],0x0000f0a3d1cd54e8
248387.0,3749336,python,[JIT],0x0000e82e99ef5634
248387.0,3749336,python,[JIT],0x0000e82e99ef5d60
248387.0,3749463,python,[JIT],0x0000e07d3f096648
248386.0,3749240,python,[JIT],0x0000ee2d4d3a52a4
248386.0,3749336,python,[JIT],0x0000e82e995b39b8
248386.0,3749336,python,[JIT],0x0000e82e99ef5a50
248386.0,3749543,python,[JIT],0x0000f0a3d1d87c14
248386.0,3749336,python,python,PyMem_Calloc
248386.0,3749336,python,[JIT],0x0000e82e99e4e3cc
248385.0,3749240,python,[JIT],0x0000ee2d4ca210c8
248385.0,3749240,python,[JIT],0x0000ee2d4d3a4954
248385.0,3749336,python,[JIT],0x0000e82e995f6e68
248385.0,3749336,python,[JIT],0x0000e82e99e4a404
248385.0,3749336,python,[JIT],0x0000e82e99ef227c
248384.0,3749543,python,[JIT],0x0000f0a3d1cd9c5c
248384.0,3749543,python,[JIT],0x0000f0a3d1d8433c
248384.0,3749543,python,[JIT],0x0000f0a3d1d87ed8
248384.0,3749336,python,[JIT],0x0000e82e99589880
248384.0,3749336,python,[JIT],0x0000e82e995b58ac
248384.0,3749336,python,[JIT],0x0000e82e995fe7b0
248384.0,3749336,python,[JIT],0x0000e82e99efa950
248383.0,3749586,python,python,_PyDict_FromItems
248383.0,3749543,python,[JIT],0x0000f0a3d1cd3b8c
248383.0,3749543,python,[JIT],0x0000f0a3d1d828a4
248383.0,3749336,python,[JIT],0x0000e82e995f66a0
248383.0,3749336,python,[JIT],0x0000e82e99e43064
248383.0,3749336,python,[JIT],0x0000e82e99e476d8
248383.0,3749336,python,[JIT],0x0000e82e99e49658
248383.0,3749336,python,[JIT],0x0000e82e99efa940
248383.0,3749543,python,[JIT],0x0000f0a3d1cd65ac
248383.0,3749543,python,[JIT],0x0000f0a3d1cd9e58
248383.0,3749463,python,python,member_set
248383.0,3749463,python,[JIT],0x0000e07d3f03e1c8
248383.0,3749463,python,[JIT],0x0000e07d3f6fdc0c
248382.0,3749208,python,[JIT],0x0000e7243bfb4d24
248382.0,3749208,python,[JIT],0x0000e7243c8b8978
248382.0,3749586,python,[JIT],0x0000f45d96e19400
248382.0,3749336,python,python,PySlice_Unpack
248382.0,3749336,python,[JIT],0x0000e82e99ef5a14
248382.0,3749543,python,[JIT],0x0000f0a3d1d84320
248382.0,3749463,python,[JIT],0x0000e07d3f9e4164
248381.0,3749208,python,[JIT],0x0000e7243bf7a158
248381.0,3749208,python,[JIT],0x0000e7243c8bb634
248381.0,3749543,python,[JIT],0x0000f0a3d19799cc
248381.0,3749543,python,[JIT],0x0000f0a3d1cd838c
248381.0,3749543,python,[JIT],0x0000f0a3d1cd9668
248381.0,3749543,python,[JIT],0x0000f0a3d1d82430
248381.0,3749336,python,[JIT],0x0000e82e995b8530
248381.0,3749336,python,[JIT],0x0000e82e99e44630
248381.0,3749336,python,[JIT],0x0000e82e99e4727c
248381.0,3749336,python,[JIT],0x0000e82e99e4772c
248381.0,3749336,python,[JIT],0x0000e82e99e47c18
248381.0,3749336,python,[JIT],0x0000e82e99e49cfc
248381.0,3749463,python,[JIT],0x0000e07d3f9e1cfc
248381.0,3749336,python,[JIT],0x0000e82e99ef5bec
248380.0,3749543,python,[JIT],0x0000f0a3d1978044
248380.0,3749336,python,[JIT],0x0000e82e995b33ac
248380.0,3749336,python,[JIT],0x0000e82e99e478cc
248380.0,3749336,python,[JIT],0x0000e82e99ef12f4
248380.0,3749336,python,[JIT],0x0000e82e99efa0dc
248380.0,3749463,python,[JIT],0x0000e07d3f936d74
248379.0,3749208,python,[JIT],0x0000e7243c8075c0
248379.0,3749586,python,[JIT],0x0000f45d96544ac0
248379.0,3749586,python,[JIT],0x0000f45d965b3854
248379.0,3749586,python,[JIT],0x0000f45d96e1c6a0
248379.0,3749543,python,[JIT],0x0000f0a3d1978398
248379.0,3749336,python,[JIT],0x0000e82e99527c48
248379.0,3749336,python,[JIT],0x0000e82e995b3170
248379.0,3749336,python,[JIT],0x0000e82e995b7050
248379.0,3749336,python,[JIT],0x0000e82e99e4a258
248379.0,3749336,python,[JIT],0x0000e82e99ef9060
248379.0,3749336,python,[JIT],0x0000e82e99ef9830
248379.0,3749336,python,[JIT],0x0000e82e99efa134
248379.0,3749463,python,python,PyObject_GC_Track
248378.0,3749240,python,[JIT],0x0000ee2d4d0ec698
248378.0,3749383,python,[JIT],0x0000ef595c14b214
248378.0,3749543,python,[JIT],0x0000f0a3d1978f90
248378.0,3749543,python,[JIT],0x0000f0a3d1cd902c
248378.0,3749543,python,[JIT],0x0000f0a3d1d881bc
248378.0,3749336,python,python,set_lookkey
248378.0,3749336,python,[JIT],0x0000e82e995b851c
248378.0,3749336,python,[JIT],0x0000e82e995fea3c
248378.0,3749336,python,[JIT],0x0000e82e99e49838
248378.0,3749336,python,[JIT],0x0000e82e99ef54c8
248378.0,3749336,python,[JIT],0x0000e82e99efd698
248378.0,3749543,python,[JIT],0x0000f0a3d1d87ff0
248378.0,3749336,python,[JIT],0x0000e82e99ef9260
248378.0,3749463,python,[JIT],0x0000e07d3f939628
248377.0,3749543,python,[JIT],0x0000f0a3d1cd9c64
248377.0,3749543,python,[JIT],0x0000f0a3d1d84958
248377.0,3749543,python,[JIT],0x0000f0a3d1d8c740
248377.0,3749543,python,[JIT],0x0000f0a3d1d8cd34
248377.0,3749336,python,[JIT],0x0000e82e99aec5d8
248377.0,3749336,python,[JIT],0x0000e82e99ef57d0
248376.0,3749586,python,[JIT],0x0000f45d96afb094
248376.0,3749586,python,[JIT],0x0000f45d96e19688
248376.0,3749383,python,python,_PyUnicode_Equal
248376.0,3749383,python,python,_Py_BuiltinCallFast_StackRef
248376.0,3749543,python,[JIT],0x0000f0a3d19357d8
248376.0,3749543,python,[JIT],0x0000f0a3d19793dc
248376.0,3749543,python,[JIT],0x0000f0a3d1d8f5a0
248376.0,3749336,python,[JIT],0x0000e82e9952bc7c
248376.0,3749336,python,[JIT],0x0000e82e99e478b4
248376.0,3749336,python,[JIT],0x0000e82e99e49d64
248376.0,3749336,python,[JIT],0x0000e82e99ef5204
248376.0,3749463,python,[JIT],0x0000e07d3f6fc358
248376.0,3749463,python,[JIT],0x0000e07d3f06d3e4
248376.0,3749463,python,[JIT],0x0000e07d3f6eb30c
248375.0,3749240,python,[JIT],0x0000ee2d4d2fcc50
248375.0,3749543,python,[JIT],0x0000f0a3d197a198
248375.0,3749543,python,[JIT],0x0000f0a3d1cdb0c0
248375.0,3749543,python,[JIT],0x0000f0a3d1d882d4
248375.0,3749543,python,[JIT],0x0000f0a3d1d8c948
248375.0,3749336,python,[JIT],0x0000e82e9936e7a4
248375.0,3749336,python,[JIT],0x0000e82e994f8368
248375.0,3749336,python,[JIT],0x0000e82e995b7494
248375.0,3749336,python,[JIT],0x0000e82e995b8a98
248375.0,3749336,python,[JIT],0x0000e82e995fd8cc
248375.0,3749336,python,[JIT],0x0000e82e99e4dc78
248375.0,3749336,python,[JIT],0x0000e82e99ef66ec
248375.0,3749336,python,[JIT],0x0000e82e99ef6848
248375.0,3749543,python,[JIT],0x0000f0a3d1d87d50
248375.0,3749336,python,[JIT],0x0000e82e99ef2358
248374.0,3749586,python,[JIT],0x0000f45d965b1544
248374.0,3749240,python,python,PyLong_AsSsize_t
248374.0,3749543,python,[JIT],0x0000f0a3d190d0c0
248374.0,3749543,python,[JIT],0x0000f0a3d19349b8
248374.0,3749543,python,[JIT],0x0000f0a3d1cd25d4
248374.0,3749543,python,[JIT],0x0000f0a3d1cd5508
248374.0,3749543,python,[JIT],0x0000f0a3d1d829f4
248374.0,3749336,python,[JIT],0x0000e82e9952739c
248374.0,3749336,python,[JIT],0x0000e82e99e0f0e8
248374.0,3749336,python,[JIT],0x0000e82e99ef54cc
248374.0,3749336,python,[JIT],0x0000e82e99ef5ef8
248374.0,3749463,python,[JIT],0x0000e07d3f9e50c8
248374.0,3749336,python,[JIT],0x0000e82e99e4e394
248373.0,3749586,python,[JIT],0x0000f45d96e118e8
248373.0,3749586,python,[JIT],0x0000f45d96e1cbe8
248373.0,3749383,python,python,find_name_in_mro
248373.0,3749543,python,[JIT],0x0000f0a3d1d8615c
248373.0,3749336,python,[JIT],0x0000e82e99589618
248373.0,3749336,python,[JIT],0x0000e82e995b925c
248373.0,3749336,python,[JIT],0x0000e82e99e0fb0c
248373.0,3749336,python,[JIT],0x0000e82e99e431ec
248373.0,3749336,python,[JIT],0x0000e82e99ef412c
248373.0,3749336,python,[JIT],0x0000e82e99ef6c08
248373.0,3749336,python,[JIT],0x0000e82e99efd164
248372.0,3749208,python,[JIT],0x0000e7243bf7d4a0
248372.0,3749586,python,[JIT],0x0000f45d96af96c8
248372.0,3749543,python,[JIT],0x0000f0a3d1935970
248372.0,3749543,python,[JIT],0x0000f0a3d19369fc
248372.0,3749543,python,[JIT],0x0000f0a3d1978618
248372.0,3749543,python,[JIT],0x0000f0a3d197946c
248372.0,3749543,python,[JIT],0x0000f0a3d1cd401c
248372.0,3749543,python,[JIT],0x0000f0a3d1cd50e8
248372.0,3749543,python,[JIT],0x0000f0a3d1cd9044
248372.0,3749543,python,[JIT],0x0000f0a3d1d878f4
248372.0,3749543,python,[JIT],0x0000f0a3d1d8b7a0
248372.0,3749336,python,[JIT],0x0000e82e995875f8
248372.0,3749336,python,[JIT],0x0000e82e995b3610
248372.0,3749336,python,[JIT],0x0000e82e995f66d8
248372.0,3749336,python,[JIT],0x0000e82e995fd6e4
248372.0,3749336,python,[JIT],0x0000e82e99ef57d0
248372.0,3749543,python,[JIT],0x0000f0a3d1d82038
248372.0,3749463,python,[JIT],0x0000e07d3f9e2240
248372.0,3749336,python,[JIT],0x0000e82e99e0f354
248372.0,3749336,python,[JIT],0x0000e82e99ef8060
248371.0,3749208,python,[JIT],0x0000e7243bf45a44
248371.0,3749586,python,[JIT],0x0000f45d96e1d450
248371.0,3749543,python,[JIT],0x0000f0a3d190cc60
248371.0,3749543,python,[JIT],0x0000f0a3d190e884
248371.0,3749543,python,[JIT],0x0000f0a3d19359f8
248371.0,3749543,python,[JIT],0x0000f0a3d1d8b444
248371.0,3749543,python,[JIT],0x0000f0a3d1d8f114
248371.0,3749336,python,[JIT],0x0000e82e995874fc
248371.0,3749336,python,[JIT],0x0000e82e995b1258
248371.0,3749336,python,[JIT],0x0000e82e995b3154
248371.0,3749336,python,[JIT],0x0000e82e995f6100
248371.0,3749336,python,[JIT],0x0000e82e995f7a44
248371.0,3749336,python,[JIT],0x0000e82e995fe9c4
248371.0,3749336,python,[JIT],0x0000e82e99e49548
248371.0,3749336,python,[JIT],0x0000e82e99ef83e4
248370.0,3749586,python,[JIT],0x0000f45d96af90a0
248370.0,3749586,python,[JIT],0x0000f45d96ec2dfc
248370.0,3749586,python,[JIT],0x0000f45d96e12e94
248370.0,3749586,python,[JIT],0x0000f45d96e171c0
248370.0,3749240,python,[JIT],0x0000ee2d4d0fc528
248370.0,3749336,python,[JIT],0x0000e82e99e4ac7c
248370.0,3749336,python,[JIT],0x0000e82e99e4b0e0
248370.0,3749336,python,libc.so.6,__memcpy_generic
248369.0,3749383,python,[JIT],0x0000ef595c14dee8
248369.0,3749543,python,[JIT],0x0000f0a3d190e324
248369.0,3749543,python,[JIT],0x0000f0a3d1974d20
248369.0,3749543,python,[JIT],0x0000f0a3d1979000
248369.0,3749543,python,[JIT],0x0000f0a3d1cd931c
248369.0,3749543,python,[JIT],0x0000f0a3d1d8817c
248369.0,3749336,python,python,_PyDictKeys_StringLookupAndVersion
248369.0,3749336,python,[JIT],0x0000e82e9958123c
248369.0,3749336,python,[JIT],0x0000e82e995b36a4
248369.0,3749336,python,[JIT],0x0000e82e995b3ab8
248369.0,3749336,python,[JIT],0x0000e82e99e0f584
248369.0,3749336,python,[JIT],0x0000e82e99e49038
248369.0,3749336,python,[JIT],0x0000e82e99efd590
248369.0,3749543,python,[JIT],0x0000f0a3d1d8b034
248369.0,3749463,python,[JIT],0x0000e07d3f9e9440
248369.0,3749336,python,python,PyCell_New
248369.0,3749463,python,python,deque_len
248369.0,3749463,python,[JIT],0x0000e07d3f09a2e0
248368.0,3749208,python,[JIT],0x0000e7243c4eb0b8
248368.0,3749208,python,[JIT],0x0000e7243c8087b4
248368.0,3749586,python,[JIT],0x0000f45d96575c4c
248368.0,3749586,python,[JIT],0x0000f45d96af8318
248368.0,3749240,python,[JIT],0x0000ee2d4d2fce3c
248368.0,3749240,python,[JIT],0x0000ee2d4d3a21c8
248368.0,3749543,python,[JIT],0x0000f0a3d19063e8
248368.0,3749543,python,[JIT],0x0000f0a3d1d815ec
248368.0,3749543,python,[JIT],0x0000f0a3d1d87d90
248368.0,3749543,python,[JIT],0x0000f0a3d1d8b080
248368.0,3749336,python,[JIT],0x0000e82e99522668
248368.0,3749336,python,[JIT],0x0000e82e99587444
248368.0,3749336,python,[JIT],0x0000e82e995b21d8
248368.0,3749336,python,[JIT],0x0000e82e99e47894
248368.0,3749336,python,[JIT],0x0000e82e99e4a1b4
248368.0,3749463,python,[JIT],0x0000e07d3f8fe668
248368.0,3749463,python,[JIT],0x0000e07d3f93f004
248368.0,3749336,python,[JIT],0x0000e82e99e4e06c
248367.0,3749208,python,[JIT],0x0000e7243c8b8510
248367.0,3749586,python,[JIT],0x0000f45d9657d4f8
248367.0,3749586,python,[JIT],0x0000f45d96af1808
248367.0,3749586,python,[JIT],0x0000f45d96e17bfc
248367.0,3749586,python,[JIT],0x0000f45d96ec1518
248367.0,3749586,python,[JIT],0x0000f45d96eed46c
248367.0,3749543,python,[JIT],0x0000f0a3d19031d0
248367.0,3749543,python,[JIT],0x0000f0a3d1909a4c
248367.0,3749543,python,[JIT],0x0000f0a3d1935320
248367.0,3749543,python,[JIT],0x0000f0a3d1cd468c
248367.0,3749543,python,[JIT],0x0000f0a3d1d87600
248367.0,3749543,python,[JIT],0x0000f0a3d1d87738
248367.0,3749543,python,[JIT],0x0000f0a3d1d8b4ec
248367.0,3749543,python,[JIT],0x0000f0a3d1d8c500
248367.0,3749336,python,[JIT],0x0000e82e995b978c
248367.0,3749336,python,[JIT],0x0000e82e995fd4c0
248367.0,3749336,python,[JIT],0x0000e82e99e49814
248367.0,3749336,python,[JIT],0x0000e82e99ef95a0
248367.0,3749543,python,[JIT],0x0000f0a3d1d84210
248367.0,3749336,python,python,PyMember_SetOne
248367.0,3749336,python,python,_PyObject_GetMethodStackRef
248366.0,3749208,python,[JIT],0x0000e7243bf141d8
248366.0,3749586,python,[JIT],0x0000f45d96af9064
248366.0,3749586,python,[JIT],0x0000f45d96dde918
248366.0,3749586,python,[JIT],0x0000f45d96e12ad4
248366.0,3749240,python,[JIT],0x0000ee2d4ca5250c
248366.0,3749383,python,python,PyObject_SetAttr
248366.0,3749543,python,[JIT],0x0000f0a3d1936840
248366.0,3749543,python,[JIT],0x0000f0a3d1d87004
248366.0,3749336,python,[JIT],0x0000e82e995b85a0
248366.0,3749336,python,[JIT],0x0000e82e995fd098
248366.0,3749336,python,[JIT],0x0000e82e99e4e230
248366.0,3749336,python,[JIT],0x0000e82e99ef5844
248366.0,3749463,python,[JIT],0x0000e07d3f93339c
248366.0,3749336,python,python,_Py_BuildString_StackRefSteal
248365.0,3749208,python,[JIT],0x0000e7243bf1d12c
248365.0,3749208,python,[JIT],0x0000e7243bf45634
248365.0,3749586,python,[JIT],0x0000f45d965752c4
248365.0,3749586,python,[JIT],0x0000f45d965b36ac
248365.0,3749586,python,[JIT],0x0000f45d96ddeef4
248365.0,3749586,python,[JIT],0x0000f45d96ec5740
248365.0,3749240,python,[JIT],0x0000ee2d4d3a36e4
248365.0,3749543,python,[JIT],0x0000f0a3d19784dc
248365.0,3749336,python,python,_PyFileIO_closed
248365.0,3749336,python,python,_PyUnicode_Equal
248365.0,3749336,python,[JIT],0x0000e82e995b1220
248365.0,3749336,python,[JIT],0x0000e82e995b1858
248365.0,3749336,python,[JIT],0x0000e82e995b7b4c
248365.0,3749336,python,[JIT],0x0000e82e99e41a00
248365.0,3749336,python,[JIT],0x0000e82e99e4466c
248365.0,3749336,python,[JIT],0x0000e82e99ef55cc
248365.0,3749336,python,[JIT],0x0000e82e99ef5870
248365.0,3749336,python,[JIT],0x0000e82e99ef5d60
248365.0,3749336,python,[JIT],0x0000e82e99ef609c
248365.0,3749336,python,[JIT],0x0000e82e99ef9754
248365.0,3749336,python,[JIT],0x0000e82e99ef9800
248365.0,3749336,python,[JIT],0x0000e82e99e4b0a8
248364.0,3749586,python,[JIT],0x0000f45d96ddee08
248364.0,3749240,python,[JIT],0x0000ee2d4d2f71b8
248364.0,3749543,python,[JIT],0x0000f0a3d19360c8
248364.0,3749543,python,[JIT],0x0000f0a3d1cd2138
248364.0,3749543,python,[JIT],0x0000f0a3d1cd21d8
248364.0,3749543,python,[JIT],0x0000f0a3d1cd6810
248364.0,3749543,python,[JIT],0x0000f0a3d1cdc710
248364.0,3749543,python,[JIT],0x0000f0a3d1d84260
248364.0,3749543,python,[JIT],0x0000f0a3d1d88678
248364.0,3749336,python,[JIT],0x0000e82e995b8f18
248364.0,3749336,python,[JIT],0x0000e82e995bb788
248364.0,3749336,python,[JIT],0x0000e82e99e0f098
248364.0,3749336,python,[JIT],0x0000e82e99e47528
248364.0,3749463,python,[JIT],0x0000e07d3f9e63c4
248363.0,3749208,python,[JIT],0x0000e7243bfb43f0
248363.0,3749586,python,[JIT],0x0000f45d96544618
248363.0,3749586,python,[JIT],0x0000f45d96af1b6c
248363.0,3749586,python,[JIT],0x0000f45d96dde73c
248363.0,3749586,python,[JIT],0x0000f45d96ec1458
248363.0,3749586,python,[kernel.kallsyms],_raw_spin_unlock_irqrestore
248363.0,3749240,python,[JIT],0x0000ee2d4d2f92ac
248363.0,3749543,python,[JIT],0x0000f0a3d1cd2004
248363.0,3749543,python,[JIT],0x0000f0a3d1cd3260
248363.0,3749543,python,[JIT],0x0000f0a3d1cd6400
248363.0,3749336,python,[JIT],0x0000e82e99589abc
248363.0,3749336,python,[JIT],0x0000e82e995fd2a4
248363.0,3749336,python,[JIT],0x0000e82e99e43394
248363.0,3749336,python,[JIT],0x0000e82e99e47050
248363.0,3749336,python,[JIT],0x0000e82e99ef5308
248363.0,3749336,python,[JIT],0x0000e82e99ef5850
248363.0,3749336,python,[JIT],0x0000e82e99ef66a0
248363.0,3749336,python,[JIT],0x0000e82e99efac04
248363.0,3749543,python,[JIT],0x0000f0a3d1d87b8c
248363.0,3749543,python,[JIT],0x0000f0a3d1d8c11c
248363.0,3749336,python,[JIT],0x0000e82e99ef11f8
248363.0,3749336,python,[JIT],0x0000e82e99ef6908
248363.0,3749336,python,[JIT],0x0000e82e99efd2c0
248362.0,3749586,python,[JIT],0x0000f45d96afb28c
248362.0,3749586,python,[JIT],0x0000f45d96e17bb4
248362.0,3749240,python,[JIT],0x0000ee2d4d2f9184
248362.0,3749543,python,[JIT],0x0000f0a3d1cd9400
248362.0,3749543,python,[JIT],0x0000f0a3d1cdbc44
248362.0,3749543,python,[JIT],0x0000f0a3d1cdbe48
248362.0,3749543,python,[JIT],0x0000f0a3d1d8c954
248362.0,3749336,python,python,tupleiter_next
248362.0,3749336,python,[JIT],0x0000e82e995bdcf0
248362.0,3749336,python,[JIT],0x0000e82e99e41ae8
248362.0,3749336,python,python,_PyEval_GetIter
248362.0,3749336,python,python,_PyFunction_SetVersion
248362.0,3749463,python,[JIT],0x0000e07d3f6fdd78
248361.0,3749208,python,[JIT],0x0000e7243bee5bd4
248361.0,3749208,python,[JIT],0x0000e7243c8b8bdc
248361.0,3749586,python,[JIT],0x0000f45d96544490
248361.0,3749586,python,[JIT],0x0000f45d9657cfc8
248361.0,3749240,python,[JIT],0x0000ee2d4ca21504
248361.0,3749543,python,[kernel.kallsyms],mt_find
248361.0,3749543,python,[JIT],0x0000f0a3d190c694
248361.0,3749543,python,[JIT],0x0000f0a3d1cdb9ac
248361.0,3749543,python,[JIT],0x0000f0a3d1d873ec
248361.0,3749336,python,[JIT],0x0000e82e99552650
248361.0,3749336,python,[JIT],0x0000e82e995b7448
248361.0,3749336,python,[JIT],0x0000e82e995b8abc
248361.0,3749336,python,[JIT],0x0000e82e99e47634
248361.0,3749336,python,[JIT],0x0000e82e99e47790
248361.0,3749336,python,[JIT],0x0000e82e99e4e8a0
248361.0,3749336,python,[JIT],0x0000e82e99e4ee34
248361.0,3749336,python,[JIT],0x0000e82e99ef5768
248361.0,3749463,python,python,gen_finalize
248361.0,3749463,python,[JIT],0x0000e07d3f93c0fc
248361.0,3749336,python,[JIT],0x0000e82e99e44610
248361.0,3749336,python,[JIT],0x0000e82e99e49298
248361.0,3749336,python,[JIT],0x0000e82e99ef5398
248361.0,3749336,python,[JIT],0x0000e82e99ef9170
248361.0,3749336,python,[JIT],0x0000e82e99f25114
248361.0,3749463,python,[JIT],0x0000e07d3f00e898
248360.0,3749208,python,[JIT],0x0000e7243bd8405c
248360.0,3749208,python,[JIT],0x0000e7243bf1c564
248360.0,3749586,python,[JIT],0x0000f45d96af152c
248360.0,3749240,python,python,PyDict_Contains
248360.0,3749543,python,[JIT],0x0000f0a3d1d8c3c0
248360.0,3749336,python,[JIT],0x0000e82e995b8ab8
248360.0,3749336,python,[JIT],0x0000e82e995b97cc
248360.0,3749336,python,[JIT],0x0000e82e99e44568
248360.0,3749336,python,[JIT],0x0000e82e99e47490
248360.0,3749336,python,[JIT],0x0000e82e99e4754c
248360.0,3749336,python,[JIT],0x0000e82e99ef2270
248360.0,3749336,python,[JIT],0x0000e82e99ef4120
248360.0,3749336,python,[JIT],0x0000e82e99ef916c
248360.0,3749543,python,[JIT],0x0000f0a3d1cdc9d8
248360.0,3749463,python,[JIT],0x0000e07d3f93d15c
248360.0,3749336,python,[JIT],0x0000e82e99e4a524
248360.0,3749336,python,[JIT],0x0000e82e99ef17a8
248360.0,3749336,python,[JIT],0x0000e82e99ef230c
248360.0,3749463,python,[JIT],0x0000e07d3f9e6748
248360.0,3749463,python,[JIT],0x0000e07d3f9e6a30
248359.0,3749586,python,[JIT],0x0000f45d96572ed4
248359.0,3749586,python,[JIT],0x0000f45d965bb0b8
248359.0,3749586,python,[JIT],0x0000f45d96af2208
248359.0,3749586,python,[JIT],0x0000f45d96e12210
248359.0,3749240,python,[JIT],0x0000ee2d4d2f9964
248359.0,3749543,python,[JIT],0x0000f0a3d1cd988c
248359.0,3749543,python,[JIT],0x0000f0a3d1d87c18
248359.0,3749543,python,[JIT],0x0000f0a3d1d88568
248359.0,3749336,python,[JIT],0x0000e82e995b15b0
248359.0,3749336,python,[JIT],0x0000e82e99e0f654
248359.0,3749336,python,[JIT],0x0000e82e99e4a3b8
248359.0,3749336,python,[JIT],0x0000e82e99ef4190
248359.0,3749336,python,[JIT],0x0000e82e99efa28c
248359.0,3749543,python,python,PyIter_Next
248359.0,3749543,python,[JIT],0x0000f0a3d1d8a174
248359.0,3749336,python,[JIT],0x0000e82e99e4d084
248359.0,3749336,python,[JIT],0x0000e82e99ef5e68
248359.0,3749463,python,[kernel.kallsyms],el0_svc
248359.0,3749463,python,[JIT],0x0000e07d3f6f67dc
248358.0,3749208,python,[JIT],0x0000e7243bf47e04
248358.0,3749208,python,[JIT],0x0000e7243c8bb274
248358.0,3749586,python,[JIT],0x0000f45d965b162c
248358.0,3749586,python,[JIT],0x0000f45d96afe16c
248358.0,3749586,python,[JIT],0x0000f45d96e1c5e4
248358.0,3749586,python,[JIT],0x0000f45d96e1d114
248358.0,3749240,python,[JIT],0x0000ee2d4d3a14ac
248358.0,3749240,python,[JIT],0x0000ee2d4d2f73d0
248358.0,3749543,python,[JIT],0x0000f0a3d19792ac
248358.0,3749543,python,[JIT],0x0000f0a3d197977c
248358.0,3749336,python,[kernel.kallsyms],down_read_trylock
248358.0,3749336,python,[JIT],0x0000e82e99587448
248358.0,3749336,python,[JIT],0x0000e82e995b7080
248358.0,3749336,python,[JIT],0x0000e82e995fd538
248358.0,3749336,python,[JIT],0x0000e82e99e4e8bc
248358.0,3749336,python,[JIT],0x0000e82e99e4ee2c
248358.0,3749336,python,[JIT],0x0000e82e99ef682c
248358.0,3749336,python,[JIT],0x0000e82e99efa2c0
248357.0,3749586,python,[JIT],0x0000f45d96575624
248357.0,3749586,python,[JIT],0x0000f45d9657c8b4
248357.0,3749586,python,[JIT],0x0000f45d96af99f8
248357.0,3749586,python,[JIT],0x0000f45d96e194f0
248357.0,3749586,python,[JIT],0x0000f45d96e19618
248357.0,3749586,python,[JIT],0x0000f45d96e19b9c
248357.0,3749586,python,[JIT],0x0000f45d96ec12f8
248357.0,3749336,python,[JIT],0x0000e82e995b3048
248357.0,3749336,python,[JIT],0x0000e82e995f321c
248357.0,3749336,python,[JIT],0x0000e82e99e4788c
248357.0,3749336,python,[JIT],0x0000e82e99ef648c
248357.0,3749336,python,[JIT],0x0000e82e99e432f8
248357.0,3749463,python,[JIT],0x0000e07d3f0de0b8
248357.0,3749463,python,[JIT],0x0000e07d3f6f71a4
248356.0,3749208,python,python,PyDict_Next
248356.0,3749208,python,[JIT],0x0000e7243bf1ee28
248356.0,3749208,python,[JIT],0x0000e7243bf7909c
248356.0,3749208,python,[JIT],0x0000e7243bf7d704
248356.0,3749586,python,[JIT],0x0000f45d965799c4
248356.0,3749586,python,[JIT],0x0000f45d96af1070
248356.0,3749586,python,[JIT],0x0000f45d96af5640
248356.0,3749586,python,[JIT],0x0000f45d96e12488
248356.0,3749586,python,[JIT],0x0000f45d96e170b8
248356.0,3749586,python,[JIT],0x0000f45d96ec230c
248356.0,3749586,python,[JIT],0x0000f45d96ec2ad0
248356.0,3749240,python,[JIT],0x0000ee2d4d3a5180
248356.0,3749240,python,[JIT],0x0000ee2d4d0f2f80
248356.0,3749543,python,python,_PyType_LookupRefAndVersion
248356.0,3749543,python,[JIT],0x0000f0a3d1934254
248356.0,3749543,python,[JIT],0x0000f0a3d1cd22b8
248356.0,3749336,python,[JIT],0x0000e82e9955e320
248356.0,3749336,python,[JIT],0x0000e82e995b15bc
248356.0,3749336,python,[JIT],0x0000e82e995bc244
248356.0,3749336,python,[JIT],0x0000e82e99e41580
248356.0,3749336,python,[JIT],0x0000e82e99e4322c
248356.0,3749336,python,[JIT],0x0000e82e99ef408c
248356.0,3749336,python,[JIT],0x0000e82e99ef505c
248356.0,3749336,python,[JIT],0x0000e82e99ef57f8
248356.0,3749336,python,[JIT],0x0000e82e99ef5ab8
248356.0,3749336,python,[JIT],0x0000e82e99ef7504
248356.0,3749336,python,[JIT],0x0000e82e99ef982c
248356.0,3749336,python,[JIT],0x0000e82e99efa6b0
248356.0,3749336,python,[JIT],0x0000e82e99e4a9f0
248356.0,3749463,python,[JIT],0x0000e07d3f9e9368
248355.0,3749208,python,[JIT],0x0000e7243bebe710
248355.0,3749208,python,[JIT],0x0000e7243c8b8204
248355.0,3749586,python,[JIT],0x0000f45d96572d30
248355.0,3749586,python,[JIT],0x0000f45d96e1da6c
248355.0,3749240,python,python,member_set
248355.0,3749240,python,[JIT],0x0000ee2d4d2fd3ac
248355.0,3749543,python,[JIT],0x0000f0a3d1904410
248355.0,3749543,python,[JIT],0x0000f0a3d19044d0
248355.0,3749543,python,[JIT],0x0000f0a3d1909680
248355.0,3749543,python,[JIT],0x0000f0a3d1cd30dc
248355.0,3749543,python,[JIT],0x0000f0a3d1d840e4
248355.0,3749543,python,[JIT],0x0000f0a3d1d87168
248355.0,3749336,python,[JIT],0x0000e82e995b3750
248355.0,3749336,python,[JIT],0x0000e82e995fe4dc
248355.0,3749336,python,[JIT],0x0000e82e99e430a8
248355.0,3749336,python,[JIT],0x0000e82e99ef92d0
248355.0,3749336,python,[JIT],0x0000e82e99efa540
248355.0,3749543,python,[JIT],0x0000f0a3d1cd246c
248355.0,3749463,python,[JIT],0x0000e07d3f93b03c
248355.0,3749463,python,[JIT],0x0000e07d3f9e1ff0
248355.0,3749336,python,python,_PyFunction_Vectorcall
248355.0,3749336,python,[JIT],0x0000e82e99ef1094
248355.0,3749463,python,[JIT],0x0000e07d3f09678c
248355.0,3749463,python,[JIT],0x0000e07d3f6f435c
248354.0,3749208,python,[JIT],0x0000e7243bf1df08
248354.0,3749208,python,[JIT],0x0000e7243c80e7e4
248354.0,3749586,python,[JIT],0x0000f45d96e12b24
248354.0,3749586,python,[JIT],0x0000f45d96e1c704
248354.0,3749586,python,[JIT],0x0000f45d96e1d6c8
248354.0,3749586,python,python,optimize_uops.isra.0
248354.0,3749543,python,[JIT],0x0000f0a3d1cdc090
248354.0,3749543,python,[JIT],0x0000f0a3d1d8cdb0
248354.0,3749336,python,[JIT],0x0000e82e995b8478
248354.0,3749336,python,[JIT],0x0000e82e995f3128
248354.0,3749336,python,[JIT],0x0000e82e995f7cc4
248354.0,3749336,python,[JIT],0x0000e82e99e4775c
248354.0,3749336,python,[JIT],0x0000e82e99e47dfc
248354.0,3749336,python,[JIT],0x0000e82e99ef5a5c
248354.0,3749336,python,[JIT],0x0000e82e99efa2e0
248354.0,3749543,python,python,set_add_entry_takeref
248353.0,3749586,python,[kernel.kallsyms],rcu_core
248353.0,3749586,python,[JIT],0x0000f45d96af91c0
248353.0,3749586,python,[JIT],0x0000f45d96af9d80
248353.0,3749543,python,[JIT],0x0000f0a3d1972f50
248353.0,3749543,python,[JIT],0x0000f0a3d1cdb670
248353.0,3749543,python,[JIT],0x0000f0a3d1d8b0c4
248353.0,3749543,python,[JIT],0x0000f0a3d1d8d444
248353.0,3749336,python,[JIT],0x0000e82e9955e02c
248353.0,3749336,python,[JIT],0x0000e82e9958d36c
248353.0,3749336,python,[JIT],0x0000e82e995fe88c
248353.0,3749336,python,[JIT],0x0000e82e99ef5d28
248353.0,3749463,python,[JIT],0x0000e07d3f6fc2b8
248353.0,3749463,python,[JIT],0x0000e07d3f933288
248352.0,3749208,python,[JIT],0x0000e7243bf720a8
248352.0,3749586,python,[JIT],0x0000f45d96544d50
248352.0,3749586,python,[JIT],0x0000f45d96afb34c
248352.0,3749586,python,[JIT],0x0000f45d96afe154
248352.0,3749586,python,[JIT],0x0000f45d96e11e44
248352.0,3749586,python,[JIT],0x0000f45d96e1288c
248352.0,3749586,python,[JIT],0x0000f45d96e19594
248352.0,3749586,python,[JIT],0x0000f45d96ec1180
248352.0,3749240,python,python,PyLong_FromSsize_t
248352.0,3749240,python,[JIT],0x0000ee2d4d2f703c
248352.0,3749240,python,[JIT],0x0000ee2d4ca5802c
248352.0,3749543,python,[JIT],0x0000f0a3d190ce6c
248352.0,3749543,python,[JIT],0x0000f0a3d1d84848
248352.0,3749543,python,[JIT],0x0000f0a3d1d87eb0
248352.0,3749543,python,[JIT],0x0000f0a3d1d8b660
248352.0,3749336,python,[JIT],0x0000e82e995861a8
248352.0,3749336,python,[JIT],0x0000e82e99e41838
248352.0,3749336,python,[JIT],0x0000e82e99e43534
248352.0,3749336,python,[JIT],0x0000e82e99ef2b94
248352.0,3749336,python,[JIT],0x0000e82e99ef9268
248352.0,3749463,python,[JIT],0x0000e07d3f93f114
248352.0,3749463,python,[JIT],0x0000e07d3f9e1a7c
248352.0,3749336,python,[JIT],0x0000e82e99e4e03c
248352.0,3749336,python,[JIT],0x0000e82e99ef4170
248352.0,3749463,python,[JIT],0x0000e07d3f0d56cc
248351.0,3749208,python,[JIT],0x0000e7243c8b9820
248351.0,3749586,python,python,executor_traverse
248351.0,3749586,python,[JIT],0x0000f45d96afb4f0
248351.0,3749586,python,[JIT],0x0000f45d96e11dac
248351.0,3749586,python,[JIT],0x0000f45d96e1253c
248351.0,3749586,python,[JIT],0x0000f45d96e1c7b0
248351.0,3749586,python,[JIT],0x0000f45d96ec1980
248351.0,3749240,python,libc.so.6,_int_free
248351.0,3749240,python,[JIT],0x0000ee2d4d0f5fe8
248351.0,3749240,python,[JIT],0x0000ee2d4d2ff060
248351.0,3749383,python,[JIT],0x0000ef595c144964
248351.0,3749543,python,[JIT],0x0000f0a3d1d875c8
248351.0,3749336,python,[kernel.kallsyms],vm_pgprot_modify
248351.0,3749336,python,[JIT],0x0000e82e994f84cc
248351.0,3749336,python,[JIT],0x0000e82e995b13c4
248351.0,3749336,python,[JIT],0x0000e82e995b7b6c
248351.0,3749336,python,[JIT],0x0000e82e995b8ae4
248351.0,3749336,python,[JIT],0x0000e82e995fd770
248351.0,3749336,python,[JIT],0x0000e82e99e41bfc
248351.0,3749336,python,[JIT],0x0000e82e99e47198
248351.0,3749336,python,[JIT],0x0000e82e99e49af4
248351.0,3749336,python,[JIT],0x0000e82e99e4a9e0
248351.0,3749336,python,[JIT],0x0000e82e99ef2308
248351.0,3749336,python,[JIT],0x0000e82e99ef5818
248351.0,3749543,python,python,_Py_Specialize_LoadAttr
248351.0,3749336,python,python,dict_dealloc
248351.0,3749336,python,[JIT],0x0000e82e99e43410
248351.0,3749336,python,[JIT],0x0000e82e99e4a7b4
248351.0,3749336,python,[JIT],0x0000e82e99f29120
248351.0,3749463,python,[JIT],0x0000e07d3f00e6a8
248350.0,3749208,python,[JIT],0x0000e7243c8b8cec
248350.0,3749208,python,[JIT],0x0000e7243c8bb1c4
248350.0,3749586,python,[JIT],0x0000f45d96575690
248350.0,3749586,python,[JIT],0x0000f45d96ec16a0
248350.0,3749240,python,python,cm_descr_get
248350.0,3749240,python,[JIT],0x0000ee2d4d0ed84c
248350.0,3749543,python,[JIT],0x0000f0a3d1906a48
248350.0,3749543,python,[JIT],0x0000f0a3d19357cc
248350.0,3749543,python,[JIT],0x0000f0a3d193ac64
248350.0,3749543,python,[JIT],0x0000f0a3d1972cd8
248350.0,3749543,python,[JIT],0x0000f0a3d1d8240c
248350.0,3749543,python,[JIT],0x0000f0a3d1d87b7c
248350.0,3749336,python,[JIT],0x0000e82e995b35bc
248350.0,3749336,python,[JIT],0x0000e82e995b85f4
248350.0,3749336,python,[JIT],0x0000e82e99e4338c
248350.0,3749336,python,[JIT],0x0000e82e99e479dc
248350.0,3749336,python,[JIT],0x0000e82e99e4a6c0
248350.0,3749336,python,[JIT],0x0000e82e99efa2c8
248350.0,3749336,python,[JIT],0x0000e82e99efa91c
248350.0,3749336,python,[JIT],0x0000e82e99e4e254
248350.0,3749463,python,[JIT],0x0000e07d3f6f5fe4
248349.0,3749208,python,[JIT],0x0000e7243bfba9c4
248349.0,3749208,python,[JIT],0x0000e7243c4ec578
248349.0,3749208,python,[JIT],0x0000e7243c8b3e10
248349.0,3749586,python,python,_PyStack_UnpackDict_FreeNoDecRef
248349.0,3749586,python,[JIT],0x0000f45d96e12e4c
248349.0,3749586,python,[JIT],0x0000f45d96e19394
248349.0,3749240,python,python,PyObject_GenericHash
248349.0,3749240,python,[JIT],0x0000ee2d4ca520f8
248349.0,3749240,python,[JIT],0x0000ee2d4d0f5fc0
248349.0,3749240,python,[JIT],0x0000ee2d4d2f309c
248349.0,3749240,python,[JIT],0x0000ee2d4d3a2aec
248349.0,3749543,python,[JIT],0x0000f0a3d1cd9b78
248349.0,3749543,python,[JIT],0x0000f0a3d1cdc04c
248349.0,3749543,python,[JIT],0x0000f0a3d1cdcc28
248349.0,3749543,python,[JIT],0x0000f0a3d1d8c26c
248349.0,3749336,python,[JIT],0x0000e82e995b71fc
248349.0,3749336,python,[JIT],0x0000e82e995b9990
248349.0,3749336,python,[JIT],0x0000e82e995fd7f0
248349.0,3749336,python,[JIT],0x0000e82e99e434c8
248349.0,3749336,python,[JIT],0x0000e82e99e47d60
248349.0,3749336,python,[JIT],0x0000e82e99e4e09c
248349.0,3749336,python,[JIT],0x0000e82e99ef5080
248349.0,3749336,python,[JIT],0x0000e82e99ef9264
248349.0,3749543,python,[JIT],0x0000f0a3d1d8535c
248349.0,3749463,python,python,_PyArg_UnpackStack
248349.0,3749463,python,python,deque_extend_impl
248349.0,3749463,python,[JIT],0x0000e07d3f8fe6f4
248349.0,3749463,python,[JIT],0x0000e07d3f93960c
248349.0,3749463,python,[JIT],0x0000e07d3f9e136c
248348.0,3749208,python,[JIT],0x0000e7243c8bb26c
248348.0,3749586,python,[JIT],0x0000f45d965b9148
248348.0,3749586,python,[JIT],0x0000f45d96e1c1dc
248348.0,3749240,python,[JIT],0x0000ee2d4d2f5080
248348.0,3749240,python,[JIT],0x0000ee2d4d2f26a4
248348.0,3749543,python,[JIT],0x0000f0a3d1906be8
248348.0,3749543,python,[JIT],0x0000f0a3d19730f4
248348.0,3749336,python,[JIT],0x0000e82e995b9768
248348.0,3749336,python,[JIT],0x0000e82e99e0f330
248348.0,3749336,python,[JIT],0x0000e82e99e41d98
248348.0,3749336,python,[JIT],0x0000e82e99ef5634
248348.0,3749463,python,[JIT],0x0000e07d3f6f04e8
248347.0,3749208,python,[JIT],0x0000e7243bfb97f0
248347.0,3749586,python,[JIT],0x0000f45d965b9194
248347.0,3749586,python,[JIT],0x0000f45d96ec5144
248347.0,3749383,python,[JIT],0x0000ef595c1f52c0
248347.0,3749383,python,[JIT],0x0000ef595c1f5b90
248347.0,3749383,python,[JIT],0x0000ef595c1f84a8
248347.0,3749543,python,[JIT],0x0000f0a3d1906700
248347.0,3749543,python,[JIT],0x0000f0a3d1972790
248347.0,3749543,python,[JIT],0x0000f0a3d1cd202c
248347.0,3749543,python,[JIT],0x0000f0a3d1cd5184
248347.0,3749543,python,[JIT],0x0000f0a3d1cd9afc
248347.0,3749336,python,[JIT],0x0000e82e995b5a6c
248347.0,3749336,python,[JIT],0x0000e82e995b7048
248347.0,3749336,python,[JIT],0x0000e82e995fdf34
248347.0,3749336,python,[JIT],0x0000e82e99e411a0
248347.0,3749336,python,[JIT],0x0000e82e99e47028
248347.0,3749336,python,[JIT],0x0000e82e99e47370
248347.0,3749336,python,[JIT],0x0000e82e99e47658
248347.0,3749336,python,[JIT],0x0000e82e99ef5eac
248347.0,3749336,python,[JIT],0x0000e82e99ef65dc
248347.0,3749336,python,[JIT],0x0000e82e99efd1b8
248347.0,3749543,python,python,PyMem_Malloc
248347.0,3749336,python,python,analyze_descriptor_load.constprop.0
248347.0,3749336,python,[JIT],0x0000e82e995fe570
248347.0,3749336,python,[JIT],0x0000e82e99e473c0
248347.0,3749336,python,[JIT],0x0000e82e99e476d8
248346.0,3749208,python,[JIT],0x0000e7243c807cf4
248346.0,3749586,python,[JIT],0x0000f45d965711f4
248346.0,3749586,python,[JIT],0x0000f45d965b10dc
248346.0,3749586,python,[JIT],0x0000f45d96e1c14c
248346.0,3749586,python,[JIT],0x0000f45d96ec2324
248346.0,3749586,python,[JIT],0x0000f45d96e17930
248346.0,3749240,python,[JIT],0x0000ee2d4ca220bc
248346.0,3749240,python,[JIT],0x0000ee2d4d0fd21c
248346.0,3749543,python,[JIT],0x0000f0a3d18fe998
248346.0,3749543,python,[JIT],0x0000f0a3d1cd8050
248346.0,3749543,python,[JIT],0x0000f0a3d1d87a04
248346.0,3749543,python,[JIT],0x0000f0a3d1db7480
248346.0,3749336,python,[JIT],0x0000e82e9955804c
248346.0,3749336,python,[JIT],0x0000e82e9955e05c
248346.0,3749336,python,[JIT],0x0000e82e99e0f318
248346.0,3749336,python,[JIT],0x0000e82e99e410fc
248346.0,3749336,python,[JIT],0x0000e82e99e430b8
248346.0,3749336,python,[JIT],0x0000e82e99e43638
248346.0,3749336,python,[JIT],0x0000e82e99e44a8c
248346.0,3749336,python,[JIT],0x0000e82e99e47d08
248346.0,3749336,python,[JIT],0x0000e82e99e492f0
248346.0,3749336,python,[JIT],0x0000e82e99ef234c
248346.0,3749336,python,[JIT],0x0000e82e99ef5924
248346.0,3749336,python,[JIT],0x0000e82e99ef5ae0
248346.0,3749336,python,[JIT],0x0000e82e99ef5d5c
248346.0,3749336,python,[JIT],0x0000e82e99f25044
248346.0,3749336,python,python,_PyJIT_Compile
248346.0,3749463,python,[JIT],0x0000e07d3f93b3dc
248345.0,3749208,python,python,_PyObject_MakeTpCall
248345.0,3749208,python,[JIT],0x0000e7243bf79f20
248345.0,3749586,python,[JIT],0x0000f45d965173a8
248345.0,3749586,python,[JIT],0x0000f45d96afc190
248345.0,3749586,python,[JIT],0x0000f45d96e1c254
248345.0,3749586,python,[JIT],0x0000f45d96e1c3f4
248345.0,3749240,python,[JIT],0x0000ee2d4ca52688
248345.0,3749383,python,[JIT],0x0000ef595c1f4034
248345.0,3749543,python,[JIT],0x0000f0a3d1906ecc
248345.0,3749543,python,[JIT],0x0000f0a3d1934968
248345.0,3749543,python,[JIT],0x0000f0a3d1d899a0
248345.0,3749336,python,[JIT],0x0000e82e99527790
248345.0,3749336,python,[JIT],0x0000e82e9958c8c0
248345.0,3749336,python,[JIT],0x0000e82e995b189c
248345.0,3749336,python,[JIT],0x0000e82e995b38b0
248345.0,3749336,python,[JIT],0x0000e82e995f21a8
248345.0,3749336,python,[JIT],0x0000e82e995fd074
248345.0,3749336,python,[JIT],0x0000e82e99e0f10c
248345.0,3749336,python,[JIT],0x0000e82e99e43528
248345.0,3749336,python,[JIT],0x0000e82e99e49230
248345.0,3749336,python,[JIT],0x0000e82e99e49cc0
248345.0,3749336,python,[JIT],0x0000e82e99e4a71c
248345.0,3749336,python,[JIT],0x0000e82e99e4e748
248345.0,3749463,python,[JIT],0x0000e07d3f9e2a20
248345.0,3749463,python,[JIT],0x0000e07d3f9e9358
248345.0,3749336,python,[JIT],0x0000e82e99e4e148
248345.0,3749336,python,[JIT],0x0000e82e99ef5418
248345.0,3749336,python,[JIT],0x0000e82e99ef9028
248345.0,3749463,python,[JIT],0x0000e07d3f9e6d1c
248344.0,3749208,python,[JIT],0x0000e7243c8b1334
248344.0,3749586,python,[JIT],0x0000f45d965792e8
248344.0,3749586,python,[JIT],0x0000f45d96e1c1f0
248344.0,3749586,python,[JIT],0x0000f45d96af8644
248344.0,3749240,python,[JIT],0x0000ee2d4ca5d540
248344.0,3749543,python,[JIT],0x0000f0a3d190611c
248344.0,3749543,python,[JIT],0x0000f0a3d1cd34e0
248344.0,3749543,python,[JIT],0x0000f0a3d1cd5408
248344.0,3749543,python,[JIT],0x0000f0a3d1d8a004
248344.0,3749543,python,[JIT],0x0000f0a3d1d8b32c
248344.0,3749543,python,[JIT],0x0000f0a3d1d8ce1c
248344.0,3749336,python,[JIT],0x0000e82e9958cc00
248344.0,3749336,python,[JIT],0x0000e82e995b8a64
248344.0,3749336,python,[JIT],0x0000e82e995fe334
248344.0,3749336,python,[JIT],0x0000e82e99e41a24
248344.0,3749336,python,[JIT],0x0000e82e99e432d0
248344.0,3749336,python,[JIT],0x0000e82e99e49a6c
248344.0,3749336,python,[JIT],0x0000e82e99efb020
248344.0,3749463,python,[JIT],0x0000e07d3f936808
248344.0,3749336,python,[kernel.kallsyms],perf_iterate_ctx
248344.0,3749336,python,[JIT],0x0000e82e99ef5d20
248344.0,3749336,python,[JIT],0x0000e82e99ef5d38
248344.0,3749463,python,[JIT],0x0000e07d3f9e171c
248343.0,3749208,python,[JIT],0x0000e7243c8bb250
248343.0,3749586,python,[JIT],0x0000f45d96545238
248343.0,3749586,python,[JIT],0x0000f45d96af8568
248343.0,3749586,python,[JIT],0x0000f45d96e127c8
248343.0,3749586,python,[JIT],0x0000f45d96e19418
248343.0,3749586,python,[JIT],0x0000f45d96ec2198
248343.0,3749240,python,[JIT],0x0000ee2d4d0fc460
248343.0,3749240,python,[JIT],0x0000ee2d4d3a2d58
248343.0,3749543,python,python,optimize_uops.isra.0
248343.0,3749543,python,[JIT],0x0000f0a3d1935cbc
248343.0,3749543,python,[JIT],0x0000f0a3d1cd65ac
248343.0,3749543,python,[JIT],0x0000f0a3d1cd9490
248343.0,3749543,python,[JIT],0x0000f0a3d1d844c4
248343.0,3749543,python,[JIT],0x0000f0a3d1d88340
248343.0,3749336,python,[JIT],0x0000e82e99584ad8
248343.0,3749336,python,[JIT],0x0000e82e995b7394
248343.0,3749336,python,[JIT],0x0000e82e995b93ec
248343.0,3749336,python,[JIT],0x0000e82e99e41304
248343.0,3749336,python,[JIT],0x0000e82e99e43140
248343.0,3749336,python,[JIT],0x0000e82e99e440e8
248343.0,3749336,python,[JIT],0x0000e82e99e4a6a4
248343.0,3749336,python,[JIT],0x0000e82e99ef4178
248343.0,3749543,python,[JIT],0x0000f0a3d1cd9718
248343.0,3749463,python,[JIT],0x0000e07d3f9351f8
248343.0,3749336,python,[JIT],0x0000e82e99e41328
248343.0,3749336,python,[JIT],0x0000e82e99e4d0b0
248343.0,3749463,python,[JIT],0x0000e07d3f034174
248342.0,3749208,python,libc.so.6,_int_free
248342.0,3749208,python,[JIT],0x0000e7243c8b728c
248342.0,3749240,python,[JIT],0x0000ee2d4d0ec174
248342.0,3749240,python,[JIT],0x0000ee2d4d2be2f0
248342.0,3749543,python,[JIT],0x0000f0a3d1cd5514
248342.0,3749543,python,[JIT],0x0000f0a3d1d843f8
248342.0,3749543,python,[JIT],0x0000f0a3d1d88ad8
248342.0,3749336,python,[JIT],0x0000e82e9952b224
248342.0,3749336,python,[JIT],0x0000e82e995b78c4
248342.0,3749336,python,[JIT],0x0000e82e995f3cfc
248342.0,3749336,python,[JIT],0x0000e82e99e0f340
248342.0,3749463,python,[JIT],0x0000e07d3f93b26c
248342.0,3749336,python,libc.so.6,__memset_zva64
248342.0,3749336,python,[JIT],0x0000e82e99e47230
248342.0,3749463,python,[JIT],0x0000e07d3f0d6520
248342.0,3749463,python,[JIT],0x0000e07d3f0d6ee4
248342.0,3749463,python,[JIT],0x0000e07d3f6f9094
248342.0,3749463,python,[JIT],0x0000e07d3f9e6980
248341.0,3749586,python,[JIT],0x0000f45d96e1cc14
248341.0,3749586,python,[JIT],0x0000f45d96e1605c
248341.0,3749240,python,[JIT],0x0000ee2d4d3a2b00
248341.0,3749543,python,python,builtin_callable
248341.0,3749543,python,[JIT],0x0000f0a3d1cd3118
248341.0,3749543,python,[JIT],0x0000f0a3d1db7050
248341.0,3749336,python,[JIT],0x0000e82e9955131c
248341.0,3749336,python,[JIT],0x0000e82e995b7478
248341.0,3749336,python,[JIT],0x0000e82e995f8164
248341.0,3749336,python,[JIT],0x0000e82e995fe168
248341.0,3749336,python,[JIT],0x0000e82e99e0f07c
248341.0,3749336,python,[JIT],0x0000e82e99e471c0
248341.0,3749543,python,[JIT],0x0000f0a3d1cdb234
248341.0,3749543,python,[JIT],0x0000f0a3d1d8433c
248341.0,3749463,python,[JIT],0x0000e07d3f9e1da8
248341.0,3749463,python,libc.so.6,_int_free
248341.0,3749463,python,[JIT],0x0000e07d3f93169c
248340.0,3749208,python,[JIT],0x0000e7243bf75b9c
248340.0,3749586,python,[JIT],0x0000f45d9654e1a8
248340.0,3749586,python,[JIT],0x0000f45d96af82a0
248340.0,3749586,python,[JIT],0x0000f45d96afe124
248340.0,3749586,python,[JIT],0x0000f45d96e1743c
248340.0,3749586,python,[JIT],0x0000f45d96e178f8
248340.0,3749586,python,[JIT],0x0000f45d96e1c38c
248340.0,3749586,python,[JIT],0x0000f45d96ec1028
248340.0,3749586,python,[JIT],0x0000f45d96ec21dc
248340.0,3749240,python,[JIT],0x0000ee2d4d2fcb74
248340.0,3749543,python,[JIT],0x0000f0a3d13f10f4
248340.0,3749543,python,[JIT],0x0000f0a3d1d860dc
248340.0,3749336,python,python,_PyObject_VectorcallDictTstate
248340.0,3749336,python,[JIT],0x0000e82e995811a0
248340.0,3749336,python,[JIT],0x0000e82e995872a4
248340.0,3749336,python,[JIT],0x0000e82e995b51b8
248340.0,3749336,python,[JIT],0x0000e82e995b9704
248340.0,3749336,python,[JIT],0x0000e82e99e49f74
248340.0,3749336,python,[JIT],0x0000e82e99e4e3f8
248340.0,3749336,python,[JIT],0x0000e82e99ef29e8
248340.0,3749336,python,[JIT],0x0000e82e99ef500c
248340.0,3749336,python,[JIT],0x0000e82e99ef5b54
248340.0,3749336,python,[JIT],0x0000e82e99ef81a0
248340.0,3749336,python,[JIT],0x0000e82e99e41984
248340.0,3749336,python,[JIT],0x0000e82e99ef9150
248340.0,3749336,python,[JIT],0x0000e82e99ef997c
248339.0,3749208,python,python,_PyObject_VectorcallDictTstate
248339.0,3749208,python,python,set_update_local
248339.0,3749208,python,[JIT],0x0000e7243c4ee5d4
248339.0,3749208,python,[JIT],0x0000e7243c8b7500
248339.0,3749208,python,[JIT],0x0000e7243c8b8d34
248339.0,3749586,python,[kernel.kallsyms],perf_event_mmap
248339.0,3749586,python,[JIT],0x0000f45d96575dc8
248339.0,3749586,python,[JIT],0x0000f45d96579f90
248339.0,3749586,python,[JIT],0x0000f45d9657bc60
248339.0,3749240,python,[JIT],0x0000ee2d4d3a5388
248339.0,3749240,python,[JIT],0x0000ee2d4ca5c50c
248339.0,3749383,python,python,dict_values
248339.0,3749543,python,[JIT],0x0000f0a3d18ed3c4
248339.0,3749543,python,[JIT],0x0000f0a3d19731f8
248339.0,3749543,python,[JIT],0x0000f0a3d1cd26d8
248339.0,3749543,python,[JIT],0x0000f0a3d1cd64d4
248339.0,3749543,python,[JIT],0x0000f0a3d1cd8124
248339.0,3749543,python,[JIT],0x0000f0a3d1d8b248
248339.0,3749336,python,[JIT],0x0000e82e995526a0
248339.0,3749336,python,[JIT],0x0000e82e9958cf2c
248339.0,3749336,python,[JIT],0x0000e82e995b1384
248339.0,3749336,python,[JIT],0x0000e82e995b2074
248339.0,3749336,python,[JIT],0x0000e82e995b5540
248339.0,3749336,python,[JIT],0x0000e82e995b9928
248339.0,3749336,python,[JIT],0x0000e82e99e43264
248339.0,3749336,python,[JIT],0x0000e82e99e493ec
248339.0,3749336,python,[JIT],0x0000e82e99ef512c
248339.0,3749336,python,[JIT],0x0000e82e99ef8044
248339.0,3749336,python,[JIT],0x0000e82e99f29124
248339.0,3749543,python,[JIT],0x0000f0a3d1d81184
248339.0,3749463,python,[JIT],0x0000e07d3f6f8b44
248339.0,3749463,python,[JIT],0x0000e07d3f933340
248339.0,3749336,python,[kernel.kallsyms],security_mmap_file
248339.0,3749336,python,[JIT],0x0000e82e99e0f580
248338.0,3749208,python,[JIT],0x0000e7243bf460bc
248338.0,3749208,python,[JIT],0x0000e7243bf7d2c0
248338.0,3749208,python,[JIT],0x0000e7243c8e3524
248338.0,3749586,python,[JIT],0x0000f45d96dde844
248338.0,3749240,python,[JIT],0x0000ee2d4d2f1f54
248338.0,3749240,python,[JIT],0x0000ee2d4d2f7044
248338.0,3749240,python,[JIT],0x0000ee2d4d2f70b4
248338.0,3749240,python,[JIT],0x0000ee2d4d0f2e34
248338.0,3749240,python,[JIT],0x0000ee2d4d2be1d0
248338.0,3749543,python,[JIT],0x0000f0a3d1909ca8
248338.0,3749543,python,[JIT],0x0000f0a3d190d2e8
248338.0,3749543,python,[JIT],0x0000f0a3d19721b0
248338.0,3749543,python,[JIT],0x0000f0a3d19741d0
248338.0,3749543,python,[JIT],0x0000f0a3d1cd9178
248338.0,3749543,python,[JIT],0x0000f0a3d1d84230
248338.0,3749336,python,python,_PyObject_TryGetInstanceAttribute
248338.0,3749336,python,[JIT],0x0000e82e99589e58
248338.0,3749336,python,[JIT],0x0000e82e9958c4c8
248338.0,3749336,python,[JIT],0x0000e82e995b1958
248338.0,3749336,python,[JIT],0x0000e82e995b1e84
248338.0,3749336,python,[JIT],0x0000e82e995fd520
248338.0,3749336,python,[JIT],0x0000e82e99e43678
248338.0,3749336,python,[JIT],0x0000e82e99e492d4
248338.0,3749336,python,[JIT],0x0000e82e99ef2088
248338.0,3749336,python,[JIT],0x0000e82e99efa3b0
248338.0,3749463,python,[JIT],0x0000e07d3f933b70
248338.0,3749336,python,python,pysiphash
248338.0,3749336,python,[JIT],0x0000e82e99e41324
248338.0,3749463,python,[JIT],0x0000e07d3f6f00f0
248338.0,3749463,python,[JIT],0x0000e07d3f9e57f4
248337.0,3749208,python,libc.so.6,cfree@GLIBC_2.17
248337.0,3749208,python,[JIT],0x0000e7243c8b9724
248337.0,3749208,python,[JIT],0x0000e7243c8bb410
248337.0,3749586,python,[JIT],0x0000f45d965b9830
248337.0,3749586,python,[JIT],0x0000f45d96e11998
248337.0,3749240,python,[JIT],0x0000ee2d4ca5d36c
248337.0,3749543,python,[JIT],0x0000f0a3d1909054
248337.0,3749543,python,[JIT],0x0000f0a3d1cd98cc
248337.0,3749543,python,[JIT],0x0000f0a3d1d8cae8
248337.0,3749336,python,[JIT],0x0000e82e9955b8d0
248337.0,3749336,python,[JIT],0x0000e82e9958c960
248337.0,3749336,python,[JIT],0x0000e82e9958cc9c
248337.0,3749336,python,[JIT],0x0000e82e995b1108
248337.0,3749336,python,[JIT],0x0000e82e995b113c
248337.0,3749336,python,[JIT],0x0000e82e995b11f4
248337.0,3749336,python,[JIT],0x0000e82e995b305c
248337.0,3749336,python,[JIT],0x0000e82e99aeb094
248337.0,3749336,python,[JIT],0x0000e82e99aeb3b8
248337.0,3749336,python,[JIT],0x0000e82e99e41188
248337.0,3749336,python,[JIT],0x0000e82e99e44618
248337.0,3749336,python,[JIT],0x0000e82e99e4766c
248337.0,3749336,python,[JIT],0x0000e82e99e47718
248337.0,3749336,python,[JIT],0x0000e82e99e479c0
248337.0,3749336,python,[JIT],0x0000e82e99ef5148
248337.0,3749336,python,[JIT],0x0000e82e99ef5a3c
248337.0,3749336,python,[JIT],0x0000e82e99ef6998
248337.0,3749336,python,[JIT],0x0000e82e99ef8134
248337.0,3749336,python,[JIT],0x0000e82e99ef9370
248337.0,3749463,python,[JIT],0x0000e07d3f9338d0
248337.0,3749463,python,[JIT],0x0000e07d3fa1103c
248337.0,3749336,python,python,PySequence_Tuple
248337.0,3749336,python,python,Py_HashBuffer
248337.0,3749336,python,[JIT],0x0000e82e99e476c4
248337.0,3749336,python,[JIT],0x0000e82e99ef4140
248337.0,3749336,python,[JIT],0x0000e82e99efa6b0
248337.0,3749463,python,[JIT],0x0000e07d3f0da0a8
248337.0,3749463,python,[JIT],0x0000e07d3f933a60
248337.0,3749463,python,[JIT],0x0000e07d3f9e41dc
248336.0,3749208,python,libc.so.6,malloc
248336.0,3749208,python,[JIT],0x0000e7243bf4711c
248336.0,3749208,python,[JIT],0x0000e7243c8b1188
248336.0,3749586,python,[kernel.kallsyms],vm_unmapped_area
248336.0,3749586,python,[JIT],0x0000f45d96575954
248336.0,3749586,python,[JIT],0x0000f45d9657c400
248336.0,3749586,python,[JIT],0x0000f45d96dde58c
248336.0,3749586,python,[JIT],0x0000f45d96ddec4c
248336.0,3749586,python,[JIT],0x0000f45d96e12f58
248336.0,3749586,python,[JIT],0x0000f45d96e12744
248336.0,3749240,python,[JIT],0x0000ee2d4d0fc680
248336.0,3749240,python,[JIT],0x0000ee2d4ca2a338
248336.0,3749240,python,[JIT],0x0000ee2d4d0fa030
248336.0,3749240,python,[JIT],0x0000ee2d4d2f2680
248336.0,3749240,python,[JIT],0x0000ee2d4d3a244c
248336.0,3749543,python,[JIT],0x0000f0a3d13fe2f8
248336.0,3749543,python,[JIT],0x0000f0a3d190e560
248336.0,3749336,python,[JIT],0x0000e82e99527ee0
248336.0,3749336,python,[JIT],0x0000e82e9955b43c
248336.0,3749336,python,[JIT],0x0000e82e9958c438
248336.0,3749336,python,[JIT],0x0000e82e995b1e0c
248336.0,3749336,python,[JIT],0x0000e82e995b80cc
248336.0,3749336,python,[JIT],0x0000e82e995fe678
248336.0,3749336,python,[JIT],0x0000e82e99e41a88
248336.0,3749336,python,[JIT],0x0000e82e99e4e38c
248336.0,3749336,python,[JIT],0x0000e82e99ef5cc4
248336.0,3749336,python,[JIT],0x0000e82e99ef5d10
248336.0,3749336,python,[JIT],0x0000e82e99ef8174
248336.0,3749543,python,[JIT],0x0000f0a3d1cdc3d0
248336.0,3749336,python,[JIT],0x0000e82e99e47b6c
248336.0,3749336,python,[JIT],0x0000e82e99e4ebc4
248336.0,3749463,python,[JIT],0x0000e07d3f6f02dc
248336.0,3749463,python,[JIT],0x0000e07d3f6f05a4
248336.0,3749463,python,[JIT],0x0000e07d3f935468
248336.0,3749463,python,[JIT],0x0000e07d3f9e91ac
248335.0,3749208,python,[JIT],0x0000e7243bf47818
248335.0,3749586,python,[JIT],0x0000f45d96ec22dc
248335.0,3749240,python,[JIT],0x0000ee2d4ca2e5f8
248335.0,3749240,python,[JIT],0x0000ee2d4d0f9030
248335.0,3749240,python,[JIT],0x0000ee2d4d2fd828
248335.0,3749543,python,[JIT],0x0000f0a3d190a19c
248335.0,3749543,python,[JIT],0x0000f0a3d197b42c
248335.0,3749543,python,[JIT],0x0000f0a3d1cdb4c0
248335.0,3749543,python,[JIT],0x0000f0a3d1d86120
248335.0,3749336,python,python,_Py_BuiltinCallFastWithKeywords_StackRef
248335.0,3749336,python,python,list_slice_wrap
248335.0,3749336,python,[JIT],0x0000e82e99587384
248335.0,3749336,python,[JIT],0x0000e82e995b8958
248335.0,3749336,python,[JIT],0x0000e82e995b8e68
248335.0,3749336,python,[JIT],0x0000e82e99e0f1b4
248335.0,3749336,python,[JIT],0x0000e82e99e41200
248335.0,3749336,python,[JIT],0x0000e82e99e431dc
248335.0,3749336,python,[JIT],0x0000e82e99e44078
248335.0,3749336,python,[JIT],0x0000e82e99e47078
248335.0,3749336,python,[JIT],0x0000e82e99e47748
248335.0,3749336,python,[JIT],0x0000e82e99e47940
248335.0,3749336,python,[JIT],0x0000e82e99e49004
248335.0,3749336,python,[JIT],0x0000e82e99ef5b78
248335.0,3749336,python,[JIT],0x0000e82e99ef5c74
248335.0,3749543,python,python,_PyFunction_SetVersion
248335.0,3749543,python,[JIT],0x0000f0a3d1d8a284
248335.0,3749336,python,[JIT],0x0000e82e99ef821c
248335.0,3749336,python,[JIT],0x0000e82e99ef932c
248335.0,3749463,python,[kernel.kallsyms],ext4_inode_csum
248335.0,3749463,python,[JIT],0x0000e07d3f09ccd0
248334.0,3749586,python,python,PyObject_SetAttr
248334.0,3749240,python,[JIT],0x0000ee2d4d2f1e0c
248334.0,3749240,python,[JIT],0x0000ee2d4d3a5144
248334.0,3749240,python,[JIT],0x0000ee2d4d2fc2ac
248334.0,3749240,python,[JIT],0x0000ee2d4d3a2618
248334.0,3749383,python,python,PyObject_GenericSetAttr
248334.0,3749543,python,[JIT],0x0000f0a3d13f6438
248334.0,3749543,python,[JIT],0x0000f0a3d190cf98
248334.0,3749543,python,[JIT],0x0000f0a3d1cd90e4
248334.0,3749543,python,[JIT],0x0000f0a3d1d82394
248334.0,3749336,python,[JIT],0x0000e82e995b5694
248334.0,3749336,python,[JIT],0x0000e82e995b5918
248334.0,3749336,python,[JIT],0x0000e82e995b70f8
248334.0,3749336,python,[JIT],0x0000e82e995f3740
248334.0,3749336,python,[JIT],0x0000e82e995fd398
248334.0,3749336,python,[JIT],0x0000e82e995fe134
248334.0,3749336,python,[JIT],0x0000e82e995fe800
248334.0,3749336,python,[JIT],0x0000e82e99e43538
248334.0,3749336,python,[JIT],0x0000e82e99e479d0
248334.0,3749336,python,[JIT],0x0000e82e99ef532c
248334.0,3749336,python,[JIT],0x0000e82e99ef5a38
248334.0,3749463,python,python,PyMem_Realloc
248334.0,3749463,python,[JIT],0x0000e07d3f9e14b4
248334.0,3749336,python,python,PyObject_RichCompareBool
248334.0,3749463,python,[JIT],0x0000e07d3f06e208
248334.0,3749463,python,[JIT],0x0000e07d3f099e58
248334.0,3749463,python,[JIT],0x0000e07d3f0d10f4
248334.0,3749463,python,[JIT],0x0000e07d3f93b144
248334.0,3749463,python,[JIT],0x0000e07d3f93bb2c
248333.0,3749208,python,[JIT],0x0000e7243bf477fc
248333.0,3749208,python,[JIT],0x0000e7243c8b3b40
248333.0,3749586,python,[JIT],0x0000f45d96af2548
248333.0,3749586,python,[JIT],0x0000f45d96af26c4
248333.0,3749586,python,[JIT],0x0000f45d96af4b80
248333.0,3749586,python,[JIT],0x0000f45d96af813c
248333.0,3749586,python,[JIT],0x0000f45d96ec132c
248333.0,3749240,python,[JIT],0x0000ee2d4ca512d4
248333.0,3749240,python,[JIT],0x0000ee2d4ca5a374
248333.0,3749240,python,[JIT],0x0000ee2d4d0fc36c
248333.0,3749240,python,[JIT],0x0000ee2d4d2f960c
248333.0,3749383,python,[JIT],0x0000ef595c1f83bc
248333.0,3749543,python,[JIT],0x0000f0a3d1cd3370
248333.0,3749543,python,[JIT],0x0000f0a3d1cdb6a4
248333.0,3749543,python,[JIT],0x0000f0a3d1d87b64
248333.0,3749336,python,[JIT],0x0000e82e9955bc30
248333.0,3749336,python,[JIT],0x0000e82e99582200
248333.0,3749336,python,[JIT],0x0000e82e99587468
248333.0,3749336,python,[JIT],0x0000e82e9958d154
248333.0,3749336,python,[JIT],0x0000e82e995b56d0
248333.0,3749336,python,[JIT],0x0000e82e995b95e4
248333.0,3749336,python,[JIT],0x0000e82e995fd1b0
248333.0,3749336,python,[JIT],0x0000e82e99e0f030
248333.0,3749336,python,[JIT],0x0000e82e99e0f464
248333.0,3749336,python,[JIT],0x0000e82e99e4adb4
248333.0,3749336,python,[JIT],0x0000e82e99e4e07c
248333.0,3749336,python,[JIT],0x0000e82e99e4e6cc
248333.0,3749336,python,[JIT],0x0000e82e99ef80d0
248333.0,3749543,python,[JIT],0x0000f0a3d1d87c54
248333.0,3749543,python,[JIT],0x0000f0a3d1d8d97c
248333.0,3749336,python,[JIT],0x0000e82e99e48828
248333.0,3749336,python,[JIT],0x0000e82e99ef6858
248333.0,3749463,python,[JIT],0x0000e07d3f6f564c
248333.0,3749463,python,[JIT],0x0000e07d3f6f8854
248333.0,3749463,python,[JIT],0x0000e07d3f933ba8
248333.0,3749463,python,[JIT],0x0000e07d3f936520
248333.0,3749463,python,[JIT],0x0000e07d3f9e5840
248332.0,3749208,python,[JIT],0x0000e7243bf47b78
248332.0,3749586,python,[JIT],0x0000f45d96541258
248332.0,3749586,python,[JIT],0x0000f45d965b18a8
248332.0,3749586,python,[JIT],0x0000f45d965ba5a8
248332.0,3749586,python,[JIT],0x0000f45d96e1cd04
248332.0,3749586,python,[JIT],0x0000f45d96ec50c4
248332.0,3749586,python,python,PyMem_Free
248332.0,3749586,python,[JIT],0x0000f45d96af0160
248332.0,3749240,python,[JIT],0x0000ee2d4ca935d8
248332.0,3749543,python,[JIT],0x0000f0a3d197c774
248332.0,3749336,python,[JIT],0x0000e82e995895b4
248332.0,3749336,python,[JIT],0x0000e82e9958c1cc
248332.0,3749336,python,[JIT],0x0000e82e995b10fc
248332.0,3749336,python,[JIT],0x0000e82e995b7888
248332.0,3749336,python,[JIT],0x0000e82e995b9c48
248332.0,3749336,python,[JIT],0x0000e82e99aeb0a4
248332.0,3749336,python,[JIT],0x0000e82e99e410a8
248332.0,3749336,python,[JIT],0x0000e82e99e41158
248332.0,3749336,python,[JIT],0x0000e82e99e4725c
248332.0,3749336,python,[JIT],0x0000e82e99e4d48c
248332.0,3749336,python,[JIT],0x0000e82e99e4eb34
248332.0,3749336,python,[JIT],0x0000e82e99ef2a24
248332.0,3749336,python,[JIT],0x0000e82e99ef9608
248332.0,3749336,python,[JIT],0x0000e82e99efa81c
248332.0,3749543,python,[JIT],0x0000f0a3d1d8415c
248332.0,3749463,python,python,_PyObject_GetMethodStackRef
248332.0,3749463,python,[kernel.kallsyms],__perf_addr_filters_adjust
248332.0,3749336,python,[JIT],0x0000e82e99e473bc
248332.0,3749336,python,[JIT],0x0000e82e99ef5dd8
248332.0,3749463,python,[JIT],0x0000e07d3f93bc28
248332.0,3749463,python,[JIT],0x0000e07d3f93db08
248332.0,3749463,python,[JIT],0x0000e07d3f93db40
248332.0,3749463,python,[JIT],0x0000e07d3f9e66dc
248331.0,3749208,python,[JIT],0x0000e7243c801170
248331.0,3749208,python,[JIT],0x0000e7243c8b4a94
248331.0,3749208,python,[JIT],0x0000e7243c8b91b8
248331.0,3749586,python,[JIT],0x0000f45d9657c6c8
248331.0,3749586,python,[JIT],0x0000f45d9657d0ec
248331.0,3749586,python,[JIT],0x0000f45d96e1298c
248331.0,3749586,python,[JIT],0x0000f45d96e17b38
248331.0,3749586,python,[JIT],0x0000f45d96ddeb70
248331.0,3749240,python,[JIT],0x0000ee2d4d2f920c
248331.0,3749240,python,[JIT],0x0000ee2d4d2fd0e0
248331.0,3749240,python,[JIT],0x0000ee2d4ca5949c
248331.0,3749240,python,[JIT],0x0000ee2d4ca914b0
248331.0,3749240,python,[JIT],0x0000ee2d4d3a230c
248331.0,3749383,python,[JIT],0x0000ef595c1f84d4
248331.0,3749543,python,python,set_vectorcall
248331.0,3749543,python,[JIT],0x0000f0a3d197b1ac
248331.0,3749543,python,[JIT],0x0000f0a3d1d841a8
248331.0,3749543,python,[JIT],0x0000f0a3d1d87df0
248331.0,3749336,python,[JIT],0x0000e82e9958969c
248331.0,3749336,python,[JIT],0x0000e82e995b8864
248331.0,3749336,python,[JIT],0x0000e82e995b9c24
248331.0,3749336,python,[JIT],0x0000e82e99e41208
248331.0,3749336,python,[JIT],0x0000e82e99e434e8
248331.0,3749336,python,[JIT],0x0000e82e99e47508
248331.0,3749336,python,[JIT],0x0000e82e99e4762c
248331.0,3749336,python,[JIT],0x0000e82e99e498f0
248331.0,3749336,python,[JIT],0x0000e82e99e4e040
248331.0,3749336,python,[JIT],0x0000e82e99e4e550
248331.0,3749336,python,[JIT],0x0000e82e99ef1280
248331.0,3749336,python,[JIT],0x0000e82e99ef536c
248331.0,3749336,python,[JIT],0x0000e82e99efd04c
248331.0,3749336,python,[JIT],0x0000e82e99f29080
248331.0,3749543,python,python,_PyUnicode_Equal
248331.0,3749543,python,[JIT],0x0000f0a3d1cd9e20
248331.0,3749463,python,[JIT],0x0000e07d3f9e1eb0
248331.0,3749463,python,[JIT],0x0000e07d3f9e503c
248331.0,3749463,python,[JIT],0x0000e07d3f9e91e8
248331.0,3749336,python,[JIT],0x0000e82e99efd118
248331.0,3749463,python,[JIT],0x0000e07d3f0d61b8
248331.0,3749463,python,[JIT],0x0000e07d3f9e99c0
248330.0,3749208,python,[JIT],0x0000e7243c80cc5c
248330.0,3749586,python,[JIT],0x0000f45d965791e0
248330.0,3749586,python,[JIT],0x0000f45d96af8180
248330.0,3749586,python,[JIT],0x0000f45d96e1c514
248330.0,3749240,python,[JIT],0x0000ee2d4d2f9120
248330.0,3749240,python,[JIT],0x0000ee2d4d2fcc14
248330.0,3749240,python,[JIT],0x0000ee2d4d2fd7a8
248330.0,3749543,python,[JIT],0x0000f0a3d1972868
248330.0,3749543,python,[JIT],0x0000f0a3d19785bc
248330.0,3749543,python,[JIT],0x0000f0a3d197b24c
248330.0,3749543,python,[JIT],0x0000f0a3d1cdbe7c
248330.0,3749543,python,[JIT],0x0000f0a3d1d84174
248330.0,3749543,python,[JIT],0x0000f0a3d1d8c6c8
248330.0,3749336,python,[JIT],0x0000e82e995b11c0
248330.0,3749336,python,[JIT],0x0000e82e995f774c
248330.0,3749336,python,[JIT],0x0000e82e99e47f04
248330.0,3749336,python,[JIT],0x0000e82e99e49c04
248330.0,3749336,python,[JIT],0x0000e82e99e4a248
248330.0,3749336,python,[JIT],0x0000e82e99e4e0f8
248330.0,3749336,python,[JIT],0x0000e82e99e4e1e0
248330.0,3749336,python,[JIT],0x0000e82e99ef4040
248330.0,3749336,python,[JIT],0x0000e82e99ef59fc
248330.0,3749336,python,[JIT],0x0000e82e99ef5b68
248330.0,3749336,python,[JIT],0x0000e82e99ef952c
248330.0,3749336,python,[JIT],0x0000e82e99efd4ac
248330.0,3749463,python,[JIT],0x0000e07d3f06d998
248330.0,3749463,python,[JIT],0x0000e07d3f6f426c
248330.0,3749463,python,[JIT],0x0000e07d3f9330f0
248330.0,3749463,python,[JIT],0x0000e07d3f9e10d4
248330.0,3749463,python,[JIT],0x0000e07d3fa15004
248329.0,3749208,python,[JIT],0x0000e7243bee9a24
248329.0,3749208,python,[JIT],0x0000e7243c8e7010
248329.0,3749586,python,[JIT],0x0000f45d96e12858
248329.0,3749240,python,python,PyMethod_New
248329.0,3749240,python,[JIT],0x0000ee2d4d3a59cc
248329.0,3749240,python,[JIT],0x0000ee2d4d0f34d8
248329.0,3749240,python,[JIT],0x0000ee2d4d2f733c
248329.0,3749240,python,[JIT],0x0000ee2d4d2ff0f4
248329.0,3749543,python,[JIT],0x0000f0a3d19795e0
248329.0,3749543,python,[JIT],0x0000f0a3d1979808
248329.0,3749543,python,[JIT],0x0000f0a3d1cd208c
248329.0,3749543,python,[JIT],0x0000f0a3d1cd29d8
248329.0,3749543,python,[JIT],0x0000f0a3d1cd8150
248329.0,3749543,python,[JIT],0x0000f0a3d1d872a4
248329.0,3749543,python,[JIT],0x0000f0a3d1d8812c
248329.0,3749336,python,[JIT],0x0000e82e995874c4
248329.0,3749336,python,[JIT],0x0000e82e99e0f43c
248329.0,3749336,python,[JIT],0x0000e82e99e4355c
248329.0,3749336,python,[JIT],0x0000e82e99e44358
248329.0,3749336,python,[JIT],0x0000e82e99e47e3c
248329.0,3749336,python,[JIT],0x0000e82e99ef5170
248329.0,3749336,python,[JIT],0x0000e82e99ef5d68
248329.0,3749336,python,[JIT],0x0000e82e99ef507c
248329.0,3749463,python,[JIT],0x0000e07d3f0932fc
248329.0,3749463,python,[JIT],0x0000e07d3f0d4bdc
248329.0,3749463,python,[JIT],0x0000e07d3f6fc664
248328.0,3749208,python,[JIT],0x0000e7243beec9bc
248328.0,3749208,python,[JIT],0x0000e7243c80b0a4
248328.0,3749586,python,[JIT],0x0000f45d9654c85c
248328.0,3749586,python,[JIT],0x0000f45d96e1e9ac
248328.0,3749586,python,[JIT],0x0000f45d96ec51d8
248328.0,3749240,python,[kernel.kallsyms],__begin_current_label_crit_section
248328.0,3749240,python,[JIT],0x0000ee2d4d0f936c
248328.0,3749383,python,libc.so.6,__printf_buffer_write
248328.0,3749543,python,[JIT],0x0000f0a3d1cd3534
248328.0,3749543,python,[JIT],0x0000f0a3d1cd80c8
248328.0,3749543,python,[JIT],0x0000f0a3d1cd9294
248328.0,3749543,python,[JIT],0x0000f0a3d1cd99dc
248328.0,3749543,python,[JIT],0x0000f0a3d1d8712c
248328.0,3749543,python,[JIT],0x0000f0a3d1d8d808
248328.0,3749336,python,[JIT],0x0000e82e994f38f8
248328.0,3749336,python,[JIT],0x0000e82e994f8220
248328.0,3749336,python,[JIT],0x0000e82e9958c1dc
248328.0,3749336,python,[JIT],0x0000e82e995b11c4
248328.0,3749336,python,[JIT],0x0000e82e995b1ae4
248328.0,3749336,python,[JIT],0x0000e82e995b50f4
248328.0,3749336,python,[JIT],0x0000e82e995b5860
248328.0,3749336,python,[JIT],0x0000e82e995fdb8c
248328.0,3749336,python,[JIT],0x0000e82e99e470a4
248328.0,3749336,python,[JIT],0x0000e82e99e47e58
248328.0,3749336,python,[JIT],0x0000e82e99e4a488
248328.0,3749336,python,[JIT],0x0000e82e99e4e1d8
248328.0,3749336,python,[JIT],0x0000e82e99ef5eb0
248328.0,3749336,python,[JIT],0x0000e82e99ef612c
248328.0,3749336,python,[JIT],0x0000e82e99efa0bc
248328.0,3749543,python,[JIT],0x0000f0a3d1d871b8
248328.0,3749543,python,[JIT],0x0000f0a3d1d88a04
248328.0,3749336,python,[JIT],0x0000e82e99efd388
248328.0,3749463,python,[JIT],0x0000e07d3f6fc594
248328.0,3749463,python,[JIT],0x0000e07d3f9e5848
248328.0,3749463,python,[JIT],0x0000e07d3f9e6aa8
248327.0,3749208,python,[JIT],0x0000e7243bf47b0c
248327.0,3749208,python,[JIT],0x0000e7243c802aa0
248327.0,3749208,python,[JIT],0x0000e7243c80b414
248327.0,3749586,python,[JIT],0x0000f45d96af31ac
248327.0,3749586,python,[JIT],0x0000f45d96ddeea0
248327.0,3749586,python,[JIT],0x0000f45d96ec1400
248327.0,3749240,python,[JIT],0x0000ee2d4c9ce20c
248327.0,3749240,python,[JIT],0x0000ee2d4d0f2bfc
248327.0,3749240,python,[JIT],0x0000ee2d4d2fb134
248327.0,3749383,python,python,_Py_Specialize_ToBool
248327.0,3749543,python,[JIT],0x0000f0a3d18f6a48
248327.0,3749543,python,[JIT],0x0000f0a3d19780e4
248327.0,3749543,python,[JIT],0x0000f0a3d1cd50c8
248327.0,3749543,python,[JIT],0x0000f0a3d1d87ec0
248327.0,3749336,python,[JIT],0x0000e82e9958cde4
248327.0,3749336,python,[JIT],0x0000e82e995b193c
248327.0,3749336,python,[JIT],0x0000e82e99e0e0ec
248327.0,3749336,python,[JIT],0x0000e82e99e0f380
248327.0,3749336,python,[JIT],0x0000e82e99e433c4
248327.0,3749336,python,[JIT],0x0000e82e99e478a0
248327.0,3749336,python,[JIT],0x0000e82e99e47c64
248327.0,3749336,python,[JIT],0x0000e82e99e47e5c
248327.0,3749336,python,[JIT],0x0000e82e99e495e4
248327.0,3749336,python,[JIT],0x0000e82e99e49b60
248327.0,3749336,python,[JIT],0x0000e82e99e4a690
248327.0,3749336,python,[JIT],0x0000e82e99e4a870
248327.0,3749336,python,[JIT],0x0000e82e99e4ac14
248327.0,3749336,python,[JIT],0x0000e82e99e4b3ac
248327.0,3749336,python,[JIT],0x0000e82e99ef2c18
248327.0,3749336,python,[JIT],0x0000e82e99ef5338
248327.0,3749336,python,[JIT],0x0000e82e99ef90bc
248327.0,3749336,python,[JIT],0x0000e82e99ef9978
248327.0,3749336,python,[JIT],0x0000e82e99efd0c0
248327.0,3749336,python,[JIT],0x0000e82e99efd4d8
248327.0,3749543,python,[JIT],0x0000f0a3d1cd3b0c
248327.0,3749543,python,[JIT],0x0000f0a3d1d8d614
248327.0,3749543,python,[JIT],0x0000f0a3d1db7268
248327.0,3749463,python,[JIT],0x0000e07d3f9e53ec
248327.0,3749336,python,[JIT],0x0000e82e99e48878
248327.0,3749463,python,[JIT],0x0000e07d3f09304c
248326.0,3749208,python,[JIT],0x0000e7243c8b8c48
248326.0,3749586,python,[kernel.kallsyms],_find_next_bit
248326.0,3749586,python,[JIT],0x0000f45d96af17fc
248326.0,3749586,python,[JIT],0x0000f45d96af1d58
248326.0,3749586,python,[JIT],0x0000f45d96af2744
248326.0,3749586,python,[JIT],0x0000f45d96e1c89c
248326.0,3749586,python,[JIT],0x0000f45d96e1d030
248326.0,3749240,python,python,builtin_hash
248326.0,3749240,python,[JIT],0x0000ee2d4d0fa3f4
248326.0,3749240,python,[JIT],0x0000ee2d4d2fc8c8
248326.0,3749240,python,[JIT],0x0000ee2d4d2f723c
248326.0,3749543,python,[JIT],0x0000f0a3d18fc218
248326.0,3749543,python,[JIT],0x0000f0a3d190eaa0
248326.0,3749543,python,[JIT],0x0000f0a3d193559c
248326.0,3749543,python,[JIT],0x0000f0a3d1978ae0
248326.0,3749543,python,[JIT],0x0000f0a3d1cd6300
248326.0,3749543,python,[JIT],0x0000f0a3d1cd9264
248326.0,3749543,python,[JIT],0x0000f0a3d1cd9584
248326.0,3749543,python,[JIT],0x0000f0a3d1cdc258
248326.0,3749336,python,[JIT],0x0000e82e99581318
248326.0,3749336,python,[JIT],0x0000e82e99581e40
248326.0,3749336,python,[JIT],0x0000e82e995b5354
248326.0,3749336,python,[JIT],0x0000e82e995f7fec
248326.0,3749336,python,[JIT],0x0000e82e995fd6a0
248326.0,3749336,python,[JIT],0x0000e82e995fe5a0
248326.0,3749336,python,[JIT],0x0000e82e99e0f630
248326.0,3749336,python,[JIT],0x0000e82e99e41d80
248326.0,3749336,python,[JIT],0x0000e82e99e47184
248326.0,3749336,python,[JIT],0x0000e82e99e47688
248326.0,3749336,python,[JIT],0x0000e82e99ef5808
248326.0,3749336,python,[JIT],0x0000e82e99ef91c4
248326.0,3749336,python,[JIT],0x0000e82e99ef985c
248326.0,3749543,python,[JIT],0x0000f0a3d1d871f4
248326.0,3749463,python,python,PyMember_SetOne
248326.0,3749463,python,[JIT],0x0000e07d3f9310c8
248326.0,3749463,python,[JIT],0x0000e07d3efd8d58
248326.0,3749463,python,[JIT],0x0000e07d3f099ea8
248326.0,3749463,python,[JIT],0x0000e07d3f09d248
248326.0,3749463,python,[JIT],0x0000e07d3f9e2234
248326.0,3749463,python,[JIT],0x0000e07d3f9e6d30
248325.0,3749586,python,[JIT],0x0000f45d96afb458
248325.0,3749586,python,[JIT],0x0000f45d96ddec74
248325.0,3749586,python,[JIT],0x0000f45d96e17668
248325.0,3749586,python,[JIT],0x0000f45d96ec1690
248325.0,3749586,python,[JIT],0x0000f45d96e191c8
248325.0,3749240,python,[JIT],0x0000ee2d4d0ff068
248325.0,3749240,python,[JIT],0x0000ee2d4d2f5214
248325.0,3749240,python,[JIT],0x0000ee2d4ca59c88
248325.0,3749240,python,[JIT],0x0000ee2d4ca93218
248325.0,3749240,python,[JIT],0x0000ee2d4d2be6b8
248325.0,3749240,python,[JIT],0x0000ee2d4d2be6ec
248325.0,3749543,python,[JIT],0x0000f0a3d18f6220
248325.0,3749543,python,[JIT],0x0000f0a3d190c928
248325.0,3749543,python,[JIT],0x0000f0a3d19320f0
248325.0,3749543,python,[JIT],0x0000f0a3d197918c
248325.0,3749543,python,[JIT],0x0000f0a3d1cd5380
248325.0,3749543,python,[JIT],0x0000f0a3d1cdbf58
248325.0,3749543,python,[JIT],0x0000f0a3d1d84290
248325.0,3749543,python,[JIT],0x0000f0a3d1d880e0
248325.0,3749543,python,[JIT],0x0000f0a3d1d88aa4
248325.0,3749336,python,[JIT],0x0000e82e995877a4
248325.0,3749336,python,[JIT],0x0000e82e995b1288
248325.0,3749336,python,[JIT],0x0000e82e995b1584
248325.0,3749336,python,[JIT],0x0000e82e995b7968
248325.0,3749336,python,[JIT],0x0000e82e995b91b8
248325.0,3749336,python,[JIT],0x0000e82e99e411c0
248325.0,3749336,python,[JIT],0x0000e82e99e47428
248325.0,3749336,python,[JIT],0x0000e82e99e47548
248325.0,3749336,python,[JIT],0x0000e82e99ef92b8
248325.0,3749336,python,[JIT],0x0000e82e99ef94a0
248325.0,3749336,python,[JIT],0x0000e82e99efd008
248325.0,3749463,python,[JIT],0x0000e07d3f6f5244
248325.0,3749463,python,[JIT],0x0000e07d3f933d60
248324.0,3749208,python,[JIT],0x0000e7243bebe05c
248324.0,3749208,python,[JIT],0x0000e7243bf455e0
248324.0,3749586,python,[JIT],0x0000f45d96e1c4e4
248324.0,3749240,python,[JIT],0x0000ee2d4d2fb0bc
248324.0,3749383,python,[JIT],0x0000ef595beebdc4
248324.0,3749543,python,[JIT],0x0000f0a3d18fc04c
248324.0,3749543,python,[JIT],0x0000f0a3d1934310
248324.0,3749543,python,[JIT],0x0000f0a3d193d5a8
248324.0,3749543,python,[JIT],0x0000f0a3d1cd9aec
248324.0,3749336,python,[JIT],0x0000e82e995b9304
248324.0,3749336,python,[JIT],0x0000e82e995fd810
248324.0,3749336,python,[JIT],0x0000e82e995fe2c4
248324.0,3749336,python,[JIT],0x0000e82e99aec628
248324.0,3749336,python,[JIT],0x0000e82e99e0f434
248324.0,3749336,python,[JIT],0x0000e82e99e0fae8
248324.0,3749336,python,[JIT],0x0000e82e99e495c8
248324.0,3749336,python,[JIT],0x0000e82e99ef2a5c
248324.0,3749336,python,[JIT],0x0000e82e99ef2b60
248324.0,3749336,python,[JIT],0x0000e82e99ef907c
248324.0,3749336,python,[JIT],0x0000e82e99ef9780
248324.0,3749543,python,[JIT],0x0000f0a3d1cd9ab8
248324.0,3749463,python,[JIT],0x0000e07d3f931028
248324.0,3749463,python,[JIT],0x0000e07d3f9e90a4
248324.0,3749336,python,[JIT],0x0000e82e99e410f0
248324.0,3749336,python,[JIT],0x0000e82e99ef5460
248324.0,3749336,python,[JIT],0x0000e82e99ef90c8
248324.0,3749463,python,[JIT],0x0000e07d3f9338e4
248324.0,3749463,python,[JIT],0x0000e07d3f93b128
248324.0,3749463,python,[JIT],0x0000e07d3f9e10d8
248323.0,3749208,python,[JIT],0x0000e7243c801284
248323.0,3749208,python,[JIT],0x0000e7243c808fc0
248323.0,3749208,python,[JIT],0x0000e7243c8b41ec
248323.0,3749208,python,[JIT],0x0000e7243c8b6414
248323.0,3749586,python,[JIT],0x0000f45d96579258
248323.0,3749586,python,[JIT],0x0000f45d96579cd8
248323.0,3749586,python,[JIT],0x0000f45d96e160cc
248323.0,3749586,python,[JIT],0x0000f45d96ec102c
248323.0,3749240,python,[JIT],0x0000ee2d4d0f94d8
248323.0,3749240,python,[JIT],0x0000ee2d4d2fc910
248323.0,3749240,python,[JIT],0x0000ee2d4d2fca60
248323.0,3749240,python,[JIT],0x0000ee2d4d0f2c40
248323.0,3749240,python,[JIT],0x0000ee2d4d2f1760
248323.0,3749240,python,[JIT],0x0000ee2d4d2f7060
248323.0,3749383,python,[JIT],0x0000ef595c145628
248323.0,3749543,python,[JIT],0x0000f0a3d18f99e8
248323.0,3749543,python,[JIT],0x0000f0a3d18f9b30
248323.0,3749543,python,[JIT],0x0000f0a3d1979978
248323.0,3749336,python,python,dict_merge
248323.0,3749336,python,[JIT],0x0000e82e995b1efc
248323.0,3749336,python,[JIT],0x0000e82e995b2104
248323.0,3749336,python,[JIT],0x0000e82e99e0f238
248323.0,3749336,python,[JIT],0x0000e82e99e410f0
248323.0,3749336,python,[JIT],0x0000e82e99e415e4
248323.0,3749336,python,[JIT],0x0000e82e99e460d0
248323.0,3749336,python,[JIT],0x0000e82e99e47970
248323.0,3749336,python,[JIT],0x0000e82e99e4a180
248323.0,3749336,python,[JIT],0x0000e82e99e4b024
248323.0,3749336,python,[JIT],0x0000e82e99e4d880
248323.0,3749336,python,[JIT],0x0000e82e99ef5d34
248323.0,3749336,python,[JIT],0x0000e82e99ef9008
248323.0,3749336,python,[JIT],0x0000e82e99ef97d0
248323.0,3749336,python,[JIT],0x0000e82e99efb358
248323.0,3749463,python,[JIT],0x0000e07d3f8fe67c
248323.0,3749463,python,[JIT],0x0000e07d3f099adc
248323.0,3749463,python,[JIT],0x0000e07d3f09c1f4
248323.0,3749463,python,[JIT],0x0000e07d3f09e10c
248323.0,3749463,python,[JIT],0x0000e07d3f09e340
248323.0,3749463,python,[JIT],0x0000e07d3f936b7c
248323.0,3749463,python,[JIT],0x0000e07d3f9e507c
248322.0,3749208,python,[JIT],0x0000e7243bf47aec
248322.0,3749208,python,[JIT],0x0000e7243c807fcc
248322.0,3749208,python,[JIT],0x0000e7243c80e254
248322.0,3749208,python,[JIT],0x0000e7243c8b82b0
248322.0,3749208,python,[JIT],0x0000e7243c8b87d8
248322.0,3749586,python,[JIT],0x0000f45d9654748c
248322.0,3749586,python,[JIT],0x0000f45d96e11bf4
248322.0,3749240,python,[JIT],0x0000ee2d4d2f90f0
248322.0,3749240,python,[JIT],0x0000ee2d4d3a1980
248322.0,3749240,python,[JIT],0x0000ee2d4ca52060
248322.0,3749240,python,[JIT],0x0000ee2d4d2fc034
248322.0,3749240,python,[JIT],0x0000ee2d4d2fd1d4
248322.0,3749383,python,python,_PyStolenTuple_Free
248322.0,3749383,python,[JIT],0x0000ef595c1f519c
248322.0,3749543,python,[JIT],0x0000f0a3d1978228
248322.0,3749543,python,[JIT],0x0000f0a3d1cd34cc
248322.0,3749543,python,[JIT],0x0000f0a3d1d8124c
248322.0,3749543,python,[JIT],0x0000f0a3d1d878e4
248322.0,3749543,python,[JIT],0x0000f0a3d1d8a414
248322.0,3749543,python,[JIT],0x0000f0a3d1d8c244
248322.0,3749543,python,[JIT],0x0000f0a3d1d8c53c
248322.0,3749336,python,[JIT],0x0000e82e99558034
248322.0,3749336,python,[JIT],0x0000e82e995587ec
248322.0,3749336,python,[JIT],0x0000e82e9955b574
248322.0,3749336,python,[JIT],0x0000e82e9958c0b4
248322.0,3749336,python,[JIT],0x0000e82e995f77f4
248322.0,3749336,python,[JIT],0x0000e82e995fd14c
248322.0,3749336,python,[JIT],0x0000e82e99e41888
248322.0,3749336,python,[JIT],0x0000e82e99e47a80
248322.0,3749336,python,[JIT],0x0000e82e99e47b94
248322.0,3749336,python,[JIT],0x0000e82e99e493f4
248322.0,3749336,python,[JIT],0x0000e82e99ef50b8
248322.0,3749336,python,[JIT],0x0000e82e99ef5efc
248322.0,3749543,python,[JIT],0x0000f0a3d1cd30f0
248322.0,3749463,python,[JIT],0x0000e07d3f93d22c
248322.0,3749463,python,python,memcmp@plt
248322.0,3749463,python,[JIT],0x0000e07d3f034920
248322.0,3749463,python,[JIT],0x0000e07d3f93a314
248322.0,3749463,python,[JIT],0x0000e07d3f93a3bc
248321.0,3749208,python,python,PyBytesWriter_Create
248321.0,3749208,python,python,_Py_GetConfig
248321.0,3749208,python,[JIT],0x0000e7243bf12364
248321.0,3749208,python,[JIT],0x0000e7243bf71114
248321.0,3749208,python,[JIT],0x0000e7243c802068
248321.0,3749586,python,[JIT],0x0000f45d96af1044
248321.0,3749586,python,[JIT],0x0000f45d96af1764
248321.0,3749586,python,[JIT],0x0000f45d96af1b70
248321.0,3749240,python,python,_PyOptimizer_Optimize
248321.0,3749240,python,[JIT],0x0000ee2d4d0ebd50
248321.0,3749240,python,[JIT],0x0000ee2d4d0fd0c8
248321.0,3749240,python,[JIT],0x0000ee2d4d2f2c74
248321.0,3749240,python,[JIT],0x0000ee2d4d2f63ac
248321.0,3749543,python,[JIT],0x0000f0a3d1906d18
248321.0,3749543,python,[JIT],0x0000f0a3d1936594
248321.0,3749543,python,[JIT],0x0000f0a3d1979a50
248321.0,3749543,python,[JIT],0x0000f0a3d1cdb42c
248321.0,3749543,python,[JIT],0x0000f0a3d1d82028
248321.0,3749543,python,[JIT],0x0000f0a3d1d87dfc
248321.0,3749543,python,[JIT],0x0000f0a3d1d899d0
248321.0,3749543,python,[JIT],0x0000f0a3d1d8bdf0
248321.0,3749336,python,[JIT],0x0000e82e994f35b4
248321.0,3749336,python,[JIT],0x0000e82e995b3084
248321.0,3749336,python,[JIT],0x0000e82e995b3400
248321.0,3749336,python,[JIT],0x0000e82e99e0f338
248321.0,3749336,python,[JIT],0x0000e82e99e44224
248321.0,3749336,python,[JIT],0x0000e82e99e472a4
248321.0,3749336,python,[JIT],0x0000e82e99e49ec0
248321.0,3749336,python,[JIT],0x0000e82e99e4aae0
248321.0,3749336,python,[JIT],0x0000e82e99e4e1c0
248321.0,3749543,python,[JIT],0x0000f0a3d1cdb08c
248321.0,3749463,python,[JIT],0x0000e07d3f8fe400
248321.0,3749463,python,[JIT],0x0000e07d3f93d110
248321.0,3749463,python,[JIT],0x0000e07d3f93d294
248321.0,3749336,python,[JIT],0x0000e82e99e47850
248321.0,3749336,python,[JIT],0x0000e82e99e4e2a0
248321.0,3749336,python,[JIT],0x0000e82e99e4f6e4
248321.0,3749463,python,[JIT],0x0000e07d3f03602c
248321.0,3749463,python,[JIT],0x0000e07d3f0657d8
248321.0,3749463,python,[JIT],0x0000e07d3f6fc498
248321.0,3749463,python,[JIT],0x0000e07d3f933e84
248321.0,3749463,python,[JIT],0x0000e07d3f93b138
248321.0,3749463,python,[JIT],0x0000e07d3f93d3ec
248321.0,3749463,python,[JIT],0x0000e07d3f93db28
248321.0,3749463,python,[JIT],0x0000e07d3f9e2718
248320.0,3749208,python,[JIT],0x0000e7243be8e154
248320.0,3749208,python,[JIT],0x0000e7243bebe254
248320.0,3749208,python,[JIT],0x0000e7243bf1df10
248320.0,3749208,python,[JIT],0x0000e7243bfb14cc
248320.0,3749208,python,[JIT],0x0000e7243c8b812c
248320.0,3749586,python,[kernel.kallsyms],arch_local_irq_restore
248320.0,3749586,python,[JIT],0x0000f45d965b9730
248320.0,3749586,python,[JIT],0x0000f45d96af9510
248320.0,3749586,python,[JIT],0x0000f45d96e11000
248320.0,3749586,python,[JIT],0x0000f45d96e1910c
248320.0,3749586,python,[JIT],0x0000f45d96afc71c
248320.0,3749586,python,[JIT],0x0000f45d96e1cd54
248320.0,3749240,python,[JIT],0x0000ee2d4d0fd62c
248320.0,3749240,python,python,PyObject_GetAttr
248320.0,3749240,python,[JIT],0x0000ee2d4c99b790
248320.0,3749240,python,[JIT],0x0000ee2d4d2f64c8
248320.0,3749240,python,[JIT],0x0000ee2d4d3a5094
248320.0,3749543,python,[JIT],0x0000f0a3d1906e30
248320.0,3749543,python,[JIT],0x0000f0a3d197b180
248320.0,3749543,python,[JIT],0x0000f0a3d1cd93b4
248320.0,3749543,python,[JIT],0x0000f0a3d1d86118
248320.0,3749543,python,[JIT],0x0000f0a3d1d8b538
248320.0,3749336,python,[JIT],0x0000e82e99558580
248320.0,3749336,python,[JIT],0x0000e82e99589c0c
248320.0,3749336,python,[JIT],0x0000e82e9958c5f0
248320.0,3749336,python,[JIT],0x0000e82e9958ce10
248320.0,3749336,python,[JIT],0x0000e82e995f7348
248320.0,3749336,python,[JIT],0x0000e82e99e0f2d4
248320.0,3749336,python,[JIT],0x0000e82e99e47ca4
248320.0,3749336,python,[JIT],0x0000e82e99e4a108
248320.0,3749336,python,[JIT],0x0000e82e99e4a144
248320.0,3749336,python,[JIT],0x0000e82e99ef2954
248320.0,3749336,python,[JIT],0x0000e82e99ef5ad0
248320.0,3749336,python,[JIT],0x0000e82e99ef5f04
248320.0,3749336,python,[JIT],0x0000e82e99efb4e8
248320.0,3749336,python,[JIT],0x0000e82e99efba38
248320.0,3749543,python,[JIT],0x0000f0a3d1cd9164
248320.0,3749463,python,[JIT],0x0000e07d3f6f53ac
248320.0,3749463,python,[JIT],0x0000e07d3f6f68e4
248320.0,3749463,python,[JIT],0x0000e07d3f931540
248320.0,3749463,python,[JIT],0x0000e07d3f9e1c34
248319.0,3749208,python,[JIT],0x0000e7243bf45418
248319.0,3749208,python,[JIT],0x0000e7243c8b13d4
248319.0,3749208,python,[JIT],0x0000e7243c8b3e98
248319.0,3749208,python,[JIT],0x0000e7243c8b81dc
248319.0,3749586,python,[JIT],0x0000f45d96afc160
248319.0,3749586,python,[JIT],0x0000f45d96e1b07c
248319.0,3749586,python,[JIT],0x0000f45d96ec150c
248319.0,3749586,python,[JIT],0x0000f45d96ec15ec
248319.0,3749586,python,[JIT],0x0000f45d96e1c4dc
248319.0,3749240,python,[JIT],0x0000ee2d4d2f7184
248319.0,3749240,python,[JIT],0x0000ee2d4d3a1290
248319.0,3749240,python,[JIT],0x0000ee2d4d3cd044
248319.0,3749240,python,[JIT],0x0000ee2d4d0f2818
248319.0,3749240,python,[JIT],0x0000ee2d4d0f41a8
248319.0,3749383,python,python,long_dealloc
248319.0,3749543,python,[JIT],0x0000f0a3d190c3d4
248319.0,3749543,python,[JIT],0x0000f0a3d190cfb4
248319.0,3749543,python,[JIT],0x0000f0a3d190d250
248319.0,3749543,python,[JIT],0x0000f0a3d190e3b4
248319.0,3749543,python,[JIT],0x0000f0a3d19310d4
248319.0,3749543,python,[JIT],0x0000f0a3d1936a14
248319.0,3749543,python,[JIT],0x0000f0a3d197365c
248319.0,3749543,python,[JIT],0x0000f0a3d1cd460c
248319.0,3749543,python,[JIT],0x0000f0a3d1cdc9f0
248319.0,3749543,python,[JIT],0x0000f0a3d1d82400
248319.0,3749543,python,[JIT],0x0000f0a3d1d84168
248319.0,3749543,python,[JIT],0x0000f0a3d1d87b18
248319.0,3749336,python,[JIT],0x0000e82e994f19ec
248319.0,3749336,python,[JIT],0x0000e82e9955b080
248319.0,3749336,python,[JIT],0x0000e82e99581980
248319.0,3749336,python,[JIT],0x0000e82e995b32bc
248319.0,3749336,python,[JIT],0x0000e82e995fe034
248319.0,3749336,python,[JIT],0x0000e82e995fe25c
248319.0,3749336,python,[JIT],0x0000e82e99aeb060
248319.0,3749336,python,[JIT],0x0000e82e99aec5e4
248319.0,3749336,python,[JIT],0x0000e82e99e0f2bc
248319.0,3749336,python,[JIT],0x0000e82e99e430fc
248319.0,3749336,python,[JIT],0x0000e82e99e448c0
248319.0,3749336,python,[JIT],0x0000e82e99ef7558
248319.0,3749543,python,[JIT],0x0000f0a3d1d8b814
248319.0,3749463,python,[JIT],0x0000e07d3f933000
248319.0,3749463,python,[JIT],0x0000e07d3f933a6c
248319.0,3749463,python,[JIT],0x0000e07d3f933ab4
248319.0,3749463,python,[JIT],0x0000e07d3f93b204
248319.0,3749463,python,[JIT],0x0000e07d3f068844
248319.0,3749463,python,[JIT],0x0000e07d3f0d4f80
248319.0,3749463,python,[JIT],0x0000e07d3f6f067c
248319.0,3749463,python,[JIT],0x0000e07d3f935fe4
248319.0,3749463,python,[JIT],0x0000e07d3f936630
248318.0,3749208,python,[JIT],0x0000e7243bf450c8
248318.0,3749208,python,[JIT],0x0000e7243bfb3060
248318.0,3749208,python,[JIT],0x0000e7243c8b467c
248318.0,3749586,python,[JIT],0x0000f45d9657c704
248318.0,3749586,python,[JIT],0x0000f45d965b389c
248318.0,3749586,python,[JIT],0x0000f45d96af4980
248318.0,3749586,python,[JIT],0x0000f45d96af90e0
248318.0,3749586,python,[JIT],0x0000f45d96e19290
248318.0,3749586,python,[JIT],0x0000f45d96e1733c
248318.0,3749240,python,[JIT],0x0000ee2d4d3a50cc
248318.0,3749240,python,[JIT],0x0000ee2d4d2f9618
248318.0,3749383,python,python,deque_append
248318.0,3749383,python,python,emit__HANDLE_PENDING_AND_DEOPT_r00
248318.0,3749543,python,[JIT],0x0000f0a3d1cd277c
248318.0,3749543,python,[JIT],0x0000f0a3d1cd5430
248318.0,3749543,python,[JIT],0x0000f0a3d1cd9a88
248318.0,3749543,python,[JIT],0x0000f0a3d1cd9e08
248318.0,3749543,python,[JIT],0x0000f0a3d1cdc974
248318.0,3749543,python,[JIT],0x0000f0a3d1d82300
248318.0,3749543,python,[JIT],0x0000f0a3d1d83108
248318.0,3749543,python,[JIT],0x0000f0a3d1d8b894
248318.0,3749336,python,[JIT],0x0000e82e995b9924
248318.0,3749336,python,[JIT],0x0000e82e995fd394
248318.0,3749336,python,[JIT],0x0000e82e995ff74c
248318.0,3749336,python,[JIT],0x0000e82e99e49d7c
248318.0,3749336,python,[JIT],0x0000e82e99e4aed8
248318.0,3749336,python,[JIT],0x0000e82e99efabb0
248318.0,3749463,python,[JIT],0x0000e07d3f9e1b84
248318.0,3749336,python,[JIT],0x0000e82e99e4a808
248318.0,3749463,python,[JIT],0x0000e07d3f6fd16c
248318.0,3749463,python,[JIT],0x0000e07d3f93900c
248318.0,3749463,python,[JIT],0x0000e07d3f93b23c
248318.0,3749463,python,[JIT],0x0000e07d3f9e20c4
248318.0,3749463,python,[JIT],0x0000e07d3fa1102c
248317.0,3749208,python,[JIT],0x0000e7243c805e80
248317.0,3749586,python,[JIT],0x0000f45d96af4118
248317.0,3749586,python,[JIT],0x0000f45d96afb574
248317.0,3749586,python,[JIT],0x0000f45d96e1ca38
248317.0,3749586,python,python,PyObject_RichCompare
248317.0,3749586,python,[JIT],0x0000f45d96ec27c0
248317.0,3749240,python,[JIT],0x0000ee2d4c9c9218
248317.0,3749240,python,[JIT],0x0000ee2d4ca59138
248317.0,3749240,python,[JIT],0x0000ee2d4ca595b0
248317.0,3749543,python,[JIT],0x0000f0a3d19069e0
248317.0,3749543,python,[JIT],0x0000f0a3d190cd8c
248317.0,3749543,python,[JIT],0x0000f0a3d190e3ec
248317.0,3749543,python,[JIT],0x0000f0a3d19321ec
248317.0,3749543,python,[JIT],0x0000f0a3d197894c
248317.0,3749543,python,[JIT],0x0000f0a3d19790a4
248317.0,3749543,python,[JIT],0x0000f0a3d1cd52f0
248317.0,3749543,python,[JIT],0x0000f0a3d1d8297c
248317.0,3749543,python,[JIT],0x0000f0a3d1d84594
248317.0,3749543,python,[JIT],0x0000f0a3d1d84604
248317.0,3749543,python,[JIT],0x0000f0a3d1d8494c
248317.0,3749543,python,[JIT],0x0000f0a3d1d87bf8
248317.0,3749543,python,[JIT],0x0000f0a3d1d87dc0
248317.0,3749543,python,[JIT],0x0000f0a3d1d8b034
248317.0,3749543,python,[JIT],0x0000f0a3d1d8c0cc
248317.0,3749543,python,[JIT],0x0000f0a3d1d8d504
248317.0,3749336,python,[JIT],0x0000e82e99587b64
248317.0,3749336,python,[JIT],0x0000e82e9958c304
248317.0,3749336,python,[JIT],0x0000e82e995b5290
248317.0,3749336,python,[JIT],0x0000e82e995b7e08
248317.0,3749336,python,[JIT],0x0000e82e995fd360
248317.0,3749336,python,[JIT],0x0000e82e995fd618
248317.0,3749336,python,[JIT],0x0000e82e995fdb3c
248317.0,3749336,python,[JIT],0x0000e82e995fdf60
248317.0,3749336,python,[JIT],0x0000e82e995fe384
248317.0,3749336,python,[JIT],0x0000e82e995ff77c
248317.0,3749336,python,[JIT],0x0000e82e99aeb17c
248317.0,3749336,python,[JIT],0x0000e82e99aebbbc
248317.0,3749336,python,[JIT],0x0000e82e99e0f4ec
248317.0,3749336,python,[JIT],0x0000e82e99e49008
248317.0,3749336,python,[JIT],0x0000e82e99e4a2b0
248317.0,3749336,python,[JIT],0x0000e82e99e4e674
248317.0,3749336,python,[JIT],0x0000e82e99ef41bc
248317.0,3749336,python,[JIT],0x0000e82e99ef534c
248317.0,3749336,python,[JIT],0x0000e82e99ef6aec
248317.0,3749336,python,[JIT],0x0000e82e99efd160
248317.0,3749543,python,[JIT],0x0000f0a3d1cd3d50
248317.0,3749543,python,[JIT],0x0000f0a3d1cd5354
248317.0,3749543,python,[JIT],0x0000f0a3d1cdc9e8
248317.0,3749543,python,[JIT],0x0000f0a3d1d82368
248317.0,3749463,python,[JIT],0x0000e07d3f9e212c
248317.0,3749463,python,[JIT],0x0000e07d3fa1138c
248317.0,3749463,python,[kernel.kallsyms],get_unmapped_area
248317.0,3749463,python,[JIT],0x0000e07d3f005540
248317.0,3749463,python,[JIT],0x0000e07d3f091bb8
248317.0,3749463,python,[JIT],0x0000e07d3f09658c
248317.0,3749463,python,[JIT],0x0000e07d3f0d5cb0
248317.0,3749463,python,[JIT],0x0000e07d3f6f97f0
248317.0,3749463,python,[JIT],0x0000e07d3f93332c
248316.0,3749208,python,[kernel.kallsyms],tlb_flush
248316.0,3749208,python,[JIT],0x0000e7243bee5478
248316.0,3749208,python,[JIT],0x0000e7243c805b34
248316.0,3749208,python,[JIT],0x0000e7243c808314
248316.0,3749208,python,[JIT],0x0000e7243c8b830c
248316.0,3749586,python,[JIT],0x0000f45d9657dee8
248316.0,3749586,python,[JIT],0x0000f45d96ec54c4
248316.0,3749586,python,[JIT],0x0000f45d96ec52d8
248316.0,3749240,python,[JIT],0x0000ee2d4ca598c4
248316.0,3749240,python,[JIT],0x0000ee2d4d0ec7dc
248316.0,3749240,python,[JIT],0x0000ee2d4d0f20c4
248316.0,3749240,python,[JIT],0x0000ee2d4d0f252c
248316.0,3749240,python,[JIT],0x0000ee2d4d0f2cec
248316.0,3749240,python,[JIT],0x0000ee2d4d0f5138
248316.0,3749240,python,[JIT],0x0000ee2d4d0fc6cc
248316.0,3749240,python,[JIT],0x0000ee2d4d0ff090
248316.0,3749383,python,[JIT],0x0000ef595c1481ac
248316.0,3749543,python,[JIT],0x0000f0a3d193d28c
248316.0,3749543,python,[JIT],0x0000f0a3d1978998
248316.0,3749543,python,[JIT],0x0000f0a3d1cd9b0c
248316.0,3749543,python,[JIT],0x0000f0a3d1cdb90c
248316.0,3749543,python,[JIT],0x0000f0a3d1d842ac
248316.0,3749336,python,[JIT],0x0000e82e995276c0
248316.0,3749336,python,[JIT],0x0000e82e995fe158
248316.0,3749336,python,[JIT],0x0000e82e99e0f19c
248316.0,3749336,python,[JIT],0x0000e82e99e0f64c
248316.0,3749336,python,[JIT],0x0000e82e99e419f4
248316.0,3749336,python,[JIT],0x0000e82e99e4607c
248316.0,3749336,python,[JIT],0x0000e82e99e49edc
248316.0,3749336,python,[JIT],0x0000e82e99e4e000
248316.0,3749463,python,[JIT],0x0000e07d3f933128
248316.0,3749463,python,[JIT],0x0000e07d3f935600
248316.0,3749463,python,[JIT],0x0000e07d3f935c78
248316.0,3749463,python,[JIT],0x0000e07d3f9369f0
248316.0,3749463,python,[JIT],0x0000e07d3f9e1204
248315.0,3749208,python,python,emit__COPY_FREE_VARS_r00
248315.0,3749208,python,[JIT],0x0000e7243bf4e5f8
248315.0,3749208,python,[JIT],0x0000e7243bf4e74c
248315.0,3749208,python,[JIT],0x0000e7243c807ff0
248315.0,3749586,python,[JIT],0x0000f45d9657953c
248315.0,3749586,python,[JIT],0x0000f45d96af118c
248315.0,3749586,python,[JIT],0x0000f45d96af4274
248315.0,3749586,python,[JIT],0x0000f45d96af8334
248315.0,3749586,python,[JIT],0x0000f45d96e171cc
248315.0,3749586,python,[JIT],0x0000f45d96e1cc74
248315.0,3749586,python,[JIT],0x0000f45d96e12a44
248315.0,3749240,python,[JIT],0x0000ee2d4ca56db8
248315.0,3749240,python,[JIT],0x0000ee2d4d0f30c4
248315.0,3749240,python,[JIT],0x0000ee2d4d0f94e8
248315.0,3749240,python,[JIT],0x0000ee2d4d2f27d0
248315.0,3749543,python,[JIT],0x0000f0a3d197949c
248315.0,3749543,python,[JIT],0x0000f0a3d1cd2058
248315.0,3749543,python,[JIT],0x0000f0a3d1cd5148
248315.0,3749543,python,[JIT],0x0000f0a3d1cd93a8
248315.0,3749543,python,[JIT],0x0000f0a3d1cdce2c
248315.0,3749543,python,[JIT],0x0000f0a3d1d8a208
248315.0,3749336,python,[JIT],0x0000e82e995844d0
248315.0,3749336,python,[JIT],0x0000e82e995f6204
248315.0,3749336,python,[JIT],0x0000e82e995fe364
248315.0,3749336,python,[JIT],0x0000e82e99e41db4
248315.0,3749336,python,[JIT],0x0000e82e99e43208
248315.0,3749336,python,[JIT],0x0000e82e99e4746c
248315.0,3749336,python,[JIT],0x0000e82e99e47c28
248315.0,3749336,python,[JIT],0x0000e82e99e49e90
248315.0,3749336,python,[JIT],0x0000e82e99e49f84
248315.0,3749336,python,[JIT],0x0000e82e99e4a7b8
248315.0,3749336,python,[JIT],0x0000e82e99e4c2c0
248315.0,3749336,python,[JIT],0x0000e82e99e4ebd4
248315.0,3749336,python,[JIT],0x0000e82e99ef2208
248315.0,3749336,python,[JIT],0x0000e82e99ef2688
248315.0,3749336,python,[JIT],0x0000e82e99ef40e4
248315.0,3749543,python,[JIT],0x0000f0a3d1cd5338
248315.0,3749463,python,[JIT],0x0000e07d3f9367dc
248315.0,3749463,python,[JIT],0x0000e07d3f9e1f40
248315.0,3749463,python,[JIT],0x0000e07d3efdc3ec
248315.0,3749463,python,[JIT],0x0000e07d3f096470
248315.0,3749463,python,[JIT],0x0000e07d3f9e17d4
248315.0,3749463,python,[JIT],0x0000e07d3f9e1800
248315.0,3749463,python,[JIT],0x0000e07d3f9e26ec
248314.0,3749208,python,python,analyze_descriptor_load.constprop.0
248314.0,3749208,python,[JIT],0x0000e7243beec288
248314.0,3749208,python,[JIT],0x0000e7243bf72b58
248314.0,3749208,python,[JIT],0x0000e7243c8bb6ac
248314.0,3749586,python,[JIT],0x0000f45d9651a714
248314.0,3749586,python,[JIT],0x0000f45d9654e76c
248314.0,3749586,python,[JIT],0x0000f45d965750b4
248314.0,3749586,python,[JIT],0x0000f45d96afb374
248314.0,3749586,python,[JIT],0x0000f45d96e1c41c
248314.0,3749586,python,python,set_dealloc
248314.0,3749240,python,[JIT],0x0000ee2d4d2be4b4
248314.0,3749240,python,[JIT],0x0000ee2d4d2f7434
248314.0,3749240,python,[JIT],0x0000ee2d4d2fcbcc
248314.0,3749240,python,[JIT],0x0000ee2d4d2fd864
248314.0,3749543,python,[JIT],0x0000f0a3d18f92bc
248314.0,3749543,python,[JIT],0x0000f0a3d19044e8
248314.0,3749543,python,[JIT],0x0000f0a3d190e4b4
248314.0,3749543,python,[JIT],0x0000f0a3d190eb34
248314.0,3749543,python,[JIT],0x0000f0a3d1cd33a4
248314.0,3749543,python,[JIT],0x0000f0a3d1d87f20
248314.0,3749543,python,[JIT],0x0000f0a3d1d8c16c
248314.0,3749336,python,python,emit__CHECK_PERIODIC_r00
248314.0,3749336,python,[JIT],0x0000e82e99589dd8
248314.0,3749336,python,[JIT],0x0000e82e9958c03c
248314.0,3749336,python,[JIT],0x0000e82e995b1304
248314.0,3749336,python,[JIT],0x0000e82e995b18f0
248314.0,3749336,python,[JIT],0x0000e82e995b1ac0
248314.0,3749336,python,[JIT],0x0000e82e995b3088
248314.0,3749336,python,[JIT],0x0000e82e995b8cb8
248314.0,3749336,python,[JIT],0x0000e82e995fe440
248314.0,3749336,python,[JIT],0x0000e82e99aebfec
248314.0,3749336,python,[JIT],0x0000e82e99e0f364
248314.0,3749336,python,[JIT],0x0000e82e99e0f4f0
248314.0,3749336,python,[JIT],0x0000e82e99e4751c
248314.0,3749336,python,[JIT],0x0000e82e99e47cf0
248314.0,3749336,python,[JIT],0x0000e82e99e49f78
248314.0,3749336,python,[JIT],0x0000e82e99e4a658
248314.0,3749336,python,[JIT],0x0000e82e99e4e1b4
248314.0,3749336,python,[JIT],0x0000e82e99ef5bb4
248314.0,3749336,python,[JIT],0x0000e82e99ef80b4
248314.0,3749336,python,[JIT],0x0000e82e99ef934c
248314.0,3749336,python,[JIT],0x0000e82e99efa1bc
248314.0,3749336,python,[JIT],0x0000e82e99f2900c
248314.0,3749543,python,[JIT],0x0000f0a3d197c3dc
248314.0,3749543,python,[JIT],0x0000f0a3d1cd80c0
248314.0,3749543,python,[JIT],0x0000f0a3d1d84b6c
248314.0,3749463,python,[JIT],0x0000e07d3f099734
248314.0,3749463,python,[JIT],0x0000e07d3f6f77e0
248314.0,3749463,python,[JIT],0x0000e07d3f93336c
248314.0,3749463,python,[JIT],0x0000e07d3f93bbfc
248313.0,3749208,python,[JIT],0x0000e7243bee5abc
248313.0,3749208,python,[JIT],0x0000e7243bf72564
248313.0,3749208,python,[JIT],0x0000e7243c8b412c
248313.0,3749208,python,[JIT],0x0000e7243c8bb598
248313.0,3749586,python,[JIT],0x0000f45d964e976c
248313.0,3749586,python,[JIT],0x0000f45d9654138c
248313.0,3749586,python,[JIT],0x0000f45d9657276c
248313.0,3749586,python,[JIT],0x0000f45d96afbb08
248313.0,3749586,python,[JIT],0x0000f45d96ec12d4
248313.0,3749240,python,[JIT],0x0000ee2d4ca59130
248313.0,3749240,python,[JIT],0x0000ee2d4d0fa328
248313.0,3749240,python,[JIT],0x0000ee2d4d0fc580
248313.0,3749543,python,[JIT],0x0000f0a3d1903414
248313.0,3749543,python,[JIT],0x0000f0a3d1904704
248313.0,3749543,python,[JIT],0x0000f0a3d19092dc
248313.0,3749543,python,[JIT],0x0000f0a3d190c104
248313.0,3749543,python,[JIT],0x0000f0a3d19787e8
248313.0,3749543,python,[JIT],0x0000f0a3d1cdc6bc
248313.0,3749543,python,[JIT],0x0000f0a3d1d8406c
248313.0,3749543,python,[JIT],0x0000f0a3d1d8ced0
248313.0,3749336,python,[JIT],0x0000e82e99552db4
248313.0,3749336,python,[JIT],0x0000e82e9958152c
248313.0,3749336,python,[JIT],0x0000e82e99589108
248313.0,3749336,python,[JIT],0x0000e82e99589118
248313.0,3749336,python,[JIT],0x0000e82e9958cb80
248313.0,3749336,python,[JIT],0x0000e82e995b7314
248313.0,3749336,python,[JIT],0x0000e82e995f61c4
248313.0,3749336,python,[JIT],0x0000e82e995fd100
248313.0,3749336,python,[JIT],0x0000e82e995fd588
248313.0,3749336,python,[JIT],0x0000e82e99e0f36c
248313.0,3749336,python,[JIT],0x0000e82e99e0f644
248313.0,3749336,python,[JIT],0x0000e82e99e4167c
248313.0,3749336,python,[JIT],0x0000e82e99e474e4
248313.0,3749336,python,[JIT],0x0000e82e99e4ab54
248313.0,3749336,python,[JIT],0x0000e82e99e4e1ac
248313.0,3749336,python,[JIT],0x0000e82e99ef5328
248313.0,3749336,python,[JIT],0x0000e82e99ef6728
248313.0,3749336,python,[JIT],0x0000e82e99ef963c
248313.0,3749336,python,[JIT],0x0000e82e99efaaa4
248313.0,3749463,python,[JIT],0x0000e07d3f93dbac
248313.0,3749336,python,[JIT],0x0000e82e99e47c64
248313.0,3749463,python,[JIT],0x0000e07d3f9350cc
248313.0,3749463,python,[JIT],0x0000e07d3f9e15cc
248313.0,3749463,python,[JIT],0x0000e07d3fa15008
248312.0,3749208,python,[JIT],0x0000e7243bfb90d0
248312.0,3749586,python,libc.so.6,__memmove_generic
248312.0,3749586,python,[JIT],0x0000f45d96e1ce58
248312.0,3749586,python,[JIT],0x0000f45d96ec381c
248312.0,3749586,python,[JIT],0x0000f45d96e1264c
248312.0,3749240,python,[JIT],0x0000ee2d4ca59d34
248312.0,3749240,python,[JIT],0x0000ee2d4d0f92e0
248312.0,3749240,python,[JIT],0x0000ee2d4d2be650
248312.0,3749240,python,[JIT],0x0000ee2d4d2fd9c4
248312.0,3749240,python,[JIT],0x0000ee2d4d2ff1dc
248312.0,3749240,python,[JIT],0x0000ee2d4d3a1258
248312.0,3749383,python,[JIT],0x0000ef595c1490ec
248312.0,3749543,python,[JIT],0x0000f0a3d190d210
248312.0,3749543,python,[JIT],0x0000f0a3d1979480
248312.0,3749543,python,[JIT],0x0000f0a3d197c2f4
248312.0,3749543,python,[JIT],0x0000f0a3d1cd996c
248312.0,3749543,python,[JIT],0x0000f0a3d1d84194
248312.0,3749543,python,[JIT],0x0000f0a3d1d8436c
248312.0,3749543,python,[JIT],0x0000f0a3d1d88a44
248312.0,3749543,python,[JIT],0x0000f0a3d1d8c4b8
248312.0,3749336,python,[JIT],0x0000e82e994f81ec
248312.0,3749336,python,[JIT],0x0000e82e995274f4
248312.0,3749336,python,[JIT],0x0000e82e995b32f0
248312.0,3749336,python,[JIT],0x0000e82e995b8578
248312.0,3749336,python,[JIT],0x0000e82e995fdd14
248312.0,3749336,python,[JIT],0x0000e82e995fe0f0
248312.0,3749336,python,[JIT],0x0000e82e99e41660
248312.0,3749336,python,[JIT],0x0000e82e99e4262c
248312.0,3749336,python,[JIT],0x0000e82e99e4488c
248312.0,3749336,python,[JIT],0x0000e82e99ef10ec
248312.0,3749336,python,[JIT],0x0000e82e99ef26b4
248312.0,3749336,python,[JIT],0x0000e82e99ef40c4
248312.0,3749336,python,[JIT],0x0000e82e99ef5b80
248312.0,3749543,python,[JIT],0x0000f0a3d1cd9694
248312.0,3749543,python,[JIT],0x0000f0a3d1d81384
248312.0,3749463,python,python,memset@plt
248312.0,3749463,python,[JIT],0x0000e07d3f93be38
248312.0,3749463,python,[JIT],0x0000e07d3f6fc204
248311.0,3749208,python,[JIT],0x0000e7243bf747bc
248311.0,3749208,python,[JIT],0x0000e7243c807114
248311.0,3749208,python,[JIT],0x0000e7243c80eb64
248311.0,3749208,python,[JIT],0x0000e7243c8b8a7c
248311.0,3749586,python,[JIT],0x0000f45d96dde358
248311.0,3749586,python,[JIT],0x0000f45d96e11c58
248311.0,3749586,python,[JIT],0x0000f45d96ec2078
248311.0,3749586,python,[JIT],0x0000f45d96e1c8e4
248311.0,3749240,python,[JIT],0x0000ee2d4ca55b8c
248311.0,3749240,python,[JIT],0x0000ee2d4d3a2958
248311.0,3749383,python,[JIT],0x0000ef595c14b12c
248311.0,3749543,python,[JIT],0x0000f0a3d18f9030
248311.0,3749543,python,[JIT],0x0000f0a3d190d218
248311.0,3749543,python,[JIT],0x0000f0a3d1932500
248311.0,3749543,python,[JIT],0x0000f0a3d1978a40
248311.0,3749543,python,[JIT],0x0000f0a3d1cd979c
248311.0,3749543,python,[JIT],0x0000f0a3d1cdd09c
248311.0,3749543,python,[JIT],0x0000f0a3d1d84af8
248311.0,3749543,python,[JIT],0x0000f0a3d1d87f4c
248311.0,3749543,python,[JIT],0x0000f0a3d1d8c2c0
248311.0,3749336,python,python,member_set
248311.0,3749336,python,[JIT],0x0000e82e994f804c
248311.0,3749336,python,[JIT],0x0000e82e9955c320
248311.0,3749336,python,[JIT],0x0000e82e995b139c
248311.0,3749336,python,[JIT],0x0000e82e995fd248
248311.0,3749336,python,[JIT],0x0000e82e995fdb18
248311.0,3749336,python,[JIT],0x0000e82e99e0f48c
248311.0,3749336,python,[JIT],0x0000e82e99e44494
248311.0,3749336,python,[JIT],0x0000e82e99e47668
248311.0,3749336,python,[JIT],0x0000e82e99e4e904
248311.0,3749336,python,[JIT],0x0000e82e99ef140c
248311.0,3749336,python,[JIT],0x0000e82e99ef6b54
248311.0,3749336,python,[JIT],0x0000e82e99ef92d4
248311.0,3749543,python,python,_PyUnicode_JoinArray
248311.0,3749543,python,[JIT],0x0000f0a3d1cdb214
248311.0,3749463,python,[JIT],0x0000e07d3f9e21bc
248311.0,3749336,python,[JIT],0x0000e82e99ef2a0c
248311.0,3749463,python,[JIT],0x0000e07d3f0d43fc
248311.0,3749463,python,[JIT],0x0000e07d3f6fdd18
248311.0,3749463,python,[JIT],0x0000e07d3f93d97c
248310.0,3749208,python,[JIT],0x0000e7243bebf220
248310.0,3749208,python,[JIT],0x0000e7243c8059e0
248310.0,3749208,python,[JIT],0x0000e7243c80804c
248310.0,3749208,python,[JIT],0x0000e7243c80e244
248310.0,3749208,python,[JIT],0x0000e7243c8b8444
248310.0,3749586,python,[JIT],0x0000f45d96578294
248310.0,3749586,python,[JIT],0x0000f45d9657de00
248310.0,3749586,python,[JIT],0x0000f45d965b3608
248310.0,3749586,python,[JIT],0x0000f45d96af831c
248310.0,3749586,python,[JIT],0x0000f45d96afb3bc
248310.0,3749586,python,[JIT],0x0000f45d96dde8f4
248310.0,3749586,python,[JIT],0x0000f45d96e129a0
248310.0,3749240,python,[JIT],0x0000ee2d4ca2e0d8
248310.0,3749240,python,[JIT],0x0000ee2d4d0fc68c
248310.0,3749240,python,[JIT],0x0000ee2d4d2beb0c
248310.0,3749240,python,[JIT],0x0000ee2d4d2fc510
248310.0,3749543,python,[JIT],0x0000f0a3d139e22c
248310.0,3749543,python,[JIT],0x0000f0a3d18f94c4
248310.0,3749543,python,[JIT],0x0000f0a3d1936830
248310.0,3749543,python,[JIT],0x0000f0a3d1cd236c
248310.0,3749543,python,[JIT],0x0000f0a3d1cd3228
248310.0,3749543,python,[JIT],0x0000f0a3d1d8618c
248310.0,3749336,python,[JIT],0x0000e82e9955211c
248310.0,3749336,python,[JIT],0x0000e82e995842ac
248310.0,3749336,python,[JIT],0x0000e82e9958c07c
248310.0,3749336,python,[JIT],0x0000e82e995b1040
248310.0,3749336,python,[JIT],0x0000e82e995b1fe4
248310.0,3749336,python,[JIT],0x0000e82e995fe08c
248310.0,3749336,python,[JIT],0x0000e82e995fe3f4
248310.0,3749336,python,[JIT],0x0000e82e99e0f2b8
248310.0,3749336,python,[JIT],0x0000e82e99e49698
248310.0,3749336,python,[JIT],0x0000e82e99e4a4b0
248310.0,3749336,python,[JIT],0x0000e82e99efb84c
248310.0,3749543,python,[JIT],0x0000f0a3d1cdb56c
248310.0,3749543,python,[JIT],0x0000f0a3d1d86170
248310.0,3749463,python,[JIT],0x0000e07d3f9e1d0c
248310.0,3749336,python,python,_io_TextIOWrapper_write
248310.0,3749336,python,[JIT],0x0000e82e99e4415c
248310.0,3749463,python,[JIT],0x0000e07d3f8fe768
248310.0,3749463,python,[JIT],0x0000e07d3f9e7a90
248309.0,3749208,python,[JIT],0x0000e7243c4ec39c
248309.0,3749208,python,[JIT],0x0000e7243c805184
248309.0,3749208,python,[JIT],0x0000e7243c8b7558
248309.0,3749586,python,[JIT],0x0000f45d9657c0cc
248309.0,3749586,python,[JIT],0x0000f45d9657c568
248309.0,3749586,python,[JIT],0x0000f45d9657d7f0
248309.0,3749586,python,[JIT],0x0000f45d965b6cd4
248309.0,3749586,python,[JIT],0x0000f45d96af1548
248309.0,3749586,python,[JIT],0x0000f45d96af421c
248309.0,3749586,python,[JIT],0x0000f45d96afb3e0
248309.0,3749586,python,[JIT],0x0000f45d96dde3e8
248309.0,3749586,python,[JIT],0x0000f45d96e192d4
248309.0,3749586,python,[JIT],0x0000f45d96ec1478
248309.0,3749240,python,[JIT],0x0000ee2d4d0ed718
248309.0,3749240,python,[JIT],0x0000ee2d4d2bedc4
248309.0,3749240,python,[JIT],0x0000ee2d4d3d1004
248309.0,3749543,python,[kernel.kallsyms],kmem_cache_alloc_bulk
248309.0,3749543,python,[JIT],0x0000f0a3d190c5ec
248309.0,3749543,python,[JIT],0x0000f0a3d190d0b8
248309.0,3749543,python,[JIT],0x0000f0a3d1934bec
248309.0,3749543,python,[JIT],0x0000f0a3d19787a4
248309.0,3749543,python,[JIT],0x0000f0a3d1c9f72c
248309.0,3749543,python,[JIT],0x0000f0a3d1d87fe0
248309.0,3749543,python,[JIT],0x0000f0a3d1d8a194
248309.0,3749336,python,[JIT],0x0000e82e994f32e4
248309.0,3749336,python,[JIT],0x0000e82e9958c540
248309.0,3749336,python,[JIT],0x0000e82e9958ced4
248309.0,3749336,python,[JIT],0x0000e82e995b34dc
248309.0,3749336,python,[JIT],0x0000e82e995b9e48
248309.0,3749336,python,[JIT],0x0000e82e995f303c
248309.0,3749336,python,[JIT],0x0000e82e99e0e0c8
248309.0,3749336,python,[JIT],0x0000e82e99e432b4
248309.0,3749336,python,[JIT],0x0000e82e99e47e14
248309.0,3749336,python,[JIT],0x0000e82e99ef25f0
248309.0,3749336,python,[JIT],0x0000e82e99ef5d64
248309.0,3749336,python,[JIT],0x0000e82e99efaab8
248309.0,3749543,python,python,_PyType_AllocNoTrack
248309.0,3749543,python,[JIT],0x0000f0a3d1d87f48
248309.0,3749543,python,[JIT],0x0000f0a3d1d888f0
248309.0,3749463,python,[JIT],0x0000e07d3f9e1954
248309.0,3749463,python,[JIT],0x0000e07d3f0d20fc
248309.0,3749463,python,[JIT],0x0000e07d3f6fc2e0
248309.0,3749463,python,[JIT],0x0000e07d3f6fd09c
248309.0,3749463,python,[JIT],0x0000e07d3f9e505c
248308.0,3749208,python,[JIT],0x0000e7243bf4ca30
248308.0,3749208,python,[JIT],0x0000e7243bf75864
248308.0,3749208,python,[JIT],0x0000e7243c8015a0
248308.0,3749208,python,[JIT],0x0000e7243c80437c
248308.0,3749586,python,[JIT],0x0000f45d9657b050
248308.0,3749586,python,[JIT],0x0000f45d96af2170
248308.0,3749586,python,[JIT],0x0000f45d96dde1ac
248308.0,3749586,python,[JIT],0x0000f45d96e19440
248308.0,3749586,python,[JIT],0x0000f45d96e195fc
248308.0,3749586,python,[JIT],0x0000f45d96ec281c
248308.0,3749586,python,[JIT],0x0000f45d96afc0d4
248308.0,3749240,python,python,_Py_CheckFunctionResult
248308.0,3749240,python,[JIT],0x0000ee2d4d2fcd60
248308.0,3749240,python,[JIT],0x0000ee2d4c99b9b8
248308.0,3749240,python,[JIT],0x0000ee2d4d0fa838
248308.0,3749240,python,[JIT],0x0000ee2d4d2fc39c
248308.0,3749543,python,python,unicode_compare
248308.0,3749543,python,[JIT],0x0000f0a3d18edd74
248308.0,3749543,python,[JIT],0x0000f0a3d190a1e4
248308.0,3749543,python,[JIT],0x0000f0a3d19723a0
248308.0,3749543,python,[JIT],0x0000f0a3d1978128
248308.0,3749543,python,[JIT],0x0000f0a3d1cd66f4
248308.0,3749543,python,[JIT],0x0000f0a3d1cd806c
248308.0,3749543,python,[JIT],0x0000f0a3d1cd93e0
248308.0,3749543,python,[JIT],0x0000f0a3d1cd9864
248308.0,3749543,python,[JIT],0x0000f0a3d1d841a0
248308.0,3749543,python,[JIT],0x0000f0a3d1d878ec
248308.0,3749543,python,[JIT],0x0000f0a3d1d87a80
248308.0,3749543,python,[JIT],0x0000f0a3d1d88728
248308.0,3749336,python,[JIT],0x0000e82e9955bf20
248308.0,3749336,python,[JIT],0x0000e82e9958124c
248308.0,3749336,python,[JIT],0x0000e82e995b555c
248308.0,3749336,python,[JIT],0x0000e82e995b9b64
248308.0,3749336,python,[JIT],0x0000e82e995fd13c
248308.0,3749336,python,[JIT],0x0000e82e99e0f564
248308.0,3749336,python,[JIT],0x0000e82e99e44294
248308.0,3749336,python,[JIT],0x0000e82e99e460a0
248308.0,3749336,python,[JIT],0x0000e82e99e47920
248308.0,3749336,python,[JIT],0x0000e82e99ef28d4
248308.0,3749336,python,[JIT],0x0000e82e99ef2a9c
248308.0,3749336,python,[JIT],0x0000e82e99ef61e8
248308.0,3749336,python,[JIT],0x0000e82e99efd498
248308.0,3749543,python,libc.so.6,__memmove_generic
248308.0,3749543,python,[kernel.kallsyms],memset
248308.0,3749543,python,[JIT],0x0000f0a3d1d8784c
248308.0,3749463,python,[JIT],0x0000e07d3f93d0ec
248308.0,3749336,python,[JIT],0x0000e82e995fd368
248308.0,3749463,python,[JIT],0x0000e07d3f0680e4
248308.0,3749463,python,[JIT],0x0000e07d3f0d4278
248308.0,3749463,python,[JIT],0x0000e07d3f0d6924
248308.0,3749463,python,[JIT],0x0000e07d3f6f8bd0
248308.0,3749463,python,[JIT],0x0000e07d3f933400
248308.0,3749463,python,[JIT],0x0000e07d3f933e10
248307.0,3749208,python,[JIT],0x0000e7243bf1de08
248307.0,3749208,python,[JIT],0x0000e7243bf4c2e4
248307.0,3749208,python,[JIT],0x0000e7243bfb133c
248307.0,3749208,python,[JIT],0x0000e7243bfb9cc8
248307.0,3749208,python,[JIT],0x0000e7243c4ee2e4
248307.0,3749208,python,[JIT],0x0000e7243c801ad8
248307.0,3749208,python,[JIT],0x0000e7243c802794
248307.0,3749208,python,[JIT],0x0000e7243c80e248
248307.0,3749208,python,[JIT],0x0000e7243c80e8cc
248307.0,3749208,python,[JIT],0x0000e7243c8b3434
248307.0,3749586,python,[JIT],0x0000f45d96579924
248307.0,3749586,python,[JIT],0x0000f45d965b187c
248307.0,3749586,python,[JIT],0x0000f45d965b370c
248307.0,3749586,python,[JIT],0x0000f45d96af1900
248307.0,3749586,python,[JIT],0x0000f45d96af809c
248307.0,3749586,python,[JIT],0x0000f45d96e157a8
248307.0,3749586,python,[JIT],0x0000f45d96e178d4
248307.0,3749586,python,[JIT],0x0000f45d96e19008
248307.0,3749586,python,[JIT],0x0000f45d96ec24cc
248307.0,3749586,python,[JIT],0x0000f45d96ec27f0
248307.0,3749240,python,[JIT],0x0000ee2d4ca5b7f0
248307.0,3749240,python,[JIT],0x0000ee2d4ca5c51c
248307.0,3749240,python,[JIT],0x0000ee2d4ca93484
248307.0,3749240,python,[JIT],0x0000ee2d4d0fa75c
248307.0,3749240,python,[JIT],0x0000ee2d4d0fd190
248307.0,3749240,python,[JIT],0x0000ee2d4d2fcfb4
248307.0,3749240,python,[JIT],0x0000ee2d4d3a3944
248307.0,3749543,python,[JIT],0x0000f0a3d1979028
248307.0,3749543,python,[JIT],0x0000f0a3d1cd3354
248307.0,3749543,python,[JIT],0x0000f0a3d1cd65e4
248307.0,3749543,python,[JIT],0x0000f0a3d1cd9420
248307.0,3749543,python,[JIT],0x0000f0a3d1d889f0
248307.0,3749336,python,[JIT],0x0000e82e9955e2b4
248307.0,3749336,python,[JIT],0x0000e82e9958cb48
248307.0,3749336,python,[JIT],0x0000e82e9958d048
248307.0,3749336,python,[JIT],0x0000e82e9958d0ac
248307.0,3749336,python,[JIT],0x0000e82e995b1cc0
248307.0,3749336,python,[JIT],0x0000e82e995b8b68
248307.0,3749336,python,[JIT],0x0000e82e995bc3d4
248307.0,3749336,python,[JIT],0x0000e82e99aeb9b4
248307.0,3749336,python,[JIT],0x0000e82e99e41ab8
248307.0,3749336,python,[JIT],0x0000e82e99e430a4
248307.0,3749336,python,[JIT],0x0000e82e99e43170
248307.0,3749336,python,[JIT],0x0000e82e99e478f0
248307.0,3749336,python,[JIT],0x0000e82e99e47c88
248307.0,3749336,python,[JIT],0x0000e82e99e4ad38
248307.0,3749336,python,[JIT],0x0000e82e99ef5ed0
248307.0,3749463,python,[JIT],0x0000e07d3f9390b4
248307.0,3749463,python,[JIT],0x0000e07d3f9e92c8
248307.0,3749336,python,python,emit__EXIT_TRACE_r10
248307.0,3749463,python,[JIT],0x0000e07d3f0d4190
248307.0,3749463,python,[JIT],0x0000e07d3f6ef9e8
248307.0,3749463,python,[JIT],0x0000e07d3f6f8a28
248307.0,3749463,python,[JIT],0x0000e07d3f933eb4
248307.0,3749463,python,[JIT],0x0000e07d3f9e6bb4
248306.0,3749208,python,[JIT],0x0000e7243bd2d638
248306.0,3749208,python,[JIT],0x0000e7243bf19d40
248306.0,3749586,python,python,set_vectorcall
248306.0,3749586,python,[JIT],0x0000f45d964e97c8
248306.0,3749586,python,[JIT],0x0000f45d96af2274
248306.0,3749586,python,[JIT],0x0000f45d96afb484
248306.0,3749586,python,[JIT],0x0000f45d96afc5cc
248306.0,3749586,python,[JIT],0x0000f45d96afe094
248306.0,3749240,python,[JIT],0x0000ee2d4d2be790
248306.0,3749240,python,[JIT],0x0000ee2d4d2f7994
248306.0,3749240,python,[JIT],0x0000ee2d4d2fb064
248306.0,3749240,python,[JIT],0x0000ee2d4d0fd524
248306.0,3749240,python,[JIT],0x0000ee2d4d2fc5cc
248306.0,3749543,python,[JIT],0x0000f0a3d19323f4
248306.0,3749543,python,[JIT],0x0000f0a3d19797fc
248306.0,3749543,python,[JIT],0x0000f0a3d1cd20b0
248306.0,3749543,python,[JIT],0x0000f0a3d1cd21fc
248306.0,3749543,python,[JIT],0x0000f0a3d1cd24b4
248306.0,3749543,python,[JIT],0x0000f0a3d1cd9704
248306.0,3749543,python,[JIT],0x0000f0a3d1cd9790
248306.0,3749543,python,[JIT],0x0000f0a3d1d8202c
248306.0,3749543,python,[JIT],0x0000f0a3d1d82184
248306.0,3749543,python,[JIT],0x0000f0a3d1d84110
248306.0,3749543,python,[JIT],0x0000f0a3d1d842b8
248306.0,3749543,python,[JIT],0x0000f0a3d1d8717c
248306.0,3749336,python,[JIT],0x0000e82e9952d298
248306.0,3749336,python,[JIT],0x0000e82e99587a58
248306.0,3749336,python,[JIT],0x0000e82e995b3364
248306.0,3749336,python,[JIT],0x0000e82e995f3260
248306.0,3749336,python,[JIT],0x0000e82e99e0f420
248306.0,3749336,python,[JIT],0x0000e82e99e41b88
248306.0,3749336,python,[JIT],0x0000e82e99e431f8
248306.0,3749336,python,[JIT],0x0000e82e99e477a0
248306.0,3749336,python,[JIT],0x0000e82e99e4a084
248306.0,3749336,python,[JIT],0x0000e82e99efa5bc
248306.0,3749336,python,[JIT],0x0000e82e99efad60
248306.0,3749543,python,[JIT],0x0000f0a3d1cdd0c0
248306.0,3749463,python,python,_Py_uop_analyze_and_optimize
248306.0,3749463,python,[JIT],0x0000e07d3f034378
248306.0,3749463,python,[JIT],0x0000e07d3f096d44
248306.0,3749463,python,[JIT],0x0000e07d3f9e17b0
248305.0,3749208,python,python,_PyObject_InitInlineValues
248305.0,3749208,python,[JIT],0x0000e7243bf11e98
248305.0,3749208,python,[JIT],0x0000e7243bf75108
248305.0,3749208,python,[JIT],0x0000e7243c807f88
248305.0,3749208,python,[JIT],0x0000e7243c8b1038
248305.0,3749208,python,[JIT],0x0000e7243c8b70b8
248305.0,3749208,python,[JIT],0x0000e7243c8b75bc
248305.0,3749586,python,[JIT],0x0000f45d96afe0fc
248305.0,3749586,python,[JIT],0x0000f45d96e1d2d4
248305.0,3749240,python,[JIT],0x0000ee2d4d0f80c8
248305.0,3749240,python,[JIT],0x0000ee2d4c9c91d0
248305.0,3749240,python,[JIT],0x0000ee2d4ca5c850
248305.0,3749240,python,[JIT],0x0000ee2d4ca5dbc8
248305.0,3749240,python,[JIT],0x0000ee2d4d0f9600
248305.0,3749240,python,[JIT],0x0000ee2d4d2fcb40
248305.0,3749543,python,[JIT],0x0000f0a3d13f885c
248305.0,3749543,python,[JIT],0x0000f0a3d19092c4
248305.0,3749543,python,[JIT],0x0000f0a3d1934c14
248305.0,3749543,python,[JIT],0x0000f0a3d1cdb804
248305.0,3749543,python,[JIT],0x0000f0a3d1d870d4
248305.0,3749543,python,[JIT],0x0000f0a3d1d884f4
248305.0,3749336,python,[JIT],0x0000e82e99558144
248305.0,3749336,python,[JIT],0x0000e82e995b1990
248305.0,3749336,python,[JIT],0x0000e82e995b2214
248305.0,3749336,python,[JIT],0x0000e82e995b5580
248305.0,3749336,python,[JIT],0x0000e82e99e4739c
248305.0,3749336,python,[JIT],0x0000e82e99e49554
248305.0,3749336,python,[JIT],0x0000e82e99ef2ae8
248305.0,3749336,python,[JIT],0x0000e82e99ef55e0
248305.0,3749336,python,[JIT],0x0000e82e99ef5d40
248305.0,3749336,python,[JIT],0x0000e82e99ef90b0
248305.0,3749336,python,[JIT],0x0000e82e99efa370
248305.0,3749543,python,[JIT],0x0000f0a3d1d82b0c
248305.0,3749463,python,python,optimize_uops.isra.0
248305.0,3749463,python,[JIT],0x0000e07d3f93115c
248305.0,3749463,python,[JIT],0x0000e07d3f9e67f4
248305.0,3749463,python,python,_Py_Specialize_GetIter
248305.0,3749463,python,[JIT],0x0000e07d3f9313c0
248305.0,3749463,python,[JIT],0x0000e07d3f933aa0
248305.0,3749463,python,[JIT],0x0000e07d3f93a144
248305.0,3749463,python,[JIT],0x0000e07d3f9e61fc
248304.0,3749208,python,python,_Py_Specialize_Call
248304.0,3749208,python,[JIT],0x0000e7243bf1df80
248304.0,3749208,python,[JIT],0x0000e7243bf7b3d0
248304.0,3749208,python,[JIT],0x0000e7243bfb9e38
248304.0,3749208,python,[JIT],0x0000e7243c4eb12c
248304.0,3749208,python,[JIT],0x0000e7243c80e000
248304.0,3749208,python,[JIT],0x0000e7243c8b313c
248304.0,3749586,python,[JIT],0x0000f45d96516184
248304.0,3749586,python,[JIT],0x0000f45d9657c3d8
248304.0,3749586,python,[JIT],0x0000f45d96af9218
248304.0,3749586,python,[JIT],0x0000f45d96ddec38
248304.0,3749586,python,[JIT],0x0000f45d96e17230
248304.0,3749586,python,[JIT],0x0000f45d96e19078
248304.0,3749586,python,python,Py_HashBuffer
248304.0,3749586,python,[JIT],0x0000f45d96e1cea8
248304.0,3749240,python,python,_PyType_AllocNoTrack
248304.0,3749240,python,[JIT],0x0000ee2d4d2fd2c4
248304.0,3749240,python,[JIT],0x0000ee2d4ca59928
248304.0,3749240,python,[JIT],0x0000ee2d4d0fa850
248304.0,3749240,python,[JIT],0x0000ee2d4d3a22d0
248304.0,3749543,python,[JIT],0x0000f0a3d139c6a4
248304.0,3749543,python,[JIT],0x0000f0a3d13f8af8
248304.0,3749543,python,[JIT],0x0000f0a3d18febc4
248304.0,3749543,python,[JIT],0x0000f0a3d1d8443c
248304.0,3749543,python,[JIT],0x0000f0a3d1d8b038
248304.0,3749543,python,[JIT],0x0000f0a3d1d8c270
248304.0,3749543,python,[JIT],0x0000f0a3d1d8cb90
248304.0,3749336,python,[JIT],0x0000e82e995846dc
248304.0,3749336,python,[JIT],0x0000e82e995f81d0
248304.0,3749336,python,[JIT],0x0000e82e995fd05c
248304.0,3749336,python,[JIT],0x0000e82e99e41330
248304.0,3749336,python,[JIT],0x0000e82e99e46144
248304.0,3749336,python,[JIT],0x0000e82e99e4a9a4
248304.0,3749336,python,[JIT],0x0000e82e99ef54fc
248304.0,3749336,python,[JIT],0x0000e82e99ef554c
248304.0,3749336,python,[JIT],0x0000e82e99efa2ec
248304.0,3749543,python,[JIT],0x0000f0a3d1cd3504
248304.0,3749543,python,[JIT],0x0000f0a3d1d829e4
248304.0,3749543,python,[JIT],0x0000f0a3d1d8b4a4
248304.0,3749463,python,[JIT],0x0000e07d3f93b408
248304.0,3749336,python,[JIT],0x0000e82e99ef6cdc
248304.0,3749463,python,[JIT],0x0000e07d3f0d877c
248304.0,3749463,python,[JIT],0x0000e07d3f6f07f4
248304.0,3749463,python,[JIT],0x0000e07d3f6f5d58
248304.0,3749463,python,[JIT],0x0000e07d3f6f927c
248304.0,3749463,python,[JIT],0x0000e07d3f931264
248304.0,3749463,python,[JIT],0x0000e07d3f9e4288
248303.0,3749208,python,[JIT],0x0000e7243bf45008
248303.0,3749208,python,[JIT],0x0000e7243c805a40
248303.0,3749208,python,[JIT],0x0000e7243c807e1c
248303.0,3749208,python,[JIT],0x0000e7243c80c7cc
248303.0,3749586,python,[JIT],0x0000f45d96e1c91c
248303.0,3749586,python,[JIT],0x0000f45d96e1d0c8
248303.0,3749586,python,[JIT],0x0000f45d96ec1464
248303.0,3749586,python,[JIT],0x0000f45d96e1c358
248303.0,3749586,python,[JIT],0x0000f45d96e1c8ec
248303.0,3749240,python,[JIT],0x0000ee2d4d0fc1d8
248303.0,3749240,python,[JIT],0x0000ee2d4d2fceac
248303.0,3749240,python,[JIT],0x0000ee2d4d2f7b44
248303.0,3749240,python,[JIT],0x0000ee2d4d2fc5e0
248303.0,3749240,python,[JIT],0x0000ee2d4d2fc9d8
248303.0,3749543,python,[JIT],0x0000f0a3d190c564
248303.0,3749543,python,[JIT],0x0000f0a3d1cd987c
248303.0,3749543,python,[JIT],0x0000f0a3d1d87038
248303.0,3749336,python,python,patch_aarch64_21r
248303.0,3749336,python,[JIT],0x0000e82e9955e2fc
248303.0,3749336,python,[JIT],0x0000e82e995b1eac
248303.0,3749336,python,[JIT],0x0000e82e995f7014
248303.0,3749336,python,[JIT],0x0000e82e995fd3f8
248303.0,3749336,python,[JIT],0x0000e82e99aec5bc
248303.0,3749336,python,[JIT],0x0000e82e99e41b48
248303.0,3749336,python,[JIT],0x0000e82e99ef2c28
248303.0,3749336,python,[JIT],0x0000e82e99ef6aa0
248303.0,3749336,python,[JIT],0x0000e82e99ef803c
248303.0,3749543,python,[JIT],0x0000f0a3d1cd9038
248303.0,3749543,python,[JIT],0x0000f0a3d1d826bc
248303.0,3749543,python,[JIT],0x0000f0a3d1d8a234
248303.0,3749463,python,[JIT],0x0000e07d3f9e1828
248303.0,3749336,python,[JIT],0x0000e82e99ef412c
248303.0,3749463,python,[JIT],0x0000e07d3f09e2b8
248303.0,3749463,python,[JIT],0x0000e07d3f9e5648
248302.0,3749208,python,[JIT],0x0000e7243bf72b50
248302.0,3749208,python,[JIT],0x0000e7243c4ee4d0
248302.0,3749208,python,[JIT],0x0000e7243c7ce854
248302.0,3749208,python,[JIT],0x0000e7243c8b4170
248302.0,3749586,python,[JIT],0x0000f45d9654e308
248302.0,3749586,python,[JIT],0x0000f45d96afb264
248302.0,3749586,python,[JIT],0x0000f45d96e1168c
248302.0,3749586,python,[JIT],0x0000f45d96e198dc
248302.0,3749586,python,[JIT],0x0000f45d96e1d468
248302.0,3749240,python,python,PyObject_SetAttr
248302.0,3749240,python,python,set_update_iterable_lock_held
248302.0,3749240,python,[JIT],0x0000ee2d4d2f954c
248302.0,3749240,python,[JIT],0x0000ee2d4d2fd1bc
248302.0,3749240,python,[JIT],0x0000ee2d4ca213ec
248302.0,3749240,python,[JIT],0x0000ee2d4ca2e3d8
248302.0,3749240,python,[JIT],0x0000ee2d4ca2e514
248302.0,3749240,python,[JIT],0x0000ee2d4d0ed9b8
248302.0,3749240,python,[JIT],0x0000ee2d4d2f7d98
248302.0,3749543,python,[JIT],0x0000f0a3d18f9c2c
248302.0,3749543,python,[JIT],0x0000f0a3d190c934
248302.0,3749543,python,[JIT],0x0000f0a3d19310c4
248302.0,3749543,python,[JIT],0x0000f0a3d1934050
248302.0,3749543,python,[JIT],0x0000f0a3d1cd2304
248302.0,3749543,python,[JIT],0x0000f0a3d1d8709c
248302.0,3749543,python,[JIT],0x0000f0a3d1d87860
248302.0,3749543,python,[JIT],0x0000f0a3d1d8b0dc
248302.0,3749543,python,[JIT],0x0000f0a3d1d8d008
248302.0,3749336,python,[kernel.kallsyms],pipe_read
248302.0,3749336,python,[JIT],0x0000e82e994f3828
248302.0,3749336,python,[JIT],0x0000e82e995872c0
248302.0,3749336,python,[JIT],0x0000e82e9958c588
248302.0,3749336,python,[JIT],0x0000e82e995f3ec0
248302.0,3749336,python,[JIT],0x0000e82e99e415b8
248302.0,3749336,python,[JIT],0x0000e82e99ef1150
248302.0,3749336,python,[JIT],0x0000e82e99ef2750
248302.0,3749336,python,[JIT],0x0000e82e99ef5e0c
248302.0,3749336,python,[JIT],0x0000e82e99ef90c8
248302.0,3749336,python,[JIT],0x0000e82e99efa4e8
248302.0,3749543,python,python,_PyDict_FromItems
248302.0,3749543,python,[JIT],0x0000f0a3d1cd9c30
248302.0,3749463,python,python,_Py_CheckFunctionResult
248302.0,3749463,python,[JIT],0x0000e07d3f6fd104
248302.0,3749463,python,[JIT],0x0000e07d3f93d3a4
248302.0,3749463,python,[JIT],0x0000e07d3f9e1f68
248302.0,3749336,python,python,_PyObject_Realloc
248302.0,3749463,python,[JIT],0x0000e07d3f0d5e6c
248302.0,3749463,python,[JIT],0x0000e07d3f6f594c
248302.0,3749463,python,[JIT],0x0000e07d3f93d484
248301.0,3749208,python,python,subtype_traverse
248301.0,3749208,python,[JIT],0x0000e7243beb64cc
248301.0,3749208,python,[JIT],0x0000e7243bf457d8
248301.0,3749208,python,[JIT],0x0000e7243bf47c44
248301.0,3749208,python,[JIT],0x0000e7243c8051b0
248301.0,3749208,python,[JIT],0x0000e7243c8bb0cc
248301.0,3749586,python,[JIT],0x0000f45d964ef018
248301.0,3749586,python,[JIT],0x0000f45d965411e4
248301.0,3749586,python,[JIT],0x0000f45d96575ba0
248301.0,3749586,python,[JIT],0x0000f45d96579d30
248301.0,3749586,python,[JIT],0x0000f45d9657ce84
248301.0,3749586,python,[JIT],0x0000f45d96af1d3c
248301.0,3749586,python,[JIT],0x0000f45d96afc130
248301.0,3749586,python,[JIT],0x0000f45d96ddec8c
248301.0,3749586,python,[JIT],0x0000f45d96e11120
248301.0,3749586,python,[JIT],0x0000f45d96e12830
248301.0,3749586,python,python,tuple_subscript
248301.0,3749240,python,[JIT],0x0000ee2d4ca5b090
248301.0,3749240,python,[JIT],0x0000ee2d4d2be2d4
248301.0,3749240,python,[JIT],0x0000ee2d4d2f9980
248301.0,3749543,python,[JIT],0x0000f0a3d190c9f0
248301.0,3749543,python,[JIT],0x0000f0a3d1979168
248301.0,3749543,python,[JIT],0x0000f0a3d19797c8
248301.0,3749543,python,[JIT],0x0000f0a3d1d87f30
248301.0,3749336,python,python,PySequence_Fast
248301.0,3749336,python,[JIT],0x0000e82e9958c008
248301.0,3749336,python,[JIT],0x0000e82e9958d234
248301.0,3749336,python,[JIT],0x0000e82e995b204c
248301.0,3749336,python,[JIT],0x0000e82e995b84f0
248301.0,3749336,python,[JIT],0x0000e82e99e472f4
248301.0,3749336,python,[JIT],0x0000e82e99e49094
248301.0,3749336,python,[JIT],0x0000e82e99ef179c
248301.0,3749336,python,[JIT],0x0000e82e99ef2338
248301.0,3749336,python,[JIT],0x0000e82e99ef908c
248301.0,3749336,python,[JIT],0x0000e82e99efaa64
248301.0,3749336,python,[JIT],0x0000e82e99efaebc
248301.0,3749543,python,[JIT],0x0000f0a3d197813c
248301.0,3749543,python,[JIT],0x0000f0a3d1cd33a0
248301.0,3749543,python,[JIT],0x0000f0a3d1cd942c
248301.0,3749543,python,[JIT],0x0000f0a3d1d8a138
248301.0,3749463,python,python,long_dealloc
248301.0,3749463,python,[JIT],0x0000e07d3f6fc68c
248301.0,3749336,python,[JIT],0x0000e82e99e0f210
248301.0,3749463,python,[JIT],0x0000e07d3f03d0a4
248301.0,3749463,python,[JIT],0x0000e07d3f09319c
248301.0,3749463,python,[JIT],0x0000e07d3f6fc4f4
248301.0,3749463,python,[JIT],0x0000e07d3f6fc56c
248301.0,3749463,python,[JIT],0x0000e07d3f6fd160
248301.0,3749463,python,[JIT],0x0000e07d3f9361a8
248301.0,3749463,python,[JIT],0x0000e07d3f9e1260
248300.0,3749208,python,[JIT],0x0000e7243beb6048
248300.0,3749208,python,[JIT],0x0000e7243bfb21dc
248300.0,3749208,python,[JIT],0x0000e7243c805988
248300.0,3749208,python,[JIT],0x0000e7243c8b32ec
248300.0,3749586,python,[JIT],0x0000f45d96af82c8
248300.0,3749586,python,[JIT],0x0000f45d96e19284
248300.0,3749586,python,[JIT],0x0000f45d96e19344
248300.0,3749586,python,[JIT],0x0000f45d96e1c1c0
248300.0,3749586,python,[JIT],0x0000f45d96e1c7a0
248300.0,3749586,python,[JIT],0x0000f45d96e1d194
248300.0,3749586,python,[JIT],0x0000f45d96e1d3c8
248300.0,3749586,python,[JIT],0x0000f45d96ef1000
248300.0,3749240,python,[JIT],0x0000ee2d4d3a5150
248300.0,3749240,python,[JIT],0x0000ee2d4d0ec9b4
248300.0,3749240,python,[JIT],0x0000ee2d4d0f955c
248300.0,3749240,python,[JIT],0x0000ee2d4d0fd678
248300.0,3749240,python,[JIT],0x0000ee2d4d2be3bc
248300.0,3749543,python,[JIT],0x0000f0a3d190cfc0
248300.0,3749543,python,[JIT],0x0000f0a3d1934c74
248300.0,3749543,python,[JIT],0x0000f0a3d1cd2590
248300.0,3749543,python,[JIT],0x0000f0a3d1cd6190
248300.0,3749543,python,[JIT],0x0000f0a3d1cdca94
248300.0,3749543,python,[JIT],0x0000f0a3d1d82a64
248300.0,3749543,python,[JIT],0x0000f0a3d1d8427c
248300.0,3749543,python,[JIT],0x0000f0a3d1d87d68
248300.0,3749543,python,[JIT],0x0000f0a3d1d885bc
248300.0,3749543,python,[JIT],0x0000f0a3d1d88874
248300.0,3749336,python,[JIT],0x0000e82e995870ac
248300.0,3749336,python,[JIT],0x0000e82e99589794
248300.0,3749336,python,[JIT],0x0000e82e9958c444
248300.0,3749336,python,[JIT],0x0000e82e995fd938
248300.0,3749336,python,[JIT],0x0000e82e99aed674
248300.0,3749336,python,[JIT],0x0000e82e99e0f290
248300.0,3749336,python,[JIT],0x0000e82e99e0f37c
248300.0,3749336,python,[JIT],0x0000e82e99e412f4
248300.0,3749336,python,[JIT],0x0000e82e99e430f8
248300.0,3749336,python,[JIT],0x0000e82e99e4a808
248300.0,3749336,python,[JIT],0x0000e82e99ef208c
248300.0,3749336,python,[JIT],0x0000e82e99ef514c
248300.0,3749336,python,[JIT],0x0000e82e99ef5200
248300.0,3749336,python,[JIT],0x0000e82e99ef597c
248300.0,3749336,python,python,_list_extend
248300.0,3749336,python,python,deque_popleft
248300.0,3749336,python,[JIT],0x0000e82e99e431ec
248300.0,3749463,python,libc.so.6,_int_malloc
248300.0,3749463,python,[JIT],0x0000e07d3f0340a8
248300.0,3749463,python,[JIT],0x0000e07d3f6ee3a4
248299.0,3749208,python,[JIT],0x0000e7243bee51bc
248299.0,3749208,python,[JIT],0x0000e7243c80705c
248299.0,3749208,python,[JIT],0x0000e7243c808db4
248299.0,3749208,python,[JIT],0x0000e7243c8b3ed0
248299.0,3749208,python,[JIT],0x0000e7243c8b76b8
248299.0,3749586,python,[JIT],0x0000f45d96579028
248299.0,3749586,python,[JIT],0x0000f45d9657a270
248299.0,3749586,python,[JIT],0x0000f45d96e19268
248299.0,3749586,python,[JIT],0x0000f45d96e1d2fc
248299.0,3749586,python,[JIT],0x0000f45d96e1dcec
248299.0,3749586,python,[JIT],0x0000f45d96e1c4e8
248299.0,3749586,python,[JIT],0x0000f45d96e1cddc
248299.0,3749240,python,python,emit__HANDLE_PENDING_AND_DEOPT_r00
248299.0,3749240,python,[JIT],0x0000ee2d4d0f3358
248299.0,3749240,python,[JIT],0x0000ee2d4d0fc4b0
248299.0,3749240,python,[JIT],0x0000ee2d4d0fd2b0
248299.0,3749383,python,python,PyMethod_New
248299.0,3749543,python,python,object_richcompare
248299.0,3749543,python,[JIT],0x0000f0a3d13fba18
248299.0,3749543,python,[JIT],0x0000f0a3d18fc370
248299.0,3749543,python,[JIT],0x0000f0a3d19349d0
248299.0,3749543,python,[JIT],0x0000f0a3d1935ce8
248299.0,3749543,python,[JIT],0x0000f0a3d1936334
248299.0,3749543,python,[JIT],0x0000f0a3d19784e4
248299.0,3749543,python,[JIT],0x0000f0a3d1cd63e4
248299.0,3749543,python,[JIT],0x0000f0a3d1cd9390
248299.0,3749543,python,[JIT],0x0000f0a3d1cdb24c
248299.0,3749543,python,[JIT],0x0000f0a3d1d87030
248299.0,3749543,python,[JIT],0x0000f0a3d1d875d4
248299.0,3749543,python,[JIT],0x0000f0a3d1d87870
248299.0,3749543,python,[JIT],0x0000f0a3d1d87ac0
248299.0,3749543,python,[JIT],0x0000f0a3d1d882d0
248299.0,3749543,python,[JIT],0x0000f0a3d1d88c04
248299.0,3749543,python,[JIT],0x0000f0a3d1d8a008
248299.0,3749543,python,[JIT],0x0000f0a3d1d8b4c0
248299.0,3749336,python,[JIT],0x0000e82e99558410
248299.0,3749336,python,[JIT],0x0000e82e995b2348
248299.0,3749336,python,[JIT],0x0000e82e995fdf8c
248299.0,3749336,python,[JIT],0x0000e82e99e41d88
248299.0,3749336,python,[JIT],0x0000e82e99e445f8
248299.0,3749336,python,[JIT],0x0000e82e99e491f4
248299.0,3749336,python,[JIT],0x0000e82e99e4e8a8
248299.0,3749336,python,[JIT],0x0000e82e99ef566c
248299.0,3749336,python,[JIT],0x0000e82e99ef90d4
248299.0,3749336,python,[JIT],0x0000e82e99ef90ec
248299.0,3749336,python,[JIT],0x0000e82e99ef96a4
248299.0,3749336,python,[JIT],0x0000e82e99efd9bc
248299.0,3749543,python,[JIT],0x0000f0a3d1cd5128
248299.0,3749543,python,[JIT],0x0000f0a3d1cdc8e0
248299.0,3749463,python,[kernel.kallsyms],do_notify_resume
248299.0,3749463,python,[JIT],0x0000e07d3f936b44
248299.0,3749336,python,python,PyErr_Occurred
248299.0,3749336,python,[JIT],0x0000e82e99e47e28
248299.0,3749463,python,python,_PyUnicode_BinarySlice
248299.0,3749463,python,[JIT],0x0000e07d3f6f0024
248299.0,3749463,python,[JIT],0x0000e07d3f6fdd50
248299.0,3749463,python,[JIT],0x0000e07d3f9e6bec
248298.0,3749208,python,[kernel.kallsyms],__alloc_pages
248298.0,3749208,python,[JIT],0x0000e7243bd8a810
248298.0,3749208,python,[JIT],0x0000e7243bf1e29c
248298.0,3749208,python,[JIT],0x0000e7243bf476e4
248298.0,3749208,python,[JIT],0x0000e7243bf49150
248298.0,3749208,python,[JIT],0x0000e7243c8059ac
248298.0,3749208,python,[JIT],0x0000e7243c80c854
248298.0,3749208,python,[JIT],0x0000e7243c8b32d8
248298.0,3749208,python,[JIT],0x0000e7243c8b33b4
248298.0,3749586,python,[JIT],0x0000f45d96579a9c
248298.0,3749586,python,[JIT],0x0000f45d965b1934
248298.0,3749586,python,[JIT],0x0000f45d96af20b4
248298.0,3749586,python,[JIT],0x0000f45d96afb410
248298.0,3749586,python,[JIT],0x0000f45d96afc47c
248298.0,3749586,python,[JIT],0x0000f45d96afc4d8
248298.0,3749586,python,[JIT],0x0000f45d96dde20c
248298.0,3749586,python,[JIT],0x0000f45d96dde3a8
248298.0,3749586,python,[JIT],0x0000f45d96ddec30
248298.0,3749586,python,[JIT],0x0000f45d96e192b4
248298.0,3749586,python,[JIT],0x0000f45d96e1d938
248298.0,3749240,python,[JIT],0x0000ee2d4d2fc000
248298.0,3749240,python,python,strlen@plt
248298.0,3749240,python,[JIT],0x0000ee2d4c9fba14
248298.0,3749240,python,[JIT],0x0000ee2d4ca58148
248298.0,3749240,python,[JIT],0x0000ee2d4d2fb0d4
248298.0,3749240,python,[JIT],0x0000ee2d4d3a185c
248298.0,3749543,python,python,object_init
248298.0,3749543,python,[JIT],0x0000f0a3d19354e4
248298.0,3749543,python,[JIT],0x0000f0a3d1cd3324
248298.0,3749543,python,[JIT],0x0000f0a3d1cd51ec
248298.0,3749543,python,[JIT],0x0000f0a3d1cd54e0
248298.0,3749543,python,[JIT],0x0000f0a3d1d84388
248298.0,3749543,python,[JIT],0x0000f0a3d1d87a20
248298.0,3749336,python,[kernel.kallsyms],mem_cgroup_commit_charge
248298.0,3749336,python,[JIT],0x0000e82e9958978c
248298.0,3749336,python,[JIT],0x0000e82e99aeb644
248298.0,3749336,python,[JIT],0x0000e82e99e4637c
248298.0,3749336,python,[JIT],0x0000e82e99e470c8
248298.0,3749336,python,[JIT],0x0000e82e99e4a9fc
248298.0,3749336,python,[JIT],0x0000e82e99e4ac90
248298.0,3749336,python,[JIT],0x0000e82e99e4e360
248298.0,3749336,python,[JIT],0x0000e82e99ef2508
248298.0,3749336,python,[JIT],0x0000e82e99ef5584
248298.0,3749336,python,[JIT],0x0000e82e99ef55f8
248298.0,3749336,python,[JIT],0x0000e82e99ef621c
248298.0,3749336,python,[JIT],0x0000e82e99ef91c0
248298.0,3749463,python,[JIT],0x0000e07d3f6fc544
248298.0,3749463,python,[JIT],0x0000e07d3f935094
248297.0,3749208,python,[JIT],0x0000e7243bf19004
248297.0,3749208,python,[JIT],0x0000e7243bf47600
248297.0,3749208,python,[JIT],0x0000e7243bf76c70
248297.0,3749208,python,[JIT],0x0000e7243bfba574
248297.0,3749208,python,[JIT],0x0000e7243c4ec680
248297.0,3749208,python,[JIT],0x0000e7243c4ee2dc
248297.0,3749208,python,[JIT],0x0000e7243c808534
248297.0,3749208,python,[JIT],0x0000e7243c8b10d4
248297.0,3749208,python,[JIT],0x0000e7243c8b8d70
248297.0,3749586,python,[JIT],0x0000f45d96545124
248297.0,3749586,python,[JIT],0x0000f45d96e1cc68
248297.0,3749240,python,python,insertdict
248297.0,3749240,python,python,mprotect@plt
248297.0,3749240,python,[JIT],0x0000ee2d4d0f23dc
248297.0,3749240,python,[JIT],0x0000ee2d4d2be488
248297.0,3749543,python,[JIT],0x0000f0a3d13fc034
248297.0,3749543,python,[JIT],0x0000f0a3d18f60b0
248297.0,3749543,python,[JIT],0x0000f0a3d1934d50
248297.0,3749543,python,[JIT],0x0000f0a3d1973474
248297.0,3749543,python,[JIT],0x0000f0a3d197802c
248297.0,3749543,python,[JIT],0x0000f0a3d1cd26d0
248297.0,3749543,python,[JIT],0x0000f0a3d1cd6120
248297.0,3749543,python,[JIT],0x0000f0a3d1cd61e0
248297.0,3749543,python,[JIT],0x0000f0a3d1d870d0
248297.0,3749543,python,[JIT],0x0000f0a3d1d87774
248297.0,3749336,python,python,visit_decref
248297.0,3749336,python,[JIT],0x0000e82e9952d7e0
248297.0,3749336,python,[JIT],0x0000e82e9958c858
248297.0,3749336,python,[JIT],0x0000e82e995b1148
248297.0,3749336,python,[JIT],0x0000e82e995b1294
248297.0,3749336,python,[JIT],0x0000e82e995b1fc8
248297.0,3749336,python,[JIT],0x0000e82e995fd8d4
248297.0,3749336,python,[JIT],0x0000e82e99e43588
248297.0,3749336,python,[JIT],0x0000e82e99e4602c
248297.0,3749336,python,[JIT],0x0000e82e99e47a0c
248297.0,3749336,python,[JIT],0x0000e82e99e4ac84
248297.0,3749336,python,[JIT],0x0000e82e99ef508c
248297.0,3749336,python,[JIT],0x0000e82e99ef6158
248297.0,3749543,python,[JIT],0x0000f0a3d1d881d8
248297.0,3749463,python,[JIT],0x0000e07d3f93318c
248297.0,3749463,python,[JIT],0x0000e07d3f9e2314
248297.0,3749336,python,python,PyFunction_New
248297.0,3749463,python,[JIT],0x0000e07d3f933784
248297.0,3749463,python,[JIT],0x0000e07d3f9e2b10
248296.0,3749208,python,[JIT],0x0000e7243beb603c
248296.0,3749208,python,[JIT],0x0000e7243bebe5bc
248296.0,3749208,python,[JIT],0x0000e7243c8090e0
248296.0,3749208,python,[JIT],0x0000e7243c80e190
248296.0,3749208,python,[JIT],0x0000e7243c8b308c
248296.0,3749586,python,[JIT],0x0000f45d9651a7c0
248296.0,3749586,python,[JIT],0x0000f45d9657a104
248296.0,3749586,python,[JIT],0x0000f45d9657beb0
248296.0,3749586,python,[JIT],0x0000f45d9657beec
248296.0,3749586,python,[JIT],0x0000f45d965b168c
248296.0,3749586,python,[JIT],0x0000f45d965b21f0
248296.0,3749586,python,[JIT],0x0000f45d96e19ae0
248296.0,3749240,python,python,PyCallable_Check
248296.0,3749240,python,python,_Py_uop_sym_get_probable_value
248296.0,3749240,python,[kernel.kallsyms],do_notify_resume
248296.0,3749240,python,[JIT],0x0000ee2d4c9ce4d4
248296.0,3749240,python,[JIT],0x0000ee2d4d0fa820
248296.0,3749240,python,[JIT],0x0000ee2d4d2fca94
248296.0,3749240,python,[JIT],0x0000ee2d4d3a2438
248296.0,3749543,python,[kernel.kallsyms],stop_this_handle
248296.0,3749543,python,[JIT],0x0000f0a3d190c9ec
248296.0,3749543,python,[JIT],0x0000f0a3d193102c
248296.0,3749543,python,[JIT],0x0000f0a3d1936174
248296.0,3749543,python,[JIT],0x0000f0a3d19742e4
248296.0,3749543,python,[JIT],0x0000f0a3d1978438
248296.0,3749543,python,[JIT],0x0000f0a3d1978f24
248296.0,3749543,python,[JIT],0x0000f0a3d1979060
248296.0,3749543,python,[JIT],0x0000f0a3d1cd6294
248296.0,3749543,python,[JIT],0x0000f0a3d1cd98b0
248296.0,3749543,python,[JIT],0x0000f0a3d1d870a0
248296.0,3749543,python,[JIT],0x0000f0a3d1d8756c
248296.0,3749543,python,[JIT],0x0000f0a3d1d8a0c8
248296.0,3749336,python,[JIT],0x0000e82e9952a1b4
248296.0,3749336,python,[JIT],0x0000e82e995b5154
248296.0,3749336,python,[JIT],0x0000e82e995b5280
248296.0,3749336,python,[JIT],0x0000e82e995f33cc
248296.0,3749336,python,[JIT],0x0000e82e99e41108
248296.0,3749336,python,[JIT],0x0000e82e99e417d0
248296.0,3749336,python,[JIT],0x0000e82e99e441e8
248296.0,3749336,python,[JIT],0x0000e82e99e471e4
248296.0,3749336,python,[JIT],0x0000e82e99e4937c
248296.0,3749336,python,[JIT],0x0000e82e99e4ea50
248296.0,3749336,python,[JIT],0x0000e82e99ef4080
248296.0,3749336,python,[JIT],0x0000e82e99ef5e00
248296.0,3749543,python,[kernel.kallsyms],el0_da
248296.0,3749543,python,[JIT],0x0000f0a3d1cd54e4
248296.0,3749543,python,[JIT],0x0000f0a3d1d8a0b0
248296.0,3749463,python,[JIT],0x0000e07d3f9e9144
248296.0,3749336,python,[JIT],0x0000e82e99ef6aa8
248296.0,3749336,python,[JIT],0x0000e82e99ef921c
248296.0,3749463,python,[JIT],0x0000e07d3f8fe1e8
248296.0,3749463,python,[JIT],0x0000e07d3f93d080
248296.0,3749463,python,[JIT],0x0000e07d3f9e71f0
248295.0,3749208,python,[JIT],0x0000e7243bf49048
248295.0,3749208,python,[JIT],0x0000e7243c801064
248295.0,3749208,python,[JIT],0x0000e7243c8014e8
248295.0,3749208,python,[JIT],0x0000e7243c80e3c0
248295.0,3749208,python,[JIT],0x0000e7243c8b7640
248295.0,3749208,python,[JIT],0x0000e7243c8b87ec
248295.0,3749586,python,[JIT],0x0000f45d96575a28
248295.0,3749586,python,[JIT],0x0000f45d9657ce6c
248295.0,3749586,python,[JIT],0x0000f45d965ba428
248295.0,3749586,python,[JIT],0x0000f45d96af27fc
248295.0,3749586,python,[JIT],0x0000f45d96e1617c
248295.0,3749586,python,[JIT],0x0000f45d96e1c0b4
248295.0,3749586,python,[JIT],0x0000f45d96e1c308
248295.0,3749586,python,[JIT],0x0000f45d96ec5c5c
248295.0,3749586,python,[JIT],0x0000f45d96afb0c8
248295.0,3749240,python,[JIT],0x0000ee2d4d0fc538
248295.0,3749240,python,[JIT],0x0000ee2d4d2f2a90
248295.0,3749240,python,[JIT],0x0000ee2d4ca55590
248295.0,3749240,python,[JIT],0x0000ee2d4d0ec0dc
248295.0,3749240,python,[JIT],0x0000ee2d4d2f2db4
248295.0,3749240,python,[JIT],0x0000ee2d4d3a2cb0
248295.0,3749543,python,[JIT],0x0000f0a3d197972c
248295.0,3749543,python,[JIT],0x0000f0a3d1c9f374
248295.0,3749543,python,[JIT],0x0000f0a3d1cd5484
248295.0,3749543,python,[JIT],0x0000f0a3d1cd63f8
248295.0,3749543,python,[JIT],0x0000f0a3d1cd9274
248295.0,3749543,python,[JIT],0x0000f0a3d1cdc92c
248295.0,3749543,python,[JIT],0x0000f0a3d1d8415c
248295.0,3749543,python,[JIT],0x0000f0a3d1d87ed4
248295.0,3749336,python,[JIT],0x0000e82e9955c0d4
248295.0,3749336,python,[JIT],0x0000e82e995b8d88
248295.0,3749336,python,[JIT],0x0000e82e99e4114c
248295.0,3749336,python,[JIT],0x0000e82e99e4e668
248295.0,3749336,python,[JIT],0x0000e82e99e4e8c0
248295.0,3749336,python,[JIT],0x0000e82e99ef5460
248295.0,3749336,python,[JIT],0x0000e82e99ef6248
248295.0,3749336,python,[JIT],0x0000e82e99efa2fc
248295.0,3749543,python,[kernel.kallsyms],percpu_ref_put_many.constprop.0
248295.0,3749543,python,[JIT],0x0000f0a3d1cd23fc
248295.0,3749463,python,[kernel.kallsyms],rcu_core
248295.0,3749336,python,python,_PyOptimizer_Optimize
248295.0,3749336,python,[kernel.kallsyms],el0_svc
248295.0,3749463,python,[JIT],0x0000e07d3f03d108
248295.0,3749463,python,[JIT],0x0000e07d3f0d6c14
248295.0,3749463,python,[JIT],0x0000e07d3f6ef0f4
248295.0,3749463,python,[JIT],0x0000e07d3f93826c
248295.0,3749463,python,[JIT],0x0000e07d3f9e2b54
248295.0,3749463,python,[JIT],0x0000e07d3f9e6b74
248294.0,3749208,python,[JIT],0x0000e7243bd83e7c
248294.0,3749208,python,[JIT],0x0000e7243c801ae8
248294.0,3749208,python,[JIT],0x0000e7243c805708
248294.0,3749208,python,[JIT],0x0000e7243c80801c
248294.0,3749208,python,[JIT],0x0000e7243c80e32c
248294.0,3749586,python,[JIT],0x0000f45d96545308
248294.0,3749586,python,[JIT],0x0000f45d9657c108
248294.0,3749586,python,[JIT],0x0000f45d9657c584
248294.0,3749586,python,[JIT],0x0000f45d9657ca8c
248294.0,3749586,python,[JIT],0x0000f45d965b9150
248294.0,3749586,python,[JIT],0x0000f45d96afb184
248294.0,3749586,python,[JIT],0x0000f45d96afc0b0
248294.0,3749586,python,[JIT],0x0000f45d96e115e0
248294.0,3749586,python,[JIT],0x0000f45d96e12d1c
248294.0,3749586,python,[JIT],0x0000f45d96e1725c
248294.0,3749586,python,[JIT],0x0000f45d96ec1314
248294.0,3749240,python,[JIT],0x0000ee2d4d0f25a4
248294.0,3749240,python,[JIT],0x0000ee2d4d0f35e8
248294.0,3749240,python,[JIT],0x0000ee2d4d2f10a4
248294.0,3749240,python,[JIT],0x0000ee2d4d2f27f4
248294.0,3749240,python,[JIT],0x0000ee2d4d2f78c0
248294.0,3749240,python,[JIT],0x0000ee2d4d2fc618
248294.0,3749240,python,[JIT],0x0000ee2d4d3a2504
248294.0,3749543,python,[JIT],0x0000f0a3d18f9ad0
248294.0,3749543,python,[JIT],0x0000f0a3d18fa0b8
248294.0,3749543,python,[JIT],0x0000f0a3d1906d88
248294.0,3749543,python,[JIT],0x0000f0a3d190c198
248294.0,3749543,python,[JIT],0x0000f0a3d197c624
248294.0,3749543,python,[JIT],0x0000f0a3d1cd21e8
248294.0,3749543,python,[JIT],0x0000f0a3d1cd222c
248294.0,3749543,python,[JIT],0x0000f0a3d1cd5230
248294.0,3749543,python,[JIT],0x0000f0a3d1cd955c
248294.0,3749543,python,[JIT],0x0000f0a3d1cd9e5c
248294.0,3749543,python,[JIT],0x0000f0a3d1cdbdf0
248294.0,3749543,python,[JIT],0x0000f0a3d1d87578
248294.0,3749336,python,[JIT],0x0000e82e995b3b50
248294.0,3749336,python,[JIT],0x0000e82e995f12dc
248294.0,3749336,python,[JIT],0x0000e82e995fe248
248294.0,3749336,python,[JIT],0x0000e82e99e430dc
248294.0,3749336,python,[JIT],0x0000e82e99e47214
248294.0,3749336,python,[JIT],0x0000e82e99e476e0
248294.0,3749336,python,[JIT],0x0000e82e99e4907c
248294.0,3749336,python,[JIT],0x0000e82e99e49290
248294.0,3749336,python,[JIT],0x0000e82e99e4ab14
248294.0,3749336,python,[JIT],0x0000e82e99e4e204
248294.0,3749336,python,[JIT],0x0000e82e99ef28ac
248294.0,3749543,python,[JIT],0x0000f0a3d1d878e4
248294.0,3749463,python,[JIT],0x0000e07d3f933e70
248294.0,3749463,python,[JIT],0x0000e07d3f93a028
248294.0,3749336,python,[JIT],0x0000e82e99ef2284
248294.0,3749336,python,[JIT],0x0000e82e99ef5fec
248294.0,3749463,python,[JIT],0x0000e07d3f935914
248294.0,3749463,python,[JIT],0x0000e07d3f93d1d0
248293.0,3749208,python,[JIT],0x0000e7243c8055a8
248293.0,3749208,python,[JIT],0x0000e7243c805658
248293.0,3749208,python,[JIT],0x0000e7243c80b24c
248293.0,3749586,python,[JIT],0x0000f45d964bc164
248293.0,3749586,python,[JIT],0x0000f45d964ee42c
248293.0,3749586,python,[JIT],0x0000f45d96575b50
248293.0,3749586,python,[JIT],0x0000f45d96579520
248293.0,3749586,python,[JIT],0x0000f45d9657d334
248293.0,3749586,python,[JIT],0x0000f45d965b4210
248293.0,3749586,python,[JIT],0x0000f45d96aed8b8
248293.0,3749586,python,[JIT],0x0000f45d96af20a4
248293.0,3749586,python,[JIT],0x0000f45d96af83fc
248293.0,3749586,python,[JIT],0x0000f45d96afb318
248293.0,3749586,python,[JIT],0x0000f45d96e198ac
248293.0,3749586,python,[JIT],0x0000f45d96e1c8cc
248293.0,3749586,python,[JIT],0x0000f45d96ec1170
248293.0,3749586,python,[JIT],0x0000f45d96ec27c0
248293.0,3749240,python,[JIT],0x0000ee2d4d0f9234
248293.0,3749240,python,[JIT],0x0000ee2d4ca596bc
248293.0,3749240,python,[JIT],0x0000ee2d4d0f818c
248293.0,3749240,python,[JIT],0x0000ee2d4d0f91fc
248293.0,3749240,python,[JIT],0x0000ee2d4d0f9344
248293.0,3749240,python,[JIT],0x0000ee2d4d3a1088
248293.0,3749383,python,[JIT],0x0000ef595c1f5430
248293.0,3749543,python,[JIT],0x0000f0a3d190c2b0
248293.0,3749543,python,[JIT],0x0000f0a3d19341dc
248293.0,3749543,python,[JIT],0x0000f0a3d1972a60
248293.0,3749543,python,[JIT],0x0000f0a3d1cd606c
248293.0,3749543,python,[JIT],0x0000f0a3d1cd9c34
248293.0,3749543,python,[JIT],0x0000f0a3d1d843d0
248293.0,3749336,python,[JIT],0x0000e82e9952b428
248293.0,3749336,python,[JIT],0x0000e82e995b5194
248293.0,3749336,python,[JIT],0x0000e82e995b9e08
248293.0,3749336,python,[JIT],0x0000e82e995fd438
248293.0,3749336,python,[JIT],0x0000e82e99e0f5cc
248293.0,3749336,python,[JIT],0x0000e82e99e44394
248293.0,3749336,python,[JIT],0x0000e82e99ef29a0
248293.0,3749336,python,[JIT],0x0000e82e99ef5794
248293.0,3749543,python,[JIT],0x0000f0a3d1d82048
248293.0,3749543,python,[JIT],0x0000f0a3d1d874e4
248293.0,3749543,python,[JIT],0x0000f0a3d1d87e48
248293.0,3749543,python,[JIT],0x0000f0a3d1d8b754
248293.0,3749463,python,[JIT],0x0000e07d3f6eb180
248293.0,3749463,python,[JIT],0x0000e07d3f6f591c
248293.0,3749463,python,[JIT],0x0000e07d3f6fc518
248293.0,3749463,python,[JIT],0x0000e07d3f9e6030
248292.0,3749208,python,[JIT],0x0000e7243bf14534
248292.0,3749208,python,[JIT],0x0000e7243c4ee224
248292.0,3749208,python,[JIT],0x0000e7243c4ee34c
248292.0,3749208,python,[JIT],0x0000e7243c8026f0
248292.0,3749208,python,[JIT],0x0000e7243c80e854
248292.0,3749586,python,[JIT],0x0000f45d9654c7b0
248292.0,3749586,python,[JIT],0x0000f45d965751cc
248292.0,3749586,python,[JIT],0x0000f45d96af1688
248292.0,3749586,python,[JIT],0x0000f45d96af19e8
248292.0,3749586,python,[JIT],0x0000f45d96dde66c
248292.0,3749586,python,[JIT],0x0000f45d96e16800
248292.0,3749586,python,[JIT],0x0000f45d96e1708c
248292.0,3749586,python,[JIT],0x0000f45d96e1ccd4
248292.0,3749586,python,[JIT],0x0000f45d96af1150
248292.0,3749586,python,[JIT],0x0000f45d96e1cde8
248292.0,3749240,python,[JIT],0x0000ee2d4d2fcc14
248292.0,3749240,python,[JIT],0x0000ee2d4ca91b54
248292.0,3749240,python,[JIT],0x0000ee2d4ca93b34
248292.0,3749240,python,[JIT],0x0000ee2d4d2fc0c8
248292.0,3749383,python,[JIT],0x0000ef595c1f3144
248292.0,3749543,python,[JIT],0x0000f0a3d190903c
248292.0,3749543,python,[JIT],0x0000f0a3d1935918
248292.0,3749543,python,[JIT],0x0000f0a3d19370fc
248292.0,3749543,python,[JIT],0x0000f0a3d1c9e208
248292.0,3749543,python,[JIT],0x0000f0a3d1d84270
248292.0,3749543,python,[JIT],0x0000f0a3d1d87d2c
248292.0,3749543,python,[JIT],0x0000f0a3d1d8b4d0
248292.0,3749336,python,[JIT],0x0000e82e995564b8
248292.0,3749336,python,[JIT],0x0000e82e995896d0
248292.0,3749336,python,[JIT],0x0000e82e995b1abc
248292.0,3749336,python,[JIT],0x0000e82e995f8420
248292.0,3749336,python,[JIT],0x0000e82e995fe5c0
248292.0,3749336,python,[JIT],0x0000e82e99e0f0b4
248292.0,3749336,python,[JIT],0x0000e82e99e44788
248292.0,3749336,python,[JIT],0x0000e82e99e47074
248292.0,3749336,python,[JIT],0x0000e82e99ef1310
248292.0,3749336,python,[JIT],0x0000e82e99ef23a4
248292.0,3749336,python,[JIT],0x0000e82e99ef2a50
248292.0,3749336,python,[JIT],0x0000e82e99f29128
248292.0,3749463,python,[JIT],0x0000e07d3f6fc4f4
248292.0,3749336,python,python,_PyList_AppendTakeRefListResize
248292.0,3749463,python,[JIT],0x0000e07d3f6f58b4
248291.0,3749208,python,python,_PyDict_Subscript
248291.0,3749208,python,[JIT],0x0000e7243c4ee18c
248291.0,3749208,python,[JIT],0x0000e7243c808110
248291.0,3749208,python,[JIT],0x0000e7243c8b3be8
248291.0,3749208,python,[JIT],0x0000e7243c8b7680
248291.0,3749208,python,[JIT],0x0000e7243c8b8840
248291.0,3749586,python,[JIT],0x0000f45d9654794c
248291.0,3749586,python,[JIT],0x0000f45d9657c860
248291.0,3749586,python,[JIT],0x0000f45d96af00ac
248291.0,3749586,python,[JIT],0x0000f45d96af1560
248291.0,3749586,python,[JIT],0x0000f45d96af1640
248291.0,3749586,python,[JIT],0x0000f45d96af2000
248291.0,3749586,python,[JIT],0x0000f45d96af42ec
248291.0,3749586,python,[JIT],0x0000f45d96af8340
248291.0,3749586,python,[JIT],0x0000f45d96dde7a8
248291.0,3749586,python,[JIT],0x0000f45d96dde7b4
248291.0,3749586,python,[JIT],0x0000f45d96e1f0a0
248291.0,3749586,python,[JIT],0x0000f45d96ec4938
248291.0,3749586,python,[JIT],0x0000f45d96e1c310
248291.0,3749240,python,[JIT],0x0000ee2d4d0f9304
248291.0,3749240,python,[JIT],0x0000ee2d4d2f1e8c
248291.0,3749240,python,[JIT],0x0000ee2d4d2fd45c
248291.0,3749240,python,[JIT],0x0000ee2d4d3a11d8
248291.0,3749240,python,[JIT],0x0000ee2d4d3a3830
248291.0,3749240,python,[JIT],0x0000ee2d4d3a5004
248291.0,3749543,python,[JIT],0x0000f0a3d18fa3b0
248291.0,3749543,python,[JIT],0x0000f0a3d1934ce4
248291.0,3749543,python,[JIT],0x0000f0a3d1935b14
248291.0,3749543,python,[JIT],0x0000f0a3d19791cc
248291.0,3749543,python,[JIT],0x0000f0a3d1cd22ac
248291.0,3749543,python,[JIT],0x0000f0a3d1cd52b4
248291.0,3749543,python,[JIT],0x0000f0a3d1cd9cd0
248291.0,3749543,python,[JIT],0x0000f0a3d1cdb08c
248291.0,3749543,python,[JIT],0x0000f0a3d1cdc4e0
248291.0,3749543,python,[JIT],0x0000f0a3d1d87614
248291.0,3749543,python,[JIT],0x0000f0a3d1d87e10
248291.0,3749543,python,[JIT],0x0000f0a3d1d880c8
248291.0,3749336,python,python,PyUnicode_RichCompare
248291.0,3749336,python,[JIT],0x0000e82e99584294
248291.0,3749336,python,[JIT],0x0000e82e995b51ec
248291.0,3749336,python,[JIT],0x0000e82e995fd290
248291.0,3749336,python,[JIT],0x0000e82e99e46044
248291.0,3749336,python,[JIT],0x0000e82e99e4911c
248291.0,3749336,python,[JIT],0x0000e82e99e4e060
248291.0,3749336,python,[JIT],0x0000e82e99ef2bb4
248291.0,3749336,python,[JIT],0x0000e82e99ef50a8
248291.0,3749336,python,[JIT],0x0000e82e99ef5d6c
248291.0,3749543,python,[JIT],0x0000f0a3d1d8bd9c
248291.0,3749463,python,[JIT],0x0000e07d3f933984
248291.0,3749336,python,[JIT],0x0000e82e99e4616c
248291.0,3749463,python,[JIT],0x0000e07d3f09c280
248291.0,3749463,python,[JIT],0x0000e07d3f9e25dc
248290.0,3749208,python,python,listiter_dealloc
248290.0,3749208,python,[JIT],0x0000e7243bf456e0
248290.0,3749208,python,[JIT],0x0000e7243c802628
248290.0,3749208,python,[JIT],0x0000e7243c805ff8
248290.0,3749208,python,[JIT],0x0000e7243c8089e0
248290.0,3749208,python,[JIT],0x0000e7243c8b48b4
248290.0,3749208,python,[JIT],0x0000e7243c8b6040
248290.0,3749586,python,[JIT],0x0000f45d9654e2a8
248290.0,3749586,python,[JIT],0x0000f45d96579394
248290.0,3749586,python,[JIT],0x0000f45d965b121c
248290.0,3749586,python,[JIT],0x0000f45d965b3544
248290.0,3749586,python,[JIT],0x0000f45d965b92a4
248290.0,3749586,python,[JIT],0x0000f45d965ba078
248290.0,3749586,python,[JIT],0x0000f45d96afb4e4
248290.0,3749586,python,[JIT],0x0000f45d96e110e0
248290.0,3749586,python,[JIT],0x0000f45d96e11914
248290.0,3749586,python,[JIT],0x0000f45d96e1c07c
248290.0,3749586,python,[JIT],0x0000f45d96e1c158
248290.0,3749586,python,[JIT],0x0000f45d96e1f104
248290.0,3749586,python,[JIT],0x0000f45d96ef1128
248290.0,3749240,python,[JIT],0x0000ee2d4c9fa404
248290.0,3749240,python,[JIT],0x0000ee2d4d2f78dc
248290.0,3749240,python,[JIT],0x0000ee2d4d3a3858
248290.0,3749383,python,python,PyDict_Next
248290.0,3749543,python,[JIT],0x0000f0a3d18f61d4
248290.0,3749543,python,[JIT],0x0000f0a3d1978dbc
248290.0,3749543,python,[JIT],0x0000f0a3d19790a0
248290.0,3749543,python,[JIT],0x0000f0a3d1979310
248290.0,3749543,python,[JIT],0x0000f0a3d1cd6140
248290.0,3749543,python,[JIT],0x0000f0a3d1cd663c
248290.0,3749543,python,[JIT],0x0000f0a3d1cdb1a0
248290.0,3749543,python,[JIT],0x0000f0a3d1cdb7ac
248290.0,3749543,python,[JIT],0x0000f0a3d1d87454
248290.0,3749543,python,[JIT],0x0000f0a3d1d87968
248290.0,3749336,python,[JIT],0x0000e82e9952275c
248290.0,3749336,python,[JIT],0x0000e82e99558130
248290.0,3749336,python,[JIT],0x0000e82e995892b0
248290.0,3749336,python,[JIT],0x0000e82e995b3700
248290.0,3749336,python,[JIT],0x0000e82e995f3918
248290.0,3749336,python,[JIT],0x0000e82e995fd7e4
248290.0,3749336,python,[JIT],0x0000e82e995fea0c
248290.0,3749336,python,[JIT],0x0000e82e99aebbe0
248290.0,3749336,python,[JIT],0x0000e82e99e4347c
248290.0,3749336,python,[JIT],0x0000e82e99ef50ac
248290.0,3749543,python,[JIT],0x0000f0a3d1d8b378
248290.0,3749463,python,[JIT],0x0000e07d3f9e5068
248290.0,3749463,python,[JIT],0x0000e07d3f9e568c
248290.0,3749336,python,[JIT],0x0000e82e99e41314
248290.0,3749463,python,[JIT],0x0000e07d3f005214
248290.0,3749463,python,[JIT],0x0000e07d3f0999bc
248290.0,3749463,python,[JIT],0x0000e07d3f0d258c
248290.0,3749463,python,[JIT],0x0000e07d3f0d5f94
248290.0,3749463,python,[JIT],0x0000e07d3f9333f8
248289.0,3749208,python,[kernel.kallsyms],refill_obj_stock
248289.0,3749208,python,[JIT],0x0000e7243bee6130
248289.0,3749208,python,[JIT],0x0000e7243bfb44d4
248289.0,3749208,python,[JIT],0x0000e7243c8b3444
248289.0,3749208,python,[JIT],0x0000e7243c8b38cc
248289.0,3749208,python,[JIT],0x0000e7243c8b82e4
248289.0,3749586,python,python,PyObject_Size
248289.0,3749586,python,[JIT],0x0000f45d9657d6a4
248289.0,3749586,python,[JIT],0x0000f45d96af8028
248289.0,3749586,python,[JIT],0x0000f45d96afc64c
248289.0,3749586,python,[JIT],0x0000f45d96e17434
248289.0,3749586,python,[JIT],0x0000f45d96e190b8
248289.0,3749586,python,[JIT],0x0000f45d96e1c864
248289.0,3749586,python,[JIT],0x0000f45d96ec2ee8
248289.0,3749240,python,python,_PyObject_GetAttrStackRef
248289.0,3749240,python,python,_PyObject_Realloc
248289.0,3749240,python,[JIT],0x0000ee2d4d3a10a0
248289.0,3749240,python,[JIT],0x0000ee2d4ca914f0
248289.0,3749240,python,[JIT],0x0000ee2d4d2f9b10
248289.0,3749383,python,[JIT],0x0000ef595c14e0b0
248289.0,3749383,python,[JIT],0x0000ef595c1f409c
248289.0,3749543,python,python,_PyUnicode_JoinArray
248289.0,3749543,python,[JIT],0x0000f0a3d1909100
248289.0,3749543,python,[JIT],0x0000f0a3d1909f2c
248289.0,3749543,python,[JIT],0x0000f0a3d1935b0c
248289.0,3749543,python,[JIT],0x0000f0a3d1936a0c
248289.0,3749543,python,[JIT],0x0000f0a3d19746dc
248289.0,3749543,python,[JIT],0x0000f0a3d19783fc
248289.0,3749543,python,[JIT],0x0000f0a3d197890c
248289.0,3749543,python,[JIT],0x0000f0a3d1cd218c
248289.0,3749543,python,[JIT],0x0000f0a3d1cd9e18
248289.0,3749543,python,[JIT],0x0000f0a3d1cdcaf0
248289.0,3749543,python,[JIT],0x0000f0a3d1d82190
248289.0,3749543,python,[JIT],0x0000f0a3d1d829f8
248289.0,3749543,python,[JIT],0x0000f0a3d1d875dc
248289.0,3749543,python,[JIT],0x0000f0a3d1d8b02c
248289.0,3749336,python,[JIT],0x0000e82e994f8108
248289.0,3749336,python,[JIT],0x0000e82e995821ac
248289.0,3749336,python,[JIT],0x0000e82e995b37f8
248289.0,3749336,python,[JIT],0x0000e82e995b5a68
248289.0,3749336,python,[JIT],0x0000e82e995f611c
248289.0,3749336,python,[JIT],0x0000e82e995fe01c
248289.0,3749336,python,[JIT],0x0000e82e99ef1224
248289.0,3749543,python,[JIT],0x0000f0a3d1cd9ad0
248289.0,3749463,python,python,_PyObject_Realloc
248289.0,3749463,python,[JIT],0x0000e07d3f933548
248289.0,3749336,python,[JIT],0x0000e82e99ef5250
248289.0,3749463,python,[JIT],0x0000e07d3f933cf4
248289.0,3749463,python,[JIT],0x0000e07d3f9e1c54
248289.0,3749463,python,[JIT],0x0000e07d3f9e256c
248289.0,3749463,python,[JIT],0x0000e07d3f9e57c0
248288.0,3749208,python,[JIT],0x0000e7243beb62e0
248288.0,3749208,python,[JIT],0x0000e7243bee9b64
248288.0,3749208,python,[JIT],0x0000e7243bf117bc
248288.0,3749208,python,[JIT],0x0000e7243bf4742c
248288.0,3749208,python,[JIT],0x0000e7243bf742b0
248288.0,3749208,python,[JIT],0x0000e7243bf749c0
248288.0,3749208,python,[JIT],0x0000e7243bfb2280
248288.0,3749208,python,[JIT],0x0000e7243c80813c
248288.0,3749208,python,[JIT],0x0000e7243c80e08c
248288.0,3749208,python,[JIT],0x0000e7243c8b8194
248288.0,3749586,python,[JIT],0x0000f45d9654756c
248288.0,3749586,python,[JIT],0x0000f45d9654e7d8
248288.0,3749586,python,[JIT],0x0000f45d96579310
248288.0,3749586,python,[JIT],0x0000f45d9657b304
248288.0,3749586,python,[JIT],0x0000f45d96af12e8
248288.0,3749586,python,[JIT],0x0000f45d96af868c
248288.0,3749586,python,[JIT],0x0000f45d96afb2c0
248288.0,3749586,python,[JIT],0x0000f45d96e190cc
248288.0,3749586,python,[JIT],0x0000f45d96ec1514
248288.0,3749586,python,[JIT],0x0000f45d96ec2a18
248288.0,3749586,python,[JIT],0x0000f45d96e1c008
248288.0,3749586,python,[JIT],0x0000f45d96ec17a0
248288.0,3749240,python,[JIT],0x0000ee2d4d2fcbe4
248288.0,3749240,python,[JIT],0x0000ee2d4c99cf00
248288.0,3749240,python,[JIT],0x0000ee2d4d2f17cc
248288.0,3749240,python,[JIT],0x0000ee2d4d2f218c
248288.0,3749240,python,[JIT],0x0000ee2d4d2fc61c
248288.0,3749240,python,[JIT],0x0000ee2d4d3a37ec
248288.0,3749383,python,[JIT],0x0000ef595c144178
248288.0,3749543,python,[JIT],0x0000f0a3d18f926c
248288.0,3749543,python,[JIT],0x0000f0a3d190cca0
248288.0,3749543,python,[JIT],0x0000f0a3d1934e88
248288.0,3749543,python,[JIT],0x0000f0a3d193555c
248288.0,3749543,python,[JIT],0x0000f0a3d1974d18
248288.0,3749543,python,[JIT],0x0000f0a3d1cd2158
248288.0,3749543,python,[JIT],0x0000f0a3d1cdba84
248288.0,3749543,python,[JIT],0x0000f0a3d1cdbd04
248288.0,3749543,python,[JIT],0x0000f0a3d1d836d0
248288.0,3749543,python,[JIT],0x0000f0a3d1d87d8c
248288.0,3749543,python,[JIT],0x0000f0a3d1d8b70c
248288.0,3749336,python,[kernel.kallsyms],vma_prepare
248288.0,3749336,python,[JIT],0x0000e82e994f8214
248288.0,3749336,python,[JIT],0x0000e82e99e410b4
248288.0,3749336,python,[JIT],0x0000e82e99e441d4
248288.0,3749336,python,[JIT],0x0000e82e99e4784c
248288.0,3749336,python,[JIT],0x0000e82e99e4785c
248288.0,3749336,python,[JIT],0x0000e82e99e47c60
248288.0,3749336,python,[JIT],0x0000e82e99e4936c
248288.0,3749336,python,[JIT],0x0000e82e99ef819c
248288.0,3749336,python,[JIT],0x0000e82e99ef90c0
248288.0,3749336,python,[JIT],0x0000e82e99e4368c
248288.0,3749463,python,[JIT],0x0000e07d3f6f4574
248288.0,3749463,python,[JIT],0x0000e07d3f93a150
248288.0,3749463,python,[JIT],0x0000e07d3f93b18c
248288.0,3749463,python,[JIT],0x0000e07d3f9e6e2c
248287.0,3749208,python,[JIT],0x0000e7243bf117d0
248287.0,3749208,python,[JIT],0x0000e7243c4ec170
248287.0,3749208,python,[JIT],0x0000e7243c80c4d0
248287.0,3749208,python,[JIT],0x0000e7243c80e784
248287.0,3749586,python,[JIT],0x0000f45d96576218
248287.0,3749586,python,[JIT],0x0000f45d9657970c
248287.0,3749586,python,[JIT],0x0000f45d9657bf58
248287.0,3749586,python,[JIT],0x0000f45d96af272c
248287.0,3749586,python,[JIT],0x0000f45d96af4fe0
248287.0,3749586,python,[JIT],0x0000f45d96af91b8
248287.0,3749586,python,[JIT],0x0000f45d96afc67c
248287.0,3749586,python,[JIT],0x0000f45d96e121e0
248287.0,3749586,python,[JIT],0x0000f45d96e129d8
248287.0,3749586,python,[JIT],0x0000f45d96e12e2c
248287.0,3749586,python,[JIT],0x0000f45d96e17218
248287.0,3749586,python,[JIT],0x0000f45d96e17748
248287.0,3749586,python,[JIT],0x0000f45d96e1c7c0
248287.0,3749586,python,[JIT],0x0000f45d96e1d5b0
248287.0,3749586,python,[JIT],0x0000f45d96ec14f8
248287.0,3749586,python,[JIT],0x0000f45d96af9dc4
248287.0,3749586,python,[JIT],0x0000f45d96e131d8
248287.0,3749240,python,[JIT],0x0000ee2d4ca9151c
248287.0,3749240,python,[JIT],0x0000ee2d4d0f3534
248287.0,3749240,python,[JIT],0x0000ee2d4d0f9158
248287.0,3749240,python,[JIT],0x0000ee2d4d0fc2c4
248287.0,3749240,python,[JIT],0x0000ee2d4d0fc470
248287.0,3749240,python,[JIT],0x0000ee2d4d2be0e0
248287.0,3749240,python,[JIT],0x0000ee2d4d2fcb8c
248287.0,3749240,python,[JIT],0x0000ee2d4d3a10d0
248287.0,3749240,python,[JIT],0x0000ee2d4d3a129c
248287.0,3749543,python,[JIT],0x0000f0a3d1cd2638
248287.0,3749543,python,[JIT],0x0000f0a3d1cd6128
248287.0,3749543,python,[JIT],0x0000f0a3d1cd9650
248287.0,3749543,python,[JIT],0x0000f0a3d1cd992c
248287.0,3749543,python,[JIT],0x0000f0a3d1d8cd70
248287.0,3749336,python,[kernel.kallsyms],lock_vma_under_rcu
248287.0,3749336,python,[JIT],0x0000e82e994f83a0
248287.0,3749336,python,[JIT],0x0000e82e9958736c
248287.0,3749336,python,[JIT],0x0000e82e995877b4
248287.0,3749336,python,[JIT],0x0000e82e9958c108
248287.0,3749336,python,[JIT],0x0000e82e995fd000
248287.0,3749336,python,[JIT],0x0000e82e995fe4ac
248287.0,3749336,python,[JIT],0x0000e82e99e0f518
248287.0,3749336,python,[JIT],0x0000e82e99e43310
248287.0,3749336,python,[JIT],0x0000e82e99e47320
248287.0,3749336,python,[JIT],0x0000e82e99e4737c
248287.0,3749336,python,[JIT],0x0000e82e99e47780
248287.0,3749336,python,[JIT],0x0000e82e99e47c90
248287.0,3749336,python,[JIT],0x0000e82e99e49958
248287.0,3749336,python,[JIT],0x0000e82e99ef245c
248287.0,3749336,python,[JIT],0x0000e82e99ef51c8
248287.0,3749336,python,[JIT],0x0000e82e99efad24
248287.0,3749463,python,[JIT],0x0000e07d3f09a06c
248287.0,3749463,python,[JIT],0x0000e07d3f8fea9c
248287.0,3749463,python,[JIT],0x0000e07d3f9356a4
248287.0,3749463,python,[JIT],0x0000e07d3f9e1f94
248287.0,3749463,python,[JIT],0x0000e07d3f9e2140
248286.0,3749208,python,[JIT],0x0000e7243bf7e1e8
248286.0,3749208,python,[JIT],0x0000e7243c7ce050
248286.0,3749208,python,[JIT],0x0000e7243c80c090
248286.0,3749208,python,[JIT],0x0000e7243c8b3320
248286.0,3749208,python,[JIT],0x0000e7243c8b3d2c
248286.0,3749208,python,[JIT],0x0000e7243c8b845c
248286.0,3749586,python,python,_Py_uop_abstractcontext_fini
248286.0,3749586,python,[JIT],0x0000f45d96579378
248286.0,3749586,python,[JIT],0x0000f45d96579fc0
248286.0,3749586,python,[JIT],0x0000f45d9657b3e8
248286.0,3749586,python,[JIT],0x0000f45d965b17c4
248286.0,3749586,python,[JIT],0x0000f45d96af21b0
248286.0,3749586,python,[JIT],0x0000f45d96af95a8
248286.0,3749586,python,[JIT],0x0000f45d96e19160
248286.0,3749586,python,[JIT],0x0000f45d96e1b110
248286.0,3749586,python,[JIT],0x0000f45d96e1ce30
248286.0,3749586,python,[kernel.kallsyms],__pi_clear_page
248286.0,3749240,python,[JIT],0x0000ee2d4d3a153c
248286.0,3749240,python,[JIT],0x0000ee2d4ca2550c
248286.0,3749240,python,[JIT],0x0000ee2d4ca5526c
248286.0,3749240,python,[JIT],0x0000ee2d4ca59dbc
248286.0,3749240,python,[JIT],0x0000ee2d4d0fc198
248286.0,3749240,python,[JIT],0x0000ee2d4d2f2e74
248286.0,3749240,python,[JIT],0x0000ee2d4d2fca4c
248286.0,3749543,python,[kernel.kallsyms],_find_next_bit
248286.0,3749543,python,[JIT],0x0000f0a3d197b2c8
248286.0,3749543,python,[JIT],0x0000f0a3d1cd2540
248286.0,3749543,python,[JIT],0x0000f0a3d1cd50cc
248286.0,3749543,python,[JIT],0x0000f0a3d1cd95c4
248286.0,3749543,python,[JIT],0x0000f0a3d1cd9c04
248286.0,3749543,python,[JIT],0x0000f0a3d1cdc920
248286.0,3749543,python,[JIT],0x0000f0a3d1d82600
248286.0,3749543,python,[JIT],0x0000f0a3d1d84170
248286.0,3749543,python,[JIT],0x0000f0a3d1d88858
248286.0,3749543,python,[JIT],0x0000f0a3d1d8b300
248286.0,3749336,python,[JIT],0x0000e82e99587418
248286.0,3749336,python,[JIT],0x0000e82e99587434
248286.0,3749336,python,[JIT],0x0000e82e9958c4b4
248286.0,3749336,python,[JIT],0x0000e82e9958ccd0
248286.0,3749336,python,[JIT],0x0000e82e995fdc6c
248286.0,3749336,python,[JIT],0x0000e82e995fdf7c
248286.0,3749336,python,[JIT],0x0000e82e99e49dbc
248286.0,3749336,python,[JIT],0x0000e82e99ef543c
248286.0,3749336,python,[JIT],0x0000e82e99ef5af8
248286.0,3749336,python,[JIT],0x0000e82e99efa884
248286.0,3749543,python,[JIT],0x0000f0a3d1cd5574
248286.0,3749336,python,[JIT],0x0000e82e99e49508
248286.0,3749336,python,[JIT],0x0000e82e99ef20e4
248286.0,3749463,python,[kernel.kallsyms],memmove
248286.0,3749463,python,[JIT],0x0000e07d3f0d26ac
248286.0,3749463,python,[JIT],0x0000e07d3f0d4c60
248286.0,3749463,python,[JIT],0x0000e07d3f933bc8
248286.0,3749463,python,[JIT],0x0000e07d3f936da4
248285.0,3749208,python,[JIT],0x0000e7243bf742ec
248285.0,3749586,python,[JIT],0x0000f45d96579424
248285.0,3749586,python,[JIT],0x0000f45d9657b0f8
248285.0,3749586,python,[JIT],0x0000f45d9657bee8
248285.0,3749586,python,[JIT],0x0000f45d96e153a0
248285.0,3749586,python,[JIT],0x0000f45d96ec2fc8
248285.0,3749586,python,python,PyObject_SetAttr
248285.0,3749586,python,[JIT],0x0000f45d96af8004
248285.0,3749240,python,[JIT],0x0000ee2d4d2fced0
248285.0,3749240,python,[JIT],0x0000ee2d4ca91380
248285.0,3749240,python,[JIT],0x0000ee2d4ca9b480
248285.0,3749383,python,[JIT],0x0000ef595b8ff088
248285.0,3749543,python,[kernel.kallsyms],__lruvec_stat_mod_folio
248285.0,3749543,python,[JIT],0x0000f0a3d13fb480
248285.0,3749543,python,[JIT],0x0000f0a3d190c8b8
248285.0,3749543,python,[JIT],0x0000f0a3d190d18c
248285.0,3749543,python,[JIT],0x0000f0a3d1978200
248285.0,3749543,python,[JIT],0x0000f0a3d19797c4
248285.0,3749543,python,[JIT],0x0000f0a3d197b424
248285.0,3749543,python,[JIT],0x0000f0a3d1cd262c
248285.0,3749543,python,[JIT],0x0000f0a3d1cd30b0
248285.0,3749543,python,[JIT],0x0000f0a3d1cd31c8
248285.0,3749543,python,[JIT],0x0000f0a3d1cd3db0
248285.0,3749543,python,[JIT],0x0000f0a3d1cd618c
248285.0,3749543,python,[JIT],0x0000f0a3d1cd912c
248285.0,3749543,python,[JIT],0x0000f0a3d1cd956c
248285.0,3749543,python,[JIT],0x0000f0a3d1cd975c
248285.0,3749543,python,[JIT],0x0000f0a3d1cd99d4
248285.0,3749543,python,[JIT],0x0000f0a3d1cdc09c
248285.0,3749543,python,[JIT],0x0000f0a3d1d8795c
248285.0,3749543,python,[JIT],0x0000f0a3d1d8c8e4
248285.0,3749336,python,[JIT],0x0000e82e99581f5c
248285.0,3749336,python,[JIT],0x0000e82e995873e4
248285.0,3749336,python,[JIT],0x0000e82e995b57c8
248285.0,3749336,python,[JIT],0x0000e82e995f3bb4
248285.0,3749336,python,[JIT],0x0000e82e99e43ae8
248285.0,3749336,python,[JIT],0x0000e82e99e461c8
248285.0,3749336,python,[JIT],0x0000e82e99e47b7c
248285.0,3749336,python,[JIT],0x0000e82e99e49998
248285.0,3749336,python,[JIT],0x0000e82e99e4a07c
248285.0,3749336,python,[JIT],0x0000e82e99e4e508
248285.0,3749336,python,[JIT],0x0000e82e99e4e750
248285.0,3749336,python,[JIT],0x0000e82e99ef2034
248285.0,3749336,python,[JIT],0x0000e82e99ef571c
248285.0,3749336,python,[JIT],0x0000e82e99ef8258
248285.0,3749543,python,[JIT],0x0000f0a3d1d889d0
248285.0,3749336,python,[JIT],0x0000e82e99e4114c
248285.0,3749463,python,[JIT],0x0000e07d3f932030
248285.0,3749463,python,[JIT],0x0000e07d3f93d20c
248285.0,3749463,python,[JIT],0x0000e07d3f9e1664
248285.0,3749463,python,[JIT],0x0000e07d3f9e2188
248284.0,3749208,python,python,_PyJit_translate_single_bytecode_to_trace
248284.0,3749208,python,python,listiter_next
248284.0,3749208,python,[JIT],0x0000e7243bf160b4
248284.0,3749208,python,[JIT],0x0000e7243bf1b0e8
248284.0,3749208,python,[JIT],0x0000e7243bf79d00
248284.0,3749208,python,[JIT],0x0000e7243bfb36d8
248284.0,3749208,python,[JIT],0x0000e7243c7cee20
248284.0,3749208,python,[JIT],0x0000e7243c80156c
248284.0,3749208,python,[JIT],0x0000e7243c805afc
248284.0,3749586,python,python,itertools_permutations
248284.0,3749586,python,[JIT],0x0000f45d96576138
248284.0,3749586,python,[JIT],0x0000f45d9657a318
248284.0,3749586,python,[JIT],0x0000f45d96af1534
248284.0,3749586,python,[JIT],0x0000f45d96af2754
248284.0,3749586,python,[JIT],0x0000f45d96af9be0
248284.0,3749586,python,[JIT],0x0000f45d96e1116c
248284.0,3749586,python,[JIT],0x0000f45d96e118d8
248284.0,3749586,python,[JIT],0x0000f45d96e1cb84
248284.0,3749586,python,[JIT],0x0000f45d96ec2a08
248284.0,3749240,python,[JIT],0x0000ee2d4d2fce10
248284.0,3749240,python,[JIT],0x0000ee2d4c9cead0
248284.0,3749240,python,[JIT],0x0000ee2d4ca93320
248284.0,3749240,python,[JIT],0x0000ee2d4d0fa834
248284.0,3749240,python,[JIT],0x0000ee2d4d2be424
248284.0,3749383,python,python,_Py_uop_sym_is_null
248284.0,3749383,python,python,make_new_set
248284.0,3749383,python,[JIT],0x0000ef595c1f3164
248284.0,3749543,python,[JIT],0x0000f0a3d139c29c
248284.0,3749543,python,[JIT],0x0000f0a3d139c2d4
248284.0,3749543,python,[JIT],0x0000f0a3d13c7a40
248284.0,3749543,python,[JIT],0x0000f0a3d13fbc00
248284.0,3749543,python,[JIT],0x0000f0a3d19098f0
248284.0,3749543,python,[JIT],0x0000f0a3d190eae8
248284.0,3749543,python,[JIT],0x0000f0a3d190eb58
248284.0,3749543,python,[JIT],0x0000f0a3d1936c9c
248284.0,3749543,python,[JIT],0x0000f0a3d1978da4
248284.0,3749543,python,[JIT],0x0000f0a3d1cd37d4
248284.0,3749543,python,[JIT],0x0000f0a3d1cd9dd4
248284.0,3749543,python,[JIT],0x0000f0a3d1cdc594
248284.0,3749543,python,[JIT],0x0000f0a3d1d820a8
248284.0,3749543,python,[JIT],0x0000f0a3d1d82eb4
248284.0,3749543,python,[JIT],0x0000f0a3d1d87a4c
248284.0,3749543,python,[JIT],0x0000f0a3d1d87d64
248284.0,3749543,python,[JIT],0x0000f0a3d1d87efc
248284.0,3749543,python,[JIT],0x0000f0a3d1d8a244
248284.0,3749336,python,[JIT],0x0000e82e9952a07c
248284.0,3749336,python,[JIT],0x0000e82e9955d0cc
248284.0,3749336,python,[JIT],0x0000e82e995b19e8
248284.0,3749336,python,[JIT],0x0000e82e995b3b2c
248284.0,3749336,python,[JIT],0x0000e82e995b9c9c
248284.0,3749336,python,[JIT],0x0000e82e995f6980
248284.0,3749336,python,[JIT],0x0000e82e995fd9e8
248284.0,3749336,python,[JIT],0x0000e82e995fda34
248284.0,3749336,python,[JIT],0x0000e82e99aec408
248284.0,3749336,python,[JIT],0x0000e82e99e0f5c8
248284.0,3749336,python,[JIT],0x0000e82e99e41da0
248284.0,3749336,python,[JIT],0x0000e82e99e441d8
248284.0,3749336,python,[JIT],0x0000e82e99e44e54
248284.0,3749336,python,[JIT],0x0000e82e99e4a134
248284.0,3749336,python,[JIT],0x0000e82e99ef582c
248284.0,3749336,python,[JIT],0x0000e82e99ef6234
248284.0,3749463,python,[JIT],0x0000e07d3f09e880
248284.0,3749463,python,[JIT],0x0000e07d3f933328
248284.0,3749463,python,[JIT],0x0000e07d3f9e1c70
248284.0,3749463,python,[JIT],0x0000e07d3f9e67f4
248283.0,3749208,python,python,emit__SET_IP_r33
248283.0,3749208,python,[JIT],0x0000e7243bf162d0
248283.0,3749208,python,[JIT],0x0000e7243bf42794
248283.0,3749208,python,[JIT],0x0000e7243bf770f8
248283.0,3749208,python,[JIT],0x0000e7243c808030
248283.0,3749208,python,[JIT],0x0000e7243c80c008
248283.0,3749586,python,[JIT],0x0000f45d96af1238
248283.0,3749586,python,[JIT],0x0000f45d96af1858
248283.0,3749586,python,[JIT],0x0000f45d96afc038
248283.0,3749586,python,[JIT],0x0000f45d96afc2ec
248283.0,3749586,python,[JIT],0x0000f45d96afe134
248283.0,3749586,python,[JIT],0x0000f45d96dde8ac
248283.0,3749586,python,[JIT],0x0000f45d96e170d8
248283.0,3749586,python,[JIT],0x0000f45d96e17fc4
248283.0,3749586,python,[JIT],0x0000f45d96e19de4
248283.0,3749586,python,[JIT],0x0000f45d96e1ca6c
248283.0,3749586,python,[JIT],0x0000f45d96e1cf34
248283.0,3749586,python,[JIT],0x0000f45d96e1d218
248283.0,3749586,python,[JIT],0x0000f45d96af8664
248283.0,3749586,python,[JIT],0x0000f45d96dde350
248283.0,3749586,python,[JIT],0x0000f45d96ddf7a4
248283.0,3749586,python,[JIT],0x0000f45d96e1f16c
248283.0,3749586,python,[JIT],0x0000f45d96ec28f0
248283.0,3749240,python,[JIT],0x0000ee2d4ca59e2c
248283.0,3749240,python,[JIT],0x0000ee2d4d0f2720
248283.0,3749240,python,[JIT],0x0000ee2d4d2be50c
248283.0,3749240,python,[JIT],0x0000ee2d4d2f1330
248283.0,3749240,python,[JIT],0x0000ee2d4d2f29e8
248283.0,3749240,python,[JIT],0x0000ee2d4d2fc4e4
248283.0,3749240,python,[JIT],0x0000ee2d4d2fccc0
248283.0,3749543,python,[JIT],0x0000f0a3d190c2c4
248283.0,3749543,python,[JIT],0x0000f0a3d1936cb8
248283.0,3749543,python,[JIT],0x0000f0a3d1936d0c
248283.0,3749543,python,[JIT],0x0000f0a3d1978c80
248283.0,3749543,python,[JIT],0x0000f0a3d19790ec
248283.0,3749543,python,[JIT],0x0000f0a3d197b674
248283.0,3749543,python,[JIT],0x0000f0a3d1cd8174
248283.0,3749543,python,[JIT],0x0000f0a3d1cd90e0
248283.0,3749543,python,[JIT],0x0000f0a3d1cd9b94
248283.0,3749543,python,[JIT],0x0000f0a3d1d82dfc
248283.0,3749543,python,[JIT],0x0000f0a3d1d880a0
248283.0,3749336,python,[JIT],0x0000e82e995583e0
248283.0,3749336,python,[JIT],0x0000e82e99589040
248283.0,3749336,python,[JIT],0x0000e82e9958c038
248283.0,3749336,python,[JIT],0x0000e82e99aec4d8
248283.0,3749336,python,[JIT],0x0000e82e99e4123c
248283.0,3749336,python,[JIT],0x0000e82e99e43028
248283.0,3749336,python,[JIT],0x0000e82e99ef6554
248283.0,3749336,python,[JIT],0x0000e82e99efaed4
248283.0,3749463,python,[JIT],0x0000e07d3f93b07c
248283.0,3749463,python,[JIT],0x0000e07d3f9e1e58
248283.0,3749463,python,[JIT],0x0000e07d3f096dac
248283.0,3749463,python,[JIT],0x0000e07d3f09c650
248283.0,3749463,python,[JIT],0x0000e07d3f6f563c
248283.0,3749463,python,[JIT],0x0000e07d3f6f5844
248283.0,3749463,python,[JIT],0x0000e07d3f8fe32c
248283.0,3749463,python,[JIT],0x0000e07d3f93341c
248283.0,3749463,python,[JIT],0x0000e07d3f9e1438
248283.0,3749463,python,[JIT],0x0000e07d3f9e53ec
248283.0,3749463,python,[JIT],0x0000e07d3f9e5500
248282.0,3749208,python,[JIT],0x0000e7243bf197b0
248282.0,3749208,python,[JIT],0x0000e7243bf4c9c0
248282.0,3749208,python,[JIT],0x0000e7243bf4e3bc
248282.0,3749208,python,[JIT],0x0000e7243c4ee1e0
248282.0,3749208,python,[JIT],0x0000e7243c8013b0
248282.0,3749586,python,[JIT],0x0000f45d96547a68
248282.0,3749586,python,[JIT],0x0000f45d9657989c
248282.0,3749586,python,[JIT],0x0000f45d965b194c
248282.0,3749586,python,[JIT],0x0000f45d96af1cd8
248282.0,3749586,python,[JIT],0x0000f45d96af81c4
248282.0,3749586,python,[JIT],0x0000f45d96af8458
248282.0,3749586,python,[JIT],0x0000f45d96afbad8
248282.0,3749586,python,[JIT],0x0000f45d96afc7d0
248282.0,3749586,python,[JIT],0x0000f45d96dde2a4
248282.0,3749586,python,[JIT],0x0000f45d96e12dfc
248282.0,3749586,python,[JIT],0x0000f45d96e15754
248282.0,3749586,python,[JIT],0x0000f45d96e19398
248282.0,3749586,python,python,_PyFunction_SetVersion
248282.0,3749586,python,[JIT],0x0000f45d96e190bc
248282.0,3749240,python,[JIT],0x0000ee2d4ca59c5c
248282.0,3749240,python,[JIT],0x0000ee2d4d0f28a8
248282.0,3749240,python,[JIT],0x0000ee2d4d0f2b48
248282.0,3749240,python,[JIT],0x0000ee2d4d0fc184
248282.0,3749240,python,[JIT],0x0000ee2d4d2f60fc
248282.0,3749240,python,[JIT],0x0000ee2d4d2fc894
248282.0,3749543,python,[JIT],0x0000f0a3d190c87c
248282.0,3749543,python,[JIT],0x0000f0a3d19342c0
248282.0,3749543,python,[JIT],0x0000f0a3d1cd24d8
248282.0,3749543,python,[JIT],0x0000f0a3d1cd54c4
248282.0,3749543,python,[JIT],0x0000f0a3d1cd6468
248282.0,3749543,python,[JIT],0x0000f0a3d1cd6794
248282.0,3749543,python,[JIT],0x0000f0a3d1cd9194
248282.0,3749543,python,[JIT],0x0000f0a3d1cd9738
248282.0,3749543,python,[JIT],0x0000f0a3d1cd9b7c
248282.0,3749543,python,[JIT],0x0000f0a3d1d82194
248282.0,3749543,python,[JIT],0x0000f0a3d1d82378
248282.0,3749543,python,[JIT],0x0000f0a3d1d87850
248282.0,3749543,python,[JIT],0x0000f0a3d1d886dc
248282.0,3749543,python,[JIT],0x0000f0a3d1d8b7f4
248282.0,3749336,python,[JIT],0x0000e82e994f822c
248282.0,3749336,python,[JIT],0x0000e82e995b1a48
248282.0,3749336,python,[JIT],0x0000e82e995f6268
248282.0,3749336,python,[JIT],0x0000e82e995f693c
248282.0,3749336,python,[JIT],0x0000e82e995fd378
248282.0,3749336,python,[JIT],0x0000e82e995fda94
248282.0,3749336,python,[JIT],0x0000e82e99e44098
248282.0,3749336,python,[JIT],0x0000e82e99e49080
248282.0,3749336,python,[JIT],0x0000e82e99e4e4cc
248282.0,3749336,python,[JIT],0x0000e82e99ef2138
248282.0,3749543,python,python,_PyObject_Realloc
248282.0,3749543,python,python,_PyType_LookupRefAndVersion
248282.0,3749543,python,[JIT],0x0000f0a3d1cd9270
248282.0,3749543,python,[JIT],0x0000f0a3d1d812d4
248282.0,3749463,python,[JIT],0x0000e07d3f6f5784
248282.0,3749463,python,[JIT],0x0000e07d3f9e5220
248282.0,3749463,python,[JIT],0x0000e07d3f06d05c
248282.0,3749463,python,[JIT],0x0000e07d3f099940
248282.0,3749463,python,[JIT],0x0000e07d3f0dbad0
248282.0,3749463,python,[JIT],0x0000e07d3f6fc40c
248282.0,3749463,python,[JIT],0x0000e07d3f931368
248282.0,3749463,python,[JIT],0x0000e07d3f9331ec
248282.0,3749463,python,[JIT],0x0000e07d3f935d2c
248282.0,3749463,python,[JIT],0x0000e07d3f9e1e94
248282.0,3749463,python,[JIT],0x0000e07d3f9e280c
248281.0,3749208,python,python,emit__SWAP_2_r33
248281.0,3749208,python,[JIT],0x0000e7243bf131e4
248281.0,3749208,python,[JIT],0x0000e7243bf4c4f8
248281.0,3749208,python,[JIT],0x0000e7243bf761b8
248281.0,3749208,python,[JIT],0x0000e7243c805ab0
248281.0,3749208,python,[JIT],0x0000e7243c8b8108
248281.0,3749586,python,[JIT],0x0000f45d96579384
248281.0,3749586,python,[JIT],0x0000f45d9657c4d0
248281.0,3749586,python,[JIT],0x0000f45d96af14f4
248281.0,3749586,python,[JIT],0x0000f45d96afc558
248281.0,3749586,python,[JIT],0x0000f45d96e115f8
248281.0,3749586,python,[JIT],0x0000f45d96e1ccc8
248281.0,3749586,python,[JIT],0x0000f45d96ec546c
248281.0,3749586,python,python,PyFunction_New
248281.0,3749586,python,[kernel.kallsyms],perf_iterate_ctx
248281.0,3749586,python,[JIT],0x0000f45d96af170c
248281.0,3749586,python,[JIT],0x0000f45d96afb030
248281.0,3749240,python,[JIT],0x0000ee2d4d0f3060
248281.0,3749240,python,[JIT],0x0000ee2d4ca210b4
248281.0,3749240,python,[JIT],0x0000ee2d4ca5b310
248281.0,3749240,python,[JIT],0x0000ee2d4d0f9044
248281.0,3749240,python,[JIT],0x0000ee2d4d2fdaa0
248281.0,3749240,python,[JIT],0x0000ee2d4d3a5110
248281.0,3749383,python,[JIT],0x0000ef595c14f9d0
248281.0,3749543,python,[JIT],0x0000f0a3d13f1038
248281.0,3749543,python,[JIT],0x0000f0a3d18fa340
248281.0,3749543,python,[JIT],0x0000f0a3d190a36c
248281.0,3749543,python,[JIT],0x0000f0a3d190e8b0
248281.0,3749543,python,[JIT],0x0000f0a3d1932ad4
248281.0,3749543,python,[JIT],0x0000f0a3d1934384
248281.0,3749543,python,[JIT],0x0000f0a3d1cd3180
248281.0,3749543,python,[JIT],0x0000f0a3d1cd51d8
248281.0,3749543,python,[JIT],0x0000f0a3d1cdbe40
248281.0,3749543,python,[JIT],0x0000f0a3d1cdc140
248281.0,3749543,python,[JIT],0x0000f0a3d1cdce8c
248281.0,3749543,python,[JIT],0x0000f0a3d1d84608
248281.0,3749543,python,[JIT],0x0000f0a3d1d87248
248281.0,3749543,python,[JIT],0x0000f0a3d1d8782c
248281.0,3749543,python,[JIT],0x0000f0a3d1d87f40
248281.0,3749543,python,[JIT],0x0000f0a3d1d8b65c
248281.0,3749543,python,[JIT],0x0000f0a3d1d8cf70
248281.0,3749336,python,[JIT],0x0000e82e994f11c8
248281.0,3749336,python,[JIT],0x0000e82e995b5aa8
248281.0,3749336,python,[JIT],0x0000e82e995f86e4
248281.0,3749336,python,[JIT],0x0000e82e995fd09c
248281.0,3749336,python,[JIT],0x0000e82e995fdf5c
248281.0,3749336,python,[JIT],0x0000e82e99e440d0
248281.0,3749336,python,[JIT],0x0000e82e99e4786c
248281.0,3749336,python,[JIT],0x0000e82e99ef912c
248281.0,3749543,python,libc.so.6,__memcpy_generic
248281.0,3749543,python,[JIT],0x0000f0a3d1cdc2e0
248281.0,3749336,python,[JIT],0x0000e82e99ef5294
248281.0,3749336,python,[JIT],0x0000e82e99ef6350
248281.0,3749463,python,[JIT],0x0000e07d3f6f4250
248281.0,3749463,python,[JIT],0x0000e07d3f9e5088
248281.0,3749463,python,[JIT],0x0000e07d3f9e5310
248280.0,3749208,python,[JIT],0x0000e7243bf454e8
248280.0,3749208,python,[JIT],0x0000e7243bf45794
248280.0,3749208,python,[JIT],0x0000e7243c802170
248280.0,3749208,python,[JIT],0x0000e7243c805770
248280.0,3749208,python,[JIT],0x0000e7243c8b6120
248280.0,3749586,python,[JIT],0x0000f45d965499cc
248280.0,3749586,python,[JIT],0x0000f45d965b329c
248280.0,3749586,python,[JIT],0x0000f45d965b3894
248280.0,3749586,python,[JIT],0x0000f45d965bb844
248280.0,3749586,python,[JIT],0x0000f45d96af123c
248280.0,3749586,python,[JIT],0x0000f45d96af8074
248280.0,3749586,python,[JIT],0x0000f45d96afc400
248280.0,3749586,python,[JIT],0x0000f45d96dde668
248280.0,3749586,python,[JIT],0x0000f45d96ddee1c
248280.0,3749586,python,[JIT],0x0000f45d96e17464
248280.0,3749586,python,[JIT],0x0000f45d96e17618
248280.0,3749586,python,[JIT],0x0000f45d96e17880
248280.0,3749586,python,[JIT],0x0000f45d96e17e04
248280.0,3749586,python,[JIT],0x0000f45d96e1a33c
248280.0,3749586,python,[JIT],0x0000f45d96e1c0e4
248280.0,3749586,python,[JIT],0x0000f45d96e1c2b4
248280.0,3749586,python,[JIT],0x0000f45d96e1d5dc
248280.0,3749586,python,[kernel.kallsyms],folio_batch_move_lru
248280.0,3749586,python,[JIT],0x0000f45d96ef1110
248280.0,3749240,python,[JIT],0x0000ee2d4d2f9a38
248280.0,3749240,python,[JIT],0x0000ee2d4d3a10dc
248280.0,3749240,python,[JIT],0x0000ee2d4d3a2a20
248280.0,3749383,python,python,memmove@plt
248280.0,3749543,python,[JIT],0x0000f0a3d1909a48
248280.0,3749543,python,[JIT],0x0000f0a3d190a350
248280.0,3749543,python,[JIT],0x0000f0a3d190c4f0
248280.0,3749543,python,[JIT],0x0000f0a3d190ceac
248280.0,3749543,python,[JIT],0x0000f0a3d193558c
248280.0,3749543,python,[JIT],0x0000f0a3d1978c70
248280.0,3749543,python,[JIT],0x0000f0a3d1cd3350
248280.0,3749543,python,[JIT],0x0000f0a3d1cd98e0
248280.0,3749543,python,[JIT],0x0000f0a3d1cd9bcc
248280.0,3749543,python,[JIT],0x0000f0a3d1d84b70
248280.0,3749543,python,[JIT],0x0000f0a3d1d8b85c
248280.0,3749336,python,[JIT],0x0000e82e99527c50
248280.0,3749336,python,[JIT],0x0000e82e9955b3fc
248280.0,3749336,python,[JIT],0x0000e82e9958c4c4
248280.0,3749336,python,[JIT],0x0000e82e995b182c
248280.0,3749336,python,[JIT],0x0000e82e995b7e64
248280.0,3749336,python,[JIT],0x0000e82e99aec5e0
248280.0,3749336,python,[JIT],0x0000e82e99e0e0cc
248280.0,3749336,python,[JIT],0x0000e82e99e47284
248280.0,3749336,python,[JIT],0x0000e82e99e490d8
248280.0,3749336,python,[JIT],0x0000e82e99e4921c
248280.0,3749336,python,[JIT],0x0000e82e99e49914
248280.0,3749336,python,[JIT],0x0000e82e99ef6284
248280.0,3749543,python,[JIT],0x0000f0a3d1cd837c
248280.0,3749463,python,[JIT],0x0000e07d3f93d9fc
248280.0,3749463,python,[JIT],0x0000e07d3f099f7c
248280.0,3749463,python,[JIT],0x0000e07d3f09c7f0
248280.0,3749463,python,[JIT],0x0000e07d3f0d4064
248280.0,3749463,python,[JIT],0x0000e07d3f6f5678
248280.0,3749463,python,[JIT],0x0000e07d3f6fc654
248280.0,3749463,python,[JIT],0x0000e07d3f9370f8
248280.0,3749463,python,[JIT],0x0000e07d3f9e1df0
248280.0,3749463,python,[JIT],0x0000e07d3f9e28a0
248279.0,3749208,python,[JIT],0x0000e7243bf7b8d0
248279.0,3749208,python,[JIT],0x0000e7243bfb902c
248279.0,3749208,python,[JIT],0x0000e7243c80e5e4
248279.0,3749208,python,[JIT],0x0000e7243c8bb184
248279.0,3749586,python,[JIT],0x0000f45d9657c97c
248279.0,3749586,python,[JIT],0x0000f45d96af27c8
248279.0,3749586,python,[JIT],0x0000f45d96af8100
248279.0,3749586,python,[JIT],0x0000f45d96e11388
248279.0,3749586,python,[JIT],0x0000f45d96e12bf4
248279.0,3749586,python,[JIT],0x0000f45d96e170d0
248279.0,3749586,python,[JIT],0x0000f45d96e171c0
248279.0,3749586,python,[JIT],0x0000f45d96e1c970
248279.0,3749586,python,[JIT],0x0000f45d96e1d7e8
248279.0,3749586,python,[JIT],0x0000f45d96e1d7f8
248279.0,3749586,python,[JIT],0x0000f45d96af4180
248279.0,3749586,python,[JIT],0x0000f45d96af95c4
248279.0,3749240,python,[JIT],0x0000ee2d4ca29500
248279.0,3749240,python,[JIT],0x0000ee2d4ca5c4b0
248279.0,3749240,python,[JIT],0x0000ee2d4d2be880
248279.0,3749240,python,[JIT],0x0000ee2d4d2f10d8
248279.0,3749240,python,[JIT],0x0000ee2d4d2f9788
248279.0,3749240,python,[JIT],0x0000ee2d4d3a181c
248279.0,3749383,python,[JIT],0x0000ef595c14db54
248279.0,3749543,python,[JIT],0x0000f0a3d18fa244
248279.0,3749543,python,[JIT],0x0000f0a3d1909e78
248279.0,3749543,python,[JIT],0x0000f0a3d1909e9c
248279.0,3749543,python,[JIT],0x0000f0a3d197b31c
248279.0,3749543,python,[JIT],0x0000f0a3d1d82c5c
248279.0,3749543,python,[JIT],0x0000f0a3d1d8422c
248279.0,3749543,python,[JIT],0x0000f0a3d1d870dc
248279.0,3749543,python,[JIT],0x0000f0a3d1d87fb0
248279.0,3749543,python,[JIT],0x0000f0a3d1d8b408
248279.0,3749336,python,[JIT],0x0000e82e995b9db4
248279.0,3749336,python,[JIT],0x0000e82e995fd524
248279.0,3749336,python,[JIT],0x0000e82e99e0f9cc
248279.0,3749336,python,[JIT],0x0000e82e99e419fc
248279.0,3749336,python,[JIT],0x0000e82e99e43498
248279.0,3749336,python,[JIT],0x0000e82e99e4707c
248279.0,3749336,python,[JIT],0x0000e82e99e47cb0
248279.0,3749336,python,[JIT],0x0000e82e99ef22cc
248279.0,3749543,python,[JIT],0x0000f0a3d1cdcdf8
248279.0,3749336,python,[JIT],0x0000e82e99ef9350
248279.0,3749463,python,[JIT],0x0000e07d3f6fc414
248279.0,3749463,python,[JIT],0x0000e07d3f931064
248279.0,3749463,python,[JIT],0x0000e07d3f932008
248279.0,3749463,python,[JIT],0x0000e07d3f933320
248279.0,3749463,python,[JIT],0x0000e07d3f933830
248279.0,3749463,python,[JIT],0x0000e07d3f93b398
248279.0,3749463,python,[JIT],0x0000e07d3f93da24
248278.0,3749208,python,[JIT],0x0000e7243bf19b4c
248278.0,3749208,python,[JIT],0x0000e7243bf4d0ac
248278.0,3749208,python,[JIT],0x0000e7243c7ce03c
248278.0,3749586,python,[kernel.kallsyms],folio_add_lru
248278.0,3749586,python,[JIT],0x0000f45d9651315c
248278.0,3749586,python,[JIT],0x0000f45d96572a48
248278.0,3749586,python,[JIT],0x0000f45d96579fe4
248278.0,3749586,python,[JIT],0x0000f45d965b1170
248278.0,3749586,python,[JIT],0x0000f45d965b92f4
248278.0,3749586,python,[JIT],0x0000f45d96aee8ec
248278.0,3749586,python,[JIT],0x0000f45d96af1a44
248278.0,3749586,python,[JIT],0x0000f45d96afb048
248278.0,3749586,python,[JIT],0x0000f45d96afb3c4
248278.0,3749586,python,[JIT],0x0000f45d96dde0cc
248278.0,3749586,python,[JIT],0x0000f45d96dde180
248278.0,3749586,python,[JIT],0x0000f45d96dde3b4
248278.0,3749586,python,[JIT],0x0000f45d96ddeb48
248278.0,3749586,python,[JIT],0x0000f45d96e19064
248278.0,3749586,python,[JIT],0x0000f45d96e1c028
248278.0,3749586,python,[JIT],0x0000f45d96e1d140
248278.0,3749586,python,[JIT],0x0000f45d96ec25e4
248278.0,3749240,python,[JIT],0x0000ee2d4ca2e4d4
248278.0,3749240,python,[JIT],0x0000ee2d4ca91120
248278.0,3749240,python,[JIT],0x0000ee2d4ca933d4
248278.0,3749240,python,[JIT],0x0000ee2d4d2be5d0
248278.0,3749543,python,[JIT],0x0000f0a3d197808c
248278.0,3749543,python,[JIT],0x0000f0a3d1cd20f0
248278.0,3749543,python,[JIT],0x0000f0a3d1cd21b0
248278.0,3749543,python,[JIT],0x0000f0a3d1cd25fc
248278.0,3749543,python,[JIT],0x0000f0a3d1cd3b58
248278.0,3749543,python,[JIT],0x0000f0a3d1cd9054
248278.0,3749543,python,[JIT],0x0000f0a3d1cdb210
248278.0,3749543,python,[JIT],0x0000f0a3d1cdbe34
248278.0,3749543,python,[JIT],0x0000f0a3d1cdcd0c
248278.0,3749543,python,[JIT],0x0000f0a3d1d82c20
248278.0,3749543,python,[JIT],0x0000f0a3d1d84134
248278.0,3749543,python,[JIT],0x0000f0a3d1d88098
248278.0,3749543,python,[JIT],0x0000f0a3d1d8b128
248278.0,3749543,python,[JIT],0x0000f0a3d1d8b250
248278.0,3749543,python,[JIT],0x0000f0a3d1d8bda0
248278.0,3749336,python,[kernel.kallsyms],handle_softirqs
248278.0,3749336,python,[JIT],0x0000e82e99527060
248278.0,3749336,python,[JIT],0x0000e82e99e47ce8
248278.0,3749336,python,[JIT],0x0000e82e99ef5838
248278.0,3749336,python,[JIT],0x0000e82e99ef5c38
248278.0,3749543,python,[JIT],0x0000f0a3d1cd237c
248278.0,3749543,python,[JIT],0x0000f0a3d1d8408c
248278.0,3749463,python,[JIT],0x0000e07d3f935088
248278.0,3749336,python,[JIT],0x0000e82e99e4e154
248278.0,3749463,python,[JIT],0x0000e07d3f0992c4
248278.0,3749463,python,[JIT],0x0000e07d3f0d4fd8
248278.0,3749463,python,[JIT],0x0000e07d3f6fc614
248278.0,3749463,python,[JIT],0x0000e07d3f9e1f68
248278.0,3749463,python,[JIT],0x0000e07d3f9e7470
248277.0,3749208,python,[JIT],0x0000e7243bf7e10c
248277.0,3749208,python,[JIT],0x0000e7243c7ce868
248277.0,3749208,python,[JIT],0x0000e7243c80e098
248277.0,3749208,python,[JIT],0x0000e7243c8b396c
248277.0,3749208,python,[JIT],0x0000e7243c8b8f10
248277.0,3749586,python,[JIT],0x0000f45d96575c94
248277.0,3749586,python,[JIT],0x0000f45d965ba434
248277.0,3749586,python,[JIT],0x0000f45d965ba5b4
248277.0,3749586,python,[JIT],0x0000f45d96af153c
248277.0,3749586,python,[JIT],0x0000f45d96af2364
248277.0,3749586,python,[JIT],0x0000f45d96af2528
248277.0,3749586,python,[JIT],0x0000f45d96af99f4
248277.0,3749586,python,[JIT],0x0000f45d96dde0e0
248277.0,3749586,python,[JIT],0x0000f45d96e17268
248277.0,3749586,python,[JIT],0x0000f45d96e1c2c0
248277.0,3749586,python,[JIT],0x0000f45d96e1c680
248277.0,3749586,python,[JIT],0x0000f45d96e1cd10
248277.0,3749586,python,[JIT],0x0000f45d96e1d720
248277.0,3749586,python,[JIT],0x0000f45d96ec1354
248277.0,3749586,python,[JIT],0x0000f45d96ec2580
248277.0,3749586,python,[JIT],0x0000f45d96ec2a7c
248277.0,3749586,python,[JIT],0x0000f45d96ec2b00
248277.0,3749586,python,[JIT],0x0000f45d96ec59c0
248277.0,3749240,python,python,PyObject_RichCompareBool
248277.0,3749240,python,[JIT],0x0000ee2d4ca28044
248277.0,3749240,python,[JIT],0x0000ee2d4ca5da48
248277.0,3749240,python,[JIT],0x0000ee2d4ca97b84
248277.0,3749240,python,[JIT],0x0000ee2d4d2be1f8
248277.0,3749240,python,[JIT],0x0000ee2d4d2bea5c
248277.0,3749240,python,[JIT],0x0000ee2d4d2f1284
248277.0,3749543,python,[JIT],0x0000f0a3d13f1080
248277.0,3749543,python,[JIT],0x0000f0a3d13fbf14
248277.0,3749543,python,[JIT],0x0000f0a3d18fc5f8
248277.0,3749543,python,[JIT],0x0000f0a3d190c1f4
248277.0,3749543,python,[JIT],0x0000f0a3d1932324
248277.0,3749543,python,[JIT],0x0000f0a3d1932abc
248277.0,3749543,python,[JIT],0x0000f0a3d19346c4
248277.0,3749543,python,[JIT],0x0000f0a3d19349c8
248277.0,3749543,python,[JIT],0x0000f0a3d1936580
248277.0,3749543,python,[JIT],0x0000f0a3d1978584
248277.0,3749543,python,[JIT],0x0000f0a3d1979770
248277.0,3749543,python,[JIT],0x0000f0a3d1cd26c4
248277.0,3749543,python,[JIT],0x0000f0a3d1cd607c
248277.0,3749543,python,[JIT],0x0000f0a3d1d82314
248277.0,3749543,python,[JIT],0x0000f0a3d1d828bc
248277.0,3749543,python,[JIT],0x0000f0a3d1d88188
248277.0,3749543,python,[JIT],0x0000f0a3d1d8b898
248277.0,3749543,python,[JIT],0x0000f0a3d1d8b970
248277.0,3749336,python,python,tuple_iter
248277.0,3749336,python,[JIT],0x0000e82e9955843c
248277.0,3749336,python,[JIT],0x0000e82e9958f128
248277.0,3749336,python,[JIT],0x0000e82e995b232c
248277.0,3749336,python,[JIT],0x0000e82e995b8170
248277.0,3749336,python,[JIT],0x0000e82e99e4e21c
248277.0,3749336,python,[JIT],0x0000e82e99e4edf8
248277.0,3749336,python,[JIT],0x0000e82e99ef1030
248277.0,3749336,python,[JIT],0x0000e82e99ef416c
248277.0,3749336,python,[JIT],0x0000e82e99e444c0
248277.0,3749336,python,[JIT],0x0000e82e99f25138
248277.0,3749463,python,python,PyType_Watch
248277.0,3749463,python,[JIT],0x0000e07d3f0d2188
248277.0,3749463,python,[JIT],0x0000e07d3f0d4094
248277.0,3749463,python,[JIT],0x0000e07d3f0d5afc
248277.0,3749463,python,[JIT],0x0000e07d3f0d6538
248277.0,3749463,python,[JIT],0x0000e07d3f6f4500
248277.0,3749463,python,[JIT],0x0000e07d3f6f659c
248277.0,3749463,python,[JIT],0x0000e07d3f93d11c
248277.0,3749463,python,[JIT],0x0000e07d3f9e220c
248276.0,3749208,python,python,PyObject_GenericHash
248276.0,3749208,python,python,emit__SWAP_FAST_5_r33
248276.0,3749208,python,[JIT],0x0000e7243bf7501c
248276.0,3749208,python,[JIT],0x0000e7243bfb24b4
248276.0,3749208,python,[JIT],0x0000e7243bfb3240
248276.0,3749208,python,[JIT],0x0000e7243c4ee5cc
248276.0,3749208,python,[JIT],0x0000e7243c80158c
248276.0,3749208,python,[JIT],0x0000e7243c8b3810
248276.0,3749208,python,[JIT],0x0000e7243c8b434c
248276.0,3749208,python,[JIT],0x0000e7243c8b524c
248276.0,3749586,python,[JIT],0x0000f45d9657a248
248276.0,3749586,python,[JIT],0x0000f45d96af22a4
248276.0,3749586,python,[JIT],0x0000f45d96af251c
248276.0,3749586,python,[JIT],0x0000f45d96af8058
248276.0,3749586,python,[JIT],0x0000f45d96af8254
248276.0,3749586,python,[JIT],0x0000f45d96af9290
248276.0,3749586,python,[JIT],0x0000f45d96afa01c
248276.0,3749586,python,[JIT],0x0000f45d96afb2b4
248276.0,3749586,python,[JIT],0x0000f45d96dde4d0
248276.0,3749586,python,[JIT],0x0000f45d96e17720
248276.0,3749586,python,[JIT],0x0000f45d96e1cf4c
248276.0,3749586,python,[JIT],0x0000f45d96e1d378
248276.0,3749586,python,[JIT],0x0000f45d96ec1440
248276.0,3749586,python,[JIT],0x0000f45d96ec2634
248276.0,3749240,python,[JIT],0x0000ee2d4d0fc3a4
248276.0,3749240,python,[JIT],0x0000ee2d4d3a1274
248276.0,3749240,python,[JIT],0x0000ee2d4ca5befc
248276.0,3749240,python,[JIT],0x0000ee2d4d0ebd20
248276.0,3749240,python,[JIT],0x0000ee2d4d0f99dc
248276.0,3749240,python,[JIT],0x0000ee2d4d0fd330
248276.0,3749240,python,[JIT],0x0000ee2d4d2be890
248276.0,3749240,python,[JIT],0x0000ee2d4d2bea88
248276.0,3749240,python,[JIT],0x0000ee2d4d2f10c4
248276.0,3749383,python,[JIT],0x0000ef595beeb0a8
248276.0,3749383,python,[JIT],0x0000ef595c1f5858
248276.0,3749543,python,[JIT],0x0000f0a3d13f1114
248276.0,3749543,python,[JIT],0x0000f0a3d13f61b0
248276.0,3749543,python,[JIT],0x0000f0a3d1909d18
248276.0,3749543,python,[JIT],0x0000f0a3d190e790
248276.0,3749543,python,[JIT],0x0000f0a3d1978c30
248276.0,3749543,python,[JIT],0x0000f0a3d1cdc25c
248276.0,3749543,python,[JIT],0x0000f0a3d1d8450c
248276.0,3749543,python,[JIT],0x0000f0a3d1d84818
248276.0,3749336,python,[JIT],0x0000e82e99528044
248276.0,3749336,python,[JIT],0x0000e82e9952b714
248276.0,3749336,python,[JIT],0x0000e82e995b12f0
248276.0,3749336,python,[JIT],0x0000e82e995b80b8
248276.0,3749336,python,[JIT],0x0000e82e995fc150
248276.0,3749336,python,[JIT],0x0000e82e99e0f550
248276.0,3749336,python,[JIT],0x0000e82e99e44674
248276.0,3749336,python,[JIT],0x0000e82e99e4a434
248276.0,3749336,python,[JIT],0x0000e82e99e4a9e4
248276.0,3749336,python,[JIT],0x0000e82e99ef40d4
248276.0,3749336,python,[JIT],0x0000e82e99ef5688
248276.0,3749336,python,[JIT],0x0000e82e99ef920c
248276.0,3749336,python,[JIT],0x0000e82e99ef94dc
248276.0,3749336,python,[JIT],0x0000e82e99efa128
248276.0,3749543,python,[JIT],0x0000f0a3d1cd3f6c
248276.0,3749543,python,[JIT],0x0000f0a3d1d84b48
248276.0,3749463,python,[JIT],0x0000e07d3f931048
248276.0,3749336,python,[JIT],0x0000e82e99ef5d34
248276.0,3749463,python,[JIT],0x0000e07d3f038728
248276.0,3749463,python,[JIT],0x0000e07d3f068f00
248276.0,3749463,python,[JIT],0x0000e07d3f091730
248276.0,3749463,python,[JIT],0x0000e07d3f0d5eec
248276.0,3749463,python,[JIT],0x0000e07d3f93f06c
248275.0,3749208,python,python,member_set
248275.0,3749208,python,[JIT],0x0000e7243bebf238
248275.0,3749208,python,[JIT],0x0000e7243c807804
248275.0,3749208,python,[JIT],0x0000e7243c8b83b0
248275.0,3749586,python,[JIT],0x0000f45d9657bb30
248275.0,3749586,python,[JIT],0x0000f45d9657cce4
248275.0,3749586,python,[JIT],0x0000f45d9657ccf4
248275.0,3749586,python,[JIT],0x0000f45d965b96ac
248275.0,3749586,python,[JIT],0x0000f45d96af1b18
248275.0,3749586,python,[JIT],0x0000f45d96af1f70
248275.0,3749586,python,[JIT],0x0000f45d96af52c8
248275.0,3749586,python,[JIT],0x0000f45d96af56ec
248275.0,3749586,python,[JIT],0x0000f45d96af9d8c
248275.0,3749586,python,[JIT],0x0000f45d96afb360
248275.0,3749586,python,[JIT],0x0000f45d96afc8bc
248275.0,3749586,python,[JIT],0x0000f45d96e130e0
248275.0,3749586,python,[JIT],0x0000f45d96e191ac
248275.0,3749586,python,[JIT],0x0000f45d96e1c4c0
248275.0,3749586,python,[JIT],0x0000f45d96e1db00
248275.0,3749586,python,[JIT],0x0000f45d96e1f1dc
248275.0,3749586,python,[JIT],0x0000f45d96ec1418
248275.0,3749586,python,[JIT],0x0000f45d96ec1470
248275.0,3749240,python,python,_PyObject_TryGetInstanceAttribute
248275.0,3749240,python,[JIT],0x0000ee2d4d2f7e38
248275.0,3749240,python,[JIT],0x0000ee2d4d2f7fc8
248275.0,3749240,python,[JIT],0x0000ee2d4d2fc3d8
248275.0,3749240,python,[JIT],0x0000ee2d4d2fcc98
248275.0,3749240,python,[JIT],0x0000ee2d4d3d1108
248275.0,3749240,python,[JIT],0x0000ee2d4ca271f8
248275.0,3749240,python,[JIT],0x0000ee2d4ca91880
248275.0,3749240,python,[JIT],0x0000ee2d4ca9a288
248275.0,3749240,python,[JIT],0x0000ee2d4d0f96a4
248275.0,3749240,python,[JIT],0x0000ee2d4d0fc048
248275.0,3749240,python,[JIT],0x0000ee2d4d2f67fc
248275.0,3749240,python,[JIT],0x0000ee2d4d2f90a0
248275.0,3749240,python,[JIT],0x0000ee2d4d2f9338
248275.0,3749240,python,[JIT],0x0000ee2d4d2fda20
248275.0,3749240,python,[JIT],0x0000ee2d4d2fdb84
248275.0,3749543,python,[JIT],0x0000f0a3d13f1040
248275.0,3749543,python,[JIT],0x0000f0a3d18ed238
248275.0,3749543,python,[JIT],0x0000f0a3d18f605c
248275.0,3749543,python,[JIT],0x0000f0a3d1909f24
248275.0,3749543,python,[JIT],0x0000f0a3d190c7e8
248275.0,3749543,python,[JIT],0x0000f0a3d1936e4c
248275.0,3749543,python,[JIT],0x0000f0a3d1cd66f0
248275.0,3749543,python,[JIT],0x0000f0a3d1cd9830
248275.0,3749543,python,[JIT],0x0000f0a3d1cda7d4
248275.0,3749543,python,[JIT],0x0000f0a3d1cdc7d0
248275.0,3749543,python,[JIT],0x0000f0a3d1cdcec4
248275.0,3749543,python,[JIT],0x0000f0a3d1d8612c
248275.0,3749543,python,[JIT],0x0000f0a3d1d87d1c
248275.0,3749543,python,[JIT],0x0000f0a3d1d8b06c
248275.0,3749336,python,[JIT],0x0000e82e995b37a4
248275.0,3749336,python,[JIT],0x0000e82e995b551c
248275.0,3749336,python,[JIT],0x0000e82e995f8534
248275.0,3749336,python,[JIT],0x0000e82e995fc368
248275.0,3749336,python,[JIT],0x0000e82e99e47274
248275.0,3749336,python,[JIT],0x0000e82e99e4e400
248275.0,3749336,python,[JIT],0x0000e82e99e4e61c
248275.0,3749336,python,[JIT],0x0000e82e99ef5bfc
248275.0,3749336,python,[JIT],0x0000e82e99ef67a4
248275.0,3749336,python,[JIT],0x0000e82e99ef6b94
248275.0,3749543,python,[JIT],0x0000f0a3d1cd23f0
248275.0,3749336,python,python,_PyStaticType_GetState
248275.0,3749463,python,libc.so.6,__sysconf
248275.0,3749463,python,[JIT],0x0000e07d3f0d8658
248275.0,3749463,python,[JIT],0x0000e07d3f6f5748
248275.0,3749463,python,[JIT],0x0000e07d3f6f5a48
248275.0,3749463,python,[JIT],0x0000e07d3f6f63b0
248275.0,3749463,python,[JIT],0x0000e07d3f93373c
248275.0,3749463,python,[JIT],0x0000e07d3f936c90
248275.0,3749463,python,[JIT],0x0000e07d3f93ba30
248275.0,3749463,python,[JIT],0x0000e07d3f93bac8
248275.0,3749463,python,[JIT],0x0000e07d3f9e61bc
248274.0,3749208,python,[kernel.kallsyms],__call_rcu_common
248274.0,3749208,python,[JIT],0x0000e7243bf7e788
248274.0,3749208,python,[JIT],0x0000e7243bfb98c4
248274.0,3749208,python,[JIT],0x0000e7243c8087a4
248274.0,3749586,python,[JIT],0x0000f45d96542654
248274.0,3749586,python,[JIT],0x0000f45d96575818
248274.0,3749586,python,[JIT],0x0000f45d9657a13c
248274.0,3749586,python,[JIT],0x0000f45d9657d230
248274.0,3749586,python,[JIT],0x0000f45d96af1284
248274.0,3749586,python,[JIT],0x0000f45d96af5048
248274.0,3749586,python,[JIT],0x0000f45d96af96a8
248274.0,3749586,python,[JIT],0x0000f45d96dde9b4
248274.0,3749586,python,[JIT],0x0000f45d96ddeba8
248274.0,3749586,python,[JIT],0x0000f45d96e17cc0
248274.0,3749586,python,[JIT],0x0000f45d96ec29a8
248274.0,3749586,python,[JIT],0x0000f45d96ec5134
248274.0,3749240,python,[JIT],0x0000ee2d4d2fc00c
248274.0,3749240,python,python,PySequence_Fast
248274.0,3749240,python,[JIT],0x0000ee2d4c9fb798
248274.0,3749240,python,[JIT],0x0000ee2d4ca59ccc
248274.0,3749240,python,[JIT],0x0000ee2d4d0f27c4
248274.0,3749240,python,[JIT],0x0000ee2d4d0f63d4
248274.0,3749543,python,[JIT],0x0000f0a3d190c490
248274.0,3749543,python,[JIT],0x0000f0a3d1935b04
248274.0,3749543,python,[JIT],0x0000f0a3d1cd1004
248274.0,3749543,python,[JIT],0x0000f0a3d1cd522c
248274.0,3749543,python,[JIT],0x0000f0a3d1cd9144
248274.0,3749543,python,[JIT],0x0000f0a3d1cdcbd0
248274.0,3749543,python,[JIT],0x0000f0a3d1d888d4
248274.0,3749336,python,python,patch_aarch64_trampoline
248274.0,3749336,python,[JIT],0x0000e82e99582204
248274.0,3749336,python,[JIT],0x0000e82e995b12d8
248274.0,3749336,python,[JIT],0x0000e82e995b13e0
248274.0,3749336,python,[JIT],0x0000e82e995b1944
248274.0,3749336,python,[JIT],0x0000e82e995b734c
248274.0,3749336,python,[JIT],0x0000e82e99e472c0
248274.0,3749336,python,[JIT],0x0000e82e99ef2634
248274.0,3749336,python,[JIT],0x0000e82e99ef6224
248274.0,3749543,python,python,_PyOptimizer_Optimize
248274.0,3749543,python,python,set_update_local
248274.0,3749543,python,[JIT],0x0000f0a3d1d876e0
248274.0,3749336,python,[JIT],0x0000e82e99ef1510
248274.0,3749463,python,[JIT],0x0000e07d3f03460c
248274.0,3749463,python,[JIT],0x0000e07d3f0d2078
248274.0,3749463,python,[JIT],0x0000e07d3f0da14c
248274.0,3749463,python,[JIT],0x0000e07d3f6ef630
248274.0,3749463,python,[JIT],0x0000e07d3f933b00
248274.0,3749463,python,[JIT],0x0000e07d3f935080
248274.0,3749463,python,[JIT],0x0000e07d3f93655c
248274.0,3749463,python,[JIT],0x0000e07d3f93b234
248274.0,3749463,python,[JIT],0x0000e07d3f93baa4
248274.0,3749463,python,[JIT],0x0000e07d3f93bac4
248274.0,3749463,python,[JIT],0x0000e07d3f9e121c
248274.0,3749463,python,[JIT],0x0000e07d3f9e7460
248273.0,3749208,python,[JIT],0x0000e7243bebe054
248273.0,3749208,python,[JIT],0x0000e7243bf4736c
248273.0,3749208,python,[JIT],0x0000e7243c805e48
248273.0,3749208,python,[JIT],0x0000e7243c8b3218
248273.0,3749208,python,[JIT],0x0000e7243c8b49d0
248273.0,3749586,python,python,memcpy@plt
248273.0,3749586,python,[JIT],0x0000f45d965b73d0
248273.0,3749586,python,[JIT],0x0000f45d96af81a0
248273.0,3749586,python,[JIT],0x0000f45d96e1160c
248273.0,3749586,python,[JIT],0x0000f45d96e11d74
248273.0,3749586,python,[JIT],0x0000f45d96e12654
248273.0,3749586,python,[JIT],0x0000f45d96e16228
248273.0,3749586,python,[JIT],0x0000f45d96dde534
248273.0,3749586,python,[JIT],0x0000f45d96e12804
248273.0,3749240,python,[JIT],0x0000ee2d4d0f9434
248273.0,3749240,python,[JIT],0x0000ee2d4d2f9088
248273.0,3749240,python,[JIT],0x0000ee2d4d2fc878
248273.0,3749240,python,python,unicode_upper
248273.0,3749240,python,[JIT],0x0000ee2d4ca5d4f8
248273.0,3749240,python,[JIT],0x0000ee2d4ca913a8
248273.0,3749240,python,[JIT],0x0000ee2d4d0f94b8
248273.0,3749240,python,[JIT],0x0000ee2d4d2be054
248273.0,3749240,python,[JIT],0x0000ee2d4d2be48c
248273.0,3749240,python,[JIT],0x0000ee2d4d2f2644
248273.0,3749240,python,[JIT],0x0000ee2d4d2f2ae4
248273.0,3749240,python,[JIT],0x0000ee2d4d2fc55c
248273.0,3749240,python,[JIT],0x0000ee2d4d2fca78
248273.0,3749240,python,[JIT],0x0000ee2d4d2fcd04
248273.0,3749383,python,[JIT],0x0000ef595c14dd1c
248273.0,3749543,python,[JIT],0x0000f0a3d1909308
248273.0,3749543,python,[JIT],0x0000f0a3d190c560
248273.0,3749543,python,[JIT],0x0000f0a3d190d04c
248273.0,3749543,python,[JIT],0x0000f0a3d190d27c
248273.0,3749543,python,[JIT],0x0000f0a3d1978694
248273.0,3749543,python,[JIT],0x0000f0a3d1cd2518
248273.0,3749543,python,[JIT],0x0000f0a3d1cd3af8
248273.0,3749543,python,[JIT],0x0000f0a3d1cd9180
248273.0,3749543,python,[JIT],0x0000f0a3d1cd9934
248273.0,3749543,python,[JIT],0x0000f0a3d1cdb114
248273.0,3749543,python,[JIT],0x0000f0a3d1d82cac
248273.0,3749543,python,[JIT],0x0000f0a3d1d88ab4
248273.0,3749336,python,[JIT],0x0000e82e99558628
248273.0,3749336,python,[JIT],0x0000e82e9955e568
248273.0,3749336,python,[JIT],0x0000e82e995b12f4
248273.0,3749336,python,[JIT],0x0000e82e995b202c
248273.0,3749336,python,[JIT],0x0000e82e995f8624
248273.0,3749336,python,[JIT],0x0000e82e995fd044
248273.0,3749336,python,[JIT],0x0000e82e99e0f44c
248273.0,3749336,python,[JIT],0x0000e82e99e4307c
248273.0,3749336,python,[JIT],0x0000e82e99e43094
248273.0,3749336,python,[JIT],0x0000e82e99ef5848
248273.0,3749336,python,[JIT],0x0000e82e99ef5b08
248273.0,3749543,python,[JIT],0x0000f0a3d1cdb674
248273.0,3749336,python,[JIT],0x0000e82e99aec330
248273.0,3749463,python,[JIT],0x0000e07d3f09a08c
248273.0,3749463,python,[JIT],0x0000e07d3f0d1338
248273.0,3749463,python,[JIT],0x0000e07d3f6f5f64
248273.0,3749463,python,[JIT],0x0000e07d3f93618c
248273.0,3749463,python,[JIT],0x0000e07d3f936524
248273.0,3749463,python,[JIT],0x0000e07d3f936ef4
248273.0,3749463,python,[JIT],0x0000e07d3f93d15c
248273.0,3749463,python,[JIT],0x0000e07d3f9e2038
248272.0,3749208,python,[JIT],0x0000e7243bf727b4
248272.0,3749208,python,[JIT],0x0000e7243c8058b0
248272.0,3749208,python,[JIT],0x0000e7243c807a0c
248272.0,3749208,python,[JIT],0x0000e7243c8b617c
248272.0,3749208,python,[JIT],0x0000e7243c8b70cc
248272.0,3749208,python,[JIT],0x0000e7243c8b77e4
248272.0,3749208,python,[JIT],0x0000e7243c8b8698
248272.0,3749586,python,[JIT],0x0000f45d96572290
248272.0,3749586,python,[JIT],0x0000f45d965752c0
248272.0,3749586,python,[JIT],0x0000f45d965791e4
248272.0,3749586,python,[JIT],0x0000f45d965793a4
248272.0,3749586,python,[JIT],0x0000f45d96579990
248272.0,3749586,python,[JIT],0x0000f45d96af110c
248272.0,3749586,python,[JIT],0x0000f45d96af250c
248272.0,3749586,python,[JIT],0x0000f45d96af54e4
248272.0,3749586,python,[JIT],0x0000f45d96afb028
248272.0,3749586,python,[JIT],0x0000f45d96afc4d0
248272.0,3749586,python,[JIT],0x0000f45d96dde27c
248272.0,3749586,python,[JIT],0x0000f45d96ddece4
248272.0,3749240,python,[JIT],0x0000ee2d4d2fc12c
248272.0,3749240,python,[JIT],0x0000ee2d4ca54274
248272.0,3749240,python,[JIT],0x0000ee2d4ca580dc
248272.0,3749240,python,[JIT],0x0000ee2d4ca5b064
248272.0,3749240,python,[JIT],0x0000ee2d4d0f25dc
248272.0,3749240,python,[JIT],0x0000ee2d4d0fa218
248272.0,3749240,python,[JIT],0x0000ee2d4d0fad9c
248272.0,3749240,python,[JIT],0x0000ee2d4d2be0c8
248272.0,3749240,python,[JIT],0x0000ee2d4d2be264
248272.0,3749240,python,[JIT],0x0000ee2d4d2f29fc
248272.0,3749240,python,[JIT],0x0000ee2d4d2f700c
248272.0,3749240,python,[JIT],0x0000ee2d4d2f9608
248272.0,3749383,python,[JIT],0x0000ef595c142a40
248272.0,3749543,python,[JIT],0x0000f0a3d190c834
248272.0,3749543,python,[JIT],0x0000f0a3d193d82c
248272.0,3749543,python,[JIT],0x0000f0a3d197c860
248272.0,3749543,python,[JIT],0x0000f0a3d1cd30f4
248272.0,3749543,python,[JIT],0x0000f0a3d1cd36c8
248272.0,3749543,python,[JIT],0x0000f0a3d1cda7a4
248272.0,3749543,python,[JIT],0x0000f0a3d1d841fc
248272.0,3749543,python,[JIT],0x0000f0a3d1d87618
248272.0,3749336,python,python,object_richcompare
248272.0,3749336,python,[JIT],0x0000e82e995247a4
248272.0,3749336,python,[JIT],0x0000e82e99587258
248272.0,3749336,python,[JIT],0x0000e82e99587620
248272.0,3749336,python,[JIT],0x0000e82e995b17f0
248272.0,3749336,python,[JIT],0x0000e82e995f3158
248272.0,3749336,python,[JIT],0x0000e82e99e43230
248272.0,3749336,python,[JIT],0x0000e82e99e4481c
248272.0,3749336,python,[JIT],0x0000e82e99e47090
248272.0,3749336,python,[JIT],0x0000e82e99e4944c
248272.0,3749336,python,[JIT],0x0000e82e99e4abc0
248272.0,3749336,python,[JIT],0x0000e82e99e4e53c
248272.0,3749336,python,[JIT],0x0000e82e99ef5f68
248272.0,3749463,python,[JIT],0x0000e07d3f068f5c
248272.0,3749463,python,[JIT],0x0000e07d3f091a10
248272.0,3749463,python,[JIT],0x0000e07d3f09650c
248272.0,3749463,python,[JIT],0x0000e07d3f6f6448
248272.0,3749463,python,[JIT],0x0000e07d3f936974
248272.0,3749463,python,[JIT],0x0000e07d3f93d980
248272.0,3749463,python,[JIT],0x0000e07d3f9e4224
248271.0,3749208,python,[JIT],0x0000e7243bf4c5d8
248271.0,3749208,python,[JIT],0x0000e7243bfb9780
248271.0,3749208,python,[JIT],0x0000e7243c801054
248271.0,3749208,python,[JIT],0x0000e7243c8b12d0
248271.0,3749586,python,[JIT],0x0000f45d965123cc
248271.0,3749586,python,[JIT],0x0000f45d965755f4
248271.0,3749586,python,[JIT],0x0000f45d96af1650
248271.0,3749586,python,[JIT],0x0000f45d96af1f5c
248271.0,3749586,python,[JIT],0x0000f45d96af21f4
248271.0,3749586,python,[JIT],0x0000f45d96e11964
248271.0,3749586,python,[JIT],0x0000f45d96e12024
248271.0,3749586,python,[JIT],0x0000f45d96e12060
248271.0,3749586,python,[JIT],0x0000f45d96e1ca1c
248271.0,3749586,python,[JIT],0x0000f45d96e1d054
248271.0,3749586,python,[JIT],0x0000f45d96e1e9d0
248271.0,3749586,python,[JIT],0x0000f45d96e17ad0
248271.0,3749586,python,[JIT],0x0000f45d96e1c0ac
248271.0,3749240,python,[JIT],0x0000ee2d4ca5902c
248271.0,3749240,python,[JIT],0x0000ee2d4ca5b3f8
248271.0,3749240,python,[JIT],0x0000ee2d4ca5d27c
248271.0,3749240,python,[JIT],0x0000ee2d4d0f33b0
248271.0,3749240,python,[JIT],0x0000ee2d4d0ff06c
248271.0,3749240,python,[JIT],0x0000ee2d4d2f1dd8
248271.0,3749240,python,[JIT],0x0000ee2d4d2f72a8
248271.0,3749240,python,[JIT],0x0000ee2d4d2f9474
248271.0,3749240,python,[JIT],0x0000ee2d4d2fc7c0
248271.0,3749383,python,[JIT],0x0000ef595c144d00
248271.0,3749543,python,python,listiter_dealloc
248271.0,3749543,python,[JIT],0x0000f0a3d18f05ac
248271.0,3749543,python,[JIT],0x0000f0a3d1906594
248271.0,3749543,python,[JIT],0x0000f0a3d1935d7c
248271.0,3749543,python,[JIT],0x0000f0a3d1936ec0
248271.0,3749543,python,[JIT],0x0000f0a3d19788e4
248271.0,3749543,python,[JIT],0x0000f0a3d1978924
248271.0,3749543,python,[JIT],0x0000f0a3d1cdc950
248271.0,3749543,python,[JIT],0x0000f0a3d1d8733c
248271.0,3749543,python,[JIT],0x0000f0a3d1d8b5c0
248271.0,3749336,python,[JIT],0x0000e82e994f90a8
248271.0,3749336,python,[JIT],0x0000e82e995b8a50
248271.0,3749336,python,[JIT],0x0000e82e995fdc80
248271.0,3749336,python,[JIT],0x0000e82e995fe6c8
248271.0,3749336,python,[JIT],0x0000e82e99e0f5a0
248271.0,3749336,python,[JIT],0x0000e82e99e47e24
248271.0,3749336,python,[JIT],0x0000e82e99e4e978
248271.0,3749336,python,[JIT],0x0000e82e99e4eaac
248271.0,3749336,python,[JIT],0x0000e82e99ef2a6c
248271.0,3749336,python,[JIT],0x0000e82e99ef56c8
248271.0,3749336,python,[JIT],0x0000e82e99ef6ba0
248271.0,3749543,python,[JIT],0x0000f0a3d1cd21c8
248271.0,3749543,python,[JIT],0x0000f0a3d1cd97bc
248271.0,3749463,python,python,_PyList_AppendTakeRefListResize
248271.0,3749463,python,[JIT],0x0000e07d3f6fd194
248271.0,3749463,python,[JIT],0x0000e07d3efd2144
248271.0,3749463,python,[JIT],0x0000e07d3efd6c00
248271.0,3749463,python,[JIT],0x0000e07d3efdc0f0
248271.0,3749463,python,[JIT],0x0000e07d3f6f8100
248271.0,3749463,python,[JIT],0x0000e07d3f93829c
248271.0,3749463,python,[JIT],0x0000e07d3f93ba84
248271.0,3749463,python,[JIT],0x0000e07d3f9e1f44
248270.0,3749208,python,[kernel.kallsyms],blk_cgroup_congested
248270.0,3749208,python,[JIT],0x0000e7243bee509c
248270.0,3749208,python,[JIT],0x0000e7243bf1e28c
248270.0,3749208,python,[JIT],0x0000e7243bfb5818
248270.0,3749208,python,[JIT],0x0000e7243c808020
248270.0,3749208,python,[JIT],0x0000e7243c8bb1d4
248270.0,3749586,python,[JIT],0x0000f45d964bb720
248270.0,3749586,python,[JIT],0x0000f45d96544b68
248270.0,3749586,python,[JIT],0x0000f45d965bbc30
248270.0,3749586,python,[JIT],0x0000f45d96af9044
248270.0,3749586,python,[JIT],0x0000f45d96afb298
248270.0,3749586,python,[JIT],0x0000f45d96ddebbc
248270.0,3749586,python,[JIT],0x0000f45d96e118bc
248270.0,3749586,python,[JIT],0x0000f45d96e118f4
248270.0,3749586,python,[JIT],0x0000f45d96e1c17c
248270.0,3749586,python,[JIT],0x0000f45d96ec2c9c
248270.0,3749586,python,python,_PyOptimizer_Optimize
248270.0,3749586,python,[JIT],0x0000f45d96af8620
248270.0,3749586,python,[JIT],0x0000f45d96afb13c
248270.0,3749586,python,[JIT],0x0000f45d96e12690
248270.0,3749586,python,[JIT],0x0000f45d96ec2604
248270.0,3749240,python,python,PyMem_Realloc
248270.0,3749240,python,[JIT],0x0000ee2d4d0fa86c
248270.0,3749240,python,[JIT],0x0000ee2d4d2fc07c
248270.0,3749240,python,[JIT],0x0000ee2d4d3a5168
248270.0,3749240,python,[JIT],0x0000ee2d4c9cf0b0
248270.0,3749240,python,[JIT],0x0000ee2d4ca52e04
248270.0,3749240,python,[JIT],0x0000ee2d4ca5ac94
248270.0,3749240,python,[JIT],0x0000ee2d4d0f2004
248270.0,3749240,python,[JIT],0x0000ee2d4d0f32d0
248270.0,3749240,python,[JIT],0x0000ee2d4d0f518c
248270.0,3749240,python,[JIT],0x0000ee2d4d0fa14c
248270.0,3749240,python,[JIT],0x0000ee2d4d0fc2a8
248270.0,3749240,python,[JIT],0x0000ee2d4d0fd5a4
248270.0,3749240,python,[JIT],0x0000ee2d4d2f23b8
248270.0,3749240,python,[JIT],0x0000ee2d4d2f25f8
248270.0,3749240,python,[JIT],0x0000ee2d4d2f30a8
248270.0,3749240,python,[JIT],0x0000ee2d4d2fe9ac
248270.0,3749383,python,[JIT],0x0000ef595c1491cc
248270.0,3749383,python,[JIT],0x0000ef595c14d5c0
248270.0,3749543,python,python,PyTuple_FromArray.part.0
248270.0,3749543,python,[JIT],0x0000f0a3d18f6230
248270.0,3749543,python,[JIT],0x0000f0a3d19093c0
248270.0,3749543,python,[JIT],0x0000f0a3d190e0fc
248270.0,3749543,python,[JIT],0x0000f0a3d19324b4
248270.0,3749543,python,[JIT],0x0000f0a3d1934064
248270.0,3749543,python,[JIT],0x0000f0a3d1935b6c
248270.0,3749543,python,[JIT],0x0000f0a3d197bea0
248270.0,3749543,python,[JIT],0x0000f0a3d1cd2398
248270.0,3749543,python,[JIT],0x0000f0a3d1cd51f4
248270.0,3749543,python,[JIT],0x0000f0a3d1d82004
248270.0,3749543,python,[JIT],0x0000f0a3d1d87f34
248270.0,3749336,python,[JIT],0x0000e82e994f8270
248270.0,3749336,python,[JIT],0x0000e82e99584600
248270.0,3749336,python,[JIT],0x0000e82e995b13e4
248270.0,3749336,python,[JIT],0x0000e82e995fe684
248270.0,3749336,python,[JIT],0x0000e82e995fe740
248270.0,3749336,python,[JIT],0x0000e82e99ef1034
248270.0,3749336,python,[JIT],0x0000e82e99ef976c
248270.0,3749336,python,libc.so.6,_int_malloc
248270.0,3749336,python,[JIT],0x0000e82e99e0f474
248270.0,3749463,python,[JIT],0x0000e07d3f034cd4
248270.0,3749463,python,[JIT],0x0000e07d3f0d5bec
248270.0,3749463,python,[JIT],0x0000e07d3f6fc3fc
248270.0,3749463,python,[JIT],0x0000e07d3f6fd194
248270.0,3749463,python,[JIT],0x0000e07d3f9351e0
248269.0,3749208,python,[JIT],0x0000e7243bd870c0
248269.0,3749208,python,[JIT],0x0000e7243bf1a490
248269.0,3749208,python,[JIT],0x0000e7243bfb9e10
248269.0,3749208,python,[JIT],0x0000e7243c801664
248269.0,3749208,python,[JIT],0x0000e7243c805008
248269.0,3749208,python,[JIT],0x0000e7243c8051d4
248269.0,3749208,python,[JIT],0x0000e7243c8b4408
248269.0,3749586,python,[kernel.kallsyms],_raw_spin_unlock_irqrestore
248269.0,3749586,python,[JIT],0x0000f45d965443e4
248269.0,3749586,python,[JIT],0x0000f45d96575cb8
248269.0,3749586,python,[JIT],0x0000f45d9657b2dc
248269.0,3749586,python,[JIT],0x0000f45d9657cc78
248269.0,3749586,python,[JIT],0x0000f45d96af15cc
248269.0,3749586,python,[JIT],0x0000f45d96af1d38
248269.0,3749586,python,[JIT],0x0000f45d96dde670
248269.0,3749586,python,[JIT],0x0000f45d96e19200
248269.0,3749586,python,[JIT],0x0000f45d96e1d85c
248269.0,3749586,python,[JIT],0x0000f45d96ddf878
248269.0,3749240,python,[JIT],0x0000ee2d4ca562b4
248269.0,3749240,python,[JIT],0x0000ee2d4ca590c0
248269.0,3749240,python,[JIT],0x0000ee2d4d2be310
248269.0,3749240,python,[JIT],0x0000ee2d4d2be784
248269.0,3749240,python,[JIT],0x0000ee2d4d2f2f64
248269.0,3749240,python,[JIT],0x0000ee2d4d2f6314
248269.0,3749240,python,[JIT],0x0000ee2d4d2f9a24
248269.0,3749383,python,python,_PyObject_TryGetInstanceAttribute
248269.0,3749543,python,[JIT],0x0000f0a3d13fb030
248269.0,3749543,python,[JIT],0x0000f0a3d197820c
248269.0,3749543,python,[JIT],0x0000f0a3d197938c
248269.0,3749543,python,[JIT],0x0000f0a3d197c3b4
248269.0,3749543,python,[JIT],0x0000f0a3d197d660
248269.0,3749543,python,[JIT],0x0000f0a3d1cd53a0
248269.0,3749543,python,[JIT],0x0000f0a3d1cd5418
248269.0,3749543,python,[JIT],0x0000f0a3d1cd9a70
248269.0,3749543,python,[JIT],0x0000f0a3d1cd9aa8
248269.0,3749543,python,[JIT],0x0000f0a3d1cdccac
248269.0,3749543,python,[JIT],0x0000f0a3d1d815d0
248269.0,3749543,python,[JIT],0x0000f0a3d1d84b48
248269.0,3749543,python,[JIT],0x0000f0a3d1d87308
248269.0,3749543,python,[JIT],0x0000f0a3d1d87d28
248269.0,3749543,python,[JIT],0x0000f0a3d1d886e4
248269.0,3749543,python,[JIT],0x0000f0a3d1d8ca10
248269.0,3749336,python,[JIT],0x0000e82e9952d870
248269.0,3749336,python,[JIT],0x0000e82e995f215c
248269.0,3749336,python,[JIT],0x0000e82e995f8754
248269.0,3749336,python,[JIT],0x0000e82e995fe3b0
248269.0,3749336,python,[JIT],0x0000e82e99e0f2dc
248269.0,3749336,python,[JIT],0x0000e82e99e473f0
248269.0,3749336,python,[JIT],0x0000e82e99e47630
248269.0,3749336,python,[JIT],0x0000e82e99e49a64
248269.0,3749336,python,[JIT],0x0000e82e99ef6274
248269.0,3749336,python,[JIT],0x0000e82e99efa770
248269.0,3749463,python,[JIT],0x0000e07d3f096584
248269.0,3749463,python,[JIT],0x0000e07d3f0990d0
248269.0,3749463,python,[JIT],0x0000e07d3f09c1c4
248269.0,3749463,python,[JIT],0x0000e07d3f0d6dcc
248269.0,3749463,python,[JIT],0x0000e07d3f6f6864
248269.0,3749463,python,[JIT],0x0000e07d3f6fd66c
248269.0,3749463,python,[JIT],0x0000e07d3f931178
248269.0,3749463,python,[JIT],0x0000e07d3f931348
248269.0,3749463,python,[JIT],0x0000e07d3f931574
248269.0,3749463,python,[JIT],0x0000e07d3f9331c8
248269.0,3749463,python,[JIT],0x0000e07d3f93390c
248269.0,3749463,python,[JIT],0x0000e07d3f93b2e8
248269.0,3749463,python,[JIT],0x0000e07d3f93d8cc
248269.0,3749463,python,[JIT],0x0000e07d3f93f0b4
248269.0,3749463,python,[JIT],0x0000e07d3f9e2ab0
248269.0,3749463,python,[JIT],0x0000e07d3f9e6a88
248268.0,3749208,python,[JIT],0x0000e7243bf1c540
248268.0,3749208,python,[JIT],0x0000e7243bfbd7f8
248268.0,3749208,python,[JIT],0x0000e7243c4ec1b4
248268.0,3749208,python,[JIT],0x0000e7243c7ce37c
248268.0,3749208,python,[JIT],0x0000e7243c8088a0
248268.0,3749208,python,[JIT],0x0000e7243c80c91c
248268.0,3749208,python,[JIT],0x0000e7243c8b8544
248268.0,3749208,python,[JIT],0x0000e7243c8b96c4
248268.0,3749586,python,[JIT],0x0000f45d96575a40
248268.0,3749586,python,[JIT],0x0000f45d96576db8
248268.0,3749586,python,[JIT],0x0000f45d9657cb60
248268.0,3749586,python,[JIT],0x0000f45d96af12fc
248268.0,3749586,python,[JIT],0x0000f45d96af1ec0
248268.0,3749586,python,[JIT],0x0000f45d96af85a4
248268.0,3749586,python,[JIT],0x0000f45d96dde87c
248268.0,3749586,python,[JIT],0x0000f45d96e172cc
248268.0,3749586,python,[JIT],0x0000f45d96e19248
248268.0,3749586,python,[JIT],0x0000f45d96e19de8
248268.0,3749586,python,python,memcmp@plt
248268.0,3749586,python,[JIT],0x0000f45d96ddec64
248268.0,3749586,python,[JIT],0x0000f45d96e1ce30
248268.0,3749240,python,[JIT],0x0000ee2d4d0fc374
248268.0,3749240,python,[JIT],0x0000ee2d4ca56338
248268.0,3749240,python,[JIT],0x0000ee2d4d0f2260
248268.0,3749240,python,[JIT],0x0000ee2d4d0f3740
248268.0,3749240,python,[JIT],0x0000ee2d4d0fc318
248268.0,3749240,python,[JIT],0x0000ee2d4d2bead0
248268.0,3749240,python,[JIT],0x0000ee2d4d2fce98
248268.0,3749240,python,[JIT],0x0000ee2d4d2fd67c
248268.0,3749383,python,python,method_dealloc
248268.0,3749543,python,[JIT],0x0000f0a3d18f9468
248268.0,3749543,python,[JIT],0x0000f0a3d190145c
248268.0,3749543,python,[JIT],0x0000f0a3d190a0b4
248268.0,3749543,python,[JIT],0x0000f0a3d190e0f4
248268.0,3749543,python,[JIT],0x0000f0a3d190e1e4
248268.0,3749543,python,[JIT],0x0000f0a3d19310bc
248268.0,3749543,python,[JIT],0x0000f0a3d19359b8
248268.0,3749543,python,[JIT],0x0000f0a3d197816c
248268.0,3749543,python,[JIT],0x0000f0a3d1cd2514
248268.0,3749543,python,[JIT],0x0000f0a3d1cd3064
248268.0,3749543,python,[JIT],0x0000f0a3d1cd98f4
248268.0,3749543,python,[JIT],0x0000f0a3d1d8292c
248268.0,3749543,python,[JIT],0x0000f0a3d1d87e64
248268.0,3749336,python,[JIT],0x0000e82e995272b0
248268.0,3749336,python,[JIT],0x0000e82e995b33ec
248268.0,3749336,python,[JIT],0x0000e82e995fe1a0
248268.0,3749336,python,[JIT],0x0000e82e995fe6bc
248268.0,3749336,python,[JIT],0x0000e82e99e47094
248268.0,3749336,python,[JIT],0x0000e82e99ef62d8
248268.0,3749543,python,python,_PyObject_GetMethodStackRef
248268.0,3749336,python,[JIT],0x0000e82e99ef5190
248268.0,3749463,python,[JIT],0x0000e07d3f6f6a48
248268.0,3749463,python,[JIT],0x0000e07d3f6f90bc
248268.0,3749463,python,[JIT],0x0000e07d3f9332d4
248268.0,3749463,python,[JIT],0x0000e07d3f93621c
248268.0,3749463,python,[JIT],0x0000e07d3f93a338
248268.0,3749463,python,[JIT],0x0000e07d3f9e1368
248268.0,3749463,python,[JIT],0x0000e07d3f9e5630
248268.0,3749463,python,[JIT],0x0000e07d3f9e9294
248267.0,3749208,python,[JIT],0x0000e7243bf76264
248267.0,3749208,python,[JIT],0x0000e7243bfb9998
248267.0,3749208,python,[JIT],0x0000e7243bfba388
248267.0,3749208,python,[JIT],0x0000e7243c7ce09c
248267.0,3749208,python,[JIT],0x0000e7243c7ce1c4
248267.0,3749208,python,[JIT],0x0000e7243c802244
248267.0,3749208,python,[JIT],0x0000e7243c8080a8
248267.0,3749208,python,[JIT],0x0000e7243c8080ac
248267.0,3749208,python,[JIT],0x0000e7243c8b32e0
248267.0,3749208,python,[JIT],0x0000e7243c8b39e0
248267.0,3749208,python,[JIT],0x0000e7243c8b4308
248267.0,3749586,python,[JIT],0x0000f45d9654e92c
248267.0,3749586,python,[JIT],0x0000f45d96575c34
248267.0,3749586,python,[JIT],0x0000f45d965b1ad4
248267.0,3749586,python,[JIT],0x0000f45d965b3808
248267.0,3749586,python,[JIT],0x0000f45d96af50cc
248267.0,3749586,python,[JIT],0x0000f45d96e11730
248267.0,3749586,python,[JIT],0x0000f45d96e171e0
248267.0,3749586,python,[JIT],0x0000f45d96e1775c
248267.0,3749586,python,[JIT],0x0000f45d96e194bc
248267.0,3749586,python,[JIT],0x0000f45d96afb3bc
248267.0,3749240,python,[JIT],0x0000ee2d4d0fa2a8
248267.0,3749240,python,[JIT],0x0000ee2d4d0fa6e0
248267.0,3749240,python,[JIT],0x0000ee2d4ca59520
248267.0,3749240,python,[JIT],0x0000ee2d4ca93188
248267.0,3749240,python,[JIT],0x0000ee2d4d0ee074
248267.0,3749240,python,[JIT],0x0000ee2d4d0f2248
248267.0,3749240,python,[JIT],0x0000ee2d4d2fc580
248267.0,3749240,python,[JIT],0x0000ee2d4d2fc808
248267.0,3749543,python,[JIT],0x0000f0a3d139662c
248267.0,3749543,python,[JIT],0x0000f0a3d197b8ec
248267.0,3749543,python,[JIT],0x0000f0a3d1cd367c
248267.0,3749543,python,[JIT],0x0000f0a3d1cd9330
248267.0,3749543,python,[JIT],0x0000f0a3d1d8126c
248267.0,3749543,python,[JIT],0x0000f0a3d1d8234c
248267.0,3749543,python,[JIT],0x0000f0a3d1d860c4
248267.0,3749543,python,[JIT],0x0000f0a3d1d87580
248267.0,3749543,python,[JIT],0x0000f0a3d1d87c1c
248267.0,3749543,python,[JIT],0x0000f0a3d1d8a130
248267.0,3749543,python,[JIT],0x0000f0a3d1d8b09c
248267.0,3749336,python,[JIT],0x0000e82e994f8128
248267.0,3749336,python,[JIT],0x0000e82e99527d50
248267.0,3749336,python,[JIT],0x0000e82e995b12b4
248267.0,3749336,python,[JIT],0x0000e82e995b53b4
248267.0,3749336,python,[JIT],0x0000e82e99aeb69c
248267.0,3749336,python,[JIT],0x0000e82e99e4a86c
248267.0,3749336,python,[JIT],0x0000e82e99ef9478
248267.0,3749543,python,libc.so.6,malloc
248267.0,3749543,python,[JIT],0x0000f0a3d1cd9364
248267.0,3749463,python,[JIT],0x0000e07d3f9e67e0
248267.0,3749463,python,[JIT],0x0000e07d3fa1102c
248267.0,3749336,python,[JIT],0x0000e82e99e47ac0
248267.0,3749463,python,[JIT],0x0000e07d3f03631c
248267.0,3749463,python,[JIT],0x0000e07d3f06512c
248267.0,3749463,python,[JIT],0x0000e07d3f0651e4
248267.0,3749463,python,[JIT],0x0000e07d3f0d6c50
248267.0,3749463,python,[JIT],0x0000e07d3f6ef1cc
248267.0,3749463,python,[JIT],0x0000e07d3f931284
248267.0,3749463,python,[JIT],0x0000e07d3f9332d0
248267.0,3749463,python,[JIT],0x0000e07d3f9361b8
248267.0,3749463,python,[JIT],0x0000e07d3f936584
248267.0,3749463,python,[JIT],0x0000e07d3f936a80
248266.0,3749208,python,[JIT],0x0000e7243bf14300
248266.0,3749208,python,[JIT],0x0000e7243c805b78
248266.0,3749586,python,[JIT],0x0000f45d965b18b0
248266.0,3749586,python,[JIT],0x0000f45d965b9178
248266.0,3749586,python,[JIT],0x0000f45d96af82d4
248266.0,3749586,python,[JIT],0x0000f45d96af9abc
248266.0,3749586,python,[JIT],0x0000f45d96afc244
248266.0,3749586,python,[JIT],0x0000f45d96afc8f4
248266.0,3749586,python,[JIT],0x0000f45d96dde44c
248266.0,3749586,python,[JIT],0x0000f45d96e13094
248266.0,3749586,python,[JIT],0x0000f45d96e17e38
248266.0,3749586,python,[JIT],0x0000f45d96e1d850
248266.0,3749586,python,[JIT],0x0000f45d96e1da94
248266.0,3749586,python,python,member_get
248266.0,3749240,python,[JIT],0x0000ee2d4d2be07c
248266.0,3749240,python,[JIT],0x0000ee2d4d2f9278
248266.0,3749240,python,[JIT],0x0000ee2d4d2fc0a8
248266.0,3749240,python,[JIT],0x0000ee2d4d2fc33c
248266.0,3749240,python,[JIT],0x0000ee2d4d3a52a8
248266.0,3749240,python,[JIT],0x0000ee2d4d3a5c60
248266.0,3749240,python,python,_Py_Specialize_Call
248266.0,3749240,python,[JIT],0x0000ee2d4c995aa0
248266.0,3749240,python,[JIT],0x0000ee2d4ca214a4
248266.0,3749240,python,[JIT],0x0000ee2d4ca52d30
248266.0,3749240,python,[JIT],0x0000ee2d4d0f206c
248266.0,3749240,python,[JIT],0x0000ee2d4d0fa0d0
248266.0,3749240,python,[JIT],0x0000ee2d4d2be1d8
248266.0,3749240,python,[JIT],0x0000ee2d4d2f2880
248266.0,3749240,python,[JIT],0x0000ee2d4d2fd64c
248266.0,3749543,python,[JIT],0x0000f0a3d19787d0
248266.0,3749543,python,[JIT],0x0000f0a3d1978a38
248266.0,3749543,python,[JIT],0x0000f0a3d1978f80
248266.0,3749543,python,[JIT],0x0000f0a3d1979894
248266.0,3749543,python,[JIT],0x0000f0a3d1cd3268
248266.0,3749543,python,[JIT],0x0000f0a3d1cd5468
248266.0,3749543,python,[JIT],0x0000f0a3d1cd5530
248266.0,3749543,python,[JIT],0x0000f0a3d1cd9470
248266.0,3749543,python,[JIT],0x0000f0a3d1cdb474
248266.0,3749543,python,[JIT],0x0000f0a3d1d87380
248266.0,3749543,python,[JIT],0x0000f0a3d1d88544
248266.0,3749336,python,[JIT],0x0000e82e995b1d24
248266.0,3749336,python,[JIT],0x0000e82e995b8a34
248266.0,3749336,python,[JIT],0x0000e82e99e494a4
248266.0,3749336,python,[JIT],0x0000e82e99e49710
248266.0,3749336,python,[JIT],0x0000e82e99ef525c
248266.0,3749336,python,[JIT],0x0000e82e99ef5af4
248266.0,3749336,python,[JIT],0x0000e82e99ef60c4
248266.0,3749543,python,python,dequeiter_next
248266.0,3749543,python,[JIT],0x0000f0a3d1cd5b08
248266.0,3749543,python,[JIT],0x0000f0a3d1d8b85c
248266.0,3749336,python,[JIT],0x0000e82e99ef10e8
248266.0,3749463,python,[JIT],0x0000e07d3f0d13d4
248266.0,3749463,python,[JIT],0x0000e07d3f0d542c
248266.0,3749463,python,[JIT],0x0000e07d3f6f57b0
248266.0,3749463,python,[JIT],0x0000e07d3f6fd4cc
248266.0,3749463,python,[JIT],0x0000e07d3f9314c8
248266.0,3749463,python,[JIT],0x0000e07d3f933610
248266.0,3749463,python,[JIT],0x0000e07d3f936324
248266.0,3749463,python,[JIT],0x0000e07d3f93b0a8
248266.0,3749463,python,[JIT],0x0000e07d3f9e6c00
248265.0,3749208,python,[JIT],0x0000e7243bee935c
248265.0,3749208,python,[JIT],0x0000e7243bf4cb4c
248265.0,3749208,python,[JIT],0x0000e7243bf761fc
248265.0,3749208,python,[JIT],0x0000e7243bfb12c4
248265.0,3749208,python,[JIT],0x0000e7243bfb3928
248265.0,3749208,python,[JIT],0x0000e7243bfba8a0
248265.0,3749208,python,[JIT],0x0000e7243bfbb76c
248265.0,3749208,python,[JIT],0x0000e7243bfbc2b0
248265.0,3749208,python,[JIT],0x0000e7243c80417c
248265.0,3749208,python,[JIT],0x0000e7243c807dbc
248265.0,3749208,python,[JIT],0x0000e7243c8089fc
248265.0,3749208,python,[JIT],0x0000e7243c808ad8
248265.0,3749208,python,[JIT],0x0000e7243c8b2028
248265.0,3749208,python,[JIT],0x0000e7243c8b3e58
248265.0,3749586,python,[JIT],0x0000f45d96576194
248265.0,3749586,python,[JIT],0x0000f45d96aed90c
248265.0,3749586,python,[JIT],0x0000f45d96afb3ac
248265.0,3749586,python,[JIT],0x0000f45d96afc0b8
248265.0,3749586,python,[JIT],0x0000f45d96e121cc
248265.0,3749586,python,[JIT],0x0000f45d96e123f0
248265.0,3749586,python,[JIT],0x0000f45d96e192b8
248265.0,3749586,python,[JIT],0x0000f45d96e1c6ec
248265.0,3749586,python,[JIT],0x0000f45d96e1cf8c
248265.0,3749240,python,[JIT],0x0000ee2d4d0ff124
248265.0,3749240,python,[JIT],0x0000ee2d4d2fc968
248265.0,3749240,python,[JIT],0x0000ee2d4ca59128
248265.0,3749240,python,[JIT],0x0000ee2d4ca59240
248265.0,3749240,python,[JIT],0x0000ee2d4ca5b398
248265.0,3749240,python,[JIT],0x0000ee2d4ca5c418
248265.0,3749240,python,[JIT],0x0000ee2d4d0f6028
248265.0,3749240,python,[JIT],0x0000ee2d4d0fab58
248265.0,3749240,python,[JIT],0x0000ee2d4d0ff0c8
248265.0,3749240,python,[JIT],0x0000ee2d4d2f6164
248265.0,3749240,python,[JIT],0x0000ee2d4d2f9378
248265.0,3749240,python,[JIT],0x0000ee2d4d2fc0c4
248265.0,3749240,python,[JIT],0x0000ee2d4d2fc884
248265.0,3749240,python,[JIT],0x0000ee2d4d3a21d0
248265.0,3749383,python,[kernel.kallsyms],_raw_spin_unlock_irqrestore
248265.0,3749383,python,[JIT],0x0000ef595c1423a0
248265.0,3749383,python,[JIT],0x0000ef595c142c64
248265.0,3749543,python,[JIT],0x0000f0a3d18fa50c
248265.0,3749543,python,[JIT],0x0000f0a3d19095f4
248265.0,3749543,python,[JIT],0x0000f0a3d190ad98
248265.0,3749543,python,[JIT],0x0000f0a3d193232c
248265.0,3749543,python,[JIT],0x0000f0a3d1978bb0
248265.0,3749543,python,[JIT],0x0000f0a3d1979210
248265.0,3749543,python,[JIT],0x0000f0a3d1cd3144
248265.0,3749543,python,[JIT],0x0000f0a3d1cd3a24
248265.0,3749543,python,[JIT],0x0000f0a3d1cdbef0
248265.0,3749543,python,[JIT],0x0000f0a3d1cdcc30
248265.0,3749543,python,[JIT],0x0000f0a3d1cdd3b4
248265.0,3749543,python,[JIT],0x0000f0a3d1d810d0
248265.0,3749543,python,[JIT],0x0000f0a3d1d82958
248265.0,3749543,python,[JIT],0x0000f0a3d1d841bc
248265.0,3749543,python,[JIT],0x0000f0a3d1d86150
248265.0,3749543,python,[JIT],0x0000f0a3d1d87690
248265.0,3749543,python,[JIT],0x0000f0a3d1d876f8
248265.0,3749543,python,[JIT],0x0000f0a3d1d87de4
248265.0,3749543,python,[JIT],0x0000f0a3d1d8d204
248265.0,3749336,python,python,mprotect@plt
248265.0,3749336,python,[JIT],0x0000e82e995b1a24
248265.0,3749336,python,[JIT],0x0000e82e995b3aa8
248265.0,3749336,python,[JIT],0x0000e82e995b5098
248265.0,3749336,python,[JIT],0x0000e82e99e46154
248265.0,3749336,python,[JIT],0x0000e82e99e490f0
248265.0,3749336,python,[JIT],0x0000e82e99e49e44
248265.0,3749336,python,[JIT],0x0000e82e99e4a8b8
248265.0,3749336,python,[JIT],0x0000e82e99ef5190
248265.0,3749336,python,[JIT],0x0000e82e99ef55e8
248265.0,3749336,python,[JIT],0x0000e82e99efd45c
248265.0,3749543,python,[JIT],0x0000f0a3d1cdc9d0
248265.0,3749463,python,[JIT],0x0000e07d3f936c60
248265.0,3749336,python,python,PyObject_SetAttr
248265.0,3749336,python,[JIT],0x0000e82e995fd05c
248265.0,3749463,python,python,_PyEval_UnpackIterableStackRef
248265.0,3749463,python,[JIT],0x0000e07d3f034d94
248265.0,3749463,python,[JIT],0x0000e07d3f068464
248265.0,3749463,python,[JIT],0x0000e07d3f0d2a84
248265.0,3749463,python,[JIT],0x0000e07d3f0d2b40
248265.0,3749463,python,[JIT],0x0000e07d3f0daa14
248265.0,3749463,python,[JIT],0x0000e07d3f6f5034
248265.0,3749463,python,[JIT],0x0000e07d3f6fc084
248265.0,3749463,python,[JIT],0x0000e07d3f6fe020
248265.0,3749463,python,[JIT],0x0000e07d3f93a7ec
248265.0,3749463,python,[JIT],0x0000e07d3f93b02c
248265.0,3749463,python,[JIT],0x0000e07d3f9e204c
248265.0,3749463,python,[JIT],0x0000e07d3f9e5884
248265.0,3749463,python,[JIT],0x0000e07d3f9e6258
248264.0,3749208,python,[JIT],0x0000e7243beec19c
248264.0,3749208,python,[JIT],0x0000e7243bf760d8
248264.0,3749208,python,[JIT],0x0000e7243bfbce14
248264.0,3749208,python,[JIT],0x0000e7243bfbce8c
248264.0,3749208,python,[JIT],0x0000e7243c805d8c
248264.0,3749208,python,[JIT],0x0000e7243c8b1224
248264.0,3749208,python,[JIT],0x0000e7243c8b354c
248264.0,3749208,python,[JIT],0x0000e7243c8b3550
248264.0,3749586,python,[JIT],0x0000f45d96575420
248264.0,3749586,python,[JIT],0x0000f45d96579b6c
248264.0,3749586,python,[JIT],0x0000f45d965b1350
248264.0,3749586,python,[JIT],0x0000f45d96af1908
248264.0,3749586,python,[JIT],0x0000f45d96af19c4
248264.0,3749586,python,[JIT],0x0000f45d96af41a4
248264.0,3749586,python,[JIT],0x0000f45d96af91d0
248264.0,3749586,python,[JIT],0x0000f45d96afb0ec
248264.0,3749586,python,[JIT],0x0000f45d96afb4c0
248264.0,3749586,python,[JIT],0x0000f45d96afb564
248264.0,3749586,python,[JIT],0x0000f45d96e11d04
248264.0,3749586,python,[JIT],0x0000f45d96e12540
248264.0,3749586,python,[JIT],0x0000f45d96e1719c
248264.0,3749586,python,[JIT],0x0000f45d96e17c48
248264.0,3749586,python,[JIT],0x0000f45d96e195a4
248264.0,3749586,python,[JIT],0x0000f45d96e1c600
248264.0,3749586,python,[JIT],0x0000f45d96ec36e4
248264.0,3749586,python,python,_Py_Specialize_LoadAttr
248264.0,3749586,python,[JIT],0x0000f45d96ec1180
248264.0,3749240,python,python,Py_HashBuffer
248264.0,3749240,python,[JIT],0x0000ee2d4d0fae50
248264.0,3749240,python,python,tupleiter_next
248264.0,3749240,python,[JIT],0x0000ee2d4ca29914
248264.0,3749240,python,[JIT],0x0000ee2d4ca911e0
248264.0,3749240,python,[JIT],0x0000ee2d4ca91604
248264.0,3749240,python,[JIT],0x0000ee2d4ca93134
248264.0,3749240,python,[JIT],0x0000ee2d4d0eca48
248264.0,3749240,python,[JIT],0x0000ee2d4d0f21f4
248264.0,3749240,python,[JIT],0x0000ee2d4d0fd620
248264.0,3749240,python,[JIT],0x0000ee2d4d0fd660
248264.0,3749240,python,[JIT],0x0000ee2d4d2be02c
248264.0,3749240,python,[JIT],0x0000ee2d4d2f2cb8
248264.0,3749240,python,[JIT],0x0000ee2d4d2fd09c
248264.0,3749543,python,[JIT],0x0000f0a3d190c988
248264.0,3749543,python,[JIT],0x0000f0a3d1934f4c
248264.0,3749543,python,[JIT],0x0000f0a3d19357f8
248264.0,3749543,python,[JIT],0x0000f0a3d193f500
248264.0,3749543,python,[JIT],0x0000f0a3d1978540
248264.0,3749543,python,[JIT],0x0000f0a3d1978908
248264.0,3749543,python,[JIT],0x0000f0a3d1cd9940
248264.0,3749543,python,[JIT],0x0000f0a3d1cdbb54
248264.0,3749543,python,[JIT],0x0000f0a3d1d812d0
248264.0,3749543,python,[JIT],0x0000f0a3d1d821a4
248264.0,3749543,python,[JIT],0x0000f0a3d1d87a50
248264.0,3749543,python,[JIT],0x0000f0a3d1d87d78
248264.0,3749543,python,[JIT],0x0000f0a3d1d88050
248264.0,3749543,python,[JIT],0x0000f0a3d1d88400
248264.0,3749543,python,[JIT],0x0000f0a3d1d899bc
248264.0,3749543,python,[JIT],0x0000f0a3d1d8b79c
248264.0,3749336,python,python,set_richcompare
248264.0,3749336,python,[JIT],0x0000e82e99521738
248264.0,3749336,python,[JIT],0x0000e82e9952a05c
248264.0,3749336,python,[JIT],0x0000e82e99587b74
248264.0,3749336,python,[JIT],0x0000e82e995b3394
248264.0,3749336,python,[JIT],0x0000e82e995b7ab8
248264.0,3749336,python,[JIT],0x0000e82e99e43398
248264.0,3749336,python,[JIT],0x0000e82e99e46054
248264.0,3749336,python,[JIT],0x0000e82e99e4a304
248264.0,3749336,python,[JIT],0x0000e82e99ef9698
248264.0,3749463,python,[JIT],0x0000e07d3f6fde20
248264.0,3749463,python,[JIT],0x0000e07d3f93107c
248264.0,3749463,python,[JIT],0x0000e07d3f9314b8
248264.0,3749463,python,[JIT],0x0000e07d3f9320cc
248264.0,3749463,python,[kernel.kallsyms],__memcg_slab_free_hook
248264.0,3749463,python,[JIT],0x0000e07d3f099038
248264.0,3749463,python,[JIT],0x0000e07d3f0d2378
248264.0,3749463,python,[JIT],0x0000e07d3f6f5228
248264.0,3749463,python,[JIT],0x0000e07d3f6f6240
248264.0,3749463,python,[JIT],0x0000e07d3f6f91bc
248264.0,3749463,python,[JIT],0x0000e07d3f6fc0f8
248264.0,3749463,python,[JIT],0x0000e07d3f6fc4e0
248264.0,3749463,python,[JIT],0x0000e07d3f6fc51c
248264.0,3749463,python,[JIT],0x0000e07d3f8fe6e8
248264.0,3749463,python,[JIT],0x0000e07d3f93156c
248264.0,3749463,python,[JIT],0x0000e07d3f933970
248264.0,3749463,python,[JIT],0x0000e07d3f93b6cc
248264.0,3749463,python,[JIT],0x0000e07d3f9e40f8
248263.0,3749208,python,[JIT],0x0000e7243c4ee694
248263.0,3749208,python,[JIT],0x0000e7243c7ce150
248263.0,3749208,python,[JIT],0x0000e7243c8b3804
248263.0,3749208,python,[JIT],0x0000e7243c8b3bd0
248263.0,3749208,python,[JIT],0x0000e7243c8b75f0
248263.0,3749586,python,python,PyObject_LengthHint
248263.0,3749586,python,[JIT],0x0000f45d96544090
248263.0,3749586,python,[JIT],0x0000f45d9657ca48
248263.0,3749586,python,[JIT],0x0000f45d96af1398
248263.0,3749586,python,[JIT],0x0000f45d96dde2f4
248263.0,3749586,python,[JIT],0x0000f45d96e17554
248263.0,3749586,python,[JIT],0x0000f45d96e1b008
248263.0,3749586,python,[JIT],0x0000f45d96e1d154
248263.0,3749586,python,[JIT],0x0000f45d96e1d3f0
248263.0,3749586,python,[JIT],0x0000f45d96e1e558
248263.0,3749240,python,[JIT],0x0000ee2d4c9fa978
248263.0,3749240,python,[JIT],0x0000ee2d4ca59fdc
248263.0,3749240,python,[JIT],0x0000ee2d4ca5d67c
248263.0,3749240,python,[JIT],0x0000ee2d4ca9a190
248263.0,3749240,python,[JIT],0x0000ee2d4d0f9390
248263.0,3749240,python,[JIT],0x0000ee2d4d0fc444
248263.0,3749240,python,[JIT],0x0000ee2d4d0fc584
248263.0,3749240,python,[JIT],0x0000ee2d4d2bea08
248263.0,3749240,python,[JIT],0x0000ee2d4d2f7058
248263.0,3749240,python,[JIT],0x0000ee2d4d2f7258
248263.0,3749240,python,[JIT],0x0000ee2d4d2f7268
248263.0,3749240,python,[JIT],0x0000ee2d4d2f9398
248263.0,3749240,python,[JIT],0x0000ee2d4d2f9484
248263.0,3749240,python,[JIT],0x0000ee2d4d2fc800
248263.0,3749240,python,[JIT],0x0000ee2d4d2ff100
248263.0,3749383,python,[JIT],0x0000ef595c149fc8
248263.0,3749383,python,[JIT],0x0000ef595c14b15c
248263.0,3749543,python,[JIT],0x0000f0a3d18f62f8
248263.0,3749543,python,[JIT],0x0000f0a3d19347c8
248263.0,3749543,python,[JIT],0x0000f0a3d1934864
248263.0,3749543,python,[JIT],0x0000f0a3d1cd2340
248263.0,3749543,python,[JIT],0x0000f0a3d1cdc16c
248263.0,3749543,python,[JIT],0x0000f0a3d1cdcc20
248263.0,3749543,python,[JIT],0x0000f0a3d1d8113c
248263.0,3749543,python,[JIT],0x0000f0a3d1d87b2c
248263.0,3749543,python,[JIT],0x0000f0a3d1d88318
248263.0,3749543,python,[JIT],0x0000f0a3d1d8f350
248263.0,3749336,python,[JIT],0x0000e82e994f1580
248263.0,3749336,python,[JIT],0x0000e82e995224f0
248263.0,3749336,python,[JIT],0x0000e82e9958c768
248263.0,3749336,python,[JIT],0x0000e82e9958cb84
248263.0,3749336,python,[JIT],0x0000e82e995b1c60
248263.0,3749336,python,[JIT],0x0000e82e995fdb94
248263.0,3749336,python,[JIT],0x0000e82e99e41d94
248263.0,3749336,python,[JIT],0x0000e82e99e49e14
248263.0,3749336,python,[JIT],0x0000e82e99e4e1a4
248263.0,3749336,python,[JIT],0x0000e82e99ef52d8
248263.0,3749336,python,[JIT],0x0000e82e99ef5fa8
248263.0,3749463,python,[JIT],0x0000e07d3f6fc0e8
248263.0,3749463,python,[JIT],0x0000e07d3f9e1704
248263.0,3749336,python,[JIT],0x0000e82e99efd490
248263.0,3749463,python,[JIT],0x0000e07d3f0d41b0
248263.0,3749463,python,[JIT],0x0000e07d3f0d907c
248263.0,3749463,python,[JIT],0x0000e07d3f0dc000
248263.0,3749463,python,[JIT],0x0000e07d3f6fd5b8
248263.0,3749463,python,[JIT],0x0000e07d3f933648
248263.0,3749463,python,[JIT],0x0000e07d3f9339b8
248263.0,3749463,python,[JIT],0x0000e07d3f933e98
248263.0,3749463,python,[JIT],0x0000e07d3f93d1a8
248263.0,3749463,python,[JIT],0x0000e07d3f9e7224
248262.0,3749208,python,python,tupleiter_next
248262.0,3749208,python,[JIT],0x0000e7243bee14f4
248262.0,3749208,python,[JIT],0x0000e7243bf1dd7c
248262.0,3749208,python,[JIT],0x0000e7243bfb54a4
248262.0,3749208,python,[JIT],0x0000e7243bfb9ae0
248262.0,3749208,python,[JIT],0x0000e7243c808430
248262.0,3749208,python,[JIT],0x0000e7243c8b71c8
248262.0,3749586,python,[JIT],0x0000f45d96579ca0
248262.0,3749586,python,[JIT],0x0000f45d96af8570
248262.0,3749586,python,[JIT],0x0000f45d96afc2b8
248262.0,3749586,python,[JIT],0x0000f45d96dde520
248262.0,3749586,python,[JIT],0x0000f45d96dde5d0
248262.0,3749586,python,[JIT],0x0000f45d96e17254
248262.0,3749586,python,[JIT],0x0000f45d96e19804
248262.0,3749586,python,[JIT],0x0000f45d96e1d090
248262.0,3749586,python,[JIT],0x0000f45d96e1d45c
248262.0,3749586,python,[JIT],0x0000f45d96ec52e4
248262.0,3749586,python,[JIT],0x0000f45d96e1f1f4
248262.0,3749240,python,[JIT],0x0000ee2d4d2ff290
248262.0,3749240,python,[JIT],0x0000ee2d4d3a518c
248262.0,3749240,python,[JIT],0x0000ee2d4d3d1128
248262.0,3749240,python,[JIT],0x0000ee2d4c9f7070
248262.0,3749240,python,[JIT],0x0000ee2d4d0f524c
248262.0,3749240,python,[JIT],0x0000ee2d4d0f99cc
248262.0,3749240,python,[JIT],0x0000ee2d4d0fa34c
248262.0,3749240,python,[JIT],0x0000ee2d4d0fc500
248262.0,3749240,python,[JIT],0x0000ee2d4d2f725c
248262.0,3749240,python,[JIT],0x0000ee2d4d2f915c
248262.0,3749240,python,[JIT],0x0000ee2d4d3a121c
248262.0,3749543,python,[JIT],0x0000f0a3d18ff00c
248262.0,3749543,python,[JIT],0x0000f0a3d193659c
248262.0,3749543,python,[JIT],0x0000f0a3d19386dc
248262.0,3749543,python,[JIT],0x0000f0a3d197211c
248262.0,3749543,python,[JIT],0x0000f0a3d1979384
248262.0,3749543,python,[JIT],0x0000f0a3d197c164
248262.0,3749543,python,[JIT],0x0000f0a3d1cd2210
248262.0,3749543,python,[JIT],0x0000f0a3d1cdba64
248262.0,3749336,python,[JIT],0x0000e82e995278e8
248262.0,3749336,python,[JIT],0x0000e82e995fdc58
248262.0,3749336,python,[JIT],0x0000e82e99e41444
248262.0,3749336,python,[JIT],0x0000e82e99e4327c
248262.0,3749336,python,[JIT],0x0000e82e99e433a4
248262.0,3749336,python,[JIT],0x0000e82e99e4a098
248262.0,3749336,python,[JIT],0x0000e82e99e4ea98
248262.0,3749336,python,[JIT],0x0000e82e99ef5f1c
248262.0,3749543,python,[JIT],0x0000f0a3d1cdd02c
248262.0,3749543,python,[JIT],0x0000f0a3d1d846b0
248262.0,3749463,python,[JIT],0x0000e07d3f6f5290
248262.0,3749463,python,[JIT],0x0000e07d3f6f5a18
248262.0,3749463,python,[JIT],0x0000e07d3f0655cc
248262.0,3749463,python,[JIT],0x0000e07d3f09c188
248262.0,3749463,python,[JIT],0x0000e07d3f09c5b0
248262.0,3749463,python,[JIT],0x0000e07d3f6eb898
248262.0,3749463,python,[JIT],0x0000e07d3f6f8a18
248262.0,3749463,python,[JIT],0x0000e07d3f931204
248262.0,3749463,python,[JIT],0x0000e07d3f933068
248262.0,3749463,python,[JIT],0x0000e07d3f933390
248262.0,3749463,python,[JIT],0x0000e07d3f933718
248262.0,3749463,python,[JIT],0x0000e07d3f9e1624
248262.0,3749463,python,[JIT],0x0000e07d3f9e5000
248261.0,3749208,python,[kernel.kallsyms],_raw_spin_lock
248261.0,3749208,python,[JIT],0x0000e7243bf4502c
248261.0,3749208,python,[JIT],0x0000e7243bf731e0
248261.0,3749208,python,[JIT],0x0000e7243bf741cc
248261.0,3749208,python,[JIT],0x0000e7243bfba078
248261.0,3749208,python,[JIT],0x0000e7243c801558
248261.0,3749208,python,[JIT],0x0000e7243c8022b4
248261.0,3749208,python,[JIT],0x0000e7243c8053b0
248261.0,3749208,python,[JIT],0x0000e7243c80c330
248261.0,3749208,python,[JIT],0x0000e7243c8b12cc
248261.0,3749208,python,[JIT],0x0000e7243c8b881c
248261.0,3749586,python,[JIT],0x0000f45d9648dd2c
248261.0,3749586,python,[JIT],0x0000f45d9657beb4
248261.0,3749586,python,[JIT],0x0000f45d9657c6a0
248261.0,3749586,python,[JIT],0x0000f45d965b3aa0
248261.0,3749586,python,[JIT],0x0000f45d96af864c
248261.0,3749586,python,[JIT],0x0000f45d96e11d84
248261.0,3749586,python,[JIT],0x0000f45d96e125bc
248261.0,3749586,python,[JIT],0x0000f45d96e1508c
248261.0,3749586,python,[JIT],0x0000f45d96e17884
248261.0,3749586,python,[JIT],0x0000f45d96e17920
248261.0,3749586,python,[JIT],0x0000f45d96e1c24c
248261.0,3749586,python,[JIT],0x0000f45d96e1d5d4
248261.0,3749586,python,[JIT],0x0000f45d96ec17bc
248261.0,3749586,python,[JIT],0x0000f45d96ec2bd4
248261.0,3749586,python,[JIT],0x0000f45d96ec38f0
248261.0,3749586,python,[JIT],0x0000f45d96e1930c
248261.0,3749586,python,[JIT],0x0000f45d96e1ce48
248261.0,3749240,python,[JIT],0x0000ee2d4d2f14e8
248261.0,3749240,python,[JIT],0x0000ee2d4d2f7004
248261.0,3749240,python,[JIT],0x0000ee2d4d3a5414
248261.0,3749240,python,[JIT],0x0000ee2d4c86ab7c
248261.0,3749240,python,[JIT],0x0000ee2d4ca55188
248261.0,3749240,python,[JIT],0x0000ee2d4ca59650
248261.0,3749240,python,[JIT],0x0000ee2d4d2f1c10
248261.0,3749240,python,[JIT],0x0000ee2d4d2f7dcc
248261.0,3749240,python,[JIT],0x0000ee2d4d2fc518
248261.0,3749240,python,[JIT],0x0000ee2d4d2fd10c
248261.0,3749240,python,[JIT],0x0000ee2d4d2fd6e4
248261.0,3749543,python,[JIT],0x0000f0a3d18f64a0
248261.0,3749543,python,[JIT],0x0000f0a3d1909584
248261.0,3749543,python,[JIT],0x0000f0a3d190e7bc
248261.0,3749543,python,[JIT],0x0000f0a3d1935904
248261.0,3749543,python,[JIT],0x0000f0a3d19729a0
248261.0,3749543,python,[JIT],0x0000f0a3d1978704
248261.0,3749543,python,[JIT],0x0000f0a3d1979950
248261.0,3749543,python,[JIT],0x0000f0a3d1cd237c
248261.0,3749543,python,[JIT],0x0000f0a3d1cd3038
248261.0,3749543,python,[JIT],0x0000f0a3d1cdcf98
248261.0,3749543,python,[JIT],0x0000f0a3d1d870e8
248261.0,3749543,python,[JIT],0x0000f0a3d1d88040
248261.0,3749543,python,[JIT],0x0000f0a3d1d8c504
248261.0,3749336,python,[JIT],0x0000e82e993c9438
248261.0,3749336,python,[JIT],0x0000e82e995b34b0
248261.0,3749336,python,[JIT],0x0000e82e995bd2fc
248261.0,3749336,python,[JIT],0x0000e82e99e0f004
248261.0,3749336,python,[JIT],0x0000e82e99e0f078
248261.0,3749336,python,[JIT],0x0000e82e99e47e88
248261.0,3749336,python,[JIT],0x0000e82e99ef20ac
248261.0,3749543,python,[JIT],0x0000f0a3d1d875ec
248261.0,3749463,python,python,deque_append
248261.0,3749336,python,[JIT],0x0000e82e99ef6b04
248261.0,3749463,python,[JIT],0x0000e07d3f096074
248261.0,3749463,python,[JIT],0x0000e07d3f09c590
248261.0,3749463,python,[JIT],0x0000e07d3f09e080
248261.0,3749463,python,[JIT],0x0000e07d3f93134c
248261.0,3749463,python,[JIT],0x0000e07d3f936a90
248261.0,3749463,python,[JIT],0x0000e07d3f936c60
248261.0,3749463,python,[JIT],0x0000e07d3f93b25c
248261.0,3749463,python,[JIT],0x0000e07d3f93d6a0
248261.0,3749463,python,[JIT],0x0000e07d3f93d79c
248261.0,3749463,python,[JIT],0x0000e07d3f93db30
248261.0,3749463,python,[JIT],0x0000e07d3f9e23e0
248260.0,3749208,python,python,dict_merge
248260.0,3749208,python,[JIT],0x0000e7243bf11374
248260.0,3749208,python,[JIT],0x0000e7243bf441d8
248260.0,3749208,python,[JIT],0x0000e7243bf4a23c
248260.0,3749208,python,[JIT],0x0000e7243bfb2168
248260.0,3749208,python,[JIT],0x0000e7243bfbc224
248260.0,3749208,python,[JIT],0x0000e7243c805e54
248260.0,3749208,python,[JIT],0x0000e7243c80e0a0
248260.0,3749208,python,[JIT],0x0000e7243c8b72e8
248260.0,3749586,python,[JIT],0x0000f45d96579a40
248260.0,3749586,python,[JIT],0x0000f45d9657c82c
248260.0,3749586,python,[JIT],0x0000f45d965b3110
248260.0,3749586,python,[JIT],0x0000f45d965b3148
248260.0,3749586,python,[JIT],0x0000f45d965b35c0
248260.0,3749586,python,[JIT],0x0000f45d96af1840
248260.0,3749586,python,[JIT],0x0000f45d96af1dbc
248260.0,3749586,python,[JIT],0x0000f45d96e12c3c
248260.0,3749586,python,[JIT],0x0000f45d96e19b5c
248260.0,3749586,python,[JIT],0x0000f45d96e1b0d4
248260.0,3749586,python,[JIT],0x0000f45d96e1c5d4
248260.0,3749586,python,[JIT],0x0000f45d96afb04c
248260.0,3749240,python,[JIT],0x0000ee2d4ca9614c
248260.0,3749240,python,[JIT],0x0000ee2d4d0f9200
248260.0,3749240,python,[JIT],0x0000ee2d4d0fc258
248260.0,3749240,python,[JIT],0x0000ee2d4d2f13b0
248260.0,3749240,python,[JIT],0x0000ee2d4d2f7148
248260.0,3749240,python,[JIT],0x0000ee2d4d2f9b5c
248260.0,3749240,python,[JIT],0x0000ee2d4d2fc1f8
248260.0,3749240,python,[JIT],0x0000ee2d4d2fc6d4
248260.0,3749240,python,[JIT],0x0000ee2d4d2fce10
248260.0,3749240,python,[JIT],0x0000ee2d4d3a15f4
248260.0,3749383,python,[JIT],0x0000ef595c144e4c
248260.0,3749543,python,python,_PyJIT_Compile
248260.0,3749543,python,[JIT],0x0000f0a3d190d15c
248260.0,3749543,python,[JIT],0x0000f0a3d1978474
248260.0,3749543,python,[JIT],0x0000f0a3d1978688
248260.0,3749543,python,[JIT],0x0000f0a3d1cd95c8
248260.0,3749543,python,[JIT],0x0000f0a3d1cd96e8
248260.0,3749543,python,[JIT],0x0000f0a3d1cdc5b8
248260.0,3749543,python,[JIT],0x0000f0a3d1d82044
248260.0,3749543,python,[JIT],0x0000f0a3d1d8239c
248260.0,3749543,python,[JIT],0x0000f0a3d1d824a4
248260.0,3749543,python,[JIT],0x0000f0a3d1d87d34
248260.0,3749543,python,[JIT],0x0000f0a3d1d881fc
248260.0,3749543,python,[JIT],0x0000f0a3d1d8b2b8
248260.0,3749336,python,[JIT],0x0000e82e9958967c
248260.0,3749336,python,[JIT],0x0000e82e995b1f7c
248260.0,3749336,python,[JIT],0x0000e82e995b3920
248260.0,3749336,python,[JIT],0x0000e82e99e41380
248260.0,3749336,python,[JIT],0x0000e82e99e430f0
248260.0,3749336,python,[JIT],0x0000e82e99e4413c
248260.0,3749336,python,[JIT],0x0000e82e99e4e0e0
248260.0,3749336,python,[JIT],0x0000e82e99ef20f4
248260.0,3749336,python,[JIT],0x0000e82e99ef2ba4
248260.0,3749336,python,[JIT],0x0000e82e99ef5e48
248260.0,3749336,python,[JIT],0x0000e82e99ef5eb8
248260.0,3749543,python,[JIT],0x0000f0a3d1d875c8
248260.0,3749543,python,[JIT],0x0000f0a3d1d88340
248260.0,3749543,python,[JIT],0x0000f0a3d1d8d504
248260.0,3749463,python,[JIT],0x0000e07d3f9394f4
248260.0,3749336,python,python,_PyCompactLong_Add
248260.0,3749463,python,[JIT],0x0000e07d3f09c7fc
248260.0,3749463,python,[JIT],0x0000e07d3f09ea74
248260.0,3749463,python,[JIT],0x0000e07d3f6fc3a8
248260.0,3749463,python,[JIT],0x0000e07d3f6fda3c
248260.0,3749463,python,[JIT],0x0000e07d3f93344c
248260.0,3749463,python,[JIT],0x0000e07d3f93d140
248260.0,3749463,python,[JIT],0x0000e07d3f93f118
248260.0,3749463,python,[JIT],0x0000e07d3f9e1308
248260.0,3749463,python,[JIT],0x0000e07d3f9e2814
248260.0,3749463,python,[JIT],0x0000e07d3f9e3504
248260.0,3749463,python,[JIT],0x0000e07d3f9e573c
248259.0,3749208,python,[JIT],0x0000e7243c801160
248259.0,3749208,python,[JIT],0x0000e7243c805000
248259.0,3749208,python,[JIT],0x0000e7243c8b20e4
248259.0,3749586,python,python,PySlice_Unpack
248259.0,3749586,python,[JIT],0x0000f45d964eb4f8
248259.0,3749586,python,[JIT],0x0000f45d965410e4
248259.0,3749586,python,[JIT],0x0000f45d9657924c
248259.0,3749586,python,[JIT],0x0000f45d9657937c
248259.0,3749586,python,[JIT],0x0000f45d965797e4
248259.0,3749586,python,[JIT],0x0000f45d96af22dc
248259.0,3749586,python,[JIT],0x0000f45d96af4fc8
248259.0,3749586,python,[JIT],0x0000f45d96afb3fc
248259.0,3749586,python,[JIT],0x0000f45d96dded9c
248259.0,3749586,python,[JIT],0x0000f45d96e1d908
248259.0,3749586,python,[JIT],0x0000f45d96ec28bc
248259.0,3749586,python,[JIT],0x0000f45d96dde054
248259.0,3749586,python,[JIT],0x0000f45d96dde51c
248259.0,3749586,python,[JIT],0x0000f45d96e160d0
248259.0,3749586,python,[JIT],0x0000f45d96e1e9d0
248259.0,3749586,python,[JIT],0x0000f45d96ec121c
248259.0,3749240,python,[JIT],0x0000ee2d4d2be52c
248259.0,3749240,python,[JIT],0x0000ee2d4d2fc690
248259.0,3749240,python,[JIT],0x0000ee2d4ca242c0
248259.0,3749240,python,[JIT],0x0000ee2d4ca2ea5c
248259.0,3749240,python,[JIT],0x0000ee2d4ca552fc
248259.0,3749240,python,[JIT],0x0000ee2d4ca553ac
248259.0,3749240,python,[JIT],0x0000ee2d4d0f2e48
248259.0,3749240,python,[JIT],0x0000ee2d4d0f5c64
248259.0,3749383,python,python,builtin_getattr
248259.0,3749543,python,[JIT],0x0000f0a3d139d02c
248259.0,3749543,python,[JIT],0x0000f0a3d190c26c
248259.0,3749543,python,[JIT],0x0000f0a3d1978d68
248259.0,3749543,python,[JIT],0x0000f0a3d1cd38a0
248259.0,3749543,python,[JIT],0x0000f0a3d1cd6070
248259.0,3749543,python,[JIT],0x0000f0a3d1cd93c0
248259.0,3749543,python,[JIT],0x0000f0a3d1cd96c4
248259.0,3749543,python,[JIT],0x0000f0a3d1cdb594
248259.0,3749543,python,[JIT],0x0000f0a3d1cdbd84
248259.0,3749543,python,[JIT],0x0000f0a3d1d82334
248259.0,3749543,python,[JIT],0x0000f0a3d1d82858
248259.0,3749543,python,[JIT],0x0000f0a3d1d843dc
248259.0,3749543,python,[JIT],0x0000f0a3d1d87f5c
248259.0,3749336,python,[JIT],0x0000e82e995860e0
248259.0,3749336,python,[JIT],0x0000e82e9958c164
248259.0,3749336,python,[JIT],0x0000e82e995f3218
248259.0,3749336,python,[JIT],0x0000e82e995f6fcc
248259.0,3749336,python,[JIT],0x0000e82e995fd768
248259.0,3749336,python,[JIT],0x0000e82e99e0f298
248259.0,3749336,python,[JIT],0x0000e82e99e0f31c
248259.0,3749336,python,[JIT],0x0000e82e99e43040
248259.0,3749336,python,[JIT],0x0000e82e99e434b4
248259.0,3749336,python,[JIT],0x0000e82e99e4755c
248259.0,3749336,python,[JIT],0x0000e82e99e4a480
248259.0,3749336,python,[JIT],0x0000e82e99e4ae4c
248259.0,3749336,python,[JIT],0x0000e82e99e4b054
248259.0,3749336,python,[JIT],0x0000e82e99ef4078
248259.0,3749336,python,[JIT],0x0000e82e99ef5c70
248259.0,3749543,python,[JIT],0x0000f0a3d1cdf468
248259.0,3749463,python,[JIT],0x0000e07d3f9e1964
248259.0,3749463,python,[JIT],0x0000e07d3f09c038
248259.0,3749463,python,[JIT],0x0000e07d3f09c8f8
248259.0,3749463,python,[JIT],0x0000e07d3f6eef9c
248259.0,3749463,python,[JIT],0x0000e07d3f9314c0
248259.0,3749463,python,[JIT],0x0000e07d3f935ad0
248259.0,3749463,python,[JIT],0x0000e07d3f936398
248259.0,3749463,python,[JIT],0x0000e07d3f9364fc
248259.0,3749463,python,[JIT],0x0000e07d3f9e1e2c
248258.0,3749208,python,python,PyTuple_FromArray
248258.0,3749208,python,[JIT],0x0000e7243bf4ca7c
248258.0,3749208,python,[JIT],0x0000e7243bf72120
248258.0,3749208,python,[JIT],0x0000e7243bfb34a8
248258.0,3749208,python,[JIT],0x0000e7243bfb4090
248258.0,3749208,python,[JIT],0x0000e7243bfb9e1c
248258.0,3749208,python,[JIT],0x0000e7243bfba04c
248258.0,3749208,python,[JIT],0x0000e7243c4ee200
248258.0,3749208,python,[JIT],0x0000e7243c4ee36c
248258.0,3749208,python,[JIT],0x0000e7243c7ce3c4
248258.0,3749208,python,[JIT],0x0000e7243c7ce914
248258.0,3749208,python,[JIT],0x0000e7243c805534
248258.0,3749208,python,[JIT],0x0000e7243c805548
248258.0,3749208,python,[JIT],0x0000e7243c8088b4
248258.0,3749208,python,[JIT],0x0000e7243c8b20cc
248258.0,3749208,python,[JIT],0x0000e7243c8b3424
248258.0,3749208,python,[JIT],0x0000e7243c8b3510
248258.0,3749586,python,[JIT],0x0000f45d9651a3b0
248258.0,3749586,python,[JIT],0x0000f45d9657515c
248258.0,3749586,python,[JIT],0x0000f45d965793f0
248258.0,3749586,python,[JIT],0x0000f45d9657bf18
248258.0,3749586,python,[JIT],0x0000f45d965b39b4
248258.0,3749586,python,[JIT],0x0000f45d96af31a0
248258.0,3749586,python,[JIT],0x0000f45d96af43b8
248258.0,3749586,python,[JIT],0x0000f45d96af9160
248258.0,3749586,python,[JIT],0x0000f45d96dde054
248258.0,3749586,python,[JIT],0x0000f45d96dde3cc
248258.0,3749586,python,[JIT],0x0000f45d96dde950
248258.0,3749586,python,[JIT],0x0000f45d96ddedac
248258.0,3749586,python,[JIT],0x0000f45d96ddef0c
248258.0,3749586,python,[JIT],0x0000f45d96e111b4
248258.0,3749586,python,[JIT],0x0000f45d96e12614
248258.0,3749586,python,[JIT],0x0000f45d96e174b4
248258.0,3749586,python,[JIT],0x0000f45d96ec1380
248258.0,3749586,python,[JIT],0x0000f45d96ec27f4
248258.0,3749586,python,[JIT],0x0000f45d96ec2858
248258.0,3749240,python,[JIT],0x0000ee2d4d0f225c
248258.0,3749240,python,[JIT],0x0000ee2d4d0f949c
248258.0,3749240,python,[JIT],0x0000ee2d4d0fa0c4
248258.0,3749240,python,[JIT],0x0000ee2d4d0fa1c4
248258.0,3749240,python,[JIT],0x0000ee2d4d2be618
248258.0,3749240,python,[JIT],0x0000ee2d4d2f2560
248258.0,3749240,python,[JIT],0x0000ee2d4d2f70d4
248258.0,3749240,python,[JIT],0x0000ee2d4d2fd8ec
248258.0,3749240,python,[JIT],0x0000ee2d4d3a1314
248258.0,3749383,python,python,PyErr_Occurred
248258.0,3749383,python,python,optimize_uops.isra.0
248258.0,3749543,python,[kernel.kallsyms],mas_wr_node_store
248258.0,3749543,python,[JIT],0x0000f0a3d13c7438
248258.0,3749543,python,[JIT],0x0000f0a3d13f107c
248258.0,3749543,python,[JIT],0x0000f0a3d190c240
248258.0,3749543,python,[JIT],0x0000f0a3d1cd9568
248258.0,3749543,python,[JIT],0x0000f0a3d1d84b78
248258.0,3749543,python,[JIT],0x0000f0a3d1d87a64
248258.0,3749543,python,[JIT],0x0000f0a3d1d87fe8
248258.0,3749543,python,[JIT],0x0000f0a3d1d889a0
248258.0,3749543,python,[JIT],0x0000f0a3d1d8b2a0
248258.0,3749336,python,python,tuple_subscript
248258.0,3749336,python,[JIT],0x0000e82e99589b2c
248258.0,3749336,python,[JIT],0x0000e82e9958cca8
248258.0,3749336,python,[JIT],0x0000e82e9958d184
248258.0,3749336,python,[JIT],0x0000e82e995f21fc
248258.0,3749336,python,[JIT],0x0000e82e995f8494
248258.0,3749336,python,[JIT],0x0000e82e99e47b48
248258.0,3749336,python,[JIT],0x0000e82e99e4a924
248258.0,3749336,python,[JIT],0x0000e82e99e4af58
248258.0,3749336,python,[JIT],0x0000e82e99ef593c
248258.0,3749336,python,[JIT],0x0000e82e99ef9714
248258.0,3749543,python,python,_Py_VectorCall_StackRefSteal
248258.0,3749543,python,python,emit__BUILD_LIST_r01
248258.0,3749543,python,[JIT],0x0000f0a3d1cdcae4
248258.0,3749336,python,[JIT],0x0000e82e995fd5fc
248258.0,3749336,python,[JIT],0x0000e82e99ef5af4
248258.0,3749463,python,python,PyMem_Malloc
248258.0,3749463,python,[JIT],0x0000e07d3f03777c
248258.0,3749463,python,[JIT],0x0000e07d3f099964
248258.0,3749463,python,[JIT],0x0000e07d3f0d2084
248258.0,3749463,python,[JIT],0x0000e07d3f0d2b34
248258.0,3749463,python,[JIT],0x0000e07d3f0d4174
248258.0,3749463,python,[JIT],0x0000e07d3f6f5c6c
248258.0,3749463,python,[JIT],0x0000e07d3f6f9728
248258.0,3749463,python,[JIT],0x0000e07d3f931094
248258.0,3749463,python,[JIT],0x0000e07d3f931528
248258.0,3749463,python,[JIT],0x0000e07d3f932050
248258.0,3749463,python,[JIT],0x0000e07d3f93bdf8
248258.0,3749463,python,[JIT],0x0000e07d3f9e5478
248257.0,3749208,python,python,_PyCompactLong_Add
248257.0,3749208,python,[JIT],0x0000e7243beec294
248257.0,3749208,python,[JIT],0x0000e7243bf721e0
248257.0,3749208,python,[JIT],0x0000e7243bf72aa0
248257.0,3749208,python,[JIT],0x0000e7243bfb921c
248257.0,3749208,python,[JIT],0x0000e7243c8058e0
248257.0,3749208,python,[JIT],0x0000e7243c805bcc
248257.0,3749208,python,[JIT],0x0000e7243c80c6a4
248257.0,3749208,python,[JIT],0x0000e7243c80e3e0
248257.0,3749208,python,[JIT],0x0000e7243c8b3524
248257.0,3749208,python,[JIT],0x0000e7243c8b39fc
248257.0,3749208,python,[JIT],0x0000e7243c8b3d80
248257.0,3749208,python,[JIT],0x0000e7243c8b4734
248257.0,3749586,python,[JIT],0x0000f45d965449c0
248257.0,3749586,python,[JIT],0x0000f45d9654e12c
248257.0,3749586,python,[JIT],0x0000f45d965b3084
248257.0,3749586,python,[JIT],0x0000f45d965b33ec
248257.0,3749586,python,[JIT],0x0000f45d965ba12c
248257.0,3749586,python,[JIT],0x0000f45d96af56b8
248257.0,3749586,python,[JIT],0x0000f45d96af8694
248257.0,3749586,python,[JIT],0x0000f45d96afbae8
248257.0,3749586,python,[JIT],0x0000f45d96afca94
248257.0,3749586,python,[JIT],0x0000f45d96e17a60
248257.0,3749586,python,[JIT],0x0000f45d96e190e8
248257.0,3749586,python,[JIT],0x0000f45d96e1918c
248257.0,3749586,python,[JIT],0x0000f45d96e193dc
248257.0,3749586,python,[JIT],0x0000f45d96e1c3dc
248257.0,3749586,python,[JIT],0x0000f45d96e1d11c
248257.0,3749586,python,[JIT],0x0000f45d96e198a8
248257.0,3749240,python,[JIT],0x0000ee2d4ca591c4
248257.0,3749240,python,[JIT],0x0000ee2d4ca59794
248257.0,3749240,python,[JIT],0x0000ee2d4ca59e70
248257.0,3749240,python,[JIT],0x0000ee2d4ca59efc
248257.0,3749240,python,[JIT],0x0000ee2d4ca5a104
248257.0,3749240,python,[JIT],0x0000ee2d4ca5d7f4
248257.0,3749240,python,[JIT],0x0000ee2d4ca978bc
248257.0,3749240,python,[JIT],0x0000ee2d4d2f3098
248257.0,3749240,python,[JIT],0x0000ee2d4d2f30a0
248257.0,3749240,python,[JIT],0x0000ee2d4d2fb06c
248257.0,3749383,python,[JIT],0x0000ef595b8fb2a8
248257.0,3749383,python,[JIT],0x0000ef595c141188
248257.0,3749543,python,[JIT],0x0000f0a3d13fc044
248257.0,3749543,python,[JIT],0x0000f0a3d18ed8e0
248257.0,3749543,python,[JIT],0x0000f0a3d1904438
248257.0,3749543,python,[JIT],0x0000f0a3d19063f0
248257.0,3749543,python,[JIT],0x0000f0a3d1934df4
248257.0,3749543,python,[JIT],0x0000f0a3d193581c
248257.0,3749543,python,[JIT],0x0000f0a3d197265c
248257.0,3749543,python,[JIT],0x0000f0a3d1973f50
248257.0,3749543,python,[JIT],0x0000f0a3d1cd2244
248257.0,3749543,python,[JIT],0x0000f0a3d1cd5550
248257.0,3749543,python,[JIT],0x0000f0a3d1d82218
248257.0,3749543,python,[JIT],0x0000f0a3d1d8b968
248257.0,3749543,python,[JIT],0x0000f0a3d1d8c43c
248257.0,3749336,python,[JIT],0x0000e82e995b73c4
248257.0,3749336,python,[JIT],0x0000e82e995f6160
248257.0,3749336,python,[JIT],0x0000e82e995fdb80
248257.0,3749336,python,[JIT],0x0000e82e99e41b14
248257.0,3749336,python,[JIT],0x0000e82e99e43298
248257.0,3749336,python,[JIT],0x0000e82e99e46030
248257.0,3749336,python,[JIT],0x0000e82e99e4792c
248257.0,3749336,python,[JIT],0x0000e82e99e47e0c
248257.0,3749336,python,[JIT],0x0000e82e99e4a578
248257.0,3749463,python,python,PySequence_Tuple
248257.0,3749463,python,[JIT],0x0000e07d3f9312ac
248257.0,3749463,python,[JIT],0x0000e07d3f936cb0
248257.0,3749336,python,[JIT],0x0000e82e99efd30c
248257.0,3749463,python,[JIT],0x0000e07d3f06d570
248257.0,3749463,python,[JIT],0x0000e07d3f099f50
248257.0,3749463,python,[JIT],0x0000e07d3f0d57cc
248257.0,3749463,python,[JIT],0x0000e07d3f6f51f0
248257.0,3749463,python,[JIT],0x0000e07d3f6fd8ec
248257.0,3749463,python,[JIT],0x0000e07d3f93b1b0
248257.0,3749463,python,[JIT],0x0000e07d3f93bdac
248257.0,3749463,python,[JIT],0x0000e07d3f9e4060
248257.0,3749463,python,[JIT],0x0000e07d3f9e51cc
248256.0,3749208,python,[JIT],0x0000e7243bf49940
248256.0,3749208,python,[JIT],0x0000e7243bf4f1cc
248256.0,3749208,python,[JIT],0x0000e7243bf76844
248256.0,3749208,python,[JIT],0x0000e7243bfba20c
248256.0,3749208,python,[JIT],0x0000e7243c808240
248256.0,3749208,python,[JIT],0x0000e7243c8b37c0
248256.0,3749208,python,[JIT],0x0000e7243c8b3b14
248256.0,3749208,python,[JIT],0x0000e7243c8b6060
248256.0,3749208,python,[JIT],0x0000e7243c8b75f4
248256.0,3749586,python,python,builtin_getattr
248256.0,3749586,python,[JIT],0x0000f45d964b51ac
248256.0,3749586,python,[JIT],0x0000f45d96576188
248256.0,3749586,python,[JIT],0x0000f45d96af8614
248256.0,3749586,python,[JIT],0x0000f45d96af8778
248256.0,3749586,python,[JIT],0x0000f45d96af916c
248256.0,3749586,python,[JIT],0x0000f45d96dde690
248256.0,3749586,python,[JIT],0x0000f45d96e11f84
248256.0,3749586,python,[JIT],0x0000f45d96e179f8
248256.0,3749586,python,[JIT],0x0000f45d96e1908c
248256.0,3749586,python,[JIT],0x0000f45d96ec1848
248256.0,3749586,python,[JIT],0x0000f45d96dde3e0
248256.0,3749586,python,[JIT],0x0000f45d96dde604
248256.0,3749240,python,[JIT],0x0000ee2d4d2fc3b4
248256.0,3749240,python,[JIT],0x0000ee2d4c9c1230
248256.0,3749240,python,[JIT],0x0000ee2d4d0ed124
248256.0,3749240,python,[JIT],0x0000ee2d4d0f387c
248256.0,3749240,python,[JIT],0x0000ee2d4d2f288c
248256.0,3749240,python,[JIT],0x0000ee2d4d2f7a9c
248256.0,3749240,python,[JIT],0x0000ee2d4d2f919c
248256.0,3749240,python,[JIT],0x0000ee2d4d2fdb2c
248256.0,3749240,python,[JIT],0x0000ee2d4d3a135c
248256.0,3749240,python,[JIT],0x0000ee2d4d3a4234
248256.0,3749383,python,[kernel.kallsyms],_raw_spin_lock
248256.0,3749543,python,[JIT],0x0000f0a3d190a0a8
248256.0,3749543,python,[JIT],0x0000f0a3d190c344
248256.0,3749543,python,[JIT],0x0000f0a3d190c528
248256.0,3749543,python,[JIT],0x0000f0a3d190e7a4
248256.0,3749543,python,[JIT],0x0000f0a3d193103c
248256.0,3749543,python,[JIT],0x0000f0a3d1cd323c
248256.0,3749543,python,[JIT],0x0000f0a3d1cdb89c
248256.0,3749543,python,[JIT],0x0000f0a3d1cdba28
248256.0,3749543,python,[JIT],0x0000f0a3d1cdc050
248256.0,3749543,python,[JIT],0x0000f0a3d1d84ac4
248256.0,3749543,python,[JIT],0x0000f0a3d1d87480
248256.0,3749543,python,[JIT],0x0000f0a3d1d8886c
248256.0,3749336,python,[JIT],0x0000e82e9952ba74
248256.0,3749336,python,[JIT],0x0000e82e995b11f0
248256.0,3749336,python,[JIT],0x0000e82e995fd68c
248256.0,3749336,python,[JIT],0x0000e82e99e0f294
248256.0,3749336,python,[JIT],0x0000e82e99e47254
248256.0,3749336,python,[JIT],0x0000e82e99e4a2b4
248256.0,3749336,python,[JIT],0x0000e82e99e4a520
248256.0,3749336,python,[JIT],0x0000e82e99e4ab48
248256.0,3749336,python,[JIT],0x0000e82e99ef2398
248256.0,3749336,python,[JIT],0x0000e82e99ef5000
248256.0,3749336,python,[JIT],0x0000e82e99ef52f0
248256.0,3749336,python,[JIT],0x0000e82e99ef6550
248256.0,3749543,python,[JIT],0x0000f0a3d1978b84
248256.0,3749463,python,[JIT],0x0000e07d3f6fd07c
248256.0,3749463,python,[JIT],0x0000e07d3f6fd700
248256.0,3749463,python,[JIT],0x0000e07d3f935308
248256.0,3749463,python,[JIT],0x0000e07d3f936db4
248256.0,3749463,python,[JIT],0x0000e07d3f93b7e4
248256.0,3749463,python,[JIT],0x0000e07d3f93d040
248256.0,3749463,python,[JIT],0x0000e07d3f9e1090
248256.0,3749463,python,[JIT],0x0000e07d3f9e1ac4
248256.0,3749463,python,[JIT],0x0000e07d3f9e66f8
248255.0,3749208,python,[JIT],0x0000e7243bd87b54
248255.0,3749208,python,[JIT],0x0000e7243bf74180
248255.0,3749208,python,[JIT],0x0000e7243c4ee3a4
248255.0,3749208,python,[JIT],0x0000e7243c80851c
248255.0,3749208,python,[JIT],0x0000e7243c8b3188
248255.0,3749208,python,[JIT],0x0000e7243c8b3cd4
248255.0,3749208,python,[JIT],0x0000e7243c8b70dc
248255.0,3749208,python,[JIT],0x0000e7243c8b7570
248255.0,3749208,python,[JIT],0x0000e7243c8bb3b0
248255.0,3749586,python,[JIT],0x0000f45d965187e4
248255.0,3749586,python,[JIT],0x0000f45d96575a98
248255.0,3749586,python,[JIT],0x0000f45d965b390c
248255.0,3749586,python,[JIT],0x0000f45d965b9e18
248255.0,3749586,python,[JIT],0x0000f45d965bb07c
248255.0,3749586,python,[JIT],0x0000f45d96aec088
248255.0,3749586,python,[JIT],0x0000f45d96af84c4
248255.0,3749586,python,[JIT],0x0000f45d96afb190
248255.0,3749586,python,[JIT],0x0000f45d96e11ad0
248255.0,3749586,python,[JIT],0x0000f45d96e12e74
248255.0,3749586,python,[JIT],0x0000f45d96e19830
248255.0,3749586,python,[JIT],0x0000f45d96e1cf44
248255.0,3749586,python,[JIT],0x0000f45d96e1cf48
248255.0,3749586,python,[JIT],0x0000f45d96e1dab0
248255.0,3749586,python,[JIT],0x0000f45d96ec1688
248255.0,3749586,python,[JIT],0x0000f45d96afe04c
248255.0,3749586,python,[JIT],0x0000f45d96e110c4
248255.0,3749586,python,[JIT],0x0000f45d96e11e48
248255.0,3749586,python,[JIT],0x0000f45d96e12040
248255.0,3749240,python,[JIT],0x0000ee2d4ca280e0
248255.0,3749240,python,[JIT],0x0000ee2d4ca2914c
248255.0,3749240,python,[JIT],0x0000ee2d4ca5c83c
248255.0,3749240,python,[JIT],0x0000ee2d4d2be9c0
248255.0,3749240,python,[JIT],0x0000ee2d4d2f65e4
248255.0,3749240,python,[JIT],0x0000ee2d4d2f7000
248255.0,3749240,python,[JIT],0x0000ee2d4d2f9750
248255.0,3749240,python,[JIT],0x0000ee2d4d2fdce0
248255.0,3749240,python,[JIT],0x0000ee2d4d2ff0b4
248255.0,3749240,python,[JIT],0x0000ee2d4d3a10cc
248255.0,3749383,python,[JIT],0x0000ef595c10e330
248255.0,3749543,python,[JIT],0x0000f0a3d18f4594
248255.0,3749543,python,[JIT],0x0000f0a3d1934314
248255.0,3749543,python,[JIT],0x0000f0a3d1972034
248255.0,3749543,python,[JIT],0x0000f0a3d1979854
248255.0,3749543,python,[JIT],0x0000f0a3d1c9e1a8
248255.0,3749543,python,[JIT],0x0000f0a3d1cd106c
248255.0,3749543,python,[JIT],0x0000f0a3d1cd2580
248255.0,3749543,python,[JIT],0x0000f0a3d1cd53a4
248255.0,3749543,python,[JIT],0x0000f0a3d1cd9d60
248255.0,3749543,python,[JIT],0x0000f0a3d1cdcbc0
248255.0,3749543,python,[JIT],0x0000f0a3d1d87f84
248255.0,3749543,python,[JIT],0x0000f0a3d1d8b0e8
248255.0,3749543,python,[JIT],0x0000f0a3d1d8b268
248255.0,3749543,python,[JIT],0x0000f0a3d1d8d988
248255.0,3749336,python,[JIT],0x0000e82e99589508
248255.0,3749336,python,[JIT],0x0000e82e99589544
248255.0,3749336,python,[JIT],0x0000e82e99e0f59c
248255.0,3749336,python,[JIT],0x0000e82e99e47ce4
248255.0,3749336,python,[JIT],0x0000e82e99e4ee08
248255.0,3749336,python,[JIT],0x0000e82e99ef4088
248255.0,3749336,python,[JIT],0x0000e82e99efa708
248255.0,3749336,python,[JIT],0x0000e82e99efd2ac
248255.0,3749463,python,[JIT],0x0000e07d3f8fe790
248255.0,3749463,python,[JIT],0x0000e07d3f09c37c
248255.0,3749463,python,[JIT],0x0000e07d3f0da064
248255.0,3749463,python,[JIT],0x0000e07d3f6f5520
248255.0,3749463,python,[JIT],0x0000e07d3f6f5f80
248255.0,3749463,python,[JIT],0x0000e07d3f6f61b0
248255.0,3749463,python,[JIT],0x0000e07d3f6f61d8
248255.0,3749463,python,[JIT],0x0000e07d3f6fd054
248255.0,3749463,python,[JIT],0x0000e07d3f6fd2e0
248255.0,3749463,python,[JIT],0x0000e07d3f6fd7c0
248255.0,3749463,python,[JIT],0x0000e07d3f933e80
248255.0,3749463,python,[JIT],0x0000e07d3f933ef4
248255.0,3749463,python,[JIT],0x0000e07d3f935d80
248255.0,3749463,python,[JIT],0x0000e07d3f93b5e4
248255.0,3749463,python,[JIT],0x0000e07d3f93d344
248255.0,3749463,python,[JIT],0x0000e07d3f9e25bc
248254.0,3749208,python,[JIT],0x0000e7243beb20d0
248254.0,3749208,python,[JIT],0x0000e7243bf16594
248254.0,3749208,python,[JIT],0x0000e7243bfb91d8
248254.0,3749208,python,[JIT],0x0000e7243c4ee0ac
248254.0,3749208,python,[JIT],0x0000e7243c4ee1d8
248254.0,3749208,python,[JIT],0x0000e7243c802550
248254.0,3749208,python,[JIT],0x0000e7243c808c80
248254.0,3749208,python,[JIT],0x0000e7243c8b4bd0
248254.0,3749208,python,[JIT],0x0000e7243c8b99a0
248254.0,3749586,python,[JIT],0x0000f45d964bcd28
248254.0,3749586,python,[JIT],0x0000f45d9657538c
248254.0,3749586,python,[JIT],0x0000f45d96576134
248254.0,3749586,python,[JIT],0x0000f45d965793dc
248254.0,3749586,python,[JIT],0x0000f45d9657da68
248254.0,3749586,python,[JIT],0x0000f45d96af9a00
248254.0,3749586,python,[JIT],0x0000f45d96afb274
248254.0,3749586,python,[JIT],0x0000f45d96afb698
248254.0,3749586,python,[JIT],0x0000f45d96e173e0
248254.0,3749586,python,[JIT],0x0000f45d96ec1638
248254.0,3749586,python,[JIT],0x0000f45d96ec22fc
248254.0,3749240,python,[JIT],0x0000ee2d4d0f95a8
248254.0,3749240,python,[JIT],0x0000ee2d4ca580bc
248254.0,3749240,python,[JIT],0x0000ee2d4ca592e4
248254.0,3749240,python,[JIT],0x0000ee2d4ca5dac4
248254.0,3749240,python,[JIT],0x0000ee2d4d2f27a0
248254.0,3749240,python,[JIT],0x0000ee2d4d2f67f8
248254.0,3749240,python,[JIT],0x0000ee2d4d2f71e0
248254.0,3749240,python,[JIT],0x0000ee2d4d2f7204
248254.0,3749240,python,[JIT],0x0000ee2d4d3a2bdc
248254.0,3749383,python,python,PyMember_GetOne
248254.0,3749543,python,[JIT],0x0000f0a3d1906358
248254.0,3749543,python,[JIT],0x0000f0a3d1909ebc
248254.0,3749543,python,[JIT],0x0000f0a3d190c280
248254.0,3749543,python,[JIT],0x0000f0a3d190d044
248254.0,3749543,python,[JIT],0x0000f0a3d1978274
248254.0,3749543,python,[JIT],0x0000f0a3d1978678
248254.0,3749543,python,[JIT],0x0000f0a3d1978f8c
248254.0,3749543,python,[JIT],0x0000f0a3d197993c
248254.0,3749543,python,[JIT],0x0000f0a3d1cd62b4
248254.0,3749543,python,[JIT],0x0000f0a3d1cd91d4
248254.0,3749543,python,[JIT],0x0000f0a3d1cdc484
248254.0,3749543,python,[JIT],0x0000f0a3d1cdc4d8
248254.0,3749543,python,[JIT],0x0000f0a3d1d81170
248254.0,3749543,python,[JIT],0x0000f0a3d1d82b48
248254.0,3749543,python,[JIT],0x0000f0a3d1d849f4
248254.0,3749543,python,[JIT],0x0000f0a3d1d86114
248254.0,3749543,python,[JIT],0x0000f0a3d1d877a0
248254.0,3749543,python,[JIT],0x0000f0a3d1d87c54
248254.0,3749543,python,[JIT],0x0000f0a3d1d88560
248254.0,3749543,python,[JIT],0x0000f0a3d1d8b844
248254.0,3749336,python,[JIT],0x0000e82e994f8008
248254.0,3749336,python,[JIT],0x0000e82e995876ec
248254.0,3749336,python,[JIT],0x0000e82e995fd6f8
248254.0,3749336,python,[JIT],0x0000e82e995fe908
248254.0,3749336,python,[JIT],0x0000e82e99e49be4
248254.0,3749336,python,[JIT],0x0000e82e99e4eb00
248254.0,3749336,python,[JIT],0x0000e82e99ef1190
248254.0,3749336,python,[JIT],0x0000e82e99ef6810
248254.0,3749336,python,[JIT],0x0000e82e99efa430
248254.0,3749543,python,python,_Py_uop_analyze_and_optimize
248254.0,3749543,python,[JIT],0x0000f0a3d197a1ac
248254.0,3749463,python,[JIT],0x0000e07d3f069090
248254.0,3749463,python,[JIT],0x0000e07d3f09e6b8
248254.0,3749463,python,[JIT],0x0000e07d3f6f0818
248254.0,3749463,python,[JIT],0x0000e07d3f6f5548
248254.0,3749463,python,[JIT],0x0000e07d3f6f5908
248254.0,3749463,python,[JIT],0x0000e07d3f9333b0
248254.0,3749463,python,[JIT],0x0000e07d3f935df8
248254.0,3749463,python,[JIT],0x0000e07d3f9369e8
248254.0,3749463,python,[JIT],0x0000e07d3f936c40
248254.0,3749463,python,[JIT],0x0000e07d3f93a0e0
248254.0,3749463,python,[JIT],0x0000e07d3f9e1f98
248254.0,3749463,python,[JIT],0x0000e07d3f9e5128
248253.0,3749208,python,python,deque_new
248253.0,3749208,python,[JIT],0x0000e7243bf4e578
248253.0,3749208,python,[JIT],0x0000e7243bf754fc
248253.0,3749208,python,[JIT],0x0000e7243bfb481c
248253.0,3749208,python,[JIT],0x0000e7243bfb9738
248253.0,3749208,python,[JIT],0x0000e7243c4ee1c4
248253.0,3749208,python,[JIT],0x0000e7243c804098
248253.0,3749208,python,[JIT],0x0000e7243c805cf4
248253.0,3749208,python,[JIT],0x0000e7243c807668
248253.0,3749208,python,[JIT],0x0000e7243c8078e4
248253.0,3749208,python,[JIT],0x0000e7243c80e160
248253.0,3749208,python,[JIT],0x0000e7243c8b3430
248253.0,3749208,python,[JIT],0x0000e7243c8b773c
248253.0,3749586,python,python,_PyMem_RawMalloc
248253.0,3749586,python,[JIT],0x0000f45d96545474
248253.0,3749586,python,[JIT],0x0000f45d96572ec0
248253.0,3749586,python,[JIT],0x0000f45d96579ccc
248253.0,3749586,python,[JIT],0x0000f45d9657cb68
248253.0,3749586,python,[JIT],0x0000f45d96af154c
248253.0,3749586,python,[JIT],0x0000f45d96af931c
248253.0,3749586,python,[JIT],0x0000f45d96ddf7f4
248253.0,3749586,python,[JIT],0x0000f45d96e12368
248253.0,3749586,python,[JIT],0x0000f45d96e152f0
248253.0,3749586,python,[JIT],0x0000f45d96e19094
248253.0,3749586,python,[JIT],0x0000f45d96e1c05c
248253.0,3749586,python,[JIT],0x0000f45d96e1ceb0
248253.0,3749586,python,python,_list_extend
248253.0,3749240,python,[JIT],0x0000ee2d4ca59944
248253.0,3749240,python,[JIT],0x0000ee2d4ca91148
248253.0,3749240,python,[JIT],0x0000ee2d4d0fa0d4
248253.0,3749240,python,[JIT],0x0000ee2d4d0fc090
248253.0,3749240,python,[JIT],0x0000ee2d4d0ff03c
248253.0,3749240,python,[JIT],0x0000ee2d4d2f67a8
248253.0,3749240,python,[JIT],0x0000ee2d4d2f7144
248253.0,3749240,python,[JIT],0x0000ee2d4d2f9284
248253.0,3749240,python,[JIT],0x0000ee2d4d3a1804
248253.0,3749543,python,[JIT],0x0000f0a3d190c8ec
248253.0,3749543,python,[JIT],0x0000f0a3d1978b60
248253.0,3749543,python,[JIT],0x0000f0a3d1cd203c
248253.0,3749543,python,[JIT],0x0000f0a3d1cd5354
248253.0,3749543,python,[JIT],0x0000f0a3d1cd915c
248253.0,3749543,python,[JIT],0x0000f0a3d1d8242c
248253.0,3749543,python,[JIT],0x0000f0a3d1d82938
248253.0,3749543,python,[JIT],0x0000f0a3d1d879d0
248253.0,3749543,python,[JIT],0x0000f0a3d1d8cae0
248253.0,3749336,python,[JIT],0x0000e82e995565ec
248253.0,3749336,python,[JIT],0x0000e82e9958cc1c
248253.0,3749336,python,[JIT],0x0000e82e995b1d40
248253.0,3749336,python,[JIT],0x0000e82e995b5a5c
248253.0,3749336,python,[JIT],0x0000e82e995b75a0
248253.0,3749336,python,[JIT],0x0000e82e995b89a8
248253.0,3749336,python,[JIT],0x0000e82e995b8be4
248253.0,3749336,python,[JIT],0x0000e82e995fdb44
248253.0,3749463,python,[JIT],0x0000e07d3f6fc2d4
248253.0,3749463,python,[JIT],0x0000e07d3f931470
248253.0,3749463,python,[JIT],0x0000e07d3f93bfc8
248253.0,3749336,python,[JIT],0x0000e82e99e47484
248253.0,3749463,python,[JIT],0x0000e07d3f09cfd8
248253.0,3749463,python,[JIT],0x0000e07d3f6f6060
248253.0,3749463,python,[JIT],0x0000e07d3f6f6428
248253.0,3749463,python,[JIT],0x0000e07d3f93130c
248253.0,3749463,python,[JIT],0x0000e07d3f935660
248252.0,3749208,python,[kernel.kallsyms],folio_lruvec_lock_irqsave
248252.0,3749208,python,[JIT],0x0000e7243bf45004
248252.0,3749208,python,[JIT],0x0000e7243bf4cfd8
248252.0,3749208,python,[JIT],0x0000e7243bfba954
248252.0,3749208,python,[JIT],0x0000e7243c4ee4f8
248252.0,3749208,python,[JIT],0x0000e7243c802538
248252.0,3749208,python,[JIT],0x0000e7243c807390
248252.0,3749208,python,[JIT],0x0000e7243c80e820
248252.0,3749208,python,[JIT],0x0000e7243c8b41dc
248252.0,3749586,python,[JIT],0x0000f45d9657b4c4
248252.0,3749586,python,[JIT],0x0000f45d9657c9a8
248252.0,3749586,python,[JIT],0x0000f45d965ba008
248252.0,3749586,python,[JIT],0x0000f45d96af9498
248252.0,3749586,python,[JIT],0x0000f45d96e12588
248252.0,3749586,python,[JIT],0x0000f45d96e12cb0
248252.0,3749586,python,[JIT],0x0000f45d96e1609c
248252.0,3749586,python,[JIT],0x0000f45d96e19a98
248252.0,3749586,python,[JIT],0x0000f45d96e1b0fc
248252.0,3749586,python,[JIT],0x0000f45d96e1c300
248252.0,3749586,python,[JIT],0x0000f45d96e1c528
248252.0,3749586,python,[JIT],0x0000f45d96e1c82c
248252.0,3749586,python,[JIT],0x0000f45d96e1d068
248252.0,3749586,python,[JIT],0x0000f45d96e1d0b0
248252.0,3749586,python,[JIT],0x0000f45d96ec106c
248252.0,3749586,python,python,func_dealloc
248252.0,3749240,python,[JIT],0x0000ee2d4ca25134
248252.0,3749240,python,[JIT],0x0000ee2d4ca25228
248252.0,3749240,python,[JIT],0x0000ee2d4ca29284
248252.0,3749240,python,[JIT],0x0000ee2d4d0ed488
248252.0,3749240,python,[JIT],0x0000ee2d4d0f21a8
248252.0,3749240,python,[JIT],0x0000ee2d4d0f2b18
248252.0,3749240,python,[JIT],0x0000ee2d4d0f2f38
248252.0,3749240,python,[JIT],0x0000ee2d4d0f937c
248252.0,3749240,python,[JIT],0x0000ee2d4d0faac4
248252.0,3749240,python,[JIT],0x0000ee2d4d0fd3f8
248252.0,3749240,python,[JIT],0x0000ee2d4d2be048
248252.0,3749240,python,[JIT],0x0000ee2d4d2f24c8
248252.0,3749240,python,[JIT],0x0000ee2d4d2f9490
248252.0,3749240,python,[JIT],0x0000ee2d4d2f9b28
248252.0,3749240,python,[JIT],0x0000ee2d4d2fcec4
248252.0,3749240,python,[JIT],0x0000ee2d4d2fcecc
248252.0,3749383,python,[JIT],0x0000ef595c14239c
248252.0,3749543,python,[JIT],0x0000f0a3d19090f8
248252.0,3749543,python,[JIT],0x0000f0a3d1936034
248252.0,3749543,python,[JIT],0x0000f0a3d1973158
248252.0,3749543,python,[JIT],0x0000f0a3d1c9f0d0
248252.0,3749543,python,[JIT],0x0000f0a3d1cd2614
248252.0,3749543,python,[JIT],0x0000f0a3d1cdcc5c
248252.0,3749543,python,[JIT],0x0000f0a3d1d8b884
248252.0,3749336,python,[JIT],0x0000e82e995b3258
248252.0,3749336,python,[JIT],0x0000e82e995b390c
248252.0,3749336,python,[JIT],0x0000e82e995b9e54
248252.0,3749336,python,[JIT],0x0000e82e99e41df8
248252.0,3749336,python,[JIT],0x0000e82e99ef5410
248252.0,3749336,python,[JIT],0x0000e82e99ef5ba4
248252.0,3749336,python,[JIT],0x0000e82e99ef61ec
248252.0,3749463,python,[JIT],0x0000e07d3f8fe494
248252.0,3749336,python,python,make_new_set
248252.0,3749463,python,[kernel.kallsyms],__sync_icache_dcache
248252.0,3749463,python,[JIT],0x0000e07d3f0941fc
248252.0,3749463,python,[JIT],0x0000e07d3f09c3dc
248252.0,3749463,python,[JIT],0x0000e07d3f0d22b8
248252.0,3749463,python,[JIT],0x0000e07d3f6f4174
248252.0,3749463,python,[JIT],0x0000e07d3f6f7760
248252.0,3749463,python,[JIT],0x0000e07d3f6fd90c
248252.0,3749463,python,[JIT],0x0000e07d3f8fe294
248252.0,3749463,python,[JIT],0x0000e07d3f93302c
248252.0,3749463,python,[JIT],0x0000e07d3f933644
248252.0,3749463,python,[JIT],0x0000e07d3f9353c4
248252.0,3749463,python,[JIT],0x0000e07d3f93a7a8
248252.0,3749463,python,[JIT],0x0000e07d3f93f0d0
248252.0,3749463,python,[JIT],0x0000e07d3f9e24f4
248251.0,3749208,python,[JIT],0x0000e7243bf74b3c
248251.0,3749208,python,[JIT],0x0000e7243bf7d760
248251.0,3749208,python,[JIT],0x0000e7243bfb7f4c
248251.0,3749208,python,[JIT],0x0000e7243c802188
248251.0,3749208,python,[JIT],0x0000e7243c805b58
248251.0,3749208,python,[JIT],0x0000e7243c80e1cc
248251.0,3749208,python,[JIT],0x0000e7243c8b81fc
248251.0,3749208,python,[JIT],0x0000e7243c8b8cac
248251.0,3749586,python,[JIT],0x0000f45d964e9254
248251.0,3749586,python,[JIT],0x0000f45d96575220
248251.0,3749586,python,[JIT],0x0000f45d9657a040
248251.0,3749586,python,[JIT],0x0000f45d96af15dc
248251.0,3749586,python,[JIT],0x0000f45d96af1a60
248251.0,3749586,python,[JIT],0x0000f45d96af2084
248251.0,3749586,python,[JIT],0x0000f45d96af8304
248251.0,3749586,python,[JIT],0x0000f45d96af84f4
248251.0,3749586,python,[JIT],0x0000f45d96af85cc
248251.0,3749586,python,[JIT],0x0000f45d96afc0d0
248251.0,3749586,python,[JIT],0x0000f45d96e1189c
248251.0,3749586,python,[JIT],0x0000f45d96e128fc
248251.0,3749586,python,[JIT],0x0000f45d96e16344
248251.0,3749586,python,[JIT],0x0000f45d96e1718c
248251.0,3749586,python,[JIT],0x0000f45d96e17bb4
248251.0,3749586,python,[JIT],0x0000f45d96ec10e8
248251.0,3749586,python,[JIT],0x0000f45d96ec1560
248251.0,3749586,python,[JIT],0x0000f45d96ec164c
248251.0,3749586,python,[JIT],0x0000f45d96ec196c
248251.0,3749586,python,[JIT],0x0000f45d96ec3634
248251.0,3749586,python,[JIT],0x0000f45d96ec5694
248251.0,3749240,python,[JIT],0x0000ee2d4d0f51a0
248251.0,3749240,python,[JIT],0x0000ee2d4d2f18b0
248251.0,3749240,python,[JIT],0x0000ee2d4d2f1f8c
248251.0,3749240,python,[JIT],0x0000ee2d4ca52b3c
248251.0,3749240,python,[JIT],0x0000ee2d4ca5959c
248251.0,3749240,python,[JIT],0x0000ee2d4ca941cc
248251.0,3749240,python,[JIT],0x0000ee2d4d0f2990
248251.0,3749240,python,[JIT],0x0000ee2d4d0f31f0
248251.0,3749240,python,[JIT],0x0000ee2d4d2f1e24
248251.0,3749240,python,[JIT],0x0000ee2d4d2f2ef4
248251.0,3749240,python,[JIT],0x0000ee2d4d2fc8b8
248251.0,3749240,python,[JIT],0x0000ee2d4d3a37d0
248251.0,3749543,python,python,_Py_VectorCall_StackRefSteal
248251.0,3749543,python,[JIT],0x0000f0a3d190d088
248251.0,3749543,python,[JIT],0x0000f0a3d1cd29dc
248251.0,3749543,python,[JIT],0x0000f0a3d1cd6194
248251.0,3749543,python,[JIT],0x0000f0a3d1cdcac4
248251.0,3749543,python,[JIT],0x0000f0a3d1d8224c
248251.0,3749543,python,[JIT],0x0000f0a3d1d8402c
248251.0,3749543,python,[JIT],0x0000f0a3d1d8c878
248251.0,3749336,python,[JIT],0x0000e82e99589e68
248251.0,3749336,python,[JIT],0x0000e82e9958c048
248251.0,3749336,python,[JIT],0x0000e82e9958cab0
248251.0,3749336,python,[JIT],0x0000e82e995b3b5c
248251.0,3749336,python,[JIT],0x0000e82e995b71b0
248251.0,3749336,python,[JIT],0x0000e82e995b7c30
248251.0,3749336,python,[JIT],0x0000e82e995fd02c
248251.0,3749336,python,[JIT],0x0000e82e995fdccc
248251.0,3749336,python,[JIT],0x0000e82e99e4736c
248251.0,3749336,python,[JIT],0x0000e82e99e47cd0
248251.0,3749336,python,[JIT],0x0000e82e99ef268c
248251.0,3749336,python,[JIT],0x0000e82e99ef58c4
248251.0,3749336,python,[JIT],0x0000e82e99ef5d0c
248251.0,3749336,python,[JIT],0x0000e82e99ef622c
248251.0,3749336,python,[JIT],0x0000e82e99ef6940
248251.0,3749463,python,[JIT],0x0000e07d3f9e14fc
248251.0,3749463,python,[JIT],0x0000e07d3f002378
248251.0,3749463,python,[JIT],0x0000e07d3f0349e4
248251.0,3749463,python,[JIT],0x0000e07d3f065140
248251.0,3749463,python,[JIT],0x0000e07d3f09e25c
248251.0,3749463,python,[JIT],0x0000e07d3f6f58e4
248251.0,3749463,python,[JIT],0x0000e07d3f8fe6e0
248251.0,3749463,python,[JIT],0x0000e07d3f9315a0
248250.0,3749208,python,[JIT],0x0000e7243bf160dc
248250.0,3749208,python,[JIT],0x0000e7243bf1610c
248250.0,3749208,python,[JIT],0x0000e7243bf49ce8
248250.0,3749208,python,[JIT],0x0000e7243bf49f98
248250.0,3749208,python,[JIT],0x0000e7243bf4c430
248250.0,3749208,python,[JIT],0x0000e7243bfb5968
248250.0,3749208,python,[JIT],0x0000e7243bfbc69c
248250.0,3749208,python,[JIT],0x0000e7243c4ee514
248250.0,3749208,python,[JIT],0x0000e7243c7ce898
248250.0,3749208,python,[JIT],0x0000e7243c801008
248250.0,3749208,python,[JIT],0x0000e7243c805344
248250.0,3749208,python,[JIT],0x0000e7243c80ce20
248250.0,3749208,python,[JIT],0x0000e7243c8b423c
248250.0,3749208,python,[JIT],0x0000e7243c8b47d0
248250.0,3749208,python,[JIT],0x0000e7243c8b4a8c
248250.0,3749208,python,[JIT],0x0000e7243c8b7860
248250.0,3749208,python,[JIT],0x0000e7243c8b8cf8
248250.0,3749586,python,[JIT],0x0000f45d9657d6ec
248250.0,3749586,python,[JIT],0x0000f45d965b911c
248250.0,3749586,python,[JIT],0x0000f45d96af1704
248250.0,3749586,python,[JIT],0x0000f45d96af24ac
248250.0,3749586,python,[JIT],0x0000f45d96af29cc
248250.0,3749586,python,[JIT],0x0000f45d96afb13c
248250.0,3749586,python,[JIT],0x0000f45d96afc088
248250.0,3749586,python,[JIT],0x0000f45d96dde310
248250.0,3749586,python,[JIT],0x0000f45d96dded74
248250.0,3749586,python,[JIT],0x0000f45d96e12f98
248250.0,3749586,python,[JIT],0x0000f45d96e19d68
248250.0,3749586,python,python,method_dealloc
248250.0,3749586,python,[JIT],0x0000f45d96e1f130
248250.0,3749586,python,[JIT],0x0000f45d96e1f19c
248250.0,3749240,python,[kernel.kallsyms],__perf_addr_filters_adjust
248250.0,3749240,python,[JIT],0x0000ee2d4ca51284
248250.0,3749240,python,[JIT],0x0000ee2d4ca55e90
248250.0,3749240,python,[JIT],0x0000ee2d4ca5d048
248250.0,3749240,python,[JIT],0x0000ee2d4ca5f65c
248250.0,3749240,python,[JIT],0x0000ee2d4d0f1528
248250.0,3749240,python,[JIT],0x0000ee2d4d0f26a4
248250.0,3749240,python,[JIT],0x0000ee2d4d0f2bf8
248250.0,3749240,python,[JIT],0x0000ee2d4d0f316c
248250.0,3749240,python,[JIT],0x0000ee2d4d0f908c
248250.0,3749240,python,[JIT],0x0000ee2d4d0fa3a0
248250.0,3749240,python,[JIT],0x0000ee2d4d0fa818
248250.0,3749240,python,[JIT],0x0000ee2d4d0fd5d0
248250.0,3749240,python,[JIT],0x0000ee2d4d2f17ec
248250.0,3749240,python,[JIT],0x0000ee2d4d2f3054
248250.0,3749240,python,[JIT],0x0000ee2d4d2f7d40
248250.0,3749240,python,[JIT],0x0000ee2d4d2f9b34
248250.0,3749240,python,[JIT],0x0000ee2d4d2fc3b4
248250.0,3749240,python,[JIT],0x0000ee2d4d2fd810
248250.0,3749240,python,[JIT],0x0000ee2d4d3a1094
248250.0,3749383,python,[JIT],0x0000ef595c145b90
248250.0,3749383,python,[JIT],0x0000ef595c149258
248250.0,3749383,python,[JIT],0x0000ef595c14d06c
248250.0,3749543,python,[JIT],0x0000f0a3d18f6554
248250.0,3749543,python,[JIT],0x0000f0a3d1972234
248250.0,3749543,python,[JIT],0x0000f0a3d1978a24
248250.0,3749543,python,[JIT],0x0000f0a3d1cd3150
248250.0,3749543,python,[JIT],0x0000f0a3d1cd3b54
248250.0,3749543,python,[JIT],0x0000f0a3d1cd9d38
248250.0,3749543,python,[JIT],0x0000f0a3d1d82e2c
248250.0,3749543,python,[JIT],0x0000f0a3d1d87ed0
248250.0,3749543,python,[JIT],0x0000f0a3d1d89564
248250.0,3749543,python,[JIT],0x0000f0a3d1d8a0a0
248250.0,3749336,python,[JIT],0x0000e82e993c9848
248250.0,3749336,python,[JIT],0x0000e82e994ce584
248250.0,3749336,python,[JIT],0x0000e82e995b10dc
248250.0,3749336,python,[JIT],0x0000e82e995b52f0
248250.0,3749336,python,[JIT],0x0000e82e995fdcf8
248250.0,3749336,python,[JIT],0x0000e82e99e432f4
248250.0,3749336,python,[JIT],0x0000e82e99e4764c
248250.0,3749336,python,[JIT],0x0000e82e99e47690
248250.0,3749336,python,[JIT],0x0000e82e99e490c8
248250.0,3749336,python,[JIT],0x0000e82e99ef5920
248250.0,3749336,python,[JIT],0x0000e82e99efa844
248250.0,3749336,python,[JIT],0x0000e82e99efb12c
248250.0,3749463,python,[JIT],0x0000e07d3f6f2990
248250.0,3749463,python,[JIT],0x0000e07d3f6f60b8
248250.0,3749463,python,[JIT],0x0000e07d3f8fe1fc
248250.0,3749463,python,[JIT],0x0000e07d3f9e2658
248250.0,3749463,python,[JIT],0x0000e07d3f9e6c10
248250.0,3749463,python,[JIT],0x0000e07d3fa11480
248249.0,3749208,python,[JIT],0x0000e7243bf470e8
248249.0,3749208,python,[JIT],0x0000e7243bf47464
248249.0,3749208,python,[JIT],0x0000e7243bf725b4
248249.0,3749208,python,[JIT],0x0000e7243bf74998
248249.0,3749208,python,[JIT],0x0000e7243bf760ec
248249.0,3749208,python,[JIT],0x0000e7243bfb9b44
248249.0,3749208,python,[JIT],0x0000e7243bfbc43c
248249.0,3749208,python,[JIT],0x0000e7243c4ec1a8
248249.0,3749208,python,[JIT],0x0000e7243c8011c0
248249.0,3749208,python,[JIT],0x0000e7243c802600
248249.0,3749208,python,[JIT],0x0000e7243c808f68
248249.0,3749208,python,[JIT],0x0000e7243c80e608
248249.0,3749208,python,[JIT],0x0000e7243c8b11f4
248249.0,3749208,python,[JIT],0x0000e7243c8b3398
248249.0,3749586,python,[JIT],0x0000f45d96544770
248249.0,3749586,python,[JIT],0x0000f45d965b90a8
248249.0,3749586,python,[JIT],0x0000f45d96af1440
248249.0,3749586,python,[JIT],0x0000f45d96af845c
248249.0,3749586,python,[JIT],0x0000f45d96afc678
248249.0,3749586,python,[JIT],0x0000f45d96e11ae0
248249.0,3749586,python,[JIT],0x0000f45d96e17050
248249.0,3749586,python,[JIT],0x0000f45d96ec11ac
248249.0,3749586,python,[JIT],0x0000f45d96ec1210
248249.0,3749586,python,[JIT],0x0000f45d96ec159c
248249.0,3749586,python,libc.so.6,__memcpy_generic
248249.0,3749586,python,[JIT],0x0000f45d96e12870
248249.0,3749586,python,[JIT],0x0000f45d96e1b168
248249.0,3749240,python,[JIT],0x0000ee2d4ca29194
248249.0,3749240,python,[JIT],0x0000ee2d4ca5b1f0
248249.0,3749240,python,[JIT],0x0000ee2d4d0f2cd0
248249.0,3749240,python,[JIT],0x0000ee2d4d0f5d7c
248249.0,3749240,python,[JIT],0x0000ee2d4d2f2c10
248249.0,3749240,python,[JIT],0x0000ee2d4d2f70dc
248249.0,3749240,python,[JIT],0x0000ee2d4d2fc270
248249.0,3749240,python,[JIT],0x0000ee2d4d2ff1ec
248249.0,3749240,python,[JIT],0x0000ee2d4d3a14bc
248249.0,3749383,python,[JIT],0x0000ef595c1f406c
248249.0,3749543,python,[JIT],0x0000f0a3d1cd5140
248249.0,3749543,python,[JIT],0x0000f0a3d1d8cc38
248249.0,3749336,python,libc.so.6,malloc
248249.0,3749336,python,[JIT],0x0000e82e995b1720
248249.0,3749336,python,[JIT],0x0000e82e995b5390
248249.0,3749336,python,[JIT],0x0000e82e995f83d0
248249.0,3749336,python,[JIT],0x0000e82e99e0f22c
248249.0,3749336,python,[JIT],0x0000e82e99e478b0
248249.0,3749336,python,[JIT],0x0000e82e99e47db4
248249.0,3749336,python,[JIT],0x0000e82e99ef2d68
248249.0,3749336,python,[JIT],0x0000e82e99ef57e8
248249.0,3749463,python,[JIT],0x0000e07d3f6fda60
248249.0,3749336,python,[JIT],0x0000e82e99e47b70
248249.0,3749336,python,[JIT],0x0000e82e99efd9cc
248249.0,3749463,python,[kernel.kallsyms],mem_cgroup_handle_over_high
248249.0,3749463,python,[JIT],0x0000e07d3f005114
248249.0,3749463,python,[JIT],0x0000e07d3f06d71c
248249.0,3749463,python,[JIT],0x0000e07d3f096abc
248249.0,3749463,python,[JIT],0x0000e07d3f099ca8
248249.0,3749463,python,[JIT],0x0000e07d3f6fc17c
248249.0,3749463,python,[JIT],0x0000e07d3f9336e0
248249.0,3749463,python,[JIT],0x0000e07d3f9e6430
248248.0,3749208,python,[JIT],0x0000e7243bf491e0
248248.0,3749208,python,[JIT],0x0000e7243bf4c230
248248.0,3749208,python,[JIT],0x0000e7243bf4e7c8
248248.0,3749208,python,[JIT],0x0000e7243bf74718
248248.0,3749208,python,[JIT],0x0000e7243bf75058
248248.0,3749208,python,[JIT],0x0000e7243bf7acac
248248.0,3749208,python,[JIT],0x0000e7243bfb13e4
248248.0,3749208,python,[JIT],0x0000e7243bfb55e4
248248.0,3749208,python,[JIT],0x0000e7243c4ee158
248248.0,3749208,python,[JIT],0x0000e7243c4ee2b4
248248.0,3749208,python,[JIT],0x0000e7243c7ce8e0
248248.0,3749208,python,[JIT],0x0000e7243c80ce30
248248.0,3749208,python,[JIT],0x0000e7243c8b3358
248248.0,3749208,python,[JIT],0x0000e7243c8b36ec
248248.0,3749208,python,[JIT],0x0000e7243c8b4ab0
248248.0,3749208,python,[JIT],0x0000e7243c8b60c4
248248.0,3749208,python,[JIT],0x0000e7243c8b7754
248248.0,3749586,python,[JIT],0x0000f45d96541088
248248.0,3749586,python,[JIT],0x0000f45d9654e170
248248.0,3749586,python,[JIT],0x0000f45d96579968
248248.0,3749586,python,[JIT],0x0000f45d96579de4
248248.0,3749586,python,[JIT],0x0000f45d9657b2b0
248248.0,3749586,python,[JIT],0x0000f45d9657c3c8
248248.0,3749586,python,[JIT],0x0000f45d96af1ae0
248248.0,3749586,python,[JIT],0x0000f45d96af85b4
248248.0,3749586,python,[JIT],0x0000f45d96afb2f8
248248.0,3749586,python,[JIT],0x0000f45d96afb500
248248.0,3749586,python,[JIT],0x0000f45d96afc4c4
248248.0,3749586,python,[JIT],0x0000f45d96e118c4
248248.0,3749586,python,[JIT],0x0000f45d96e122e0
248248.0,3749586,python,[JIT],0x0000f45d96e1626c
248248.0,3749586,python,[JIT],0x0000f45d96e17028
248248.0,3749586,python,[JIT],0x0000f45d96e191cc
248248.0,3749586,python,[JIT],0x0000f45d96e1b0c4
248248.0,3749586,python,[JIT],0x0000f45d96e1d0ec
248248.0,3749586,python,[JIT],0x0000f45d96e1d314
248248.0,3749586,python,[JIT],0x0000f45d96e1d49c
248248.0,3749586,python,[JIT],0x0000f45d96ec1214
248248.0,3749586,python,[JIT],0x0000f45d96af84d4
248248.0,3749240,python,[JIT],0x0000ee2d4d2f2980
248248.0,3749240,python,[JIT],0x0000ee2d4c9c62e4
248248.0,3749240,python,[JIT],0x0000ee2d4ca215d0
248248.0,3749240,python,[JIT],0x0000ee2d4ca55048
248248.0,3749240,python,[JIT],0x0000ee2d4ca5d770
248248.0,3749240,python,[JIT],0x0000ee2d4ca91860
248248.0,3749240,python,[JIT],0x0000ee2d4ca91aa8
248248.0,3749240,python,[JIT],0x0000ee2d4ca93340
248248.0,3749240,python,[JIT],0x0000ee2d4d0fa194
248248.0,3749240,python,[JIT],0x0000ee2d4d0fc578
248248.0,3749240,python,[JIT],0x0000ee2d4d2f1594
248248.0,3749240,python,[JIT],0x0000ee2d4d2f19a8
248248.0,3749240,python,[JIT],0x0000ee2d4d2f2cac
248248.0,3749240,python,[JIT],0x0000ee2d4d2fc06c
248248.0,3749240,python,[JIT],0x0000ee2d4d2fcdac
248248.0,3749543,python,[kernel.kallsyms],mas_walk
248248.0,3749543,python,[JIT],0x0000f0a3d193d078
248248.0,3749543,python,[JIT],0x0000f0a3d1972b90
248248.0,3749543,python,[JIT],0x0000f0a3d19787f4
248248.0,3749543,python,[JIT],0x0000f0a3d19789c0
248248.0,3749543,python,[JIT],0x0000f0a3d1cd54a8
248248.0,3749543,python,[JIT],0x0000f0a3d1cd6898
248248.0,3749543,python,[JIT],0x0000f0a3d1cd9050
248248.0,3749543,python,[JIT],0x0000f0a3d1cd9ab0
248248.0,3749543,python,[JIT],0x0000f0a3d1d827f8
248248.0,3749543,python,[JIT],0x0000f0a3d1d8dbd0
248248.0,3749336,python,[JIT],0x0000e82e9955f050
248248.0,3749336,python,[JIT],0x0000e82e99e4af8c
248248.0,3749336,python,[JIT],0x0000e82e99ef27f4
248248.0,3749336,python,[JIT],0x0000e82e99ef2b3c
248248.0,3749336,python,python,_Py_VectorCall_StackRefSteal
248248.0,3749336,python,[JIT],0x0000e82e995fdab0
248248.0,3749336,python,[JIT],0x0000e82e99e47e3c
248248.0,3749463,python,[JIT],0x0000e07d3f00e910
248248.0,3749463,python,[JIT],0x0000e07d3f0949a8
248248.0,3749463,python,[JIT],0x0000e07d3f099eb0
248248.0,3749463,python,[JIT],0x0000e07d3f09d0ac
248248.0,3749463,python,[JIT],0x0000e07d3f0d2210
248248.0,3749463,python,[JIT],0x0000e07d3f0d3270
248248.0,3749463,python,[JIT],0x0000e07d3f9314b8
248248.0,3749463,python,[JIT],0x0000e07d3f933a40
248248.0,3749463,python,[JIT],0x0000e07d3f9347f8
248248.0,3749463,python,[JIT],0x0000e07d3f93bb4c
248248.0,3749463,python,[JIT],0x0000e07d3f93d138
248248.0,3749463,python,[JIT],0x0000e07d3f9e3a60
248247.0,3749208,python,[JIT],0x0000e7243bf74004
248247.0,3749208,python,[JIT],0x0000e7243bfb9cf8
248247.0,3749208,python,[JIT],0x0000e7243c4ee2e0
248247.0,3749208,python,[JIT],0x0000e7243c80536c
248247.0,3749208,python,[JIT],0x0000e7243c805628
248247.0,3749208,python,[JIT],0x0000e7243c80736c
248247.0,3749208,python,[JIT],0x0000e7243c8b4464
248247.0,3749586,python,[JIT],0x0000f45d964e117c
248247.0,3749586,python,[JIT],0x0000f45d965753e0
248247.0,3749586,python,[JIT],0x0000f45d9657956c
248247.0,3749586,python,[JIT],0x0000f45d9657b8bc
248247.0,3749586,python,[JIT],0x0000f45d965b117c
248247.0,3749586,python,[JIT],0x0000f45d96af2624
248247.0,3749586,python,[JIT],0x0000f45d96dde198
248247.0,3749586,python,[JIT],0x0000f45d96dde238
248247.0,3749586,python,[JIT],0x0000f45d96ddea40
248247.0,3749586,python,[JIT],0x0000f45d96e16150
248247.0,3749586,python,[JIT],0x0000f45d96e1d178
248247.0,3749586,python,[JIT],0x0000f45d96ec1840
248247.0,3749586,python,[JIT],0x0000f45d96ec2ebc
248247.0,3749240,python,[JIT],0x0000ee2d4d2be8cc
248247.0,3749240,python,[JIT],0x0000ee2d4ca52538
248247.0,3749240,python,[JIT],0x0000ee2d4ca52e60
248247.0,3749240,python,[JIT],0x0000ee2d4ca594ec
248247.0,3749240,python,[JIT],0x0000ee2d4d0f1034
248247.0,3749240,python,[JIT],0x0000ee2d4d2f1db0
248247.0,3749240,python,[JIT],0x0000ee2d4d2f9008
248247.0,3749240,python,[JIT],0x0000ee2d4d2f91d0
248247.0,3749240,python,[JIT],0x0000ee2d4d2fd978
248247.0,3749383,python,[JIT],0x0000ef595c1f2170
248247.0,3749543,python,python,PyMember_SetOne
248247.0,3749543,python,[kernel.kallsyms],jbd2__journal_start
248247.0,3749543,python,[JIT],0x0000f0a3d18f6a78
248247.0,3749543,python,[JIT],0x0000f0a3d190e49c
248247.0,3749543,python,[JIT],0x0000f0a3d1935170
248247.0,3749543,python,[JIT],0x0000f0a3d1935608
248247.0,3749543,python,[JIT],0x0000f0a3d1936674
248247.0,3749543,python,[JIT],0x0000f0a3d1979304
248247.0,3749543,python,[JIT],0x0000f0a3d1cd3d6c
248247.0,3749543,python,[JIT],0x0000f0a3d1cd507c
248247.0,3749543,python,[JIT],0x0000f0a3d1cd5360
248247.0,3749543,python,[JIT],0x0000f0a3d1cd98d0
248247.0,3749543,python,[JIT],0x0000f0a3d1cdb660
248247.0,3749543,python,[JIT],0x0000f0a3d1d81560
248247.0,3749543,python,[JIT],0x0000f0a3d1d8cf24
248247.0,3749336,python,[JIT],0x0000e82e995584b4
248247.0,3749336,python,[JIT],0x0000e82e9958f32c
248247.0,3749336,python,[JIT],0x0000e82e995b1610
248247.0,3749336,python,[JIT],0x0000e82e995f6544
248247.0,3749336,python,[JIT],0x0000e82e995f71b0
248247.0,3749336,python,[JIT],0x0000e82e99e41198
248247.0,3749336,python,[JIT],0x0000e82e99e47bcc
248247.0,3749336,python,[JIT],0x0000e82e99e4a7cc
248247.0,3749336,python,[JIT],0x0000e82e99e4a9bc
248247.0,3749336,python,[JIT],0x0000e82e99e4afb0
248247.0,3749336,python,[JIT],0x0000e82e99ef405c
248247.0,3749336,python,[JIT],0x0000e82e99ef57b0
248247.0,3749336,python,[JIT],0x0000e82e99ef58c8
248247.0,3749336,python,[JIT],0x0000e82e99ef67d4
248247.0,3749543,python,[JIT],0x0000f0a3d1cdc32c
248247.0,3749463,python,[JIT],0x0000e07d3f6fc45c
248247.0,3749463,python,[JIT],0x0000e07d3f9358e8
248247.0,3749463,python,python,list_length
248247.0,3749463,python,[JIT],0x0000e07d3efdcf40
248247.0,3749463,python,[JIT],0x0000e07d3f069398
248247.0,3749463,python,[JIT],0x0000e07d3f09f1ec
248247.0,3749463,python,[JIT],0x0000e07d3f0d2868
248247.0,3749463,python,[JIT],0x0000e07d3f6f5d18
248247.0,3749463,python,[JIT],0x0000e07d3f6f83c4
248247.0,3749463,python,[JIT],0x0000e07d3f6f8e4c
248247.0,3749463,python,[JIT],0x0000e07d3f8fe56c
248247.0,3749463,python,[JIT],0x0000e07d3f933ab4
248247.0,3749463,python,[JIT],0x0000e07d3f93b464
248247.0,3749463,python,[JIT],0x0000e07d3f9e40d0
248247.0,3749463,python,[JIT],0x0000e07d3f9e56dc
248246.0,3749208,python,[JIT],0x0000e7243bf12314
248246.0,3749208,python,[JIT],0x0000e7243bf16110
248246.0,3749208,python,[JIT],0x0000e7243bf47148
248246.0,3749208,python,[JIT],0x0000e7243bf76190
248246.0,3749208,python,[JIT],0x0000e7243c7ce550
248246.0,3749208,python,[JIT],0x0000e7243c8020c0
248246.0,3749208,python,[JIT],0x0000e7243c807c50
248246.0,3749208,python,[JIT],0x0000e7243c8080cc
248246.0,3749208,python,[JIT],0x0000e7243c80b0e0
248246.0,3749208,python,[JIT],0x0000e7243c80ce38
248246.0,3749208,python,[JIT],0x0000e7243c8b3c54
248246.0,3749208,python,[JIT],0x0000e7243c8b3e30
248246.0,3749208,python,[JIT],0x0000e7243c8b4550
248246.0,3749208,python,[JIT],0x0000e7243c8b4750
248246.0,3749586,python,[JIT],0x0000f45d9657c580
248246.0,3749586,python,[JIT],0x0000f45d96af10f0
248246.0,3749586,python,[JIT],0x0000f45d96af2780
248246.0,3749586,python,[JIT],0x0000f45d96af984c
248246.0,3749586,python,[JIT],0x0000f45d96afb278
248246.0,3749586,python,[JIT],0x0000f45d96dde4f8
248246.0,3749586,python,[JIT],0x0000f45d96ddece8
248246.0,3749586,python,[JIT],0x0000f45d96e15778
248246.0,3749586,python,[JIT],0x0000f45d96e186d0
248246.0,3749586,python,[JIT],0x0000f45d96e1cb2c
248246.0,3749586,python,[JIT],0x0000f45d96e1dadc
248246.0,3749586,python,[JIT],0x0000f45d96ec1684
248246.0,3749586,python,python,_PyObject_MakeTpCall
248246.0,3749240,python,[JIT],0x0000ee2d4d0f22bc
248246.0,3749240,python,[JIT],0x0000ee2d4d0f9028
248246.0,3749240,python,[JIT],0x0000ee2d4d0fc1e8
248246.0,3749240,python,[JIT],0x0000ee2d4d2fc38c
248246.0,3749240,python,[JIT],0x0000ee2d4d2fcd64
248246.0,3749240,python,[JIT],0x0000ee2d4d3a10bc
248246.0,3749543,python,[JIT],0x0000f0a3d13f2550
248246.0,3749543,python,[JIT],0x0000f0a3d1cd9c30
248246.0,3749543,python,[JIT],0x0000f0a3d1d8a17c
248246.0,3749543,python,[JIT],0x0000f0a3d1d8c530
248246.0,3749336,python,[JIT],0x0000e82e995b13d8
248246.0,3749336,python,[JIT],0x0000e82e995b7cc4
248246.0,3749336,python,[JIT],0x0000e82e995b8ce0
248246.0,3749336,python,[JIT],0x0000e82e995fd2e8
248246.0,3749336,python,[JIT],0x0000e82e995fe394
248246.0,3749336,python,[JIT],0x0000e82e99e41abc
248246.0,3749336,python,[JIT],0x0000e82e99e49424
248246.0,3749336,python,[JIT],0x0000e82e99ef25e4
248246.0,3749336,python,[JIT],0x0000e82e99ef41a8
248246.0,3749336,python,[JIT],0x0000e82e99ef9028
248246.0,3749463,python,python,slot_tp_richcompare
248246.0,3749463,python,[kernel.kallsyms],_raw_spin_unlock_irq
248246.0,3749463,python,[JIT],0x0000e07d3f09c790
248246.0,3749463,python,[JIT],0x0000e07d3f9332e0
248246.0,3749463,python,[JIT],0x0000e07d3f9336ec
248246.0,3749463,python,[JIT],0x0000e07d3f933c20
248246.0,3749463,python,[JIT],0x0000e07d3f933e40
248246.0,3749463,python,[JIT],0x0000e07d3f9e1efc
248245.0,3749208,python,[JIT],0x0000e7243bf49b10
248245.0,3749208,python,[JIT],0x0000e7243bf4c6b8
248245.0,3749208,python,[JIT],0x0000e7243bfb3cd8
248245.0,3749208,python,[JIT],0x0000e7243bfbd2c0
248245.0,3749208,python,[JIT],0x0000e7243c80139c
248245.0,3749208,python,[JIT],0x0000e7243c80c428
248245.0,3749208,python,[JIT],0x0000e7243c8b1798
248245.0,3749208,python,[JIT],0x0000e7243c8b4b60
248245.0,3749208,python,[JIT],0x0000e7243c8b82c8
248245.0,3749586,python,[JIT],0x0000f45d96544fe4
248245.0,3749586,python,[JIT],0x0000f45d96579f14
248245.0,3749586,python,[JIT],0x0000f45d9657b51c
248245.0,3749586,python,[JIT],0x0000f45d9657b614
248245.0,3749586,python,[JIT],0x0000f45d9657b804
248245.0,3749586,python,[JIT],0x0000f45d965b37d0
248245.0,3749586,python,[JIT],0x0000f45d96af2840
248245.0,3749586,python,[JIT],0x0000f45d96af98e4
248245.0,3749586,python,[JIT],0x0000f45d96af98e8
248245.0,3749586,python,[JIT],0x0000f45d96afbb0c
248245.0,3749586,python,[JIT],0x0000f45d96dde53c
248245.0,3749586,python,[JIT],0x0000f45d96e11ebc
248245.0,3749586,python,[JIT],0x0000f45d96e17040
248245.0,3749586,python,[JIT],0x0000f45d96e1b1bc
248245.0,3749586,python,[JIT],0x0000f45d96e1cbec
248245.0,3749586,python,[JIT],0x0000f45d96ec14f0
248245.0,3749586,python,[JIT],0x0000f45d96ec157c
248245.0,3749586,python,[JIT],0x0000f45d96ec342c
248245.0,3749586,python,[JIT],0x0000f45d96ec3498
248245.0,3749240,python,python,_Py_uop_sym_get_probable_func_code
248245.0,3749240,python,[JIT],0x0000ee2d4ca5d5b0
248245.0,3749240,python,[JIT],0x0000ee2d4d0fc4bc
248245.0,3749240,python,[JIT],0x0000ee2d4d0ff38c
248245.0,3749240,python,[JIT],0x0000ee2d4d2beb94
248245.0,3749240,python,[JIT],0x0000ee2d4d2f10c0
248245.0,3749240,python,[JIT],0x0000ee2d4d2f1110
248245.0,3749240,python,[JIT],0x0000ee2d4d2fd090
248245.0,3749240,python,[JIT],0x0000ee2d4d2fd564
248245.0,3749383,python,[JIT],0x0000ef595c14b1cc
248245.0,3749543,python,python,emit__CALL_ISINSTANCE_r31
248245.0,3749543,python,[JIT],0x0000f0a3d190cc9c
248245.0,3749543,python,[JIT],0x0000f0a3d190e70c
248245.0,3749543,python,[JIT],0x0000f0a3d1936e48
248245.0,3749543,python,[JIT],0x0000f0a3d19799f4
248245.0,3749543,python,[JIT],0x0000f0a3d197b668
248245.0,3749543,python,[JIT],0x0000f0a3d1cd3004
248245.0,3749543,python,[JIT],0x0000f0a3d1cd5004
248245.0,3749543,python,[JIT],0x0000f0a3d1cd94a8
248245.0,3749543,python,[JIT],0x0000f0a3d1cd9cac
248245.0,3749543,python,[JIT],0x0000f0a3d1cdb3c8
248245.0,3749543,python,[JIT],0x0000f0a3d1d81230
248245.0,3749543,python,[JIT],0x0000f0a3d1d841e4
248245.0,3749543,python,[JIT],0x0000f0a3d1d88218
248245.0,3749543,python,[JIT],0x0000f0a3d1d8b0a4
248245.0,3749543,python,[JIT],0x0000f0a3d1d8d624
248245.0,3749336,python,[JIT],0x0000e82e994ce02c
248245.0,3749336,python,[JIT],0x0000e82e995210d0
248245.0,3749336,python,[JIT],0x0000e82e9952e378
248245.0,3749336,python,[JIT],0x0000e82e995b1c70
248245.0,3749336,python,[JIT],0x0000e82e995b7190
248245.0,3749336,python,[JIT],0x0000e82e995fd8b4
248245.0,3749336,python,[JIT],0x0000e82e99e0f6d8
248245.0,3749336,python,[JIT],0x0000e82e99e41134
248245.0,3749336,python,[JIT],0x0000e82e99e473a8
248245.0,3749336,python,[JIT],0x0000e82e99ef2490
248245.0,3749336,python,[JIT],0x0000e82e99ef586c
248245.0,3749336,python,[JIT],0x0000e82e99ef6164
248245.0,3749463,python,[JIT],0x0000e07d3f936764
248245.0,3749336,python,[JIT],0x0000e82e99e41180
248245.0,3749463,python,[kernel.kallsyms],handle_softirqs
248245.0,3749463,python,[JIT],0x0000e07d3f031038
248245.0,3749463,python,[JIT],0x0000e07d3f09114c
248245.0,3749463,python,[JIT],0x0000e07d3f093004
248245.0,3749463,python,[JIT],0x0000e07d3f096594
248245.0,3749463,python,[JIT],0x0000e07d3f0993f8
248245.0,3749463,python,[JIT],0x0000e07d3f09c9a0
248245.0,3749463,python,[JIT],0x0000e07d3f6f5684
248245.0,3749463,python,[JIT],0x0000e07d3f6fc4d8
248245.0,3749463,python,[JIT],0x0000e07d3f9338ec
248245.0,3749463,python,[JIT],0x0000e07d3f933f0c
248245.0,3749463,python,[JIT],0x0000e07d3f935038
248245.0,3749463,python,[JIT],0x0000e07d3f936d94
248245.0,3749463,python,[JIT],0x0000e07d3f936e5c
248245.0,3749463,python,[JIT],0x0000e07d3f93d30c
248245.0,3749463,python,[JIT],0x0000e07d3f93f034
248245.0,3749463,python,[JIT],0x0000e07d3f9e26a0
248245.0,3749463,python,[JIT],0x0000e07d3f9e2ab4
248245.0,3749463,python,[JIT],0x0000e07d3f9e6cdc
248244.0,3749208,python,[kernel.kallsyms],mt_find
248244.0,3749208,python,[JIT],0x0000e7243bf49ca4
248244.0,3749208,python,[JIT],0x0000e7243bf49dc0
248244.0,3749208,python,[JIT],0x0000e7243bf49e94
248244.0,3749208,python,[JIT],0x0000e7243bf4c1e0
248244.0,3749208,python,[JIT],0x0000e7243bf74f18
248244.0,3749208,python,[JIT],0x0000e7243bf75ca4
248244.0,3749208,python,[JIT],0x0000e7243bfb9148
248244.0,3749208,python,[JIT],0x0000e7243bfba450
248244.0,3749208,python,[JIT],0x0000e7243c801230
248244.0,3749208,python,[JIT],0x0000e7243c805cd8
248244.0,3749208,python,[JIT],0x0000e7243c807c04
248244.0,3749208,python,[JIT],0x0000e7243c80b1dc
248244.0,3749208,python,[JIT],0x0000e7243c80e498
248244.0,3749208,python,[JIT],0x0000e7243c8b3f2c
248244.0,3749208,python,[JIT],0x0000e7243c8bb464
248244.0,3749586,python,[JIT],0x0000f45d96514aec
248244.0,3749586,python,[JIT],0x0000f45d965b30ec
248244.0,3749586,python,[JIT],0x0000f45d965ba518
248244.0,3749586,python,[JIT],0x0000f45d96aed6fc
248244.0,3749586,python,[JIT],0x0000f45d96af9240
248244.0,3749586,python,[JIT],0x0000f45d96ddee58
248244.0,3749586,python,[JIT],0x0000f45d96e11efc
248244.0,3749586,python,[JIT],0x0000f45d96e12618
248244.0,3749586,python,[JIT],0x0000f45d96e1641c
248244.0,3749586,python,[JIT],0x0000f45d96e1e9cc
248244.0,3749240,python,[JIT],0x0000ee2d4c9c9128
248244.0,3749240,python,[JIT],0x0000ee2d4c9f7144
248244.0,3749240,python,[JIT],0x0000ee2d4ca511d0
248244.0,3749240,python,[JIT],0x0000ee2d4ca59f14
248244.0,3749240,python,[JIT],0x0000ee2d4ca5bf4c
248244.0,3749240,python,[JIT],0x0000ee2d4ca5c648
248244.0,3749240,python,[JIT],0x0000ee2d4ca93720
248244.0,3749240,python,[JIT],0x0000ee2d4d0f2a28
248244.0,3749240,python,[JIT],0x0000ee2d4d0f334c
248244.0,3749240,python,[JIT],0x0000ee2d4d0f3854
248244.0,3749240,python,[JIT],0x0000ee2d4d0fa18c
248244.0,3749240,python,[JIT],0x0000ee2d4d0fc498
248244.0,3749240,python,[JIT],0x0000ee2d4d0fd160
248244.0,3749240,python,[JIT],0x0000ee2d4d0fd188
248244.0,3749240,python,[JIT],0x0000ee2d4d2f13c0
248244.0,3749240,python,[JIT],0x0000ee2d4d2f9290
248244.0,3749240,python,[JIT],0x0000ee2d4d2f92c4
248244.0,3749240,python,[JIT],0x0000ee2d4d2fc480
248244.0,3749240,python,[JIT],0x0000ee2d4d2ff18c
248244.0,3749240,python,[JIT],0x0000ee2d4d3a5724
248244.0,3749383,python,[JIT],0x0000ef595b8ff630
248244.0,3749543,python,python,_Py_BuiltinCallFastWithKeywords_StackRef
248244.0,3749543,python,[JIT],0x0000f0a3d190cde0
248244.0,3749543,python,[JIT],0x0000f0a3d190e0f0
248244.0,3749543,python,[JIT],0x0000f0a3d190e7f8
248244.0,3749543,python,[JIT],0x0000f0a3d197805c
248244.0,3749543,python,[JIT],0x0000f0a3d1978570
248244.0,3749543,python,[JIT],0x0000f0a3d1c9f210
248244.0,3749543,python,[JIT],0x0000f0a3d1cd33c4
248244.0,3749543,python,[JIT],0x0000f0a3d1cd99bc
248244.0,3749543,python,[JIT],0x0000f0a3d1cd9e7c
248244.0,3749543,python,[JIT],0x0000f0a3d1cdc2b4
248244.0,3749543,python,[JIT],0x0000f0a3d1d820f4
248244.0,3749543,python,[JIT],0x0000f0a3d1d87478
248244.0,3749543,python,[JIT],0x0000f0a3d1d87d40
248244.0,3749543,python,[JIT],0x0000f0a3d1d8c850
248244.0,3749336,python,[JIT],0x0000e82e99587308
248244.0,3749336,python,[JIT],0x0000e82e995b8c78
248244.0,3749336,python,[JIT],0x0000e82e995b9624
248244.0,3749336,python,[JIT],0x0000e82e995ba0f8
248244.0,3749336,python,[JIT],0x0000e82e99e432d8
248244.0,3749336,python,[JIT],0x0000e82e99e46028
248244.0,3749336,python,[JIT],0x0000e82e99e47458
248244.0,3749336,python,[JIT],0x0000e82e99ef206c
248244.0,3749336,python,[JIT],0x0000e82e99ef214c
248244.0,3749336,python,[JIT],0x0000e82e99ef22b8
248244.0,3749336,python,[JIT],0x0000e82e99ef6aac
248244.0,3749336,python,[JIT],0x0000e82e99ef936c
248244.0,3749336,python,[JIT],0x0000e82e99efd118
248244.0,3749336,python,[JIT],0x0000e82e99efd168
248244.0,3749463,python,[JIT],0x0000e07d3f6f65f0
248244.0,3749463,python,[JIT],0x0000e07d3f0326f0
248244.0,3749463,python,[JIT],0x0000e07d3f065058
248244.0,3749463,python,[JIT],0x0000e07d3f09e734
248244.0,3749463,python,[JIT],0x0000e07d3f0d236c
248244.0,3749463,python,[JIT],0x0000e07d3f6ebd54
248244.0,3749463,python,[JIT],0x0000e07d3f6f5eb0
248244.0,3749463,python,[JIT],0x0000e07d3f6f6160
248244.0,3749463,python,[JIT],0x0000e07d3f6fc24c
248244.0,3749463,python,[JIT],0x0000e07d3f6fdaa4
248244.0,3749463,python,[JIT],0x0000e07d3f9333a8
248244.0,3749463,python,[JIT],0x0000e07d3f9335c8
248244.0,3749463,python,[JIT],0x0000e07d3f935778
248244.0,3749463,python,[JIT],0x0000e07d3f935c7c
248244.0,3749463,python,[JIT],0x0000e07d3f9362c0
248244.0,3749463,python,[JIT],0x0000e07d3f93b834
248244.0,3749463,python,[JIT],0x0000e07d3f93db3c
248244.0,3749463,python,[JIT],0x0000e07d3f93f05c
248244.0,3749463,python,[JIT],0x0000e07d3f9e1398
248244.0,3749463,python,[JIT],0x0000e07d3f9e5150
248244.0,3749463,python,[JIT],0x0000e07d3f9e6ee8
248243.0,3749208,python,[JIT],0x0000e7243bf4e7b4
248243.0,3749208,python,[JIT],0x0000e7243bf7e4fc
248243.0,3749208,python,[JIT],0x0000e7243bfb9b18
248243.0,3749208,python,[JIT],0x0000e7243bfba378
248243.0,3749208,python,[JIT],0x0000e7243bfbd170
248243.0,3749208,python,[JIT],0x0000e7243c7ce140
248243.0,3749208,python,[JIT],0x0000e7243c801390
248243.0,3749208,python,[JIT],0x0000e7243c80503c
248243.0,3749208,python,[JIT],0x0000e7243c807af4
248243.0,3749208,python,[JIT],0x0000e7243c80cc90
248243.0,3749208,python,[JIT],0x0000e7243c8b3a6c
248243.0,3749586,python,[JIT],0x0000f45d964e10f0
248243.0,3749586,python,[JIT],0x0000f45d965170fc
248243.0,3749586,python,[JIT],0x0000f45d9657119c
248243.0,3749586,python,[JIT],0x0000f45d96572830
248243.0,3749586,python,[JIT],0x0000f45d965b13fc
248243.0,3749586,python,[JIT],0x0000f45d965b381c
248243.0,3749586,python,[JIT],0x0000f45d96e11084
248243.0,3749586,python,[JIT],0x0000f45d96e19834
248243.0,3749586,python,[JIT],0x0000f45d96e1d9d0
248243.0,3749586,python,[JIT],0x0000f45d96ec2844
248243.0,3749586,python,[JIT],0x0000f45d96e1c0c4
248243.0,3749240,python,[JIT],0x0000ee2d4d0faa74
248243.0,3749240,python,python,_Py_uop_analyze_and_optimize
248243.0,3749240,python,[JIT],0x0000ee2d4c9c13d0
248243.0,3749240,python,[JIT],0x0000ee2d4c9ce9f4
248243.0,3749240,python,[JIT],0x0000ee2d4d0f3a3c
248243.0,3749240,python,[JIT],0x0000ee2d4d0fac34
248243.0,3749240,python,[JIT],0x0000ee2d4d0fc4c0
248243.0,3749240,python,[JIT],0x0000ee2d4d0ff02c
248243.0,3749240,python,[JIT],0x0000ee2d4d2be470
248243.0,3749240,python,[JIT],0x0000ee2d4d2bee0c
248243.0,3749240,python,[JIT],0x0000ee2d4d2f75a4
248243.0,3749240,python,[JIT],0x0000ee2d4d2f9340
248243.0,3749240,python,[JIT],0x0000ee2d4d3a1550
248243.0,3749543,python,[JIT],0x0000f0a3d1935434
248243.0,3749543,python,[JIT],0x0000f0a3d1935470
248243.0,3749543,python,[JIT],0x0000f0a3d193874c
248243.0,3749543,python,[JIT],0x0000f0a3d1cd22ec
248243.0,3749543,python,[JIT],0x0000f0a3d1cdbefc
248243.0,3749543,python,[JIT],0x0000f0a3d1d84264
248243.0,3749543,python,[JIT],0x0000f0a3d1d86188
248243.0,3749543,python,[JIT],0x0000f0a3d1d871dc
248243.0,3749336,python,[JIT],0x0000e82e99528024
248243.0,3749336,python,[JIT],0x0000e82e9958959c
248243.0,3749336,python,[JIT],0x0000e82e995b1068
248243.0,3749336,python,[JIT],0x0000e82e995f6d40
248243.0,3749336,python,[JIT],0x0000e82e995fd2b4
248243.0,3749336,python,[JIT],0x0000e82e99e42018
248243.0,3749336,python,[JIT],0x0000e82e99e47914
248243.0,3749336,python,[JIT],0x0000e82e99e47d90
248243.0,3749336,python,[JIT],0x0000e82e99ef10d0
248243.0,3749336,python,[JIT],0x0000e82e99ef5738
248243.0,3749336,python,[JIT],0x0000e82e99ef6078
248243.0,3749336,python,[JIT],0x0000e82e99ef6720
248243.0,3749543,python,python,gen_iternext
248243.0,3749543,python,[JIT],0x0000f0a3d1cd52f0
248243.0,3749543,python,[JIT],0x0000f0a3d1d820fc
248243.0,3749463,python,[JIT],0x0000e07d3f6fc1e8
248243.0,3749463,python,[JIT],0x0000e07d3f939080
248243.0,3749463,python,[JIT],0x0000e07d3f032078
248243.0,3749463,python,[JIT],0x0000e07d3f099f2c
248243.0,3749463,python,[JIT],0x0000e07d3f09c10c
248243.0,3749463,python,[JIT],0x0000e07d3f0d6c70
248243.0,3749463,python,[JIT],0x0000e07d3f6f547c
248243.0,3749463,python,[JIT],0x0000e07d3f6f6498
248243.0,3749463,python,[JIT],0x0000e07d3f6fc31c
248243.0,3749463,python,[JIT],0x0000e07d3f6fd0d4
248243.0,3749463,python,[JIT],0x0000e07d3f6fd67c
248243.0,3749463,python,[JIT],0x0000e07d3f9366b0
248243.0,3749463,python,[JIT],0x0000e07d3f936f8c
248243.0,3749463,python,[JIT],0x0000e07d3f93f138
248243.0,3749463,python,[JIT],0x0000e07d3f9e1d58
248242.0,3749208,python,python,dequeiter_next
248242.0,3749208,python,[kernel.kallsyms],vma_alloc_folio
248242.0,3749208,python,[JIT],0x0000e7243bf16220
248242.0,3749208,python,[JIT],0x0000e7243bf47b98
248242.0,3749208,python,[JIT],0x0000e7243bf4eaa4
248242.0,3749208,python,[JIT],0x0000e7243bf72608
248242.0,3749208,python,[JIT],0x0000e7243bf769ac
248242.0,3749208,python,[JIT],0x0000e7243bfb4964
248242.0,3749208,python,[JIT],0x0000e7243bfbd018
248242.0,3749208,python,[JIT],0x0000e7243c4ee1f0
248242.0,3749208,python,[JIT],0x0000e7243c80b274
248242.0,3749208,python,[JIT],0x0000e7243c8b3144
248242.0,3749208,python,[JIT],0x0000e7243c8b3260
248242.0,3749208,python,[JIT],0x0000e7243c8b8d50
248242.0,3749586,python,[JIT],0x0000f45d9654e888
248242.0,3749586,python,[JIT],0x0000f45d96af9d7c
248242.0,3749586,python,[JIT],0x0000f45d96e11008
248242.0,3749586,python,[JIT],0x0000f45d96e11abc
248242.0,3749586,python,[JIT],0x0000f45d96e1b124
248242.0,3749586,python,[JIT],0x0000f45d96e1cf18
248242.0,3749586,python,[JIT],0x0000f45d96e1d2c4
248242.0,3749586,python,[JIT],0x0000f45d96af8420
248242.0,3749240,python,[JIT],0x0000ee2d4ca211f4
248242.0,3749240,python,[JIT],0x0000ee2d4ca52580
248242.0,3749240,python,[JIT],0x0000ee2d4ca52a20
248242.0,3749240,python,[JIT],0x0000ee2d4ca53864
248242.0,3749240,python,[JIT],0x0000ee2d4ca91560
248242.0,3749240,python,[JIT],0x0000ee2d4d0eb940
248242.0,3749240,python,[JIT],0x0000ee2d4d0f31cc
248242.0,3749240,python,[JIT],0x0000ee2d4d0f3274
248242.0,3749240,python,[JIT],0x0000ee2d4d0fc540
248242.0,3749240,python,[JIT],0x0000ee2d4d2be568
248242.0,3749240,python,[JIT],0x0000ee2d4d2be7b8
248242.0,3749240,python,[JIT],0x0000ee2d4d2f1000
248242.0,3749240,python,[JIT],0x0000ee2d4d2f1260
248242.0,3749240,python,[JIT],0x0000ee2d4d2f1704
248242.0,3749240,python,[JIT],0x0000ee2d4d2f18dc
248242.0,3749240,python,[JIT],0x0000ee2d4d2f2130
248242.0,3749240,python,[JIT],0x0000ee2d4d2f27c0
248242.0,3749240,python,[JIT],0x0000ee2d4d2fccd0
248242.0,3749240,python,[JIT],0x0000ee2d4d2fdba0
248242.0,3749240,python,[JIT],0x0000ee2d4d3a2514
248242.0,3749240,python,[JIT],0x0000ee2d4d3d1108
248242.0,3749383,python,[JIT],0x0000ef595c142004
248242.0,3749543,python,[JIT],0x0000f0a3d19015e0
248242.0,3749543,python,[JIT],0x0000f0a3d190c284
248242.0,3749543,python,[JIT],0x0000f0a3d190c6ac
248242.0,3749543,python,[JIT],0x0000f0a3d1935a4c
248242.0,3749543,python,[JIT],0x0000f0a3d1972194
248242.0,3749543,python,[JIT],0x0000f0a3d1973014
248242.0,3749543,python,[JIT],0x0000f0a3d1978dd4
248242.0,3749543,python,[JIT],0x0000f0a3d1cd23f0
248242.0,3749543,python,[JIT],0x0000f0a3d1cde260
248242.0,3749543,python,[JIT],0x0000f0a3d1d8706c
248242.0,3749543,python,[JIT],0x0000f0a3d1d87b9c
248242.0,3749543,python,[JIT],0x0000f0a3d1d8955c
248242.0,3749543,python,[JIT],0x0000f0a3d1d8c63c
248242.0,3749543,python,[JIT],0x0000f0a3d1d8c8a8
248242.0,3749336,python,[JIT],0x0000e82e994f84c8
248242.0,3749336,python,[JIT],0x0000e82e9955bd54
248242.0,3749336,python,[JIT],0x0000e82e99587b70
248242.0,3749336,python,[JIT],0x0000e82e995fe63c
248242.0,3749336,python,[JIT],0x0000e82e99ef657c
248242.0,3749336,python,[JIT],0x0000e82e99ef6644
248242.0,3749543,python,[JIT],0x0000f0a3d1d87254
248242.0,3749463,python,[JIT],0x0000e07d3f93b25c
248242.0,3749463,python,[JIT],0x0000e07d3f9e1fb4
248242.0,3749336,python,libc.so.6,memcmp
248242.0,3749336,python,[JIT],0x0000e82e99ef912c
248242.0,3749463,python,[JIT],0x0000e07d3f09a324
248242.0,3749463,python,[JIT],0x0000e07d3f0d40a4
248242.0,3749463,python,[JIT],0x0000e07d3f6f5f5c
248242.0,3749463,python,[JIT],0x0000e07d3f6f694c
248242.0,3749463,python,[JIT],0x0000e07d3f8fe08c
248242.0,3749463,python,[JIT],0x0000e07d3f933458
248242.0,3749463,python,[JIT],0x0000e07d3f9e39d0
248242.0,3749463,python,[JIT],0x0000e07d3f9e50ac
248242.0,3749463,python,[JIT],0x0000e07d3f9e6850
248242.0,3749463,python,[JIT],0x0000e07d3f9e6b1c
248241.0,3749208,python,[JIT],0x0000e7243bf16448
248241.0,3749208,python,[JIT],0x0000e7243bf441bc
248241.0,3749208,python,[JIT],0x0000e7243bf49b54
248241.0,3749208,python,[JIT],0x0000e7243bf49df4
248241.0,3749208,python,[JIT],0x0000e7243bf74dc4
248241.0,3749208,python,[JIT],0x0000e7243bfb9a40
248241.0,3749208,python,[JIT],0x0000e7243c4ec384
248241.0,3749208,python,[JIT],0x0000e7243c7ce988
248241.0,3749208,python,[JIT],0x0000e7243c805ae4
248241.0,3749208,python,[JIT],0x0000e7243c8082b0
248241.0,3749208,python,[JIT],0x0000e7243c808cb0
248241.0,3749208,python,[JIT],0x0000e7243c808f64
248241.0,3749208,python,[JIT],0x0000e7243c80c260
248241.0,3749208,python,[JIT],0x0000e7243c80c2e0
248241.0,3749208,python,[JIT],0x0000e7243c8b3a64
248241.0,3749586,python,[JIT],0x0000f45d9654e360
248241.0,3749586,python,[JIT],0x0000f45d9657de54
248241.0,3749586,python,[JIT],0x0000f45d96af90ac
248241.0,3749586,python,[JIT],0x0000f45d96af93c8
248241.0,3749586,python,[JIT],0x0000f45d96af9ad4
248241.0,3749586,python,[JIT],0x0000f45d96afc180
248241.0,3749586,python,[JIT],0x0000f45d96afe0b0
248241.0,3749586,python,[JIT],0x0000f45d96dde18c
248241.0,3749586,python,[JIT],0x0000f45d96dde1f0
248241.0,3749586,python,[JIT],0x0000f45d96e1123c
248241.0,3749586,python,[JIT],0x0000f45d96e131dc
248241.0,3749586,python,[JIT],0x0000f45d96e1706c
248241.0,3749586,python,[JIT],0x0000f45d96e1c068
248241.0,3749586,python,[JIT],0x0000f45d96e1d188
248241.0,3749586,python,[JIT],0x0000f45d96afe0a8
248241.0,3749240,python,[kernel.kallsyms],mas_rev_awalk
248241.0,3749240,python,[JIT],0x0000ee2d4ca21104
248241.0,3749240,python,[JIT],0x0000ee2d4ca5615c
248241.0,3749240,python,[JIT],0x0000ee2d4ca91738
248241.0,3749240,python,[JIT],0x0000ee2d4ca939c0
248241.0,3749240,python,[JIT],0x0000ee2d4d0f914c
248241.0,3749240,python,[JIT],0x0000ee2d4d2be5c4
248241.0,3749240,python,[JIT],0x0000ee2d4d2be7a4
248241.0,3749240,python,[JIT],0x0000ee2d4d2f1254
248241.0,3749240,python,[JIT],0x0000ee2d4d2fc704
248241.0,3749240,python,[JIT],0x0000ee2d4d2fd6a4
248241.0,3749240,python,[JIT],0x0000ee2d4d2fd7d0
248241.0,3749240,python,[JIT],0x0000ee2d4d2ff20c
248241.0,3749240,python,[JIT],0x0000ee2d4d3d1014
248241.0,3749383,python,[JIT],0x0000ef595c14db84
248241.0,3749543,python,[JIT],0x0000f0a3d13fc130
248241.0,3749543,python,[JIT],0x0000f0a3d1974f0c
248241.0,3749543,python,[JIT],0x0000f0a3d1978b48
248241.0,3749543,python,[JIT],0x0000f0a3d1cd36d0
248241.0,3749543,python,[JIT],0x0000f0a3d1d8b550
248241.0,3749336,python,[kernel.kallsyms],percpu_ref_get_many
248241.0,3749336,python,[JIT],0x0000e82e994fd000
248241.0,3749336,python,[JIT],0x0000e82e995b1608
248241.0,3749336,python,[JIT],0x0000e82e995b1f8c
248241.0,3749336,python,[JIT],0x0000e82e995b3898
248241.0,3749336,python,[JIT],0x0000e82e995b77dc
248241.0,3749336,python,[JIT],0x0000e82e995fdb78
248241.0,3749336,python,[JIT],0x0000e82e99e0f2ac
248241.0,3749336,python,[JIT],0x0000e82e99e4102c
248241.0,3749336,python,[JIT],0x0000e82e99e419f0
248241.0,3749336,python,[JIT],0x0000e82e99e41ba0
248241.0,3749336,python,[JIT],0x0000e82e99e476a4
248241.0,3749336,python,[JIT],0x0000e82e99e4c250
248241.0,3749336,python,[JIT],0x0000e82e99e4f714
248241.0,3749336,python,[JIT],0x0000e82e99ef5090
248241.0,3749336,python,[JIT],0x0000e82e99ef5dac
248241.0,3749336,python,[JIT],0x0000e82e99ef9080
248241.0,3749336,python,[JIT],0x0000e82e99efa184
248241.0,3749543,python,[JIT],0x0000f0a3d1d84478
248241.0,3749463,python,python,emit__RETURN_VALUE_r11
248241.0,3749463,python,[JIT],0x0000e07d3f0630ac
248241.0,3749463,python,[JIT],0x0000e07d3f09c9f0
248241.0,3749463,python,[JIT],0x0000e07d3f0d22f0
248241.0,3749463,python,[JIT],0x0000e07d3f0d4eec
248241.0,3749463,python,[JIT],0x0000e07d3f6fc5d4
248241.0,3749463,python,[JIT],0x0000e07d3f6fd280
248241.0,3749463,python,[JIT],0x0000e07d3f933470
248241.0,3749463,python,[JIT],0x0000e07d3f935e20
248241.0,3749463,python,[JIT],0x0000e07d3f939038
248241.0,3749463,python,[JIT],0x0000e07d3f93b84c
248241.0,3749463,python,[JIT],0x0000e07d3f9e1f2c
248240.0,3749208,python,[JIT],0x0000e7243bee55f8
248240.0,3749208,python,[JIT],0x0000e7243bf4e5f4
248240.0,3749208,python,[JIT],0x0000e7243bf4f210
248240.0,3749208,python,[JIT],0x0000e7243c80280c
248240.0,3749208,python,[JIT],0x0000e7243c805e10
248240.0,3749208,python,[JIT],0x0000e7243c8086f8
248240.0,3749208,python,[JIT],0x0000e7243c8b8640
248240.0,3749586,python,[JIT],0x0000f45d96575030
248240.0,3749586,python,[JIT],0x0000f45d9657d6f4
248240.0,3749586,python,[JIT],0x0000f45d965ba480
248240.0,3749586,python,[JIT],0x0000f45d96af15e0
248240.0,3749586,python,[JIT],0x0000f45d96af1b14
248240.0,3749586,python,[JIT],0x0000f45d96afb4e0
248240.0,3749586,python,[JIT],0x0000f45d96afb508
248240.0,3749586,python,[JIT],0x0000f45d96dde40c
248240.0,3749586,python,[JIT],0x0000f45d96dde4e4
248240.0,3749586,python,[JIT],0x0000f45d96dde9c8
248240.0,3749586,python,[JIT],0x0000f45d96e193cc
248240.0,3749586,python,[JIT],0x0000f45d96e19800
248240.0,3749586,python,[JIT],0x0000f45d96ec16b8
248240.0,3749586,python,[JIT],0x0000f45d96ec2204
248240.0,3749586,python,[JIT],0x0000f45d96af13b4
248240.0,3749240,python,[kernel.kallsyms],schedule_debug.isra.0
248240.0,3749240,python,[JIT],0x0000ee2d4d0f24bc
248240.0,3749240,python,[JIT],0x0000ee2d4d0f253c
248240.0,3749240,python,[JIT],0x0000ee2d4d0fda9c
248240.0,3749240,python,[JIT],0x0000ee2d4d2bec18
248240.0,3749240,python,[JIT],0x0000ee2d4d2f94e8
248240.0,3749240,python,[JIT],0x0000ee2d4d2fc040
248240.0,3749240,python,[JIT],0x0000ee2d4d2fc1d8
248240.0,3749240,python,[JIT],0x0000ee2d4d3a1374
248240.0,3749240,python,[JIT],0x0000ee2d4d3a14d8
248240.0,3749240,python,[JIT],0x0000ee2d4d3a153c
248240.0,3749240,python,[JIT],0x0000ee2d4d3a16a4
248240.0,3749383,python,python,_PyFunction_SetVersion
248240.0,3749383,python,[JIT],0x0000ef595beeb068
248240.0,3749543,python,[JIT],0x0000f0a3d1cd206c
248240.0,3749543,python,[JIT],0x0000f0a3d1cd33d0
248240.0,3749543,python,[JIT],0x0000f0a3d1cd3bc8
248240.0,3749543,python,[JIT],0x0000f0a3d1cd9cbc
248240.0,3749543,python,[JIT],0x0000f0a3d1cd9ef4
248240.0,3749543,python,[JIT],0x0000f0a3d1d8468c
248240.0,3749543,python,[JIT],0x0000f0a3d1d86040
248240.0,3749543,python,[JIT],0x0000f0a3d1d861b0
248240.0,3749543,python,[JIT],0x0000f0a3d1d87a7c
248240.0,3749543,python,[JIT],0x0000f0a3d1d8b334
248240.0,3749336,python,[JIT],0x0000e82e995821a8
248240.0,3749336,python,[JIT],0x0000e82e995b99f0
248240.0,3749336,python,[JIT],0x0000e82e995f7524
248240.0,3749336,python,[JIT],0x0000e82e99e43468
248240.0,3749336,python,[JIT],0x0000e82e99efa19c
248240.0,3749336,python,[JIT],0x0000e82e99f2901c
248240.0,3749463,python,python,_Py_dict_lookup_threadsafe_stackref
248240.0,3749463,python,[JIT],0x0000e07d3f93b0b8
248240.0,3749463,python,python,_PyEval_SliceIndex
248240.0,3749463,python,[kernel.kallsyms],__rcu_read_lock
248240.0,3749463,python,[JIT],0x0000e07d3efd52a4
248240.0,3749463,python,[JIT],0x0000e07d3efd7050
248240.0,3749463,python,[JIT],0x0000e07d3f09c584
248240.0,3749463,python,[JIT],0x0000e07d3f0d64f0
248240.0,3749463,python,[JIT],0x0000e07d3f0da1d4
248240.0,3749463,python,[JIT],0x0000e07d3f6f4334
248240.0,3749463,python,[JIT],0x0000e07d3f6f5838
248240.0,3749463,python,[JIT],0x0000e07d3f6fd54c
248240.0,3749463,python,[JIT],0x0000e07d3f931514
248240.0,3749463,python,[JIT],0x0000e07d3f9367dc
248240.0,3749463,python,[JIT],0x0000e07d3f93b34c
248240.0,3749463,python,[JIT],0x0000e07d3f93d088
248240.0,3749463,python,[JIT],0x0000e07d3f9e1c5c
248240.0,3749463,python,[JIT],0x0000e07d3f9e2adc
248240.0,3749463,python,[JIT],0x0000e07d3f9e57a4
248239.0,3749208,python,[JIT],0x0000e7243be8e6a4
248239.0,3749208,python,[JIT],0x0000e7243bf7dfa0
248239.0,3749208,python,[JIT],0x0000e7243bfba16c
248239.0,3749208,python,[JIT],0x0000e7243c4ee360
248239.0,3749208,python,[JIT],0x0000e7243c801314
248239.0,3749208,python,[JIT],0x0000e7243c801514
248239.0,3749208,python,[JIT],0x0000e7243c8053a8
248239.0,3749208,python,[JIT],0x0000e7243c805e60
248239.0,3749208,python,[JIT],0x0000e7243c807380
248239.0,3749208,python,[JIT],0x0000e7243c808a3c
248239.0,3749208,python,[JIT],0x0000e7243c80e278
248239.0,3749208,python,[JIT],0x0000e7243c8b1288
248239.0,3749208,python,[JIT],0x0000e7243c8b3294
248239.0,3749208,python,[JIT],0x0000e7243c8b3680
248239.0,3749208,python,[JIT],0x0000e7243c8b85c8
248239.0,3749586,python,[JIT],0x0000f45d96575e5c
248239.0,3749586,python,[JIT],0x0000f45d96579068
248239.0,3749586,python,[JIT],0x0000f45d9657d2b8
248239.0,3749586,python,[JIT],0x0000f45d96af043c
248239.0,3749586,python,[JIT],0x0000f45d96af19d4
248239.0,3749586,python,[JIT],0x0000f45d96afc0cc
248239.0,3749586,python,[JIT],0x0000f45d96dde718
248239.0,3749586,python,[JIT],0x0000f45d96e1c1b4
248239.0,3749586,python,[JIT],0x0000f45d96e1c7d4
248239.0,3749586,python,[JIT],0x0000f45d96e1d904
248239.0,3749240,python,[JIT],0x0000ee2d4ca5c5cc
248239.0,3749240,python,[JIT],0x0000ee2d4d0fc62c
248239.0,3749240,python,[JIT],0x0000ee2d4d0fd3ec
248239.0,3749240,python,[JIT],0x0000ee2d4d2be308
248239.0,3749240,python,[JIT],0x0000ee2d4d2be404
248239.0,3749240,python,[JIT],0x0000ee2d4d2f13c4
248239.0,3749240,python,[JIT],0x0000ee2d4d2f2598
248239.0,3749240,python,[JIT],0x0000ee2d4d2f76a4
248239.0,3749240,python,[JIT],0x0000ee2d4d2f7d20
248239.0,3749240,python,[JIT],0x0000ee2d4d2fcbd0
248239.0,3749383,python,[JIT],0x0000ef595c145294
248239.0,3749543,python,[JIT],0x0000f0a3d1936ddc
248239.0,3749543,python,[JIT],0x0000f0a3d1972a80
248239.0,3749543,python,[JIT],0x0000f0a3d1cd9cfc
248239.0,3749543,python,[JIT],0x0000f0a3d1d84584
248239.0,3749543,python,[JIT],0x0000f0a3d1d87e9c
248239.0,3749543,python,[JIT],0x0000f0a3d1d8867c
248239.0,3749543,python,[JIT],0x0000f0a3d1d8f034
248239.0,3749336,python,[kernel.kallsyms],__task_pid_nr_ns
248239.0,3749336,python,python,emit__DEOPT_r00
248239.0,3749336,python,[JIT],0x0000e82e9958786c
248239.0,3749336,python,[JIT],0x0000e82e995b74d4
248239.0,3749336,python,[JIT],0x0000e82e99e47a48
248239.0,3749336,python,[JIT],0x0000e82e99e47c38
248239.0,3749336,python,[JIT],0x0000e82e99e4e5c0
248239.0,3749336,python,[JIT],0x0000e82e99ef6030
248239.0,3749336,python,[JIT],0x0000e82e99efae44
248239.0,3749543,python,[JIT],0x0000f0a3d1cd9004
248239.0,3749543,python,[JIT],0x0000f0a3d1d8c268
248239.0,3749463,python,python,_PyDict_FromItems
248239.0,3749463,python,python,dict_get
248239.0,3749463,python,[JIT],0x0000e07d3f0940b4
248239.0,3749463,python,[JIT],0x0000e07d3f09c5ac
248239.0,3749463,python,[JIT],0x0000e07d3f09c978
248239.0,3749463,python,[JIT],0x0000e07d3f0d23e4
248239.0,3749463,python,[JIT],0x0000e07d3f0d5cbc
248239.0,3749463,python,[JIT],0x0000e07d3f6f6144
248239.0,3749463,python,[JIT],0x0000e07d3f6fc02c
248239.0,3749463,python,[JIT],0x0000e07d3f6fde44
248239.0,3749463,python,[JIT],0x0000e07d3f93204c
248239.0,3749463,python,[JIT],0x0000e07d3f932140
248239.0,3749463,python,[JIT],0x0000e07d3f9337bc
248239.0,3749463,python,[JIT],0x0000e07d3f936508
248239.0,3749463,python,[JIT],0x0000e07d3f9e1140
248239.0,3749463,python,[JIT],0x0000e07d3f9e5754
248238.0,3749208,python,[JIT],0x0000e7243bee520c
248238.0,3749208,python,[JIT],0x0000e7243bf11ae0
248238.0,3749208,python,[JIT],0x0000e7243bf14160
248238.0,3749208,python,[JIT],0x0000e7243bf7419c
248238.0,3749208,python,[JIT],0x0000e7243bf76eb4
248238.0,3749208,python,[JIT],0x0000e7243bfb9f8c
248238.0,3749208,python,[JIT],0x0000e7243c4ec210
248238.0,3749208,python,[JIT],0x0000e7243c4ee24c
248238.0,3749208,python,[JIT],0x0000e7243c805954
248238.0,3749208,python,[JIT],0x0000e7243c808608
248238.0,3749208,python,[JIT],0x0000e7243c80c92c
248238.0,3749208,python,[JIT],0x0000e7243c8b2158
248238.0,3749208,python,[JIT],0x0000e7243c8b333c
248238.0,3749208,python,[JIT],0x0000e7243c8b41e0
248238.0,3749208,python,[JIT],0x0000e7243c8b4204
248238.0,3749208,python,[JIT],0x0000e7243c8b4858
248238.0,3749208,python,[JIT],0x0000e7243c8bb058
248238.0,3749586,python,python,set_richcompare
248238.0,3749586,python,[JIT],0x0000f45d965181fc
248238.0,3749586,python,[JIT],0x0000f45d9654e588
248238.0,3749586,python,[JIT],0x0000f45d96579980
248238.0,3749586,python,[JIT],0x0000f45d9657c598
248238.0,3749586,python,[JIT],0x0000f45d965b10fc
248238.0,3749586,python,[JIT],0x0000f45d965b1140
248238.0,3749586,python,[JIT],0x0000f45d96af3780
248238.0,3749586,python,[JIT],0x0000f45d96af8218
248238.0,3749586,python,[JIT],0x0000f45d96dde214
248238.0,3749586,python,[JIT],0x0000f45d96ddeb34
248238.0,3749586,python,[JIT],0x0000f45d96ddeb64
248238.0,3749586,python,[JIT],0x0000f45d96e115c8
248238.0,3749586,python,[JIT],0x0000f45d96e129dc
248238.0,3749586,python,[JIT],0x0000f45d96e160e8
248238.0,3749586,python,[JIT],0x0000f45d96e1c350
248238.0,3749586,python,[JIT],0x0000f45d96e1cd34
248238.0,3749586,python,python,_PyList_Extend
248238.0,3749240,python,libc.so.6,_int_free
248238.0,3749240,python,[JIT],0x0000ee2d4c9c91a0
248238.0,3749240,python,[JIT],0x0000ee2d4ca512f4
248238.0,3749240,python,[JIT],0x0000ee2d4ca5b008
248238.0,3749240,python,[JIT],0x0000ee2d4d0f4780
248238.0,3749240,python,[JIT],0x0000ee2d4d0f57f0
248238.0,3749240,python,[JIT],0x0000ee2d4d0faf58
248238.0,3749240,python,[JIT],0x0000ee2d4d0ff290
248238.0,3749240,python,[JIT],0x0000ee2d4d2be8e0
248238.0,3749240,python,[JIT],0x0000ee2d4d2beb6c
248238.0,3749240,python,[JIT],0x0000ee2d4d2bebbc
248238.0,3749240,python,[JIT],0x0000ee2d4d2bec64
248238.0,3749240,python,[JIT],0x0000ee2d4d2f22a4
248238.0,3749240,python,[JIT],0x0000ee2d4d2f6384
248238.0,3749240,python,[JIT],0x0000ee2d4d2f7e28
248238.0,3749240,python,[JIT],0x0000ee2d4d2f98b8
248238.0,3749240,python,[JIT],0x0000ee2d4d2fc824
248238.0,3749240,python,[JIT],0x0000ee2d4d2ff3d8
248238.0,3749240,python,[JIT],0x0000ee2d4d3a16b8
248238.0,3749240,python,[JIT],0x0000ee2d4d3a174c
248238.0,3749383,python,[JIT],0x0000ef595c1f1008
248238.0,3749543,python,python,_PyEvalFramePushAndInit_Ex
248238.0,3749543,python,[JIT],0x0000f0a3d13fb30c
248238.0,3749543,python,[JIT],0x0000f0a3d193121c
248238.0,3749543,python,[JIT],0x0000f0a3d1935c34
248238.0,3749543,python,[JIT],0x0000f0a3d1978da8
248238.0,3749543,python,[JIT],0x0000f0a3d1cd6828
248238.0,3749543,python,[JIT],0x0000f0a3d1d861b4
248238.0,3749543,python,[JIT],0x0000f0a3d1d88234
248238.0,3749336,python,[JIT],0x0000e82e99589a68
248238.0,3749336,python,[JIT],0x0000e82e995b1a64
248238.0,3749336,python,[JIT],0x0000e82e995b39e8
248238.0,3749336,python,[JIT],0x0000e82e995b5484
248238.0,3749336,python,[JIT],0x0000e82e995b7cb8
248238.0,3749336,python,[JIT],0x0000e82e995b9f2c
248238.0,3749336,python,[JIT],0x0000e82e995f11b0
248238.0,3749336,python,[JIT],0x0000e82e995f39a0
248238.0,3749336,python,[JIT],0x0000e82e995fd278
248238.0,3749336,python,[JIT],0x0000e82e99e4109c
248238.0,3749336,python,[JIT],0x0000e82e99e4758c
248238.0,3749336,python,[JIT],0x0000e82e99e47b6c
248238.0,3749336,python,[JIT],0x0000e82e99ef21c8
248238.0,3749336,python,[JIT],0x0000e82e99ef544c
248238.0,3749543,python,[JIT],0x0000f0a3d1d81604
248238.0,3749463,python,[JIT],0x0000e07d3f0991cc
248238.0,3749463,python,[JIT],0x0000e07d3f0d4180
248238.0,3749463,python,[JIT],0x0000e07d3f6f5b40
248238.0,3749463,python,[JIT],0x0000e07d3f6f6770
248238.0,3749463,python,[JIT],0x0000e07d3f931090
248238.0,3749463,python,[JIT],0x0000e07d3f933098
248238.0,3749463,python,[JIT],0x0000e07d3f933344
248238.0,3749463,python,[JIT],0x0000e07d3f9334a8
248238.0,3749463,python,[JIT],0x0000e07d3f93384c
248238.0,3749463,python,[JIT],0x0000e07d3f9e40d8
248238.0,3749463,python,[JIT],0x0000e07d3f9e538c
248237.0,3749208,python,[JIT],0x0000e7243beb2304
248237.0,3749208,python,[JIT],0x0000e7243bf12248
248237.0,3749208,python,[JIT],0x0000e7243bf1765c
248237.0,3749208,python,[JIT],0x0000e7243bf49318
248237.0,3749208,python,[JIT],0x0000e7243bf4e048
248237.0,3749208,python,[JIT],0x0000e7243bf4e1f4
248237.0,3749208,python,[JIT],0x0000e7243bf7238c
248237.0,3749208,python,[JIT],0x0000e7243bf79144
248237.0,3749208,python,[JIT],0x0000e7243bfb3038
248237.0,3749208,python,[JIT],0x0000e7243bfb5498
248237.0,3749208,python,[JIT],0x0000e7243bfb5538
248237.0,3749208,python,[JIT],0x0000e7243bfb9418
248237.0,3749208,python,[JIT],0x0000e7243c8028f4
248237.0,3749208,python,[JIT],0x0000e7243c8b202c
248237.0,3749208,python,[JIT],0x0000e7243c8b338c
248237.0,3749208,python,[JIT],0x0000e7243c8b379c
248237.0,3749208,python,[JIT],0x0000e7243c8b4a30
248237.0,3749208,python,[JIT],0x0000e7243c8b7290
248237.0,3749586,python,python,builtin_callable
248237.0,3749586,python,[JIT],0x0000f45d96579690
248237.0,3749586,python,[JIT],0x0000f45d96579714
248237.0,3749586,python,[JIT],0x0000f45d9657d394
248237.0,3749586,python,[JIT],0x0000f45d96af22e4
248237.0,3749586,python,[JIT],0x0000f45d96af2570
248237.0,3749586,python,[JIT],0x0000f45d96af94c8
248237.0,3749586,python,[JIT],0x0000f45d96af9bf0
248237.0,3749586,python,[JIT],0x0000f45d96e12e60
248237.0,3749240,python,[JIT],0x0000ee2d4d0f80e4
248237.0,3749240,python,[JIT],0x0000ee2d4c99c5d8
248237.0,3749240,python,[JIT],0x0000ee2d4c9f26f8
248237.0,3749240,python,[JIT],0x0000ee2d4ca59b68
248237.0,3749240,python,[JIT],0x0000ee2d4ca5c918
248237.0,3749240,python,[JIT],0x0000ee2d4ca91350
248237.0,3749240,python,[JIT],0x0000ee2d4ca939b0
248237.0,3749240,python,[JIT],0x0000ee2d4d0ec1e8
248237.0,3749240,python,[JIT],0x0000ee2d4d0f3364
248237.0,3749240,python,[JIT],0x0000ee2d4d0f3578
248237.0,3749240,python,[JIT],0x0000ee2d4d0f9514
248237.0,3749240,python,[JIT],0x0000ee2d4d0faa74
248237.0,3749240,python,[JIT],0x0000ee2d4d2f18c4
248237.0,3749240,python,[JIT],0x0000ee2d4d2f2b68
248237.0,3749240,python,[JIT],0x0000ee2d4d3a2c48
248237.0,3749383,python,libc.so.6,memcmp
248237.0,3749543,python,[JIT],0x0000f0a3d13f22b4
248237.0,3749543,python,[JIT],0x0000f0a3d1934ae8
248237.0,3749543,python,[JIT],0x0000f0a3d1974968
248237.0,3749543,python,[JIT],0x0000f0a3d1974b40
248237.0,3749543,python,[JIT],0x0000f0a3d1cd3550
248237.0,3749543,python,[JIT],0x0000f0a3d1cd5434
248237.0,3749543,python,[JIT],0x0000f0a3d1d87150
248237.0,3749336,python,[JIT],0x0000e82e99527ad4
248237.0,3749336,python,[JIT],0x0000e82e995b3a00
248237.0,3749336,python,[JIT],0x0000e82e995b8418
248237.0,3749336,python,[JIT],0x0000e82e995b9d14
248237.0,3749336,python,[JIT],0x0000e82e995fe8e4
248237.0,3749336,python,[JIT],0x0000e82e99aebb60
248237.0,3749336,python,[JIT],0x0000e82e99e430cc
248237.0,3749336,python,[JIT],0x0000e82e99e4ee90
248237.0,3749336,python,[JIT],0x0000e82e99ef1320
248237.0,3749336,python,[JIT],0x0000e82e99ef616c
248237.0,3749336,python,[JIT],0x0000e82e99efd57c
248237.0,3749543,python,[JIT],0x0000f0a3d1cd9604
248237.0,3749463,python,[JIT],0x0000e07d3f933038
248237.0,3749463,python,[JIT],0x0000e07d3f9350b0
248237.0,3749463,python,[JIT],0x0000e07d3f09c3d0
248237.0,3749463,python,[JIT],0x0000e07d3f09e5c8
248237.0,3749463,python,[JIT],0x0000e07d3f0d5444
248237.0,3749463,python,[JIT],0x0000e07d3f0d5688
248237.0,3749463,python,[JIT],0x0000e07d3f6fda5c
248237.0,3749463,python,[JIT],0x0000e07d3f931004
248237.0,3749463,python,[JIT],0x0000e07d3f9310cc
248237.0,3749463,python,[JIT],0x0000e07d3f933004
248237.0,3749463,python,[JIT],0x0000e07d3f933e1c
248237.0,3749463,python,[JIT],0x0000e07d3f93512c
248237.0,3749463,python,[JIT],0x0000e07d3f93d5a0
248237.0,3749463,python,[JIT],0x0000e07d3f9e1f20
248237.0,3749463,python,[JIT],0x0000e07d3f9e5df0
248236.0,3749208,python,[JIT],0x0000e7243bf11d78
248236.0,3749208,python,[JIT],0x0000e7243bf4ce84
248236.0,3749208,python,[JIT],0x0000e7243bf75d88
248236.0,3749208,python,[JIT],0x0000e7243bfb9f48
248236.0,3749208,python,[JIT],0x0000e7243c7ceab8
248236.0,3749208,python,[JIT],0x0000e7243c80155c
248236.0,3749208,python,[JIT],0x0000e7243c805390
248236.0,3749208,python,[JIT],0x0000e7243c805684
248236.0,3749208,python,[JIT],0x0000e7243c80cb34
248236.0,3749208,python,[JIT],0x0000e7243c8b3b44
248236.0,3749208,python,[JIT],0x0000e7243c8b3c68
248236.0,3749208,python,[JIT],0x0000e7243c8b3cc0
248236.0,3749208,python,[JIT],0x0000e7243c8b725c
248236.0,3749208,python,[JIT],0x0000e7243c8b9fec
248236.0,3749586,python,python,memset@plt
248236.0,3749586,python,[JIT],0x0000f45d9657c918
248236.0,3749586,python,[JIT],0x0000f45d96af1128
248236.0,3749586,python,[JIT],0x0000f45d96af136c
248236.0,3749586,python,[JIT],0x0000f45d96af450c
248236.0,3749586,python,[JIT],0x0000f45d96dde634
248236.0,3749586,python,[JIT],0x0000f45d96e113cc
248236.0,3749586,python,[JIT],0x0000f45d96e1c824
248236.0,3749240,python,[JIT],0x0000ee2d4ca594d4
248236.0,3749240,python,[JIT],0x0000ee2d4ca5c4d0
248236.0,3749240,python,[JIT],0x0000ee2d4ca9129c
248236.0,3749240,python,[JIT],0x0000ee2d4ca9167c
248236.0,3749240,python,[JIT],0x0000ee2d4d0f2814
248236.0,3749240,python,[JIT],0x0000ee2d4d0fa224
248236.0,3749240,python,[JIT],0x0000ee2d4d0fd8bc
248236.0,3749240,python,[JIT],0x0000ee2d4d3a17d0
248236.0,3749383,python,python,_PyStaticType_GetState
248236.0,3749543,python,[JIT],0x0000f0a3d18f78d8
248236.0,3749543,python,[JIT],0x0000f0a3d18fc300
248236.0,3749543,python,[JIT],0x0000f0a3d1934ed8
248236.0,3749543,python,[JIT],0x0000f0a3d19795d0
248236.0,3749543,python,[JIT],0x0000f0a3d1cd96a4
248236.0,3749543,python,[JIT],0x0000f0a3d1cdc61c
248236.0,3749336,python,python,_PyObject_LookupSpecial
248236.0,3749336,python,[JIT],0x0000e82e9958729c
248236.0,3749336,python,[JIT],0x0000e82e995b5750
248236.0,3749336,python,[JIT],0x0000e82e995b80c4
248236.0,3749336,python,[JIT],0x0000e82e995b9270
248236.0,3749336,python,[JIT],0x0000e82e995b96a4
248236.0,3749336,python,[JIT],0x0000e82e99e41168
248236.0,3749336,python,[JIT],0x0000e82e99ef219c
248236.0,3749336,python,[JIT],0x0000e82e99ef28c0
248236.0,3749336,python,[JIT],0x0000e82e99efc234
248236.0,3749336,python,[JIT],0x0000e82e99f25030
248236.0,3749336,python,[JIT],0x0000e82e99e0f0bc
248236.0,3749336,python,[JIT],0x0000e82e99efab2c
248236.0,3749463,python,[JIT],0x0000e07d3f06517c
248236.0,3749463,python,[JIT],0x0000e07d3f0d5f3c
248236.0,3749463,python,[JIT],0x0000e07d3f6ef9fc
248236.0,3749463,python,[JIT],0x0000e07d3f6fd634
248236.0,3749463,python,[JIT],0x0000e07d3f932124
248236.0,3749463,python,[JIT],0x0000e07d3f93371c
248236.0,3749463,python,[JIT],0x0000e07d3f93d0fc
248236.0,3749463,python,[JIT],0x0000e07d3f9e2520
248236.0,3749463,python,[JIT],0x0000e07d3f9e6d10
248235.0,3749208,python,[JIT],0x0000e7243bd87d48
248235.0,3749208,python,[JIT],0x0000e7243bee50d0
248235.0,3749208,python,[JIT],0x0000e7243bf759a8
248235.0,3749208,python,[JIT],0x0000e7243bf760cc
248235.0,3749208,python,[JIT],0x0000e7243bf7e25c
248235.0,3749208,python,[JIT],0x0000e7243bfb9e74
248235.0,3749208,python,[JIT],0x0000e7243c4ee02c
248235.0,3749208,python,[JIT],0x0000e7243c7ce328
248235.0,3749208,python,[JIT],0x0000e7243c8041c8
248235.0,3749208,python,[JIT],0x0000e7243c80c0f8
248235.0,3749208,python,[JIT],0x0000e7243c80c980
248235.0,3749208,python,[JIT],0x0000e7243c8b1028
248235.0,3749208,python,[JIT],0x0000e7243c8b38b4
248235.0,3749586,python,[JIT],0x0000f45d9657619c
248235.0,3749586,python,[JIT],0x0000f45d96579d8c
248235.0,3749586,python,[JIT],0x0000f45d96af2374
248235.0,3749586,python,[JIT],0x0000f45d96af8044
248235.0,3749586,python,[JIT],0x0000f45d96afb5a0
248235.0,3749586,python,[JIT],0x0000f45d96afc790
248235.0,3749586,python,[JIT],0x0000f45d96e154ac
248235.0,3749586,python,[JIT],0x0000f45d96e190ec
248235.0,3749586,python,[JIT],0x0000f45d96e1c8c8
248235.0,3749586,python,[JIT],0x0000f45d96ec212c
248235.0,3749586,python,[JIT],0x0000f45d96e1915c
248235.0,3749240,python,[JIT],0x0000ee2d4d2f7948
248235.0,3749240,python,[JIT],0x0000ee2d4d2fc7b4
248235.0,3749240,python,[JIT],0x0000ee2d4ca2963c
248235.0,3749240,python,[JIT],0x0000ee2d4ca5a0b8
248235.0,3749240,python,[JIT],0x0000ee2d4ca5b5bc
248235.0,3749240,python,[JIT],0x0000ee2d4ca5b90c
248235.0,3749240,python,[JIT],0x0000ee2d4ca5dddc
248235.0,3749240,python,[JIT],0x0000ee2d4d0f2924
248235.0,3749240,python,[JIT],0x0000ee2d4d0fc140
248235.0,3749240,python,[JIT],0x0000ee2d4d0fd51c
248235.0,3749240,python,[JIT],0x0000ee2d4d0fd7a8
248235.0,3749240,python,[JIT],0x0000ee2d4d2f29d8
248235.0,3749240,python,[JIT],0x0000ee2d4d2f7b2c
248235.0,3749240,python,[JIT],0x0000ee2d4d2fd850
248235.0,3749543,python,python,allocate_from_new_pool
248235.0,3749543,python,[JIT],0x0000f0a3d13c7f5c
248235.0,3749543,python,[JIT],0x0000f0a3d190c63c
248235.0,3749543,python,[JIT],0x0000f0a3d19784d0
248235.0,3749543,python,[JIT],0x0000f0a3d197b0dc
248235.0,3749543,python,[JIT],0x0000f0a3d1cd2544
248235.0,3749543,python,[JIT],0x0000f0a3d1cd623c
248235.0,3749543,python,[JIT],0x0000f0a3d1cd63ac
248235.0,3749543,python,[JIT],0x0000f0a3d1cd932c
248235.0,3749543,python,[JIT],0x0000f0a3d1cd96f0
248235.0,3749543,python,[JIT],0x0000f0a3d1cdbe58
248235.0,3749543,python,[JIT],0x0000f0a3d1d87204
248235.0,3749543,python,[JIT],0x0000f0a3d1d87950
248235.0,3749543,python,[JIT],0x0000f0a3d1d87ea4
248235.0,3749543,python,[JIT],0x0000f0a3d1d899c0
248235.0,3749336,python,python,_PyCompactLong_Add
248235.0,3749336,python,[kernel.kallsyms],__output_copy
248235.0,3749336,python,[JIT],0x0000e82e9952d4fc
248235.0,3749336,python,[JIT],0x0000e82e995b1fbc
248235.0,3749336,python,[JIT],0x0000e82e995b59b8
248235.0,3749336,python,[JIT],0x0000e82e99e473dc
248235.0,3749336,python,[JIT],0x0000e82e99e4742c
248235.0,3749336,python,[JIT],0x0000e82e99ef5318
248235.0,3749336,python,[JIT],0x0000e82e99ef9224
248235.0,3749463,python,[JIT],0x0000e07d3f935dd8
248235.0,3749463,python,[JIT],0x0000e07d3f09a1f4
248235.0,3749463,python,[JIT],0x0000e07d3f09d14c
248235.0,3749463,python,[JIT],0x0000e07d3f09d328
248235.0,3749463,python,[JIT],0x0000e07d3f09e310
248235.0,3749463,python,[JIT],0x0000e07d3f0d6bd4
248235.0,3749463,python,[JIT],0x0000e07d3f6f817c
248235.0,3749463,python,[JIT],0x0000e07d3f6fd064
248235.0,3749463,python,[JIT],0x0000e07d3f6fd0f4
248235.0,3749463,python,[JIT],0x0000e07d3f6fd604
248235.0,3749463,python,[JIT],0x0000e07d3f93333c
248235.0,3749463,python,[JIT],0x0000e07d3f933480
248235.0,3749463,python,[JIT],0x0000e07d3f936938
248235.0,3749463,python,[JIT],0x0000e07d3f93d2fc
248235.0,3749463,python,[JIT],0x0000e07d3f9e11d8
248235.0,3749463,python,[JIT],0x0000e07d3f9e61b8
248234.0,3749208,python,[JIT],0x0000e7243bebe354
248234.0,3749208,python,[JIT],0x0000e7243bee5c00
248234.0,3749208,python,[JIT],0x0000e7243bf744d4
248234.0,3749208,python,[JIT],0x0000e7243bf7e304
248234.0,3749208,python,[JIT],0x0000e7243bfb4014
248234.0,3749208,python,[JIT],0x0000e7243bfb9538
248234.0,3749208,python,[JIT],0x0000e7243bfb96a4
248234.0,3749208,python,[JIT],0x0000e7243bfb9a44
248234.0,3749208,python,[JIT],0x0000e7243bfba384
248234.0,3749208,python,[JIT],0x0000e7243bfba88c
248234.0,3749208,python,[JIT],0x0000e7243bfbb7e0
248234.0,3749208,python,[JIT],0x0000e7243c4ee620
248234.0,3749208,python,[JIT],0x0000e7243c7ce118
248234.0,3749208,python,[JIT],0x0000e7243c801094
248234.0,3749208,python,[JIT],0x0000e7243c8013a8
248234.0,3749208,python,[JIT],0x0000e7243c80550c
248234.0,3749208,python,[JIT],0x0000e7243c805a9c
248234.0,3749208,python,[JIT],0x0000e7243c8b2080
248234.0,3749208,python,[JIT],0x0000e7243c8b3458
248234.0,3749208,python,[JIT],0x0000e7243c8b7538
248234.0,3749208,python,[JIT],0x0000e7243c8b7dec
248234.0,3749586,python,[JIT],0x0000f45d96512250
248234.0,3749586,python,[JIT],0x0000f45d965177f0
248234.0,3749586,python,[JIT],0x0000f45d965793cc
248234.0,3749586,python,[JIT],0x0000f45d9657bf6c
248234.0,3749586,python,[JIT],0x0000f45d965ba7fc
248234.0,3749586,python,[JIT],0x0000f45d96dde504
248234.0,3749586,python,[JIT],0x0000f45d96e12388
248234.0,3749586,python,[JIT],0x0000f45d96e1922c
248234.0,3749586,python,[JIT],0x0000f45d96e19ae8
248234.0,3749586,python,[JIT],0x0000f45d96e1c3c0
248234.0,3749586,python,[JIT],0x0000f45d96e1dad4
248234.0,3749586,python,[JIT],0x0000f45d96ec1538
248234.0,3749586,python,[JIT],0x0000f45d96ec1888
248234.0,3749586,python,[JIT],0x0000f45d96ec2948
248234.0,3749586,python,python,slot_tp_richcompare
248234.0,3749586,python,[JIT],0x0000f45d96e11a08
248234.0,3749240,python,[JIT],0x0000ee2d4d3a12d4
248234.0,3749240,python,[JIT],0x0000ee2d4ca2e148
248234.0,3749240,python,[JIT],0x0000ee2d4ca5a03c
248234.0,3749240,python,[JIT],0x0000ee2d4ca5c480
248234.0,3749240,python,[JIT],0x0000ee2d4ca93898
248234.0,3749240,python,[JIT],0x0000ee2d4ca96284
248234.0,3749240,python,[JIT],0x0000ee2d4d2be25c
248234.0,3749240,python,[JIT],0x0000ee2d4d2f1f58
248234.0,3749240,python,[JIT],0x0000ee2d4d2f7a84
248234.0,3749240,python,[JIT],0x0000ee2d4d2fc07c
248234.0,3749383,python,python,_PyOptimizer_Optimize
248234.0,3749543,python,[JIT],0x0000f0a3d1978b8c
248234.0,3749543,python,[JIT],0x0000f0a3d1cd36f4
248234.0,3749543,python,[JIT],0x0000f0a3d1cd54e8
248234.0,3749543,python,[JIT],0x0000f0a3d1cd64dc
248234.0,3749543,python,[JIT],0x0000f0a3d1cd913c
248234.0,3749543,python,[JIT],0x0000f0a3d1d81134
248234.0,3749543,python,[JIT],0x0000f0a3d1d87c00
248234.0,3749336,python,[JIT],0x0000e82e994f9f20
248234.0,3749336,python,[JIT],0x0000e82e9952d6d4
248234.0,3749336,python,[JIT],0x0000e82e9952dcf0
248234.0,3749336,python,[JIT],0x0000e82e99558a48
248234.0,3749336,python,[JIT],0x0000e82e99e440d8
248234.0,3749336,python,[JIT],0x0000e82e99ef557c
248234.0,3749543,python,[JIT],0x0000f0a3d1cd504c
248234.0,3749543,python,[JIT],0x0000f0a3d1d84474
248234.0,3749543,python,[JIT],0x0000f0a3d1d8b0cc
248234.0,3749463,python,[JIT],0x0000e07d3f93b34c
248234.0,3749463,python,[JIT],0x0000e07d3f099530
248234.0,3749463,python,[JIT],0x0000e07d3f099df4
248234.0,3749463,python,[JIT],0x0000e07d3f09c74c
248234.0,3749463,python,[JIT],0x0000e07d3f09c850
248234.0,3749463,python,[JIT],0x0000e07d3f0d6708
248234.0,3749463,python,[JIT],0x0000e07d3f6f0674
248234.0,3749463,python,[JIT],0x0000e07d3f6f84e8
248234.0,3749463,python,[JIT],0x0000e07d3f9333e0
248234.0,3749463,python,[JIT],0x0000e07d3f933694
248234.0,3749463,python,[JIT],0x0000e07d3f933748
248234.0,3749463,python,[JIT],0x0000e07d3f933c48
248234.0,3749463,python,[JIT],0x0000e07d3f93570c
248234.0,3749463,python,[JIT],0x0000e07d3f93d264
248234.0,3749463,python,[JIT],0x0000e07d3f93d348
248234.0,3749463,python,[JIT],0x0000e07d3f9e12dc
248234.0,3749463,python,[JIT],0x0000e07d3f9e54dc
248233.0,3749208,python,[JIT],0x0000e7243bf49e08
248233.0,3749208,python,[JIT],0x0000e7243bf742f8
248233.0,3749208,python,[JIT],0x0000e7243bfb94c8
248233.0,3749208,python,[JIT],0x0000e7243bfb9b70
248233.0,3749208,python,[JIT],0x0000e7243c805034
248233.0,3749208,python,[JIT],0x0000e7243c805c90
248233.0,3749208,python,[JIT],0x0000e7243c805cd4
248233.0,3749208,python,[JIT],0x0000e7243c80702c
248233.0,3749208,python,[JIT],0x0000e7243c807c44
248233.0,3749208,python,[JIT],0x0000e7243c8b312c
248233.0,3749208,python,[JIT],0x0000e7243c8b3d70
248233.0,3749586,python,[JIT],0x0000f45d964b1880
248233.0,3749586,python,[JIT],0x0000f45d96af0170
248233.0,3749586,python,[JIT],0x0000f45d96af1364
248233.0,3749586,python,[JIT],0x0000f45d96af1828
248233.0,3749586,python,[JIT],0x0000f45d96afc1d0
248233.0,3749586,python,[JIT],0x0000f45d96dde2b8
248233.0,3749586,python,[JIT],0x0000f45d96e1d160
248233.0,3749586,python,[JIT],0x0000f45d96afc7c0
248233.0,3749240,python,[JIT],0x0000ee2d4ca56088
248233.0,3749240,python,[JIT],0x0000ee2d4ca5c880
248233.0,3749240,python,[JIT],0x0000ee2d4ca93598
248233.0,3749240,python,[JIT],0x0000ee2d4d0f3168
248233.0,3749240,python,[JIT],0x0000ee2d4d0fa974
248233.0,3749240,python,[JIT],0x0000ee2d4d0fc4a8
248233.0,3749240,python,[JIT],0x0000ee2d4d0fc690
248233.0,3749240,python,[JIT],0x0000ee2d4d2bea64
248233.0,3749240,python,[JIT],0x0000ee2d4d2beedc
248233.0,3749240,python,[JIT],0x0000ee2d4d2f3024
248233.0,3749240,python,[JIT],0x0000ee2d4d2f6288
248233.0,3749240,python,[JIT],0x0000ee2d4d2fb0c8
248233.0,3749240,python,[JIT],0x0000ee2d4d2fd7f8
248233.0,3749383,python,[JIT],0x0000ef595c1f55e4
248233.0,3749543,python,[JIT],0x0000f0a3d190c150
248233.0,3749543,python,[JIT],0x0000f0a3d190c708
248233.0,3749543,python,[JIT],0x0000f0a3d193d868
248233.0,3749543,python,[JIT],0x0000f0a3d1978070
248233.0,3749543,python,[JIT],0x0000f0a3d1978b30
248233.0,3749543,python,[JIT],0x0000f0a3d1cd80f8
248233.0,3749543,python,[JIT],0x0000f0a3d1cd9ad0
248233.0,3749543,python,[JIT],0x0000f0a3d1cd9d04
248233.0,3749543,python,[JIT],0x0000f0a3d1cdbfc8
248233.0,3749543,python,[JIT],0x0000f0a3d1d811f8
248233.0,3749543,python,[JIT],0x0000f0a3d1d84204
248233.0,3749336,python,[kernel.kallsyms],el0_da
248233.0,3749336,python,[JIT],0x0000e82e995820f8
248233.0,3749336,python,[JIT],0x0000e82e995b13d0
248233.0,3749336,python,[JIT],0x0000e82e995fe054
248233.0,3749336,python,[JIT],0x0000e82e99e412b8
248233.0,3749336,python,[JIT],0x0000e82e99e44a98
248233.0,3749463,python,[JIT],0x0000e07d3f936bcc
248233.0,3749463,python,[JIT],0x0000e07d3f039c7c
248233.0,3749463,python,[JIT],0x0000e07d3f039f6c
248233.0,3749463,python,[JIT],0x0000e07d3f068a7c
248233.0,3749463,python,[JIT],0x0000e07d3f099304
248233.0,3749463,python,[JIT],0x0000e07d3f09a2cc
248233.0,3749463,python,[JIT],0x0000e07d3f0d1540
248233.0,3749463,python,[JIT],0x0000e07d3f0d5454
248233.0,3749463,python,[JIT],0x0000e07d3f6f54ec
248233.0,3749463,python,[JIT],0x0000e07d3f6f66c0
248233.0,3749463,python,[JIT],0x0000e07d3f93319c
248233.0,3749463,python,[JIT],0x0000e07d3f93329c
248233.0,3749463,python,[JIT],0x0000e07d3f93372c
248233.0,3749463,python,[JIT],0x0000e07d3f93590c
248233.0,3749463,python,[JIT],0x0000e07d3f93a4d8
248232.0,3749208,python,[JIT],0x0000e7243bf4a0b4
248232.0,3749208,python,[JIT],0x0000e7243bf74528
248232.0,3749208,python,[JIT],0x0000e7243bf75b08
248232.0,3749208,python,[JIT],0x0000e7243c4ee398
248232.0,3749208,python,[JIT],0x0000e7243c805894
248232.0,3749208,python,[JIT],0x0000e7243c80c9e8
248232.0,3749208,python,[JIT],0x0000e7243c80e6a8
248232.0,3749208,python,[JIT],0x0000e7243c8b3dc8
248232.0,3749586,python,[JIT],0x0000f45d9654104c
248232.0,3749586,python,[JIT],0x0000f45d96544cc0
248232.0,3749586,python,[JIT],0x0000f45d9657903c
248232.0,3749586,python,[JIT],0x0000f45d96dde208
248232.0,3749586,python,[JIT],0x0000f45d96dde2e8
248232.0,3749586,python,[JIT],0x0000f45d96dded10
248232.0,3749586,python,[JIT],0x0000f45d96e16234
248232.0,3749586,python,[JIT],0x0000f45d96e19190
248232.0,3749586,python,[JIT],0x0000f45d96e1c060
248232.0,3749586,python,[JIT],0x0000f45d96e1cd50
248232.0,3749586,python,[JIT],0x0000f45d96ec1530
248232.0,3749586,python,python,_PyStaticType_GetState
248232.0,3749586,python,python,_Py_dict_lookup_threadsafe_stackref
248232.0,3749586,python,[JIT],0x0000f45d96e121a4
248232.0,3749240,python,python,_PyTuple_FromArraySteal
248232.0,3749240,python,[JIT],0x0000ee2d4d2fd160
248232.0,3749240,python,[JIT],0x0000ee2d4ca59bcc
248232.0,3749240,python,[JIT],0x0000ee2d4ca5c5f0
248232.0,3749240,python,[JIT],0x0000ee2d4ca910f4
248232.0,3749240,python,[JIT],0x0000ee2d4d0fd824
248232.0,3749240,python,[JIT],0x0000ee2d4d2be740
248232.0,3749240,python,[JIT],0x0000ee2d4d2f11e4
248232.0,3749240,python,[JIT],0x0000ee2d4d2f2f8c
248232.0,3749240,python,[JIT],0x0000ee2d4d2f72f0
248232.0,3749240,python,[JIT],0x0000ee2d4d2f938c
248232.0,3749240,python,[JIT],0x0000ee2d4d2fc470
248232.0,3749240,python,[JIT],0x0000ee2d4d2fcf40
248232.0,3749240,python,[JIT],0x0000ee2d4d3a2638
248232.0,3749543,python,[kernel.kallsyms],down_write
248232.0,3749543,python,[JIT],0x0000f0a3d19069a4
248232.0,3749543,python,[JIT],0x0000f0a3d1934b04
248232.0,3749336,python,[JIT],0x0000e82e994f156c
248232.0,3749336,python,[JIT],0x0000e82e995b96d0
248232.0,3749336,python,[JIT],0x0000e82e99e0f150
248232.0,3749336,python,[JIT],0x0000e82e99e431a0
248232.0,3749336,python,[JIT],0x0000e82e99e4e40c
248232.0,3749336,python,[JIT],0x0000e82e99ef2990
248232.0,3749336,python,[JIT],0x0000e82e99ef526c
248232.0,3749336,python,[JIT],0x0000e82e99ef6558
248232.0,3749336,python,[JIT],0x0000e82e99ef9618
248232.0,3749543,python,[JIT],0x0000f0a3d1cd9920
248232.0,3749336,python,[JIT],0x0000e82e99e474cc
248232.0,3749463,python,[JIT],0x0000e07d3f068f20
248232.0,3749463,python,[JIT],0x0000e07d3f09641c
248232.0,3749463,python,[JIT],0x0000e07d3f0d4418
248232.0,3749463,python,[JIT],0x0000e07d3f6f55c0
248232.0,3749463,python,[JIT],0x0000e07d3f6f56a4
248232.0,3749463,python,[JIT],0x0000e07d3f6fd618
248232.0,3749463,python,[JIT],0x0000e07d3f933374
248232.0,3749463,python,[JIT],0x0000e07d3f9338f0
248232.0,3749463,python,[JIT],0x0000e07d3f935f78
248232.0,3749463,python,[JIT],0x0000e07d3f93f02c
248231.0,3749208,python,python,_PyType_LookupByVersion
248231.0,3749208,python,[JIT],0x0000e7243bf117a4
248231.0,3749208,python,[JIT],0x0000e7243bf422ac
248231.0,3749208,python,[JIT],0x0000e7243bf49414
248231.0,3749208,python,[JIT],0x0000e7243c4ee49c
248231.0,3749208,python,[JIT],0x0000e7243c804138
248231.0,3749208,python,[JIT],0x0000e7243c805970
248231.0,3749208,python,[JIT],0x0000e7243c8088a4
248231.0,3749208,python,[JIT],0x0000e7243c8b3fd0
248231.0,3749208,python,[JIT],0x0000e7243c8b93b8
248231.0,3749586,python,[JIT],0x0000f45d9657d708
248231.0,3749586,python,[JIT],0x0000f45d965b12f0
248231.0,3749586,python,[JIT],0x0000f45d96afc72c
248231.0,3749586,python,[JIT],0x0000f45d96dde2e0
248231.0,3749586,python,[JIT],0x0000f45d96e1797c
248231.0,3749586,python,[JIT],0x0000f45d96e192d0
248231.0,3749586,python,[JIT],0x0000f45d96e19818
248231.0,3749586,python,[JIT],0x0000f45d96e1c2e0
248231.0,3749586,python,[JIT],0x0000f45d96e1c61c
248231.0,3749240,python,[JIT],0x0000ee2d4d0f29ac
248231.0,3749240,python,[JIT],0x0000ee2d4c9f4964
248231.0,3749240,python,[JIT],0x0000ee2d4ca29210
248231.0,3749240,python,[JIT],0x0000ee2d4ca2ea90
248231.0,3749240,python,[JIT],0x0000ee2d4ca5c5bc
248231.0,3749240,python,[JIT],0x0000ee2d4ca915b8
248231.0,3749240,python,[JIT],0x0000ee2d4d0f2890
248231.0,3749240,python,[JIT],0x0000ee2d4d0f3164
248231.0,3749240,python,[JIT],0x0000ee2d4d0f4820
248231.0,3749240,python,[JIT],0x0000ee2d4d2be420
248231.0,3749240,python,[JIT],0x0000ee2d4d2be5f8
248231.0,3749240,python,[JIT],0x0000ee2d4d2f2028
248231.0,3749240,python,[JIT],0x0000ee2d4d2fdbac
248231.0,3749240,python,[JIT],0x0000ee2d4d3a253c
248231.0,3749383,python,python,memcpy@plt
248231.0,3749383,python,[JIT],0x0000ef595b8ffae8
248231.0,3749543,python,[kernel.kallsyms],folio_add_new_anon_rmap
248231.0,3749543,python,[JIT],0x0000f0a3d190a34c
248231.0,3749543,python,[JIT],0x0000f0a3d190cb34
248231.0,3749543,python,[JIT],0x0000f0a3d190cc74
248231.0,3749543,python,[JIT],0x0000f0a3d190cf78
248231.0,3749543,python,[JIT],0x0000f0a3d1cd2224
248231.0,3749543,python,[JIT],0x0000f0a3d1cd5334
248231.0,3749543,python,[JIT],0x0000f0a3d1cd948c
248231.0,3749543,python,[JIT],0x0000f0a3d1cd990c
248231.0,3749336,python,python,_PyUnicode_JoinArray
248231.0,3749336,python,[JIT],0x0000e82e995b1660
248231.0,3749336,python,[JIT],0x0000e82e99ef29f0
248231.0,3749336,python,[JIT],0x0000e82e99ef750c
248231.0,3749336,python,[JIT],0x0000e82e99efb964
248231.0,3749543,python,[JIT],0x0000f0a3d1cd93e4
248231.0,3749543,python,[JIT],0x0000f0a3d1cdb9b8
248231.0,3749543,python,[JIT],0x0000f0a3d1d888ec
248231.0,3749463,python,[JIT],0x0000e07d3f9e4130
248231.0,3749463,python,[JIT],0x0000e07d3f034714
248231.0,3749463,python,[JIT],0x0000e07d3f09c82c
248231.0,3749463,python,[JIT],0x0000e07d3f0d4c40
248231.0,3749463,python,[JIT],0x0000e07d3f0d692c
248231.0,3749463,python,[JIT],0x0000e07d3f6f60b4
248231.0,3749463,python,[JIT],0x0000e07d3f6fc078
248231.0,3749463,python,[JIT],0x0000e07d3f6fc540
248231.0,3749463,python,[JIT],0x0000e07d3f9e2c14
248231.0,3749463,python,[JIT],0x0000e07d3f9e54f0
248231.0,3749463,python,[JIT],0x0000e07d3f9e5d9c
248230.0,3749208,python,python,_Py_VectorCall_StackRefSteal
248230.0,3749208,python,[JIT],0x0000e7243bd2d580
248230.0,3749208,python,[JIT],0x0000e7243beb6230
248230.0,3749208,python,[JIT],0x0000e7243bee6070
248230.0,3749208,python,[JIT],0x0000e7243bfb9300
248230.0,3749208,python,[JIT],0x0000e7243bfba10c
248230.0,3749208,python,[JIT],0x0000e7243bfbc660
248230.0,3749208,python,[JIT],0x0000e7243c4ee1c8
248230.0,3749208,python,[JIT],0x0000e7243c805594
248230.0,3749208,python,[JIT],0x0000e7243c805c04
248230.0,3749208,python,[JIT],0x0000e7243c806864
248230.0,3749208,python,[JIT],0x0000e7243c8091d0
248230.0,3749208,python,[JIT],0x0000e7243c80c360
248230.0,3749208,python,[JIT],0x0000e7243c80e688
248230.0,3749208,python,[JIT],0x0000e7243c80e810
248230.0,3749208,python,[JIT],0x0000e7243c8b2114
248230.0,3749208,python,[JIT],0x0000e7243c8b3620
248230.0,3749208,python,[JIT],0x0000e7243c8b395c
248230.0,3749208,python,[JIT],0x0000e7243c8b6100
248230.0,3749586,python,[JIT],0x0000f45d965793d4
248230.0,3749586,python,[JIT],0x0000f45d9657ceec
248230.0,3749586,python,[JIT],0x0000f45d96af1eec
248230.0,3749586,python,[JIT],0x0000f45d96af66d4
248230.0,3749586,python,[JIT],0x0000f45d96dde594
248230.0,3749586,python,[JIT],0x0000f45d96e151dc
248230.0,3749586,python,[JIT],0x0000f45d96e19484
248230.0,3749586,python,[JIT],0x0000f45d96e1c270
248230.0,3749586,python,[JIT],0x0000f45d96e191d0
248230.0,3749240,python,[JIT],0x0000ee2d4d0f9228
248230.0,3749240,python,[JIT],0x0000ee2d4ca596ac
248230.0,3749240,python,[JIT],0x0000ee2d4ca5b4cc
248230.0,3749240,python,[JIT],0x0000ee2d4ca5d16c
248230.0,3749240,python,[JIT],0x0000ee2d4ca9373c
248230.0,3749240,python,[JIT],0x0000ee2d4d0f22b4
248230.0,3749240,python,[JIT],0x0000ee2d4d0f2f34
248230.0,3749240,python,[JIT],0x0000ee2d4d0f36c4
248230.0,3749240,python,[JIT],0x0000ee2d4d0fa858
248230.0,3749240,python,[JIT],0x0000ee2d4d2f91a8
248230.0,3749383,python,libc.so.6,_int_malloc
248230.0,3749383,python,[JIT],0x0000ef595beed258
248230.0,3749543,python,[JIT],0x0000f0a3d190454c
248230.0,3749543,python,[JIT],0x0000f0a3d1cd50e0
248230.0,3749543,python,[JIT],0x0000f0a3d1cda864
248230.0,3749543,python,[JIT],0x0000f0a3d1cdb284
248230.0,3749543,python,[JIT],0x0000f0a3d1cdcf64
248230.0,3749543,python,[JIT],0x0000f0a3d1d860cc
248230.0,3749543,python,[JIT],0x0000f0a3d1d875c0
248230.0,3749543,python,[JIT],0x0000f0a3d1d8813c
248230.0,3749543,python,[JIT],0x0000f0a3d1d88704
248230.0,3749543,python,[JIT],0x0000f0a3d1d8c42c
248230.0,3749336,python,[JIT],0x0000e82e9958c890
248230.0,3749336,python,[JIT],0x0000e82e995b3a6c
248230.0,3749336,python,[JIT],0x0000e82e995fc72c
248230.0,3749336,python,[JIT],0x0000e82e995fd824
248230.0,3749336,python,[JIT],0x0000e82e995fd834
248230.0,3749336,python,[JIT],0x0000e82e99e41b64
248230.0,3749336,python,[JIT],0x0000e82e99e4e96c
248230.0,3749336,python,[JIT],0x0000e82e99ef5060
248230.0,3749463,python,python,PyObject_GetAttr
248230.0,3749463,python,[JIT],0x0000e07d3f0349a0
248230.0,3749463,python,[JIT],0x0000e07d3f09e1f0
248230.0,3749463,python,[JIT],0x0000e07d3f0d865c
248230.0,3749463,python,[JIT],0x0000e07d3f0da114
248230.0,3749463,python,[JIT],0x0000e07d3f6f5950
248230.0,3749463,python,[JIT],0x0000e07d3f6fc378
248230.0,3749463,python,[JIT],0x0000e07d3f6fd1c8
248230.0,3749463,python,[JIT],0x0000e07d3f93104c
248230.0,3749463,python,[JIT],0x0000e07d3f9330a4
248230.0,3749463,python,[JIT],0x0000e07d3f933b48
248230.0,3749463,python,[JIT],0x0000e07d3f935a88
248230.0,3749463,python,[JIT],0x0000e07d3f93bd4c
248230.0,3749463,python,[JIT],0x0000e07d3f9e1578
248230.0,3749463,python,[JIT],0x0000e07d3f9e1c88
248230.0,3749463,python,[JIT],0x0000e07d3f9e1d0c
248230.0,3749463,python,[JIT],0x0000e07d3f9e1f04
248230.0,3749463,python,[JIT],0x0000e07d3f9e2a20
248230.0,3749463,python,[JIT],0x0000e07d3f9e2aa8
248229.0,3749208,python,python,emit__GUARD_BIT_IS_UNSET_POP_5_r10
248229.0,3749208,python,[JIT],0x0000e7243bf42ed4
248229.0,3749208,python,[JIT],0x0000e7243bf49a94
248229.0,3749208,python,[JIT],0x0000e7243bf49fa0
248229.0,3749208,python,[JIT],0x0000e7243bf4e700
248229.0,3749208,python,[JIT],0x0000e7243bf741d0
248229.0,3749208,python,[JIT],0x0000e7243bfbcb68
248229.0,3749208,python,[JIT],0x0000e7243c8010cc
248229.0,3749208,python,[JIT],0x0000e7243c80c08c
248229.0,3749208,python,[JIT],0x0000e7243c8b385c
248229.0,3749586,python,python,_PyType_LookupRefAndVersion
248229.0,3749586,python,[JIT],0x0000f45d964e1090
248229.0,3749586,python,[JIT],0x0000f45d96575570
248229.0,3749586,python,[JIT],0x0000f45d965b1150
248229.0,3749586,python,[JIT],0x0000f45d96af1f90
248229.0,3749586,python,[JIT],0x0000f45d96afb664
248229.0,3749586,python,[JIT],0x0000f45d96e170a0
248229.0,3749586,python,[JIT],0x0000f45d96e1cfe8
248229.0,3749586,python,[JIT],0x0000f45d96e1d110
248229.0,3749586,python,[JIT],0x0000f45d96ec3224
248229.0,3749586,python,[JIT],0x0000f45d96ec5248
248229.0,3749240,python,[JIT],0x0000ee2d4ca2131c
248229.0,3749240,python,[JIT],0x0000ee2d4ca5c3ec
248229.0,3749240,python,[JIT],0x0000ee2d4ca91008
248229.0,3749240,python,[JIT],0x0000ee2d4d0f5df4
248229.0,3749240,python,[JIT],0x0000ee2d4d2f1e3c
248229.0,3749240,python,[JIT],0x0000ee2d4d2fd324
248229.0,3749240,python,[JIT],0x0000ee2d4d3a549c
248229.0,3749383,python,[JIT],0x0000ef595c149858
248229.0,3749543,python,[JIT],0x0000f0a3d1909000
248229.0,3749543,python,[JIT],0x0000f0a3d1909910
248229.0,3749543,python,[JIT],0x0000f0a3d190c1c4
248229.0,3749543,python,[JIT],0x0000f0a3d19364b0
248229.0,3749543,python,[JIT],0x0000f0a3d1978960
248229.0,3749336,python,[JIT],0x0000e82e995b196c
248229.0,3749336,python,[JIT],0x0000e82e995b71dc
248229.0,3749336,python,[JIT],0x0000e82e995b9bec
248229.0,3749336,python,[JIT],0x0000e82e99e436bc
248229.0,3749336,python,[JIT],0x0000e82e99e47a44
248229.0,3749336,python,[JIT],0x0000e82e99e4ebc4
248229.0,3749336,python,[JIT],0x0000e82e99ef17e8
248229.0,3749336,python,[JIT],0x0000e82e99ef2178
248229.0,3749336,python,[JIT],0x0000e82e99ef5444
248229.0,3749543,python,[JIT],0x0000f0a3d1d821a4
248229.0,3749463,python,[JIT],0x0000e07d3f93568c
248229.0,3749336,python,python,long_dealloc
248229.0,3749463,python,[JIT],0x0000e07d3f0930cc
248229.0,3749463,python,[JIT],0x0000e07d3f0965d0
248229.0,3749463,python,[JIT],0x0000e07d3f6ed510
248229.0,3749463,python,[JIT],0x0000e07d3f6f53dc
248229.0,3749463,python,[JIT],0x0000e07d3f6f5cb4
248229.0,3749463,python,[JIT],0x0000e07d3f6fc300
248229.0,3749463,python,[JIT],0x0000e07d3f931220
248229.0,3749463,python,[JIT],0x0000e07d3f935274
248229.0,3749463,python,[JIT],0x0000e07d3f935e60
248229.0,3749463,python,[JIT],0x0000e07d3f93d0e8
248229.0,3749463,python,[JIT],0x0000e07d3f9e19f4
248229.0,3749463,python,[JIT],0x0000e07d3f9e1af8
248229.0,3749463,python,[JIT],0x0000e07d3f9e2228
248229.0,3749463,python,[JIT],0x0000e07d3f9e506c
248229.0,3749463,python,[JIT],0x0000e07d3f9e6aa0
248228.0,3749208,python,[JIT],0x0000e7243bfb4e38
248228.0,3749208,python,[JIT],0x0000e7243bfb9fc8
248228.0,3749208,python,[JIT],0x0000e7243c80277c
248228.0,3749208,python,[JIT],0x0000e7243c805eb4
248228.0,3749208,python,[JIT],0x0000e7243c807ad0
248228.0,3749208,python,[JIT],0x0000e7243c80c1b8
248228.0,3749208,python,[JIT],0x0000e7243c8b1260
248228.0,3749208,python,[JIT],0x0000e7243c8b2120
248228.0,3749208,python,[JIT],0x0000e7243c8b30b0
248228.0,3749208,python,[JIT],0x0000e7243c8b3174
248228.0,3749586,python,[JIT],0x0000f45d964b51d4
248228.0,3749586,python,[JIT],0x0000f45d965b1870
248228.0,3749586,python,[JIT],0x0000f45d96e12574
248228.0,3749586,python,[JIT],0x0000f45d96e127b0
248228.0,3749586,python,[JIT],0x0000f45d96e1727c
248228.0,3749586,python,[JIT],0x0000f45d96e17d74
248228.0,3749586,python,[JIT],0x0000f45d96e1c858
248228.0,3749586,python,[JIT],0x0000f45d96e1d620
248228.0,3749586,python,[JIT],0x0000f45d96e1f1f0
248228.0,3749586,python,[JIT],0x0000f45d96ec1508
248228.0,3749586,python,[JIT],0x0000f45d96ec2008
248228.0,3749586,python,[JIT],0x0000f45d96ec553c
248228.0,3749586,python,[JIT],0x0000f45d96afb318
248228.0,3749240,python,[JIT],0x0000ee2d4c9940ac
248228.0,3749240,python,[JIT],0x0000ee2d4ca212e4
248228.0,3749240,python,[JIT],0x0000ee2d4ca55f04
248228.0,3749240,python,[JIT],0x0000ee2d4ca5bc6c
248228.0,3749240,python,[JIT],0x0000ee2d4ca939d8
248228.0,3749240,python,[JIT],0x0000ee2d4d0f3778
248228.0,3749240,python,[JIT],0x0000ee2d4d0f5028
248228.0,3749240,python,[JIT],0x0000ee2d4d0f94cc
248228.0,3749240,python,[JIT],0x0000ee2d4d0fc2e8
248228.0,3749240,python,[JIT],0x0000ee2d4d2be704
248228.0,3749240,python,[JIT],0x0000ee2d4d2be980
248228.0,3749240,python,[JIT],0x0000ee2d4d2f22b0
248228.0,3749240,python,[JIT],0x0000ee2d4d2f2448
248228.0,3749240,python,[JIT],0x0000ee2d4d2f75dc
248228.0,3749240,python,[JIT],0x0000ee2d4d2fc324
248228.0,3749240,python,[JIT],0x0000ee2d4d2fc340
248228.0,3749240,python,[JIT],0x0000ee2d4d2fc858
248228.0,3749240,python,[JIT],0x0000ee2d4d2fcd44
248228.0,3749240,python,[JIT],0x0000ee2d4d2ff164
248228.0,3749543,python,python,list_sort_impl
248228.0,3749543,python,[JIT],0x0000f0a3d1935d88
248228.0,3749543,python,[JIT],0x0000f0a3d19744c4
248228.0,3749543,python,[JIT],0x0000f0a3d197b3b4
248228.0,3749543,python,[JIT],0x0000f0a3d1cd6348
248228.0,3749543,python,[JIT],0x0000f0a3d1cd9664
248228.0,3749543,python,[JIT],0x0000f0a3d1cd9e98
248228.0,3749543,python,[JIT],0x0000f0a3d1d8b358
248228.0,3749336,python,[JIT],0x0000e82e995b2218
248228.0,3749336,python,[JIT],0x0000e82e995b31d4
248228.0,3749336,python,[JIT],0x0000e82e995fc6e0
248228.0,3749336,python,[JIT],0x0000e82e99aebf48
248228.0,3749336,python,[JIT],0x0000e82e99e4349c
248228.0,3749336,python,[JIT],0x0000e82e99e47c00
248228.0,3749336,python,[JIT],0x0000e82e99e49e50
248228.0,3749336,python,[JIT],0x0000e82e99ef1560
248228.0,3749463,python,[JIT],0x0000e07d3f93103c
248228.0,3749336,python,[JIT],0x0000e82e99ef29f8
248228.0,3749336,python,[JIT],0x0000e82e99efa568
248228.0,3749463,python,[JIT],0x0000e07d3f03c3a8
248228.0,3749463,python,[JIT],0x0000e07d3f099330
248228.0,3749463,python,[JIT],0x0000e07d3f099540
248228.0,3749463,python,[JIT],0x0000e07d3f09c804
248228.0,3749463,python,[JIT],0x0000e07d3f09e3b4
248228.0,3749463,python,[JIT],0x0000e07d3f0d2008
248228.0,3749463,python,[JIT],0x0000e07d3f0d402c
248228.0,3749463,python,[JIT],0x0000e07d3f6f57f4
248228.0,3749463,python,[JIT],0x0000e07d3f6f582c
248228.0,3749463,python,[JIT],0x0000e07d3f6f5b00
248228.0,3749463,python,[JIT],0x0000e07d3f6f63a4
248228.0,3749463,python,[JIT],0x0000e07d3f6f7750
248228.0,3749463,python,[JIT],0x0000e07d3f6fd37c
248228.0,3749463,python,[JIT],0x0000e07d3f9310fc
248228.0,3749463,python,[JIT],0x0000e07d3f933688
248228.0,3749463,python,[JIT],0x0000e07d3f935424
248228.0,3749463,python,[JIT],0x0000e07d3f936880
248228.0,3749463,python,[JIT],0x0000e07d3f9e1738
248228.0,3749463,python,[JIT],0x0000e07d3f9e1bf0
248228.0,3749463,python,[JIT],0x0000e07d3f9e4254
248228.0,3749463,python,[JIT],0x0000e07d3f9e52e8
248228.0,3749463,python,[JIT],0x0000e07d3f9e57d0
248228.0,3749463,python,[JIT],0x0000e07d3f9e596c
248227.0,3749208,python,[JIT],0x0000e7243bf16088
248227.0,3749208,python,[JIT],0x0000e7243bf161b8
248227.0,3749208,python,[JIT],0x0000e7243bf452a4
248227.0,3749208,python,[JIT],0x0000e7243bfb9040
248227.0,3749208,python,[JIT],0x0000e7243bfbc0c8
248227.0,3749208,python,[JIT],0x0000e7243c4ee414
248227.0,3749208,python,[JIT],0x0000e7243c802330
248227.0,3749208,python,[JIT],0x0000e7243c8024b4
248227.0,3749208,python,[JIT],0x0000e7243c8070a0
248227.0,3749208,python,[JIT],0x0000e7243c807128
248227.0,3749208,python,[JIT],0x0000e7243c809040
248227.0,3749208,python,[JIT],0x0000e7243c8b31fc
248227.0,3749208,python,[JIT],0x0000e7243c8bb160
248227.0,3749586,python,[JIT],0x0000f45d964ee478
248227.0,3749586,python,[JIT],0x0000f45d9657c9f4
248227.0,3749586,python,[JIT],0x0000f45d965b191c
248227.0,3749586,python,[JIT],0x0000f45d965b3610
248227.0,3749586,python,[JIT],0x0000f45d96af2258
248227.0,3749586,python,[JIT],0x0000f45d96af2a40
248227.0,3749586,python,[JIT],0x0000f45d96afb068
248227.0,3749586,python,[JIT],0x0000f45d96ddee20
248227.0,3749586,python,[JIT],0x0000f45d96e1c324
248227.0,3749586,python,[JIT],0x0000f45d96e1d854
248227.0,3749586,python,[JIT],0x0000f45d96ec1408
248227.0,3749586,python,[JIT],0x0000f45d96ec2374
248227.0,3749586,python,[JIT],0x0000f45d96afb1e4
248227.0,3749240,python,[JIT],0x0000ee2d4d2fcd2c
248227.0,3749240,python,[JIT],0x0000ee2d4c9cb914
248227.0,3749240,python,[JIT],0x0000ee2d4c9f86d4
248227.0,3749240,python,[JIT],0x0000ee2d4ca2e510
248227.0,3749240,python,[JIT],0x0000ee2d4ca2e98c
248227.0,3749240,python,[JIT],0x0000ee2d4ca561c8
248227.0,3749240,python,[JIT],0x0000ee2d4ca93a54
248227.0,3749240,python,[JIT],0x0000ee2d4d0fa424
248227.0,3749240,python,[JIT],0x0000ee2d4d2be8cc
248227.0,3749240,python,[JIT],0x0000ee2d4d2f102c
248227.0,3749240,python,[JIT],0x0000ee2d4d2f6360
248227.0,3749240,python,[JIT],0x0000ee2d4d2fc748
248227.0,3749240,python,[JIT],0x0000ee2d4d2fcd24
248227.0,3749240,python,[JIT],0x0000ee2d4d2fcf3c
248227.0,3749240,python,[JIT],0x0000ee2d4d3a30f4
248227.0,3749383,python,python,builtin_hash
248227.0,3749383,python,[JIT],0x0000ef595c144274
248227.0,3749543,python,python,_PyObject_MakeTpCall
248227.0,3749543,python,[JIT],0x0000f0a3d190c2dc
248227.0,3749543,python,[JIT],0x0000f0a3d1934c54
248227.0,3749543,python,[JIT],0x0000f0a3d193564c
248227.0,3749543,python,[JIT],0x0000f0a3d1935d40
248227.0,3749543,python,[JIT],0x0000f0a3d1979778
248227.0,3749543,python,[JIT],0x0000f0a3d1cd54c8
248227.0,3749543,python,[JIT],0x0000f0a3d1cd56c8
248227.0,3749543,python,[JIT],0x0000f0a3d1cd680c
248227.0,3749543,python,[JIT],0x0000f0a3d1cdb06c
248227.0,3749543,python,[JIT],0x0000f0a3d1d876ec
248227.0,3749336,python,[JIT],0x0000e82e99527b54
248227.0,3749336,python,[JIT],0x0000e82e9952b3a8
248227.0,3749336,python,[JIT],0x0000e82e99552384
248227.0,3749336,python,[JIT],0x0000e82e99ef2894
248227.0,3749336,python,[JIT],0x0000e82e99ef5380
248227.0,3749336,python,[JIT],0x0000e82e99ef61e0
248227.0,3749543,python,[JIT],0x0000f0a3d1d88314
248227.0,3749463,python,[JIT],0x0000e07d3f6fda4c
248227.0,3749463,python,[JIT],0x0000e07d3f09c6c4
248227.0,3749463,python,[JIT],0x0000e07d3f09e1b8
248227.0,3749463,python,[JIT],0x0000e07d3f0d1110
248227.0,3749463,python,[JIT],0x0000e07d3f0d2808
248227.0,3749463,python,[JIT],0x0000e07d3f0d59ac
248227.0,3749463,python,[JIT],0x0000e07d3f0d5a2c
248227.0,3749463,python,[JIT],0x0000e07d3f0d6d4c
248227.0,3749463,python,[JIT],0x0000e07d3f6f5218
248227.0,3749463,python,[JIT],0x0000e07d3f6f5940
248227.0,3749463,python,[JIT],0x0000e07d3f6fd3f0
248227.0,3749463,python,[JIT],0x0000e07d3f933204
248227.0,3749463,python,[JIT],0x0000e07d3f9334b4
248227.0,3749463,python,[JIT],0x0000e07d3f9337ac
248227.0,3749463,python,[JIT],0x0000e07d3f935698
248227.0,3749463,python,[JIT],0x0000e07d3f9e1598
248227.0,3749463,python,[JIT],0x0000e07d3f9e20b0
248227.0,3749463,python,[JIT],0x0000e07d3f9e50e8
248226.0,3749208,python,python,list_sort_impl
248226.0,3749208,python,[JIT],0x0000e7243bf49230
248226.0,3749208,python,[JIT],0x0000e7243bf4cc8c
248226.0,3749208,python,[JIT],0x0000e7243bf4d2c0
248226.0,3749208,python,[JIT],0x0000e7243bf75f60
248226.0,3749208,python,[JIT],0x0000e7243bfb95c8
248226.0,3749208,python,[JIT],0x0000e7243bfba168
248226.0,3749208,python,[JIT],0x0000e7243c4ee3e8
248226.0,3749208,python,[JIT],0x0000e7243c4ee558
248226.0,3749208,python,[JIT],0x0000e7243c4ee570
248226.0,3749208,python,[JIT],0x0000e7243c7cea98
248226.0,3749208,python,[JIT],0x0000e7243c7ced50
248226.0,3749208,python,[JIT],0x0000e7243c7cf5fc
248226.0,3749208,python,[JIT],0x0000e7243c8013a0
248226.0,3749208,python,[JIT],0x0000e7243c805784
248226.0,3749208,python,[JIT],0x0000e7243c80e10c
248226.0,3749208,python,[JIT],0x0000e7243c80e954
248226.0,3749208,python,[JIT],0x0000e7243c8b3338
248226.0,3749586,python,[JIT],0x0000f45d9654142c
248226.0,3749586,python,[JIT],0x0000f45d9657bcc4
248226.0,3749586,python,[JIT],0x0000f45d9657cc20
248226.0,3749586,python,[JIT],0x0000f45d96af1040
248226.0,3749586,python,[JIT],0x0000f45d96dde29c
248226.0,3749586,python,[JIT],0x0000f45d96e1c984
248226.0,3749586,python,[JIT],0x0000f45d96e1d56c
248226.0,3749586,python,[JIT],0x0000f45d96e1d878
248226.0,3749240,python,[JIT],0x0000ee2d4d0f2f38
248226.0,3749240,python,libc.so.6,__printf_buffer
248226.0,3749240,python,[JIT],0x0000ee2d4ca5a34c
248226.0,3749240,python,[JIT],0x0000ee2d4d0f2648
248226.0,3749240,python,[JIT],0x0000ee2d4d0f2d58
248226.0,3749240,python,[JIT],0x0000ee2d4d2be17c
248226.0,3749240,python,[JIT],0x0000ee2d4d2bf824
248226.0,3749240,python,[JIT],0x0000ee2d4d2f7508
248226.0,3749383,python,python,PySequence_Contains
248226.0,3749383,python,[JIT],0x0000ef595c1f3160
248226.0,3749543,python,[JIT],0x0000f0a3d18f01e0
248226.0,3749543,python,[JIT],0x0000f0a3d19033fc
248226.0,3749543,python,[JIT],0x0000f0a3d190c258
248226.0,3749543,python,[JIT],0x0000f0a3d190c6a0
248226.0,3749543,python,[JIT],0x0000f0a3d19780c0
248226.0,3749543,python,[JIT],0x0000f0a3d1cd2234
248226.0,3749543,python,[JIT],0x0000f0a3d1cd39f4
248226.0,3749543,python,[JIT],0x0000f0a3d1cd9e00
248226.0,3749543,python,[JIT],0x0000f0a3d1cdb7a0
248226.0,3749543,python,[JIT],0x0000f0a3d1d8104c
248226.0,3749543,python,[JIT],0x0000f0a3d1d84980
248226.0,3749543,python,[JIT],0x0000f0a3d1d87928
248226.0,3749336,python,[JIT],0x0000e82e994f17b4
248226.0,3749336,python,[JIT],0x0000e82e9958c590
248226.0,3749336,python,[JIT],0x0000e82e995f85ac
248226.0,3749336,python,[JIT],0x0000e82e995fd640
248226.0,3749336,python,[JIT],0x0000e82e99e0f02c
248226.0,3749336,python,[JIT],0x0000e82e99e47678
248226.0,3749336,python,[JIT],0x0000e82e99ef2374
248226.0,3749336,python,[JIT],0x0000e82e99ef53d8
248226.0,3749463,python,[JIT],0x0000e07d3f6fd784
248226.0,3749463,python,[JIT],0x0000e07d3f933364
248226.0,3749336,python,[JIT],0x0000e82e995fd068
248226.0,3749463,python,python,tupleiter_dealloc
248226.0,3749463,python,[JIT],0x0000e07d3f03cfdc
248226.0,3749463,python,[JIT],0x0000e07d3f065064
248226.0,3749463,python,[JIT],0x0000e07d3f0652d4
248226.0,3749463,python,[JIT],0x0000e07d3f099b2c
248226.0,3749463,python,[JIT],0x0000e07d3f09cc08
248226.0,3749463,python,[JIT],0x0000e07d3f09e5b4
248226.0,3749463,python,[JIT],0x0000e07d3f0d4d94
248226.0,3749463,python,[JIT],0x0000e07d3f6efc18
248226.0,3749463,python,[JIT],0x0000e07d3f6f030c
248226.0,3749463,python,[JIT],0x0000e07d3f6f5f2c
248226.0,3749463,python,[JIT],0x0000e07d3f6fb028
248226.0,3749463,python,[JIT],0x0000e07d3f6fd250
248226.0,3749463,python,[JIT],0x0000e07d3f6fd688
248226.0,3749463,python,[JIT],0x0000e07d3f8fe514
248226.0,3749463,python,[JIT],0x0000e07d3f933070
248226.0,3749463,python,[JIT],0x0000e07d3f93b40c
248226.0,3749463,python,[JIT],0x0000e07d3f93bc14
248226.0,3749463,python,[JIT],0x0000e07d3f93d0c0
248226.0,3749463,python,[JIT],0x0000e07d3f93d8a0
248226.0,3749463,python,[JIT],0x0000e07d3f9e1618
248226.0,3749463,python,[JIT],0x0000e07d3f9e19a8
248225.0,3749208,python,[JIT],0x0000e7243beec9e8
248225.0,3749208,python,[JIT],0x0000e7243bf12288
248225.0,3749208,python,[JIT],0x0000e7243bf4e5c8
248225.0,3749208,python,[JIT],0x0000e7243bfb3194
248225.0,3749208,python,[JIT],0x0000e7243bfb917c
248225.0,3749208,python,[JIT],0x0000e7243bfbc2dc
248225.0,3749208,python,[JIT],0x0000e7243c4ee2d8
248225.0,3749208,python,[JIT],0x0000e7243c8020f8
248225.0,3749208,python,[JIT],0x0000e7243c804160
248225.0,3749208,python,[JIT],0x0000e7243c805e70
248225.0,3749208,python,[JIT],0x0000e7243c8b3f9c
248225.0,3749586,python,[JIT],0x0000f45d9654e0e4
248225.0,3749586,python,[JIT],0x0000f45d96575910
248225.0,3749586,python,[JIT],0x0000f45d96579150
248225.0,3749586,python,[JIT],0x0000f45d9657ca70
248225.0,3749586,python,[JIT],0x0000f45d96af1474
248225.0,3749586,python,[JIT],0x0000f45d96af2774
248225.0,3749586,python,[JIT],0x0000f45d96afb468
248225.0,3749586,python,[JIT],0x0000f45d96dde984
248225.0,3749586,python,[JIT],0x0000f45d96e1625c
248225.0,3749586,python,[JIT],0x0000f45d96e19734
248225.0,3749586,python,[JIT],0x0000f45d96e199f4
248225.0,3749586,python,[JIT],0x0000f45d96e1f288
248225.0,3749240,python,python,PyBool_FromLong
248225.0,3749240,python,[JIT],0x0000ee2d4c99cc74
248225.0,3749240,python,[JIT],0x0000ee2d4c9fe594
248225.0,3749240,python,[JIT],0x0000ee2d4ca24508
248225.0,3749240,python,[JIT],0x0000ee2d4ca52a80
248225.0,3749240,python,[JIT],0x0000ee2d4ca53868
248225.0,3749240,python,[JIT],0x0000ee2d4d0edcfc
248225.0,3749240,python,[JIT],0x0000ee2d4d0f25b4
248225.0,3749240,python,[JIT],0x0000ee2d4d0f27fc
248225.0,3749240,python,[JIT],0x0000ee2d4d0f33f4
248225.0,3749240,python,[JIT],0x0000ee2d4d0fa65c
248225.0,3749240,python,[JIT],0x0000ee2d4d0fb5e8
248225.0,3749240,python,[JIT],0x0000ee2d4d2be3b0
248225.0,3749240,python,[JIT],0x0000ee2d4d2be52c
248225.0,3749240,python,[JIT],0x0000ee2d4d2be54c
248225.0,3749240,python,[JIT],0x0000ee2d4d2fb094
248225.0,3749240,python,[JIT],0x0000ee2d4d2fc088
248225.0,3749240,python,[JIT],0x0000ee2d4d2fd050
248225.0,3749240,python,[JIT],0x0000ee2d4d2fe558
248225.0,3749383,python,[JIT],0x0000ef595b8f8100
248225.0,3749383,python,[JIT],0x0000ef595b8ff2ec
248225.0,3749383,python,[JIT],0x0000ef595c144fa0
248225.0,3749543,python,[JIT],0x0000f0a3d1903258
248225.0,3749543,python,[JIT],0x0000f0a3d19067bc
248225.0,3749543,python,[JIT],0x0000f0a3d190c3dc
248225.0,3749543,python,[JIT],0x0000f0a3d19347d4
248225.0,3749543,python,[JIT],0x0000f0a3d19711d8
248225.0,3749543,python,[JIT],0x0000f0a3d1cdc734
248225.0,3749543,python,[JIT],0x0000f0a3d1d810e0
248225.0,3749543,python,[JIT],0x0000f0a3d1d875e8
248225.0,3749543,python,[JIT],0x0000f0a3d1d8c1a4
248225.0,3749336,python,[JIT],0x0000e82e995b56ac
248225.0,3749336,python,[JIT],0x0000e82e995fe600
248225.0,3749336,python,[JIT],0x0000e82e99e4131c
248225.0,3749336,python,[JIT],0x0000e82e99e46128
248225.0,3749336,python,[JIT],0x0000e82e99e4a68c
248225.0,3749336,python,[JIT],0x0000e82e99ef1800
248225.0,3749336,python,[JIT],0x0000e82e99ef22b4
248225.0,3749336,python,[JIT],0x0000e82e99ef5f00
248225.0,3749543,python,python,list_to_tuple
248225.0,3749543,python,[JIT],0x0000f0a3d1d87840
248225.0,3749463,python,[JIT],0x0000e07d3f933508
248225.0,3749463,python,[JIT],0x0000e07d3f93b09c
248225.0,3749336,python,[JIT],0x0000e82e99e433a8
248225.0,3749463,python,[kernel.kallsyms],arch_local_irq_restore
248225.0,3749463,python,[JIT],0x0000e07d3f06dae8
248225.0,3749463,python,[JIT],0x0000e07d3f0996e4
248225.0,3749463,python,[JIT],0x0000e07d3f0d2720
248225.0,3749463,python,[JIT],0x0000e07d3f0d5c9c
248225.0,3749463,python,[JIT],0x0000e07d3f6f59ac
248225.0,3749463,python,[JIT],0x0000e07d3f6fc184
248225.0,3749463,python,[JIT],0x0000e07d3f6fc6d4
248225.0,3749463,python,[JIT],0x0000e07d3f6fd904
248225.0,3749463,python,[JIT],0x0000e07d3f8fe3e4
248225.0,3749463,python,[JIT],0x0000e07d3f8fe5ac
248225.0,3749463,python,[JIT],0x0000e07d3f9320c0
248225.0,3749463,python,[JIT],0x0000e07d3f936af8
248225.0,3749463,python,[JIT],0x0000e07d3f9e20dc
248224.0,3749208,python,python,_Py_uop_symbol_is_immortal
248224.0,3749208,python,[JIT],0x0000e7243bf144a8
248224.0,3749208,python,[JIT],0x0000e7243bf4c5bc
248224.0,3749208,python,[JIT],0x0000e7243bf72b00
248224.0,3749208,python,[JIT],0x0000e7243bfb3584
248224.0,3749208,python,[JIT],0x0000e7243c7ce6cc
248224.0,3749208,python,[JIT],0x0000e7243c8078a0
248224.0,3749208,python,[JIT],0x0000e7243c807abc
248224.0,3749208,python,[JIT],0x0000e7243c8b70a0
248224.0,3749586,python,[JIT],0x0000f45d9651e598
248224.0,3749586,python,[JIT],0x0000f45d965415b0
248224.0,3749586,python,[JIT],0x0000f45d96547088
248224.0,3749586,python,[JIT],0x0000f45d96af2a50
248224.0,3749586,python,[JIT],0x0000f45d96afb4b4
248224.0,3749586,python,[JIT],0x0000f45d96afb504
248224.0,3749586,python,[JIT],0x0000f45d96dde894
248224.0,3749586,python,[JIT],0x0000f45d96e1c84c
248224.0,3749240,python,[JIT],0x0000ee2d4d0fd8b8
248224.0,3749240,python,[JIT],0x0000ee2d4c9cef24
248224.0,3749240,python,[JIT],0x0000ee2d4ca5b8f8
248224.0,3749240,python,[JIT],0x0000ee2d4d0eb4b8
248224.0,3749240,python,[JIT],0x0000ee2d4d0eb794
248224.0,3749240,python,[JIT],0x0000ee2d4d0f2eac
248224.0,3749240,python,[JIT],0x0000ee2d4d0f3260
248224.0,3749240,python,[JIT],0x0000ee2d4d0f9298
248224.0,3749240,python,[JIT],0x0000ee2d4d0fd8d0
248224.0,3749240,python,[JIT],0x0000ee2d4d2fd274
248224.0,3749383,python,python,permutations_next
248224.0,3749383,python,[JIT],0x0000ef595b8f8600
248224.0,3749383,python,[JIT],0x0000ef595c149ac0
248224.0,3749543,python,[JIT],0x0000f0a3d1906d58
248224.0,3749543,python,[JIT],0x0000f0a3d19366f0
248224.0,3749543,python,[JIT],0x0000f0a3d197b224
248224.0,3749543,python,[JIT],0x0000f0a3d1cd54bc
248224.0,3749543,python,[JIT],0x0000f0a3d1cdb3a0
248224.0,3749543,python,[JIT],0x0000f0a3d1cdd018
248224.0,3749543,python,[JIT],0x0000f0a3d1d8232c
248224.0,3749543,python,[JIT],0x0000f0a3d1d82abc
248224.0,3749543,python,[JIT],0x0000f0a3d1d873bc
248224.0,3749543,python,[JIT],0x0000f0a3d1d8793c
248224.0,3749336,python,python,PyTuple_New
248224.0,3749336,python,[JIT],0x0000e82e9958cd10
248224.0,3749336,python,[JIT],0x0000e82e995b1de8
248224.0,3749336,python,[JIT],0x0000e82e995fc4ac
248224.0,3749336,python,[JIT],0x0000e82e99e49f88
248224.0,3749336,python,[JIT],0x0000e82e99ef822c
248224.0,3749336,python,[JIT],0x0000e82e99efd20c
248224.0,3749543,python,python,gen_finalize
248224.0,3749543,python,[JIT],0x0000f0a3d1cdc980
248224.0,3749463,python,[JIT],0x0000e07d3f9312ec
248224.0,3749463,python,[JIT],0x0000e07d3f068468
248224.0,3749463,python,[JIT],0x0000e07d3f0690d8
248224.0,3749463,python,[JIT],0x0000e07d3f0d2894
248224.0,3749463,python,[JIT],0x0000e07d3f0d4f28
248224.0,3749463,python,[JIT],0x0000e07d3f0d5b00
248224.0,3749463,python,[JIT],0x0000e07d3f6fc100
248224.0,3749463,python,[JIT],0x0000e07d3f6fc13c
248224.0,3749463,python,[JIT],0x0000e07d3f933c4c
248224.0,3749463,python,[JIT],0x0000e07d3f933cb8
248224.0,3749463,python,[JIT],0x0000e07d3f933dc4
248224.0,3749463,python,[JIT],0x0000e07d3f933e00
248224.0,3749463,python,[JIT],0x0000e07d3f9e1794
248224.0,3749463,python,[JIT],0x0000e07d3f9e19f8
248224.0,3749463,python,[JIT],0x0000e07d3f9e209c
248224.0,3749463,python,[JIT],0x0000e07d3f9e5094
248224.0,3749463,python,[JIT],0x0000e07d3f9e6858
248223.0,3749208,python,[JIT],0x0000e7243bf16248
248223.0,3749208,python,[JIT],0x0000e7243bf4cf98
248223.0,3749208,python,[JIT],0x0000e7243bf76a5c
248223.0,3749208,python,[JIT],0x0000e7243c4ee2b0
248223.0,3749208,python,[JIT],0x0000e7243c4ee4ec
248223.0,3749208,python,[JIT],0x0000e7243c4ee5b4
248223.0,3749208,python,[JIT],0x0000e7243c7ced9c
248223.0,3749208,python,[JIT],0x0000e7243c807c98
248223.0,3749208,python,[JIT],0x0000e7243c80e0c8
248223.0,3749208,python,[JIT],0x0000e7243c8b3968
248223.0,3749586,python,[JIT],0x0000f45d9654eb7c
248223.0,3749586,python,[JIT],0x0000f45d9657cb38
248223.0,3749586,python,[JIT],0x0000f45d96af9f5c
248223.0,3749586,python,[JIT],0x0000f45d96afb2f0
248223.0,3749586,python,[JIT],0x0000f45d96e198ec
248223.0,3749240,python,[JIT],0x0000ee2d4d0fa328
248223.0,3749240,python,[JIT],0x0000ee2d4d2fd3fc
248223.0,3749240,python,[JIT],0x0000ee2d4ca55e88
248223.0,3749240,python,[JIT],0x0000ee2d4ca5bfb0
248223.0,3749240,python,[JIT],0x0000ee2d4ca5c490
248223.0,3749240,python,[JIT],0x0000ee2d4ca5ced8
248223.0,3749240,python,[JIT],0x0000ee2d4ca91aa0
248223.0,3749240,python,[JIT],0x0000ee2d4ca93000
248223.0,3749240,python,[JIT],0x0000ee2d4d0f32c4
248223.0,3749240,python,[JIT],0x0000ee2d4d0fc218
248223.0,3749240,python,[JIT],0x0000ee2d4d2be4e4
248223.0,3749240,python,[JIT],0x0000ee2d4d2bf7d4
248223.0,3749240,python,[JIT],0x0000ee2d4d2f9918
248223.0,3749240,python,[JIT],0x0000ee2d4d2fc008
248223.0,3749240,python,[JIT],0x0000ee2d4d2fc838
248223.0,3749240,python,[JIT],0x0000ee2d4d2fcb18
248223.0,3749240,python,[JIT],0x0000ee2d4d2fd39c
248223.0,3749240,python,[JIT],0x0000ee2d4d3a3a48
248223.0,3749383,python,[JIT],0x0000ef595c145954
248223.0,3749543,python,[JIT],0x0000f0a3d19040c0
248223.0,3749543,python,[JIT],0x0000f0a3d1cdbda4
248223.0,3749543,python,[JIT],0x0000f0a3d1d84854
248223.0,3749543,python,[JIT],0x0000f0a3d1d87d58
248223.0,3749543,python,[JIT],0x0000f0a3d1d87de8
248223.0,3749336,python,python,PyDict_SetItem
248223.0,3749336,python,[JIT],0x0000e82e99527620
248223.0,3749336,python,[JIT],0x0000e82e9952e230
248223.0,3749336,python,[JIT],0x0000e82e9955b514
248223.0,3749336,python,[JIT],0x0000e82e9958c28c
248223.0,3749336,python,[JIT],0x0000e82e995b955c
248223.0,3749336,python,[JIT],0x0000e82e99e41048
248223.0,3749336,python,[JIT],0x0000e82e99e47968
248223.0,3749336,python,[JIT],0x0000e82e99ef20c4
248223.0,3749463,python,[JIT],0x0000e07d3f6f8274
248223.0,3749463,python,[JIT],0x0000e07d3f039224
248223.0,3749463,python,[JIT],0x0000e07d3f09a24c
248223.0,3749463,python,[JIT],0x0000e07d3f0d63a4
248223.0,3749463,python,[JIT],0x0000e07d3f6f5f48
248223.0,3749463,python,[JIT],0x0000e07d3f9333e4
248223.0,3749463,python,[JIT],0x0000e07d3f93f18c
248223.0,3749463,python,[JIT],0x0000e07d3f9e1b68
248223.0,3749463,python,[JIT],0x0000e07d3f9e1d00
248223.0,3749463,python,[JIT],0x0000e07d3f9e1d24
248223.0,3749463,python,[JIT],0x0000e07d3f9e2854
248223.0,3749463,python,[JIT],0x0000e07d3f9e7100
248222.0,3749208,python,[JIT],0x0000e7243beec3cc
248222.0,3749208,python,[JIT],0x0000e7243bf722a0
248222.0,3749208,python,[JIT],0x0000e7243bf7de30
248222.0,3749208,python,[JIT],0x0000e7243bfba8b8
248222.0,3749208,python,[JIT],0x0000e7243c7ce380
248222.0,3749208,python,[JIT],0x0000e7243c8010f8
248222.0,3749208,python,[JIT],0x0000e7243c805238
248222.0,3749208,python,[JIT],0x0000e7243c807ae0
248222.0,3749208,python,[JIT],0x0000e7243c808978
248222.0,3749208,python,[JIT],0x0000e7243c8b108c
248222.0,3749208,python,[JIT],0x0000e7243c8b36e0
248222.0,3749208,python,[JIT],0x0000e7243c8b7318
248222.0,3749586,python,[JIT],0x0000f45d965474ec
248222.0,3749586,python,[JIT],0x0000f45d96549df8
248222.0,3749586,python,[JIT],0x0000f45d965b307c
248222.0,3749586,python,[JIT],0x0000f45d96af822c
248222.0,3749586,python,[JIT],0x0000f45d96afc08c
248222.0,3749586,python,[JIT],0x0000f45d96afc328
248222.0,3749586,python,[JIT],0x0000f45d96ddeb58
248222.0,3749586,python,[JIT],0x0000f45d96e170f8
248222.0,3749586,python,[JIT],0x0000f45d96e1925c
248222.0,3749586,python,[JIT],0x0000f45d96e1927c
248222.0,3749586,python,[JIT],0x0000f45d96e1c93c
248222.0,3749586,python,[JIT],0x0000f45d96e1cdec
248222.0,3749586,python,[JIT],0x0000f45d96ef1124
248222.0,3749586,python,python,_PyFunction_Vectorcall
248222.0,3749240,python,[JIT],0x0000ee2d4ca55030
248222.0,3749240,python,[JIT],0x0000ee2d4ca59f80
248222.0,3749240,python,[JIT],0x0000ee2d4ca5a308
248222.0,3749240,python,[JIT],0x0000ee2d4ca5b908
248222.0,3749240,python,[JIT],0x0000ee2d4d0f2834
248222.0,3749240,python,[JIT],0x0000ee2d4d2f2164
248222.0,3749240,python,[JIT],0x0000ee2d4d2f73c4
248222.0,3749240,python,[JIT],0x0000ee2d4d2fca80
248222.0,3749240,python,[JIT],0x0000ee2d4d2fd8b4
248222.0,3749240,python,[JIT],0x0000ee2d4d3a2e58
248222.0,3749383,python,[JIT],0x0000ef595c144ec8
248222.0,3749383,python,[JIT],0x0000ef595c145ed8
248222.0,3749543,python,[JIT],0x0000f0a3d18ed5c4
248222.0,3749543,python,[JIT],0x0000f0a3d19065e4
248222.0,3749543,python,[JIT],0x0000f0a3d1909f04
248222.0,3749543,python,[JIT],0x0000f0a3d1978174
248222.0,3749543,python,[JIT],0x0000f0a3d1cd244c
248222.0,3749543,python,[JIT],0x0000f0a3d1cd33c8
248222.0,3749543,python,[JIT],0x0000f0a3d1cdb3c0
248222.0,3749543,python,[JIT],0x0000f0a3d1d87ff0
248222.0,3749543,python,[JIT],0x0000f0a3d1d8809c
248222.0,3749336,python,[JIT],0x0000e82e99558044
248222.0,3749336,python,[JIT],0x0000e82e995fdc90
248222.0,3749336,python,[JIT],0x0000e82e995fe028
248222.0,3749336,python,[JIT],0x0000e82e99e0f08c
248222.0,3749336,python,[JIT],0x0000e82e99e4137c
248222.0,3749336,python,[JIT],0x0000e82e99e4970c
248222.0,3749336,python,[JIT],0x0000e82e99e4a88c
248222.0,3749336,python,[JIT],0x0000e82e99ef6140
248222.0,3749336,python,[JIT],0x0000e82e99ef9190
248222.0,3749543,python,[JIT],0x0000f0a3d1d87d14
248222.0,3749463,python,[JIT],0x0000e07d3f037330
248222.0,3749463,python,[JIT],0x0000e07d3f09c120
248222.0,3749463,python,[JIT],0x0000e07d3f6eb704
248222.0,3749463,python,[JIT],0x0000e07d3f6fc2bc
248222.0,3749463,python,[JIT],0x0000e07d3f6fd8c8
248222.0,3749463,python,[JIT],0x0000e07d3f8fe67c
248222.0,3749463,python,[JIT],0x0000e07d3f933b6c
248222.0,3749463,python,[JIT],0x0000e07d3f933cf8
248222.0,3749463,python,[JIT],0x0000e07d3f9347c4
248222.0,3749463,python,[JIT],0x0000e07d3f936374
248222.0,3749463,python,[JIT],0x0000e07d3f9e12c8
248222.0,3749463,python,[JIT],0x0000e07d3f9e1434
248222.0,3749463,python,[JIT],0x0000e07d3f9e2ce8
248222.0,3749463,python,[JIT],0x0000e07d3f9e4414
248221.0,3749208,python,[JIT],0x0000e7243bf423fc
248221.0,3749208,python,[JIT],0x0000e7243bf4d0b8
248221.0,3749208,python,[JIT],0x0000e7243bf4ead4
248221.0,3749208,python,[JIT],0x0000e7243bf744d0
248221.0,3749208,python,[JIT],0x0000e7243bfb9240
248221.0,3749208,python,[JIT],0x0000e7243bfba5e8
248221.0,3749208,python,[JIT],0x0000e7243c804028
248221.0,3749208,python,[JIT],0x0000e7243c807308
248221.0,3749208,python,[JIT],0x0000e7243c8b3034
248221.0,3749208,python,[JIT],0x0000e7243c8b42e8
248221.0,3749586,python,[JIT],0x0000f45d964ee8b8
248221.0,3749586,python,[JIT],0x0000f45d9651e364
248221.0,3749586,python,[JIT],0x0000f45d96571054
248221.0,3749586,python,[JIT],0x0000f45d965799e4
248221.0,3749586,python,[JIT],0x0000f45d965b9618
248221.0,3749586,python,[JIT],0x0000f45d965b980c
248221.0,3749586,python,[JIT],0x0000f45d96e11468
248221.0,3749586,python,[JIT],0x0000f45d96e1302c
248221.0,3749586,python,[JIT],0x0000f45d96e1c86c
248221.0,3749586,python,[JIT],0x0000f45d96e1ce98
248221.0,3749586,python,[JIT],0x0000f45d96ec17c8
248221.0,3749240,python,[JIT],0x0000ee2d4c9fa484
248221.0,3749240,python,[JIT],0x0000ee2d4ca24008
248221.0,3749240,python,[JIT],0x0000ee2d4ca596fc
248221.0,3749240,python,[JIT],0x0000ee2d4ca5bd94
248221.0,3749240,python,[JIT],0x0000ee2d4ca5c728
248221.0,3749240,python,[JIT],0x0000ee2d4ca5deac
248221.0,3749240,python,[JIT],0x0000ee2d4ca935d0
248221.0,3749240,python,[JIT],0x0000ee2d4d0f27ac
248221.0,3749240,python,[JIT],0x0000ee2d4d0f2fe4
248221.0,3749240,python,[JIT],0x0000ee2d4d0fa090
248221.0,3749240,python,[JIT],0x0000ee2d4d0fc230
248221.0,3749240,python,[JIT],0x0000ee2d4d0fc534
248221.0,3749240,python,[JIT],0x0000ee2d4d2f2ea0
248221.0,3749240,python,[JIT],0x0000ee2d4d2f9128
248221.0,3749240,python,[JIT],0x0000ee2d4d2fb004
248221.0,3749240,python,[JIT],0x0000ee2d4d2fc56c
248221.0,3749240,python,[JIT],0x0000ee2d4d2fdaa8
248221.0,3749240,python,[JIT],0x0000ee2d4d3a1894
248221.0,3749543,python,[JIT],0x0000f0a3d13fb474
248221.0,3749543,python,[JIT],0x0000f0a3d1909148
248221.0,3749543,python,[JIT],0x0000f0a3d190c61c
248221.0,3749543,python,[JIT],0x0000f0a3d1935618
248221.0,3749543,python,[JIT],0x0000f0a3d193636c
248221.0,3749543,python,[JIT],0x0000f0a3d1979240
248221.0,3749543,python,[JIT],0x0000f0a3d1cd23e4
248221.0,3749543,python,[JIT],0x0000f0a3d1cd3098
248221.0,3749543,python,[JIT],0x0000f0a3d1cd5640
248221.0,3749543,python,[JIT],0x0000f0a3d1cd98a4
248221.0,3749543,python,[JIT],0x0000f0a3d1cdced8
248221.0,3749543,python,[JIT],0x0000f0a3d1d8c168
248221.0,3749336,python,[JIT],0x0000e82e9958c270
248221.0,3749336,python,[JIT],0x0000e82e99e460c4
248221.0,3749336,python,[JIT],0x0000e82e99e470e0
248221.0,3749336,python,[JIT],0x0000e82e99e4971c
248221.0,3749336,python,[JIT],0x0000e82e99ef40e0
248221.0,3749336,python,[JIT],0x0000e82e99ef97e0
248221.0,3749543,python,python,deque_popleft
248221.0,3749463,python,[JIT],0x0000e07d3f93f160
248221.0,3749463,python,[JIT],0x0000e07d3f06b2d0
248221.0,3749463,python,[JIT],0x0000e07d3f099e78
248221.0,3749463,python,[JIT],0x0000e07d3f09c2c4
248221.0,3749463,python,[JIT],0x0000e07d3f0d42d4
248221.0,3749463,python,[JIT],0x0000e07d3f6f52b4
248221.0,3749463,python,[JIT],0x0000e07d3f935c10
248221.0,3749463,python,[JIT],0x0000e07d3f9360c0
248221.0,3749463,python,[JIT],0x0000e07d3f9361dc
248221.0,3749463,python,[JIT],0x0000e07d3f9370d8
248221.0,3749463,python,[JIT],0x0000e07d3f93d034
248221.0,3749463,python,[JIT],0x0000e07d3f93da34
248221.0,3749463,python,[JIT],0x0000e07d3f93dafc
248221.0,3749463,python,[JIT],0x0000e07d3f9e1ba0
248221.0,3749463,python,[JIT],0x0000e07d3f9e1d84
248220.0,3749208,python,[JIT],0x0000e7243bf76bf0
248220.0,3749208,python,[JIT],0x0000e7243bfb54f0
248220.0,3749208,python,[JIT],0x0000e7243bfb9444
248220.0,3749208,python,[JIT],0x0000e7243bfb9b38
248220.0,3749208,python,[JIT],0x0000e7243bfba424
248220.0,3749208,python,[JIT],0x0000e7243c4ee080
248220.0,3749208,python,[JIT],0x0000e7243c7cf028
248220.0,3749208,python,[JIT],0x0000e7243c801418
248220.0,3749208,python,[JIT],0x0000e7243c8b3888
248220.0,3749208,python,[JIT],0x0000e7243c8b3adc
248220.0,3749208,python,[JIT],0x0000e7243c8b3f64
248220.0,3749586,python,[JIT],0x0000f45d96af04b8
248220.0,3749586,python,[JIT],0x0000f45d96af05d0
248220.0,3749586,python,[JIT],0x0000f45d96e126a0
248220.0,3749586,python,[JIT],0x0000f45d96e1ced0
248220.0,3749586,python,[JIT],0x0000f45d96ec2538
248220.0,3749240,python,[JIT],0x0000ee2d4d2f7128
248220.0,3749240,python,python,_PyObject_MakeTpCall
248220.0,3749240,python,[JIT],0x0000ee2d4c9ce800
248220.0,3749240,python,[JIT],0x0000ee2d4ca210f0
248220.0,3749240,python,[JIT],0x0000ee2d4ca5a210
248220.0,3749240,python,[JIT],0x0000ee2d4ca5ccf4
248220.0,3749240,python,[JIT],0x0000ee2d4d0f2d94
248220.0,3749240,python,[JIT],0x0000ee2d4d0f4810
248220.0,3749240,python,[JIT],0x0000ee2d4d0f920c
248220.0,3749240,python,[JIT],0x0000ee2d4d0f930c
248220.0,3749240,python,[JIT],0x0000ee2d4d0fa124
248220.0,3749240,python,[JIT],0x0000ee2d4d0fd8f4
248220.0,3749240,python,[JIT],0x0000ee2d4d2be0bc
248220.0,3749240,python,[JIT],0x0000ee2d4d2f10ec
248220.0,3749240,python,[JIT],0x0000ee2d4d2f2d34
248220.0,3749240,python,[JIT],0x0000ee2d4d2f7c28
248220.0,3749240,python,[JIT],0x0000ee2d4d2fc070
248220.0,3749240,python,[JIT],0x0000ee2d4d2ff120
248220.0,3749240,python,[JIT],0x0000ee2d4d3a11f0
248220.0,3749543,python,python,builtin_sum
248220.0,3749543,python,[JIT],0x0000f0a3d18f6110
248220.0,3749543,python,[JIT],0x0000f0a3d190c684
248220.0,3749543,python,[JIT],0x0000f0a3d1935958
248220.0,3749543,python,[JIT],0x0000f0a3d1cd3094
248220.0,3749543,python,[JIT],0x0000f0a3d1cdc024
248220.0,3749543,python,[JIT],0x0000f0a3d1d8b57c
248220.0,3749336,python,[JIT],0x0000e82e995b3b34
248220.0,3749336,python,[JIT],0x0000e82e995b8484
248220.0,3749336,python,[JIT],0x0000e82e995bd9a0
248220.0,3749336,python,[JIT],0x0000e82e995f48ec
248220.0,3749336,python,[JIT],0x0000e82e99e44178
248220.0,3749336,python,[JIT],0x0000e82e99ef67a8
248220.0,3749336,python,[JIT],0x0000e82e99ef8264
248220.0,3749336,python,[JIT],0x0000e82e99efaacc
248220.0,3749463,python,[JIT],0x0000e07d3f8fe07c
248220.0,3749463,python,[JIT],0x0000e07d3f9312f8
248220.0,3749463,python,[JIT],0x0000e07d3f93213c
248220.0,3749463,python,[JIT],0x0000e07d3f933628
248220.0,3749463,python,[JIT],0x0000e07d3f9338d4
248220.0,3749463,python,[JIT],0x0000e07d3f9339b4
248220.0,3749463,python,[JIT],0x0000e07d3f93bdc0
248220.0,3749463,python,[JIT],0x0000e07d3f93d1d8
248220.0,3749463,python,[JIT],0x0000e07d3f9e27a8
248219.0,3749208,python,[JIT],0x0000e7243bf194f4
248219.0,3749208,python,[JIT],0x0000e7243bf19d38
248219.0,3749208,python,[JIT],0x0000e7243bf4ea68
248219.0,3749208,python,[JIT],0x0000e7243bfb9434
248219.0,3749208,python,[JIT],0x0000e7243bfb98ec
248219.0,3749208,python,[JIT],0x0000e7243bfba3b0
248219.0,3749208,python,[JIT],0x0000e7243c801574
248219.0,3749208,python,[JIT],0x0000e7243c8b357c
248219.0,3749208,python,[JIT],0x0000e7243c8b3a7c
248219.0,3749208,python,[JIT],0x0000e7243c8b3c1c
248219.0,3749208,python,[JIT],0x0000e7243c8b715c
248219.0,3749208,python,[JIT],0x0000e7243c8b8244
248219.0,3749586,python,[JIT],0x0000f45d965451e0
248219.0,3749586,python,[JIT],0x0000f45d9657610c
248219.0,3749586,python,[JIT],0x0000f45d9657cf84
248219.0,3749586,python,[JIT],0x0000f45d965b99f0
248219.0,3749586,python,[JIT],0x0000f45d96dde370
248219.0,3749586,python,[JIT],0x0000f45d96e11438
248219.0,3749586,python,[JIT],0x0000f45d96e1c154
248219.0,3749586,python,[JIT],0x0000f45d96ec31c0
248219.0,3749586,python,python,_Py_MakeCoro
248219.0,3749240,python,[JIT],0x0000ee2d4d2f2a44
248219.0,3749240,python,python,memmove@plt
248219.0,3749240,python,[JIT],0x0000ee2d4ca56134
248219.0,3749240,python,[JIT],0x0000ee2d4ca5dbec
248219.0,3749240,python,[JIT],0x0000ee2d4ca96124
248219.0,3749240,python,[JIT],0x0000ee2d4d0f2cb4
248219.0,3749240,python,[JIT],0x0000ee2d4d0f3a1c
248219.0,3749240,python,[JIT],0x0000ee2d4d2be274
248219.0,3749240,python,[JIT],0x0000ee2d4d2be30c
248219.0,3749240,python,[JIT],0x0000ee2d4d2f26b8
248219.0,3749240,python,[JIT],0x0000ee2d4d2f7328
248219.0,3749240,python,[JIT],0x0000ee2d4d2f754c
248219.0,3749240,python,[JIT],0x0000ee2d4d2fc0ac
248219.0,3749240,python,[JIT],0x0000ee2d4d2fc434
248219.0,3749240,python,[JIT],0x0000ee2d4d2fd32c
248219.0,3749383,python,[JIT],0x0000ef595c1f836c
248219.0,3749383,python,[JIT],0x0000ef595c22028c
248219.0,3749543,python,[JIT],0x0000f0a3d1908114
248219.0,3749543,python,[JIT],0x0000f0a3d1909894
248219.0,3749543,python,[JIT],0x0000f0a3d1936724
248219.0,3749543,python,[JIT],0x0000f0a3d1978708
248219.0,3749543,python,[JIT],0x0000f0a3d1979768
248219.0,3749543,python,[JIT],0x0000f0a3d1cd954c
248219.0,3749543,python,[JIT],0x0000f0a3d1d8217c
248219.0,3749543,python,[JIT],0x0000f0a3d1d84220
248219.0,3749543,python,[JIT],0x0000f0a3d1d87970
248219.0,3749543,python,[JIT],0x0000f0a3d1d87a90
248219.0,3749543,python,[JIT],0x0000f0a3d1d87cc0
248219.0,3749543,python,[JIT],0x0000f0a3d1d8f140
248219.0,3749336,python,[JIT],0x0000e82e993c6968
248219.0,3749336,python,[JIT],0x0000e82e9955f058
248219.0,3749336,python,[JIT],0x0000e82e995b22ec
248219.0,3749336,python,[JIT],0x0000e82e995f70f4
248219.0,3749336,python,[JIT],0x0000e82e99ef24c8
248219.0,3749463,python,[JIT],0x0000e07d3f93b02c
248219.0,3749463,python,[JIT],0x0000e07d3f9e50cc
248219.0,3749463,python,[JIT],0x0000e07d3f0961a8
248219.0,3749463,python,[JIT],0x0000e07d3f0d44a8
248219.0,3749463,python,[JIT],0x0000e07d3f0d62f8
248219.0,3749463,python,[JIT],0x0000e07d3f9314c4
248219.0,3749463,python,[JIT],0x0000e07d3f9332f4
248219.0,3749463,python,[JIT],0x0000e07d3f9e1568
248219.0,3749463,python,[JIT],0x0000e07d3f9e2878
248218.0,3749208,python,[JIT],0x0000e7243bf11d54
248218.0,3749208,python,[JIT],0x0000e7243bf49f08
248218.0,3749208,python,[JIT],0x0000e7243bf4cf78
248218.0,3749208,python,[JIT],0x0000e7243bf7675c
248218.0,3749208,python,[JIT],0x0000e7243bfb9dbc
248218.0,3749208,python,[JIT],0x0000e7243c8010bc
248218.0,3749208,python,[JIT],0x0000e7243c801430
248218.0,3749208,python,[JIT],0x0000e7243c8022a4
248218.0,3749208,python,[JIT],0x0000e7243c808954
248218.0,3749208,python,[JIT],0x0000e7243c808a40
248218.0,3749586,python,[JIT],0x0000f45d965b92a0
248218.0,3749586,python,[JIT],0x0000f45d965b9a3c
248218.0,3749586,python,[JIT],0x0000f45d96af939c
248218.0,3749586,python,[JIT],0x0000f45d96af9b88
248218.0,3749586,python,[JIT],0x0000f45d96ec160c
248218.0,3749586,python,[JIT],0x0000f45d96dde000
248218.0,3749586,python,[JIT],0x0000f45d96e1b170
248218.0,3749240,python,python,_PyUnicode_ExactDealloc
248218.0,3749240,python,[JIT],0x0000ee2d4ca55b94
248218.0,3749240,python,[JIT],0x0000ee2d4ca5ba48
248218.0,3749240,python,[JIT],0x0000ee2d4ca5baec
248218.0,3749240,python,[JIT],0x0000ee2d4d0eb114
248218.0,3749240,python,[JIT],0x0000ee2d4d0f34f4
248218.0,3749240,python,[JIT],0x0000ee2d4d0fc51c
248218.0,3749240,python,[JIT],0x0000ee2d4d2be3e0
248218.0,3749240,python,[JIT],0x0000ee2d4d2be51c
248218.0,3749240,python,[JIT],0x0000ee2d4d2bf7a4
248218.0,3749240,python,[JIT],0x0000ee2d4d2f7a8c
248218.0,3749240,python,[JIT],0x0000ee2d4d2f9214
248218.0,3749240,python,[JIT],0x0000ee2d4d2fc968
248218.0,3749240,python,[JIT],0x0000ee2d4d2fcbe8
248218.0,3749240,python,[JIT],0x0000ee2d4d2fd1b8
248218.0,3749240,python,[JIT],0x0000ee2d4d3a1970
248218.0,3749240,python,[JIT],0x0000ee2d4d3a215c
248218.0,3749383,python,python,PyFunction_New
248218.0,3749383,python,[JIT],0x0000ef595b8f9384
248218.0,3749383,python,[JIT],0x0000ef595c14e10c
248218.0,3749543,python,[JIT],0x0000f0a3d18ed628
248218.0,3749543,python,[JIT],0x0000f0a3d1cd234c
248218.0,3749543,python,[JIT],0x0000f0a3d1cd630c
248218.0,3749543,python,[JIT],0x0000f0a3d1d84370
248218.0,3749336,python,[JIT],0x0000e82e99e47c98
248218.0,3749336,python,[JIT],0x0000e82e99ef755c
248218.0,3749336,python,[JIT],0x0000e82e99f29018
248218.0,3749336,python,[JIT],0x0000e82e99ef91f0
248218.0,3749463,python,python,visit_decref
248218.0,3749463,python,[JIT],0x0000e07d3f09c9f4
248218.0,3749463,python,[JIT],0x0000e07d3f0d6404
248218.0,3749463,python,[JIT],0x0000e07d3f6ee0a8
248218.0,3749463,python,[JIT],0x0000e07d3f6f552c
248218.0,3749463,python,[JIT],0x0000e07d3f6f5a44
248218.0,3749463,python,[JIT],0x0000e07d3f6fc1b4
248218.0,3749463,python,[JIT],0x0000e07d3f931570
248218.0,3749463,python,[JIT],0x0000e07d3f93b374
248218.0,3749463,python,[JIT],0x0000e07d3f9e6ed4
248217.0,3749208,python,[JIT],0x0000e7243bf164c8
248217.0,3749208,python,[JIT],0x0000e7243bf1c958
248217.0,3749208,python,[JIT],0x0000e7243bf4c400
248217.0,3749208,python,[JIT],0x0000e7243bf79728
248217.0,3749208,python,[JIT],0x0000e7243bfb99e4
248217.0,3749208,python,[JIT],0x0000e7243c805168
248217.0,3749208,python,[JIT],0x0000e7243c808718
248217.0,3749208,python,[JIT],0x0000e7243c80e18c
248217.0,3749208,python,[JIT],0x0000e7243c80eb44
248217.0,3749208,python,[JIT],0x0000e7243c8b373c
248217.0,3749208,python,[JIT],0x0000e7243c8b3f0c
248217.0,3749208,python,[JIT],0x0000e7243c8b3fb0
248217.0,3749208,python,[JIT],0x0000e7243c8b619c
248217.0,3749586,python,python,PyType_GetFlags
248217.0,3749586,python,[JIT],0x0000f45d96afb600
248217.0,3749586,python,[JIT],0x0000f45d96e11130
248217.0,3749586,python,[JIT],0x0000f45d96e1610c
248217.0,3749586,python,[JIT],0x0000f45d96e1c88c
248217.0,3749586,python,[JIT],0x0000f45d96ec14b4
248217.0,3749240,python,[JIT],0x0000ee2d4ca55690
248217.0,3749240,python,[JIT],0x0000ee2d4ca59148
248217.0,3749240,python,[JIT],0x0000ee2d4ca5a11c
248217.0,3749240,python,[JIT],0x0000ee2d4ca5c338
248217.0,3749240,python,[JIT],0x0000ee2d4ca5ce6c
248217.0,3749240,python,[JIT],0x0000ee2d4d0f32c0
248217.0,3749240,python,[JIT],0x0000ee2d4d0f9558
248217.0,3749240,python,[JIT],0x0000ee2d4d0fc674
248217.0,3749240,python,[JIT],0x0000ee2d4d2f1068
248217.0,3749240,python,[JIT],0x0000ee2d4d2f2df8
248217.0,3749240,python,[JIT],0x0000ee2d4d2fca6c
248217.0,3749240,python,[JIT],0x0000ee2d4d2ff0c8
248217.0,3749383,python,[JIT],0x0000ef595c14b38c
248217.0,3749543,python,[JIT],0x0000f0a3d18f67ec
248217.0,3749543,python,[JIT],0x0000f0a3d1909388
248217.0,3749543,python,[JIT],0x0000f0a3d190cb28
248217.0,3749543,python,[JIT],0x0000f0a3d19791b0
248217.0,3749543,python,[JIT],0x0000f0a3d1cd22cc
248217.0,3749543,python,[JIT],0x0000f0a3d1cd9b6c
248217.0,3749543,python,[JIT],0x0000f0a3d1cdb6a0
248217.0,3749543,python,[JIT],0x0000f0a3d1cdc548
248217.0,3749543,python,[JIT],0x0000f0a3d1d87b08
248217.0,3749543,python,[JIT],0x0000f0a3d1d87d54
248217.0,3749336,python,[JIT],0x0000e82e995581e4
248217.0,3749336,python,[JIT],0x0000e82e9958c2c0
248217.0,3749336,python,[JIT],0x0000e82e9958f4cc
248217.0,3749336,python,[JIT],0x0000e82e995bc094
248217.0,3749336,python,[JIT],0x0000e82e995f8b7c
248217.0,3749336,python,[JIT],0x0000e82e995fd0e4
248217.0,3749336,python,[JIT],0x0000e82e99aec71c
248217.0,3749336,python,[JIT],0x0000e82e99aec790
248217.0,3749336,python,[JIT],0x0000e82e99e414e4
248217.0,3749336,python,[JIT],0x0000e82e99e4a568
248217.0,3749336,python,[JIT],0x0000e82e99ef5d2c
248217.0,3749336,python,[JIT],0x0000e82e99ef5f70
248217.0,3749336,python,[JIT],0x0000e82e99ef6630
248217.0,3749336,python,[JIT],0x0000e82e99ef813c
248217.0,3749543,python,[JIT],0x0000f0a3d1cd9a88
248217.0,3749463,python,[JIT],0x0000e07d3f936d38
248217.0,3749463,python,[kernel.kallsyms],perf_iterate_ctx
248217.0,3749463,python,python,tuple_length
248217.0,3749463,python,[JIT],0x0000e07d3f0321e4
248217.0,3749463,python,[JIT],0x0000e07d3f068144
248217.0,3749463,python,[JIT],0x0000e07d3f099a7c
248217.0,3749463,python,[JIT],0x0000e07d3f09d074
248217.0,3749463,python,[JIT],0x0000e07d3f0d58a8
248217.0,3749463,python,[JIT],0x0000e07d3f6f551c
248217.0,3749463,python,[JIT],0x0000e07d3f6fd128
248217.0,3749463,python,[JIT],0x0000e07d3f931674
248217.0,3749463,python,[JIT],0x0000e07d3f933528
248217.0,3749463,python,[JIT],0x0000e07d3f9339e0
248217.0,3749463,python,[JIT],0x0000e07d3f935240
248217.0,3749463,python,[JIT],0x0000e07d3f93d190
248217.0,3749463,python,[JIT],0x0000e07d3f93d490
248217.0,3749463,python,[JIT],0x0000e07d3f93f174
248217.0,3749463,python,[JIT],0x0000e07d3f9e10d0
248217.0,3749463,python,[JIT],0x0000e07d3f9e2b00
248217.0,3749463,python,[JIT],0x0000e07d3f9e41a0
248216.0,3749208,python,[JIT],0x0000e7243bf49bc8
248216.0,3749208,python,[JIT],0x0000e7243bf4c89c
248216.0,3749208,python,[JIT],0x0000e7243bf7271c
248216.0,3749208,python,[JIT],0x0000e7243c7cea28
248216.0,3749208,python,[JIT],0x0000e7243c801264
248216.0,3749208,python,[JIT],0x0000e7243c8052b8
248216.0,3749208,python,[JIT],0x0000e7243c8055c8
248216.0,3749208,python,[JIT],0x0000e7243c806874
248216.0,3749208,python,[JIT],0x0000e7243c80cc7c
248216.0,3749208,python,[JIT],0x0000e7243c80e1a0
248216.0,3749208,python,[JIT],0x0000e7243c80e4b8
248216.0,3749208,python,[JIT],0x0000e7243c8b6254
248216.0,3749208,python,[JIT],0x0000e7243c8b7844
248216.0,3749208,python,[JIT],0x0000e7243c8b81bc
248216.0,3749586,python,[JIT],0x0000f45d9654e5fc
248216.0,3749586,python,[JIT],0x0000f45d965b9a10
248216.0,3749586,python,[JIT],0x0000f45d96aeb264
248216.0,3749586,python,[JIT],0x0000f45d96af9168
248216.0,3749586,python,[JIT],0x0000f45d96e1149c
248216.0,3749586,python,[JIT],0x0000f45d96e1e7f0
248216.0,3749586,python,[JIT],0x0000f45d96e1f244
248216.0,3749586,python,[JIT],0x0000f45d96ec225c
248216.0,3749240,python,[JIT],0x0000ee2d4d0fd1c4
248216.0,3749240,python,[JIT],0x0000ee2d4ca260a8
248216.0,3749240,python,[JIT],0x0000ee2d4ca5204c
248216.0,3749240,python,[JIT],0x0000ee2d4ca52858
248216.0,3749240,python,[JIT],0x0000ee2d4ca556c8
248216.0,3749240,python,[JIT],0x0000ee2d4ca5c574
248216.0,3749240,python,[JIT],0x0000ee2d4ca937d0
248216.0,3749240,python,[JIT],0x0000ee2d4d0ec7a8
248216.0,3749240,python,[JIT],0x0000ee2d4d0ec938
248216.0,3749240,python,[JIT],0x0000ee2d4d0f2584
248216.0,3749240,python,[JIT],0x0000ee2d4d2f810c
248216.0,3749240,python,[JIT],0x0000ee2d4d2fc000
248216.0,3749240,python,[JIT],0x0000ee2d4d2fc2a4
248216.0,3749240,python,[JIT],0x0000ee2d4d2fc940
248216.0,3749240,python,[JIT],0x0000ee2d4d3a2b74
248216.0,3749383,python,[JIT],0x0000ef595c1490a8
248216.0,3749543,python,python,PyDict_Next
248216.0,3749543,python,[JIT],0x0000f0a3d190d020
248216.0,3749543,python,[JIT],0x0000f0a3d1934008
248216.0,3749543,python,[JIT],0x0000f0a3d1cd397c
248216.0,3749543,python,[JIT],0x0000f0a3d1cdb05c
248216.0,3749543,python,[JIT],0x0000f0a3d1d82008
248216.0,3749336,python,[JIT],0x0000e82e995fe2d8
248216.0,3749336,python,[JIT],0x0000e82e99e41068
248216.0,3749336,python,[JIT],0x0000e82e99e47e00
248216.0,3749336,python,[JIT],0x0000e82e99e487f8
248216.0,3749336,python,[JIT],0x0000e82e99ef2834
248216.0,3749336,python,[JIT],0x0000e82e99ef5f4c
248216.0,3749336,python,[JIT],0x0000e82e99ef9668
248216.0,3749463,python,[kernel.kallsyms],rcu_nocb_unlock_irqrestore
248216.0,3749463,python,[JIT],0x0000e07d3f09c0fc
248216.0,3749463,python,[JIT],0x0000e07d3f0d4304
248216.0,3749463,python,[JIT],0x0000e07d3f0d451c
248216.0,3749463,python,[JIT],0x0000e07d3f0d4f60
248216.0,3749463,python,[JIT],0x0000e07d3f0d5ce8
248216.0,3749463,python,[JIT],0x0000e07d3f0d5db8
248216.0,3749463,python,[JIT],0x0000e07d3f6f6100
248216.0,3749463,python,[JIT],0x0000e07d3f6f9370
248216.0,3749463,python,[JIT],0x0000e07d3f6fdbf0
248216.0,3749463,python,[JIT],0x0000e07d3f933994
248216.0,3749463,python,[JIT],0x0000e07d3f9e4070
248216.0,3749463,python,[JIT],0x0000e07d3f9e503c
248216.0,3749463,python,[JIT],0x0000e07d3f9e6390
248215.0,3749208,python,python,PySequence_List
248215.0,3749208,python,[JIT],0x0000e7243beec47c
248215.0,3749208,python,[JIT],0x0000e7243bf4c840
248215.0,3749208,python,[JIT],0x0000e7243bf754c8
248215.0,3749208,python,[JIT],0x0000e7243c4ee524
248215.0,3749208,python,[JIT],0x0000e7243c80515c
248215.0,3749208,python,[JIT],0x0000e7243c8b60b4
248215.0,3749208,python,[JIT],0x0000e7243c8b7540
248215.0,3749208,python,[JIT],0x0000e7243c8b75ac
248215.0,3749208,python,[JIT],0x0000e7243c8b8b74
248215.0,3749586,python,[JIT],0x0000f45d964e104c
248215.0,3749586,python,[JIT],0x0000f45d96517fb4
248215.0,3749586,python,[JIT],0x0000f45d96547334
248215.0,3749586,python,[JIT],0x0000f45d9654e4d0
248215.0,3749586,python,[JIT],0x0000f45d9657c64c
248215.0,3749586,python,[JIT],0x0000f45d96af9194
248215.0,3749586,python,[JIT],0x0000f45d96afc6ec
248215.0,3749586,python,[JIT],0x0000f45d96dde6a4
248215.0,3749586,python,[JIT],0x0000f45d96ddecc0
248215.0,3749586,python,[JIT],0x0000f45d96e1c0a0
248215.0,3749586,python,[JIT],0x0000f45d96e1c828
248215.0,3749586,python,[JIT],0x0000f45d96e1cb9c
248215.0,3749586,python,[JIT],0x0000f45d96ec2bc0
248215.0,3749240,python,[JIT],0x0000ee2d4d2ff138
248215.0,3749240,python,[JIT],0x0000ee2d4c9f4c7c
248215.0,3749240,python,[JIT],0x0000ee2d4ca21268
248215.0,3749240,python,[JIT],0x0000ee2d4ca21a48
248215.0,3749240,python,[JIT],0x0000ee2d4ca24df4
248215.0,3749240,python,[JIT],0x0000ee2d4ca55984
248215.0,3749240,python,[JIT],0x0000ee2d4ca5c6f0
248215.0,3749240,python,[JIT],0x0000ee2d4d0f9608
248215.0,3749240,python,[JIT],0x0000ee2d4d2f17dc
248215.0,3749240,python,[JIT],0x0000ee2d4d2f29bc
248215.0,3749240,python,[JIT],0x0000ee2d4d2f602c
248215.0,3749240,python,[JIT],0x0000ee2d4d2f9190
248215.0,3749240,python,[JIT],0x0000ee2d4d2fd54c
248215.0,3749240,python,[JIT],0x0000ee2d4d3a108c
248215.0,3749240,python,[JIT],0x0000ee2d4d3a1488
248215.0,3749383,python,[JIT],0x0000ef595c144d04
248215.0,3749383,python,[JIT],0x0000ef595c14e098
248215.0,3749543,python,[JIT],0x0000f0a3d18ed920
248215.0,3749543,python,[JIT],0x0000f0a3d18f9d10
248215.0,3749543,python,[JIT],0x0000f0a3d190c060
248215.0,3749543,python,[JIT],0x0000f0a3d19341e0
248215.0,3749543,python,[JIT],0x0000f0a3d19346f0
248215.0,3749543,python,[JIT],0x0000f0a3d19356b0
248215.0,3749543,python,[JIT],0x0000f0a3d1cd9594
248215.0,3749543,python,[JIT],0x0000f0a3d1cdb0e8
248215.0,3749543,python,[JIT],0x0000f0a3d1cdbe3c
248215.0,3749543,python,[JIT],0x0000f0a3d1d84294
248215.0,3749543,python,[JIT],0x0000f0a3d1d860a0
248215.0,3749543,python,[JIT],0x0000f0a3d1d87eac
248215.0,3749336,python,[JIT],0x0000e82e995584b0
248215.0,3749336,python,[JIT],0x0000e82e995b2738
248215.0,3749336,python,[JIT],0x0000e82e995b507c
248215.0,3749336,python,[JIT],0x0000e82e995b5628
248215.0,3749336,python,[JIT],0x0000e82e995b73e8
248215.0,3749336,python,[JIT],0x0000e82e995fd1f4
248215.0,3749336,python,[JIT],0x0000e82e99e0f158
248215.0,3749336,python,[JIT],0x0000e82e99e41af8
248215.0,3749336,python,[JIT],0x0000e82e99e4718c
248215.0,3749336,python,[JIT],0x0000e82e99e47d9c
248215.0,3749336,python,[JIT],0x0000e82e99ef53cc
248215.0,3749336,python,[JIT],0x0000e82e99ef6560
248215.0,3749336,python,[JIT],0x0000e82e99efb7f8
248215.0,3749463,python,[JIT],0x0000e07d3f09c8f4
248215.0,3749463,python,[JIT],0x0000e07d3f0dbb84
248215.0,3749463,python,[JIT],0x0000e07d3f6eea58
248215.0,3749463,python,[JIT],0x0000e07d3f6f542c
248215.0,3749463,python,[JIT],0x0000e07d3f93a1e8
248215.0,3749463,python,[JIT],0x0000e07d3f93be20
248215.0,3749463,python,[JIT],0x0000e07d3f93d078
248215.0,3749463,python,[JIT],0x0000e07d3f93d84c
248215.0,3749463,python,[JIT],0x0000e07d3f9e564c
248215.0,3749463,python,[JIT],0x0000e07d3f9e6080
248214.0,3749208,python,python,PyUnicode_Substring
248214.0,3749208,python,[JIT],0x0000e7243bee949c
248214.0,3749208,python,[JIT],0x0000e7243bee9734
248214.0,3749208,python,[JIT],0x0000e7243bf19af0
248214.0,3749208,python,[JIT],0x0000e7243bf4573c
248214.0,3749208,python,[JIT],0x0000e7243bf497b4
248214.0,3749208,python,[JIT],0x0000e7243bf4c0f4
248214.0,3749208,python,[JIT],0x0000e7243bf4c558
248214.0,3749208,python,[JIT],0x0000e7243bf7d3d0
248214.0,3749208,python,[JIT],0x0000e7243c7ce860
248214.0,3749208,python,[JIT],0x0000e7243c8011a0
248214.0,3749208,python,[JIT],0x0000e7243c804060
248214.0,3749208,python,[JIT],0x0000e7243c80573c
248214.0,3749208,python,[JIT],0x0000e7243c8059e4
248214.0,3749208,python,[JIT],0x0000e7243c805d6c
248214.0,3749208,python,[JIT],0x0000e7243c80710c
248214.0,3749208,python,[JIT],0x0000e7243c8b3ac4
248214.0,3749208,python,[JIT],0x0000e7243c8b3f48
248214.0,3749208,python,[JIT],0x0000e7243c8b4054
248214.0,3749208,python,[JIT],0x0000e7243c8b45a0
248214.0,3749208,python,[JIT],0x0000e7243c8b74b0
248214.0,3749586,python,[JIT],0x0000f45d9657d744
248214.0,3749586,python,[JIT],0x0000f45d96af4254
248214.0,3749586,python,[JIT],0x0000f45d96ddec08
248214.0,3749586,python,[JIT],0x0000f45d96ddecb0
248214.0,3749586,python,[JIT],0x0000f45d96e17608
248214.0,3749586,python,[JIT],0x0000f45d96e195a0
248214.0,3749586,python,[JIT],0x0000f45d96e1c7b4
248214.0,3749586,python,[JIT],0x0000f45d96e1dce8
248214.0,3749586,python,[JIT],0x0000f45d96ec1088
248214.0,3749586,python,[JIT],0x0000f45d96ec27d8
248214.0,3749586,python,[JIT],0x0000f45d96ef1120
248214.0,3749586,python,python,_PyDictKeys_StringLookupAndVersion
248214.0,3749586,python,[JIT],0x0000f45d96e1cc54
248214.0,3749586,python,[JIT],0x0000f45d96ec1000
248214.0,3749240,python,[JIT],0x0000ee2d4ca2c7c8
248214.0,3749240,python,[JIT],0x0000ee2d4ca59a34
248214.0,3749240,python,[JIT],0x0000ee2d4ca912b8
248214.0,3749240,python,[JIT],0x0000ee2d4ca91540
248214.0,3749240,python,[JIT],0x0000ee2d4d0f2b40
248214.0,3749240,python,[JIT],0x0000ee2d4d0f3a48
248214.0,3749240,python,[JIT],0x0000ee2d4d2f19ac
248214.0,3749240,python,[JIT],0x0000ee2d4d2f2a4c
248214.0,3749240,python,[JIT],0x0000ee2d4d2f769c
248214.0,3749240,python,[JIT],0x0000ee2d4d2f86d0
248214.0,3749240,python,[JIT],0x0000ee2d4d2fc170
248214.0,3749240,python,[JIT],0x0000ee2d4d2fd098
248214.0,3749240,python,[JIT],0x0000ee2d4d2fdab4
248214.0,3749383,python,[JIT],0x0000ef595c142ad0
248214.0,3749383,python,[JIT],0x0000ef595c149334
248214.0,3749543,python,[JIT],0x0000f0a3d13f1394
248214.0,3749543,python,[JIT],0x0000f0a3d13f6e80
248214.0,3749543,python,[JIT],0x0000f0a3d190c004
248214.0,3749543,python,[JIT],0x0000f0a3d1932934
248214.0,3749543,python,[JIT],0x0000f0a3d19347c4
248214.0,3749543,python,[JIT],0x0000f0a3d1939344
248214.0,3749543,python,[JIT],0x0000f0a3d197c3c4
248214.0,3749543,python,[JIT],0x0000f0a3d1cdc908
248214.0,3749543,python,[JIT],0x0000f0a3d1d8a16c
248214.0,3749336,python,[JIT],0x0000e82e9952d8f8
248214.0,3749336,python,[JIT],0x0000e82e9958c30c
248214.0,3749336,python,[JIT],0x0000e82e9958cc8c
248214.0,3749336,python,[JIT],0x0000e82e995bcfa8
248214.0,3749336,python,[JIT],0x0000e82e99e0f5f8
248214.0,3749336,python,[JIT],0x0000e82e99e41c20
248214.0,3749336,python,[JIT],0x0000e82e99e44790
248214.0,3749336,python,[JIT],0x0000e82e99ef60b0
248214.0,3749463,python,[JIT],0x0000e07d3f6fd068
248214.0,3749463,python,[JIT],0x0000e07d3f936524
248214.0,3749463,python,[JIT],0x0000e07d3f0d506c
248214.0,3749463,python,[JIT],0x0000e07d3f6f15dc
248214.0,3749463,python,[JIT],0x0000e07d3f8fe3d4
248214.0,3749463,python,[JIT],0x0000e07d3f9311fc
248214.0,3749463,python,[JIT],0x0000e07d3f93340c
248214.0,3749463,python,[JIT],0x0000e07d3f933b78
248214.0,3749463,python,[JIT],0x0000e07d3f936654
248214.0,3749463,python,[JIT],0x0000e07d3f9e211c
248214.0,3749463,python,[JIT],0x0000e07d3f9e27e4
248214.0,3749463,python,[JIT],0x0000e07d3f9e52a0
248214.0,3749463,python,[JIT],0x0000e07d3f9e5828
248214.0,3749463,python,[JIT],0x0000e07d3f9e90b0
248213.0,3749208,python,[JIT],0x0000e7243bf1c200
248213.0,3749208,python,[JIT],0x0000e7243bf1d864
248213.0,3749208,python,[JIT],0x0000e7243bf1dd84
248213.0,3749208,python,[JIT],0x0000e7243bf4e080
248213.0,3749208,python,[JIT],0x0000e7243bf4e6e4
248213.0,3749208,python,[JIT],0x0000e7243bfbcb64
248213.0,3749208,python,[JIT],0x0000e7243c802758
248213.0,3749208,python,[JIT],0x0000e7243c8b15b8
248213.0,3749208,python,[JIT],0x0000e7243c8b3600
248213.0,3749208,python,[JIT],0x0000e7243c8b3d24
248213.0,3749208,python,[JIT],0x0000e7243c8b7180
248213.0,3749586,python,python,_Py_Specialize_LoadAttr
248213.0,3749586,python,[JIT],0x0000f45d964ee174
248213.0,3749586,python,[JIT],0x0000f45d965174fc
248213.0,3749586,python,[JIT],0x0000f45d965755ac
248213.0,3749586,python,[JIT],0x0000f45d96575718
248213.0,3749586,python,[JIT],0x0000f45d965ba6fc
248213.0,3749586,python,[JIT],0x0000f45d96af9988
248213.0,3749586,python,[JIT],0x0000f45d96ddedd8
248213.0,3749586,python,[JIT],0x0000f45d96e1d92c
248213.0,3749586,python,[JIT],0x0000f45d96eed47c
248213.0,3749240,python,[JIT],0x0000ee2d4d2f91e4
248213.0,3749240,python,[JIT],0x0000ee2d4c9f62ec
248213.0,3749240,python,[JIT],0x0000ee2d4ca21140
248213.0,3749240,python,[JIT],0x0000ee2d4ca5905c
248213.0,3749240,python,[JIT],0x0000ee2d4ca5a218
248213.0,3749240,python,[JIT],0x0000ee2d4d0f290c
248213.0,3749240,python,[JIT],0x0000ee2d4d0f2c48
248213.0,3749240,python,[JIT],0x0000ee2d4d0fa2b4
248213.0,3749240,python,[JIT],0x0000ee2d4d0fc284
248213.0,3749240,python,[JIT],0x0000ee2d4d2f71c8
248213.0,3749240,python,[JIT],0x0000ee2d4d2f7ba8
248213.0,3749240,python,[JIT],0x0000ee2d4d2fc0a0
248213.0,3749240,python,[JIT],0x0000ee2d4d2fcf84
248213.0,3749543,python,[JIT],0x0000f0a3d190ccd0
248213.0,3749543,python,[JIT],0x0000f0a3d190e0cc
248213.0,3749543,python,[JIT],0x0000f0a3d1934668
248213.0,3749543,python,[JIT],0x0000f0a3d1c9f1f8
248213.0,3749543,python,[JIT],0x0000f0a3d1cd9aa0
248213.0,3749543,python,[JIT],0x0000f0a3d1d8413c
248213.0,3749543,python,[JIT],0x0000f0a3d1d87fdc
248213.0,3749543,python,[JIT],0x0000f0a3d1d8bd80
248213.0,3749336,python,[JIT],0x0000e82e9952d848
248213.0,3749336,python,[JIT],0x0000e82e995b97a8
248213.0,3749336,python,[JIT],0x0000e82e995b97c4
248213.0,3749336,python,[JIT],0x0000e82e995fc034
248213.0,3749336,python,[JIT],0x0000e82e99e498e4
248213.0,3749336,python,[JIT],0x0000e82e99e4a1cc
248213.0,3749543,python,python,method_dealloc
248213.0,3749463,python,[JIT],0x0000e07d3f9333b4
248213.0,3749463,python,[kernel.kallsyms],_raw_spin_lock
248213.0,3749463,python,[JIT],0x0000e07d3f005234
248213.0,3749463,python,[JIT],0x0000e07d3f099308
248213.0,3749463,python,[JIT],0x0000e07d3f09c7f4
248213.0,3749463,python,[JIT],0x0000e07d3f09cefc
248213.0,3749463,python,[JIT],0x0000e07d3f6ee1bc
248213.0,3749463,python,[JIT],0x0000e07d3f6efcd4
248213.0,3749463,python,[JIT],0x0000e07d3f6f8128
248213.0,3749463,python,[JIT],0x0000e07d3f6fb088
248213.0,3749463,python,[JIT],0x0000e07d3f6fc0bc
248213.0,3749463,python,[JIT],0x0000e07d3f8fe154
248213.0,3749463,python,[JIT],0x0000e07d3f931164
248213.0,3749463,python,[JIT],0x0000e07d3f9e27f8
248212.0,3749208,python,[JIT],0x0000e7243bf1c4a0
248212.0,3749208,python,[JIT],0x0000e7243bfb93ac
248212.0,3749208,python,[JIT],0x0000e7243c4ec158
248212.0,3749208,python,[JIT],0x0000e7243c80113c
248212.0,3749208,python,[JIT],0x0000e7243c802780
248212.0,3749208,python,[JIT],0x0000e7243c80504c
248212.0,3749208,python,[JIT],0x0000e7243c80518c
248212.0,3749208,python,[JIT],0x0000e7243c807140
248212.0,3749208,python,[JIT],0x0000e7243c80e8c0
248212.0,3749208,python,[JIT],0x0000e7243c8b32d4
248212.0,3749208,python,[JIT],0x0000e7243c8b458c
248212.0,3749208,python,[JIT],0x0000e7243c8b4670
248212.0,3749208,python,[JIT],0x0000e7243c8b7144
248212.0,3749586,python,[JIT],0x0000f45d9654e4b4
248212.0,3749586,python,[JIT],0x0000f45d9657d234
248212.0,3749586,python,[JIT],0x0000f45d96af1ce4
248212.0,3749586,python,[JIT],0x0000f45d96af1eb0
248212.0,3749586,python,[JIT],0x0000f45d96af8660
248212.0,3749586,python,[JIT],0x0000f45d96afb384
248212.0,3749586,python,[JIT],0x0000f45d96afc2bc
248212.0,3749586,python,[JIT],0x0000f45d96e11f78
248212.0,3749586,python,[JIT],0x0000f45d96e12a90
248212.0,3749586,python,[JIT],0x0000f45d96e1c97c
248212.0,3749586,python,[JIT],0x0000f45d96ec4224
248212.0,3749586,python,[JIT],0x0000f45d96e1cc88
248212.0,3749586,python,[JIT],0x0000f45d96ec51b4
248212.0,3749240,python,python,PyMember_GetOne
248212.0,3749240,python,[JIT],0x0000ee2d4d0fcb0c
248212.0,3749240,python,[JIT],0x0000ee2d4d0fd888
248212.0,3749240,python,[JIT],0x0000ee2d4ca290cc
248212.0,3749240,python,[JIT],0x0000ee2d4ca5b9b4
248212.0,3749240,python,[JIT],0x0000ee2d4ca93a70
248212.0,3749240,python,[JIT],0x0000ee2d4d0fc3f0
248212.0,3749240,python,[JIT],0x0000ee2d4d2be390
248212.0,3749240,python,[JIT],0x0000ee2d4d2f1e58
248212.0,3749240,python,[JIT],0x0000ee2d4d2f76cc
248212.0,3749240,python,[JIT],0x0000ee2d4d2fca14
248212.0,3749240,python,[JIT],0x0000ee2d4d3a171c
248212.0,3749543,python,[JIT],0x0000f0a3d1934ab4
248212.0,3749543,python,[JIT],0x0000f0a3d19353d4
248212.0,3749543,python,[JIT],0x0000f0a3d197868c
248212.0,3749543,python,[JIT],0x0000f0a3d1cd210c
248212.0,3749543,python,[JIT],0x0000f0a3d1cd3abc
248212.0,3749543,python,[JIT],0x0000f0a3d1cd527c
248212.0,3749543,python,[JIT],0x0000f0a3d1cd5328
248212.0,3749543,python,[JIT],0x0000f0a3d1cd5698
248212.0,3749543,python,[JIT],0x0000f0a3d1cdb6f0
248212.0,3749543,python,[JIT],0x0000f0a3d1cdc3f8
248212.0,3749543,python,[JIT],0x0000f0a3d1d84334
248212.0,3749543,python,[JIT],0x0000f0a3d1d874c0
248212.0,3749543,python,[JIT],0x0000f0a3d1d8ccc0
248212.0,3749336,python,[JIT],0x0000e82e995f37b4
248212.0,3749336,python,[JIT],0x0000e82e99ef66f4
248212.0,3749543,python,[JIT],0x0000f0a3d1d870d4
248212.0,3749543,python,[JIT],0x0000f0a3d1d8f4e0
248212.0,3749463,python,[JIT],0x0000e07d3f93356c
248212.0,3749463,python,[JIT],0x0000e07d3f09cd48
248212.0,3749463,python,[JIT],0x0000e07d3f09e9b4
248212.0,3749463,python,[JIT],0x0000e07d3f0d5c80
248212.0,3749463,python,[JIT],0x0000e07d3f0d6e7c
248212.0,3749463,python,[JIT],0x0000e07d3f6f58d4
248212.0,3749463,python,[JIT],0x0000e07d3f6fc028
248212.0,3749463,python,[JIT],0x0000e07d3f6fd0ac
248212.0,3749463,python,[JIT],0x0000e07d3f93307c
248212.0,3749463,python,[JIT],0x0000e07d3f933c04
248212.0,3749463,python,[JIT],0x0000e07d3f933e28
248212.0,3749463,python,[JIT],0x0000e07d3f93b060
248212.0,3749463,python,[JIT],0x0000e07d3f93b1ac
248212.0,3749463,python,[JIT],0x0000e07d3f93b2c0
248212.0,3749463,python,[JIT],0x0000e07d3f93d68c
248212.0,3749463,python,[JIT],0x0000e07d3f9e2030
248212.0,3749463,python,[JIT],0x0000e07d3f9e2078
248211.0,3749208,python,libc.so.6,__printf_buffer_write
248211.0,3749208,python,[JIT],0x0000e7243bf72124
248211.0,3749208,python,[JIT],0x0000e7243bf741f0
248211.0,3749208,python,[JIT],0x0000e7243bfb94b0
248211.0,3749208,python,[JIT],0x0000e7243bfb9f28
248211.0,3749208,python,[JIT],0x0000e7243c4ee21c
248211.0,3749208,python,[JIT],0x0000e7243c801148
248211.0,3749208,python,[JIT],0x0000e7243c801678
248211.0,3749208,python,[JIT],0x0000e7243c80cb20
248211.0,3749208,python,[JIT],0x0000e7243c80cb28
248211.0,3749208,python,[JIT],0x0000e7243c80e034
248211.0,3749208,python,[JIT],0x0000e7243c80ec18
248211.0,3749586,python,[JIT],0x0000f45d965185c8
248211.0,3749586,python,[JIT],0x0000f45d9657bcb8
248211.0,3749586,python,[JIT],0x0000f45d96af055c
248211.0,3749586,python,[JIT],0x0000f45d96af48ec
248211.0,3749586,python,[JIT],0x0000f45d96afb63c
248211.0,3749586,python,[JIT],0x0000f45d96dde364
248211.0,3749586,python,[JIT],0x0000f45d96e11d60
248211.0,3749586,python,[JIT],0x0000f45d96ec112c
248211.0,3749586,python,[JIT],0x0000f45d96e1c614
248211.0,3749586,python,[JIT],0x0000f45d96e1cc14
248211.0,3749586,python,[JIT],0x0000f45d96e1d16c
248211.0,3749240,python,[JIT],0x0000ee2d4d2be500
248211.0,3749240,python,[JIT],0x0000ee2d4d2fce84
248211.0,3749240,python,[JIT],0x0000ee2d4ca5590c
248211.0,3749240,python,[JIT],0x0000ee2d4ca595bc
248211.0,3749240,python,[JIT],0x0000ee2d4ca91a00
248211.0,3749240,python,[JIT],0x0000ee2d4ca937b0
248211.0,3749240,python,[JIT],0x0000ee2d4ca9b008
248211.0,3749240,python,[JIT],0x0000ee2d4d0eb030
248211.0,3749240,python,[JIT],0x0000ee2d4d0ed5a8
248211.0,3749240,python,[JIT],0x0000ee2d4d2f6138
248211.0,3749240,python,[JIT],0x0000ee2d4d2f9210
248211.0,3749240,python,[JIT],0x0000ee2d4d3a263c
248211.0,3749383,python,[JIT],0x0000ef595c1f4094
248211.0,3749543,python,[JIT],0x0000f0a3d190645c
248211.0,3749543,python,[JIT],0x0000f0a3d19090a4
248211.0,3749543,python,[JIT],0x0000f0a3d190cd98
248211.0,3749543,python,[JIT],0x0000f0a3d190e0a0
248211.0,3749543,python,[JIT],0x0000f0a3d1934304
248211.0,3749543,python,[JIT],0x0000f0a3d1934900
248211.0,3749543,python,[JIT],0x0000f0a3d193d4a8
248211.0,3749543,python,[JIT],0x0000f0a3d193d6e0
248211.0,3749543,python,[JIT],0x0000f0a3d19742a4
248211.0,3749543,python,[JIT],0x0000f0a3d1cd2188
248211.0,3749543,python,[JIT],0x0000f0a3d1cd8060
248211.0,3749543,python,[JIT],0x0000f0a3d1d823b4
248211.0,3749543,python,[JIT],0x0000f0a3d1d8b540
248211.0,3749543,python,[JIT],0x0000f0a3d1d8d404
248211.0,3749543,python,[JIT],0x0000f0a3d1cd5384
248211.0,3749463,python,[JIT],0x0000e07d3f068f78
248211.0,3749463,python,[JIT],0x0000e07d3f0d94ac
248211.0,3749463,python,[JIT],0x0000e07d3f6eb848
248211.0,3749463,python,[JIT],0x0000e07d3f6f54dc
248211.0,3749463,python,[JIT],0x0000e07d3f6f5854
248211.0,3749463,python,[JIT],0x0000e07d3f6fc1b0
248211.0,3749463,python,[JIT],0x0000e07d3f9311e0
248211.0,3749463,python,[JIT],0x0000e07d3f932160
248211.0,3749463,python,[JIT],0x0000e07d3f93d214
248211.0,3749463,python,[JIT],0x0000e07d3f9e106c
248211.0,3749463,python,[JIT],0x0000e07d3f9e4074
248210.0,3749208,python,[JIT],0x0000e7243c80e274
248210.0,3749208,python,[JIT],0x0000e7243c8b31cc
248210.0,3749208,python,[JIT],0x0000e7243c8b38c0
248210.0,3749208,python,[JIT],0x0000e7243c8b76dc
248210.0,3749586,python,[JIT],0x0000f45d96575f50
248210.0,3749586,python,[JIT],0x0000f45d965795b0
248210.0,3749586,python,[JIT],0x0000f45d9657d3f0
248210.0,3749586,python,[JIT],0x0000f45d96af4194
248210.0,3749586,python,[JIT],0x0000f45d96af4938
248210.0,3749586,python,[JIT],0x0000f45d96e11034
248210.0,3749586,python,[JIT],0x0000f45d96e190c4
248210.0,3749586,python,[JIT],0x0000f45d96e190f0
248210.0,3749586,python,[JIT],0x0000f45d96e198d4
248210.0,3749586,python,[JIT],0x0000f45d96e1cc18
248210.0,3749586,python,[JIT],0x0000f45d96ec2500
248210.0,3749240,python,[JIT],0x0000ee2d4d2fcbfc
248210.0,3749240,python,[JIT],0x0000ee2d4ca2c02c
248210.0,3749240,python,[JIT],0x0000ee2d4ca59b08
248210.0,3749240,python,[JIT],0x0000ee2d4ca5e104
248210.0,3749240,python,[JIT],0x0000ee2d4d0f931c
248210.0,3749240,python,[JIT],0x0000ee2d4d2ff110
248210.0,3749240,python,[JIT],0x0000ee2d4d3a182c
248210.0,3749543,python,[JIT],0x0000f0a3d190cbd0
248210.0,3749543,python,[JIT],0x0000f0a3d1934e24
248210.0,3749543,python,[JIT],0x0000f0a3d19786f8
248210.0,3749543,python,[JIT],0x0000f0a3d1cd52a8
248210.0,3749543,python,[JIT],0x0000f0a3d1cd6874
248210.0,3749543,python,[JIT],0x0000f0a3d1cd9a48
248210.0,3749543,python,[JIT],0x0000f0a3d1d814d8
248210.0,3749543,python,[JIT],0x0000f0a3d1d84284
248210.0,3749543,python,[JIT],0x0000f0a3d1d87a48
248210.0,3749543,python,[JIT],0x0000f0a3d1d8839c
248210.0,3749543,python,[JIT],0x0000f0a3d1d8b68c
248210.0,3749336,python,[JIT],0x0000e82e9952e174
248210.0,3749336,python,[JIT],0x0000e82e99559050
248210.0,3749336,python,[JIT],0x0000e82e9955c3b0
248210.0,3749336,python,[JIT],0x0000e82e99584244
248210.0,3749336,python,[JIT],0x0000e82e995bc888
248210.0,3749336,python,[JIT],0x0000e82e99e410ec
248210.0,3749336,python,[JIT],0x0000e82e99e41c34
248210.0,3749336,python,[JIT],0x0000e82e99e4314c
248210.0,3749336,python,[JIT],0x0000e82e99e43314
248210.0,3749336,python,[JIT],0x0000e82e99e4acc0
248210.0,3749336,python,[JIT],0x0000e82e99ef4134
248210.0,3749543,python,python,PyMem_Calloc
248210.0,3749543,python,[JIT],0x0000f0a3d1db734c
248210.0,3749463,python,[JIT],0x0000e07d3f0d2400
248210.0,3749463,python,[JIT],0x0000e07d3f6fc034
248210.0,3749463,python,[JIT],0x0000e07d3f931128
248210.0,3749463,python,[JIT],0x0000e07d3f9311ac
248210.0,3749463,python,[JIT],0x0000e07d3f935330
248210.0,3749463,python,[JIT],0x0000e07d3f93a198
248210.0,3749463,python,[JIT],0x0000e07d3f93a7f4
248210.0,3749463,python,[JIT],0x0000e07d3f93d7b0
248210.0,3749463,python,[JIT],0x0000e07d3f9e1d50
248210.0,3749463,python,[JIT],0x0000e07d3f9e2338
248210.0,3749463,python,[JIT],0x0000e07d3f9e71bc
248209.0,3749208,python,[JIT],0x0000e7243bf74d80
248209.0,3749208,python,[JIT],0x0000e7243bf750b8
248209.0,3749208,python,[JIT],0x0000e7243bf75b20
248209.0,3749208,python,[JIT],0x0000e7243bfb99ac
248209.0,3749208,python,[JIT],0x0000e7243bfbc67c
248209.0,3749208,python,[JIT],0x0000e7243bfbd518
248209.0,3749208,python,[JIT],0x0000e7243c7ceb48
248209.0,3749208,python,[JIT],0x0000e7243c80746c
248209.0,3749208,python,[JIT],0x0000e7243c8083f0
248209.0,3749208,python,[JIT],0x0000e7243c808884
248209.0,3749208,python,[JIT],0x0000e7243c80e35c
248209.0,3749208,python,[JIT],0x0000e7243c8b20fc
248209.0,3749208,python,[JIT],0x0000e7243c8b37a4
248209.0,3749208,python,[JIT],0x0000e7243c8b402c
248209.0,3749208,python,[JIT],0x0000e7243c8b4a44
248209.0,3749586,python,python,_Py_BuiltinCallFastWithKeywords_StackRef
248209.0,3749586,python,[JIT],0x0000f45d964bc8e4
248209.0,3749586,python,[JIT],0x0000f45d9657a1b0
248209.0,3749586,python,[JIT],0x0000f45d965b9e3c
248209.0,3749586,python,[JIT],0x0000f45d96e17000
248209.0,3749586,python,[JIT],0x0000f45d96e1cf84
248209.0,3749240,python,python,_PyList_FromStackRefStealOnSuccess
248209.0,3749240,python,[JIT],0x0000ee2d4d2f1dcc
248209.0,3749240,python,python,builtin_sum
248209.0,3749240,python,[JIT],0x0000ee2d4c99b5b4
248209.0,3749240,python,[JIT],0x0000ee2d4c9f7140
248209.0,3749240,python,[JIT],0x0000ee2d4ca55c70
248209.0,3749240,python,[JIT],0x0000ee2d4ca599bc
248209.0,3749240,python,[JIT],0x0000ee2d4ca5cab0
248209.0,3749240,python,[JIT],0x0000ee2d4ca9127c
248209.0,3749240,python,[JIT],0x0000ee2d4d0eb984
248209.0,3749240,python,[JIT],0x0000ee2d4d0f280c
248209.0,3749240,python,[JIT],0x0000ee2d4d0f9480
248209.0,3749240,python,[JIT],0x0000ee2d4d2be79c
248209.0,3749240,python,[JIT],0x0000ee2d4d2be7a0
248209.0,3749240,python,[JIT],0x0000ee2d4d2be9bc
248209.0,3749240,python,[JIT],0x0000ee2d4d2bee84
248209.0,3749240,python,[JIT],0x0000ee2d4d2fc3f4
248209.0,3749240,python,[JIT],0x0000ee2d4d2fd0ec
248209.0,3749240,python,[JIT],0x0000ee2d4d3a15d0
248209.0,3749383,python,[JIT],0x0000ef595beed55c
248209.0,3749383,python,[JIT],0x0000ef595c14d248
248209.0,3749383,python,[JIT],0x0000ef595c1f44a8
248209.0,3749383,python,[JIT],0x0000ef595c1f4884
248209.0,3749543,python,[JIT],0x0000f0a3d13f1540
248209.0,3749543,python,[JIT],0x0000f0a3d18f6a3c
248209.0,3749543,python,[JIT],0x0000f0a3d1978758
248209.0,3749543,python,[JIT],0x0000f0a3d1cdb088
248209.0,3749543,python,[JIT],0x0000f0a3d1d84158
248209.0,3749543,python,[JIT],0x0000f0a3d1d870e4
248209.0,3749543,python,[JIT],0x0000f0a3d1d8730c
248209.0,3749543,python,[JIT],0x0000f0a3d1d88110
248209.0,3749336,python,[JIT],0x0000e82e9952787c
248209.0,3749336,python,[JIT],0x0000e82e995b1378
248209.0,3749336,python,[JIT],0x0000e82e995b1e60
248209.0,3749336,python,[JIT],0x0000e82e995b2210
248209.0,3749336,python,[JIT],0x0000e82e99e470bc
248209.0,3749336,python,[JIT],0x0000e82e99e4e0f0
248209.0,3749336,python,[JIT],0x0000e82e99ef9d7c
248209.0,3749543,python,[JIT],0x0000f0a3d1cd30d4
248209.0,3749543,python,[JIT],0x0000f0a3d1cd51d8
248209.0,3749543,python,[JIT],0x0000f0a3d1d84608
248209.0,3749336,python,[JIT],0x0000e82e99ef5988
248209.0,3749463,python,[JIT],0x0000e07d3f039d3c
248209.0,3749463,python,[JIT],0x0000e07d3f03d7e8
248209.0,3749463,python,[JIT],0x0000e07d3f096e34
248209.0,3749463,python,[JIT],0x0000e07d3f09c9c0
248209.0,3749463,python,[JIT],0x0000e07d3f0d5350
248209.0,3749463,python,[JIT],0x0000e07d3f6f609c
248209.0,3749463,python,[JIT],0x0000e07d3f931b08
248209.0,3749463,python,[JIT],0x0000e07d3f9330a8
248209.0,3749463,python,[JIT],0x0000e07d3f933680
248209.0,3749463,python,[JIT],0x0000e07d3f9336b8
248209.0,3749463,python,[JIT],0x0000e07d3f9339d4
248209.0,3749463,python,[JIT],0x0000e07d3f93b6fc
248209.0,3749463,python,[JIT],0x0000e07d3f9e12a4
248209.0,3749463,python,[JIT],0x0000e07d3f9e526c
248209.0,3749463,python,[JIT],0x0000e07d3f9e5744
248208.0,3749208,python,[JIT],0x0000e7243bee732c
248208.0,3749208,python,[JIT],0x0000e7243bf493a4
248208.0,3749208,python,[JIT],0x0000e7243bf4c2c4
248208.0,3749208,python,[JIT],0x0000e7243bfb91a8
248208.0,3749208,python,[JIT],0x0000e7243bfb9518
248208.0,3749208,python,[JIT],0x0000e7243c4ee4e4
248208.0,3749208,python,[JIT],0x0000e7243c4ee550
248208.0,3749208,python,[JIT],0x0000e7243c4ee610
248208.0,3749208,python,[JIT],0x0000e7243c7ceb10
248208.0,3749208,python,[JIT],0x0000e7243c805090
248208.0,3749208,python,[JIT],0x0000e7243c8054e0
248208.0,3749208,python,[JIT],0x0000e7243c8b41c4
248208.0,3749586,python,[JIT],0x0000f45d96579e58
248208.0,3749586,python,[JIT],0x0000f45d96af14ec
248208.0,3749586,python,[JIT],0x0000f45d96af834c
248208.0,3749586,python,[JIT],0x0000f45d96e14360
248208.0,3749586,python,[JIT],0x0000f45d96e17738
248208.0,3749586,python,[JIT],0x0000f45d96e17d88
248208.0,3749586,python,[JIT],0x0000f45d96e1c57c
248208.0,3749586,python,[JIT],0x0000f45d96e1cc98
248208.0,3749586,python,[JIT],0x0000f45d96e157b8
248208.0,3749586,python,[JIT],0x0000f45d96e1726c
248208.0,3749240,python,[JIT],0x0000ee2d4c9f7c0c
248208.0,3749240,python,[JIT],0x0000ee2d4ca55100
248208.0,3749240,python,[JIT],0x0000ee2d4ca5581c
248208.0,3749240,python,[JIT],0x0000ee2d4ca5bb30
248208.0,3749240,python,[JIT],0x0000ee2d4ca9306c
248208.0,3749240,python,[JIT],0x0000ee2d4ca9b90c
248208.0,3749240,python,[JIT],0x0000ee2d4d0f2a64
248208.0,3749240,python,[JIT],0x0000ee2d4d0f37c0
248208.0,3749240,python,[JIT],0x0000ee2d4d2be758
248208.0,3749240,python,[JIT],0x0000ee2d4d2be9b0
248208.0,3749240,python,[JIT],0x0000ee2d4d2f2050
248208.0,3749240,python,[JIT],0x0000ee2d4d2fa33c
248208.0,3749383,python,[JIT],0x0000ef595beeba00
248208.0,3749383,python,[JIT],0x0000ef595c14de0c
248208.0,3749543,python,[JIT],0x0000f0a3d19096e4
248208.0,3749543,python,[JIT],0x0000f0a3d190c370
248208.0,3749543,python,[JIT],0x0000f0a3d1934cb8
248208.0,3749543,python,[JIT],0x0000f0a3d19782f0
248208.0,3749543,python,[JIT],0x0000f0a3d1cdb8bc
248208.0,3749543,python,[JIT],0x0000f0a3d1d82b58
248208.0,3749543,python,[JIT],0x0000f0a3d1d8849c
248208.0,3749336,python,[JIT],0x0000e82e995b8e84
248208.0,3749543,python,[JIT],0x0000f0a3d1d8f204
248208.0,3749463,python,[JIT],0x0000e07d3f034ac8
248208.0,3749463,python,[JIT],0x0000e07d3f037254
248208.0,3749463,python,[JIT],0x0000e07d3f065524
248208.0,3749463,python,[JIT],0x0000e07d3f09cf94
248208.0,3749463,python,[JIT],0x0000e07d3f935724
248208.0,3749463,python,[JIT],0x0000e07d3f9e138c
248208.0,3749463,python,[JIT],0x0000e07d3f9e1798
248208.0,3749463,python,[JIT],0x0000e07d3f9e1a50
248208.0,3749463,python,[JIT],0x0000e07d3f9e51d0
248207.0,3749208,python,[JIT],0x0000e7243beb1a28
248207.0,3749208,python,[JIT],0x0000e7243bee5394
248207.0,3749208,python,[JIT],0x0000e7243bf1339c
248207.0,3749208,python,[JIT],0x0000e7243c4ee3c0
248207.0,3749208,python,[JIT],0x0000e7243c4ee4d8
248207.0,3749208,python,[JIT],0x0000e7243c8010a8
248207.0,3749208,python,[JIT],0x0000e7243c805210
248207.0,3749208,python,[JIT],0x0000e7243c807a58
248207.0,3749208,python,[JIT],0x0000e7243c807ac0
248207.0,3749208,python,[JIT],0x0000e7243c80e534
248207.0,3749208,python,[JIT],0x0000e7243c8b10f8
248207.0,3749208,python,[JIT],0x0000e7243c8b4454
248207.0,3749208,python,[JIT],0x0000e7243c8b7270
248207.0,3749208,python,[JIT],0x0000e7243c8b77f4
248207.0,3749586,python,[JIT],0x0000f45d964e1078
248207.0,3749586,python,[JIT],0x0000f45d965729c0
248207.0,3749586,python,[JIT],0x0000f45d96af1bc8
248207.0,3749586,python,[JIT],0x0000f45d96af8394
248207.0,3749586,python,[JIT],0x0000f45d96af9dd8
248207.0,3749586,python,[JIT],0x0000f45d96e12688
248207.0,3749586,python,[JIT],0x0000f45d96e1704c
248207.0,3749586,python,[JIT],0x0000f45d96e17378
248207.0,3749586,python,[JIT],0x0000f45d96e19a34
248207.0,3749586,python,[JIT],0x0000f45d96e1ce94
248207.0,3749586,python,[JIT],0x0000f45d96ec50c0
248207.0,3749586,python,[JIT],0x0000f45d96dde27c
248207.0,3749586,python,[JIT],0x0000f45d96e1c9cc
248207.0,3749240,python,[JIT],0x0000ee2d4d3d100c
248207.0,3749240,python,[JIT],0x0000ee2d4c9c6978
248207.0,3749240,python,[JIT],0x0000ee2d4ca24618
248207.0,3749240,python,[JIT],0x0000ee2d4ca5c468
248207.0,3749240,python,[JIT],0x0000ee2d4d0f14b0
248207.0,3749240,python,[JIT],0x0000ee2d4d0f32ac
248207.0,3749240,python,[JIT],0x0000ee2d4d0f65d0
248207.0,3749240,python,[JIT],0x0000ee2d4d0fa2d4
248207.0,3749240,python,[JIT],0x0000ee2d4d0fd0cc
248207.0,3749240,python,[JIT],0x0000ee2d4d2be820
248207.0,3749240,python,[JIT],0x0000ee2d4d2f92fc
248207.0,3749240,python,[JIT],0x0000ee2d4d2f9b74
248207.0,3749240,python,[JIT],0x0000ee2d4d2fb008
248207.0,3749240,python,[JIT],0x0000ee2d4d2fc148
248207.0,3749383,python,[JIT],0x0000ef595c1453d0
248207.0,3749543,python,[JIT],0x0000f0a3d1932acc
248207.0,3749543,python,[JIT],0x0000f0a3d1934c3c
248207.0,3749543,python,[JIT],0x0000f0a3d1cd2548
248207.0,3749543,python,[JIT],0x0000f0a3d1cd5368
248207.0,3749543,python,[JIT],0x0000f0a3d1cd9684
248207.0,3749543,python,[JIT],0x0000f0a3d1d8204c
248207.0,3749543,python,[JIT],0x0000f0a3d1d876f0
248207.0,3749543,python,[JIT],0x0000f0a3d1d8776c
248207.0,3749543,python,[JIT],0x0000f0a3d1d87800
248207.0,3749543,python,[JIT],0x0000f0a3d1d8b450
248207.0,3749543,python,[JIT],0x0000f0a3d1d8da98
248207.0,3749336,python,[JIT],0x0000e82e995b15d8
248207.0,3749336,python,[JIT],0x0000e82e99e43334
248207.0,3749336,python,[JIT],0x0000e82e99e47cd4
248207.0,3749336,python,[JIT],0x0000e82e99ef59f4
248207.0,3749543,python,[JIT],0x0000f0a3d1d8b084
248207.0,3749336,python,[JIT],0x0000e82e99e443e4
248207.0,3749463,python,[JIT],0x0000e07d3f005684
248207.0,3749463,python,[JIT],0x0000e07d3f0d2794
248207.0,3749463,python,[JIT],0x0000e07d3f0d5a20
248207.0,3749463,python,[JIT],0x0000e07d3f0d6db0
248207.0,3749463,python,[JIT],0x0000e07d3f6ef990
248207.0,3749463,python,[JIT],0x0000e07d3f6f6008
248207.0,3749463,python,[JIT],0x0000e07d3f6fd364
248207.0,3749463,python,[JIT],0x0000e07d3f6fe68c
248207.0,3749463,python,[JIT],0x0000e07d3f8fe7e0
248207.0,3749463,python,[JIT],0x0000e07d3f9314a8
248207.0,3749463,python,[JIT],0x0000e07d3f9350e4
248207.0,3749463,python,[JIT],0x0000e07d3f9e14b4
248207.0,3749463,python,[JIT],0x0000e07d3f9e1524
248207.0,3749463,python,[JIT],0x0000e07d3f9e1a64
248207.0,3749463,python,[JIT],0x0000e07d3f9e1b9c
248206.0,3749208,python,python,_PyList_Extend
248206.0,3749208,python,[JIT],0x0000e7243bee14ac
248206.0,3749208,python,[JIT],0x0000e7243bf49004
248206.0,3749208,python,[JIT],0x0000e7243bf4c0b8
248206.0,3749208,python,[JIT],0x0000e7243bf753d8
248206.0,3749208,python,[JIT],0x0000e7243bf75620
248206.0,3749208,python,[JIT],0x0000e7243bf790fc
248206.0,3749208,python,[JIT],0x0000e7243bfb95b4
248206.0,3749208,python,[JIT],0x0000e7243bfbb1a8
248206.0,3749208,python,[JIT],0x0000e7243c7ce9fc
248206.0,3749208,python,[JIT],0x0000e7243c801274
248206.0,3749208,python,[JIT],0x0000e7243c805948
248206.0,3749208,python,[JIT],0x0000e7243c808ebc
248206.0,3749208,python,[JIT],0x0000e7243c8b21bc
248206.0,3749208,python,[JIT],0x0000e7243c8b3380
248206.0,3749208,python,[JIT],0x0000e7243c8b3c9c
248206.0,3749208,python,[JIT],0x0000e7243c8b42fc
248206.0,3749586,python,python,set_update_local
248206.0,3749586,python,[JIT],0x0000f45d9654453c
248206.0,3749586,python,[JIT],0x0000f45d9654c468
248206.0,3749586,python,[JIT],0x0000f45d96af075c
248206.0,3749586,python,[JIT],0x0000f45d96af20dc
248206.0,3749586,python,[JIT],0x0000f45d96af2450
248206.0,3749586,python,[JIT],0x0000f45d96af9584
248206.0,3749586,python,[JIT],0x0000f45d96afc768
248206.0,3749586,python,[JIT],0x0000f45d96dde4cc
248206.0,3749586,python,[JIT],0x0000f45d96e17968
248206.0,3749586,python,[kernel.kallsyms],__task_pid_nr_ns
248206.0,3749240,python,python,PyObject_GenericGetAttr
248206.0,3749240,python,[JIT],0x0000ee2d4d2f92c4
248206.0,3749240,python,[JIT],0x0000ee2d4ca24b10
248206.0,3749240,python,[JIT],0x0000ee2d4ca290e8
248206.0,3749240,python,[JIT],0x0000ee2d4ca59220
248206.0,3749240,python,[JIT],0x0000ee2d4d0f13f4
248206.0,3749240,python,[JIT],0x0000ee2d4d0f31d4
248206.0,3749240,python,[JIT],0x0000ee2d4d0f9434
248206.0,3749240,python,[JIT],0x0000ee2d4d2f1390
248206.0,3749240,python,[JIT],0x0000ee2d4d2f98bc
248206.0,3749240,python,[JIT],0x0000ee2d4d2fb1a8
248206.0,3749240,python,[JIT],0x0000ee2d4d2fcb80
248206.0,3749543,python,[JIT],0x0000f0a3d18f0384
248206.0,3749543,python,[JIT],0x0000f0a3d18f6268
248206.0,3749543,python,[JIT],0x0000f0a3d197a760
248206.0,3749543,python,[JIT],0x0000f0a3d1cd3204
248206.0,3749543,python,[JIT],0x0000f0a3d1cdbcc0
248206.0,3749543,python,[JIT],0x0000f0a3d1d87188
248206.0,3749543,python,[JIT],0x0000f0a3d1d87e94
248206.0,3749543,python,[JIT],0x0000f0a3d1d88320
248206.0,3749336,python,[JIT],0x0000e82e995f81d4
248206.0,3749336,python,[JIT],0x0000e82e99e411fc
248206.0,3749336,python,[JIT],0x0000e82e99e47850
248206.0,3749336,python,[JIT],0x0000e82e99e4e4e4
248206.0,3749543,python,python,PyMem_Realloc
248206.0,3749543,python,[JIT],0x0000f0a3d1d87f2c
248206.0,3749463,python,python,_PyUnicode_ExactDealloc
248206.0,3749336,python,python,unicode_dealloc
248206.0,3749463,python,python,tuple_subscript
248206.0,3749463,python,[JIT],0x0000e07d3f06d584
248206.0,3749463,python,[JIT],0x0000e07d3f09d280
248206.0,3749463,python,[JIT],0x0000e07d3f6f07e0
248206.0,3749463,python,[JIT],0x0000e07d3f6f8ad8
248206.0,3749463,python,[JIT],0x0000e07d3f9312a8
248206.0,3749463,python,[JIT],0x0000e07d3f933c64
248206.0,3749463,python,[JIT],0x0000e07d3f935804
248206.0,3749463,python,[JIT],0x0000e07d3f93688c
248206.0,3749463,python,[JIT],0x0000e07d3f93b1d0
248206.0,3749463,python,[JIT],0x0000e07d3f93d818
248205.0,3749208,python,[JIT],0x0000e7243bee5ce4
248205.0,3749208,python,[JIT],0x0000e7243bf16094
248205.0,3749208,python,[JIT],0x0000e7243bf74aac
248205.0,3749208,python,[JIT],0x0000e7243bf74b70
248205.0,3749208,python,[JIT],0x0000e7243bfb9dd4
248205.0,3749208,python,[JIT],0x0000e7243bfbcba8
248205.0,3749208,python,[JIT],0x0000e7243c4eb134
248205.0,3749208,python,[JIT],0x0000e7243c4ee4c8
248205.0,3749208,python,[JIT],0x0000e7243c4eeae8
248205.0,3749208,python,[JIT],0x0000e7243c801404
248205.0,3749208,python,[JIT],0x0000e7243c802094
248205.0,3749208,python,[JIT],0x0000e7243c808d38
248205.0,3749208,python,[JIT],0x0000e7243c80f35c
248205.0,3749208,python,[JIT],0x0000e7243c8b1314
248205.0,3749208,python,[JIT],0x0000e7243c8b3800
248205.0,3749208,python,[JIT],0x0000e7243c8b4aa8
248205.0,3749586,python,[JIT],0x0000f45d964e3e48
248205.0,3749586,python,[JIT],0x0000f45d96517af4
248205.0,3749586,python,[JIT],0x0000f45d9657590c
248205.0,3749586,python,[JIT],0x0000f45d965b11f4
248205.0,3749586,python,[JIT],0x0000f45d96af268c
248205.0,3749586,python,[JIT],0x0000f45d96dde09c
248205.0,3749586,python,[JIT],0x0000f45d96ddee3c
248205.0,3749586,python,[JIT],0x0000f45d96e173fc
248205.0,3749586,python,python,set_update_local
248205.0,3749586,python,[JIT],0x0000f45d96dde60c
248205.0,3749586,python,[JIT],0x0000f45d96e12d64
248205.0,3749586,python,[JIT],0x0000f45d96e17250
248205.0,3749586,python,[JIT],0x0000f45d96e1d1fc
248205.0,3749240,python,[JIT],0x0000ee2d4d0f9004
248205.0,3749240,python,[JIT],0x0000ee2d4ca242bc
248205.0,3749240,python,[JIT],0x0000ee2d4ca55890
248205.0,3749240,python,[JIT],0x0000ee2d4ca91544
248205.0,3749240,python,[JIT],0x0000ee2d4d0f2524
248205.0,3749240,python,[JIT],0x0000ee2d4d0fa3a4
248205.0,3749240,python,[JIT],0x0000ee2d4d2be720
248205.0,3749240,python,[JIT],0x0000ee2d4d2f29dc
248205.0,3749240,python,[JIT],0x0000ee2d4d2f73b0
248205.0,3749240,python,[JIT],0x0000ee2d4d2fc308
248205.0,3749240,python,[JIT],0x0000ee2d4d2ff134
248205.0,3749240,python,[JIT],0x0000ee2d4d3a14a8
248205.0,3749240,python,[JIT],0x0000ee2d4d3a168c
248205.0,3749240,python,[JIT],0x0000ee2d4d3a336c
248205.0,3749383,python,[kernel.kallsyms],perf_iterate_ctx
248205.0,3749383,python,[JIT],0x0000ef595c14ddb8
248205.0,3749543,python,[JIT],0x0000f0a3d190c114
248205.0,3749543,python,[JIT],0x0000f0a3d193865c
248205.0,3749543,python,[JIT],0x0000f0a3d193d440
248205.0,3749543,python,[JIT],0x0000f0a3d19785c8
248205.0,3749543,python,[JIT],0x0000f0a3d1978600
248205.0,3749543,python,[JIT],0x0000f0a3d19786e4
248205.0,3749543,python,[JIT],0x0000f0a3d1cd54d0
248205.0,3749543,python,[JIT],0x0000f0a3d1cd9ba8
248205.0,3749543,python,[JIT],0x0000f0a3d1cdc5e4
248205.0,3749543,python,[JIT],0x0000f0a3d1cdc73c
248205.0,3749543,python,[JIT],0x0000f0a3d1d8a254
248205.0,3749543,python,[JIT],0x0000f0a3d1d8b0b4
248205.0,3749543,python,[JIT],0x0000f0a3d1d8b200
248205.0,3749543,python,[JIT],0x0000f0a3d1d8ca58
248205.0,3749336,python,[JIT],0x0000e82e99529258
248205.0,3749336,python,[JIT],0x0000e82e9952d034
248205.0,3749336,python,[JIT],0x0000e82e99ef95ac
248205.0,3749336,python,[JIT],0x0000e82e99efb318
248205.0,3749543,python,[JIT],0x0000f0a3d1d87768
248205.0,3749336,python,python,_PyThreadState_PushFrame
248205.0,3749463,python,[JIT],0x0000e07d3f0051e4
248205.0,3749463,python,[JIT],0x0000e07d3f039d68
248205.0,3749463,python,[JIT],0x0000e07d3f068338
248205.0,3749463,python,[JIT],0x0000e07d3f099638
248205.0,3749463,python,[JIT],0x0000e07d3f09cd10
248205.0,3749463,python,[JIT],0x0000e07d3f09d128
248205.0,3749463,python,[JIT],0x0000e07d3f6f0400
248205.0,3749463,python,[JIT],0x0000e07d3f6f5894
248205.0,3749463,python,[JIT],0x0000e07d3f6f66cc
248205.0,3749463,python,[JIT],0x0000e07d3f6f862c
248205.0,3749463,python,[JIT],0x0000e07d3f6fd110
248205.0,3749463,python,[JIT],0x0000e07d3f935300
248205.0,3749463,python,[JIT],0x0000e07d3f9e11d4
248204.0,3749208,python,[JIT],0x0000e7243beb6218
248204.0,3749208,python,[JIT],0x0000e7243beb62a8
248204.0,3749208,python,[JIT],0x0000e7243beecb94
248204.0,3749208,python,[JIT],0x0000e7243bfbd14c
248204.0,3749208,python,[JIT],0x0000e7243c7ce0d4
248204.0,3749208,python,[JIT],0x0000e7243c801388
248204.0,3749208,python,[JIT],0x0000e7243c8016cc
248204.0,3749208,python,[JIT],0x0000e7243c808d64
248204.0,3749208,python,[JIT],0x0000e7243c80e2ac
248204.0,3749208,python,[JIT],0x0000e7243c80e3e8
248204.0,3749208,python,[JIT],0x0000e7243c8b1560
248204.0,3749208,python,[JIT],0x0000e7243c8b7068
248204.0,3749208,python,[JIT],0x0000e7243c8b7190
248204.0,3749586,python,[JIT],0x0000f45d96578684
248204.0,3749586,python,[JIT],0x0000f45d9657b580
248204.0,3749586,python,[JIT],0x0000f45d965b51dc
248204.0,3749586,python,[JIT],0x0000f45d96af9d98
248204.0,3749586,python,[JIT],0x0000f45d96dde104
248204.0,3749586,python,[JIT],0x0000f45d96ddedcc
248204.0,3749586,python,[JIT],0x0000f45d96e12070
248204.0,3749586,python,[JIT],0x0000f45d96e17234
248204.0,3749586,python,[JIT],0x0000f45d96e1c58c
248204.0,3749586,python,[JIT],0x0000f45d96ec21c8
248204.0,3749586,python,[JIT],0x0000f45d96e17fc8
248204.0,3749586,python,[JIT],0x0000f45d96e1c260
248204.0,3749586,python,[JIT],0x0000f45d96e1ccd0
248204.0,3749240,python,[JIT],0x0000ee2d4d3a11f0
248204.0,3749240,python,[JIT],0x0000ee2d4d3cd028
248204.0,3749240,python,[JIT],0x0000ee2d4ca25384
248204.0,3749240,python,[JIT],0x0000ee2d4ca5960c
248204.0,3749240,python,[JIT],0x0000ee2d4ca5c42c
248204.0,3749240,python,[JIT],0x0000ee2d4d0f27d0
248204.0,3749240,python,[JIT],0x0000ee2d4d0f3044
248204.0,3749240,python,[JIT],0x0000ee2d4d0fa2cc
248204.0,3749240,python,[JIT],0x0000ee2d4d2bec60
248204.0,3749240,python,[JIT],0x0000ee2d4d2f1814
248204.0,3749240,python,[JIT],0x0000ee2d4d2f1e48
248204.0,3749240,python,[JIT],0x0000ee2d4d2f6110
248204.0,3749240,python,[JIT],0x0000ee2d4d2f86f4
248204.0,3749240,python,[JIT],0x0000ee2d4d2f9294
248204.0,3749383,python,python,set_add_entry_takeref
248204.0,3749543,python,python,emit__LOAD_CONST_INLINE_BORROW_r12
248204.0,3749543,python,[JIT],0x0000f0a3d1973720
248204.0,3749543,python,[JIT],0x0000f0a3d1978510
248204.0,3749543,python,[JIT],0x0000f0a3d1cd384c
248204.0,3749543,python,[JIT],0x0000f0a3d1cd6654
248204.0,3749543,python,[JIT],0x0000f0a3d1cd80fc
248204.0,3749543,python,[JIT],0x0000f0a3d1d84128
248204.0,3749336,python,[JIT],0x0000e82e995fe0d0
248204.0,3749336,python,[JIT],0x0000e82e995fe918
248204.0,3749336,python,[JIT],0x0000e82e99e4e320
248204.0,3749336,python,[JIT],0x0000e82e99efabec
248204.0,3749463,python,[JIT],0x0000e07d3f09ce3c
248204.0,3749463,python,[JIT],0x0000e07d3f6eeca4
248204.0,3749463,python,[JIT],0x0000e07d3f6effb8
248204.0,3749463,python,[JIT],0x0000e07d3f931054
248204.0,3749463,python,[JIT],0x0000e07d3f93324c
248204.0,3749463,python,[JIT],0x0000e07d3f933894
248204.0,3749463,python,[JIT],0x0000e07d3f934878
248204.0,3749463,python,[JIT],0x0000e07d3f93d48c
248204.0,3749463,python,[JIT],0x0000e07d3f93d70c
248204.0,3749463,python,[JIT],0x0000e07d3f9e11c8
248204.0,3749463,python,[JIT],0x0000e07d3f9e18b4
248204.0,3749463,python,[JIT],0x0000e07d3f9e2408
248203.0,3749208,python,python,type_call
248203.0,3749208,python,[JIT],0x0000e7243bf42698
248203.0,3749208,python,[JIT],0x0000e7243bf74228
248203.0,3749208,python,[JIT],0x0000e7243bf75e6c
248203.0,3749208,python,[JIT],0x0000e7243c4ee4e8
248203.0,3749208,python,[JIT],0x0000e7243c4ee6d0
248203.0,3749208,python,[JIT],0x0000e7243c7ce0f8
248203.0,3749208,python,[JIT],0x0000e7243c8053e8
248203.0,3749208,python,[JIT],0x0000e7243c805ce0
248203.0,3749208,python,[JIT],0x0000e7243c8080fc
248203.0,3749208,python,[JIT],0x0000e7243c80880c
248203.0,3749208,python,[JIT],0x0000e7243c80e0d4
248203.0,3749208,python,[JIT],0x0000e7243c80ea8c
248203.0,3749586,python,[JIT],0x0000f45d9657cf20
248203.0,3749586,python,[JIT],0x0000f45d96af24f8
248203.0,3749586,python,[JIT],0x0000f45d96af908c
248203.0,3749586,python,[JIT],0x0000f45d96dde4a8
248203.0,3749586,python,[JIT],0x0000f45d96e1c598
248203.0,3749586,python,[JIT],0x0000f45d96e1c710
248203.0,3749586,python,[JIT],0x0000f45d96e1c968
248203.0,3749586,python,[JIT],0x0000f45d96e1f070
248203.0,3749586,python,[JIT],0x0000f45d96ec37e4
248203.0,3749240,python,[JIT],0x0000ee2d4ca5ca50
248203.0,3749240,python,[JIT],0x0000ee2d4ca9b568
248203.0,3749240,python,[JIT],0x0000ee2d4d0f909c
248203.0,3749240,python,[JIT],0x0000ee2d4d0f90b4
248203.0,3749240,python,[JIT],0x0000ee2d4d3a17a0
248203.0,3749543,python,[JIT],0x0000f0a3d1909958
248203.0,3749543,python,[JIT],0x0000f0a3d1978308
248203.0,3749543,python,[JIT],0x0000f0a3d197b254
248203.0,3749543,python,[JIT],0x0000f0a3d1cd36c4
248203.0,3749543,python,[JIT],0x0000f0a3d1cd92f4
248203.0,3749543,python,[JIT],0x0000f0a3d1cd9510
248203.0,3749543,python,[JIT],0x0000f0a3d1cd9630
248203.0,3749543,python,[JIT],0x0000f0a3d1cd9690
248203.0,3749543,python,[JIT],0x0000f0a3d1d81320
248203.0,3749543,python,[JIT],0x0000f0a3d1d842fc
248203.0,3749543,python,[JIT],0x0000f0a3d1d88854
248203.0,3749336,python,[JIT],0x0000e82e9952b184
248203.0,3749336,python,[JIT],0x0000e82e9952d070
248203.0,3749336,python,[JIT],0x0000e82e995580d8
248203.0,3749336,python,[JIT],0x0000e82e995b7dec
248203.0,3749336,python,[JIT],0x0000e82e995f72d8
248203.0,3749336,python,[JIT],0x0000e82e99e4328c
248203.0,3749336,python,[JIT],0x0000e82e99e4771c
248203.0,3749336,python,[JIT],0x0000e82e99ef5248
248203.0,3749543,python,[JIT],0x0000f0a3d1d860ec
248203.0,3749463,python,[JIT],0x0000e07d3f6fc364
248203.0,3749463,python,[JIT],0x0000e07d3efd52ec
248203.0,3749463,python,[JIT],0x0000e07d3f002318
248203.0,3749463,python,[JIT],0x0000e07d3f039ab8
248203.0,3749463,python,[JIT],0x0000e07d3f0d55bc
248203.0,3749463,python,[JIT],0x0000e07d3f0d60e0
248203.0,3749463,python,[JIT],0x0000e07d3f6eea2c
248203.0,3749463,python,[JIT],0x0000e07d3f6eed90
248203.0,3749463,python,[JIT],0x0000e07d3f6fd5a8
248203.0,3749463,python,[JIT],0x0000e07d3f93158c
248203.0,3749463,python,[JIT],0x0000e07d3f933b58
248203.0,3749463,python,[JIT],0x0000e07d3f93b1a8
248202.0,3749208,python,python,PyObject_LengthHint
248202.0,3749208,python,[JIT],0x0000e7243bf19d5c
248202.0,3749208,python,[JIT],0x0000e7243bf754cc
248202.0,3749208,python,[JIT],0x0000e7243c8010c8
248202.0,3749208,python,[JIT],0x0000e7243c801460
248202.0,3749208,python,[JIT],0x0000e7243c8b3ee8
248202.0,3749208,python,[JIT],0x0000e7243c8b4188
248202.0,3749586,python,python,_PyStaticType_GetState
248202.0,3749586,python,[JIT],0x0000f45d965794ac
248202.0,3749586,python,[JIT],0x0000f45d965b1078
248202.0,3749586,python,[JIT],0x0000f45d96af14c0
248202.0,3749586,python,[JIT],0x0000f45d96af214c
248202.0,3749586,python,[JIT],0x0000f45d96af80a0
248202.0,3749586,python,[JIT],0x0000f45d96af9190
248202.0,3749586,python,[JIT],0x0000f45d96afc0f8
248202.0,3749586,python,[JIT],0x0000f45d96dde90c
248202.0,3749586,python,[JIT],0x0000f45d96e12068
248202.0,3749586,python,[JIT],0x0000f45d96e192b0
248202.0,3749586,python,[JIT],0x0000f45d96e1c3a8
248202.0,3749586,python,[JIT],0x0000f45d96e1c578
248202.0,3749586,python,[JIT],0x0000f45d96ec1084
248202.0,3749240,python,[JIT],0x0000ee2d4c9c14d4
248202.0,3749240,python,[JIT],0x0000ee2d4ca2e974
248202.0,3749240,python,[JIT],0x0000ee2d4ca5d7f8
248202.0,3749240,python,[JIT],0x0000ee2d4d2beeb4
248202.0,3749240,python,[JIT],0x0000ee2d4d2f22f0
248202.0,3749240,python,[JIT],0x0000ee2d4d2f6330
248202.0,3749240,python,[JIT],0x0000ee2d4d2fd7dc
248202.0,3749240,python,[JIT],0x0000ee2d4d2ff294
248202.0,3749240,python,[JIT],0x0000ee2d4d3a1150
248202.0,3749383,python,python,set_dealloc
248202.0,3749383,python,[JIT],0x0000ef595b8fe38c
248202.0,3749543,python,[JIT],0x0000f0a3d1909474
248202.0,3749543,python,[JIT],0x0000f0a3d1cd2228
248202.0,3749543,python,[JIT],0x0000f0a3d1cd35a4
248202.0,3749543,python,[JIT],0x0000f0a3d1cd80d0
248202.0,3749543,python,[JIT],0x0000f0a3d1d84208
248202.0,3749543,python,[JIT],0x0000f0a3d1d84214
248202.0,3749543,python,[JIT],0x0000f0a3d1d8425c
248202.0,3749543,python,[JIT],0x0000f0a3d1d845d0
248202.0,3749543,python,[JIT],0x0000f0a3d1d874e4
248202.0,3749543,python,[JIT],0x0000f0a3d1d877e0
248202.0,3749543,python,[JIT],0x0000f0a3d1d8892c
248202.0,3749543,python,[JIT],0x0000f0a3d1d8a1b4
248202.0,3749336,python,[JIT],0x0000e82e993c943c
248202.0,3749336,python,[JIT],0x0000e82e9955b8cc
248202.0,3749336,python,[JIT],0x0000e82e995b3004
248202.0,3749336,python,[JIT],0x0000e82e995f80a4
248202.0,3749336,python,[JIT],0x0000e82e99e41f64
248202.0,3749463,python,python,emit__START_EXECUTOR_r00
248202.0,3749463,python,[JIT],0x0000e07d3f034c5c
248202.0,3749463,python,[JIT],0x0000e07d3f0d5838
248202.0,3749463,python,[JIT],0x0000e07d3f6f652c
248202.0,3749463,python,[JIT],0x0000e07d3f6f65f0
248202.0,3749463,python,[JIT],0x0000e07d3f6fd12c
248202.0,3749463,python,[JIT],0x0000e07d3f93342c
248202.0,3749463,python,[JIT],0x0000e07d3f9338a0
248202.0,3749463,python,[JIT],0x0000e07d3f933d8c
248202.0,3749463,python,[JIT],0x0000e07d3f936894
248202.0,3749463,python,[JIT],0x0000e07d3f93bbac
248202.0,3749463,python,[JIT],0x0000e07d3f9e5038
248202.0,3749463,python,[JIT],0x0000e07d3f9e8224
248201.0,3749208,python,[JIT],0x0000e7243beeb208
248201.0,3749208,python,[JIT],0x0000e7243beec904
248201.0,3749208,python,[JIT],0x0000e7243bf199e0
248201.0,3749208,python,[JIT],0x0000e7243bf1dc3c
248201.0,3749208,python,[JIT],0x0000e7243bf4c124
248201.0,3749208,python,[JIT],0x0000e7243bf4eb5c
248201.0,3749208,python,[JIT],0x0000e7243bf75c90
248201.0,3749208,python,[JIT],0x0000e7243bf766d0
248201.0,3749208,python,[JIT],0x0000e7243bfb1230
248201.0,3749208,python,[JIT],0x0000e7243bfb31f0
248201.0,3749208,python,[JIT],0x0000e7243bfba9c8
248201.0,3749208,python,[JIT],0x0000e7243c4ec1b8
248201.0,3749208,python,[JIT],0x0000e7243c80a2c0
248201.0,3749208,python,[JIT],0x0000e7243c80c1b0
248201.0,3749208,python,[JIT],0x0000e7243c80c410
248201.0,3749208,python,[JIT],0x0000e7243c80cd0c
248201.0,3749208,python,[JIT],0x0000e7243c8b35d4
248201.0,3749208,python,[JIT],0x0000e7243c8b3a0c
248201.0,3749208,python,[JIT],0x0000e7243c8b4c10
248201.0,3749208,python,[JIT],0x0000e7243c8b7224
248201.0,3749208,python,[JIT],0x0000e7243c8bb628
248201.0,3749586,python,[JIT],0x0000f45d96af1db0
248201.0,3749586,python,[JIT],0x0000f45d96af31a4
248201.0,3749586,python,[JIT],0x0000f45d96e12524
248201.0,3749586,python,[JIT],0x0000f45d96e128b4
248201.0,3749586,python,[JIT],0x0000f45d96e12c64
248201.0,3749586,python,[JIT],0x0000f45d96e1c364
248201.0,3749586,python,[JIT],0x0000f45d96ec2868
248201.0,3749240,python,[JIT],0x0000ee2d4d2f721c
248201.0,3749240,python,[JIT],0x0000ee2d4c991468
248201.0,3749240,python,[JIT],0x0000ee2d4ca521b4
248201.0,3749240,python,[JIT],0x0000ee2d4ca595dc
248201.0,3749240,python,[JIT],0x0000ee2d4ca91490
248201.0,3749240,python,[JIT],0x0000ee2d4d0f94c8
248201.0,3749240,python,[JIT],0x0000ee2d4d0fd5bc
248201.0,3749240,python,[JIT],0x0000ee2d4d2be4d0
248201.0,3749240,python,[JIT],0x0000ee2d4d2f3004
248201.0,3749240,python,[JIT],0x0000ee2d4d2f98c0
248201.0,3749240,python,[JIT],0x0000ee2d4d2fc928
248201.0,3749240,python,[JIT],0x0000ee2d4d2fceb4
248201.0,3749240,python,[JIT],0x0000ee2d4d2fcfe0
248201.0,3749240,python,[JIT],0x0000ee2d4d2fd8f4
248201.0,3749543,python,[JIT],0x0000f0a3d1936400
248201.0,3749543,python,[JIT],0x0000f0a3d193675c
248201.0,3749543,python,[JIT],0x0000f0a3d1cd519c
248201.0,3749543,python,[JIT],0x0000f0a3d1cd9098
248201.0,3749543,python,[JIT],0x0000f0a3d1d848e8
248201.0,3749543,python,[JIT],0x0000f0a3d1d84a20
248201.0,3749543,python,[JIT],0x0000f0a3d1d8a0ac
248201.0,3749336,python,[JIT],0x0000e82e995272e0
248201.0,3749336,python,[JIT],0x0000e82e99589414
248201.0,3749336,python,[JIT],0x0000e82e995b94c8
248201.0,3749336,python,[JIT],0x0000e82e995fc454
248201.0,3749336,python,[JIT],0x0000e82e99e410b0
248201.0,3749336,python,[JIT],0x0000e82e99e47480
248201.0,3749543,python,[JIT],0x0000f0a3d1cd9404
248201.0,3749463,python,python,list_vectorcall
248201.0,3749463,python,[JIT],0x0000e07d3f0026dc
248201.0,3749463,python,[JIT],0x0000e07d3f068964
248201.0,3749463,python,[JIT],0x0000e07d3f0947f8
248201.0,3749463,python,[JIT],0x0000e07d3f09d234
248201.0,3749463,python,[JIT],0x0000e07d3f0d430c
248201.0,3749463,python,[JIT],0x0000e07d3f931028
248201.0,3749463,python,[JIT],0x0000e07d3f935edc
248201.0,3749463,python,[JIT],0x0000e07d3f93b8b8
248200.0,3749208,python,[JIT],0x0000e7243bf4c0ec
248200.0,3749208,python,[JIT],0x0000e7243bf72688
248200.0,3749208,python,[JIT],0x0000e7243bfb947c
248200.0,3749208,python,[JIT],0x0000e7243bfba0d4
248200.0,3749208,python,[JIT],0x0000e7243bfba474
248200.0,3749208,python,[JIT],0x0000e7243bfbcd24
248200.0,3749208,python,[JIT],0x0000e7243c4ec6c8
248200.0,3749208,python,[JIT],0x0000e7243c4ee638
248200.0,3749208,python,[JIT],0x0000e7243c808210
248200.0,3749208,python,[JIT],0x0000e7243c80c34c
248200.0,3749208,python,[JIT],0x0000e7243c8b3308
248200.0,3749208,python,[JIT],0x0000e7243c8b8b64
248200.0,3749586,python,[JIT],0x0000f45d96af2014
248200.0,3749586,python,[JIT],0x0000f45d96dde300
248200.0,3749586,python,[JIT],0x0000f45d96ddea34
248200.0,3749586,python,[JIT],0x0000f45d96ddeb98
248200.0,3749240,python,[kernel.kallsyms],perf_event_mmap
248200.0,3749240,python,[JIT],0x0000ee2d4ca24190
248200.0,3749240,python,[JIT],0x0000ee2d4ca59828
248200.0,3749240,python,[JIT],0x0000ee2d4ca5cdf4
248200.0,3749240,python,[JIT],0x0000ee2d4ca5d4ac
248200.0,3749240,python,[JIT],0x0000ee2d4ca5da20
248200.0,3749240,python,[JIT],0x0000ee2d4ca911d8
248200.0,3749240,python,[JIT],0x0000ee2d4d0f9614
248200.0,3749240,python,[JIT],0x0000ee2d4d2fc2bc
248200.0,3749383,python,[JIT],0x0000ef595c1426c4
248200.0,3749543,python,python,optimize_to_bool
248200.0,3749543,python,[JIT],0x0000f0a3d13c8380
248200.0,3749543,python,[JIT],0x0000f0a3d13f84fc
248200.0,3749543,python,[JIT],0x0000f0a3d18f6314
248200.0,3749543,python,[JIT],0x0000f0a3d1906114
248200.0,3749543,python,[JIT],0x0000f0a3d1906794
248200.0,3749543,python,[JIT],0x0000f0a3d1933210
248200.0,3749543,python,[JIT],0x0000f0a3d1934ba0
248200.0,3749543,python,[JIT],0x0000f0a3d1978918
248200.0,3749543,python,[JIT],0x0000f0a3d1978e00
248200.0,3749543,python,[JIT],0x0000f0a3d1978f64
248200.0,3749543,python,[JIT],0x0000f0a3d1cd9624
248200.0,3749543,python,[JIT],0x0000f0a3d1cd995c
248200.0,3749543,python,[JIT],0x0000f0a3d1cdb7dc
248200.0,3749543,python,[JIT],0x0000f0a3d1d88088
248200.0,3749543,python,[JIT],0x0000f0a3d1d8b1ac
248200.0,3749336,python,[JIT],0x0000e82e99e4e380
248200.0,3749336,python,[JIT],0x0000e82e99ef2268
248200.0,3749463,python,python,PySequence_List
248200.0,3749463,python,[JIT],0x0000e07d3f0d5e68
248200.0,3749463,python,[JIT],0x0000e07d3f0d67b8
248200.0,3749463,python,[JIT],0x0000e07d3f6f5074
248200.0,3749463,python,[JIT],0x0000e07d3f6f5810
248200.0,3749463,python,[JIT],0x0000e07d3f6f5ca4
248200.0,3749463,python,[JIT],0x0000e07d3f9310f0
248200.0,3749463,python,[JIT],0x0000e07d3f935294
248200.0,3749463,python,[JIT],0x0000e07d3f935b7c
248200.0,3749463,python,[JIT],0x0000e07d3f936574
248200.0,3749463,python,[JIT],0x0000e07d3f93d0a4
248200.0,3749463,python,[JIT],0x0000e07d3f93d0c4
248200.0,3749463,python,[JIT],0x0000e07d3f9e1338
248199.0,3749208,python,[JIT],0x0000e7243beed994
248199.0,3749208,python,[JIT],0x0000e7243bf11a30
248199.0,3749208,python,[JIT],0x0000e7243bf1a240
248199.0,3749208,python,[JIT],0x0000e7243bf1c510
248199.0,3749208,python,[JIT],0x0000e7243bf4c39c
248199.0,3749208,python,[JIT],0x0000e7243bf4c6ac
248199.0,3749208,python,[JIT],0x0000e7243bfb937c
248199.0,3749208,python,[JIT],0x0000e7243c8070ec
248199.0,3749208,python,[JIT],0x0000e7243c8b3258
248199.0,3749208,python,[JIT],0x0000e7243c8b3a80
248199.0,3749586,python,[JIT],0x0000f45d965415d0
248199.0,3749586,python,[JIT],0x0000f45d96575e4c
248199.0,3749586,python,[JIT],0x0000f45d96af8b0c
248199.0,3749586,python,[JIT],0x0000f45d96dde0b0
248199.0,3749586,python,[JIT],0x0000f45d96ddee34
248199.0,3749586,python,[JIT],0x0000f45d96e12a40
248199.0,3749586,python,[JIT],0x0000f45d96e1ceb4
248199.0,3749240,python,[JIT],0x0000ee2d4d0fda90
248199.0,3749240,python,[JIT],0x0000ee2d4ca59e0c
248199.0,3749240,python,[JIT],0x0000ee2d4ca5ba18
248199.0,3749240,python,[JIT],0x0000ee2d4ca93480
248199.0,3749240,python,[JIT],0x0000ee2d4d0f56fc
248199.0,3749240,python,[JIT],0x0000ee2d4d0fcae8
248199.0,3749240,python,[JIT],0x0000ee2d4d2bed88
248199.0,3749240,python,[JIT],0x0000ee2d4d2f18f4
248199.0,3749240,python,[JIT],0x0000ee2d4d2f2144
248199.0,3749240,python,[JIT],0x0000ee2d4d2f2c20
248199.0,3749240,python,[JIT],0x0000ee2d4d2f91a4
248199.0,3749240,python,[JIT],0x0000ee2d4d3d1020
248199.0,3749383,python,[JIT],0x0000ef595c14eb58
248199.0,3749543,python,[JIT],0x0000f0a3d1979250
248199.0,3749543,python,[JIT],0x0000f0a3d1d870c8
248199.0,3749543,python,[JIT],0x0000f0a3d1d87bdc
248199.0,3749336,python,[JIT],0x0000e82e995b1ca0
248199.0,3749336,python,[JIT],0x0000e82e99aeb980
248199.0,3749336,python,[JIT],0x0000e82e99e47ce0
248199.0,3749336,python,[JIT],0x0000e82e99efab14
248199.0,3749543,python,[JIT],0x0000f0a3d1cdb06c
248199.0,3749463,python,[JIT],0x0000e07d3f0d1308
248199.0,3749463,python,[JIT],0x0000e07d3f0da434
248199.0,3749463,python,[JIT],0x0000e07d3f6eeb60
248199.0,3749463,python,[JIT],0x0000e07d3f6fda68
248199.0,3749463,python,[JIT],0x0000e07d3f933538
248199.0,3749463,python,[JIT],0x0000e07d3f9e1d4c
248199.0,3749463,python,[JIT],0x0000e07d3f9e50b8
248199.0,3749463,python,[JIT],0x0000e07d3f9e8234
248198.0,3749208,python,[JIT],0x0000e7243bf4c240
248198.0,3749208,python,[JIT],0x0000e7243bf4c6a8
248198.0,3749208,python,[JIT],0x0000e7243c808c24
248198.0,3749208,python,[JIT],0x0000e7243c80c20c
248198.0,3749208,python,[JIT],0x0000e7243c80c5b4
248198.0,3749208,python,[JIT],0x0000e7243c80cd14
248198.0,3749208,python,[JIT],0x0000e7243c80e840
248198.0,3749208,python,[JIT],0x0000e7243c80ea3c
248198.0,3749208,python,[JIT],0x0000e7243c8b4124
248198.0,3749208,python,[JIT],0x0000e7243c8b7070
248198.0,3749586,python,[JIT],0x0000f45d9657cfec
248198.0,3749586,python,[JIT],0x0000f45d965baa70
248198.0,3749586,python,[JIT],0x0000f45d965bc05c
248198.0,3749586,python,[JIT],0x0000f45d96afb6bc
248198.0,3749586,python,[JIT],0x0000f45d96afc414
248198.0,3749586,python,[JIT],0x0000f45d96e129f0
248198.0,3749586,python,[JIT],0x0000f45d96e1709c
248198.0,3749586,python,[JIT],0x0000f45d96e19bf4
248198.0,3749586,python,[JIT],0x0000f45d96e1cc24
248198.0,3749240,python,[JIT],0x0000ee2d4d2f7688
248198.0,3749240,python,[JIT],0x0000ee2d4d3a1180
248198.0,3749240,python,[JIT],0x0000ee2d4c9f7438
248198.0,3749240,python,[JIT],0x0000ee2d4ca55414
248198.0,3749240,python,[JIT],0x0000ee2d4ca93288
248198.0,3749240,python,[JIT],0x0000ee2d4d0f1274
248198.0,3749240,python,[JIT],0x0000ee2d4d2be678
248198.0,3749240,python,[JIT],0x0000ee2d4d2f706c
248198.0,3749543,python,[JIT],0x0000f0a3d190a23c
248198.0,3749543,python,[JIT],0x0000f0a3d1936b88
248198.0,3749543,python,[JIT],0x0000f0a3d193d4a0
248198.0,3749543,python,[JIT],0x0000f0a3d197858c
248198.0,3749543,python,[JIT],0x0000f0a3d197bdd8
248198.0,3749543,python,[JIT],0x0000f0a3d1cd9198
248198.0,3749543,python,[JIT],0x0000f0a3d1d8b840
248198.0,3749336,python,[JIT],0x0000e82e9952b124
248198.0,3749336,python,[JIT],0x0000e82e99e47250
248198.0,3749336,python,[JIT],0x0000e82e99ef691c
248198.0,3749463,python,[JIT],0x0000e07d3f0991e0
248198.0,3749463,python,[JIT],0x0000e07d3f0994c0
248198.0,3749463,python,[JIT],0x0000e07d3f09c748
248198.0,3749463,python,[JIT],0x0000e07d3f0d4454
248198.0,3749463,python,[JIT],0x0000e07d3f0d5bf4
248198.0,3749463,python,[JIT],0x0000e07d3f9e19dc
248198.0,3749463,python,[JIT],0x0000e07d3f9e1f40
248198.0,3749463,python,[JIT],0x0000e07d3f9e6bdc
248197.0,3749208,python,[JIT],0x0000e7243bf16038
248197.0,3749208,python,[JIT],0x0000e7243bf1642c
248197.0,3749208,python,[JIT],0x0000e7243bf47b00
248197.0,3749208,python,[JIT],0x0000e7243bf4cc74
248197.0,3749208,python,[JIT],0x0000e7243c805654
248197.0,3749208,python,[JIT],0x0000e7243c8071f4
248197.0,3749208,python,[JIT],0x0000e7243c808b84
248197.0,3749208,python,[JIT],0x0000e7243c80a330
248197.0,3749208,python,[JIT],0x0000e7243c80c09c
248197.0,3749208,python,[JIT],0x0000e7243c80c314
248197.0,3749208,python,[JIT],0x0000e7243c8b10bc
248197.0,3749208,python,[JIT],0x0000e7243c8b30a8
248197.0,3749208,python,[JIT],0x0000e7243c8b4050
248197.0,3749586,python,[JIT],0x0000f45d964eea24
248197.0,3749586,python,[JIT],0x0000f45d964eeca0
248197.0,3749586,python,[JIT],0x0000f45d9657bed4
248197.0,3749586,python,[JIT],0x0000f45d965bbadc
248197.0,3749586,python,[JIT],0x0000f45d96af9afc
248197.0,3749586,python,[JIT],0x0000f45d96af9bd8
248197.0,3749586,python,[JIT],0x0000f45d96afc2b4
248197.0,3749586,python,[JIT],0x0000f45d96ddebd4
248197.0,3749586,python,[JIT],0x0000f45d96e17330
248197.0,3749586,python,[JIT],0x0000f45d96e17b44
248197.0,3749586,python,[JIT],0x0000f45d96e1b0b0
248197.0,3749240,python,python,PyMem_Malloc
248197.0,3749240,python,[JIT],0x0000ee2d4ca596a4
248197.0,3749240,python,[JIT],0x0000ee2d4d0eb258
248197.0,3749240,python,[JIT],0x0000ee2d4d0f2a74
248197.0,3749240,python,[JIT],0x0000ee2d4d2f94bc
248197.0,3749240,python,[JIT],0x0000ee2d4d2fc960
248197.0,3749240,python,[JIT],0x0000ee2d4d2ff228
248197.0,3749240,python,[JIT],0x0000ee2d4d3a1408
248197.0,3749240,python,[JIT],0x0000ee2d4d3a2fac
248197.0,3749383,python,[JIT],0x0000ef595c142684
248197.0,3749543,python,[JIT],0x0000f0a3d18ed824
248197.0,3749543,python,[JIT],0x0000f0a3d1938668
248197.0,3749543,python,[JIT],0x0000f0a3d1cdbef8
248197.0,3749543,python,[JIT],0x0000f0a3d1d8b12c
248197.0,3749543,python,[JIT],0x0000f0a3d1d8b2f8
248197.0,3749543,python,[JIT],0x0000f0a3d1d8f4c0
248197.0,3749543,python,[JIT],0x0000f0a3d1dbb120
248197.0,3749336,python,[JIT],0x0000e82e99aeb6b8
248197.0,3749463,python,[kernel.kallsyms],anon_vma_compatible
248197.0,3749463,python,[JIT],0x0000e07d3f099b0c
248197.0,3749463,python,[JIT],0x0000e07d3f0d6750
248197.0,3749463,python,[JIT],0x0000e07d3f6fc4f0
248197.0,3749463,python,[JIT],0x0000e07d3f93f0a0
248197.0,3749463,python,[JIT],0x0000e07d3f9e117c
248197.0,3749463,python,[JIT],0x0000e07d3f9e6098
248196.0,3749208,python,[JIT],0x0000e7243bf727c4
248196.0,3749208,python,[JIT],0x0000e7243c4ee2d4
248196.0,3749208,python,[JIT],0x0000e7243c4ee564
248196.0,3749208,python,[JIT],0x0000e7243c808938
248196.0,3749208,python,[JIT],0x0000e7243c80899c
248196.0,3749208,python,[JIT],0x0000e7243c8b2180
248196.0,3749208,python,[JIT],0x0000e7243c8b4184
248196.0,3749208,python,[JIT],0x0000e7243c8b41bc
248196.0,3749208,python,[JIT],0x0000e7243c8b6250
248196.0,3749586,python,[JIT],0x0000f45d96541124
248196.0,3749586,python,[JIT],0x0000f45d96af14d0
248196.0,3749586,python,[JIT],0x0000f45d96af92d4
248196.0,3749586,python,[JIT],0x0000f45d96afcaa4
248196.0,3749586,python,[JIT],0x0000f45d96ec2d18
248196.0,3749240,python,[JIT],0x0000ee2d4d2ff168
248196.0,3749240,python,[JIT],0x0000ee2d4ca29584
248196.0,3749240,python,[JIT],0x0000ee2d4ca5c970
248196.0,3749240,python,[JIT],0x0000ee2d4d0f22d4
248196.0,3749240,python,[JIT],0x0000ee2d4d0f28c4
248196.0,3749240,python,[JIT],0x0000ee2d4d0f934c
248196.0,3749240,python,[JIT],0x0000ee2d4d0fc2dc
248196.0,3749240,python,[JIT],0x0000ee2d4d2f29d0
248196.0,3749240,python,[JIT],0x0000ee2d4d2fa318
248196.0,3749240,python,[JIT],0x0000ee2d4d2fd258
248196.0,3749383,python,[JIT],0x0000ef595c1459d0
248196.0,3749543,python,[JIT],0x0000f0a3d1cd2198
248196.0,3749543,python,[JIT],0x0000f0a3d1d8a20c
248196.0,3749336,python,[JIT],0x0000e82e9955b964
248196.0,3749336,python,[JIT],0x0000e82e995b84b0
248196.0,3749336,python,[JIT],0x0000e82e99e0f4c0
248196.0,3749336,python,[JIT],0x0000e82e99ef2340
248196.0,3749336,python,[JIT],0x0000e82e99efa454
248196.0,3749543,python,python,deque_append
248196.0,3749543,python,[JIT],0x0000f0a3d1cdb238
248196.0,3749543,python,[JIT],0x0000f0a3d1d82ab4
248196.0,3749463,python,[JIT],0x0000e07d3f0d53d8
248196.0,3749463,python,[JIT],0x0000e07d3f6f58a4
248196.0,3749463,python,[JIT],0x0000e07d3f9310dc
248196.0,3749463,python,[JIT],0x0000e07d3f9e63c0
248196.0,3749463,python,[JIT],0x0000e07d3f9e7884
248195.0,3749208,python,[JIT],0x0000e7243bf121d8
248195.0,3749208,python,[JIT],0x0000e7243bf74380
248195.0,3749208,python,[JIT],0x0000e7243bfb92e4
248195.0,3749208,python,[JIT],0x0000e7243c4ee51c
248195.0,3749208,python,[JIT],0x0000e7243c801338
248195.0,3749208,python,[JIT],0x0000e7243c80c4cc
248195.0,3749208,python,[JIT],0x0000e7243c80e354
248195.0,3749208,python,[JIT],0x0000e7243c80f33c
248195.0,3749208,python,[JIT],0x0000e7243c8b3ae4
248195.0,3749586,python,[JIT],0x0000f45d9654e28c
248195.0,3749586,python,[JIT],0x0000f45d965bbc88
248195.0,3749586,python,[JIT],0x0000f45d96af108c
248195.0,3749586,python,[JIT],0x0000f45d96af70a8
248195.0,3749586,python,[JIT],0x0000f45d96e1429c
248195.0,3749586,python,[JIT],0x0000f45d96e1738c
248195.0,3749586,python,[JIT],0x0000f45d96e1939c
248195.0,3749586,python,[JIT],0x0000f45d96ec52ac
248195.0,3749240,python,[JIT],0x0000ee2d4ca213e8
248195.0,3749240,python,[JIT],0x0000ee2d4ca2c2dc
248195.0,3749240,python,[JIT],0x0000ee2d4d2bed8c
248195.0,3749240,python,[JIT],0x0000ee2d4d2f7654
248195.0,3749240,python,[JIT],0x0000ee2d4d2fc598
248195.0,3749240,python,[JIT],0x0000ee2d4d2fcb2c
248195.0,3749543,python,[JIT],0x0000f0a3d18f63e4
248195.0,3749543,python,[JIT],0x0000f0a3d190d344
248195.0,3749543,python,[JIT],0x0000f0a3d190e004
248195.0,3749543,python,[JIT],0x0000f0a3d1972984
248195.0,3749543,python,[JIT],0x0000f0a3d1978030
248195.0,3749543,python,[JIT],0x0000f0a3d19795e8
248195.0,3749543,python,[JIT],0x0000f0a3d19796c4
248195.0,3749543,python,[JIT],0x0000f0a3d1cd24dc
248195.0,3749543,python,[JIT],0x0000f0a3d1cd29d4
248195.0,3749543,python,[JIT],0x0000f0a3d1cd3b10
248195.0,3749543,python,[JIT],0x0000f0a3d1cdbf68
248195.0,3749463,python,python,tuple_iter
248195.0,3749463,python,[JIT],0x0000e07d3f096cf0
248195.0,3749463,python,[JIT],0x0000e07d3f09c838
248195.0,3749463,python,[JIT],0x0000e07d3f933518
248195.0,3749463,python,[JIT],0x0000e07d3f93a2e8
248195.0,3749463,python,[JIT],0x0000e07d3f93a3e0
248195.0,3749463,python,[JIT],0x0000e07d3f93a5dc
248195.0,3749463,python,[JIT],0x0000e07d3f9e1064
248195.0,3749463,python,[JIT],0x0000e07d3f9e513c
248195.0,3749463,python,[JIT],0x0000e07d3f9e74ec
248194.0,3749208,python,[JIT],0x0000e7243beb1ca4
248194.0,3749208,python,[JIT],0x0000e7243bf12410
248194.0,3749208,python,[JIT],0x0000e7243bf19838
248194.0,3749208,python,[JIT],0x0000e7243bf49180
248194.0,3749208,python,[JIT],0x0000e7243bf4c82c
248194.0,3749208,python,[JIT],0x0000e7243bf4e6d4
248194.0,3749208,python,[JIT],0x0000e7243bf4e83c
248194.0,3749208,python,[JIT],0x0000e7243bfb9a68
248194.0,3749208,python,[JIT],0x0000e7243c801158
248194.0,3749208,python,[JIT],0x0000e7243c8026e8
248194.0,3749208,python,[JIT],0x0000e7243c807674
248194.0,3749208,python,[JIT],0x0000e7243c8087d8
248194.0,3749208,python,[JIT],0x0000e7243c8bb2e8
248194.0,3749586,python,[JIT],0x0000f45d965187e0
248194.0,3749586,python,[JIT],0x0000f45d96544a3c
248194.0,3749586,python,[JIT],0x0000f45d96579050
248194.0,3749586,python,[JIT],0x0000f45d96af2164
248194.0,3749586,python,[JIT],0x0000f45d96afc334
248194.0,3749586,python,[JIT],0x0000f45d96e115bc
248194.0,3749586,python,[JIT],0x0000f45d96e1251c
248194.0,3749586,python,[JIT],0x0000f45d96e12810
248194.0,3749586,python,[JIT],0x0000f45d96e12b14
248194.0,3749240,python,[JIT],0x0000ee2d4c9f7ea4
248194.0,3749240,python,[JIT],0x0000ee2d4ca5b188
248194.0,3749240,python,[JIT],0x0000ee2d4ca5dd14
248194.0,3749240,python,[JIT],0x0000ee2d4d0f29ac
248194.0,3749240,python,[JIT],0x0000ee2d4d0f64b0
248194.0,3749240,python,[JIT],0x0000ee2d4d2be388
248194.0,3749240,python,[JIT],0x0000ee2d4d2f70b0
248194.0,3749240,python,[JIT],0x0000ee2d4d2fcc0c
248194.0,3749383,python,[JIT],0x0000ef595beed568
248194.0,3749543,python,[JIT],0x0000f0a3d13f84c8
248194.0,3749543,python,[JIT],0x0000f0a3d18ed4b4
248194.0,3749543,python,[JIT],0x0000f0a3d1973250
248194.0,3749543,python,[JIT],0x0000f0a3d197b138
248194.0,3749543,python,[JIT],0x0000f0a3d1c9e134
248194.0,3749543,python,[JIT],0x0000f0a3d1cd3330
248194.0,3749543,python,[JIT],0x0000f0a3d1cd9398
248194.0,3749543,python,[JIT],0x0000f0a3d1cd93d0
248194.0,3749543,python,[JIT],0x0000f0a3d1cdcea8
248194.0,3749543,python,[JIT],0x0000f0a3d1d81174
248194.0,3749543,python,[JIT],0x0000f0a3d1d84978
248194.0,3749543,python,[JIT],0x0000f0a3d1d884a8
248194.0,3749543,python,[JIT],0x0000f0a3d1d89a5c
248194.0,3749543,python,[JIT],0x0000f0a3d1d8c6cc
248194.0,3749336,python,[JIT],0x0000e82e9936e8e0
248194.0,3749336,python,[JIT],0x0000e82e99e4363c
248194.0,3749336,python,[JIT],0x0000e82e99ef22b0
248194.0,3749463,python,python,_PyType_AllocNoTrack
248194.0,3749463,python,[JIT],0x0000e07d3f065434
248194.0,3749463,python,[JIT],0x0000e07d3f0941ac
248194.0,3749463,python,[JIT],0x0000e07d3f6f51fc
248194.0,3749463,python,[JIT],0x0000e07d3f6f951c
248194.0,3749463,python,[JIT],0x0000e07d3f931640
248194.0,3749463,python,[JIT],0x0000e07d3f93659c
248194.0,3749463,python,[JIT],0x0000e07d3f936c74
248194.0,3749463,python,[JIT],0x0000e07d3f93b08c
248194.0,3749463,python,[JIT],0x0000e07d3f93be38
248194.0,3749463,python,[JIT],0x0000e07d3f9e54c8
248194.0,3749463,python,[JIT],0x0000e07d3f9e5814
248193.0,3749208,python,[JIT],0x0000e7243bebe578
248193.0,3749208,python,[JIT],0x0000e7243bf4710c
248193.0,3749208,python,[JIT],0x0000e7243bf49794
248193.0,3749208,python,[JIT],0x0000e7243c7ce1a4
248193.0,3749208,python,[JIT],0x0000e7243c7ce818
248193.0,3749208,python,[JIT],0x0000e7243c8020c8
248193.0,3749208,python,[JIT],0x0000e7243c807a2c
248193.0,3749208,python,[JIT],0x0000e7243c80840c
248193.0,3749208,python,[JIT],0x0000e7243c8086b8
248193.0,3749208,python,[JIT],0x0000e7243c80c028
248193.0,3749208,python,[JIT],0x0000e7243c8b36b0
248193.0,3749208,python,[JIT],0x0000e7243c8b3a24
248193.0,3749208,python,[JIT],0x0000e7243c8b3c98
248193.0,3749208,python,[JIT],0x0000e7243c8b3d60
248193.0,3749208,python,[JIT],0x0000e7243c8b74e8
248193.0,3749586,python,[kernel.kallsyms],__perf_addr_filters_adjust
248193.0,3749586,python,[JIT],0x0000f45d96544c14
248193.0,3749586,python,[JIT],0x0000f45d96547960
248193.0,3749586,python,[JIT],0x0000f45d9657cca4
248193.0,3749586,python,[JIT],0x0000f45d96af97d4
248193.0,3749586,python,[JIT],0x0000f45d96af9970
248193.0,3749586,python,[JIT],0x0000f45d96e1224c
248193.0,3749240,python,python,_PyList_AppendTakeRefListResize
248193.0,3749240,python,[JIT],0x0000ee2d4ca29470
248193.0,3749240,python,[JIT],0x0000ee2d4ca595a4
248193.0,3749240,python,[JIT],0x0000ee2d4ca5bdfc
248193.0,3749240,python,[JIT],0x0000ee2d4ca5d090
248193.0,3749240,python,[JIT],0x0000ee2d4d0f2f44
248193.0,3749240,python,[JIT],0x0000ee2d4d0f9218
248193.0,3749240,python,[JIT],0x0000ee2d4d2f29e0
248193.0,3749240,python,[JIT],0x0000ee2d4d2f7b20
248193.0,3749240,python,[JIT],0x0000ee2d4d2fc254
248193.0,3749383,python,[JIT],0x0000ef595c144d60
248193.0,3749543,python,[JIT],0x0000f0a3d13c8238
248193.0,3749543,python,[JIT],0x0000f0a3d13fd354
248193.0,3749543,python,[JIT],0x0000f0a3d19347f0
248193.0,3749543,python,[JIT],0x0000f0a3d1cd3248
248193.0,3749543,python,[JIT],0x0000f0a3d1d82c60
248193.0,3749543,python,[JIT],0x0000f0a3d1d842f4
248193.0,3749543,python,[JIT],0x0000f0a3d1d8a284
248193.0,3749543,python,[JIT],0x0000f0a3d1d8b350
248193.0,3749336,python,[JIT],0x0000e82e9952e5ec
248193.0,3749336,python,[JIT],0x0000e82e99ef12d8
248193.0,3749336,python,[JIT],0x0000e82e99ef2170
248193.0,3749336,python,[JIT],0x0000e82e99ef2240
248193.0,3749463,python,[JIT],0x0000e07d3f099278
248193.0,3749463,python,[JIT],0x0000e07d3f099418
248193.0,3749463,python,[JIT],0x0000e07d3f0d6a10
248193.0,3749463,python,[JIT],0x0000e07d3f6f5ae0
248193.0,3749463,python,[JIT],0x0000e07d3f6f5dc4
248193.0,3749463,python,[JIT],0x0000e07d3f6fd2b4
248193.0,3749463,python,[JIT],0x0000e07d3f9e13b4
248193.0,3749463,python,[JIT],0x0000e07d3f9e13f0
248193.0,3749463,python,[JIT],0x0000e07d3f9e3500
248193.0,3749463,python,[JIT],0x0000e07d3f9e40b0
248193.0,3749463,python,[JIT],0x0000e07d3f9e5190
248192.0,3749208,python,[JIT],0x0000e7243beb6180
248192.0,3749208,python,[JIT],0x0000e7243beec1f4
248192.0,3749208,python,[JIT],0x0000e7243bf4921c
248192.0,3749208,python,[JIT],0x0000e7243bf725a4
248192.0,3749208,python,[JIT],0x0000e7243bfb9b60
248192.0,3749208,python,[JIT],0x0000e7243c7cf608
248192.0,3749208,python,[JIT],0x0000e7243c8012d0
248192.0,3749208,python,[JIT],0x0000e7243c805224
248192.0,3749208,python,[JIT],0x0000e7243c80552c
248192.0,3749208,python,[JIT],0x0000e7243c808548
248192.0,3749208,python,[JIT],0x0000e7243c80c058
248192.0,3749208,python,[JIT],0x0000e7243c8b3788
248192.0,3749208,python,[JIT],0x0000e7243c8b39a8
248192.0,3749208,python,[JIT],0x0000e7243c8b49f0
248192.0,3749586,python,[JIT],0x0000f45d96544ed0
248192.0,3749586,python,[JIT],0x0000f45d96549424
248192.0,3749586,python,[JIT],0x0000f45d96575110
248192.0,3749586,python,[JIT],0x0000f45d96af1b44
248192.0,3749586,python,[JIT],0x0000f45d96af41bc
248192.0,3749586,python,[JIT],0x0000f45d96ddee38
248192.0,3749586,python,[JIT],0x0000f45d96e1d340
248192.0,3749586,python,[JIT],0x0000f45d96ec15f0
248192.0,3749586,python,[JIT],0x0000f45d96dde58c
248192.0,3749586,python,[JIT],0x0000f45d96e1c434
248192.0,3749240,python,python,_PyUnicode_InternMortal
248192.0,3749240,python,python,PyUnicode_RichCompare
248192.0,3749240,python,[JIT],0x0000ee2d4d0ebcc8
248192.0,3749240,python,[JIT],0x0000ee2d4d0f29d8
248192.0,3749240,python,[JIT],0x0000ee2d4d0f65f4
248192.0,3749240,python,[JIT],0x0000ee2d4d0f90ec
248192.0,3749240,python,[JIT],0x0000ee2d4d0fa0f8
248192.0,3749240,python,[JIT],0x0000ee2d4d2be594
248192.0,3749240,python,[JIT],0x0000ee2d4d2f702c
248192.0,3749240,python,[JIT],0x0000ee2d4d2fca98
248192.0,3749240,python,[JIT],0x0000ee2d4d2fce30
248192.0,3749240,python,[JIT],0x0000ee2d4d3a134c
248192.0,3749383,python,[JIT],0x0000ef595c14d5dc
248192.0,3749543,python,[JIT],0x0000f0a3d190e8d8
248192.0,3749543,python,[JIT],0x0000f0a3d1934814
248192.0,3749543,python,[JIT],0x0000f0a3d1cd51f0
248192.0,3749543,python,[JIT],0x0000f0a3d1cd5adc
248192.0,3749543,python,[JIT],0x0000f0a3d1cd9094
248192.0,3749543,python,[JIT],0x0000f0a3d1cd9e70
248192.0,3749543,python,[JIT],0x0000f0a3d1d82074
248192.0,3749543,python,[JIT],0x0000f0a3d1d84094
248192.0,3749543,python,[JIT],0x0000f0a3d1d8a0d8
248192.0,3749543,python,[JIT],0x0000f0a3d1d8a13c
248192.0,3749543,python,[JIT],0x0000f0a3d1d8c94c
248192.0,3749336,python,[JIT],0x0000e82e995fd3fc
248192.0,3749336,python,[JIT],0x0000e82e99e413c4
248192.0,3749336,python,[JIT],0x0000e82e99e43004
248192.0,3749336,python,[JIT],0x0000e82e99e4d87c
248192.0,3749336,python,[JIT],0x0000e82e99ef6568
248192.0,3749336,python,[JIT],0x0000e82e99ef9090
248192.0,3749543,python,[JIT],0x0000f0a3d1cd90bc
248192.0,3749543,python,[JIT],0x0000f0a3d1d880c4
248192.0,3749463,python,python,dictiter_iternextvalue
248192.0,3749463,python,python,_PyEvalFramePushAndInit_Ex
248192.0,3749463,python,[JIT],0x0000e07d3f00e128
248192.0,3749463,python,[JIT],0x0000e07d3f09d1c8
248192.0,3749463,python,[JIT],0x0000e07d3f6f5220
248192.0,3749463,python,[JIT],0x0000e07d3f6f6214
248192.0,3749463,python,[JIT],0x0000e07d3f931258
248192.0,3749463,python,[JIT],0x0000e07d3f9312bc
248192.0,3749463,python,[JIT],0x0000e07d3f9e1eac
248192.0,3749463,python,[JIT],0x0000e07d3f9e2020
248192.0,3749463,python,[JIT],0x0000e07d3f9e67c0
248191.0,3749208,python,[JIT],0x0000e7243bf49690
248191.0,3749208,python,[JIT],0x0000e7243bf49ea4
248191.0,3749208,python,[JIT],0x0000e7243bf4d310
248191.0,3749208,python,[JIT],0x0000e7243c80416c
248191.0,3749208,python,[JIT],0x0000e7243c806858
248191.0,3749208,python,[JIT],0x0000e7243c8b2140
248191.0,3749208,python,[JIT],0x0000e7243c8b3300
248191.0,3749208,python,[JIT],0x0000e7243c8b3578
248191.0,3749208,python,[JIT],0x0000e7243c8b37b0
248191.0,3749208,python,[JIT],0x0000e7243c8b3dd8
248191.0,3749586,python,[kernel.kallsyms],build_detached_freelist
248191.0,3749586,python,[JIT],0x0000f45d964ebb20
248191.0,3749586,python,[JIT],0x0000f45d96579d0c
248191.0,3749586,python,[JIT],0x0000f45d96af1b2c
248191.0,3749586,python,[JIT],0x0000f45d96af81f4
248191.0,3749586,python,[JIT],0x0000f45d96af84b0
248191.0,3749586,python,[JIT],0x0000f45d96af911c
248191.0,3749586,python,[JIT],0x0000f45d96af99b0
248191.0,3749586,python,[JIT],0x0000f45d96dde598
248191.0,3749586,python,[JIT],0x0000f45d96ddea6c
248191.0,3749586,python,[JIT],0x0000f45d96ddee14
248191.0,3749240,python,[JIT],0x0000ee2d4c9f7654
248191.0,3749240,python,[JIT],0x0000ee2d4ca2eb78
248191.0,3749240,python,[JIT],0x0000ee2d4ca511fc
248191.0,3749240,python,[JIT],0x0000ee2d4ca5b384
248191.0,3749240,python,[JIT],0x0000ee2d4d0ed3bc
248191.0,3749240,python,[JIT],0x0000ee2d4d2bec30
248191.0,3749240,python,[JIT],0x0000ee2d4d2becfc
248191.0,3749240,python,[JIT],0x0000ee2d4d2f2980
248191.0,3749240,python,[JIT],0x0000ee2d4d2f7ab8
248191.0,3749240,python,[JIT],0x0000ee2d4d2f91bc
248191.0,3749240,python,[JIT],0x0000ee2d4d2fc870
248191.0,3749240,python,[JIT],0x0000ee2d4d2fd870
248191.0,3749240,python,[JIT],0x0000ee2d4d3a10c4
248191.0,3749383,python,[JIT],0x0000ef595beed04c
248191.0,3749543,python,[JIT],0x0000f0a3d13f11a0
248191.0,3749543,python,[JIT],0x0000f0a3d190ce70
248191.0,3749543,python,[JIT],0x0000f0a3d1cd25d8
248191.0,3749543,python,[JIT],0x0000f0a3d1cd331c
248191.0,3749543,python,[JIT],0x0000f0a3d1cd9998
248191.0,3749543,python,[JIT],0x0000f0a3d1d88790
248191.0,3749336,python,[JIT],0x0000e82e9952dd54
248191.0,3749336,python,[JIT],0x0000e82e99552fd0
248191.0,3749336,python,[JIT],0x0000e82e99e418f4
248191.0,3749336,python,[JIT],0x0000e82e99e470b8
248191.0,3749336,python,[JIT],0x0000e82e99e49330
248191.0,3749336,python,[JIT],0x0000e82e99ef5078
248191.0,3749336,python,[JIT],0x0000e82e99efa868
248191.0,3749336,python,[JIT],0x0000e82e99efac10
248191.0,3749463,python,[JIT],0x0000e07d3f0da1a0
248191.0,3749463,python,[JIT],0x0000e07d3f93511c
248191.0,3749463,python,[JIT],0x0000e07d3f936ecc
248191.0,3749463,python,[JIT],0x0000e07d3f9e16ec
248191.0,3749463,python,[JIT],0x0000e07d3f9e5328
248191.0,3749463,python,[JIT],0x0000e07d3f9e6c90
248191.0,3749463,python,[JIT],0x0000e07d3f9e7594
248190.0,3749208,python,python,PyTuple_New
248190.0,3749208,python,[JIT],0x0000e7243bf125dc
248190.0,3749208,python,[JIT],0x0000e7243bf4a07c
248190.0,3749208,python,[JIT],0x0000e7243bf7202c
248190.0,3749208,python,[JIT],0x0000e7243bf729f4
248190.0,3749208,python,[JIT],0x0000e7243bfb4720
248190.0,3749208,python,[JIT],0x0000e7243c4ee390
248190.0,3749208,python,[JIT],0x0000e7243c7ce6b8
248190.0,3749208,python,[JIT],0x0000e7243c805ca0
248190.0,3749208,python,[JIT],0x0000e7243c8b494c
248190.0,3749208,python,[JIT],0x0000e7243c8b4aec
248190.0,3749586,python,[JIT],0x0000f45d964bcb80
248190.0,3749586,python,[JIT],0x0000f45d96578084
248190.0,3749586,python,[JIT],0x0000f45d9657a0ac
248190.0,3749586,python,[JIT],0x0000f45d96af0518
248190.0,3749586,python,[JIT],0x0000f45d96afb47c
248190.0,3749586,python,[JIT],0x0000f45d96afb540
248190.0,3749586,python,[JIT],0x0000f45d96e1b118
248190.0,3749586,python,[JIT],0x0000f45d96ec1274
248190.0,3749586,python,[JIT],0x0000f45d96ec1548
248190.0,3749586,python,[JIT],0x0000f45d96ec2700
248190.0,3749240,python,[JIT],0x0000ee2d4c9f77c8
248190.0,3749240,python,[JIT],0x0000ee2d4ca5a06c
248190.0,3749240,python,[JIT],0x0000ee2d4d0ec278
248190.0,3749240,python,[JIT],0x0000ee2d4d0f5264
248190.0,3749240,python,[JIT],0x0000ee2d4d0fc38c
248190.0,3749240,python,[JIT],0x0000ee2d4d2be0a8
248190.0,3749240,python,[JIT],0x0000ee2d4d2be690
248190.0,3749240,python,[JIT],0x0000ee2d4d2beccc
248190.0,3749240,python,[JIT],0x0000ee2d4d2f136c
248190.0,3749240,python,[JIT],0x0000ee2d4d2fb088
248190.0,3749240,python,[JIT],0x0000ee2d4d3a536c
248190.0,3749383,python,[JIT],0x0000ef595c14dd90
248190.0,3749543,python,[JIT],0x0000f0a3d190c3a4
248190.0,3749543,python,[JIT],0x0000f0a3d1934160
248190.0,3749543,python,[JIT],0x0000f0a3d1936bd4
248190.0,3749543,python,[JIT],0x0000f0a3d1d821a8
248190.0,3749543,python,[JIT],0x0000f0a3d1d845c4
248190.0,3749543,python,[JIT],0x0000f0a3d1d8894c
248190.0,3749543,python,[JIT],0x0000f0a3d1d88ba4
248190.0,3749543,python,[JIT],0x0000f0a3d1d8da6c
248190.0,3749336,python,[JIT],0x0000e82e9952915c
248190.0,3749336,python,[JIT],0x0000e82e9952f3bc
248190.0,3749336,python,[JIT],0x0000e82e995b17f8
248190.0,3749336,python,[JIT],0x0000e82e995bc1b8
248190.0,3749336,python,[JIT],0x0000e82e99ef5528
248190.0,3749336,python,[JIT],0x0000e82e99efa1b8
248190.0,3749543,python,python,_Py_CallBuiltinClass_StackRef
248190.0,3749463,python,[JIT],0x0000e07d3f6ec338
248190.0,3749463,python,[JIT],0x0000e07d3f935ef8
248190.0,3749463,python,[JIT],0x0000e07d3f9e1990
248189.0,3749208,python,[JIT],0x0000e7243bebb2b8
248189.0,3749208,python,[JIT],0x0000e7243bf4a184
248189.0,3749208,python,[JIT],0x0000e7243bf7ad98
248189.0,3749208,python,[JIT],0x0000e7243bfba968
248189.0,3749208,python,[JIT],0x0000e7243c8051ec
248189.0,3749208,python,[JIT],0x0000e7243c805834
248189.0,3749208,python,[JIT],0x0000e7243c8077b0
248189.0,3749208,python,[JIT],0x0000e7243c8b355c
248189.0,3749586,python,[JIT],0x0000f45d964eeb60
248189.0,3749586,python,[JIT],0x0000f45d9657bdf0
248189.0,3749586,python,[JIT],0x0000f45d965b1574
248189.0,3749586,python,[JIT],0x0000f45d965b3168
248189.0,3749586,python,[JIT],0x0000f45d96af9894
248189.0,3749586,python,[JIT],0x0000f45d96afb284
248189.0,3749586,python,[JIT],0x0000f45d96e113c8
248189.0,3749586,python,[JIT],0x0000f45d96e12fc8
248189.0,3749586,python,[JIT],0x0000f45d96e1c988
248189.0,3749586,python,[JIT],0x0000f45d96e1d7cc
248189.0,3749240,python,[JIT],0x0000ee2d4ca29564
248189.0,3749240,python,[JIT],0x0000ee2d4d2be598
248189.0,3749240,python,[JIT],0x0000ee2d4d2bed74
248189.0,3749240,python,[JIT],0x0000ee2d4d2f9140
248189.0,3749240,python,[JIT],0x0000ee2d4d2fe7f4
248189.0,3749240,python,[JIT],0x0000ee2d4d2ff234
248189.0,3749383,python,[JIT],0x0000ef595c14db18
248189.0,3749543,python,[JIT],0x0000f0a3d18ede1c
248189.0,3749543,python,[JIT],0x0000f0a3d1904324
248189.0,3749543,python,[JIT],0x0000f0a3d19796ac
248189.0,3749543,python,[JIT],0x0000f0a3d1cd2230
248189.0,3749543,python,[JIT],0x0000f0a3d1cd3030
248189.0,3749543,python,[JIT],0x0000f0a3d1d8b5a8
248189.0,3749336,python,[JIT],0x0000e82e9958d2b0
248189.0,3749336,python,[JIT],0x0000e82e995b3280
248189.0,3749336,python,[JIT],0x0000e82e99ef2614
248189.0,3749543,python,[JIT],0x0000f0a3d1d8812c
248189.0,3749336,python,[JIT],0x0000e82e99e431a4
248189.0,3749463,python,python,memcpy@plt
248189.0,3749463,python,[JIT],0x0000e07d3f068ebc
248189.0,3749463,python,[JIT],0x0000e07d3f09cf88
248189.0,3749463,python,[JIT],0x0000e07d3f6ee1a0
248189.0,3749463,python,[JIT],0x0000e07d3f6f459c
248189.0,3749463,python,[JIT],0x0000e07d3f933838
248189.0,3749463,python,[JIT],0x0000e07d3f93da14
248189.0,3749463,python,[JIT],0x0000e07d3f9e1f8c
248189.0,3749463,python,[JIT],0x0000e07d3f9e944c
248188.0,3749208,python,[JIT],0x0000e7243bd8c438
248188.0,3749208,python,[JIT],0x0000e7243bf49884
248188.0,3749208,python,[JIT],0x0000e7243bfb9eb0
248188.0,3749208,python,[JIT],0x0000e7243bfba9cc
248188.0,3749208,python,[JIT],0x0000e7243c4ee764
248188.0,3749208,python,[JIT],0x0000e7243c7ce25c
248188.0,3749586,python,[kernel.kallsyms],__flush_tlb_range
248188.0,3749586,python,[JIT],0x0000f45d96572a84
248188.0,3749586,python,[JIT],0x0000f45d9657c5e0
248188.0,3749586,python,[JIT],0x0000f45d9657cc40
248188.0,3749586,python,[JIT],0x0000f45d965b9e14
248188.0,3749586,python,[JIT],0x0000f45d96af95b8
248188.0,3749586,python,[JIT],0x0000f45d96e1b068
248188.0,3749240,python,python,memcpy@plt
248188.0,3749240,python,[JIT],0x0000ee2d4c9ce124
248188.0,3749240,python,[JIT],0x0000ee2d4ca2122c
248188.0,3749240,python,[JIT],0x0000ee2d4ca5bed8
248188.0,3749240,python,[JIT],0x0000ee2d4d0f20f0
248188.0,3749240,python,[JIT],0x0000ee2d4d0f33f8
248188.0,3749240,python,[JIT],0x0000ee2d4d0fd098
248188.0,3749240,python,[JIT],0x0000ee2d4d2be104
248188.0,3749240,python,[JIT],0x0000ee2d4d2fcea4
248188.0,3749383,python,python,PyMem_Realloc
248188.0,3749543,python,[JIT],0x0000f0a3d18f03cc
248188.0,3749543,python,[JIT],0x0000f0a3d1934934
248188.0,3749543,python,[JIT],0x0000f0a3d1cd68c0
248188.0,3749543,python,[JIT],0x0000f0a3d1cd9a5c
248188.0,3749543,python,[JIT],0x0000f0a3d1d8219c
248188.0,3749543,python,[JIT],0x0000f0a3d1d84484
248188.0,3749543,python,[JIT],0x0000f0a3d1d88048
248188.0,3749336,python,[JIT],0x0000e82e9958f2a4
248188.0,3749336,python,[JIT],0x0000e82e995fc42c
248188.0,3749336,python,[JIT],0x0000e82e99e47534
248188.0,3749336,python,[JIT],0x0000e82e99efade4
248188.0,3749543,python,python,PyLong_FromSsize_t
248188.0,3749463,python,[JIT],0x0000e07d3f03a190
248188.0,3749463,python,[JIT],0x0000e07d3f099770
248188.0,3749463,python,[JIT],0x0000e07d3f6ef934
248188.0,3749463,python,[JIT],0x0000e07d3f6f0c18
248188.0,3749463,python,[JIT],0x0000e07d3f6f56f8
248188.0,3749463,python,[JIT],0x0000e07d3f931364
248188.0,3749463,python,[JIT],0x0000e07d3f9338a4
248187.0,3749208,python,[JIT],0x0000e7243bf7637c
248187.0,3749208,python,[JIT],0x0000e7243c7ceba0
248187.0,3749208,python,[JIT],0x0000e7243c80517c
248187.0,3749208,python,[JIT],0x0000e7243c8057a4
248187.0,3749208,python,[JIT],0x0000e7243c8067a8
248187.0,3749208,python,[JIT],0x0000e7243c80c8c8
248187.0,3749208,python,[JIT],0x0000e7243c8b3008
248187.0,3749208,python,[JIT],0x0000e7243c8b4534
248187.0,3749208,python,[JIT],0x0000e7243c8b4948
248187.0,3749586,python,[JIT],0x0000f45d965420bc
248187.0,3749586,python,[JIT],0x0000f45d9654e774
248187.0,3749586,python,[JIT],0x0000f45d96dde510
248187.0,3749586,python,[JIT],0x0000f45d96dde570
248187.0,3749586,python,[JIT],0x0000f45d96dde7bc
248187.0,3749586,python,[JIT],0x0000f45d96dde9d4
248187.0,3749586,python,[JIT],0x0000f45d96e190d4
248187.0,3749586,python,[JIT],0x0000f45d96e1c4b4
248187.0,3749586,python,[JIT],0x0000f45d96ec1064
248187.0,3749240,python,[JIT],0x0000ee2d4d2fc814
248187.0,3749240,python,[JIT],0x0000ee2d4c991428
248187.0,3749240,python,[JIT],0x0000ee2d4ca5d594
248187.0,3749240,python,[JIT],0x0000ee2d4d0f105c
248187.0,3749240,python,[JIT],0x0000ee2d4d2bee38
248187.0,3749240,python,[JIT],0x0000ee2d4d2fd2dc
248187.0,3749240,python,[JIT],0x0000ee2d4d2fe55c
248187.0,3749543,python,[JIT],0x0000f0a3d18f74a8
248187.0,3749543,python,[JIT],0x0000f0a3d190c520
248187.0,3749543,python,[JIT],0x0000f0a3d19796f8
248187.0,3749543,python,[JIT],0x0000f0a3d197b970
248187.0,3749543,python,[JIT],0x0000f0a3d1cd24d0
248187.0,3749543,python,[JIT],0x0000f0a3d1cd51e0
248187.0,3749543,python,[JIT],0x0000f0a3d1cd90a8
248187.0,3749543,python,[JIT],0x0000f0a3d1d82fd0
248187.0,3749543,python,[JIT],0x0000f0a3d1d860e4
248187.0,3749543,python,[JIT],0x0000f0a3d1d87788
248187.0,3749543,python,[JIT],0x0000f0a3d1d880b0
248187.0,3749336,python,[JIT],0x0000e82e993c9698
248187.0,3749336,python,[JIT],0x0000e82e99589d0c
248187.0,3749336,python,[JIT],0x0000e82e995b1344
248187.0,3749463,python,python,long_richcompare
248187.0,3749463,python,python,set_vectorcall
248187.0,3749463,python,[JIT],0x0000e07d3f031044
248187.0,3749463,python,[JIT],0x0000e07d3f099040
248187.0,3749463,python,[JIT],0x0000e07d3f0d433c
248187.0,3749463,python,[JIT],0x0000e07d3f0d47bc
248187.0,3749463,python,[JIT],0x0000e07d3f6efa80
248187.0,3749463,python,[JIT],0x0000e07d3f93a0f4
248186.0,3749208,python,[JIT],0x0000e7243bf4907c
248186.0,3749208,python,[JIT],0x0000e7243bf49108
248186.0,3749208,python,[JIT],0x0000e7243bf75b64
248186.0,3749208,python,[JIT],0x0000e7243bf76684
248186.0,3749208,python,[JIT],0x0000e7243bfb9a70
248186.0,3749208,python,[JIT],0x0000e7243c4ec5b0
248186.0,3749208,python,[JIT],0x0000e7243c7ce3c8
248186.0,3749208,python,[JIT],0x0000e7243c801540
248186.0,3749208,python,[JIT],0x0000e7243c805250
248186.0,3749208,python,[JIT],0x0000e7243c8059dc
248186.0,3749208,python,[JIT],0x0000e7243c805c50
248186.0,3749208,python,[JIT],0x0000e7243c80e4c4
248186.0,3749208,python,[JIT],0x0000e7243c8b6150
248186.0,3749208,python,[JIT],0x0000e7243c8b75c4
248186.0,3749208,python,[JIT],0x0000e7243c8bb284
248186.0,3749586,python,[JIT],0x0000f45d96574184
248186.0,3749586,python,[JIT],0x0000f45d96575fec
248186.0,3749586,python,[JIT],0x0000f45d9657bb58
248186.0,3749586,python,[JIT],0x0000f45d9657dd08
248186.0,3749586,python,[JIT],0x0000f45d965b1abc
248186.0,3749586,python,[JIT],0x0000f45d96af10b4
248186.0,3749586,python,[JIT],0x0000f45d96af8068
248186.0,3749586,python,[JIT],0x0000f45d96afb198
248186.0,3749586,python,[JIT],0x0000f45d96afb2d4
248186.0,3749586,python,[JIT],0x0000f45d96dde330
248186.0,3749586,python,[JIT],0x0000f45d96e1255c
248186.0,3749586,python,[JIT],0x0000f45d96e1792c
248186.0,3749586,python,[JIT],0x0000f45d96e19608
248186.0,3749240,python,[JIT],0x0000ee2d4d2f2810
248186.0,3749240,python,[JIT],0x0000ee2d4ca554dc
248186.0,3749240,python,[JIT],0x0000ee2d4d0f15e4
248186.0,3749240,python,[JIT],0x0000ee2d4d0f2140
248186.0,3749240,python,[JIT],0x0000ee2d4d0f25fc
248186.0,3749240,python,[JIT],0x0000ee2d4d0fa1cc
248186.0,3749240,python,[JIT],0x0000ee2d4d2be9c4
248186.0,3749240,python,[JIT],0x0000ee2d4d2f2fb0
248186.0,3749240,python,[JIT],0x0000ee2d4d3a157c
248186.0,3749383,python,[JIT],0x0000ef595beed56c
248186.0,3749543,python,[JIT],0x0000f0a3d13fbd3c
248186.0,3749543,python,[JIT],0x0000f0a3d190e07c
248186.0,3749543,python,[JIT],0x0000f0a3d1cdb1d0
248186.0,3749336,python,[JIT],0x0000e82e9952e1dc
248186.0,3749336,python,[JIT],0x0000e82e99586200
248186.0,3749336,python,[JIT],0x0000e82e995b8e88
248186.0,3749336,python,[JIT],0x0000e82e995f6800
248186.0,3749336,python,[JIT],0x0000e82e99e411d0
248186.0,3749336,python,[JIT],0x0000e82e99f25170
248186.0,3749463,python,[JIT],0x0000e07d3f06d368
248186.0,3749463,python,[JIT],0x0000e07d3f099f0c
248186.0,3749463,python,[JIT],0x0000e07d3f09cb48
248186.0,3749463,python,[JIT],0x0000e07d3f6fd0a4
248186.0,3749463,python,[JIT],0x0000e07d3f9313a0
248186.0,3749463,python,[JIT],0x0000e07d3f935674
248186.0,3749463,python,[JIT],0x0000e07d3f93be48
248186.0,3749463,python,[JIT],0x0000e07d3f93d6c0
248186.0,3749463,python,[JIT],0x0000e07d3f9e1c78
248186.0,3749463,python,[JIT],0x0000e07d3f9e1d1c
248186.0,3749463,python,[JIT],0x0000e07d3f9e2aac
248186.0,3749463,python,[JIT],0x0000e07d3fa11050
248185.0,3749208,python,[JIT],0x0000e7243bf452c0
248185.0,3749208,python,[JIT],0x0000e7243bf498f0
248185.0,3749208,python,[JIT],0x0000e7243bf76680
248185.0,3749208,python,[JIT],0x0000e7243bfb52e4
248185.0,3749208,python,[JIT],0x0000e7243bfba6f8
248185.0,3749208,python,[JIT],0x0000e7243c80138c
248185.0,3749208,python,[JIT],0x0000e7243c807aa0
248185.0,3749208,python,[JIT],0x0000e7243c8b20d8
248185.0,3749208,python,[JIT],0x0000e7243c8b3480
248185.0,3749208,python,[JIT],0x0000e7243c8b3914
248185.0,3749208,python,[JIT],0x0000e7243c8b3d5c
248185.0,3749208,python,[JIT],0x0000e7243c8b7078
248185.0,3749586,python,python,allocate_from_new_pool
248185.0,3749586,python,[JIT],0x0000f45d965781ac
248185.0,3749586,python,[JIT],0x0000f45d9657914c
248185.0,3749586,python,[JIT],0x0000f45d965b6324
248185.0,3749586,python,[JIT],0x0000f45d965bb360
248185.0,3749586,python,[JIT],0x0000f45d96af15a0
248185.0,3749586,python,[JIT],0x0000f45d96dde178
248185.0,3749586,python,[JIT],0x0000f45d96e11a0c
248185.0,3749586,python,[JIT],0x0000f45d96e1b0f4
248185.0,3749586,python,[JIT],0x0000f45d96e1c3f4
248185.0,3749586,python,[JIT],0x0000f45d96e1cb40
248185.0,3749586,python,[JIT],0x0000f45d96ec10b4
248185.0,3749240,python,python,_Py_Specialize_LoadAttr
248185.0,3749240,python,[JIT],0x0000ee2d4ca2e51c
248185.0,3749240,python,[JIT],0x0000ee2d4ca55b90
248185.0,3749240,python,[JIT],0x0000ee2d4ca59640
248185.0,3749240,python,[JIT],0x0000ee2d4ca59f68
248185.0,3749240,python,[JIT],0x0000ee2d4ca96270
248185.0,3749240,python,[JIT],0x0000ee2d4d0f2070
248185.0,3749240,python,[JIT],0x0000ee2d4d0fc528
248185.0,3749240,python,[JIT],0x0000ee2d4d2be43c
248185.0,3749543,python,[JIT],0x0000f0a3d18ed898
248185.0,3749543,python,[JIT],0x0000f0a3d18ee5a0
248185.0,3749543,python,[JIT],0x0000f0a3d18fd058
248185.0,3749543,python,[JIT],0x0000f0a3d1972468
248185.0,3749543,python,[JIT],0x0000f0a3d1cd25a8
248185.0,3749543,python,[JIT],0x0000f0a3d1cd9a6c
248185.0,3749543,python,[JIT],0x0000f0a3d1d82060
248185.0,3749543,python,[JIT],0x0000f0a3d1d87458
248185.0,3749543,python,[JIT],0x0000f0a3d1d87dcc
248185.0,3749543,python,[JIT],0x0000f0a3d1d882b8
248185.0,3749543,python,[JIT],0x0000f0a3d1d8b2d4
248185.0,3749336,python,[JIT],0x0000e82e99e4472c
248185.0,3749543,python,[JIT],0x0000f0a3d1cdc3c4
248185.0,3749463,python,[JIT],0x0000e07d3f933224
248185.0,3749463,python,[JIT],0x0000e07d3f6f63fc
248185.0,3749463,python,[JIT],0x0000e07d3f9313a4
248185.0,3749463,python,[JIT],0x0000e07d3f933b0c
248185.0,3749463,python,[JIT],0x0000e07d3f93a058
248185.0,3749463,python,[JIT],0x0000e07d3f93b8d8
248185.0,3749463,python,[JIT],0x0000e07d3f93d0bc
248185.0,3749463,python,[JIT],0x0000e07d3f9e1e44
248185.0,3749463,python,[JIT],0x0000e07d3f9e2098
248185.0,3749463,python,[JIT],0x0000e07d3f9e5468
248184.0,3749208,python,[JIT],0x0000e7243bee9510
248184.0,3749208,python,[JIT],0x0000e7243beeceb0
248184.0,3749208,python,[JIT],0x0000e7243bf1a158
248184.0,3749208,python,[JIT],0x0000e7243bf4c734
248184.0,3749208,python,[JIT],0x0000e7243bfbb74c
248184.0,3749208,python,[JIT],0x0000e7243c4ee2ac
248184.0,3749208,python,[JIT],0x0000e7243c805cec
248184.0,3749208,python,[JIT],0x0000e7243c808dac
248184.0,3749208,python,[JIT],0x0000e7243c80910c
248184.0,3749586,python,[JIT],0x0000f45d964e133c
248184.0,3749586,python,[JIT],0x0000f45d9651a060
248184.0,3749586,python,[JIT],0x0000f45d965791c4
248184.0,3749586,python,[JIT],0x0000f45d96af8210
248184.0,3749586,python,[JIT],0x0000f45d96afa028
248184.0,3749586,python,[JIT],0x0000f45d96ddec34
248184.0,3749586,python,[JIT],0x0000f45d96e1734c
248184.0,3749586,python,[JIT],0x0000f45d96e19114
248184.0,3749586,python,[JIT],0x0000f45d96e1d0c4
248184.0,3749586,python,[JIT],0x0000f45d96ec17e0
248184.0,3749586,python,[JIT],0x0000f45d96e1f17c
248184.0,3749240,python,[JIT],0x0000ee2d4c9ced3c
248184.0,3749240,python,[JIT],0x0000ee2d4ca5a0a8
248184.0,3749240,python,[JIT],0x0000ee2d4ca961c8
248184.0,3749240,python,[JIT],0x0000ee2d4d0fda8c
248184.0,3749240,python,[JIT],0x0000ee2d4d2f9334
248184.0,3749240,python,[JIT],0x0000ee2d4d2fc05c
248184.0,3749240,python,[JIT],0x0000ee2d4d2fcfa0
248184.0,3749240,python,[JIT],0x0000ee2d4d2fd48c
248184.0,3749543,python,[JIT],0x0000f0a3d13f1104
248184.0,3749543,python,[JIT],0x0000f0a3d19030d0
248184.0,3749543,python,[JIT],0x0000f0a3d1909bc8
248184.0,3749543,python,[JIT],0x0000f0a3d190e1e0
248184.0,3749543,python,[JIT],0x0000f0a3d1973638
248184.0,3749543,python,[JIT],0x0000f0a3d197b120
248184.0,3749543,python,[JIT],0x0000f0a3d1cd1118
248184.0,3749543,python,[JIT],0x0000f0a3d1cd552c
248184.0,3749543,python,[JIT],0x0000f0a3d1cd80c0
248184.0,3749543,python,[JIT],0x0000f0a3d1cd9a44
248184.0,3749336,python,[JIT],0x0000e82e99e4e2f0
248184.0,3749463,python,[JIT],0x0000e07d3f03c6f0
248184.0,3749463,python,[JIT],0x0000e07d3f6f51a8
248184.0,3749463,python,[JIT],0x0000e07d3f8fe1f4
248184.0,3749463,python,[JIT],0x0000e07d3f935be4
248184.0,3749463,python,[JIT],0x0000e07d3f93a158
248184.0,3749463,python,[JIT],0x0000e07d3f93b2a0
248184.0,3749463,python,[JIT],0x0000e07d3f9e55e0
248183.0,3749208,python,[JIT],0x0000e7243beb60c8
248183.0,3749208,python,[JIT],0x0000e7243bee5d38
248183.0,3749208,python,[JIT],0x0000e7243bf4a11c
248183.0,3749208,python,[JIT],0x0000e7243bfb920c
248183.0,3749208,python,[JIT],0x0000e7243bfb9254
248183.0,3749208,python,[JIT],0x0000e7243bfb9ba4
248183.0,3749208,python,[JIT],0x0000e7243c80514c
248183.0,3749208,python,[JIT],0x0000e7243c80e25c
248183.0,3749586,python,[JIT],0x0000f45d964e1210
248183.0,3749586,python,[JIT],0x0000f45d96575b10
248183.0,3749586,python,[JIT],0x0000f45d9657c238
248183.0,3749586,python,[JIT],0x0000f45d965b9f28
248183.0,3749586,python,[JIT],0x0000f45d96af28b4
248183.0,3749586,python,[JIT],0x0000f45d96dde970
248183.0,3749586,python,[JIT],0x0000f45d96e190d0
248183.0,3749586,python,[JIT],0x0000f45d96e190f8
248183.0,3749240,python,[JIT],0x0000ee2d4d0fa180
248183.0,3749240,python,[JIT],0x0000ee2d4d0fa1e4
248183.0,3749240,python,[JIT],0x0000ee2d4d2fdab4
248183.0,3749240,python,[JIT],0x0000ee2d4d2ff0fc
248183.0,3749240,python,[kernel.kallsyms],_raw_spin_unlock_irqrestore
248183.0,3749240,python,[JIT],0x0000ee2d4ca5572c
248183.0,3749240,python,[JIT],0x0000ee2d4ca5ce2c
248183.0,3749240,python,[JIT],0x0000ee2d4d0f2b20
248183.0,3749240,python,[JIT],0x0000ee2d4d0f32ec
248183.0,3749240,python,[JIT],0x0000ee2d4d2be668
248183.0,3749240,python,[JIT],0x0000ee2d4d2bee10
248183.0,3749240,python,[JIT],0x0000ee2d4d2f16c8
248183.0,3749240,python,[JIT],0x0000ee2d4d2f91f8
248183.0,3749240,python,[JIT],0x0000ee2d4d2fcf14
248183.0,3749240,python,[JIT],0x0000ee2d4d3d1128
248183.0,3749543,python,[JIT],0x0000f0a3d18f612c
248183.0,3749543,python,[JIT],0x0000f0a3d1979404
248183.0,3749543,python,[JIT],0x0000f0a3d197b9a4
248183.0,3749543,python,[JIT],0x0000f0a3d1cd9b48
248183.0,3749543,python,[JIT],0x0000f0a3d1cdcfe4
248183.0,3749543,python,[JIT],0x0000f0a3d1cdf694
248183.0,3749543,python,[JIT],0x0000f0a3d1d8742c
248183.0,3749543,python,[JIT],0x0000f0a3d1d87ab8
248183.0,3749543,python,[JIT],0x0000f0a3d1d87d4c
248183.0,3749336,python,[JIT],0x0000e82e9958603c
248183.0,3749463,python,libc.so.6,memcmp
248183.0,3749463,python,[JIT],0x0000e07d3f09d1b4
248183.0,3749463,python,[JIT],0x0000e07d3f6ef518
248183.0,3749463,python,[JIT],0x0000e07d3f6fd9c0
248183.0,3749463,python,[JIT],0x0000e07d3f9355e8
248182.0,3749208,python,[JIT],0x0000e7243bf72704
248182.0,3749208,python,[JIT],0x0000e7243bf76c50
248182.0,3749208,python,[JIT],0x0000e7243c80274c
248182.0,3749208,python,[JIT],0x0000e7243c8087e4
248182.0,3749208,python,[JIT],0x0000e7243c808ec0
248182.0,3749208,python,[JIT],0x0000e7243c8b42d4
248182.0,3749208,python,[JIT],0x0000e7243c8b7034
248182.0,3749586,python,[JIT],0x0000f45d965ba0f4
248182.0,3749586,python,[JIT],0x0000f45d96aed038
248182.0,3749586,python,[JIT],0x0000f45d96af03c8
248182.0,3749586,python,[JIT],0x0000f45d96e12940
248182.0,3749586,python,[JIT],0x0000f45d96e1b120
248182.0,3749586,python,[JIT],0x0000f45d96e1c534
248182.0,3749586,python,[JIT],0x0000f45d96e1f1b8
248182.0,3749240,python,python,_PyList_AsTupleAndClear
248182.0,3749240,python,[JIT],0x0000ee2d4ca293d8
248182.0,3749240,python,[JIT],0x0000ee2d4ca2a1e0
248182.0,3749240,python,[JIT],0x0000ee2d4d0ec99c
248182.0,3749240,python,[JIT],0x0000ee2d4d0fc180
248182.0,3749240,python,[JIT],0x0000ee2d4d2be780
248182.0,3749240,python,[JIT],0x0000ee2d4d2be85c
248182.0,3749543,python,python,dict_length
248182.0,3749543,python,[JIT],0x0000f0a3d1979684
248182.0,3749543,python,[JIT],0x0000f0a3d1cd2578
248182.0,3749543,python,[JIT],0x0000f0a3d1cd25cc
248182.0,3749543,python,[JIT],0x0000f0a3d1d840bc
248182.0,3749543,python,[JIT],0x0000f0a3d1d885a0
248182.0,3749336,python,[JIT],0x0000e82e99ef2fd0
248182.0,3749336,python,[JIT],0x0000e82e99ef672c
248182.0,3749463,python,[JIT],0x0000e07d3f0d43bc
248182.0,3749463,python,[JIT],0x0000e07d3f0d53d4
248182.0,3749463,python,[JIT],0x0000e07d3f6f4534
248182.0,3749463,python,[JIT],0x0000e07d3f6f618c
248182.0,3749463,python,[JIT],0x0000e07d3f939030
248182.0,3749463,python,[JIT],0x0000e07d3f93b654
248182.0,3749463,python,[JIT],0x0000e07d3f93b760
248182.0,3749463,python,[JIT],0x0000e07d3f93d114
248182.0,3749463,python,[JIT],0x0000e07d3f93d9fc
248182.0,3749463,python,[JIT],0x0000e07d3f9e1a0c
248182.0,3749463,python,[JIT],0x0000e07d3f9e5220
248181.0,3749208,python,[JIT],0x0000e7243bf1139c
248181.0,3749208,python,[JIT],0x0000e7243bf131e0
248181.0,3749208,python,[JIT],0x0000e7243bf45074
248181.0,3749208,python,[JIT],0x0000e7243bf49980
248181.0,3749208,python,[JIT],0x0000e7243bf4ca6c
248181.0,3749208,python,[JIT],0x0000e7243bf747e8
248181.0,3749208,python,[JIT],0x0000e7243bfba3f4
248181.0,3749208,python,[JIT],0x0000e7243bfba624
248181.0,3749208,python,[JIT],0x0000e7243bfbd288
248181.0,3749208,python,[JIT],0x0000e7243c7ce508
248181.0,3749208,python,[JIT],0x0000e7243c808590
248181.0,3749208,python,[JIT],0x0000e7243c8bb1b0
248181.0,3749586,python,[JIT],0x0000f45d965185a0
248181.0,3749586,python,[JIT],0x0000f45d9657a244
248181.0,3749586,python,[JIT],0x0000f45d965b35a0
248181.0,3749586,python,[JIT],0x0000f45d965b6514
248181.0,3749586,python,[JIT],0x0000f45d96af2118
248181.0,3749586,python,[JIT],0x0000f45d96af869c
248181.0,3749586,python,[JIT],0x0000f45d96af980c
248181.0,3749586,python,[JIT],0x0000f45d96af98f4
248181.0,3749586,python,[JIT],0x0000f45d96e19224
248181.0,3749586,python,[JIT],0x0000f45d96dde30c
248181.0,3749240,python,[JIT],0x0000ee2d4d0fa830
248181.0,3749240,python,[JIT],0x0000ee2d4d2beb48
248181.0,3749240,python,python,member_set
248181.0,3749240,python,[JIT],0x0000ee2d4d0f58e0
248181.0,3749240,python,[JIT],0x0000ee2d4d0ff16c
248181.0,3749240,python,[JIT],0x0000ee2d4d2beaec
248181.0,3749240,python,[JIT],0x0000ee2d4d2bedd8
248181.0,3749240,python,[JIT],0x0000ee2d4d2f12b4
248181.0,3749240,python,[JIT],0x0000ee2d4d2f1fcc
248181.0,3749240,python,[JIT],0x0000ee2d4d2f2c04
248181.0,3749240,python,[JIT],0x0000ee2d4d3a25ac
248181.0,3749543,python,python,PyDict_SetItem
248181.0,3749543,python,[JIT],0x0000f0a3d13f1144
248181.0,3749543,python,[JIT],0x0000f0a3d18f6088
248181.0,3749543,python,[JIT],0x0000f0a3d190cfc4
248181.0,3749543,python,[JIT],0x0000f0a3d193e52c
248181.0,3749543,python,[JIT],0x0000f0a3d1cd5228
248181.0,3749543,python,[JIT],0x0000f0a3d1cdceb0
248181.0,3749543,python,[JIT],0x0000f0a3d1d874f8
248181.0,3749336,python,[JIT],0x0000e82e9952d258
248181.0,3749336,python,[JIT],0x0000e82e995f64b8
248181.0,3749336,python,[JIT],0x0000e82e99ef5d24
248181.0,3749463,python,[JIT],0x0000e07d3f065038
248181.0,3749463,python,[JIT],0x0000e07d3f06948c
248181.0,3749463,python,[JIT],0x0000e07d3f09c4f4
248181.0,3749463,python,[JIT],0x0000e07d3f0d4e28
248181.0,3749463,python,[JIT],0x0000e07d3f6fc0e4
248181.0,3749463,python,[JIT],0x0000e07d3f6fd1a0
248181.0,3749463,python,[JIT],0x0000e07d3f6fd254
248181.0,3749463,python,[JIT],0x0000e07d3f6fd84c
248181.0,3749463,python,[JIT],0x0000e07d3f933594
248181.0,3749463,python,[JIT],0x0000e07d3f935fb8
248181.0,3749463,python,[JIT],0x0000e07d3f93aa44
248181.0,3749463,python,[JIT],0x0000e07d3f9e1320
248181.0,3749463,python,[JIT],0x0000e07d3f9e154c
248181.0,3749463,python,[JIT],0x0000e07d3f9e5270
248181.0,3749463,python,[JIT],0x0000e07d3f9e6600
248181.0,3749463,python,[JIT],0x0000e07d3f9e663c
248180.0,3749208,python,[JIT],0x0000e7243bebe78c
248180.0,3749208,python,[JIT],0x0000e7243c8059d0
248180.0,3749208,python,[JIT],0x0000e7243c8b3c24
248180.0,3749208,python,[JIT],0x0000e7243c8b3ddc
248180.0,3749208,python,[JIT],0x0000e7243c8b403c
248180.0,3749586,python,[JIT],0x0000f45d965493d8
248180.0,3749586,python,[JIT],0x0000f45d96aed580
248180.0,3749586,python,[JIT],0x0000f45d96af215c
248180.0,3749586,python,[JIT],0x0000f45d96af8238
248180.0,3749586,python,[JIT],0x0000f45d96af9110
248180.0,3749586,python,[JIT],0x0000f45d96afb538
248180.0,3749586,python,[JIT],0x0000f45d96afc2a4
248180.0,3749586,python,[JIT],0x0000f45d96afc858
248180.0,3749586,python,[JIT],0x0000f45d96dde02c
248180.0,3749586,python,[JIT],0x0000f45d96e11a8c
248180.0,3749586,python,[JIT],0x0000f45d96e12f68
248180.0,3749586,python,[JIT],0x0000f45d96e19c24
248180.0,3749586,python,[JIT],0x0000f45d96e1c71c
248180.0,3749586,python,[JIT],0x0000f45d96e1c914
248180.0,3749586,python,[JIT],0x0000f45d96e1f180
248180.0,3749586,python,[JIT],0x0000f45d96ec2b64
248180.0,3749586,python,[JIT],0x0000f45d96af9044
248180.0,3749240,python,[JIT],0x0000ee2d4d2fc1b4
248180.0,3749240,python,[JIT],0x0000ee2d4c86a778
248180.0,3749240,python,[JIT],0x0000ee2d4d0f2064
248180.0,3749240,python,[JIT],0x0000ee2d4d0fa050
248180.0,3749240,python,[JIT],0x0000ee2d4d0fc390
248180.0,3749240,python,[JIT],0x0000ee2d4d0fd71c
248180.0,3749240,python,[JIT],0x0000ee2d4d2be294
248180.0,3749240,python,[JIT],0x0000ee2d4d2bee6c
248180.0,3749240,python,[JIT],0x0000ee2d4d2f1d9c
248180.0,3749240,python,[JIT],0x0000ee2d4d2fc680
248180.0,3749240,python,[JIT],0x0000ee2d4d2fd520
248180.0,3749383,python,[JIT],0x0000ef595beeb0b4
248180.0,3749543,python,python,unicode_join
248180.0,3749543,python,[JIT],0x0000f0a3d13f1070
248180.0,3749543,python,[JIT],0x0000f0a3d1973fd8
248180.0,3749543,python,[JIT],0x0000f0a3d1978844
248180.0,3749543,python,[JIT],0x0000f0a3d1cd26a0
248180.0,3749543,python,[JIT],0x0000f0a3d1cd90e8
248180.0,3749543,python,[JIT],0x0000f0a3d1cd91c8
248180.0,3749336,python,python,emit__GUARD_CALLABLE_ISINSTANCE_r13
248180.0,3749336,python,python,tupleiter_dealloc
248180.0,3749336,python,[JIT],0x0000e82e995b9278
248180.0,3749336,python,[JIT],0x0000e82e995f31c8
248180.0,3749336,python,[JIT],0x0000e82e99e41148
248180.0,3749336,python,[JIT],0x0000e82e99e440cc
248180.0,3749543,python,[JIT],0x0000f0a3d1d8f418
248180.0,3749463,python,[JIT],0x0000e07d3f93694c
248180.0,3749463,python,[JIT],0x0000e07d3f062100
248180.0,3749463,python,[JIT],0x0000e07d3f06dc94
248180.0,3749463,python,[JIT],0x0000e07d3f0995a4
248180.0,3749463,python,[JIT],0x0000e07d3f0997e0
248180.0,3749463,python,[JIT],0x0000e07d3f09c598
248180.0,3749463,python,[JIT],0x0000e07d3f09e9f8
248180.0,3749463,python,[JIT],0x0000e07d3f6ee9d4
248180.0,3749463,python,[JIT],0x0000e07d3f6eff00
248180.0,3749463,python,[JIT],0x0000e07d3f6f777c
248180.0,3749463,python,[JIT],0x0000e07d3f933684
248180.0,3749463,python,[JIT],0x0000e07d3f939254
248180.0,3749463,python,[JIT],0x0000e07d3f93d16c
248180.0,3749463,python,[JIT],0x0000e07d3fa1500c
248179.0,3749208,python,[JIT],0x0000e7243bd866fc
248179.0,3749208,python,[JIT],0x0000e7243bf1a288
248179.0,3749208,python,[JIT],0x0000e7243bf4c9ac
248179.0,3749208,python,[JIT],0x0000e7243bf73270
248179.0,3749208,python,[JIT],0x0000e7243bfb9a28
248179.0,3749208,python,[JIT],0x0000e7243c4ee600
248179.0,3749208,python,[JIT],0x0000e7243c80151c
248179.0,3749208,python,[JIT],0x0000e7243c802480
248179.0,3749208,python,[JIT],0x0000e7243c805304
248179.0,3749208,python,[JIT],0x0000e7243c805890
248179.0,3749208,python,[JIT],0x0000e7243c805c5c
248179.0,3749208,python,[JIT],0x0000e7243c8b32c0
248179.0,3749208,python,[JIT],0x0000e7243c8b72a0
248179.0,3749208,python,[JIT],0x0000e7243c8bb30c
248179.0,3749586,python,[kernel.kallsyms],__task_pid_nr_ns
248179.0,3749586,python,[JIT],0x0000f45d9654c5e0
248179.0,3749586,python,[JIT],0x0000f45d965b35d0
248179.0,3749586,python,[JIT],0x0000f45d965b73d8
248179.0,3749586,python,[JIT],0x0000f45d96dde078
248179.0,3749586,python,[JIT],0x0000f45d96dde488
248179.0,3749586,python,[JIT],0x0000f45d96ec17e4
248179.0,3749240,python,[JIT],0x0000ee2d4c9ca0d8
248179.0,3749240,python,[JIT],0x0000ee2d4c9f81fc
248179.0,3749240,python,[JIT],0x0000ee2d4ca2e040
248179.0,3749240,python,[JIT],0x0000ee2d4ca5919c
248179.0,3749240,python,[JIT],0x0000ee2d4ca9b0ac
248179.0,3749240,python,[JIT],0x0000ee2d4d0f34ac
248179.0,3749240,python,[JIT],0x0000ee2d4d0f34f8
248179.0,3749240,python,[JIT],0x0000ee2d4d0fc39c
248179.0,3749240,python,[JIT],0x0000ee2d4d0fd748
248179.0,3749240,python,[JIT],0x0000ee2d4d2be77c
248179.0,3749240,python,[JIT],0x0000ee2d4d2f282c
248179.0,3749240,python,[JIT],0x0000ee2d4d2f93b4
248179.0,3749240,python,[JIT],0x0000ee2d4d3a25e4
248179.0,3749383,python,python,PyUnicode_Substring
248179.0,3749543,python,python,emit__BUILD_LIST_r01
248179.0,3749543,python,[JIT],0x0000f0a3d190cc04
248179.0,3749543,python,[JIT],0x0000f0a3d1cd96e0
248179.0,3749543,python,[JIT],0x0000f0a3d1d8b2cc
248179.0,3749336,python,[JIT],0x0000e82e995f6324
248179.0,3749336,python,[JIT],0x0000e82e99ef21d8
248179.0,3749463,python,libc.so.6,__snprintf_chk
248179.0,3749463,python,[JIT],0x0000e07d3f0d5a64
248179.0,3749463,python,[JIT],0x0000e07d3f0d6020
248179.0,3749463,python,[JIT],0x0000e07d3f0d68b4
248179.0,3749463,python,[JIT],0x0000e07d3f6fc4d0
248179.0,3749463,python,[JIT],0x0000e07d3f9e1570
248178.0,3749208,python,python,builtin_sorted
248178.0,3749208,python,[JIT],0x0000e7243bf19530
248178.0,3749208,python,[JIT],0x0000e7243bf4992c
248178.0,3749208,python,[JIT],0x0000e7243bf4c3f0
248178.0,3749208,python,[JIT],0x0000e7243bf7588c
248178.0,3749208,python,[JIT],0x0000e7243bf76c1c
248178.0,3749208,python,[JIT],0x0000e7243bfb9504
248178.0,3749208,python,[JIT],0x0000e7243c805d9c
248178.0,3749208,python,[JIT],0x0000e7243c807400
248178.0,3749208,python,[JIT],0x0000e7243c807e3c
248178.0,3749208,python,[JIT],0x0000e7243c8b4154
248178.0,3749586,python,[JIT],0x0000f45d96572c40
248178.0,3749586,python,[JIT],0x0000f45d96579f64
248178.0,3749586,python,[JIT],0x0000f45d9657a260
248178.0,3749586,python,[JIT],0x0000f45d9657b490
248178.0,3749586,python,[JIT],0x0000f45d965b5ff8
248178.0,3749586,python,[JIT],0x0000f45d96af181c
248178.0,3749586,python,[JIT],0x0000f45d96af70cc
248178.0,3749586,python,[JIT],0x0000f45d96afb52c
248178.0,3749586,python,[JIT],0x0000f45d96e17394
248178.0,3749586,python,[JIT],0x0000f45d96e1b138
248178.0,3749586,python,[JIT],0x0000f45d96e1c5ac
248178.0,3749586,python,[JIT],0x0000f45d96e1cf10
248178.0,3749240,python,python,PyUnicode_Substring
248178.0,3749240,python,[JIT],0x0000ee2d4ca97b2c
248178.0,3749240,python,[JIT],0x0000ee2d4d2f9080
248178.0,3749240,python,[JIT],0x0000ee2d4d2f9380
248178.0,3749240,python,[JIT],0x0000ee2d4d2fcfb0
248178.0,3749240,python,[JIT],0x0000ee2d4d3a10e8
248178.0,3749240,python,[JIT],0x0000ee2d4d3a15c0
248178.0,3749240,python,[JIT],0x0000ee2d4d3a27c0
248178.0,3749543,python,[JIT],0x0000f0a3d1978094
248178.0,3749543,python,[JIT],0x0000f0a3d1cd3078
248178.0,3749543,python,[JIT],0x0000f0a3d1d84b94
248178.0,3749543,python,[JIT],0x0000f0a3d1d87370
248178.0,3749336,python,[JIT],0x0000e82e99e47a98
248178.0,3749336,python,[JIT],0x0000e82e99ef1134
248178.0,3749463,python,[JIT],0x0000e07d3f06b1bc
248178.0,3749463,python,[JIT],0x0000e07d3f0d47c8
248178.0,3749463,python,[JIT],0x0000e07d3f6f6868
248178.0,3749463,python,[JIT],0x0000e07d3f6fc1d8
248178.0,3749463,python,[JIT],0x0000e07d3f6fc298
248178.0,3749463,python,[JIT],0x0000e07d3f6fc77c
248178.0,3749463,python,[JIT],0x0000e07d3f6fd978
248178.0,3749463,python,[JIT],0x0000e07d3f932054
248178.0,3749463,python,[JIT],0x0000e07d3f93b06c
248178.0,3749463,python,[JIT],0x0000e07d3f93beb4
248177.0,3749208,python,[JIT],0x0000e7243bf17be8
248177.0,3749208,python,[JIT],0x0000e7243bf49c64
248177.0,3749208,python,[JIT],0x0000e7243bf4e898
248177.0,3749208,python,[JIT],0x0000e7243c805b60
248177.0,3749208,python,[JIT],0x0000e7243c805c70
248177.0,3749208,python,[JIT],0x0000e7243c8090a8
248177.0,3749208,python,[JIT],0x0000e7243c8b42dc
248177.0,3749586,python,python,_PyType_Lookup
248177.0,3749586,python,python,listiter_next
248177.0,3749586,python,python,memmove@plt
248177.0,3749586,python,[JIT],0x0000f45d9654e56c
248177.0,3749586,python,[JIT],0x0000f45d96afc3fc
248177.0,3749586,python,[JIT],0x0000f45d96afc78c
248177.0,3749586,python,[JIT],0x0000f45d96dde8b0
248177.0,3749586,python,[JIT],0x0000f45d96dde9d8
248177.0,3749586,python,[JIT],0x0000f45d96e17948
248177.0,3749586,python,[JIT],0x0000f45d96e19260
248177.0,3749586,python,[JIT],0x0000f45d96e1c3ec
248177.0,3749586,python,[JIT],0x0000f45d96e1c444
248177.0,3749586,python,[JIT],0x0000f45d96ec1258
248177.0,3749586,python,[JIT],0x0000f45d96e171a4
248177.0,3749240,python,[JIT],0x0000ee2d4d2fc1a4
248177.0,3749240,python,[JIT],0x0000ee2d4d2fd03c
248177.0,3749240,python,[JIT],0x0000ee2d4ca2516c
248177.0,3749240,python,[JIT],0x0000ee2d4ca59e3c
248177.0,3749240,python,[JIT],0x0000ee2d4d0eb770
248177.0,3749240,python,[JIT],0x0000ee2d4d0ebd18
248177.0,3749240,python,[JIT],0x0000ee2d4d0fa394
248177.0,3749240,python,[JIT],0x0000ee2d4d2be008
248177.0,3749240,python,[JIT],0x0000ee2d4d2bea9c
248177.0,3749240,python,[JIT],0x0000ee2d4d2f2c78
248177.0,3749240,python,[JIT],0x0000ee2d4d2f7218
248177.0,3749240,python,[JIT],0x0000ee2d4d2f9b7c
248177.0,3749240,python,[JIT],0x0000ee2d4d2fc354
248177.0,3749240,python,[JIT],0x0000ee2d4d2fd1e8
248177.0,3749240,python,[JIT],0x0000ee2d4d3a1748
248177.0,3749383,python,python,PySequence_Tuple
248177.0,3749543,python,[JIT],0x0000f0a3d18f62e4
248177.0,3749543,python,[JIT],0x0000f0a3d1936624
248177.0,3749543,python,[JIT],0x0000f0a3d1cdb1b4
248177.0,3749543,python,[JIT],0x0000f0a3d1cdb88c
248177.0,3749543,python,[JIT],0x0000f0a3d1cdd030
248177.0,3749543,python,[JIT],0x0000f0a3d1d84684
248177.0,3749543,python,[JIT],0x0000f0a3d1d8729c
248177.0,3749543,python,[JIT],0x0000f0a3d1d880a4
248177.0,3749543,python,[JIT],0x0000f0a3d1d881ec
248177.0,3749463,python,[JIT],0x0000e07d3f039ffc
248177.0,3749463,python,[JIT],0x0000e07d3f0996f4
248177.0,3749463,python,[JIT],0x0000e07d3f09ca9c
248177.0,3749463,python,[JIT],0x0000e07d3f0d2498
248177.0,3749463,python,[JIT],0x0000e07d3f0d67e0
248177.0,3749463,python,[JIT],0x0000e07d3f6f5fb0
248177.0,3749463,python,[JIT],0x0000e07d3f9334cc
248177.0,3749463,python,[JIT],0x0000e07d3f93b24c
248177.0,3749463,python,[JIT],0x0000e07d3f9e1d60
248177.0,3749463,python,[JIT],0x0000e07d3f9e2460
248177.0,3749463,python,[JIT],0x0000e07d3f9e41f0
248177.0,3749463,python,[JIT],0x0000e07d3f9e57e0
248176.0,3749208,python,[JIT],0x0000e7243bfb94e0
248176.0,3749208,python,[JIT],0x0000e7243bfba0ec
248176.0,3749208,python,[JIT],0x0000e7243bfba294
248176.0,3749208,python,[JIT],0x0000e7243c7ce044
248176.0,3749208,python,[JIT],0x0000e7243c80c1e0
248176.0,3749208,python,[JIT],0x0000e7243c8b3bdc
248176.0,3749208,python,[JIT],0x0000e7243c8b409c
248176.0,3749586,python,[JIT],0x0000f45d9654804c
248176.0,3749586,python,[JIT],0x0000f45d96575580
248176.0,3749586,python,[JIT],0x0000f45d965b30f4
248176.0,3749586,python,[JIT],0x0000f45d96af8234
248176.0,3749586,python,[JIT],0x0000f45d96afc330
248176.0,3749586,python,[JIT],0x0000f45d96ddee6c
248176.0,3749586,python,[JIT],0x0000f45d96e1c860
248176.0,3749240,python,[JIT],0x0000ee2d4d0f6130
248176.0,3749240,python,[JIT],0x0000ee2d4d0fd38c
248176.0,3749240,python,[JIT],0x0000ee2d4d2be090
248176.0,3749240,python,[JIT],0x0000ee2d4d2be984
248176.0,3749240,python,[JIT],0x0000ee2d4d2bec00
248176.0,3749240,python,[JIT],0x0000ee2d4d2f22c0
248176.0,3749240,python,[JIT],0x0000ee2d4d2f2c7c
248176.0,3749240,python,[JIT],0x0000ee2d4d2f9350
248176.0,3749240,python,[JIT],0x0000ee2d4d2fcdc8
248176.0,3749240,python,[JIT],0x0000ee2d4d2fd5d8
248176.0,3749383,python,[JIT],0x0000ef595c10e86c
248176.0,3749383,python,[JIT],0x0000ef595c14255c
248176.0,3749383,python,[JIT],0x0000ef595c14e978
248176.0,3749543,python,python,PyObject_GetAttr
248176.0,3749543,python,[JIT],0x0000f0a3d19367e0
248176.0,3749543,python,[JIT],0x0000f0a3d1978c08
248176.0,3749543,python,[JIT],0x0000f0a3d1cdc2c0
248176.0,3749543,python,[JIT],0x0000f0a3d1cdd04c
248176.0,3749336,python,[JIT],0x0000e82e9958d0e0
248176.0,3749463,python,[JIT],0x0000e07d3f0650dc
248176.0,3749463,python,[JIT],0x0000e07d3f06c080
248176.0,3749463,python,[JIT],0x0000e07d3f09cf98
248176.0,3749463,python,[JIT],0x0000e07d3f09d348
248176.0,3749463,python,[JIT],0x0000e07d3f0d261c
248176.0,3749463,python,[JIT],0x0000e07d3f0d555c
248176.0,3749463,python,[JIT],0x0000e07d3f6fc248
248176.0,3749463,python,[JIT],0x0000e07d3f9314f0
248176.0,3749463,python,[JIT],0x0000e07d3f935c98
248176.0,3749463,python,[JIT],0x0000e07d3f93b2a4
248176.0,3749463,python,[JIT],0x0000e07d3f9e1988
248176.0,3749463,python,[JIT],0x0000e07d3f9e90f4
248175.0,3749208,python,[JIT],0x0000e7243bf16320
248175.0,3749208,python,[JIT],0x0000e7243bf4a09c
248175.0,3749208,python,[JIT],0x0000e7243bf74ddc
248175.0,3749208,python,[JIT],0x0000e7243c7ce19c
248175.0,3749208,python,[JIT],0x0000e7243c8012a0
248175.0,3749208,python,[JIT],0x0000e7243c80ed6c
248175.0,3749586,python,[JIT],0x0000f45d96579cc0
248175.0,3749586,python,[JIT],0x0000f45d9657c678
248175.0,3749586,python,[JIT],0x0000f45d9657c800
248175.0,3749586,python,[JIT],0x0000f45d965badd8
248175.0,3749586,python,[JIT],0x0000f45d96af1118
248175.0,3749586,python,[JIT],0x0000f45d96afe1ec
248175.0,3749586,python,[JIT],0x0000f45d96e110b8
248175.0,3749586,python,[JIT],0x0000f45d96e1c008
248175.0,3749586,python,[JIT],0x0000f45d96e1cfe4
248175.0,3749240,python,[JIT],0x0000ee2d4c86a838
248175.0,3749240,python,[JIT],0x0000ee2d4c9951d4
248175.0,3749240,python,[JIT],0x0000ee2d4c9cf22c
248175.0,3749240,python,[JIT],0x0000ee2d4d0ee2f4
248175.0,3749240,python,[JIT],0x0000ee2d4d0f352c
248175.0,3749240,python,[JIT],0x0000ee2d4d0f6624
248175.0,3749240,python,[JIT],0x0000ee2d4d0faf64
248175.0,3749240,python,[JIT],0x0000ee2d4d0fd428
248175.0,3749240,python,[JIT],0x0000ee2d4d0fd504
248175.0,3749240,python,[JIT],0x0000ee2d4d2f71dc
248175.0,3749240,python,[JIT],0x0000ee2d4d2f9b78
248175.0,3749240,python,[JIT],0x0000ee2d4d2fc880
248175.0,3749383,python,[JIT],0x0000ef595beeb3f8
248175.0,3749543,python,python,_PyType_Lookup
248175.0,3749543,python,[JIT],0x0000f0a3d1934580
248175.0,3749543,python,[JIT],0x0000f0a3d193645c
248175.0,3749543,python,[JIT],0x0000f0a3d1d84b74
248175.0,3749543,python,[JIT],0x0000f0a3d1d8734c
248175.0,3749543,python,[JIT],0x0000f0a3d1d8b814
248175.0,3749543,python,[JIT],0x0000f0a3d1d8c2e0
248175.0,3749336,python,[JIT],0x0000e82e99e41f70
248175.0,3749336,python,[JIT],0x0000e82e99e4d000
248175.0,3749463,python,[JIT],0x0000e07d3efd9928
248175.0,3749463,python,[JIT],0x0000e07d3f0034a0
248175.0,3749463,python,[JIT],0x0000e07d3f0660dc
248175.0,3749463,python,[JIT],0x0000e07d3f09c26c
248175.0,3749463,python,[JIT],0x0000e07d3f09c5bc
248175.0,3749463,python,[JIT],0x0000e07d3f6fb094
248175.0,3749463,python,[JIT],0x0000e07d3f936190
248175.0,3749463,python,[JIT],0x0000e07d3f93d830
248175.0,3749463,python,[JIT],0x0000e07d3f9e1040
248175.0,3749463,python,[JIT],0x0000e07d3f9e113c
248174.0,3749208,python,[JIT],0x0000e7243bf16554
248174.0,3749208,python,[JIT],0x0000e7243bf4c3cc
248174.0,3749208,python,[JIT],0x0000e7243bf4d270
248174.0,3749208,python,[JIT],0x0000e7243bfba78c
248174.0,3749208,python,[JIT],0x0000e7243bfbd580
248174.0,3749208,python,[JIT],0x0000e7243c4ee2c0
248174.0,3749208,python,[JIT],0x0000e7243c7ce75c
248174.0,3749208,python,[JIT],0x0000e7243c805300
248174.0,3749208,python,[JIT],0x0000e7243c8b3d68
248174.0,3749208,python,[JIT],0x0000e7243c8b9a9c
248174.0,3749586,python,[JIT],0x0000f45d96572270
248174.0,3749586,python,[JIT],0x0000f45d96575f7c
248174.0,3749586,python,[JIT],0x0000f45d965b3a88
248174.0,3749586,python,[JIT],0x0000f45d96dde650
248174.0,3749586,python,[JIT],0x0000f45d96e17178
248174.0,3749586,python,[JIT],0x0000f45d96e192ec
248174.0,3749586,python,[JIT],0x0000f45d96e129e0
248174.0,3749586,python,[JIT],0x0000f45d96ec5068
248174.0,3749240,python,[JIT],0x0000ee2d4c9f1094
248174.0,3749240,python,[JIT],0x0000ee2d4ca24a34
248174.0,3749240,python,[JIT],0x0000ee2d4ca27274
248174.0,3749240,python,[JIT],0x0000ee2d4ca2c07c
248174.0,3749240,python,[JIT],0x0000ee2d4ca5da14
248174.0,3749240,python,[JIT],0x0000ee2d4ca9147c
248174.0,3749240,python,[JIT],0x0000ee2d4d0f27e0
248174.0,3749240,python,[JIT],0x0000ee2d4d0f2b5c
248174.0,3749240,python,[JIT],0x0000ee2d4d0f9094
248174.0,3749240,python,[JIT],0x0000ee2d4d0fc228
248174.0,3749240,python,[JIT],0x0000ee2d4d2f704c
248174.0,3749240,python,[JIT],0x0000ee2d4d2f73ac
248174.0,3749240,python,[JIT],0x0000ee2d4d2f9308
248174.0,3749240,python,[JIT],0x0000ee2d4d2fb0a0
248174.0,3749240,python,[JIT],0x0000ee2d4d2fcfec
248174.0,3749240,python,[JIT],0x0000ee2d4d2fd908
248174.0,3749240,python,[JIT],0x0000ee2d4d3a197c
248174.0,3749543,python,[JIT],0x0000f0a3d1cd6404
248174.0,3749543,python,[JIT],0x0000f0a3d1cd6484
248174.0,3749543,python,[JIT],0x0000f0a3d1cd9134
248174.0,3749543,python,[JIT],0x0000f0a3d1cdc80c
248174.0,3749543,python,[JIT],0x0000f0a3d1cdd0e0
248174.0,3749336,python,[JIT],0x0000e82e9955806c
248174.0,3749336,python,[JIT],0x0000e82e995fc5b8
248174.0,3749463,python,[JIT],0x0000e07d3f00e5e0
248174.0,3749463,python,[JIT],0x0000e07d3f031a5c
248174.0,3749463,python,[JIT],0x0000e07d3f035058
248174.0,3749463,python,[JIT],0x0000e07d3f09c4b4
248174.0,3749463,python,[JIT],0x0000e07d3f6f633c
248174.0,3749463,python,[JIT],0x0000e07d3f6f8670
248174.0,3749463,python,[JIT],0x0000e07d3f6f8e24
248174.0,3749463,python,[JIT],0x0000e07d3f6fc2d8
248174.0,3749463,python,[JIT],0x0000e07d3f9311c0
248174.0,3749463,python,[JIT],0x0000e07d3f931678
248174.0,3749463,python,[JIT],0x0000e07d3f9e2a48
248173.0,3749208,python,[JIT],0x0000e7243bf1a03c
248173.0,3749208,python,[JIT],0x0000e7243bf4e594
248173.0,3749208,python,[JIT],0x0000e7243bfb4140
248173.0,3749208,python,[JIT],0x0000e7243bfb9c5c
248173.0,3749208,python,[JIT],0x0000e7243c801588
248173.0,3749208,python,[JIT],0x0000e7243c8023e4
248173.0,3749208,python,[JIT],0x0000e7243c80548c
248173.0,3749208,python,[JIT],0x0000e7243c807814
248173.0,3749208,python,[JIT],0x0000e7243c807b7c
248173.0,3749208,python,[JIT],0x0000e7243c8087d0
248173.0,3749208,python,[JIT],0x0000e7243c80b080
248173.0,3749208,python,[JIT],0x0000e7243c8b3850
248173.0,3749208,python,[JIT],0x0000e7243c8b45c4
248173.0,3749586,python,[JIT],0x0000f45d965414c8
248173.0,3749586,python,[JIT],0x0000f45d96aee8dc
248173.0,3749586,python,[JIT],0x0000f45d96af0258
248173.0,3749586,python,[JIT],0x0000f45d96af37e0
248173.0,3749586,python,[JIT],0x0000f45d96e119a8
248173.0,3749586,python,[JIT],0x0000f45d96e176ec
248173.0,3749586,python,[JIT],0x0000f45d96e191e4
248173.0,3749586,python,[JIT],0x0000f45d96e1cbfc
248173.0,3749240,python,[JIT],0x0000ee2d4c9cf130
248173.0,3749240,python,[JIT],0x0000ee2d4ca2425c
248173.0,3749240,python,[JIT],0x0000ee2d4ca562a0
248173.0,3749240,python,[JIT],0x0000ee2d4ca590d8
248173.0,3749240,python,[JIT],0x0000ee2d4ca590dc
248173.0,3749240,python,[JIT],0x0000ee2d4ca972b4
248173.0,3749240,python,[JIT],0x0000ee2d4d2be4f8
248173.0,3749240,python,[JIT],0x0000ee2d4d2bec20
248173.0,3749240,python,[JIT],0x0000ee2d4d2f2ac4
248173.0,3749383,python,[JIT],0x0000ef595c142484
248173.0,3749383,python,[JIT],0x0000ef595c14d7d0
248173.0,3749543,python,[JIT],0x0000f0a3d13cc220
248173.0,3749543,python,[JIT],0x0000f0a3d190a10c
248173.0,3749543,python,[JIT],0x0000f0a3d190cd2c
248173.0,3749543,python,[JIT],0x0000f0a3d193d3cc
248173.0,3749543,python,[JIT],0x0000f0a3d197867c
248173.0,3749543,python,[JIT],0x0000f0a3d1cd6558
248173.0,3749543,python,[JIT],0x0000f0a3d1d847b4
248173.0,3749543,python,[JIT],0x0000f0a3d1d87434
248173.0,3749336,python,python,enum_next
248173.0,3749336,python,[JIT],0x0000e82e995b3910
248173.0,3749543,python,[JIT],0x0000f0a3d1d840cc
248173.0,3749463,python,[JIT],0x0000e07d3f005404
248173.0,3749463,python,[JIT],0x0000e07d3f034f18
248173.0,3749463,python,[JIT],0x0000e07d3f6ef624
248173.0,3749463,python,[JIT],0x0000e07d3f6f64dc
248173.0,3749463,python,[JIT],0x0000e07d3f6f64f8
248173.0,3749463,python,[JIT],0x0000e07d3f933420
248172.0,3749208,python,[JIT],0x0000e7243bf1734c
248172.0,3749208,python,[JIT],0x0000e7243bf742dc
248172.0,3749208,python,[JIT],0x0000e7243bf75a48
248172.0,3749208,python,[JIT],0x0000e7243bfb95a8
248172.0,3749208,python,[JIT],0x0000e7243c8024f0
248172.0,3749208,python,[JIT],0x0000e7243c807a9c
248172.0,3749208,python,[JIT],0x0000e7243c80e234
248172.0,3749586,python,[JIT],0x0000f45d9657133c
248172.0,3749586,python,[JIT],0x0000f45d96579060
248172.0,3749586,python,[JIT],0x0000f45d96579c40
248172.0,3749586,python,[JIT],0x0000f45d96af1e14
248172.0,3749586,python,[JIT],0x0000f45d96af95cc
248172.0,3749586,python,[JIT],0x0000f45d96e11c44
248172.0,3749586,python,[JIT],0x0000f45d96e12c84
248172.0,3749586,python,[JIT],0x0000f45d96e12dac
248172.0,3749586,python,[JIT],0x0000f45d96e191b0
248172.0,3749586,python,[JIT],0x0000f45d96e1c738
248172.0,3749586,python,[JIT],0x0000f45d96e1c9e4
248172.0,3749586,python,[JIT],0x0000f45d96ec2540
248172.0,3749586,python,[JIT],0x0000f45d96ddee10
248172.0,3749586,python,[JIT],0x0000f45d96e19210
248172.0,3749240,python,[JIT],0x0000ee2d4c997b10
248172.0,3749240,python,[JIT],0x0000ee2d4ca21aa4
248172.0,3749240,python,[JIT],0x0000ee2d4ca9107c
248172.0,3749240,python,[JIT],0x0000ee2d4ca93110
248172.0,3749240,python,[JIT],0x0000ee2d4d0ecf40
248172.0,3749240,python,[JIT],0x0000ee2d4d0fa330
248172.0,3749240,python,[JIT],0x0000ee2d4d0fadc8
248172.0,3749240,python,[JIT],0x0000ee2d4d2be624
248172.0,3749240,python,[JIT],0x0000ee2d4d2bec04
248172.0,3749240,python,[JIT],0x0000ee2d4d2fc528
248172.0,3749240,python,[JIT],0x0000ee2d4d2fd288
248172.0,3749543,python,[JIT],0x0000f0a3d1935a04
248172.0,3749543,python,[JIT],0x0000f0a3d19781a4
248172.0,3749543,python,[JIT],0x0000f0a3d1d871c0
248172.0,3749543,python,[JIT],0x0000f0a3d1d873b4
248172.0,3749543,python,[JIT],0x0000f0a3d1d882dc
248172.0,3749543,python,[JIT],0x0000f0a3d1d8b6dc
248172.0,3749336,python,[JIT],0x0000e82e994cec5c
248172.0,3749336,python,[JIT],0x0000e82e99589910
248172.0,3749336,python,[JIT],0x0000e82e9958b0dc
248172.0,3749463,python,[JIT],0x0000e07d3f0d2a10
248172.0,3749463,python,[JIT],0x0000e07d3f6eb6a8
248172.0,3749463,python,[JIT],0x0000e07d3f6f5b60
248172.0,3749463,python,[JIT],0x0000e07d3f6f66c8
248172.0,3749463,python,[JIT],0x0000e07d3f6f8b5c
248172.0,3749463,python,[JIT],0x0000e07d3f6fd180
248172.0,3749463,python,[JIT],0x0000e07d3f6fd308
248172.0,3749463,python,[JIT],0x0000e07d3f93238c
248172.0,3749463,python,[JIT],0x0000e07d3f9e208c
248171.0,3749208,python,python,PyUnicode_CompareWithASCIIString
248171.0,3749208,python,[JIT],0x0000e7243bf1c050
248171.0,3749208,python,[JIT],0x0000e7243bf4c5c8
248171.0,3749208,python,[JIT],0x0000e7243bf72720
248171.0,3749208,python,[JIT],0x0000e7243bfba3dc
248171.0,3749208,python,[JIT],0x0000e7243c8b382c
248171.0,3749208,python,[JIT],0x0000e7243c8b3a74
248171.0,3749208,python,[JIT],0x0000e7243c8b493c
248171.0,3749586,python,[JIT],0x0000f45d964bc51c
248171.0,3749586,python,[JIT],0x0000f45d9657c0f8
248171.0,3749586,python,[JIT],0x0000f45d965b1304
248171.0,3749586,python,[JIT],0x0000f45d965b6df4
248171.0,3749586,python,[JIT],0x0000f45d96af01b4
248171.0,3749586,python,[JIT],0x0000f45d96af2854
248171.0,3749586,python,[JIT],0x0000f45d96af37dc
248171.0,3749586,python,[JIT],0x0000f45d96af877c
248171.0,3749586,python,[JIT],0x0000f45d96af90d4
248171.0,3749586,python,[JIT],0x0000f45d96af9aec
248171.0,3749586,python,[JIT],0x0000f45d96afe008
248171.0,3749586,python,[JIT],0x0000f45d96e11118
248171.0,3749586,python,[JIT],0x0000f45d96e11b84
248171.0,3749586,python,[JIT],0x0000f45d96e1c73c
248171.0,3749586,python,[JIT],0x0000f45d96e1c778
248171.0,3749586,python,[JIT],0x0000f45d96afb000
248171.0,3749240,python,[JIT],0x0000ee2d4d2ff254
248171.0,3749240,python,[JIT],0x0000ee2d4ca240e4
248171.0,3749240,python,[JIT],0x0000ee2d4d0f288c
248171.0,3749240,python,[JIT],0x0000ee2d4d0f3790
248171.0,3749240,python,[JIT],0x0000ee2d4d2bec08
248171.0,3749240,python,[JIT],0x0000ee2d4d2f424c
248171.0,3749240,python,[JIT],0x0000ee2d4d2f7a10
248171.0,3749240,python,[JIT],0x0000ee2d4d2fc0cc
248171.0,3749240,python,[JIT],0x0000ee2d4d2fd0dc
248171.0,3749383,python,[JIT],0x0000ef595c1453f0
248171.0,3749383,python,[JIT],0x0000ef595c14df18
248171.0,3749543,python,[JIT],0x0000f0a3d13fe2cc
248171.0,3749543,python,[JIT],0x0000f0a3d190d0f4
248171.0,3749543,python,[JIT],0x0000f0a3d1cd20a0
248171.0,3749543,python,[JIT],0x0000f0a3d1cd249c
248171.0,3749543,python,[JIT],0x0000f0a3d1cd29d0
248171.0,3749543,python,[JIT],0x0000f0a3d1cd3308
248171.0,3749543,python,[JIT],0x0000f0a3d1db7030
248171.0,3749336,python,[JIT],0x0000e82e995fd734
248171.0,3749336,python,[JIT],0x0000e82e995fd890
248171.0,3749336,python,[JIT],0x0000e82e99aec328
248171.0,3749336,python,[JIT],0x0000e82e99e41118
248171.0,3749463,python,python,PyObject_GenericGetAttr
248171.0,3749463,python,[JIT],0x0000e07d3f0654fc
248171.0,3749463,python,[JIT],0x0000e07d3f6f5db0
248171.0,3749463,python,[JIT],0x0000e07d3f6fd144
248171.0,3749463,python,[JIT],0x0000e07d3f6fd374
248171.0,3749463,python,[JIT],0x0000e07d3f9331c4
248171.0,3749463,python,[JIT],0x0000e07d3f9335a0
248171.0,3749463,python,[JIT],0x0000e07d3f933d74
248171.0,3749463,python,[JIT],0x0000e07d3f937010
248171.0,3749463,python,[JIT],0x0000e07d3f93b860
248171.0,3749463,python,[JIT],0x0000e07d3f93d28c
248171.0,3749463,python,[JIT],0x0000e07d3f93da4c
248171.0,3749463,python,[JIT],0x0000e07d3f9e125c
248171.0,3749463,python,[JIT],0x0000e07d3f9e1d20
248171.0,3749463,python,[JIT],0x0000e07d3f9e5258
248170.0,3749208,python,[JIT],0x0000e7243bf7d09c
248170.0,3749208,python,[JIT],0x0000e7243c4ee2b8
248170.0,3749208,python,[JIT],0x0000e7243c80543c
248170.0,3749208,python,[JIT],0x0000e7243c805da8
248170.0,3749208,python,[JIT],0x0000e7243c8087f8
248170.0,3749208,python,[JIT],0x0000e7243c8b7968
248170.0,3749586,python,[JIT],0x0000f45d9651857c
248170.0,3749586,python,[JIT],0x0000f45d9654996c
248170.0,3749586,python,[JIT],0x0000f45d965baa6c
248170.0,3749586,python,[JIT],0x0000f45d96af1480
248170.0,3749586,python,[JIT],0x0000f45d96e123d0
248170.0,3749586,python,[JIT],0x0000f45d96e160d8
248170.0,3749586,python,[JIT],0x0000f45d96eed484
248170.0,3749586,python,[JIT],0x0000f45d96e1ca94
248170.0,3749240,python,[JIT],0x0000ee2d4ca2e564
248170.0,3749240,python,[JIT],0x0000ee2d4ca5601c
248170.0,3749240,python,[JIT],0x0000ee2d4ca5d510
248170.0,3749240,python,[JIT],0x0000ee2d4ca93240
248170.0,3749240,python,[JIT],0x0000ee2d4ca9c2fc
248170.0,3749240,python,[JIT],0x0000ee2d4d2f78d8
248170.0,3749240,python,[JIT],0x0000ee2d4d2fb034
248170.0,3749240,python,[JIT],0x0000ee2d4d2fc810
248170.0,3749240,python,[JIT],0x0000ee2d4d2ff008
248170.0,3749383,python,[JIT],0x0000ef595c14b0dc
248170.0,3749543,python,[JIT],0x0000f0a3d1935238
248170.0,3749543,python,[JIT],0x0000f0a3d1d8da34
248170.0,3749336,python,[JIT],0x0000e82e99e4165c
248170.0,3749336,python,[JIT],0x0000e82e99ef1178
248170.0,3749463,python,[JIT],0x0000e07d3f03403c
248170.0,3749463,python,[JIT],0x0000e07d3f03cda4
248170.0,3749463,python,[JIT],0x0000e07d3f0960fc
248170.0,3749463,python,[JIT],0x0000e07d3f09f270
248170.0,3749463,python,[JIT],0x0000e07d3f93119c
248170.0,3749463,python,[JIT],0x0000e07d3f93bc10
248170.0,3749463,python,[JIT],0x0000e07d3f93d33c
248170.0,3749463,python,[JIT],0x0000e07d3f9e1894
248170.0,3749463,python,[JIT],0x0000e07d3f9e54ac
248169.0,3749208,python,[JIT],0x0000e7243bf4c60c
248169.0,3749208,python,[JIT],0x0000e7243bf72a48
248169.0,3749208,python,[JIT],0x0000e7243c804380
248169.0,3749208,python,[JIT],0x0000e7243c805718
248169.0,3749208,python,[JIT],0x0000e7243c805a64
248169.0,3749208,python,[JIT],0x0000e7243c805c30
248169.0,3749208,python,[JIT],0x0000e7243c80e334
248169.0,3749208,python,[JIT],0x0000e7243c80e7f8
248169.0,3749208,python,[JIT],0x0000e7243c8b325c
248169.0,3749208,python,[JIT],0x0000e7243c8b34e4
248169.0,3749208,python,[JIT],0x0000e7243c8b40a0
248169.0,3749208,python,[JIT],0x0000e7243c8b47c0
248169.0,3749586,python,libc.so.6,_int_free
248169.0,3749586,python,[JIT],0x0000f45d964e681c
248169.0,3749586,python,[JIT],0x0000f45d964e9850
248169.0,3749586,python,[JIT],0x0000f45d9657a374
248169.0,3749586,python,[JIT],0x0000f45d9657cfd8
248169.0,3749586,python,[JIT],0x0000f45d96ec25ac
248169.0,3749586,python,[JIT],0x0000f45d96ec2664
248169.0,3749240,python,python,_PyFunction_SetVersion
248169.0,3749240,python,[JIT],0x0000ee2d4ca554a0
248169.0,3749240,python,[JIT],0x0000ee2d4ca5cb54
248169.0,3749240,python,[JIT],0x0000ee2d4d0eb8a4
248169.0,3749240,python,[JIT],0x0000ee2d4d0f2c08
248169.0,3749240,python,[JIT],0x0000ee2d4d0f2c88
248169.0,3749240,python,[JIT],0x0000ee2d4d0f93f4
248169.0,3749240,python,[JIT],0x0000ee2d4d2be920
248169.0,3749240,python,[JIT],0x0000ee2d4d2f16f0
248169.0,3749240,python,[JIT],0x0000ee2d4d2f9274
248169.0,3749240,python,[JIT],0x0000ee2d4d3a2104
248169.0,3749383,python,[JIT],0x0000ef595c14266c
248169.0,3749543,python,[JIT],0x0000f0a3d13fc064
248169.0,3749543,python,[JIT],0x0000f0a3d193d65c
248169.0,3749543,python,[JIT],0x0000f0a3d193e514
248169.0,3749543,python,[JIT],0x0000f0a3d19722c8
248169.0,3749543,python,[JIT],0x0000f0a3d1cd9ca4
248169.0,3749543,python,[JIT],0x0000f0a3d1d8b578
248169.0,3749336,python,[JIT],0x0000e82e9952e450
248169.0,3749336,python,[JIT],0x0000e82e9958d144
248169.0,3749336,python,[JIT],0x0000e82e995f30cc
248169.0,3749463,python,[JIT],0x0000e07d3f09c0dc
248169.0,3749463,python,[JIT],0x0000e07d3f0d6a20
248169.0,3749463,python,[JIT],0x0000e07d3f6fc36c
248169.0,3749463,python,[JIT],0x0000e07d3f931374
248169.0,3749463,python,[JIT],0x0000e07d3f9e6c48
248168.0,3749208,python,[JIT],0x0000e7243bf74a9c
248168.0,3749208,python,[JIT],0x0000e7243bfb3a2c
248168.0,3749208,python,[JIT],0x0000e7243c4eeb08
248168.0,3749208,python,[JIT],0x0000e7243c7ce27c
248168.0,3749208,python,[JIT],0x0000e7243c805d08
248168.0,3749208,python,[JIT],0x0000e7243c8081b4
248168.0,3749208,python,[JIT],0x0000e7243c80e280
248168.0,3749208,python,[JIT],0x0000e7243c8b3728
248168.0,3749586,python,python,builtin_hasattr
248168.0,3749586,python,python,tuple_subscript
248168.0,3749586,python,[JIT],0x0000f45d964bc01c
248168.0,3749586,python,[JIT],0x0000f45d964ee14c
248168.0,3749586,python,[JIT],0x0000f45d965493b8
248168.0,3749586,python,[JIT],0x0000f45d9654e41c
248168.0,3749586,python,[JIT],0x0000f45d965ba998
248168.0,3749586,python,[JIT],0x0000f45d96aeda00
248168.0,3749586,python,[JIT],0x0000f45d96e11ca4
248168.0,3749586,python,[JIT],0x0000f45d96e12090
248168.0,3749586,python,[JIT],0x0000f45d96e12198
248168.0,3749586,python,[JIT],0x0000f45d96e190f4
248168.0,3749586,python,[JIT],0x0000f45d96e1c870
248168.0,3749586,python,[JIT],0x0000f45d96e1cfb0
248168.0,3749240,python,python,member_get
248168.0,3749240,python,[JIT],0x0000ee2d4ca5b9d0
248168.0,3749240,python,[JIT],0x0000ee2d4ca5d0c8
248168.0,3749240,python,[JIT],0x0000ee2d4d0f41ac
248168.0,3749240,python,[JIT],0x0000ee2d4d0fa004
248168.0,3749240,python,[JIT],0x0000ee2d4d0fa648
248168.0,3749240,python,[JIT],0x0000ee2d4d0fc648
248168.0,3749240,python,[JIT],0x0000ee2d4d2be290
248168.0,3749240,python,[JIT],0x0000ee2d4d2bec78
248168.0,3749240,python,[JIT],0x0000ee2d4d2f92f0
248168.0,3749240,python,[JIT],0x0000ee2d4d2fc0a8
248168.0,3749240,python,[JIT],0x0000ee2d4d2fcf0c
248168.0,3749240,python,[JIT],0x0000ee2d4d2fdaf0
248168.0,3749240,python,[JIT],0x0000ee2d4d2ff17c
248168.0,3749240,python,[JIT],0x0000ee2d4d3a2cc0
248168.0,3749543,python,[JIT],0x0000f0a3d13f6314
248168.0,3749543,python,[JIT],0x0000f0a3d18ed4bc
248168.0,3749543,python,[JIT],0x0000f0a3d190c188
248168.0,3749543,python,[JIT],0x0000f0a3d1935ad8
248168.0,3749543,python,[JIT],0x0000f0a3d19732a0
248168.0,3749543,python,[JIT],0x0000f0a3d1cd23c0
248168.0,3749543,python,[JIT],0x0000f0a3d1cd5220
248168.0,3749543,python,[JIT],0x0000f0a3d1cd91c0
248168.0,3749543,python,[JIT],0x0000f0a3d1d81138
248168.0,3749543,python,[JIT],0x0000f0a3d1d8b618
248168.0,3749336,python,[JIT],0x0000e82e995f68c4
248168.0,3749463,python,[JIT],0x0000e07d3f068970
248168.0,3749463,python,[JIT],0x0000e07d3f099fe0
248168.0,3749463,python,[JIT],0x0000e07d3f09c694
248168.0,3749463,python,[JIT],0x0000e07d3f09c848
248168.0,3749463,python,[JIT],0x0000e07d3f0d8698
248168.0,3749463,python,[JIT],0x0000e07d3f6f841c
248168.0,3749463,python,[JIT],0x0000e07d3f933634
248168.0,3749463,python,[JIT],0x0000e07d3f93392c
248168.0,3749463,python,[JIT],0x0000e07d3f935d84
248168.0,3749463,python,[JIT],0x0000e07d3f936298
248168.0,3749463,python,[JIT],0x0000e07d3fa1501c
248167.0,3749208,python,python,unicode_strip
248167.0,3749208,python,[JIT],0x0000e7243bebe58c
248167.0,3749208,python,[JIT],0x0000e7243bee5d3c
248167.0,3749208,python,[JIT],0x0000e7243bfbc5a0
248167.0,3749208,python,[JIT],0x0000e7243c8014a8
248167.0,3749208,python,[JIT],0x0000e7243c80e0e4
248167.0,3749208,python,[JIT],0x0000e7243c8b3370
248167.0,3749586,python,[JIT],0x0000f45d96544928
248167.0,3749586,python,[JIT],0x0000f45d9657626c
248167.0,3749586,python,[JIT],0x0000f45d96579de8
248167.0,3749586,python,[JIT],0x0000f45d965b32b0
248167.0,3749586,python,[JIT],0x0000f45d965ba1a0
248167.0,3749586,python,[JIT],0x0000f45d96af9260
248167.0,3749586,python,[JIT],0x0000f45d96ddf7f8
248167.0,3749586,python,[JIT],0x0000f45d96e1934c
248167.0,3749586,python,[JIT],0x0000f45d96e1d12c
248167.0,3749586,python,[JIT],0x0000f45d96e1dad8
248167.0,3749586,python,[JIT],0x0000f45d96ec1360
248167.0,3749586,python,[JIT],0x0000f45d96ec2328
248167.0,3749240,python,[JIT],0x0000ee2d4ca59c0c
248167.0,3749240,python,[JIT],0x0000ee2d4ca59f94
248167.0,3749240,python,[JIT],0x0000ee2d4d0eb9d4
248167.0,3749240,python,[JIT],0x0000ee2d4d2bf7f4
248167.0,3749240,python,[JIT],0x0000ee2d4d2f92b4
248167.0,3749240,python,[JIT],0x0000ee2d4d3a3844
248167.0,3749543,python,python,deque_extend_impl
248167.0,3749543,python,[JIT],0x0000f0a3d13c4004
248167.0,3749543,python,[JIT],0x0000f0a3d193109c
248167.0,3749543,python,[JIT],0x0000f0a3d1971090
248167.0,3749543,python,[JIT],0x0000f0a3d1973030
248167.0,3749543,python,[JIT],0x0000f0a3d19781ec
248167.0,3749543,python,[JIT],0x0000f0a3d1c9f648
248167.0,3749543,python,[JIT],0x0000f0a3d1cd10fc
248167.0,3749543,python,[JIT],0x0000f0a3d1cd31fc
248167.0,3749543,python,[JIT],0x0000f0a3d1cd60f8
248167.0,3749543,python,[JIT],0x0000f0a3d1d8b524
248167.0,3749336,python,[JIT],0x0000e82e99e0e0e8
248167.0,3749463,python,[JIT],0x0000e07d3efdd2dc
248167.0,3749463,python,[JIT],0x0000e07d3f096ddc
248167.0,3749463,python,[JIT],0x0000e07d3f0995cc
248167.0,3749463,python,[JIT],0x0000e07d3f09ead4
248167.0,3749463,python,[JIT],0x0000e07d3f0d42a8
248167.0,3749463,python,[JIT],0x0000e07d3f6f1118
248167.0,3749463,python,[JIT],0x0000e07d3f9347d8
248167.0,3749463,python,[JIT],0x0000e07d3f936488
248167.0,3749463,python,[JIT],0x0000e07d3f9e16f8
248166.0,3749208,python,[JIT],0x0000e7243bf7258c
248166.0,3749208,python,[JIT],0x0000e7243bf74d04
248166.0,3749208,python,[JIT],0x0000e7243bfba784
248166.0,3749208,python,[JIT],0x0000e7243bfbd600
248166.0,3749208,python,[JIT],0x0000e7243c8073b8
248166.0,3749208,python,[JIT],0x0000e7243c8b20c4
248166.0,3749586,python,[JIT],0x0000f45d96549dfc
248166.0,3749586,python,[JIT],0x0000f45d9657dd68
248166.0,3749586,python,[JIT],0x0000f45d96af1890
248166.0,3749586,python,[JIT],0x0000f45d96af9ab0
248166.0,3749586,python,[JIT],0x0000f45d96dde0ec
248166.0,3749586,python,[JIT],0x0000f45d96e17c40
248166.0,3749586,python,[JIT],0x0000f45d96e193a4
248166.0,3749586,python,[JIT],0x0000f45d96e1cdc0
248166.0,3749586,python,[JIT],0x0000f45d96e1ce38
248166.0,3749586,python,[JIT],0x0000f45d96ec3fe8
248166.0,3749586,python,python,unicode_dealloc
248166.0,3749586,python,[JIT],0x0000f45d96e19d6c
248166.0,3749240,python,python,_Py_uop_frame_new
248166.0,3749240,python,[JIT],0x0000ee2d4ca553b4
248166.0,3749240,python,[JIT],0x0000ee2d4ca59708
248166.0,3749240,python,[JIT],0x0000ee2d4ca5a0b4
248166.0,3749240,python,[JIT],0x0000ee2d4ca5c688
248166.0,3749240,python,[JIT],0x0000ee2d4ca5db40
248166.0,3749240,python,[JIT],0x0000ee2d4d0f2600
248166.0,3749240,python,[JIT],0x0000ee2d4d2f2710
248166.0,3749240,python,[JIT],0x0000ee2d4d2f6354
248166.0,3749240,python,[JIT],0x0000ee2d4d2f96c0
248166.0,3749240,python,[JIT],0x0000ee2d4d2fc090
248166.0,3749240,python,[JIT],0x0000ee2d4d3a3fe8
248166.0,3749543,python,[JIT],0x0000f0a3d1cd239c
248166.0,3749543,python,[JIT],0x0000f0a3d1cd3074
248166.0,3749543,python,[JIT],0x0000f0a3d1cda874
248166.0,3749336,python,[JIT],0x0000e82e995fd9c4
248166.0,3749463,python,[JIT],0x0000e07d3f03a020
248166.0,3749463,python,[JIT],0x0000e07d3f094070
248166.0,3749463,python,[JIT],0x0000e07d3f09c1e8
248166.0,3749463,python,[JIT],0x0000e07d3f09c5b4
248166.0,3749463,python,[JIT],0x0000e07d3f09d00c
248166.0,3749463,python,[JIT],0x0000e07d3f6f5eec
248166.0,3749463,python,[JIT],0x0000e07d3f6f9350
248166.0,3749463,python,[JIT],0x0000e07d3f8fe81c
248166.0,3749463,python,[JIT],0x0000e07d3f93165c
248166.0,3749463,python,[JIT],0x0000e07d3f933708
248166.0,3749463,python,[JIT],0x0000e07d3f93536c
248166.0,3749463,python,[JIT],0x0000e07d3f935ed8
248166.0,3749463,python,[JIT],0x0000e07d3f93f114
248166.0,3749463,python,[JIT],0x0000e07d3f9e19a4
248166.0,3749463,python,[JIT],0x0000e07d3f9e74e0
248165.0,3749208,python,[JIT],0x0000e7243bd2d9d0
248165.0,3749208,python,[JIT],0x0000e7243bf1c320
248165.0,3749208,python,[JIT],0x0000e7243bf4c828
248165.0,3749208,python,[JIT],0x0000e7243bf74084
248165.0,3749208,python,[JIT],0x0000e7243c4ec70c
248165.0,3749208,python,[JIT],0x0000e7243c805544
248165.0,3749208,python,[JIT],0x0000e7243c80e4f4
248165.0,3749208,python,[JIT],0x0000e7243c8b4120
248165.0,3749586,python,python,_PyObject_Call_Prepend
248165.0,3749586,python,[JIT],0x0000f45d965490cc
248165.0,3749586,python,[JIT],0x0000f45d96af01b8
248165.0,3749586,python,[JIT],0x0000f45d96af4870
248165.0,3749586,python,[JIT],0x0000f45d96af91a4
248165.0,3749586,python,[JIT],0x0000f45d96e11c04
248165.0,3749586,python,[JIT],0x0000f45d96e1cd4c
248165.0,3749586,python,[JIT],0x0000f45d96e129e4
248165.0,3749240,python,[JIT],0x0000ee2d4d2fc5dc
248165.0,3749240,python,[JIT],0x0000ee2d4ca29a70
248165.0,3749240,python,[JIT],0x0000ee2d4ca55ee8
248165.0,3749240,python,[JIT],0x0000ee2d4ca93750
248165.0,3749240,python,[JIT],0x0000ee2d4d0f9518
248165.0,3749240,python,[JIT],0x0000ee2d4d2f1438
248165.0,3749240,python,[JIT],0x0000ee2d4d2f65fc
248165.0,3749240,python,[JIT],0x0000ee2d4d2fd94c
248165.0,3749240,python,[JIT],0x0000ee2d4d3a273c
248165.0,3749383,python,python,_Py_CheckFunctionResult
248165.0,3749383,python,[JIT],0x0000ef595c14b84c
248165.0,3749543,python,[JIT],0x0000f0a3d13c38e4
248165.0,3749543,python,[JIT],0x0000f0a3d13fb430
248165.0,3749543,python,[JIT],0x0000f0a3d19350f8
248165.0,3749543,python,[JIT],0x0000f0a3d19722ec
248165.0,3749543,python,[JIT],0x0000f0a3d1979528
248165.0,3749543,python,[JIT],0x0000f0a3d1cdcdfc
248165.0,3749543,python,[JIT],0x0000f0a3d1d88aa8
248165.0,3749336,python,[JIT],0x0000e82e993c5718
248165.0,3749336,python,[JIT],0x0000e82e9958c9a4
248165.0,3749336,python,[JIT],0x0000e82e995fc160
248165.0,3749336,python,[JIT],0x0000e82e99e49850
248165.0,3749463,python,[JIT],0x0000e07d3f09510c
248165.0,3749463,python,[JIT],0x0000e07d3f096794
248165.0,3749463,python,[JIT],0x0000e07d3f0d86ec
248165.0,3749463,python,[JIT],0x0000e07d3f6fc3f0
248165.0,3749463,python,[JIT],0x0000e07d3f9e1eb0
248164.0,3749208,python,[JIT],0x0000e7243bf76c48
248164.0,3749208,python,[JIT],0x0000e7243bfb9a18
248164.0,3749208,python,[JIT],0x0000e7243c7ce268
248164.0,3749208,python,[JIT],0x0000e7243c805a80
248164.0,3749208,python,[JIT],0x0000e7243c80c190
248164.0,3749586,python,[JIT],0x0000f45d9657530c
248164.0,3749586,python,[JIT],0x0000f45d9657b1c0
248164.0,3749586,python,[JIT],0x0000f45d965b15cc
248164.0,3749586,python,[JIT],0x0000f45d965b38c4
248164.0,3749586,python,[JIT],0x0000f45d96af70d4
248164.0,3749586,python,[JIT],0x0000f45d96e1f13c
248164.0,3749586,python,python,unicode_hash
248164.0,3749586,python,[JIT],0x0000f45d96af8230
248164.0,3749240,python,[JIT],0x0000ee2d4d3a1094
248164.0,3749240,python,[JIT],0x0000ee2d4ca2204c
248164.0,3749240,python,[JIT],0x0000ee2d4ca56d8c
248164.0,3749240,python,[JIT],0x0000ee2d4ca598ec
248164.0,3749240,python,[JIT],0x0000ee2d4ca59968
248164.0,3749240,python,[JIT],0x0000ee2d4d0ed2dc
248164.0,3749240,python,[JIT],0x0000ee2d4d0f347c
248164.0,3749240,python,[JIT],0x0000ee2d4d0f5064
248164.0,3749240,python,[JIT],0x0000ee2d4d0f941c
248164.0,3749240,python,[JIT],0x0000ee2d4d0fa248
248164.0,3749240,python,[JIT],0x0000ee2d4d0fd0a0
248164.0,3749240,python,[JIT],0x0000ee2d4d0fd7b0
248164.0,3749240,python,[JIT],0x0000ee2d4d2beabc
248164.0,3749240,python,[JIT],0x0000ee2d4d2bec48
248164.0,3749240,python,[JIT],0x0000ee2d4d2f71a4
248164.0,3749240,python,[JIT],0x0000ee2d4d2fc208
248164.0,3749240,python,[JIT],0x0000ee2d4d2fd120
248164.0,3749383,python,[JIT],0x0000ef595c14b1e8
248164.0,3749543,python,[JIT],0x0000f0a3d19046d4
248164.0,3749543,python,[JIT],0x0000f0a3d190e008
248164.0,3749543,python,[JIT],0x0000f0a3d1d81100
248164.0,3749543,python,[JIT],0x0000f0a3d1d8d5b4
248164.0,3749336,python,python,PyObject_GenericHash
248164.0,3749336,python,[JIT],0x0000e82e995fe114
248164.0,3749336,python,[JIT],0x0000e82e99e44440
248164.0,3749336,python,[JIT],0x0000e82e99ef2380
248164.0,3749336,python,[JIT],0x0000e82e99efd3a4
248164.0,3749463,python,[JIT],0x0000e07d3f6fd120
248164.0,3749463,python,[JIT],0x0000e07d3f0942c0
248164.0,3749463,python,[JIT],0x0000e07d3f09e864
248164.0,3749463,python,[JIT],0x0000e07d3f9334f4
248164.0,3749463,python,[JIT],0x0000e07d3f93350c
248164.0,3749463,python,[JIT],0x0000e07d3f933888
248164.0,3749463,python,[JIT],0x0000e07d3f935c5c
248164.0,3749463,python,[JIT],0x0000e07d3f936cb8
248164.0,3749463,python,[JIT],0x0000e07d3fa15110
248163.0,3749208,python,[JIT],0x0000e7243c808d04
248163.0,3749208,python,[JIT],0x0000e7243c80e398
248163.0,3749208,python,[JIT],0x0000e7243c8b3360
248163.0,3749208,python,[JIT],0x0000e7243c8b3b68
248163.0,3749208,python,[JIT],0x0000e7243c8b4800
248163.0,3749586,python,python,emit__GUARD_TYPE_VERSION_r11
248163.0,3749586,python,[JIT],0x0000f45d96541364
248163.0,3749586,python,[JIT],0x0000f45d96576d98
248163.0,3749586,python,[JIT],0x0000f45d9657905c
248163.0,3749586,python,[JIT],0x0000f45d9657ba00
248163.0,3749586,python,[JIT],0x0000f45d96af8608
248163.0,3749586,python,[JIT],0x0000f45d96dde328
248163.0,3749586,python,[JIT],0x0000f45d96e11140
248163.0,3749586,python,[JIT],0x0000f45d96e123f8
248163.0,3749240,python,[JIT],0x0000ee2d4ca59544
248163.0,3749240,python,[JIT],0x0000ee2d4ca5b06c
248163.0,3749240,python,[JIT],0x0000ee2d4ca5d7a4
248163.0,3749240,python,[JIT],0x0000ee2d4d0fc174
248163.0,3749240,python,[JIT],0x0000ee2d4d0fd07c
248163.0,3749240,python,[JIT],0x0000ee2d4d0ff048
248163.0,3749240,python,[JIT],0x0000ee2d4d2f740c
248163.0,3749240,python,[JIT],0x0000ee2d4d2f7b78
248163.0,3749240,python,[JIT],0x0000ee2d4d2f9958
248163.0,3749240,python,[JIT],0x0000ee2d4d3a12e8
248163.0,3749383,python,[JIT],0x0000ef595c144b64
248163.0,3749543,python,[JIT],0x0000f0a3d18f003c
248163.0,3749543,python,[JIT],0x0000f0a3d1906ddc
248163.0,3749543,python,[JIT],0x0000f0a3d193d64c
248163.0,3749543,python,[JIT],0x0000f0a3d1cdb9f0
248163.0,3749543,python,[JIT],0x0000f0a3d1d860d4
248163.0,3749543,python,[JIT],0x0000f0a3d1d87f0c
248163.0,3749543,python,[JIT],0x0000f0a3d1d888d8
248163.0,3749543,python,[JIT],0x0000f0a3d1d8c4f0
248163.0,3749336,python,[JIT],0x0000e82e995fd038
248163.0,3749336,python,[JIT],0x0000e82e995fd3d8
248163.0,3749336,python,[JIT],0x0000e82e99ef589c
248163.0,3749463,python,[JIT],0x0000e07d3f005344
248163.0,3749463,python,[JIT],0x0000e07d3f00c168
248163.0,3749463,python,[JIT],0x0000e07d3f0392bc
248163.0,3749463,python,[JIT],0x0000e07d3f099094
248163.0,3749463,python,[JIT],0x0000e07d3f6f5934
248163.0,3749463,python,[JIT],0x0000e07d3f936080
248163.0,3749463,python,[JIT],0x0000e07d3f936a58
248163.0,3749463,python,[JIT],0x0000e07d3f93be0c
248163.0,3749463,python,[JIT],0x0000e07d3f9e3560
248163.0,3749463,python,[JIT],0x0000e07d3f9e5178
248163.0,3749463,python,[JIT],0x0000e07d3f9e55c8
248162.0,3749208,python,[JIT],0x0000e7243beb2384
248162.0,3749208,python,[JIT],0x0000e7243bf19730
248162.0,3749208,python,[JIT],0x0000e7243bf441d0
248162.0,3749208,python,[JIT],0x0000e7243bf74490
248162.0,3749208,python,[JIT],0x0000e7243bfb1038
248162.0,3749208,python,[JIT],0x0000e7243bfbc534
248162.0,3749208,python,[JIT],0x0000e7243c8020f0
248162.0,3749208,python,[JIT],0x0000e7243c8040ac
248162.0,3749208,python,[JIT],0x0000e7243c80c47c
248162.0,3749586,python,[JIT],0x0000f45d964b3068
248162.0,3749586,python,[JIT],0x0000f45d9657cbb0
248162.0,3749586,python,[JIT],0x0000f45d96af27b0
248162.0,3749240,python,python,unicode_join
248162.0,3749240,python,[JIT],0x0000ee2d4ca21394
248162.0,3749240,python,[JIT],0x0000ee2d4ca250d4
248162.0,3749240,python,[JIT],0x0000ee2d4ca55b2c
248162.0,3749240,python,[JIT],0x0000ee2d4ca910fc
248162.0,3749240,python,[JIT],0x0000ee2d4d0f6370
248162.0,3749240,python,[JIT],0x0000ee2d4d2be738
248162.0,3749240,python,[JIT],0x0000ee2d4d3a1dec
248162.0,3749383,python,[JIT],0x0000ef595beeb62c
248162.0,3749543,python,[JIT],0x0000f0a3d19723c8
248162.0,3749543,python,[JIT],0x0000f0a3d1cdb0d0
248162.0,3749336,python,[JIT],0x0000e82e99e0f210
248162.0,3749463,python,[JIT],0x0000e07d3f03b38c
248162.0,3749463,python,[JIT],0x0000e07d3f6eb08c
248162.0,3749463,python,[JIT],0x0000e07d3f6eecb0
248162.0,3749463,python,[JIT],0x0000e07d3f6f566c
248162.0,3749463,python,[JIT],0x0000e07d3f9336d8
248162.0,3749463,python,[JIT],0x0000e07d3f9e215c
248161.0,3749208,python,[JIT],0x0000e7243bf72abc
248161.0,3749208,python,[JIT],0x0000e7243c4ee234
248161.0,3749208,python,[JIT],0x0000e7243c801220
248161.0,3749208,python,[JIT],0x0000e7243c80e648
248161.0,3749586,python,[JIT],0x0000f45d96544c18
248161.0,3749586,python,[JIT],0x0000f45d96e12004
248161.0,3749586,python,[JIT],0x0000f45d96e19590
248161.0,3749586,python,[JIT],0x0000f45d96e19698
248161.0,3749586,python,[JIT],0x0000f45d96ec2088
248161.0,3749240,python,[JIT],0x0000ee2d4c9ce6a4
248161.0,3749240,python,[JIT],0x0000ee2d4ca55570
248161.0,3749240,python,[JIT],0x0000ee2d4ca59050
248161.0,3749240,python,[JIT],0x0000ee2d4ca5ddf0
248161.0,3749240,python,[JIT],0x0000ee2d4d0f945c
248161.0,3749240,python,[JIT],0x0000ee2d4d2f1340
248161.0,3749240,python,[JIT],0x0000ee2d4d2f9358
248161.0,3749240,python,[JIT],0x0000ee2d4d2fb180
248161.0,3749240,python,[JIT],0x0000ee2d4d3a2e2c
248161.0,3749543,python,[JIT],0x0000f0a3d18edb50
248161.0,3749543,python,[JIT],0x0000f0a3d190eb2c
248161.0,3749543,python,[JIT],0x0000f0a3d1973090
248161.0,3749543,python,[JIT],0x0000f0a3d1973100
248161.0,3749543,python,[JIT],0x0000f0a3d1cd3794
248161.0,3749543,python,[JIT],0x0000f0a3d1cdc294
248161.0,3749543,python,[JIT],0x0000f0a3d1d84238
248161.0,3749336,python,[JIT],0x0000e82e995fc364
248161.0,3749336,python,[JIT],0x0000e82e99e49308
248161.0,3749336,python,[JIT],0x0000e82e99ef5858
248161.0,3749463,python,[JIT],0x0000e07d3efd9c9c
248161.0,3749463,python,[JIT],0x0000e07d3f09122c
248161.0,3749463,python,[JIT],0x0000e07d3f0993e0
248161.0,3749463,python,[JIT],0x0000e07d3f09c0d8
248161.0,3749463,python,[JIT],0x0000e07d3f6f6420
248161.0,3749463,python,[JIT],0x0000e07d3f6f6790
248161.0,3749463,python,[JIT],0x0000e07d3f9364a8
248161.0,3749463,python,[JIT],0x0000e07d3f93d800
248161.0,3749463,python,[JIT],0x0000e07d3f9e1888
248161.0,3749463,python,[JIT],0x0000e07d3f9e2330
248161.0,3749463,python,[JIT],0x0000e07d3f9e4138
248160.0,3749208,python,[JIT],0x0000e7243bf1d1d8
248160.0,3749208,python,[JIT],0x0000e7243bf757d8
248160.0,3749208,python,[JIT],0x0000e7243bfba158
248160.0,3749208,python,[JIT],0x0000e7243bfba46c
248160.0,3749208,python,[JIT],0x0000e7243c4ee60c
248160.0,3749208,python,[JIT],0x0000e7243c7cee40
248160.0,3749208,python,[JIT],0x0000e7243c801434
248160.0,3749208,python,[JIT],0x0000e7243c805b0c
248160.0,3749208,python,[JIT],0x0000e7243c8070d4
248160.0,3749208,python,[JIT],0x0000e7243c8073a0
248160.0,3749208,python,[JIT],0x0000e7243c8b3060
248160.0,3749586,python,[JIT],0x0000f45d9654994c
248160.0,3749586,python,[JIT],0x0000f45d96579870
248160.0,3749586,python,[JIT],0x0000f45d9657b7c8
248160.0,3749586,python,[JIT],0x0000f45d965bdefc
248160.0,3749586,python,[JIT],0x0000f45d96af19bc
248160.0,3749586,python,[JIT],0x0000f45d96e172d4
248160.0,3749586,python,[JIT],0x0000f45d96e1cbb0
248160.0,3749586,python,[JIT],0x0000f45d96e1cd54
248160.0,3749586,python,[JIT],0x0000f45d96e1d5e4
248160.0,3749586,python,[JIT],0x0000f45d96e1da30
248160.0,3749240,python,[JIT],0x0000ee2d4ca212c4
248160.0,3749240,python,[JIT],0x0000ee2d4ca52854
248160.0,3749240,python,[JIT],0x0000ee2d4ca5bb54
248160.0,3749240,python,[JIT],0x0000ee2d4d2be2c8
248160.0,3749240,python,[JIT],0x0000ee2d4d2be45c
248160.0,3749240,python,[JIT],0x0000ee2d4d2f1130
248160.0,3749240,python,[JIT],0x0000ee2d4d2f2360
248160.0,3749240,python,[JIT],0x0000ee2d4d2fc1a0
248160.0,3749383,python,[JIT],0x0000ef595b8f8ff0
248160.0,3749543,python,[JIT],0x0000f0a3d13f4130
248160.0,3749543,python,[JIT],0x0000f0a3d19748d4
248160.0,3749543,python,[JIT],0x0000f0a3d19788b4
248160.0,3749543,python,[JIT],0x0000f0a3d1cdb080
248160.0,3749543,python,[JIT],0x0000f0a3d1d82440
248160.0,3749543,python,[JIT],0x0000f0a3d1d84550
248160.0,3749543,python,[JIT],0x0000f0a3d1d8d7b8
248160.0,3749336,python,[JIT],0x0000e82e995f7660
248160.0,3749463,python,[JIT],0x0000e07d3f0344f4
248160.0,3749463,python,[JIT],0x0000e07d3f091b14
248160.0,3749463,python,[JIT],0x0000e07d3f0d25b8
248160.0,3749463,python,[JIT],0x0000e07d3f6f4684
248160.0,3749463,python,[JIT],0x0000e07d3f6f5b38
248160.0,3749463,python,[JIT],0x0000e07d3f6f930c
248160.0,3749463,python,[JIT],0x0000e07d3f93690c
248160.0,3749463,python,[JIT],0x0000e07d3f93b3a0
248160.0,3749463,python,[JIT],0x0000e07d3f93ba10
248160.0,3749463,python,[JIT],0x0000e07d3f9e29a0
248159.0,3749208,python,[JIT],0x0000e7243bf4998c
248159.0,3749208,python,[JIT],0x0000e7243bf4c7ec
248159.0,3749208,python,[JIT],0x0000e7243bf72604
248159.0,3749208,python,[JIT],0x0000e7243bf755bc
248159.0,3749208,python,[JIT],0x0000e7243bf76674
248159.0,3749208,python,[JIT],0x0000e7243bfba5ec
248159.0,3749208,python,[JIT],0x0000e7243c4ee104
248159.0,3749208,python,[JIT],0x0000e7243c807038
248159.0,3749586,python,python,_Py_uop_sym_set_recorded_type
248159.0,3749586,python,[JIT],0x0000f45d96579164
248159.0,3749586,python,[JIT],0x0000f45d96579f78
248159.0,3749586,python,[JIT],0x0000f45d965b4270
248159.0,3749586,python,[JIT],0x0000f45d965ba310
248159.0,3749586,python,[JIT],0x0000f45d96af21ec
248159.0,3749586,python,[JIT],0x0000f45d96af4308
248159.0,3749586,python,[JIT],0x0000f45d96ddec58
248159.0,3749586,python,[JIT],0x0000f45d96e11d7c
248159.0,3749586,python,[JIT],0x0000f45d96e1c94c
248159.0,3749240,python,python,enum_next
248159.0,3749240,python,[JIT],0x0000ee2d4ca25424
248159.0,3749240,python,[JIT],0x0000ee2d4ca2749c
248159.0,3749240,python,[JIT],0x0000ee2d4ca55724
248159.0,3749240,python,[JIT],0x0000ee2d4ca595a8
248159.0,3749240,python,[JIT],0x0000ee2d4ca59980
248159.0,3749240,python,[JIT],0x0000ee2d4ca5b864
248159.0,3749240,python,[JIT],0x0000ee2d4ca5bee0
248159.0,3749240,python,[JIT],0x0000ee2d4ca5cc7c
248159.0,3749240,python,[JIT],0x0000ee2d4d0fa19c
248159.0,3749240,python,[JIT],0x0000ee2d4d0faafc
248159.0,3749240,python,[JIT],0x0000ee2d4d2f10c8
248159.0,3749240,python,[JIT],0x0000ee2d4d2f30e8
248159.0,3749240,python,[JIT],0x0000ee2d4d2f7100
248159.0,3749240,python,[JIT],0x0000ee2d4d2fce84
248159.0,3749240,python,[JIT],0x0000ee2d4d2fd734
248159.0,3749543,python,[JIT],0x0000f0a3d139e5cc
248159.0,3749543,python,[JIT],0x0000f0a3d19033d4
248159.0,3749543,python,[JIT],0x0000f0a3d190cfd8
248159.0,3749543,python,[JIT],0x0000f0a3d193594c
248159.0,3749543,python,[JIT],0x0000f0a3d1cdf290
248159.0,3749543,python,[JIT],0x0000f0a3d1d848a0
248159.0,3749336,python,[JIT],0x0000e82e9955b154
248159.0,3749543,python,[JIT],0x0000f0a3d1d8a118
248159.0,3749463,python,[JIT],0x0000e07d3f0d290c
248159.0,3749463,python,[JIT],0x0000e07d3f6eefd8
248159.0,3749463,python,[JIT],0x0000e07d3f6f0754
248159.0,3749463,python,[JIT],0x0000e07d3f6fc384
248159.0,3749463,python,[JIT],0x0000e07d3f6fdf5c
248159.0,3749463,python,[JIT],0x0000e07d3f8fe72c
248159.0,3749463,python,[JIT],0x0000e07d3f9e2110
248159.0,3749463,python,[JIT],0x0000e07d3f9e2314
248159.0,3749463,python,[JIT],0x0000e07d3f9e2790
248158.0,3749208,python,[JIT],0x0000e7243bf1e1f4
248158.0,3749208,python,[JIT],0x0000e7243bf4a058
248158.0,3749208,python,[JIT],0x0000e7243bf7d848
248158.0,3749208,python,[JIT],0x0000e7243bfb9a14
248158.0,3749208,python,[JIT],0x0000e7243c80513c
248158.0,3749208,python,[JIT],0x0000e7243c8051f8
248158.0,3749208,python,[JIT],0x0000e7243c808514
248158.0,3749208,python,[JIT],0x0000e7243c8b30ac
248158.0,3749208,python,[JIT],0x0000e7243c8b37f8
248158.0,3749208,python,[JIT],0x0000e7243c8b7440
248158.0,3749586,python,[JIT],0x0000f45d965452f0
248158.0,3749586,python,[JIT],0x0000f45d96af16e4
248158.0,3749586,python,[JIT],0x0000f45d96af4240
248158.0,3749586,python,[JIT],0x0000f45d96afa608
248158.0,3749586,python,[JIT],0x0000f45d96e1c4d4
248158.0,3749586,python,[JIT],0x0000f45d96e1c8a0
248158.0,3749586,python,[JIT],0x0000f45d96e1d5d8
248158.0,3749240,python,[JIT],0x0000ee2d4c9f12ec
248158.0,3749240,python,[JIT],0x0000ee2d4c9fe338
248158.0,3749240,python,[JIT],0x0000ee2d4d0f16ec
248158.0,3749240,python,[JIT],0x0000ee2d4d0f9380
248158.0,3749240,python,[JIT],0x0000ee2d4d0fa488
248158.0,3749240,python,[JIT],0x0000ee2d4d0fc374
248158.0,3749240,python,[JIT],0x0000ee2d4d2be718
248158.0,3749240,python,[JIT],0x0000ee2d4d3a103c
248158.0,3749543,python,[JIT],0x0000f0a3d13f114c
248158.0,3749543,python,[JIT],0x0000f0a3d18fc530
248158.0,3749543,python,[JIT],0x0000f0a3d193d72c
248158.0,3749543,python,[JIT],0x0000f0a3d1cd5518
248158.0,3749543,python,[JIT],0x0000f0a3d1d8788c
248158.0,3749543,python,[JIT],0x0000f0a3d1d87938
248158.0,3749543,python,[JIT],0x0000f0a3d1d87f18
248158.0,3749543,python,[JIT],0x0000f0a3d1d8803c
248158.0,3749336,python,python,executor_traverse
248158.0,3749463,python,[JIT],0x0000e07d3f0341c8
248158.0,3749463,python,[JIT],0x0000e07d3f0999a4
248158.0,3749463,python,[JIT],0x0000e07d3f6eb12c
248158.0,3749463,python,[JIT],0x0000e07d3f936ebc
248158.0,3749463,python,[JIT],0x0000e07d3f9e282c
248157.0,3749208,python,[JIT],0x0000e7243beb109c
248157.0,3749208,python,[JIT],0x0000e7243bee5910
248157.0,3749208,python,[JIT],0x0000e7243bf74ee0
248157.0,3749208,python,[JIT],0x0000e7243bf76c80
248157.0,3749208,python,[JIT],0x0000e7243bfb9818
248157.0,3749208,python,[JIT],0x0000e7243bfba5c0
248157.0,3749208,python,[JIT],0x0000e7243c4ed090
248157.0,3749208,python,[JIT],0x0000e7243c4ee3fc
248157.0,3749208,python,[JIT],0x0000e7243c4ee62c
248157.0,3749208,python,[JIT],0x0000e7243c7ce7a8
248157.0,3749208,python,[JIT],0x0000e7243c804124
248157.0,3749208,python,[JIT],0x0000e7243c80ca6c
248157.0,3749208,python,[JIT],0x0000e7243c8b31b0
248157.0,3749586,python,[JIT],0x0000f45d965794f0
248157.0,3749586,python,[JIT],0x0000f45d9657c96c
248157.0,3749586,python,[JIT],0x0000f45d965b99c4
248157.0,3749586,python,[JIT],0x0000f45d96e1cbf0
248157.0,3749586,python,[JIT],0x0000f45d96ec10c0
248157.0,3749586,python,[JIT],0x0000f45d96ec22bc
248157.0,3749240,python,[JIT],0x0000ee2d4c9f7330
248157.0,3749240,python,[JIT],0x0000ee2d4ca24360
248157.0,3749240,python,[JIT],0x0000ee2d4ca5a260
248157.0,3749240,python,[JIT],0x0000ee2d4ca5caac
248157.0,3749240,python,[JIT],0x0000ee2d4d0f3938
248157.0,3749240,python,[JIT],0x0000ee2d4d0f80fc
248157.0,3749240,python,[JIT],0x0000ee2d4d0fa344
248157.0,3749543,python,[JIT],0x0000f0a3d193d3bc
248157.0,3749543,python,[JIT],0x0000f0a3d19785a4
248157.0,3749543,python,[JIT],0x0000f0a3d1d8d040
248157.0,3749336,python,[JIT],0x0000e82e995b8648
248157.0,3749336,python,[JIT],0x0000e82e99ef6054
248157.0,3749336,python,[JIT],0x0000e82e99efa154
248157.0,3749463,python,[JIT],0x0000e07d3fa15128
248157.0,3749463,python,[JIT],0x0000e07d3efd6050
248157.0,3749463,python,[JIT],0x0000e07d3f039af8
248157.0,3749463,python,[JIT],0x0000e07d3f09e688
248157.0,3749463,python,[JIT],0x0000e07d3f8fe7c0
248157.0,3749463,python,[JIT],0x0000e07d3f936b14
248157.0,3749463,python,[JIT],0x0000e07d3f9e1148
248157.0,3749463,python,[JIT],0x0000e07d3f9e1880
248157.0,3749463,python,[JIT],0x0000e07d3f9e25a0
248157.0,3749463,python,[JIT],0x0000e07d3f9e4134
248156.0,3749208,python,[JIT],0x0000e7243bf4400c
248156.0,3749208,python,[JIT],0x0000e7243bfb916c
248156.0,3749208,python,[JIT],0x0000e7243c4ec5e0
248156.0,3749208,python,[JIT],0x0000e7243c4ee310
248156.0,3749208,python,[JIT],0x0000e7243c80890c
248156.0,3749208,python,[JIT],0x0000e7243c80c95c
248156.0,3749208,python,[JIT],0x0000e7243c8b3618
248156.0,3749208,python,[JIT],0x0000e7243c8b38d4
248156.0,3749208,python,[JIT],0x0000e7243c8b3ac8
248156.0,3749586,python,[JIT],0x0000f45d965ba6b0
248156.0,3749586,python,[JIT],0x0000f45d96af83ec
248156.0,3749586,python,[JIT],0x0000f45d96dde33c
248156.0,3749586,python,[JIT],0x0000f45d96ddeee8
248156.0,3749586,python,[JIT],0x0000f45d96e17970
248156.0,3749586,python,[JIT],0x0000f45d96e1c0dc
248156.0,3749586,python,[JIT],0x0000f45d96e1c898
248156.0,3749240,python,python,enum_new_impl
248156.0,3749240,python,[JIT],0x0000ee2d4d0f94e4
248156.0,3749240,python,[JIT],0x0000ee2d4d0f94ec
248156.0,3749240,python,[JIT],0x0000ee2d4d0fa168
248156.0,3749240,python,[JIT],0x0000ee2d4d2be0fc
248156.0,3749240,python,[JIT],0x0000ee2d4d2f7628
248156.0,3749240,python,[JIT],0x0000ee2d4d2f9d74
248156.0,3749240,python,[JIT],0x0000ee2d4d2fcd20
248156.0,3749240,python,[JIT],0x0000ee2d4d3a15dc
248156.0,3749543,python,[JIT],0x0000f0a3d190cf4c
248156.0,3749543,python,[JIT],0x0000f0a3d1cd3a4c
248156.0,3749336,python,[JIT],0x0000e82e9955e158
248156.0,3749336,python,[JIT],0x0000e82e995f305c
248156.0,3749336,python,[JIT],0x0000e82e99e49130
248156.0,3749463,python,python,_Py_uop_sym_set_const
248156.0,3749463,python,[kernel.kallsyms],el0_da
248156.0,3749463,python,[JIT],0x0000e07d3f09ccd8
248156.0,3749463,python,[JIT],0x0000e07d3f6ee038
248156.0,3749463,python,[JIT],0x0000e07d3f6f5248
248156.0,3749463,python,[JIT],0x0000e07d3f6fc37c
248156.0,3749463,python,[JIT],0x0000e07d3f6fddb0
248156.0,3749463,python,[JIT],0x0000e07d3f935cf0
248156.0,3749463,python,[JIT],0x0000e07d3f9368d4
248156.0,3749463,python,[JIT],0x0000e07d3f9e2184
248156.0,3749463,python,[JIT],0x0000e07d3f9e294c
248155.0,3749208,python,[JIT],0x0000e7243bf45810
248155.0,3749208,python,[JIT],0x0000e7243bf4a19c
248155.0,3749208,python,[JIT],0x0000e7243bf4c3d8
248155.0,3749208,python,[JIT],0x0000e7243c7ceab0
248155.0,3749208,python,[JIT],0x0000e7243c805888
248155.0,3749208,python,[JIT],0x0000e7243c808f00
248155.0,3749586,python,[JIT],0x0000f45d96af1c7c
248155.0,3749586,python,[JIT],0x0000f45d96af23a0
248155.0,3749586,python,[JIT],0x0000f45d96afb408
248155.0,3749586,python,[JIT],0x0000f45d96afe15c
248155.0,3749586,python,[JIT],0x0000f45d96e1c274
248155.0,3749586,python,[JIT],0x0000f45d96e1cdc8
248155.0,3749586,python,[JIT],0x0000f45d96e1d870
248155.0,3749586,python,[JIT],0x0000f45d96af1a34
248155.0,3749240,python,[JIT],0x0000ee2d4ca2c88c
248155.0,3749240,python,[JIT],0x0000ee2d4ca54584
248155.0,3749240,python,[JIT],0x0000ee2d4ca562d4
248155.0,3749240,python,[JIT],0x0000ee2d4ca59424
248155.0,3749240,python,[JIT],0x0000ee2d4ca5b300
248155.0,3749240,python,[JIT],0x0000ee2d4d0f13e0
248155.0,3749240,python,[JIT],0x0000ee2d4d0f3554
248155.0,3749240,python,[JIT],0x0000ee2d4d0f65a0
248155.0,3749240,python,[JIT],0x0000ee2d4d0f6774
248155.0,3749240,python,[JIT],0x0000ee2d4d0fc040
248155.0,3749240,python,[JIT],0x0000ee2d4d2f2b30
248155.0,3749240,python,[JIT],0x0000ee2d4d2f9298
248155.0,3749240,python,[JIT],0x0000ee2d4d2f9344
248155.0,3749240,python,[JIT],0x0000ee2d4d2fcde8
248155.0,3749383,python,[JIT],0x0000ef595b8ff2e8
248155.0,3749383,python,[JIT],0x0000ef595c1426fc
248155.0,3749543,python,[JIT],0x0000f0a3d18fead8
248155.0,3749543,python,[JIT],0x0000f0a3d190104c
248155.0,3749543,python,[JIT],0x0000f0a3d19349c4
248155.0,3749543,python,[JIT],0x0000f0a3d1d823f8
248155.0,3749543,python,[JIT],0x0000f0a3d1d8c848
248155.0,3749336,python,[JIT],0x0000e82e99efd144
248155.0,3749463,python,[JIT],0x0000e07d3efd6c5c
248155.0,3749463,python,[JIT],0x0000e07d3f0997d0
248155.0,3749463,python,[JIT],0x0000e07d3f09c4a8
248155.0,3749463,python,[JIT],0x0000e07d3f0d2270
248155.0,3749463,python,[JIT],0x0000e07d3f0d28ac
248155.0,3749463,python,[JIT],0x0000e07d3f0d9164
248155.0,3749463,python,[JIT],0x0000e07d3f0da1cc
248155.0,3749463,python,[JIT],0x0000e07d3f6f88a4
248155.0,3749463,python,[JIT],0x0000e07d3f9310ec
248155.0,3749463,python,[JIT],0x0000e07d3f933a0c
248155.0,3749463,python,[JIT],0x0000e07d3f935ac0
248155.0,3749463,python,[JIT],0x0000e07d3f93bab0
248155.0,3749463,python,[JIT],0x0000e07d3f9e1544
248154.0,3749208,python,[JIT],0x0000e7243bf16418
248154.0,3749208,python,[JIT],0x0000e7243bf76d14
248154.0,3749208,python,[JIT],0x0000e7243c80e3f4
248154.0,3749208,python,[JIT],0x0000e7243c8b3918
248154.0,3749208,python,[JIT],0x0000e7243c8b71b0
248154.0,3749586,python,[JIT],0x0000f45d965792a4
248154.0,3749586,python,[JIT],0x0000f45d9657e0f8
248154.0,3749586,python,[JIT],0x0000f45d96af4120
248154.0,3749586,python,[JIT],0x0000f45d96afb440
248154.0,3749586,python,[JIT],0x0000f45d96e16360
248154.0,3749586,python,[JIT],0x0000f45d96e1d0a4
248154.0,3749240,python,[JIT],0x0000ee2d4ca213f4
248154.0,3749240,python,[JIT],0x0000ee2d4ca24b34
248154.0,3749240,python,[JIT],0x0000ee2d4ca590e0
248154.0,3749240,python,[JIT],0x0000ee2d4ca5f668
248154.0,3749240,python,[JIT],0x0000ee2d4ca9192c
248154.0,3749240,python,[JIT],0x0000ee2d4d0f3958
248154.0,3749240,python,[JIT],0x0000ee2d4d0f5674
248154.0,3749240,python,[JIT],0x0000ee2d4d2f70fc
248154.0,3749240,python,[JIT],0x0000ee2d4d2fc258
248154.0,3749240,python,[JIT],0x0000ee2d4d3a1968
248154.0,3749543,python,[JIT],0x0000f0a3d1399514
248154.0,3749543,python,[JIT],0x0000f0a3d1901070
248154.0,3749543,python,[JIT],0x0000f0a3d1906b3c
248154.0,3749543,python,[JIT],0x0000f0a3d19784fc
248154.0,3749543,python,[JIT],0x0000f0a3d19790b4
248154.0,3749463,python,[JIT],0x0000e07d3f039c68
248154.0,3749463,python,[JIT],0x0000e07d3f03c524
248154.0,3749463,python,[JIT],0x0000e07d3f06b59c
248154.0,3749463,python,[JIT],0x0000e07d3f099a18
248154.0,3749463,python,[JIT],0x0000e07d3f6f0174
248154.0,3749463,python,[JIT],0x0000e07d3f6f91e8
248154.0,3749463,python,[JIT],0x0000e07d3f6fc290
248154.0,3749463,python,[JIT],0x0000e07d3f8fe0e8
248154.0,3749463,python,[JIT],0x0000e07d3f9e18e4
248153.0,3749208,python,[JIT],0x0000e7243bf4cc5c
248153.0,3749208,python,[JIT],0x0000e7243bf75b78
248153.0,3749208,python,[JIT],0x0000e7243c7cec34
248153.0,3749208,python,[JIT],0x0000e7243c805cc0
248153.0,3749208,python,[JIT],0x0000e7243c808ef0
248153.0,3749208,python,[JIT],0x0000e7243c80e2c4
248153.0,3749208,python,[JIT],0x0000e7243c80e910
248153.0,3749208,python,[JIT],0x0000e7243c8b782c
248153.0,3749586,python,[kernel.kallsyms],invoke_syscall
248153.0,3749586,python,[JIT],0x0000f45d96517a00
248153.0,3749586,python,[JIT],0x0000f45d965493c0
248153.0,3749586,python,[JIT],0x0000f45d965750d0
248153.0,3749586,python,[JIT],0x0000f45d9657d678
248153.0,3749586,python,[JIT],0x0000f45d965bc074
248153.0,3749586,python,[JIT],0x0000f45d96af01dc
248153.0,3749586,python,[JIT],0x0000f45d96dde8e0
248153.0,3749586,python,[JIT],0x0000f45d96ddecb8
248153.0,3749586,python,[JIT],0x0000f45d96e1c310
248153.0,3749586,python,[JIT],0x0000f45d96e1d484
248153.0,3749586,python,[JIT],0x0000f45d96ec197c
248153.0,3749586,python,[JIT],0x0000f45d96ec2850
248153.0,3749240,python,[JIT],0x0000ee2d4c9c9374
248153.0,3749240,python,[JIT],0x0000ee2d4ca511f4
248153.0,3749240,python,[JIT],0x0000ee2d4ca55f0c
248153.0,3749240,python,[JIT],0x0000ee2d4ca59de4
248153.0,3749240,python,[JIT],0x0000ee2d4ca5b2ec
248153.0,3749240,python,[JIT],0x0000ee2d4ca914d4
248153.0,3749240,python,[JIT],0x0000ee2d4d0f913c
248153.0,3749240,python,[JIT],0x0000ee2d4d0fa0fc
248153.0,3749240,python,[JIT],0x0000ee2d4d0fc13c
248153.0,3749240,python,[JIT],0x0000ee2d4d2f2424
248153.0,3749240,python,[JIT],0x0000ee2d4d2f626c
248153.0,3749240,python,[JIT],0x0000ee2d4d2f9400
248153.0,3749240,python,[JIT],0x0000ee2d4d2fc17c
248153.0,3749240,python,[JIT],0x0000ee2d4d2fc248
248153.0,3749543,python,[JIT],0x0000f0a3d1c9f534
248153.0,3749543,python,[JIT],0x0000f0a3d1cd9250
248153.0,3749543,python,[JIT],0x0000f0a3d1d82e48
248153.0,3749543,python,[JIT],0x0000f0a3d1d842b4
248153.0,3749543,python,[JIT],0x0000f0a3d1d8603c
248153.0,3749543,python,[JIT],0x0000f0a3d1dbb108
248153.0,3749336,python,[JIT],0x0000e82e99e49088
248153.0,3749336,python,[JIT],0x0000e82e99ef51d4
248153.0,3749463,python,[JIT],0x0000e07d3f0dd4f4
248153.0,3749463,python,[JIT],0x0000e07d3f6f5b50
248153.0,3749463,python,[JIT],0x0000e07d3f8fe244
248153.0,3749463,python,[JIT],0x0000e07d3f93b5f4
248153.0,3749463,python,[JIT],0x0000e07d3f93bb48
248153.0,3749463,python,[JIT],0x0000e07d3f9e10a8
248153.0,3749463,python,[JIT],0x0000e07d3f9e212c
248152.0,3749208,python,[JIT],0x0000e7243bf4c454
248152.0,3749208,python,[JIT],0x0000e7243bf4d234
248152.0,3749208,python,[JIT],0x0000e7243bf7448c
248152.0,3749208,python,[JIT],0x0000e7243bf74cb8
248152.0,3749208,python,[JIT],0x0000e7243bfba3fc
248152.0,3749208,python,[JIT],0x0000e7243c80ca9c
248152.0,3749586,python,[JIT],0x0000f45d96ddeb94
248152.0,3749586,python,[JIT],0x0000f45d96e11278
248152.0,3749586,python,[JIT],0x0000f45d96e190a4
248152.0,3749586,python,[JIT],0x0000f45d96e1c1b8
248152.0,3749240,python,[JIT],0x0000ee2d4c99553c
248152.0,3749240,python,[JIT],0x0000ee2d4c9ce0cc
248152.0,3749240,python,[JIT],0x0000ee2d4ca271bc
248152.0,3749240,python,[JIT],0x0000ee2d4ca2f0a8
248152.0,3749240,python,[JIT],0x0000ee2d4ca5d9ac
248152.0,3749240,python,[JIT],0x0000ee2d4ca5db20
248152.0,3749240,python,[JIT],0x0000ee2d4ca918f0
248152.0,3749240,python,[JIT],0x0000ee2d4ca96318
248152.0,3749240,python,[JIT],0x0000ee2d4d0f2b2c
248152.0,3749240,python,[JIT],0x0000ee2d4d0fc4d0
248152.0,3749240,python,[JIT],0x0000ee2d4d0fda98
248152.0,3749240,python,[JIT],0x0000ee2d4d2bee58
248152.0,3749240,python,[JIT],0x0000ee2d4d2f2b84
248152.0,3749240,python,[JIT],0x0000ee2d4d2f72a0
248152.0,3749240,python,[JIT],0x0000ee2d4d2fc368
248152.0,3749240,python,[JIT],0x0000ee2d4d2fc5c8
248152.0,3749240,python,[JIT],0x0000ee2d4d3a1650
248152.0,3749383,python,[JIT],0x0000ef595beed418
248152.0,3749543,python,[JIT],0x0000f0a3d1933270
248152.0,3749543,python,[JIT],0x0000f0a3d1c9f1d4
248152.0,3749336,python,[JIT],0x0000e82e99ef1198
248152.0,3749463,python,[JIT],0x0000e07d3f09ccc0
248152.0,3749463,python,[JIT],0x0000e07d3f6f687c
248152.0,3749463,python,[JIT],0x0000e07d3f931550
248152.0,3749463,python,[JIT],0x0000e07d3f9367e0
248152.0,3749463,python,[JIT],0x0000e07d3f93b538
248152.0,3749463,python,[JIT],0x0000e07d3f9e144c
248152.0,3749463,python,[JIT],0x0000e07d3f9e1be4
248151.0,3749208,python,python,_Py_uop_analyze_and_optimize
248151.0,3749208,python,[kernel.kallsyms],down_write
248151.0,3749208,python,[JIT],0x0000e7243bf76e30
248151.0,3749208,python,[JIT],0x0000e7243c801530
248151.0,3749208,python,[JIT],0x0000e7243c805cb8
248151.0,3749208,python,[JIT],0x0000e7243c8067b8
248151.0,3749208,python,[JIT],0x0000e7243c8075f0
248151.0,3749208,python,[JIT],0x0000e7243c808a0c
248151.0,3749208,python,[JIT],0x0000e7243c80e0cc
248151.0,3749208,python,[JIT],0x0000e7243c80e170
248151.0,3749208,python,[JIT],0x0000e7243c8b4a2c
248151.0,3749586,python,[JIT],0x0000f45d965b129c
248151.0,3749586,python,[JIT],0x0000f45d965b1520
248151.0,3749586,python,[JIT],0x0000f45d96af1924
248151.0,3749586,python,[JIT],0x0000f45d96af80f8
248151.0,3749586,python,[JIT],0x0000f45d96e127e8
248151.0,3749586,python,[JIT],0x0000f45d96e191a4
248151.0,3749586,python,[JIT],0x0000f45d96e1dce4
248151.0,3749586,python,[JIT],0x0000f45d96ec22c8
248151.0,3749240,python,[JIT],0x0000ee2d4ca5b1a4
248151.0,3749240,python,[JIT],0x0000ee2d4d0fa64c
248151.0,3749240,python,[JIT],0x0000ee2d4d0fabe4
248151.0,3749240,python,[JIT],0x0000ee2d4d2be400
248151.0,3749240,python,[JIT],0x0000ee2d4d2f1224
248151.0,3749240,python,[JIT],0x0000ee2d4d2f29e4
248151.0,3749240,python,[JIT],0x0000ee2d4d2f2d1c
248151.0,3749240,python,[JIT],0x0000ee2d4d2f7190
248151.0,3749240,python,[JIT],0x0000ee2d4d2fc0b4
248151.0,3749240,python,[JIT],0x0000ee2d4d2fc274
248151.0,3749240,python,[JIT],0x0000ee2d4d2fcfdc
248151.0,3749543,python,[JIT],0x0000f0a3d1978b94
248151.0,3749543,python,[JIT],0x0000f0a3d1cd3f5c
248151.0,3749336,python,[JIT],0x0000e82e99e0f40c
248151.0,3749336,python,[JIT],0x0000e82e99efac48
248151.0,3749463,python,[JIT],0x0000e07d3efd6458
248151.0,3749463,python,[JIT],0x0000e07d3f0d512c
248151.0,3749463,python,[JIT],0x0000e07d3f0d563c
248151.0,3749463,python,[JIT],0x0000e07d3f0d6788
248151.0,3749463,python,[JIT],0x0000e07d3f6f5064
248151.0,3749463,python,[JIT],0x0000e07d3f937018
248150.0,3749208,python,[JIT],0x0000e7243bf4c038
248150.0,3749208,python,[JIT],0x0000e7243bf4e518
248150.0,3749208,python,[JIT],0x0000e7243bfb34d8
248150.0,3749208,python,[JIT],0x0000e7243bfb92f0
248150.0,3749208,python,[JIT],0x0000e7243c4ec06c
248150.0,3749208,python,[JIT],0x0000e7243c4ee1dc
248150.0,3749208,python,[JIT],0x0000e7243c7ce498
248150.0,3749208,python,[JIT],0x0000e7243c805dac
248150.0,3749208,python,[JIT],0x0000e7243c8b42f8
248150.0,3749208,python,[JIT],0x0000e7243c8b449c
248150.0,3749586,python,[JIT],0x0000f45d96541158
248150.0,3749586,python,[JIT],0x0000f45d9657ceac
248150.0,3749586,python,[JIT],0x0000f45d965b37b8
248150.0,3749586,python,[JIT],0x0000f45d96af1b48
248150.0,3749586,python,[JIT],0x0000f45d96dde090
248150.0,3749586,python,[JIT],0x0000f45d96e1d038
248150.0,3749586,python,[JIT],0x0000f45d96e1d948
248150.0,3749586,python,[JIT],0x0000f45d96e160e4
248150.0,3749240,python,python,optimize_uops.isra.0
248150.0,3749240,python,[JIT],0x0000ee2d4c9c9164
248150.0,3749240,python,[JIT],0x0000ee2d4ca596d8
248150.0,3749240,python,[JIT],0x0000ee2d4d0f218c
248150.0,3749240,python,[JIT],0x0000ee2d4d0f2c84
248150.0,3749240,python,[JIT],0x0000ee2d4d0f32a8
248150.0,3749240,python,[JIT],0x0000ee2d4d0f92e8
248150.0,3749240,python,[JIT],0x0000ee2d4d0faa3c
248150.0,3749240,python,[JIT],0x0000ee2d4d2be20c
248150.0,3749240,python,[JIT],0x0000ee2d4d2be6a4
248150.0,3749240,python,[JIT],0x0000ee2d4d2becb0
248150.0,3749240,python,[JIT],0x0000ee2d4d2fcadc
248150.0,3749240,python,[JIT],0x0000ee2d4d2fcf44
248150.0,3749240,python,[JIT],0x0000ee2d4d3a1210
248150.0,3749383,python,[JIT],0x0000ef595c14225c
248150.0,3749543,python,[JIT],0x0000f0a3d13c7f58
248150.0,3749543,python,[JIT],0x0000f0a3d18ee224
248150.0,3749543,python,[JIT],0x0000f0a3d1934c60
248150.0,3749543,python,[JIT],0x0000f0a3d1978aa8
248150.0,3749336,python,[JIT],0x0000e82e994f817c
248150.0,3749336,python,[JIT],0x0000e82e9952dab8
248150.0,3749336,python,[JIT],0x0000e82e995fda28
248150.0,3749463,python,[JIT],0x0000e07d3f039d54
248150.0,3749463,python,[JIT],0x0000e07d3f09926c
248150.0,3749463,python,[JIT],0x0000e07d3f0d4534
248150.0,3749463,python,[JIT],0x0000e07d3f6f518c
248150.0,3749463,python,[JIT],0x0000e07d3f6f52a0
248150.0,3749463,python,[JIT],0x0000e07d3f6fc19c
248150.0,3749463,python,[JIT],0x0000e07d3f93126c
248150.0,3749463,python,[JIT],0x0000e07d3f933e88
248150.0,3749463,python,[JIT],0x0000e07d3f9395fc
248150.0,3749463,python,[JIT],0x0000e07d3f93d848
248150.0,3749463,python,[JIT],0x0000e07d3f9e15f0
248150.0,3749463,python,[JIT],0x0000e07d3f9e1aa8
248149.0,3749208,python,[JIT],0x0000e7243beedc98
248149.0,3749208,python,[JIT],0x0000e7243bf16314
248149.0,3749208,python,[JIT],0x0000e7243bf49ba4
248149.0,3749208,python,[JIT],0x0000e7243bf4ca9c
248149.0,3749208,python,[JIT],0x0000e7243bfbaa04
248149.0,3749208,python,[JIT],0x0000e7243c80cb1c
248149.0,3749208,python,[JIT],0x0000e7243c8b30b8
248149.0,3749208,python,[JIT],0x0000e7243c8b35fc
248149.0,3749208,python,[JIT],0x0000e7243c8b71f0
248149.0,3749586,python,[JIT],0x0000f45d964b7928
248149.0,3749586,python,[JIT],0x0000f45d964e11e8
248149.0,3749586,python,[JIT],0x0000f45d965182e0
248149.0,3749586,python,[JIT],0x0000f45d9657aa38
248149.0,3749586,python,[JIT],0x0000f45d965b5100
248149.0,3749586,python,[JIT],0x0000f45d96afc5ec
248149.0,3749586,python,[JIT],0x0000f45d96ec131c
248149.0,3749586,python,[JIT],0x0000f45d96ec1498
248149.0,3749240,python,python,PyObject_GenericSetAttr
248149.0,3749240,python,[JIT],0x0000ee2d4ca2757c
248149.0,3749240,python,[JIT],0x0000ee2d4ca59404
248149.0,3749240,python,[JIT],0x0000ee2d4d0f91f4
248149.0,3749240,python,[JIT],0x0000ee2d4d2f260c
248149.0,3749240,python,[JIT],0x0000ee2d4d2f9244
248149.0,3749240,python,[JIT],0x0000ee2d4d3a1008
248149.0,3749240,python,[JIT],0x0000ee2d4d3a28e8
248149.0,3749240,python,[JIT],0x0000ee2d4d3a2b70
248149.0,3749383,python,[JIT],0x0000ef595b8ff3ec
248149.0,3749383,python,[JIT],0x0000ef595beed47c
248149.0,3749543,python,[JIT],0x0000f0a3d18ee0f0
248149.0,3749543,python,[JIT],0x0000f0a3d18f0780
248149.0,3749543,python,[JIT],0x0000f0a3d18f6548
248149.0,3749543,python,[JIT],0x0000f0a3d19360fc
248149.0,3749543,python,[JIT],0x0000f0a3d1cdb094
248149.0,3749543,python,[JIT],0x0000f0a3d1d8b3e4
248149.0,3749336,python,[JIT],0x0000e82e99581250
248149.0,3749463,python,[JIT],0x0000e07d3f034b60
248149.0,3749463,python,[JIT],0x0000e07d3f09417c
248149.0,3749463,python,[JIT],0x0000e07d3f09c508
248149.0,3749463,python,[JIT],0x0000e07d3f09c77c
248149.0,3749463,python,[JIT],0x0000e07d3f09c8c0
248149.0,3749463,python,[JIT],0x0000e07d3f09ce5c
248149.0,3749463,python,[JIT],0x0000e07d3f09e35c
248149.0,3749463,python,[JIT],0x0000e07d3f0d5cf4
248149.0,3749463,python,[JIT],0x0000e07d3f6f57bc
248148.0,3749208,python,[JIT],0x0000e7243bfb94d0
248148.0,3749208,python,[JIT],0x0000e7243c4ec72c
248148.0,3749208,python,[JIT],0x0000e7243c7ce038
248148.0,3749208,python,[JIT],0x0000e7243c808858
248148.0,3749208,python,[JIT],0x0000e7243c80c334
248148.0,3749586,python,python,unicode_compare
248148.0,3749586,python,[JIT],0x0000f45d9657b310
248148.0,3749586,python,[JIT],0x0000f45d96ddee70
248148.0,3749586,python,[JIT],0x0000f45d96e1d558
248148.0,3749586,python,[JIT],0x0000f45d96e1f000
248148.0,3749240,python,[JIT],0x0000ee2d4d3a14a0
248148.0,3749240,python,[JIT],0x0000ee2d4c993d60
248148.0,3749240,python,[JIT],0x0000ee2d4ca2c418
248148.0,3749240,python,[JIT],0x0000ee2d4ca5b23c
248148.0,3749240,python,[JIT],0x0000ee2d4ca5c840
248148.0,3749240,python,[JIT],0x0000ee2d4ca941e0
248148.0,3749240,python,[JIT],0x0000ee2d4d0f2804
248148.0,3749240,python,[JIT],0x0000ee2d4d0f2a14
248148.0,3749240,python,[JIT],0x0000ee2d4d0f2a40
248148.0,3749240,python,[JIT],0x0000ee2d4d2f7468
248148.0,3749240,python,[JIT],0x0000ee2d4d2f7bf8
248148.0,3749240,python,[JIT],0x0000ee2d4d2fd1e0
248148.0,3749543,python,python,_PyDictKeys_StringLookupAndVersion
248148.0,3749543,python,[kernel.kallsyms],release_pages
248148.0,3749543,python,[JIT],0x0000f0a3d19068d4
248148.0,3749543,python,[JIT],0x0000f0a3d190cf80
248148.0,3749543,python,[JIT],0x0000f0a3d1d84190
248148.0,3749336,python,[JIT],0x0000e82e995f65e4
248148.0,3749336,python,[JIT],0x0000e82e995f70a0
248148.0,3749336,python,[JIT],0x0000e82e99ef79cc
248148.0,3749463,python,[JIT],0x0000e07d3f09c28c
248148.0,3749463,python,[JIT],0x0000e07d3f0d4e58
248148.0,3749463,python,[JIT],0x0000e07d3f6ef9c8
248148.0,3749463,python,[JIT],0x0000e07d3f936864
248148.0,3749463,python,[JIT],0x0000e07d3f936954
248148.0,3749463,python,[JIT],0x0000e07d3f93d274
248147.0,3749208,python,[JIT],0x0000e7243bf75454
248147.0,3749208,python,[JIT],0x0000e7243bf7d8c8
248147.0,3749208,python,[JIT],0x0000e7243c8b59cc
248147.0,3749208,python,[JIT],0x0000e7243c8b59d0
248147.0,3749586,python,[JIT],0x0000f45d964ee580
248147.0,3749586,python,[JIT],0x0000f45d96572378
248147.0,3749586,python,[JIT],0x0000f45d9657b4b8
248147.0,3749586,python,[JIT],0x0000f45d9657c53c
248147.0,3749586,python,[JIT],0x0000f45d965bc5d0
248147.0,3749586,python,[JIT],0x0000f45d96af1064
248147.0,3749586,python,[JIT],0x0000f45d96ddeafc
248147.0,3749586,python,[JIT],0x0000f45d96e130a8
248147.0,3749586,python,[JIT],0x0000f45d96e1c3d8
248147.0,3749240,python,[JIT],0x0000ee2d4d2ff0f4
248147.0,3749240,python,[JIT],0x0000ee2d4ca59214
248147.0,3749240,python,[JIT],0x0000ee2d4ca5b2d0
248147.0,3749240,python,[JIT],0x0000ee2d4ca5b2fc
248147.0,3749240,python,[JIT],0x0000ee2d4d0ec348
248147.0,3749240,python,[JIT],0x0000ee2d4d0f2094
248147.0,3749240,python,[JIT],0x0000ee2d4d2f189c
248147.0,3749240,python,[JIT],0x0000ee2d4d2fcab4
248147.0,3749240,python,[JIT],0x0000ee2d4d2fd560
248147.0,3749240,python,[JIT],0x0000ee2d4d3a20d8
248147.0,3749240,python,[JIT],0x0000ee2d4d3a31ec
248147.0,3749543,python,[JIT],0x0000f0a3d1909ea8
248147.0,3749543,python,[JIT],0x0000f0a3d1cd5000
248147.0,3749463,python,[JIT],0x0000e07d3efd8238
248147.0,3749463,python,[JIT],0x0000e07d3f09e324
248147.0,3749463,python,[JIT],0x0000e07d3f0d2154
248147.0,3749463,python,[JIT],0x0000e07d3f0d51a8
248147.0,3749463,python,[JIT],0x0000e07d3f0d62d8
248147.0,3749463,python,[JIT],0x0000e07d3f6f8d00
248147.0,3749463,python,[JIT],0x0000e07d3f6fc6c8
248147.0,3749463,python,[JIT],0x0000e07d3f933c90
248147.0,3749463,python,[JIT],0x0000e07d3f939040
248147.0,3749463,python,[JIT],0x0000e07d3f93d984
248147.0,3749463,python,[JIT],0x0000e07d3f9e1b8c
248147.0,3749463,python,[JIT],0x0000e07d3f9e2bcc
248146.0,3749208,python,[JIT],0x0000e7243bfb1030
248146.0,3749208,python,[JIT],0x0000e7243bfb98e4
248146.0,3749208,python,[JIT],0x0000e7243c8051b8
248146.0,3749208,python,[JIT],0x0000e7243c80555c
248146.0,3749208,python,[JIT],0x0000e7243c805994
248146.0,3749208,python,[JIT],0x0000e7243c80743c
248146.0,3749208,python,[JIT],0x0000e7243c80b6b8
248146.0,3749208,python,[JIT],0x0000e7243c8b4320
248146.0,3749586,python,[JIT],0x0000f45d964bbb78
248146.0,3749586,python,[JIT],0x0000f45d964e62d4
248146.0,3749586,python,[JIT],0x0000f45d96541118
248146.0,3749586,python,[JIT],0x0000f45d96575c10
248146.0,3749586,python,[JIT],0x0000f45d96579390
248146.0,3749586,python,[JIT],0x0000f45d9657b0b4
248146.0,3749586,python,[JIT],0x0000f45d96af103c
248146.0,3749586,python,[JIT],0x0000f45d96e1c200
248146.0,3749240,python,[JIT],0x0000ee2d4c9ce7b0
248146.0,3749240,python,[JIT],0x0000ee2d4ca2eb7c
248146.0,3749240,python,[JIT],0x0000ee2d4ca5b4f0
248146.0,3749240,python,[JIT],0x0000ee2d4ca5d924
248146.0,3749240,python,[JIT],0x0000ee2d4ca93878
248146.0,3749240,python,[JIT],0x0000ee2d4d0f3684
248146.0,3749240,python,[JIT],0x0000ee2d4d0f9664
248146.0,3749240,python,[JIT],0x0000ee2d4d2f1c24
248146.0,3749240,python,[JIT],0x0000ee2d4d2f949c
248146.0,3749240,python,[JIT],0x0000ee2d4d2fb080
248146.0,3749240,python,[JIT],0x0000ee2d4d2fc848
248146.0,3749240,python,[JIT],0x0000ee2d4d2fd670
248146.0,3749240,python,[JIT],0x0000ee2d4d2ff284
248146.0,3749240,python,[JIT],0x0000ee2d4d3a37c4
248146.0,3749543,python,[JIT],0x0000f0a3d190c2b8
248146.0,3749463,python,[JIT],0x0000e07d3f0960e8
248146.0,3749463,python,[JIT],0x0000e07d3f099184
248146.0,3749463,python,[JIT],0x0000e07d3f6f41c8
248146.0,3749463,python,[JIT],0x0000e07d3f6f54e4
248146.0,3749463,python,[JIT],0x0000e07d3f93167c
248146.0,3749463,python,[JIT],0x0000e07d3f933b64
248146.0,3749463,python,[JIT],0x0000e07d3f933d9c
248145.0,3749208,python,[JIT],0x0000e7243bf4ca80
248145.0,3749208,python,[JIT],0x0000e7243bf4e110
248145.0,3749208,python,[JIT],0x0000e7243bf761a0
248145.0,3749208,python,[JIT],0x0000e7243bfb54a8
248145.0,3749208,python,[JIT],0x0000e7243bfba774
248145.0,3749208,python,[JIT],0x0000e7243bfbaa44
248145.0,3749208,python,[JIT],0x0000e7243c7ce3f4
248145.0,3749208,python,[JIT],0x0000e7243c8014e0
248145.0,3749208,python,[JIT],0x0000e7243c805054
248145.0,3749208,python,[JIT],0x0000e7243c8070a4
248145.0,3749208,python,[JIT],0x0000e7243c80ca0c
248145.0,3749208,python,[JIT],0x0000e7243c8b216c
248145.0,3749208,python,[JIT],0x0000e7243c8b2170
248145.0,3749208,python,[JIT],0x0000e7243c8b34d4
248145.0,3749586,python,[JIT],0x0000f45d964b1140
248145.0,3749586,python,[JIT],0x0000f45d96af1504
248145.0,3749586,python,[JIT],0x0000f45d96af82e4
248145.0,3749586,python,[JIT],0x0000f45d96af990c
248145.0,3749586,python,[JIT],0x0000f45d96af9d9c
248145.0,3749586,python,[JIT],0x0000f45d96e1cd00
248145.0,3749586,python,[JIT],0x0000f45d96e1d338
248145.0,3749240,python,[JIT],0x0000ee2d4c9ce6bc
248145.0,3749240,python,[JIT],0x0000ee2d4ca5d4f0
248145.0,3749240,python,[JIT],0x0000ee2d4d0fc1b4
248145.0,3749240,python,[JIT],0x0000ee2d4d0fc3e0
248145.0,3749240,python,[JIT],0x0000ee2d4d2be14c
248145.0,3749383,python,[JIT],0x0000ef595c1429c0
248145.0,3749383,python,[JIT],0x0000ef595c1437f8
248145.0,3749543,python,[JIT],0x0000f0a3d1cd8008
248145.0,3749463,python,[JIT],0x0000e07d3f0d6634
248145.0,3749463,python,[JIT],0x0000e07d3f6eff40
248145.0,3749463,python,[JIT],0x0000e07d3f6f615c
248145.0,3749463,python,[JIT],0x0000e07d3f6f9100
248145.0,3749463,python,[JIT],0x0000e07d3f933c30
248145.0,3749463,python,[JIT],0x0000e07d3f9e64c4
248144.0,3749208,python,[JIT],0x0000e7243beb199c
248144.0,3749208,python,[JIT],0x0000e7243bf492a4
248144.0,3749208,python,[JIT],0x0000e7243bf49fdc
248144.0,3749208,python,[JIT],0x0000e7243bf4c1e4
248144.0,3749208,python,[JIT],0x0000e7243bf4c988
248144.0,3749208,python,[JIT],0x0000e7243bf71178
248144.0,3749208,python,[JIT],0x0000e7243c8054b0
248144.0,3749208,python,[JIT],0x0000e7243c80ede8
248144.0,3749208,python,[JIT],0x0000e7243c8b3794
248144.0,3749586,python,[JIT],0x0000f45d96544600
248144.0,3749586,python,[JIT],0x0000f45d96547538
248144.0,3749586,python,[JIT],0x0000f45d96579404
248144.0,3749586,python,[JIT],0x0000f45d965baff0
248144.0,3749586,python,[JIT],0x0000f45d96dde24c
248144.0,3749586,python,[JIT],0x0000f45d96ec24b0
248144.0,3749240,python,[JIT],0x0000ee2d4ca930f4
248144.0,3749240,python,[JIT],0x0000ee2d4d0fa13c
248144.0,3749240,python,[JIT],0x0000ee2d4d0fc0c8
248144.0,3749240,python,[JIT],0x0000ee2d4d0fd6e4
248144.0,3749240,python,[JIT],0x0000ee2d4d2bece0
248144.0,3749240,python,[JIT],0x0000ee2d4d2f19f8
248144.0,3749240,python,[JIT],0x0000ee2d4d2f222c
248144.0,3749240,python,[JIT],0x0000ee2d4d2f2724
248144.0,3749240,python,[JIT],0x0000ee2d4d2f9978
248144.0,3749240,python,[JIT],0x0000ee2d4d2fd530
248144.0,3749240,python,[JIT],0x0000ee2d4d3a294c
248144.0,3749543,python,[JIT],0x0000f0a3d13c7150
248144.0,3749543,python,[JIT],0x0000f0a3d1d81360
248144.0,3749336,python,[JIT],0x0000e82e9955219c
248144.0,3749463,python,[JIT],0x0000e07d3efd57a0
248144.0,3749463,python,[JIT],0x0000e07d3f099110
248144.0,3749463,python,[JIT],0x0000e07d3f0d5fcc
248144.0,3749463,python,[JIT],0x0000e07d3f6f5d64
248144.0,3749463,python,[JIT],0x0000e07d3f93bbd8
248144.0,3749463,python,[JIT],0x0000e07d3f9e1fc8
248143.0,3749208,python,[JIT],0x0000e7243bfb9550
248143.0,3749208,python,[JIT],0x0000e7243c80585c
248143.0,3749208,python,[JIT],0x0000e7243c808c2c
248143.0,3749208,python,[JIT],0x0000e7243c8b10b8
248143.0,3749208,python,[JIT],0x0000e7243c8b7008
248143.0,3749586,python,[JIT],0x0000f45d965795b8
248143.0,3749586,python,[JIT],0x0000f45d96af843c
248143.0,3749586,python,[JIT],0x0000f45d96af8544
248143.0,3749586,python,[JIT],0x0000f45d96af909c
248143.0,3749586,python,[JIT],0x0000f45d96afb498
248143.0,3749586,python,[JIT],0x0000f45d96e174c0
248143.0,3749586,python,[JIT],0x0000f45d96dde5c4
248143.0,3749240,python,[JIT],0x0000ee2d4c9955a0
248143.0,3749240,python,[JIT],0x0000ee2d4ca251f8
248143.0,3749240,python,[JIT],0x0000ee2d4ca560a8
248143.0,3749240,python,[JIT],0x0000ee2d4ca56220
248143.0,3749240,python,[JIT],0x0000ee2d4d0ed8e8
248143.0,3749240,python,[JIT],0x0000ee2d4d2be47c
248143.0,3749240,python,[JIT],0x0000ee2d4d2f2bf4
248143.0,3749240,python,[JIT],0x0000ee2d4d2f71ac
248143.0,3749240,python,[JIT],0x0000ee2d4d3a1418
248143.0,3749543,python,[JIT],0x0000f0a3d1c9f6e0
248143.0,3749543,python,[JIT],0x0000f0a3d1cd103c
248143.0,3749543,python,[JIT],0x0000f0a3d1cd8144
248143.0,3749543,python,[JIT],0x0000f0a3d1cd9768
248143.0,3749543,python,[JIT],0x0000f0a3d1d87424
248143.0,3749463,python,[JIT],0x0000e07d3efdc034
248143.0,3749463,python,[JIT],0x0000e07d3f0d50c4
248143.0,3749463,python,[JIT],0x0000e07d3f6f58e8
248143.0,3749463,python,[JIT],0x0000e07d3f935710
248143.0,3749463,python,[JIT],0x0000e07d3f93d06c
248143.0,3749463,python,[JIT],0x0000e07d3f9e55f8
248142.0,3749208,python,[JIT],0x0000e7243bee58f8
248142.0,3749208,python,[JIT],0x0000e7243bee5ea4
248142.0,3749208,python,[JIT],0x0000e7243bf1158c
248142.0,3749208,python,[JIT],0x0000e7243bf4c924
248142.0,3749208,python,[JIT],0x0000e7243bf721f0
248142.0,3749208,python,[JIT],0x0000e7243c80e4c0
248142.0,3749208,python,[JIT],0x0000e7243c8b3d00
248142.0,3749586,python,[JIT],0x0000f45d96575e08
248142.0,3749586,python,[JIT],0x0000f45d96af1008
248142.0,3749586,python,[JIT],0x0000f45d96dde48c
248142.0,3749586,python,[JIT],0x0000f45d96e12ad4
248142.0,3749240,python,python,tupleiter_dealloc
248142.0,3749240,python,[JIT],0x0000ee2d4c9c622c
248142.0,3749240,python,[JIT],0x0000ee2d4ca21a78
248142.0,3749240,python,[JIT],0x0000ee2d4ca91714
248142.0,3749240,python,[JIT],0x0000ee2d4ca9b748
248142.0,3749240,python,[JIT],0x0000ee2d4d0f92b8
248142.0,3749240,python,[JIT],0x0000ee2d4d2f1298
248142.0,3749240,python,[JIT],0x0000ee2d4d2f75b0
248142.0,3749240,python,[JIT],0x0000ee2d4d2f7bd8
248142.0,3749240,python,[JIT],0x0000ee2d4d2fb158
248142.0,3749240,python,[JIT],0x0000ee2d4d2fc620
248142.0,3749543,python,[JIT],0x0000f0a3d18ee1f8
248142.0,3749543,python,[JIT],0x0000f0a3d1cdcad8
248142.0,3749543,python,[JIT],0x0000f0a3d1d826cc
248142.0,3749543,python,[JIT],0x0000f0a3d1d8f248
248142.0,3749336,python,[JIT],0x0000e82e994f3a54
248142.0,3749336,python,[JIT],0x0000e82e995f9030
248142.0,3749463,python,[JIT],0x0000e07d3f9e2014
248141.0,3749208,python,python,_Py_LoadAttr_StackRefSteal
248141.0,3749208,python,python,emit__GUARD_TYPE_VERSION_r33
248141.0,3749208,python,[JIT],0x0000e7243bee5df0
248141.0,3749208,python,[JIT],0x0000e7243bf4c86c
248141.0,3749208,python,[JIT],0x0000e7243bf72350
248141.0,3749208,python,[JIT],0x0000e7243bf750cc
248141.0,3749208,python,[JIT],0x0000e7243bfb3798
248141.0,3749208,python,[JIT],0x0000e7243bfb59b8
248141.0,3749208,python,[JIT],0x0000e7243c4ec4d8
248141.0,3749208,python,[JIT],0x0000e7243c8071a0
248141.0,3749208,python,[JIT],0x0000e7243c80e814
248141.0,3749208,python,[JIT],0x0000e7243c8b2088
248141.0,3749208,python,[JIT],0x0000e7243c8b4118
248141.0,3749208,python,[JIT],0x0000e7243c8b7510
248141.0,3749586,python,[JIT],0x0000f45d964bc5d4
248141.0,3749586,python,[JIT],0x0000f45d96572794
248141.0,3749586,python,[JIT],0x0000f45d965b5a50
248141.0,3749586,python,[JIT],0x0000f45d96af85a8
248141.0,3749586,python,[JIT],0x0000f45d96e17bc4
248141.0,3749586,python,[kernel.kallsyms],perf_event_mmap
248141.0,3749240,python,[JIT],0x0000ee2d4ca599a8
248141.0,3749240,python,[JIT],0x0000ee2d4d0f3384
248141.0,3749240,python,[JIT],0x0000ee2d4d0f3420
248141.0,3749240,python,[JIT],0x0000ee2d4d3a2858
248141.0,3749543,python,[JIT],0x0000f0a3d18ff330
248141.0,3749543,python,[JIT],0x0000f0a3d1904008
248141.0,3749543,python,[JIT],0x0000f0a3d1973694
248141.0,3749543,python,[JIT],0x0000f0a3d19795c0
248141.0,3749336,python,[JIT],0x0000e82e995b3884
248141.0,3749463,python,[JIT],0x0000e07d3f0930e8
248141.0,3749463,python,[JIT],0x0000e07d3f09d0d0
248141.0,3749463,python,[JIT],0x0000e07d3f0d41e0
248141.0,3749463,python,[JIT],0x0000e07d3f0d6e40
248141.0,3749463,python,[JIT],0x0000e07d3f6fc038
248141.0,3749463,python,[JIT],0x0000e07d3f93385c
248141.0,3749463,python,[JIT],0x0000e07d3f9e1560
248141.0,3749463,python,[JIT],0x0000e07d3f9e65bc
248140.0,3749208,python,[JIT],0x0000e7243beeb100
248140.0,3749208,python,[JIT],0x0000e7243beec484
248140.0,3749208,python,[JIT],0x0000e7243beee36c
248140.0,3749208,python,[JIT],0x0000e7243bf19b34
248140.0,3749208,python,[JIT],0x0000e7243bfb3ecc
248140.0,3749208,python,[JIT],0x0000e7243bfba3e0
248140.0,3749208,python,[JIT],0x0000e7243bfbb7a0
248140.0,3749208,python,[JIT],0x0000e7243c801498
248140.0,3749208,python,[JIT],0x0000e7243c80ca30
248140.0,3749586,python,[JIT],0x0000f45d96517628
248140.0,3749586,python,[JIT],0x0000f45d96572db8
248140.0,3749586,python,[JIT],0x0000f45d96dde9b8
248140.0,3749586,python,[JIT],0x0000f45d96e1cff0
248140.0,3749240,python,python,func_descr_get
248140.0,3749240,python,[JIT],0x0000ee2d4c9cec9c
248140.0,3749240,python,[JIT],0x0000ee2d4ca22544
248140.0,3749240,python,[JIT],0x0000ee2d4ca559e8
248140.0,3749240,python,[JIT],0x0000ee2d4ca91628
248140.0,3749240,python,[JIT],0x0000ee2d4d0ec514
248140.0,3749240,python,[JIT],0x0000ee2d4d0f37dc
248140.0,3749240,python,[JIT],0x0000ee2d4d0f90ac
248140.0,3749240,python,[JIT],0x0000ee2d4d2f24f4
248140.0,3749240,python,[JIT],0x0000ee2d4d2f7028
248140.0,3749240,python,[JIT],0x0000ee2d4d2f7fc4
248140.0,3749240,python,[JIT],0x0000ee2d4d2fcac0
248140.0,3749240,python,[JIT],0x0000ee2d4d3a12d4
248140.0,3749383,python,[JIT],0x0000ef595c149d74
248140.0,3749543,python,[JIT],0x0000f0a3d18fe034
248140.0,3749543,python,[JIT],0x0000f0a3d1cd31e4
248140.0,3749463,python,[JIT],0x0000e07d3f09c1e0
248140.0,3749463,python,[JIT],0x0000e07d3f6f0124
248140.0,3749463,python,[JIT],0x0000e07d3f6fc510
248140.0,3749463,python,[JIT],0x0000e07d3f6fd290
248140.0,3749463,python,[JIT],0x0000e07d3f6fdd54
248139.0,3749208,python,[JIT],0x0000e7243bf49950
248139.0,3749208,python,[JIT],0x0000e7243bf4cb88
248139.0,3749208,python,[JIT],0x0000e7243bf745a0
248139.0,3749208,python,[JIT],0x0000e7243bf76154
248139.0,3749208,python,[JIT],0x0000e7243bfb3df8
248139.0,3749208,python,[JIT],0x0000e7243c805ccc
248139.0,3749208,python,[JIT],0x0000e7243c808ad4
248139.0,3749208,python,[JIT],0x0000e7243c80cac8
248139.0,3749586,python,[JIT],0x0000f45d964e9c04
248139.0,3749586,python,[JIT],0x0000f45d9657582c
248139.0,3749586,python,[JIT],0x0000f45d965b90e4
248139.0,3749586,python,[JIT],0x0000f45d96e1dcf0
248139.0,3749240,python,[JIT],0x0000ee2d4ca5977c
248139.0,3749240,python,[JIT],0x0000ee2d4d0ed168
248139.0,3749240,python,[JIT],0x0000ee2d4d0f2030
248139.0,3749240,python,[JIT],0x0000ee2d4d0fc1c0
248139.0,3749240,python,[JIT],0x0000ee2d4d2f10cc
248139.0,3749240,python,[JIT],0x0000ee2d4d2fb05c
248139.0,3749240,python,[JIT],0x0000ee2d4d2fcdf0
248139.0,3749240,python,[JIT],0x0000ee2d4d3a22bc
248139.0,3749383,python,[JIT],0x0000ef595c14d954
248139.0,3749543,python,[JIT],0x0000f0a3d13f8308
248139.0,3749543,python,[JIT],0x0000f0a3d18ed39c
248139.0,3749543,python,[JIT],0x0000f0a3d1978208
248139.0,3749543,python,[JIT],0x0000f0a3d1d8207c
248139.0,3749543,python,[JIT],0x0000f0a3d1d88184
248139.0,3749336,python,[JIT],0x0000e82e99ef2304
248139.0,3749336,python,[JIT],0x0000e82e99efa7f4
248139.0,3749463,python,[JIT],0x0000e07d3f0348bc
248139.0,3749463,python,[JIT],0x0000e07d3f03b1e4
248139.0,3749463,python,[JIT],0x0000e07d3f6f50b4
248139.0,3749463,python,[JIT],0x0000e07d3f6fc1a0
248139.0,3749463,python,[JIT],0x0000e07d3f6fc1d0
248139.0,3749463,python,[JIT],0x0000e07d3f933ad4
248139.0,3749463,python,[JIT],0x0000e07d3f933c98
248139.0,3749463,python,[JIT],0x0000e07d3f9e5560
248138.0,3749208,python,[JIT],0x0000e7243beb21a0
248138.0,3749208,python,[JIT],0x0000e7243bf1402c
248138.0,3749208,python,[JIT],0x0000e7243bf49110
248138.0,3749208,python,[JIT],0x0000e7243bf49798
248138.0,3749208,python,[JIT],0x0000e7243bfb4aa4
248138.0,3749208,python,[JIT],0x0000e7243bfb90d8
248138.0,3749208,python,[JIT],0x0000e7243c8011d8
248138.0,3749208,python,[JIT],0x0000e7243c808bd0
248138.0,3749208,python,[JIT],0x0000e7243c80c8dc
248138.0,3749208,python,[JIT],0x0000e7243c80d6d4
248138.0,3749586,python,[JIT],0x0000f45d96541044
248138.0,3749586,python,[JIT],0x0000f45d96ddeab8
248138.0,3749240,python,[JIT],0x0000ee2d4ca5504c
248138.0,3749240,python,[JIT],0x0000ee2d4d0ed818
248138.0,3749240,python,[JIT],0x0000ee2d4d2bebd4
248138.0,3749240,python,[JIT],0x0000ee2d4d2fcc24
248138.0,3749240,python,[JIT],0x0000ee2d4d2fcef8
248138.0,3749383,python,[JIT],0x0000ef595c1f3230
248138.0,3749543,python,[JIT],0x0000f0a3d1c9f5bc
248138.0,3749543,python,[JIT],0x0000f0a3d1cd549c
248138.0,3749336,python,[JIT],0x0000e82e995fd8c4
248138.0,3749463,python,[JIT],0x0000e07d3f09c608
248138.0,3749463,python,[JIT],0x0000e07d3f09c9c4
248138.0,3749463,python,[JIT],0x0000e07d3f6f55a8
248138.0,3749463,python,[JIT],0x0000e07d3f93154c
248138.0,3749463,python,[JIT],0x0000e07d3f935230
248138.0,3749463,python,[JIT],0x0000e07d3f93b19c
248138.0,3749463,python,[JIT],0x0000e07d3f9e1b20
248138.0,3749463,python,[JIT],0x0000e07d3f9e1e14
248138.0,3749463,python,[JIT],0x0000e07d3f9e39ac
248137.0,3749208,python,[JIT],0x0000e7243bf11e38
248137.0,3749208,python,[JIT],0x0000e7243bfb9ea0
248137.0,3749208,python,[JIT],0x0000e7243c4ec5b8
248137.0,3749208,python,[JIT],0x0000e7243c801078
248137.0,3749208,python,[JIT],0x0000e7243c80528c
248137.0,3749208,python,[JIT],0x0000e7243c80c1a4
248137.0,3749208,python,[JIT],0x0000e7243c8b35d0
248137.0,3749208,python,[JIT],0x0000e7243c8b4854
248137.0,3749586,python,[JIT],0x0000f45d96541008
248137.0,3749586,python,[JIT],0x0000f45d96572d50
248137.0,3749586,python,[JIT],0x0000f45d96af8464
248137.0,3749240,python,[JIT],0x0000ee2d4c9f74fc
248137.0,3749240,python,[JIT],0x0000ee2d4ca212a0
248137.0,3749240,python,[JIT],0x0000ee2d4ca559a4
248137.0,3749240,python,[JIT],0x0000ee2d4ca5a310
248137.0,3749240,python,[JIT],0x0000ee2d4d0f2480
248137.0,3749240,python,[JIT],0x0000ee2d4d0f2bc8
248137.0,3749240,python,[JIT],0x0000ee2d4d0fc34c
248137.0,3749240,python,[JIT],0x0000ee2d4d2f9ad8
248137.0,3749240,python,[JIT],0x0000ee2d4d2fca3c
248137.0,3749240,python,[JIT],0x0000ee2d4d2fcea8
248137.0,3749240,python,[JIT],0x0000ee2d4d3a50c0
248137.0,3749383,python,[JIT],0x0000ef595beed028
248137.0,3749543,python,python,slot_tp_init
248137.0,3749543,python,[JIT],0x0000f0a3d1973af8
248137.0,3749543,python,[JIT],0x0000f0a3d1d87534
248137.0,3749463,python,[JIT],0x0000e07d3f06b538
248137.0,3749463,python,[JIT],0x0000e07d3f094608
248137.0,3749463,python,[JIT],0x0000e07d3f6fd1a4
248137.0,3749463,python,[JIT],0x0000e07d3f93a298
248137.0,3749463,python,[JIT],0x0000e07d3f9e1ba8
248136.0,3749208,python,[JIT],0x0000e7243beec4b8
248136.0,3749208,python,[JIT],0x0000e7243bfbb1ac
248136.0,3749208,python,[JIT],0x0000e7243c7cf018
248136.0,3749208,python,[JIT],0x0000e7243c805528
248136.0,3749208,python,[JIT],0x0000e7243c807378
248136.0,3749208,python,[JIT],0x0000e7243c8093b0
248136.0,3749208,python,[JIT],0x0000e7243c80cd5c
248136.0,3749208,python,[JIT],0x0000e7243c80e0ec
248136.0,3749208,python,[JIT],0x0000e7243c8b45b0
248136.0,3749586,python,[JIT],0x0000f45d964e6efc
248136.0,3749586,python,[JIT],0x0000f45d96549a4c
248136.0,3749586,python,[JIT],0x0000f45d96572614
248136.0,3749586,python,[JIT],0x0000f45d96ddeee0
248136.0,3749586,python,[JIT],0x0000f45d96ec382c
248136.0,3749240,python,[JIT],0x0000ee2d4c9face8
248136.0,3749240,python,[JIT],0x0000ee2d4d0f25f0
248136.0,3749240,python,[JIT],0x0000ee2d4d0f474c
248136.0,3749240,python,[JIT],0x0000ee2d4d0f90bc
248136.0,3749240,python,[JIT],0x0000ee2d4d0fab8c
248136.0,3749240,python,[JIT],0x0000ee2d4d2f77fc
248136.0,3749240,python,[JIT],0x0000ee2d4d2fc068
248136.0,3749543,python,[JIT],0x0000f0a3d139edc8
248136.0,3749543,python,[JIT],0x0000f0a3d13c3f24
248136.0,3749543,python,[JIT],0x0000f0a3d13fe9b4
248136.0,3749463,python,[JIT],0x0000e07d3f0d66c4
248136.0,3749463,python,[JIT],0x0000e07d3f6fc9d0
248136.0,3749463,python,[JIT],0x0000e07d3f6fd2e4
248136.0,3749463,python,[JIT],0x0000e07d3f937004
248136.0,3749463,python,[JIT],0x0000e07d3f93f0e4
248136.0,3749463,python,[JIT],0x0000e07d3f9e1784
248136.0,3749463,python,[JIT],0x0000e07d3f9e1f6c
248136.0,3749463,python,[JIT],0x0000e07d3f9e2240
248135.0,3749208,python,[JIT],0x0000e7243bee6058
248135.0,3749208,python,[JIT],0x0000e7243bf4eac8
248135.0,3749208,python,[JIT],0x0000e7243bf76a50
248135.0,3749586,python,[JIT],0x0000f45d96517640
248135.0,3749586,python,[JIT],0x0000f45d96572814
248135.0,3749586,python,[JIT],0x0000f45d96572dac
248135.0,3749586,python,[JIT],0x0000f45d96aeb1a0
248135.0,3749586,python,[JIT],0x0000f45d96e110ec
248135.0,3749586,python,[JIT],0x0000f45d96ec2980
248135.0,3749240,python,[JIT],0x0000ee2d4c9ce5a8
248135.0,3749240,python,[JIT],0x0000ee2d4ca21320
248135.0,3749240,python,[JIT],0x0000ee2d4ca5119c
248135.0,3749240,python,[JIT],0x0000ee2d4ca59e80
248135.0,3749240,python,[JIT],0x0000ee2d4ca91294
248135.0,3749240,python,[JIT],0x0000ee2d4ca93564
248135.0,3749240,python,[JIT],0x0000ee2d4d0ed28c
248135.0,3749240,python,[JIT],0x0000ee2d4d0f9234
248135.0,3749240,python,[JIT],0x0000ee2d4d2f280c
248135.0,3749240,python,[JIT],0x0000ee2d4d2f70f4
248135.0,3749240,python,[JIT],0x0000ee2d4d2fd110
248135.0,3749543,python,[JIT],0x0000f0a3d1cd9660
248135.0,3749336,python,[JIT],0x0000e82e9955811c
248135.0,3749463,python,[JIT],0x0000e07d3f093148
248135.0,3749463,python,[JIT],0x0000e07d3f6fdca4
248135.0,3749463,python,[JIT],0x0000e07d3f93be9c
248135.0,3749463,python,[JIT],0x0000e07d3f93d008
248134.0,3749208,python,[JIT],0x0000e7243bf7200c
248134.0,3749208,python,[JIT],0x0000e7243bf76470
248134.0,3749208,python,[JIT],0x0000e7243bfb9678
248134.0,3749208,python,[JIT],0x0000e7243c4ee5a8
248134.0,3749208,python,[JIT],0x0000e7243c801174
248134.0,3749208,python,[JIT],0x0000e7243c8051b4
248134.0,3749208,python,[JIT],0x0000e7243c805268
248134.0,3749208,python,[JIT],0x0000e7243c8056b8
248134.0,3749208,python,[JIT],0x0000e7243c8081b8
248134.0,3749208,python,[JIT],0x0000e7243c80c300
248134.0,3749208,python,[JIT],0x0000e7243c8b49e0
248134.0,3749586,python,[JIT],0x0000f45d96af166c
248134.0,3749586,python,[JIT],0x0000f45d96e115a8
248134.0,3749586,python,[JIT],0x0000f45d96e1c09c
248134.0,3749586,python,[JIT],0x0000f45d96ec2270
248134.0,3749240,python,[JIT],0x0000ee2d4ca91a6c
248134.0,3749240,python,[JIT],0x0000ee2d4d2f168c
248134.0,3749240,python,[JIT],0x0000ee2d4d2f93f8
248134.0,3749240,python,[JIT],0x0000ee2d4d3a1200
248134.0,3749240,python,[JIT],0x0000ee2d4d3a1400
248134.0,3749543,python,[JIT],0x0000f0a3d1cd9328
248134.0,3749543,python,[JIT],0x0000f0a3d1d81328
248134.0,3749543,python,[JIT],0x0000f0a3d1d84de4
248134.0,3749543,python,[JIT],0x0000f0a3d1d8869c
248134.0,3749463,python,[JIT],0x0000e07d3f0d10e4
248134.0,3749463,python,[JIT],0x0000e07d3f0d4ce0
248134.0,3749463,python,[JIT],0x0000e07d3f6f581c
248134.0,3749463,python,[JIT],0x0000e07d3f6f8a90
248134.0,3749463,python,[JIT],0x0000e07d3f931218
248134.0,3749463,python,[JIT],0x0000e07d3f933e38
248134.0,3749463,python,[JIT],0x0000e07d3f934828
248134.0,3749463,python,[JIT],0x0000e07d3f9350ac
248134.0,3749463,python,[JIT],0x0000e07d3f9e5028
248133.0,3749208,python,[JIT],0x0000e7243c4ee40c
248133.0,3749208,python,[JIT],0x0000e7243c7ce318
248133.0,3749208,python,[JIT],0x0000e7243c7ce3a0
248133.0,3749208,python,[JIT],0x0000e7243c7ce760
248133.0,3749208,python,[JIT],0x0000e7243c8b31ac
248133.0,3749208,python,[JIT],0x0000e7243c8b43bc
248133.0,3749586,python,[JIT],0x0000f45d965b12b0
248133.0,3749586,python,[JIT],0x0000f45d96af80bc
248133.0,3749586,python,[JIT],0x0000f45d96e1c614
248133.0,3749240,python,[JIT],0x0000ee2d4d2fcfb0
248133.0,3749240,python,[JIT],0x0000ee2d4c9fa20c
248133.0,3749240,python,[JIT],0x0000ee2d4ca215a4
248133.0,3749240,python,[JIT],0x0000ee2d4ca5ddcc
248133.0,3749240,python,[JIT],0x0000ee2d4d0f3a08
248133.0,3749240,python,[JIT],0x0000ee2d4d0faad4
248133.0,3749240,python,[JIT],0x0000ee2d4d2fc6b0
248133.0,3749240,python,[JIT],0x0000ee2d4d2fca60
248133.0,3749240,python,[JIT],0x0000ee2d4d2fd544
248133.0,3749240,python,[JIT],0x0000ee2d4d2fd678
248133.0,3749383,python,[JIT],0x0000ef595beebc74
248133.0,3749463,python,[JIT],0x0000e07d3f0655d0
248133.0,3749463,python,[JIT],0x0000e07d3f068df8
248133.0,3749463,python,[JIT],0x0000e07d3f6fde20
248133.0,3749463,python,[JIT],0x0000e07d3f9358bc
248133.0,3749463,python,[JIT],0x0000e07d3f93b390
248133.0,3749463,python,[JIT],0x0000e07d3f93d084
248133.0,3749463,python,[JIT],0x0000e07d3f9e1170
248133.0,3749463,python,[JIT],0x0000e07d3f9e17d0
248132.0,3749208,python,[JIT],0x0000e7243bf72264
248132.0,3749208,python,[JIT],0x0000e7243bf72894
248132.0,3749208,python,[JIT],0x0000e7243c8b200c
248132.0,3749208,python,[JIT],0x0000e7243c8b3a60
248132.0,3749208,python,[JIT],0x0000e7243c8b3bc0
248132.0,3749586,python,[JIT],0x0000f45d9654c514
248132.0,3749586,python,[JIT],0x0000f45d96ec2774
248132.0,3749240,python,[JIT],0x0000ee2d4d2be09c
248132.0,3749240,python,[JIT],0x0000ee2d4d2beef4
248132.0,3749240,python,[JIT],0x0000ee2d4d2fc1ac
248132.0,3749240,python,[JIT],0x0000ee2d4d2fc290
248132.0,3749336,python,[JIT],0x0000e82e9952d38c
248132.0,3749543,python,[JIT],0x0000f0a3d1d8117c
248132.0,3749463,python,python,listiter_next
248132.0,3749463,python,[JIT],0x0000e07d3f002670
248132.0,3749463,python,[JIT],0x0000e07d3f09eb00
248132.0,3749463,python,[JIT],0x0000e07d3f0d6af4
248132.0,3749463,python,[JIT],0x0000e07d3f6f5990
248132.0,3749463,python,[JIT],0x0000e07d3f6fd148
248132.0,3749463,python,[JIT],0x0000e07d3f6fd314
248132.0,3749463,python,[JIT],0x0000e07d3f6fdcb0
248132.0,3749463,python,[JIT],0x0000e07d3f8fe558
248132.0,3749463,python,[JIT],0x0000e07d3f9e11fc
248132.0,3749463,python,[JIT],0x0000e07d3f9e2824
248131.0,3749208,python,[JIT],0x0000e7243bee5784
248131.0,3749208,python,[JIT],0x0000e7243bfba0f4
248131.0,3749208,python,[JIT],0x0000e7243c4ee000
248131.0,3749208,python,[JIT],0x0000e7243c807248
248131.0,3749586,python,[JIT],0x0000f45d96aee2c4
248131.0,3749586,python,[JIT],0x0000f45d96e1c0a4
248131.0,3749586,python,[JIT],0x0000f45d96e1d33c
248131.0,3749240,python,[JIT],0x0000ee2d4d2fc7a4
248131.0,3749240,python,[JIT],0x0000ee2d4ca270b8
248131.0,3749240,python,[JIT],0x0000ee2d4ca91b44
248131.0,3749240,python,[JIT],0x0000ee2d4d0f170c
248131.0,3749240,python,[JIT],0x0000ee2d4d0f30b8
248131.0,3749240,python,[JIT],0x0000ee2d4d0f9588
248131.0,3749240,python,[JIT],0x0000ee2d4d2f11a4
248131.0,3749240,python,[JIT],0x0000ee2d4d2f1abc
248131.0,3749240,python,[JIT],0x0000ee2d4d2fcaf4
248131.0,3749240,python,[JIT],0x0000ee2d4d2ff3dc
248131.0,3749383,python,python,_PyJIT_Compile
248131.0,3749383,python,[JIT],0x0000ef595b8ff5a8
248131.0,3749543,python,[kernel.kallsyms],__pi_clear_page
248131.0,3749543,python,[JIT],0x0000f0a3d1934b6c
248131.0,3749336,python,[JIT],0x0000e82e995fe0ec
248131.0,3749463,python,python,unicode_compare
248131.0,3749463,python,[JIT],0x0000e07d3f6ee800
248131.0,3749463,python,[JIT],0x0000e07d3f931644
248131.0,3749463,python,[JIT],0x0000e07d3f93c6f0
248131.0,3749463,python,[JIT],0x0000e07d3f9e1710
248131.0,3749463,python,[JIT],0x0000e07d3f9e1898
248130.0,3749208,python,[JIT],0x0000e7243beb6120
248130.0,3749208,python,[JIT],0x0000e7243bf4c044
248130.0,3749208,python,[JIT],0x0000e7243bfbb780
248130.0,3749208,python,[JIT],0x0000e7243c80270c
248130.0,3749208,python,[JIT],0x0000e7243c8040e8
248130.0,3749208,python,[JIT],0x0000e7243c805f0c
248130.0,3749208,python,[JIT],0x0000e7243c8071f0
248130.0,3749586,python,[JIT],0x0000f45d965796ac
248130.0,3749586,python,[JIT],0x0000f45d965799f4
248130.0,3749240,python,[JIT],0x0000ee2d4c9c425c
248130.0,3749240,python,[JIT],0x0000ee2d4c9ce158
248130.0,3749240,python,[JIT],0x0000ee2d4ca21230
248130.0,3749240,python,[JIT],0x0000ee2d4d2f273c
248130.0,3749240,python,[JIT],0x0000ee2d4d2fc260
248130.0,3749543,python,[JIT],0x0000f0a3d190634c
248130.0,3749543,python,[JIT],0x0000f0a3d1935be4
248130.0,3749463,python,[JIT],0x0000e07d3f03976c
248130.0,3749463,python,[JIT],0x0000e07d3f068248
248130.0,3749463,python,[JIT],0x0000e07d3f6f53c8
248130.0,3749463,python,[JIT],0x0000e07d3f6fd02c
248130.0,3749463,python,[JIT],0x0000e07d3f931518
248130.0,3749463,python,[JIT],0x0000e07d3f9e5970
248129.0,3749208,python,[JIT],0x0000e7243bf7207c
248129.0,3749208,python,[JIT],0x0000e7243bf74304
248129.0,3749208,python,[JIT],0x0000e7243c4ee318
248129.0,3749208,python,[JIT],0x0000e7243c8078b4
248129.0,3749208,python,[JIT],0x0000e7243c808af8
248129.0,3749208,python,[JIT],0x0000e7243c80c440
248129.0,3749208,python,[JIT],0x0000e7243c8b30bc
248129.0,3749208,python,[JIT],0x0000e7243c8b37ec
248129.0,3749208,python,[JIT],0x0000e7243c8b3eb8
248129.0,3749586,python,[JIT],0x0000f45d9654e0c0
248129.0,3749586,python,[JIT],0x0000f45d9657b2d0
248129.0,3749586,python,[JIT],0x0000f45d9657c5f4
248129.0,3749586,python,[JIT],0x0000f45d9657c644
248129.0,3749586,python,[JIT],0x0000f45d96e195e8
248129.0,3749586,python,[JIT],0x0000f45d96ec1008
248129.0,3749586,python,[JIT],0x0000f45d96ec121c
248129.0,3749240,python,python,set_richcompare
248129.0,3749240,python,[JIT],0x0000ee2d4c9fa2d4
248129.0,3749240,python,[JIT],0x0000ee2d4ca5abf4
248129.0,3749240,python,[JIT],0x0000ee2d4d0fa640
248129.0,3749240,python,[JIT],0x0000ee2d4d0ff1ec
248129.0,3749240,python,[JIT],0x0000ee2d4d2bea48
248129.0,3749240,python,[JIT],0x0000ee2d4d2f2134
248129.0,3749240,python,[JIT],0x0000ee2d4d3a1128
248129.0,3749240,python,[JIT],0x0000ee2d4d3a29e8
248129.0,3749543,python,[JIT],0x0000f0a3d1cd25d0
248129.0,3749463,python,[JIT],0x0000e07d3f0990d8
248129.0,3749463,python,[JIT],0x0000e07d3f6f55fc
248129.0,3749463,python,[JIT],0x0000e07d3f8fe5bc
248129.0,3749463,python,[JIT],0x0000e07d3f933af8
248129.0,3749463,python,[JIT],0x0000e07d3f93d308
248129.0,3749463,python,[JIT],0x0000e07d3f9e1540
248128.0,3749208,python,[JIT],0x0000e7243bf49570
248128.0,3749208,python,[JIT],0x0000e7243c801178
248128.0,3749208,python,[JIT],0x0000e7243c8024d0
248128.0,3749208,python,[JIT],0x0000e7243c8050cc
248128.0,3749208,python,[JIT],0x0000e7243c8051f0
248128.0,3749586,python,[JIT],0x0000f45d96511004
248128.0,3749586,python,[JIT],0x0000f45d96518360
248128.0,3749586,python,[JIT],0x0000f45d9657de94
248128.0,3749586,python,[JIT],0x0000f45d965b902c
248128.0,3749586,python,[JIT],0x0000f45d96ddee5c
248128.0,3749240,python,[JIT],0x0000ee2d4ca2a204
248128.0,3749240,python,[JIT],0x0000ee2d4ca5548c
248128.0,3749240,python,[JIT],0x0000ee2d4d2f9250
248128.0,3749240,python,[JIT],0x0000ee2d4d3a102c
248128.0,3749463,python,[JIT],0x0000e07d3f069304
248128.0,3749463,python,[JIT],0x0000e07d3f09d368
248128.0,3749463,python,[JIT],0x0000e07d3f6f65d0
248128.0,3749463,python,[JIT],0x0000e07d3f936720
248127.0,3749208,python,[JIT],0x0000e7243bf1622c
248127.0,3749208,python,[JIT],0x0000e7243bf4a244
248127.0,3749208,python,[JIT],0x0000e7243bf4c060
248127.0,3749208,python,[JIT],0x0000e7243c7ce460
248127.0,3749208,python,[JIT],0x0000e7243c807088
248127.0,3749208,python,[JIT],0x0000e7243c8076cc
248127.0,3749586,python,[kernel.kallsyms],kmem_cache_alloc
248127.0,3749586,python,[JIT],0x0000f45d9651858c
248127.0,3749586,python,[JIT],0x0000f45d965bacc0
248127.0,3749586,python,[JIT],0x0000f45d965bb3ec
248127.0,3749586,python,[JIT],0x0000f45d96aed00c
248127.0,3749586,python,[JIT],0x0000f45d96e1c5a0
248127.0,3749586,python,[JIT],0x0000f45d96ec11f0
248127.0,3749586,python,[JIT],0x0000f45d96ec26e8
248127.0,3749240,python,[JIT],0x0000ee2d4c9f71b8
248127.0,3749240,python,[JIT],0x0000ee2d4c9f8534
248127.0,3749240,python,[JIT],0x0000ee2d4ca5b094
248127.0,3749240,python,[JIT],0x0000ee2d4d0f13fc
248127.0,3749240,python,[JIT],0x0000ee2d4d2be6ac
248127.0,3749240,python,[JIT],0x0000ee2d4d3a3470
248127.0,3749383,python,[JIT],0x0000ef595c143874
248127.0,3749543,python,[JIT],0x0000f0a3d1cd23a0
248127.0,3749543,python,[JIT],0x0000f0a3d1cdc664
248127.0,3749336,python,[JIT],0x0000e82e99e412a0
248127.0,3749336,python,[JIT],0x0000e82e99e47470
248127.0,3749463,python,[JIT],0x0000e07d3f0d6140
248127.0,3749463,python,[JIT],0x0000e07d3f9314dc
248126.0,3749208,python,[JIT],0x0000e7243bf74ed8
248126.0,3749208,python,[JIT],0x0000e7243bf78668
248126.0,3749208,python,[JIT],0x0000e7243bfb98fc
248126.0,3749208,python,[JIT],0x0000e7243bfb9a24
248126.0,3749208,python,[JIT],0x0000e7243c805140
248126.0,3749208,python,[JIT],0x0000e7243c80726c
248126.0,3749586,python,[JIT],0x0000f45d965493cc
248126.0,3749586,python,[JIT],0x0000f45d96ec2d70
248126.0,3749586,python,[JIT],0x0000f45d96ef1014
248126.0,3749240,python,[JIT],0x0000ee2d4ca591d4
248126.0,3749240,python,[JIT],0x0000ee2d4d0f6628
248126.0,3749240,python,[JIT],0x0000ee2d4d2be688
248126.0,3749240,python,[JIT],0x0000ee2d4d2f2a00
248126.0,3749543,python,[JIT],0x0000f0a3d18f60f0
248126.0,3749543,python,[JIT],0x0000f0a3d1d8c384
248126.0,3749463,python,[JIT],0x0000e07d3f065298
248126.0,3749463,python,[JIT],0x0000e07d3f096c44
248126.0,3749463,python,[JIT],0x0000e07d3f09c284
248126.0,3749463,python,[JIT],0x0000e07d3f09e354
248125.0,3749208,python,[JIT],0x0000e7243bf11808
248125.0,3749208,python,[JIT],0x0000e7243bf422a0
248125.0,3749208,python,[JIT],0x0000e7243bf76af4
248125.0,3749208,python,[JIT],0x0000e7243bfb204c
248125.0,3749208,python,[JIT],0x0000e7243bfb40f4
248125.0,3749208,python,[JIT],0x0000e7243c7ce064
248125.0,3749208,python,[JIT],0x0000e7243c805214
248125.0,3749208,python,[JIT],0x0000e7243c8b33e8
248125.0,3749208,python,[JIT],0x0000e7243c8b433c
248125.0,3749208,python,[JIT],0x0000e7243c8b4720
248125.0,3749586,python,[JIT],0x0000f45d965410dc
248125.0,3749586,python,[JIT],0x0000f45d96571200
248125.0,3749586,python,[JIT],0x0000f45d965b9f44
248125.0,3749586,python,[JIT],0x0000f45d96e1d048
248125.0,3749240,python,[JIT],0x0000ee2d4ca52d40
248125.0,3749240,python,[JIT],0x0000ee2d4d0f2c30
248125.0,3749240,python,[JIT],0x0000ee2d4d2f7e2c
248125.0,3749543,python,[JIT],0x0000f0a3d193dd80
248125.0,3749336,python,[JIT],0x0000e82e99ef105c
248125.0,3749463,python,[JIT],0x0000e07d3f099b1c
248125.0,3749463,python,[JIT],0x0000e07d3f0d5abc
248125.0,3749463,python,[JIT],0x0000e07d3f6fd838
248125.0,3749463,python,[JIT],0x0000e07d3f93d2ac
248124.0,3749208,python,[JIT],0x0000e7243bf49668
248124.0,3749208,python,[JIT],0x0000e7243bf74d94
248124.0,3749208,python,[JIT],0x0000e7243bfb2354
248124.0,3749208,python,[JIT],0x0000e7243c8b7248
248124.0,3749208,python,[JIT],0x0000e7243c8b7274
248124.0,3749208,python,[JIT],0x0000e7243c8b785c
248124.0,3749240,python,[JIT],0x0000ee2d4ca915c4
248124.0,3749240,python,[JIT],0x0000ee2d4d0f2b34
248124.0,3749240,python,[JIT],0x0000ee2d4d0f3788
248124.0,3749240,python,[JIT],0x0000ee2d4d2ff0b0
248124.0,3749543,python,[JIT],0x0000f0a3d1d8841c
248124.0,3749543,python,[JIT],0x0000f0a3d1d88750
248124.0,3749336,python,[JIT],0x0000e82e995bc258
248124.0,3749336,python,[JIT],0x0000e82e99e44190
248124.0,3749463,python,[JIT],0x0000e07d3f6fdb8c
248124.0,3749463,python,[JIT],0x0000e07d3f933664
248124.0,3749463,python,[JIT],0x0000e07d3f93b858
248124.0,3749463,python,[JIT],0x0000e07d3f9e2248
248123.0,3749208,python,[JIT],0x0000e7243bebbad4
248123.0,3749208,python,[JIT],0x0000e7243bf1a000
248123.0,3749208,python,[JIT],0x0000e7243bf76e40
248123.0,3749208,python,[JIT],0x0000e7243c8078dc
248123.0,3749208,python,[JIT],0x0000e7243c80b890
248123.0,3749208,python,[JIT],0x0000e7243c80e0b4
248123.0,3749586,python,[JIT],0x0000f45d96e12694
248123.0,3749586,python,[JIT],0x0000f45d96e1915c
248123.0,3749240,python,[JIT],0x0000ee2d4ca91694
248123.0,3749240,python,[JIT],0x0000ee2d4d0eb7fc
248123.0,3749240,python,[JIT],0x0000ee2d4d0fd528
248123.0,3749543,python,[JIT],0x0000f0a3d18ed9b8
248123.0,3749543,python,[JIT],0x0000f0a3d19047ec
248123.0,3749336,python,[JIT],0x0000e82e995fc3ec
248123.0,3749463,python,[JIT],0x0000e07d3f6ee1a4
248123.0,3749463,python,[JIT],0x0000e07d3f6fd9d8
248123.0,3749463,python,[JIT],0x0000e07d3f8fe8f4
248123.0,3749463,python,[JIT],0x0000e07d3f93337c
248123.0,3749463,python,[JIT],0x0000e07d3f935db8
248123.0,3749463,python,[JIT],0x0000e07d3f936fe4
248123.0,3749463,python,[JIT],0x0000e07d3f9e1354
248123.0,3749463,python,[JIT],0x0000e07d3f9e1878
248122.0,3749208,python,python,_Py_uop_frame_new
248122.0,3749208,python,[JIT],0x0000e7243bf16138
248122.0,3749208,python,[JIT],0x0000e7243bf4cd44
248122.0,3749208,python,[JIT],0x0000e7243bf7663c
248122.0,3749208,python,[JIT],0x0000e7243bfb9928
248122.0,3749208,python,[JIT],0x0000e7243c805180
248122.0,3749208,python,[JIT],0x0000e7243c8b155c
248122.0,3749208,python,[JIT],0x0000e7243c8b3920
248122.0,3749586,python,[JIT],0x0000f45d964e105c
248122.0,3749586,python,[JIT],0x0000f45d96547210
248122.0,3749586,python,[JIT],0x0000f45d96ec1578
248122.0,3749586,python,[JIT],0x0000f45d96ec50b4
248122.0,3749240,python,[JIT],0x0000ee2d4d2fcef0
248122.0,3749240,python,[JIT],0x0000ee2d4c9979f0
248122.0,3749240,python,[JIT],0x0000ee2d4c9c9dfc
248122.0,3749240,python,[JIT],0x0000ee2d4c9f7ac0
248122.0,3749240,python,[JIT],0x0000ee2d4ca562b0
248122.0,3749240,python,[JIT],0x0000ee2d4d0f3844
248122.0,3749240,python,[JIT],0x0000ee2d4d0f9584
248122.0,3749543,python,[JIT],0x0000f0a3d18ed2bc
248122.0,3749543,python,[JIT],0x0000f0a3d1d84144
248122.0,3749336,python,python,_PyJit_translate_single_bytecode_to_trace
248122.0,3749336,python,[JIT],0x0000e82e9952d178
248122.0,3749463,python,[JIT],0x0000e07d3f066388
248122.0,3749463,python,[JIT],0x0000e07d3f09c540
248122.0,3749463,python,[JIT],0x0000e07d3f936010
248122.0,3749463,python,[JIT],0x0000e07d3f9e223c
248122.0,3749463,python,[JIT],0x0000e07d3f9e43d0
248121.0,3749208,python,[JIT],0x0000e7243bf4cd50
248121.0,3749208,python,[JIT],0x0000e7243bf4d0c0
248121.0,3749208,python,[JIT],0x0000e7243bfba7dc
248121.0,3749208,python,[JIT],0x0000e7243c7ce378
248121.0,3749208,python,[JIT],0x0000e7243c8026ec
248121.0,3749208,python,[JIT],0x0000e7243c8041fc
248121.0,3749586,python,[JIT],0x0000f45d964e3b0c
248121.0,3749586,python,[JIT],0x0000f45d965472cc
248121.0,3749586,python,[JIT],0x0000f45d965725b4
248121.0,3749586,python,[JIT],0x0000f45d965ba514
248121.0,3749586,python,[JIT],0x0000f45d96e128c8
248121.0,3749240,python,python,dict_iter
248121.0,3749240,python,[JIT],0x0000ee2d4d2f22dc
248121.0,3749240,python,[JIT],0x0000ee2d4d2f2950
248121.0,3749543,python,[JIT],0x0000f0a3d18fc1a4
248121.0,3749543,python,[JIT],0x0000f0a3d1d8c400
248121.0,3749463,python,python,PyTuple_FromArray.part.0
248121.0,3749463,python,[JIT],0x0000e07d3f03a30c
248121.0,3749463,python,[JIT],0x0000e07d3f0d2694
248121.0,3749463,python,[JIT],0x0000e07d3f6f4140
248121.0,3749463,python,[JIT],0x0000e07d3f9350b4
248120.0,3749208,python,[JIT],0x0000e7243beb6044
248120.0,3749208,python,[JIT],0x0000e7243bf16470
248120.0,3749208,python,[JIT],0x0000e7243bf19a64
248120.0,3749208,python,[JIT],0x0000e7243bf753e0
248120.0,3749208,python,[JIT],0x0000e7243c7ce65c
248120.0,3749208,python,[JIT],0x0000e7243c8051c0
248120.0,3749240,python,[JIT],0x0000ee2d4ca5deec
248120.0,3749240,python,[JIT],0x0000ee2d4d0f34dc
248120.0,3749383,python,[JIT],0x0000ef595c14b094
248120.0,3749543,python,[JIT],0x0000f0a3d13fbb6c
248120.0,3749543,python,[JIT],0x0000f0a3d18ee59c
248120.0,3749543,python,[JIT],0x0000f0a3d1d8ce58
248120.0,3749336,python,[JIT],0x0000e82e995253d4
248120.0,3749336,python,[JIT],0x0000e82e995fc500
248120.0,3749463,python,[JIT],0x0000e07d3f09305c
248120.0,3749463,python,[JIT],0x0000e07d3f099f1c
248120.0,3749463,python,[JIT],0x0000e07d3f6fc41c
248120.0,3749463,python,[JIT],0x0000e07d3f6fd214
248120.0,3749463,python,[JIT],0x0000e07d3f932040
248119.0,3749208,python,[JIT],0x0000e7243be8e67c
248119.0,3749208,python,[JIT],0x0000e7243bf4a1b8
248119.0,3749208,python,[JIT],0x0000e7243bfba8b4
248119.0,3749208,python,[JIT],0x0000e7243c804200
248119.0,3749208,python,[JIT],0x0000e7243c805ca8
248119.0,3749208,python,[JIT],0x0000e7243c8b115c
248119.0,3749208,python,[JIT],0x0000e7243c8b33f4
248119.0,3749208,python,[JIT],0x0000e7243c8b4a70
248119.0,3749586,python,python,PySlice_AdjustIndices
248119.0,3749586,python,[JIT],0x0000f45d96517320
248119.0,3749586,python,[JIT],0x0000f45d96571418
248119.0,3749586,python,[JIT],0x0000f45d96575318
248119.0,3749586,python,[JIT],0x0000f45d96576d8c
248119.0,3749586,python,[JIT],0x0000f45d96579aac
248119.0,3749586,python,[JIT],0x0000f45d96e12f6c
248119.0,3749586,python,[JIT],0x0000f45d96ec14b0
248119.0,3749586,python,[JIT],0x0000f45d96ec38c0
248119.0,3749336,python,[JIT],0x0000e82e9952d15c
248119.0,3749336,python,[JIT],0x0000e82e99e0f214
248119.0,3749463,python,[JIT],0x0000e07d3f096a3c
248119.0,3749463,python,[JIT],0x0000e07d3f0d6df0
248119.0,3749463,python,[JIT],0x0000e07d3f6fc08c
248119.0,3749463,python,[JIT],0x0000e07d3f93d370
248119.0,3749463,python,[JIT],0x0000e07d3f9e18cc
248119.0,3749463,python,[JIT],0x0000e07d3f9e40a0
248118.0,3749208,python,[JIT],0x0000e7243bf49560
248118.0,3749208,python,[JIT],0x0000e7243bf4c13c
248118.0,3749208,python,[JIT],0x0000e7243bf75c08
248118.0,3749208,python,[JIT],0x0000e7243bfb9d04
248118.0,3749208,python,[JIT],0x0000e7243bfb9e3c
248118.0,3749208,python,[JIT],0x0000e7243c8020d8
248118.0,3749208,python,[JIT],0x0000e7243c8054e4
248118.0,3749208,python,[JIT],0x0000e7243c80cd24
248118.0,3749586,python,[JIT],0x0000f45d965b5318
248118.0,3749586,python,[JIT],0x0000f45d96af03bc
248118.0,3749586,python,[JIT],0x0000f45d96af1400
248118.0,3749586,python,[JIT],0x0000f45d96ec2918
248118.0,3749586,python,[JIT],0x0000f45d96e19244
248118.0,3749240,python,[JIT],0x0000ee2d4c9f40a8
248118.0,3749240,python,[JIT],0x0000ee2d4ca5c9b0
248118.0,3749240,python,[JIT],0x0000ee2d4d0f14a0
248118.0,3749240,python,[JIT],0x0000ee2d4d0f9220
248118.0,3749240,python,[JIT],0x0000ee2d4d0fa8e0
248118.0,3749543,python,[JIT],0x0000f0a3d1c9f730
248118.0,3749463,python,[JIT],0x0000e07d3f6f45dc
248118.0,3749463,python,[JIT],0x0000e07d3f935068
248118.0,3749463,python,[JIT],0x0000e07d3f93db78
248118.0,3749463,python,[JIT],0x0000e07d3f9e5490
248117.0,3749208,python,[JIT],0x0000e7243bfbc370
248117.0,3749208,python,[JIT],0x0000e7243c80c194
248117.0,3749208,python,[JIT],0x0000e7243c80c2a0
248117.0,3749208,python,[JIT],0x0000e7243c8b4340
248117.0,3749586,python,[JIT],0x0000f45d965b7214
248117.0,3749586,python,[JIT],0x0000f45d96e19574
248117.0,3749240,python,[JIT],0x0000ee2d4c9cebc0
248117.0,3749240,python,[JIT],0x0000ee2d4ca5804c
248117.0,3749240,python,[JIT],0x0000ee2d4ca594fc
248117.0,3749240,python,[JIT],0x0000ee2d4ca59e00
248117.0,3749240,python,[JIT],0x0000ee2d4ca5a190
248117.0,3749240,python,[JIT],0x0000ee2d4d0f1564
248117.0,3749240,python,[JIT],0x0000ee2d4d0f67e0
248117.0,3749240,python,[JIT],0x0000ee2d4d0fa68c
248117.0,3749240,python,[JIT],0x0000ee2d4d2bee98
248117.0,3749240,python,[JIT],0x0000ee2d4d2f12f0
248117.0,3749240,python,[JIT],0x0000ee2d4d2fc080
248117.0,3749240,python,[JIT],0x0000ee2d4d2fc32c
248117.0,3749240,python,[JIT],0x0000ee2d4d2fca50
248117.0,3749240,python,[JIT],0x0000ee2d4d2fcf70
248117.0,3749463,python,[JIT],0x0000e07d3f094568
248117.0,3749463,python,[JIT],0x0000e07d3f09e0f8
248117.0,3749463,python,[JIT],0x0000e07d3f933028
248117.0,3749463,python,[JIT],0x0000e07d3f93a0e4
248116.0,3749208,python,[JIT],0x0000e7243bfb96e4
248116.0,3749208,python,[JIT],0x0000e7243bfba260
248116.0,3749208,python,[JIT],0x0000e7243c805598
248116.0,3749208,python,[JIT],0x0000e7243c805928
248116.0,3749208,python,[JIT],0x0000e7243c8090a0
248116.0,3749208,python,[JIT],0x0000e7243c8b359c
248116.0,3749586,python,[JIT],0x0000f45d964b5ac8
248116.0,3749586,python,[JIT],0x0000f45d96af1f64
248116.0,3749240,python,[JIT],0x0000ee2d4d0eb110
248116.0,3749240,python,[JIT],0x0000ee2d4d0f1530
248116.0,3749383,python,python,_PyFunction_Vectorcall
248116.0,3749383,python,[JIT],0x0000ef595beed368
248116.0,3749543,python,[JIT],0x0000f0a3d139e658
248116.0,3749543,python,[JIT],0x0000f0a3d1d8c38c
248116.0,3749336,python,[JIT],0x0000e82e99556594
248116.0,3749463,python,[JIT],0x0000e07d3f6f69bc
248116.0,3749463,python,[JIT],0x0000e07d3f933ab0
248115.0,3749208,python,[JIT],0x0000e7243beb6310
248115.0,3749208,python,[JIT],0x0000e7243c4ee008
248115.0,3749208,python,[JIT],0x0000e7243c80c3cc
248115.0,3749208,python,[JIT],0x0000e7243c8b8c5c
248115.0,3749240,python,[JIT],0x0000ee2d4c9959d8
248115.0,3749240,python,[JIT],0x0000ee2d4ca96088
248115.0,3749240,python,[JIT],0x0000ee2d4d0f91f0
248115.0,3749240,python,[JIT],0x0000ee2d4d2f134c
248115.0,3749240,python,[JIT],0x0000ee2d4d3a38f8
248115.0,3749543,python,[JIT],0x0000f0a3d1cdc7e4
248115.0,3749463,python,[JIT],0x0000e07d3f6ef230
248115.0,3749463,python,[JIT],0x0000e07d3f6f5928
248115.0,3749463,python,[JIT],0x0000e07d3f6f5a74
248115.0,3749463,python,[JIT],0x0000e07d3f8fe2b0
248115.0,3749463,python,[JIT],0x0000e07d3f935adc
248115.0,3749463,python,[JIT],0x0000e07d3f9e1480
248114.0,3749208,python,[JIT],0x0000e7243bf198ec
248114.0,3749208,python,[JIT],0x0000e7243bf4d1d8
248114.0,3749208,python,[JIT],0x0000e7243bfb9b50
248114.0,3749208,python,[JIT],0x0000e7243c805294
248114.0,3749208,python,[JIT],0x0000e7243c805b50
248114.0,3749208,python,[JIT],0x0000e7243c8b3534
248114.0,3749208,python,[JIT],0x0000e7243c8b3870
248114.0,3749208,python,[JIT],0x0000e7243c8b83c0
248114.0,3749586,python,python,PySequence_Tuple
248114.0,3749586,python,[JIT],0x0000f45d96517140
248114.0,3749240,python,[JIT],0x0000ee2d4c9c1684
248114.0,3749240,python,[JIT],0x0000ee2d4ca52118
248114.0,3749240,python,[JIT],0x0000ee2d4d0ed590
248114.0,3749240,python,[JIT],0x0000ee2d4d0f2208
248114.0,3749240,python,[JIT],0x0000ee2d4d2f1738
248114.0,3749240,python,[JIT],0x0000ee2d4d2f70d0
248114.0,3749543,python,[JIT],0x0000f0a3d1d84498
248114.0,3749463,python,[JIT],0x0000e07d3f0610f4
248114.0,3749463,python,[JIT],0x0000e07d3f065aa8
248114.0,3749463,python,[JIT],0x0000e07d3f0d4b5c
248114.0,3749463,python,[JIT],0x0000e07d3f6ee650
248114.0,3749463,python,[JIT],0x0000e07d3f6ee794
248113.0,3749208,python,[JIT],0x0000e7243bf1426c
248113.0,3749208,python,[JIT],0x0000e7243bf4c1f4
248113.0,3749208,python,[JIT],0x0000e7243c4ee22c
248113.0,3749208,python,[JIT],0x0000e7243c7ce9f0
248113.0,3749208,python,[JIT],0x0000e7243c8010dc
248113.0,3749208,python,[JIT],0x0000e7243c8073ac
248113.0,3749208,python,[JIT],0x0000e7243c807ef8
248113.0,3749586,python,[JIT],0x0000f45d96ec1448
248113.0,3749240,python,[JIT],0x0000ee2d4d2bec50
248113.0,3749240,python,[JIT],0x0000ee2d4d2fd820
248113.0,3749240,python,[JIT],0x0000ee2d4d3a2354
248113.0,3749543,python,[JIT],0x0000f0a3d18feb00
248113.0,3749463,python,python,PyType_GetModuleByDef
248113.0,3749463,python,[JIT],0x0000e07d3f0d5178
248112.0,3749208,python,[JIT],0x0000e7243bf49038
248112.0,3749208,python,[JIT],0x0000e7243bf4d0a8
248112.0,3749208,python,[JIT],0x0000e7243bfb5888
248112.0,3749208,python,[JIT],0x0000e7243c805f04
248112.0,3749208,python,[JIT],0x0000e7243c80c414
248112.0,3749586,python,libc.so.6,cfree@GLIBC_2.17
248112.0,3749586,python,[JIT],0x0000f45d96dde610
248112.0,3749240,python,[JIT],0x0000ee2d4ca5912c
248112.0,3749240,python,[JIT],0x0000ee2d4d0fa078
248112.0,3749240,python,[JIT],0x0000ee2d4d2fcc08
248112.0,3749240,python,[JIT],0x0000ee2d4d3a3568
248112.0,3749543,python,python,check_type_always_true
248112.0,3749543,python,[JIT],0x0000f0a3d1399060
248112.0,3749543,python,[JIT],0x0000f0a3d18ed8d4
248112.0,3749543,python,[JIT],0x0000f0a3d1d8c6d8
248112.0,3749336,python,[JIT],0x0000e82e995f85a8
248112.0,3749463,python,[JIT],0x0000e07d3f069220
248112.0,3749463,python,[JIT],0x0000e07d3f09e784
248112.0,3749463,python,[JIT],0x0000e07d3f6f0898
248112.0,3749463,python,[JIT],0x0000e07d3f9e1a74
248111.0,3749208,python,[JIT],0x0000e7243bf4c470
248111.0,3749208,python,[JIT],0x0000e7243bf4cbb8
248111.0,3749208,python,[JIT],0x0000e7243c801298
248111.0,3749208,python,[JIT],0x0000e7243c80551c
248111.0,3749208,python,[JIT],0x0000e7243c805d68
248111.0,3749208,python,[JIT],0x0000e7243c80766c
248111.0,3749208,python,[JIT],0x0000e7243c80e1ac
248111.0,3749586,python,[JIT],0x0000f45d9657cf3c
248111.0,3749586,python,[JIT],0x0000f45d96af4818
248111.0,3749240,python,python,list_to_tuple
248111.0,3749240,python,[JIT],0x0000ee2d4ca5cce8
248111.0,3749240,python,[JIT],0x0000ee2d4d0f395c
248111.0,3749240,python,[JIT],0x0000ee2d4d2f605c
248111.0,3749543,python,[JIT],0x0000f0a3d13f122c
248111.0,3749543,python,[JIT],0x0000f0a3d19046ec
248111.0,3749336,python,[JIT],0x0000e82e99f25484
248111.0,3749463,python,[JIT],0x0000e07d3efd844c
248111.0,3749463,python,[JIT],0x0000e07d3f09d734
248111.0,3749463,python,[JIT],0x0000e07d3f0d12b0
248111.0,3749463,python,[JIT],0x0000e07d3f6f4324
248111.0,3749463,python,[JIT],0x0000e07d3f9333f0
248111.0,3749463,python,[JIT],0x0000e07d3f9e5254
248110.0,3749208,python,[JIT],0x0000e7243bf49ec0
248110.0,3749208,python,[JIT],0x0000e7243bf751f0
248110.0,3749208,python,[JIT],0x0000e7243bf75cec
248110.0,3749208,python,[JIT],0x0000e7243c8050a8
248110.0,3749208,python,[JIT],0x0000e7243c8082d0
248110.0,3749208,python,[JIT],0x0000e7243c80e904
248110.0,3749208,python,[JIT],0x0000e7243c80e978
248110.0,3749586,python,[JIT],0x0000f45d964ee394
248110.0,3749586,python,[JIT],0x0000f45d96549ac8
248110.0,3749586,python,[JIT],0x0000f45d96af2a1c
248110.0,3749586,python,[JIT],0x0000f45d96af81b4
248110.0,3749240,python,[JIT],0x0000ee2d4d0fa390
248110.0,3749240,python,[JIT],0x0000ee2d4d0ec2a0
248110.0,3749240,python,[JIT],0x0000ee2d4d0f419c
248110.0,3749240,python,[JIT],0x0000ee2d4d2be5f4
248110.0,3749240,python,[JIT],0x0000ee2d4d2f7038
248110.0,3749240,python,[JIT],0x0000ee2d4d2fb128
248110.0,3749240,python,[JIT],0x0000ee2d4d2fc54c
248110.0,3749383,python,[JIT],0x0000ef595c142844
248110.0,3749543,python,[JIT],0x0000f0a3d13f9850
248110.0,3749543,python,[JIT],0x0000f0a3d18f63e8
248110.0,3749543,python,[JIT],0x0000f0a3d190c510
248110.0,3749543,python,[JIT],0x0000f0a3d1cd305c
248110.0,3749463,python,[JIT],0x0000e07d3f039194
248110.0,3749463,python,[JIT],0x0000e07d3f06da44
248110.0,3749463,python,[JIT],0x0000e07d3f6ee118
248109.0,3749208,python,[JIT],0x0000e7243bf4a034
248109.0,3749208,python,[JIT],0x0000e7243bf72b40
248109.0,3749208,python,[JIT],0x0000e7243bf76ee8
248109.0,3749208,python,[JIT],0x0000e7243c80896c
248109.0,3749208,python,[JIT],0x0000e7243c808f8c
248109.0,3749586,python,[JIT],0x0000f45d96afb000
248109.0,3749586,python,[JIT],0x0000f45d96e1c8b8
248109.0,3749240,python,[JIT],0x0000ee2d4ca29bf0
248109.0,3749240,python,[JIT],0x0000ee2d4d0ec88c
248109.0,3749240,python,[JIT],0x0000ee2d4d0f60dc
248109.0,3749240,python,[JIT],0x0000ee2d4d0f6198
248109.0,3749383,python,[JIT],0x0000ef595b8ff9dc
248109.0,3749543,python,[JIT],0x0000f0a3d1cdf894
248109.0,3749336,python,[JIT],0x0000e82e99ef588c
248109.0,3749463,python,[JIT],0x0000e07d3f0341e0
248109.0,3749463,python,[JIT],0x0000e07d3f93d400
248108.0,3749208,python,[JIT],0x0000e7243bebb35c
248108.0,3749208,python,[JIT],0x0000e7243bf1a194
248108.0,3749208,python,[JIT],0x0000e7243bfba128
248108.0,3749208,python,[JIT],0x0000e7243c4ec6a0
248108.0,3749208,python,[JIT],0x0000e7243c7ce260
248108.0,3749208,python,[JIT],0x0000e7243c7cecec
248108.0,3749208,python,[JIT],0x0000e7243c805a74
248108.0,3749208,python,[JIT],0x0000e7243c80e154
248108.0,3749208,python,[JIT],0x0000e7243c8b32f0
248108.0,3749586,python,[JIT],0x0000f45d965122e4
248108.0,3749586,python,[JIT],0x0000f45d96519380
248108.0,3749586,python,[JIT],0x0000f45d9651a75c
248108.0,3749543,python,[JIT],0x0000f0a3d1d8451c
248108.0,3749543,python,[JIT],0x0000f0a3d1d8c78c
248108.0,3749336,python,[JIT],0x0000e82e995fea40
248108.0,3749463,python,[JIT],0x0000e07d3f039720
248107.0,3749208,python,[JIT],0x0000e7243bee5f30
248107.0,3749208,python,[JIT],0x0000e7243bf11180
248107.0,3749208,python,[JIT],0x0000e7243bf116d4
248107.0,3749208,python,[JIT],0x0000e7243bf19290
248107.0,3749208,python,[JIT],0x0000e7243bfb3048
248107.0,3749208,python,[JIT],0x0000e7243bfbd020
248107.0,3749208,python,[JIT],0x0000e7243c802768
248107.0,3749586,python,[JIT],0x0000f45d965422c4
248107.0,3749586,python,[JIT],0x0000f45d9654e5dc
248107.0,3749586,python,[JIT],0x0000f45d965b5c74
248107.0,3749586,python,[JIT],0x0000f45d96e1b128
248107.0,3749240,python,[JIT],0x0000ee2d4c998030
248107.0,3749240,python,[JIT],0x0000ee2d4ca2141c
248107.0,3749240,python,[JIT],0x0000ee2d4d0f29e4
248107.0,3749240,python,[JIT],0x0000ee2d4d0fb010
248107.0,3749383,python,[JIT],0x0000ef595beed674
248107.0,3749383,python,[JIT],0x0000ef595c142bb8
248107.0,3749383,python,[JIT],0x0000ef595c143864
248107.0,3749543,python,[JIT],0x0000f0a3d1d84614
248107.0,3749463,python,[JIT],0x0000e07d3f093098
248107.0,3749463,python,[JIT],0x0000e07d3f9e1808
248106.0,3749208,python,[JIT],0x0000e7243bf198cc
248106.0,3749208,python,[JIT],0x0000e7243bf4cc88
248106.0,3749208,python,[JIT],0x0000e7243c80909c
248106.0,3749208,python,[JIT],0x0000e7243c80e204
248106.0,3749586,python,[JIT],0x0000f45d964e6548
248106.0,3749586,python,[JIT],0x0000f45d964eb4fc
248106.0,3749586,python,[JIT],0x0000f45d96549700
248106.0,3749586,python,[JIT],0x0000f45d965b68ac
248106.0,3749586,python,[JIT],0x0000f45d96af0128
248106.0,3749586,python,[JIT],0x0000f45d96af84c0
248106.0,3749586,python,[JIT],0x0000f45d96ec34ec
248106.0,3749240,python,[JIT],0x0000ee2d4c9c9104
248106.0,3749240,python,[JIT],0x0000ee2d4d0ed0c0
248106.0,3749240,python,[JIT],0x0000ee2d4d2f9084
248106.0,3749383,python,[JIT],0x0000ef595c142ac0
248106.0,3749543,python,[JIT],0x0000f0a3d13f8080
248106.0,3749543,python,[JIT],0x0000f0a3d1d8454c
248106.0,3749336,python,[JIT],0x0000e82e995b9c50
248106.0,3749463,python,[JIT],0x0000e07d3f6fd354
248106.0,3749463,python,[JIT],0x0000e07d3f6fd504
248105.0,3749208,python,[JIT],0x0000e7243bfbd7ec
248105.0,3749208,python,[JIT],0x0000e7243c801218
248105.0,3749208,python,[JIT],0x0000e7243c8025ac
248105.0,3749208,python,[JIT],0x0000e7243c8053b8
248105.0,3749208,python,[JIT],0x0000e7243c80895c
248105.0,3749208,python,[JIT],0x0000e7243c8b2008
248105.0,3749208,python,[JIT],0x0000e7243c8b2098
248105.0,3749208,python,[JIT],0x0000e7243c8b3368
248105.0,3749208,python,[JIT],0x0000e7243c8b474c
248105.0,3749208,python,[JIT],0x0000e7243c8b6064
248105.0,3749240,python,[JIT],0x0000ee2d4c9f7dec
248105.0,3749240,python,[JIT],0x0000ee2d4ca525cc
248105.0,3749240,python,[JIT],0x0000ee2d4ca59d44
248105.0,3749240,python,[JIT],0x0000ee2d4ca5b5d4
248105.0,3749383,python,python,_PyList_FromStackRefStealOnSuccess
248105.0,3749383,python,[JIT],0x0000ef595c14db8c
248105.0,3749336,python,[JIT],0x0000e82e995271c8
248105.0,3749463,python,[JIT],0x0000e07d3f096008
248105.0,3749463,python,[JIT],0x0000e07d3f93d090
248104.0,3749208,python,[kernel.kallsyms],__mod_memcg_lruvec_state
248104.0,3749208,python,[JIT],0x0000e7243bf4d088
248104.0,3749208,python,[JIT],0x0000e7243bf72110
248104.0,3749208,python,[JIT],0x0000e7243bf72354
248104.0,3749208,python,[JIT],0x0000e7243bfba038
248104.0,3749208,python,[JIT],0x0000e7243c8b376c
248104.0,3749586,python,[JIT],0x0000f45d965191d4
248104.0,3749240,python,[JIT],0x0000ee2d4c9ce0bc
248104.0,3749240,python,[JIT],0x0000ee2d4d0eb648
248104.0,3749240,python,[JIT],0x0000ee2d4d2be2e0
248104.0,3749240,python,[JIT],0x0000ee2d4d2f1674
248104.0,3749240,python,[JIT],0x0000ee2d4d2fc060
248104.0,3749240,python,[JIT],0x0000ee2d4d2fc2c0
248104.0,3749240,python,[JIT],0x0000ee2d4d2fe9bc
248104.0,3749240,python,[JIT],0x0000ee2d4d2ff24c
248104.0,3749543,python,[JIT],0x0000f0a3d139d044
248104.0,3749543,python,[JIT],0x0000f0a3d18fe2b8
248104.0,3749336,python,[JIT],0x0000e82e995f7518
248104.0,3749336,python,[JIT],0x0000e82e995fc2c0
248104.0,3749463,python,[JIT],0x0000e07d3f6f00c0
248104.0,3749463,python,[JIT],0x0000e07d3f6f695c
248104.0,3749463,python,[JIT],0x0000e07d3f93dd6c
248103.0,3749586,python,python,unicode_join
248103.0,3749586,python,[JIT],0x0000f45d965178f4
248103.0,3749586,python,[JIT],0x0000f45d96518758
248103.0,3749586,python,[JIT],0x0000f45d965b5344
248103.0,3749586,python,[JIT],0x0000f45d96e160e4
248103.0,3749240,python,[JIT],0x0000ee2d4ca554b8
248103.0,3749240,python,[JIT],0x0000ee2d4ca913ec
248103.0,3749240,python,[JIT],0x0000ee2d4ca914d0
248103.0,3749240,python,[JIT],0x0000ee2d4d0eb8d4
248103.0,3749240,python,[JIT],0x0000ee2d4d0f94f0
248103.0,3749240,python,[JIT],0x0000ee2d4d2be2e8
248103.0,3749383,python,python,_Py_bytes_lower
248103.0,3749543,python,[JIT],0x0000f0a3d1d8f1d8
248103.0,3749336,python,[JIT],0x0000e82e9958f058
248103.0,3749463,python,[JIT],0x0000e07d3f09c3c0
248102.0,3749208,python,[JIT],0x0000e7243bfb3340
248102.0,3749208,python,[JIT],0x0000e7243c804144
248102.0,3749208,python,[JIT],0x0000e7243c8b5804
248102.0,3749586,python,[JIT],0x0000f45d965b9370
248102.0,3749586,python,[JIT],0x0000f45d96aed4a0
248102.0,3749586,python,[JIT],0x0000f45d96af9104
248102.0,3749240,python,[JIT],0x0000ee2d4c9f7da0
248102.0,3749543,python,[JIT],0x0000f0a3d13f36e8
248102.0,3749543,python,[JIT],0x0000f0a3d1cd939c
248102.0,3749543,python,[JIT],0x0000f0a3d1d87144
248101.0,3749208,python,python,itertools_permutations
248101.0,3749208,python,[JIT],0x0000e7243c8012a8
248101.0,3749208,python,[JIT],0x0000e7243c8b3f68
248101.0,3749208,python,[JIT],0x0000e7243c8b6028
248101.0,3749586,python,[JIT],0x0000f45d96af9144
248101.0,3749240,python,[JIT],0x0000ee2d4d0ec0f0
248101.0,3749240,python,[JIT],0x0000ee2d4d2fca34
248101.0,3749543,python,[JIT],0x0000f0a3d1976f00
248101.0,3749463,python,[JIT],0x0000e07d3f0d4dac
248101.0,3749463,python,[JIT],0x0000e07d3f9e1534
248100.0,3749208,python,[JIT],0x0000e7243c80c1a8
248100.0,3749208,python,[JIT],0x0000e7243c80c764
248100.0,3749208,python,[JIT],0x0000e7243c8b43ac
248100.0,3749586,python,[JIT],0x0000f45d96af2574
248100.0,3749586,python,[JIT],0x0000f45d96af96f0
248100.0,3749240,python,[JIT],0x0000ee2d4d0ed660
248100.0,3749240,python,[JIT],0x0000ee2d4d0f2500
248100.0,3749240,python,[JIT],0x0000ee2d4d0f30fc
248100.0,3749240,python,[JIT],0x0000ee2d4d0f38a0
248100.0,3749240,python,[JIT],0x0000ee2d4d3a26b8
248100.0,3749543,python,python,member_set
248100.0,3749336,python,[JIT],0x0000e82e99ef2708
248100.0,3749463,python,[JIT],0x0000e07d3f0dbe60
248100.0,3749463,python,[JIT],0x0000e07d3f6ee324
248100.0,3749463,python,[JIT],0x0000e07d3f6fdd68
248099.0,3749208,python,[JIT],0x0000e7243bf7871c
248099.0,3749208,python,[JIT],0x0000e7243bfb90fc
248099.0,3749208,python,[JIT],0x0000e7243c4ee0b0
248099.0,3749208,python,[JIT],0x0000e7243c80868c
248099.0,3749586,python,[JIT],0x0000f45d9651e098
248099.0,3749586,python,[JIT],0x0000f45d9657c094
248099.0,3749586,python,[JIT],0x0000f45d96e167a8
248099.0,3749240,python,[JIT],0x0000ee2d4d0eb118
248099.0,3749240,python,[JIT],0x0000ee2d4d0ee130
248099.0,3749463,python,[JIT],0x0000e07d3f6f578c
248099.0,3749463,python,[JIT],0x0000e07d3f6f6a34
248099.0,3749463,python,[JIT],0x0000e07d3f6f8424
248098.0,3749208,python,[JIT],0x0000e7243bf731ec
248098.0,3749208,python,[JIT],0x0000e7243c802578
248098.0,3749208,python,[JIT],0x0000e7243c8054ac
248098.0,3749208,python,[JIT],0x0000e7243c8087c0
248098.0,3749208,python,[JIT],0x0000e7243c8b613c
248098.0,3749586,python,[JIT],0x0000f45d9651a3a4
248098.0,3749586,python,[JIT],0x0000f45d965b53d4
248098.0,3749586,python,[JIT],0x0000f45d96afb0b8
248098.0,3749240,python,python,PyDict_Next
248098.0,3749240,python,[JIT],0x0000ee2d4c9f74ac
248098.0,3749240,python,[JIT],0x0000ee2d4d0fc640
248098.0,3749240,python,[JIT],0x0000ee2d4d2f9168
248098.0,3749383,python,[JIT],0x0000ef595c14245c
248098.0,3749383,python,[JIT],0x0000ef595c14b204
248098.0,3749543,python,[JIT],0x0000f0a3d13f3000
248098.0,3749463,python,[JIT],0x0000e07d3f09436c
248098.0,3749463,python,[JIT],0x0000e07d3f6f9a6c
248098.0,3749463,python,[JIT],0x0000e07d3f933264
248097.0,3749208,python,[JIT],0x0000e7243bee5a84
248097.0,3749208,python,[JIT],0x0000e7243bf491d8
248097.0,3749208,python,[JIT],0x0000e7243bf725d4
248097.0,3749208,python,[JIT],0x0000e7243c805258
248097.0,3749208,python,[JIT],0x0000e7243c8094f4
248097.0,3749208,python,[JIT],0x0000e7243c8b4134
248097.0,3749586,python,[JIT],0x0000f45d96dde934
248097.0,3749586,python,[JIT],0x0000f45d96e1cdd8
248097.0,3749240,python,[JIT],0x0000ee2d4ca5ba70
248097.0,3749240,python,[JIT],0x0000ee2d4ca5c528
248097.0,3749240,python,[JIT],0x0000ee2d4d0f35d0
248097.0,3749240,python,[JIT],0x0000ee2d4d2be1b0
248097.0,3749383,python,python,_PyUnicode_ExactDealloc
248097.0,3749336,python,[JIT],0x0000e82e995f72a0
248096.0,3749208,python,[JIT],0x0000e7243bf4c424
248096.0,3749208,python,[JIT],0x0000e7243c8b8094
248096.0,3749586,python,[JIT],0x0000f45d96549fc0
248096.0,3749586,python,[JIT],0x0000f45d96af1f8c
248096.0,3749586,python,[JIT],0x0000f45d96e11838
248096.0,3749240,python,[JIT],0x0000ee2d4d0f315c
248096.0,3749240,python,[JIT],0x0000ee2d4d2fd15c
248096.0,3749543,python,[JIT],0x0000f0a3d139ed3c
248096.0,3749543,python,[JIT],0x0000f0a3d18ed320
248096.0,3749543,python,[JIT],0x0000f0a3d1d8f218
248096.0,3749463,python,[JIT],0x0000e07d3f9e5888
248095.0,3749208,python,[JIT],0x0000e7243bf4c068
248095.0,3749208,python,[JIT],0x0000e7243c7ce504
248095.0,3749208,python,[JIT],0x0000e7243c802714
248095.0,3749586,python,[JIT],0x0000f45d96e1d32c
248095.0,3749240,python,[JIT],0x0000ee2d4d2f6274
248095.0,3749240,python,[JIT],0x0000ee2d4d2fc8dc
248095.0,3749336,python,[JIT],0x0000e82e99ef633c
248095.0,3749463,python,[JIT],0x0000e07d3f6fd988
248095.0,3749463,python,[JIT],0x0000e07d3f9321b8
248094.0,3749586,python,[JIT],0x0000f45d965185c4
248094.0,3749586,python,[JIT],0x0000f45d965783d8
248094.0,3749586,python,[JIT],0x0000f45d96ec24d4
248094.0,3749240,python,[JIT],0x0000ee2d4d0eb178
248094.0,3749543,python,[JIT],0x0000f0a3d18ee730
248094.0,3749463,python,[JIT],0x0000e07d3f931000
248093.0,3749208,python,[JIT],0x0000e7243c8b3b80
248093.0,3749586,python,[JIT],0x0000f45d96af718c
248093.0,3749240,python,[JIT],0x0000ee2d4d3a2074
248093.0,3749543,python,[JIT],0x0000f0a3d1d8c328
248093.0,3749336,python,[JIT],0x0000e82e99ef724c
248093.0,3749463,python,[JIT],0x0000e07d3f6ee0f4
248093.0,3749463,python,[JIT],0x0000e07d3f6eea30
248093.0,3749463,python,[JIT],0x0000e07d3f931310
248092.0,3749208,python,[JIT],0x0000e7243bf72480
248092.0,3749208,python,[JIT],0x0000e7243bfb9a6c
248092.0,3749208,python,[JIT],0x0000e7243c80402c
248092.0,3749586,python,[JIT],0x0000f45d9654cb08
248092.0,3749586,python,[JIT],0x0000f45d96575c00
248092.0,3749586,python,[JIT],0x0000f45d965ba248
248092.0,3749586,python,[JIT],0x0000f45d96e1978c
248092.0,3749240,python,[JIT],0x0000ee2d4ca552c0
248092.0,3749336,python,[JIT],0x0000e82e99ef91a8
248092.0,3749463,python,[JIT],0x0000e07d3f6f5774
248092.0,3749463,python,[JIT],0x0000e07d3f933910
248091.0,3749208,python,[JIT],0x0000e7243c8b7708
248091.0,3749586,python,[JIT],0x0000f45d96518400
248091.0,3749586,python,[JIT],0x0000f45d96e124fc
248091.0,3749240,python,[JIT],0x0000ee2d4c9f939c
248091.0,3749240,python,[JIT],0x0000ee2d4d2f251c
248091.0,3749240,python,[JIT],0x0000ee2d4d2f96e4
248091.0,3749240,python,[JIT],0x0000ee2d4d2fcabc
248091.0,3749240,python,[JIT],0x0000ee2d4d3a1368
248091.0,3749543,python,[JIT],0x0000f0a3d1908198
248091.0,3749543,python,[JIT],0x0000f0a3d1dbb020
248090.0,3749208,python,[JIT],0x0000e7243bfb9070
248090.0,3749208,python,[JIT],0x0000e7243c8078c0
248090.0,3749586,python,[kernel.kallsyms],__pi_clear_page
248090.0,3749240,python,[JIT],0x0000ee2d4d0f9654
248090.0,3749240,python,[JIT],0x0000ee2d4d2f2590
248090.0,3749543,python,[JIT],0x0000f0a3d13f35f8
248089.0,3749208,python,[JIT],0x0000e7243c805648
248089.0,3749208,python,[JIT],0x0000e7243c8b15d0
248089.0,3749208,python,[JIT],0x0000e7243c8bb16c
248089.0,3749586,python,[JIT],0x0000f45d96af10b0
248089.0,3749586,python,[JIT],0x0000f45d96ddf7c4
248089.0,3749240,python,[JIT],0x0000ee2d4c9f7f48
248089.0,3749240,python,[JIT],0x0000ee2d4ca59658
248089.0,3749240,python,[JIT],0x0000ee2d4d2f14c4
248089.0,3749383,python,[JIT],0x0000ef595c14d4e8
248089.0,3749543,python,[JIT],0x0000f0a3d18f6360
248089.0,3749543,python,[JIT],0x0000f0a3d1d870bc
248089.0,3749336,python,[JIT],0x0000e82e993c510c
248089.0,3749463,python,[JIT],0x0000e07d3f039b34
248089.0,3749463,python,[JIT],0x0000e07d3f09441c
248089.0,3749463,python,[JIT],0x0000e07d3f09663c
248088.0,3749208,python,python,PyObject_ClearManagedDict
248088.0,3749208,python,[JIT],0x0000e7243bfba6cc
248088.0,3749586,python,[JIT],0x0000f45d965ba8cc
248088.0,3749586,python,[JIT],0x0000f45d96afb370
248088.0,3749586,python,[JIT],0x0000f45d96e1c794
248088.0,3749240,python,python,unicode_strip
248088.0,3749240,python,[JIT],0x0000ee2d4d2be4cc
248088.0,3749543,python,[JIT],0x0000f0a3d19390f4
248088.0,3749543,python,[JIT],0x0000f0a3d1d87c0c
248088.0,3749336,python,[JIT],0x0000e82e99e41104
248088.0,3749463,python,[JIT],0x0000e07d3f9373b0
248087.0,3749586,python,[JIT],0x0000f45d964b756c
248087.0,3749586,python,[JIT],0x0000f45d96ec2f14
248087.0,3749240,python,[JIT],0x0000ee2d4c9f102c
248087.0,3749240,python,[JIT],0x0000ee2d4c9fa54c
248087.0,3749543,python,[JIT],0x0000f0a3d1972064
248087.0,3749543,python,[JIT],0x0000f0a3d1d8e984
248087.0,3749336,python,[JIT],0x0000e82e99ef65d4
248087.0,3749543,python,[JIT],0x0000f0a3d1d8d3c0
248087.0,3749463,python,[JIT],0x0000e07d3f6ebd18
248086.0,3749208,python,[JIT],0x0000e7243bf7d65c
248086.0,3749208,python,[JIT],0x0000e7243c80c244
248086.0,3749586,python,[JIT],0x0000f45d96e11380
248086.0,3749586,python,[JIT],0x0000f45d96e11f88
248086.0,3749586,python,[JIT],0x0000f45d96e19178
248086.0,3749240,python,[JIT],0x0000ee2d4d0f80d8
248086.0,3749383,python,[JIT],0x0000ef595c142000
248086.0,3749383,python,[JIT],0x0000ef595c14d600
248085.0,3749208,python,[JIT],0x0000e7243bfb9128
248085.0,3749586,python,[JIT],0x0000f45d96e1d314
248085.0,3749240,python,[JIT],0x0000ee2d4ca5cf44
248085.0,3749383,python,python,PyObject_GetAttr
248085.0,3749463,python,[JIT],0x0000e07d3f09ce60
248084.0,3749586,python,[JIT],0x0000f45d96af1b4c
248084.0,3749240,python,[JIT],0x0000ee2d4d0fc480
248084.0,3749240,python,[JIT],0x0000ee2d4c9c6008
248084.0,3749463,python,python,func_descr_get
248083.0,3749586,python,[JIT],0x0000f45d96572abc
248083.0,3749586,python,[JIT],0x0000f45d965b9188
248083.0,3749240,python,[JIT],0x0000ee2d4d0f9544
248083.0,3749240,python,[JIT],0x0000ee2d4d2f63e0
248083.0,3749543,python,[kernel.kallsyms],_raw_spin_lock
248083.0,3749543,python,[JIT],0x0000f0a3d1c9e12c
248083.0,3749463,python,[JIT],0x0000e07d3f0d70fc
248082.0,3749208,python,[JIT],0x0000e7243bf44200
248082.0,3749208,python,[JIT],0x0000e7243bfb30f8
248082.0,3749208,python,[JIT],0x0000e7243c8b88e8
248082.0,3749586,python,[JIT],0x0000f45d964eb000
248082.0,3749586,python,[JIT],0x0000f45d96517600
248082.0,3749586,python,[JIT],0x0000f45d96aed63c
248082.0,3749240,python,[JIT],0x0000ee2d4d0ec544
248082.0,3749240,python,[JIT],0x0000ee2d4d2f92d4
248082.0,3749240,python,[JIT],0x0000ee2d4d2f96bc
248082.0,3749463,python,[JIT],0x0000e07d3f0962f0
248082.0,3749463,python,[JIT],0x0000e07d3f9e1704
248082.0,3749463,python,[JIT],0x0000e07d3f9e61d0
248081.0,3749586,python,[JIT],0x0000f45d9651a54c
248081.0,3749240,python,[JIT],0x0000ee2d4ca2a1d4
248081.0,3749240,python,[JIT],0x0000ee2d4d2fce44
248081.0,3749543,python,[JIT],0x0000f0a3d13c1824
248081.0,3749463,python,[JIT],0x0000e07d3f03c9bc
248081.0,3749463,python,[JIT],0x0000e07d3f096160
248081.0,3749463,python,[JIT],0x0000e07d3f6ee3a0
248081.0,3749463,python,[JIT],0x0000e07d3f93d0f0
248080.0,3749586,python,[JIT],0x0000f45d965496d4
248080.0,3749586,python,[JIT],0x0000f45d965b63b0
248080.0,3749586,python,[JIT],0x0000f45d96e16538
248080.0,3749240,python,[JIT],0x0000ee2d4ca2149c
248080.0,3749543,python,[JIT],0x0000f0a3d193d0b4
248080.0,3749336,python,[JIT],0x0000e82e993ca12c
248079.0,3749586,python,[JIT],0x0000f45d96e1c1a4
248079.0,3749240,python,[JIT],0x0000ee2d4c9959f4
248079.0,3749240,python,[JIT],0x0000ee2d4c9f78d0
248079.0,3749336,python,python,PyObject_GC_Track
248079.0,3749336,python,[JIT],0x0000e82e995b5ad4
248078.0,3749208,python,python,visit_decref
248078.0,3749208,python,[JIT],0x0000e7243c8b3e00
248078.0,3749586,python,python,PyObject_ClearWeakRefs
248078.0,3749586,python,[JIT],0x0000f45d96e1188c
248078.0,3749463,python,[JIT],0x0000e07d3f6f66ac
248077.0,3749208,python,[JIT],0x0000e7243bf7d670
248077.0,3749586,python,[JIT],0x0000f45d96e19a6c
248077.0,3749543,python,[JIT],0x0000f0a3d1906aec
248077.0,3749543,python,[JIT],0x0000f0a3d1cd8034
248077.0,3749463,python,[JIT],0x0000e07d3f9e6604
248076.0,3749240,python,[JIT],0x0000ee2d4ca59fd8
248075.0,3749240,python,[JIT],0x0000ee2d4ca2f0dc
248075.0,3749240,python,[JIT],0x0000ee2d4d2be284
248075.0,3749463,python,[JIT],0x0000e07d3f6f45b8
248074.0,3749240,python,[JIT],0x0000ee2d4c9ce584
248074.0,3749240,python,[JIT],0x0000ee2d4d2f137c
248074.0,3749543,python,[JIT],0x0000f0a3d193e524
248074.0,3749543,python,[JIT],0x0000f0a3d19797e8
248074.0,3749463,python,[JIT],0x0000e07d3f9e13ec
248073.0,3749208,python,[kernel.kallsyms],mas_prev_slot
248073.0,3749586,python,[JIT],0x0000f45d964b549c
248073.0,3749240,python,python,_PyType_LookupByVersion
248073.0,3749240,python,[JIT],0x0000ee2d4d0f96c8
248073.0,3749543,python,[JIT],0x0000f0a3d1974aa0
248073.0,3749543,python,[JIT],0x0000f0a3d1cdbd4c
248072.0,3749586,python,[JIT],0x0000f45d96e16120
248072.0,3749240,python,[JIT],0x0000ee2d4d2bece4
248072.0,3749240,python,[JIT],0x0000ee2d4d2fcb84
248072.0,3749240,python,[JIT],0x0000ee2d4d2fd554
248072.0,3749543,python,[JIT],0x0000f0a3d1d8a3d8
248071.0,3749208,python,[JIT],0x0000e7243c4ee624
248071.0,3749208,python,[JIT],0x0000e7243c8b4258
248071.0,3749586,python,[JIT],0x0000f45d96517df0
248071.0,3749543,python,[JIT],0x0000f0a3d1cd5410
248071.0,3749336,python,python,memcpy@plt
248071.0,3749336,python,[JIT],0x0000e82e99e0f4f8
248070.0,3749586,python,[JIT],0x0000f45d96542360
248070.0,3749586,python,[JIT],0x0000f45d96e1d67c
248070.0,3749240,python,[JIT],0x0000ee2d4d2beb00
248070.0,3749543,python,[JIT],0x0000f0a3d13c7068
248069.0,3749586,python,[JIT],0x0000f45d964b5850
248069.0,3749586,python,[JIT],0x0000f45d965baf1c
248069.0,3749240,python,[JIT],0x0000ee2d4d0ec988
248069.0,3749463,python,[JIT],0x0000e07d3f9331e4
248069.0,3749463,python,[JIT],0x0000e07d3f9e1d78
248068.0,3749543,python,[JIT],0x0000f0a3d1904028
248068.0,3749543,python,[JIT],0x0000f0a3d1d86130
248068.0,3749336,python,[JIT],0x0000e82e99e498c4
248068.0,3749336,python,[JIT],0x0000e82e99e49008
248068.0,3749463,python,[JIT],0x0000e07d3f93d270
248067.0,3749586,python,[kernel.kallsyms],memset
248067.0,3749240,python,[JIT],0x0000ee2d4d0f270c
248067.0,3749543,python,[JIT],0x0000f0a3d1d88240
248067.0,3749463,python,[JIT],0x0000e07d3f09c4c0
248066.0,3749586,python,[JIT],0x0000f45d965762cc
248066.0,3749240,python,[JIT],0x0000ee2d4c9f856c
248066.0,3749240,python,[JIT],0x0000ee2d4d0ec430
248066.0,3749240,python,[JIT],0x0000ee2d4d0f2d18
248066.0,3749240,python,[JIT],0x0000ee2d4d2fc144
248065.0,3749586,python,[JIT],0x0000f45d96e16354
248065.0,3749240,python,[JIT],0x0000ee2d4d2f86d4
248065.0,3749240,python,[JIT],0x0000ee2d4c9c66d4
248065.0,3749240,python,[JIT],0x0000ee2d4ca2c238
248065.0,3749336,python,[JIT],0x0000e82e995580d4
248065.0,3749463,python,[JIT],0x0000e07d3fa1104c
248064.0,3749240,python,[JIT],0x0000ee2d4d0ff004
248064.0,3749543,python,[JIT],0x0000f0a3d197b274
248064.0,3749463,python,[JIT],0x0000e07d3f03a300
248063.0,3749240,python,python,_PyObject_Call_Prepend
248062.0,3749586,python,[JIT],0x0000f45d96513084
248062.0,3749336,python,python,itertools_permutations
248062.0,3749463,python,[JIT],0x0000e07d3f6ee9e0
248062.0,3749463,python,[JIT],0x0000e07d3f6f6040
248061.0,3749586,python,[JIT],0x0000f45d96574500
248061.0,3749586,python,[JIT],0x0000f45d96e17bb8
248061.0,3749240,python,[JIT],0x0000ee2d4d0fc1e0
248061.0,3749463,python,[JIT],0x0000e07d3f00a400
248061.0,3749463,python,[JIT],0x0000e07d3f0d6a34
248061.0,3749463,python,[JIT],0x0000e07d3f6ef4e4
248061.0,3749463,python,[JIT],0x0000e07d3f93a02c
248060.0,3749586,python,python,PyObject_VisitManagedDict
248060.0,3749586,python,[JIT],0x0000f45d96572214
248060.0,3749240,python,[JIT],0x0000ee2d4c9f7e1c
248060.0,3749543,python,[JIT],0x0000f0a3d18f61a8
248060.0,3749543,python,[JIT],0x0000f0a3d18fd06c
248060.0,3749463,python,[kernel.kallsyms],_raw_spin_unlock
248059.0,3749586,python,[JIT],0x0000f45d9651218c
248059.0,3749586,python,[JIT],0x0000f45d9654c24c
248059.0,3749586,python,[JIT],0x0000f45d96e1cdac
248059.0,3749586,python,[JIT],0x0000f45d96ec2708
248059.0,3749543,python,[JIT],0x0000f0a3d18ed900
248058.0,3749586,python,[JIT],0x0000f45d96af01c4
248058.0,3749240,python,[JIT],0x0000ee2d4c9f7e0c
248058.0,3749383,python,[JIT],0x0000ef595beed160
248057.0,3749586,python,python,emit__CHECK_CALL_BOUND_METHOD_EXACT_ARGS_r00
248057.0,3749586,python,[JIT],0x0000f45d96af2948
248057.0,3749240,python,[JIT],0x0000ee2d4ca217ec
248057.0,3749543,python,[JIT],0x0000f0a3d18f63d8
248056.0,3749240,python,[JIT],0x0000ee2d4ca55c1c
248056.0,3749543,python,[JIT],0x0000f0a3d19343f8
248056.0,3749543,python,[JIT],0x0000f0a3d1d8c1c4
248055.0,3749208,python,[JIT],0x0000e7243c4ee424
248055.0,3749208,python,[JIT],0x0000e7243c7ce16c
248055.0,3749208,python,[JIT],0x0000e7243c8b9aa4
248055.0,3749586,python,[JIT],0x0000f45d9654e38c
248055.0,3749586,python,[JIT],0x0000f45d96e1cd60
248055.0,3749240,python,[JIT],0x0000ee2d4d2f1170
248055.0,3749240,python,[JIT],0x0000ee2d4d2fc418
248055.0,3749463,python,python,dequeiter_dealloc
248055.0,3749463,python,python,enum_next
248054.0,3749586,python,[JIT],0x0000f45d96af2630
248054.0,3749586,python,[JIT],0x0000f45d96ec2640
248054.0,3749240,python,[JIT],0x0000ee2d4c9c1140
248054.0,3749240,python,[JIT],0x0000ee2d4c9fa394
248054.0,3749240,python,[JIT],0x0000ee2d4d2f7574
248054.0,3749240,python,[JIT],0x0000ee2d4d3a24b4
248054.0,3749543,python,[JIT],0x0000f0a3d13fba9c
248054.0,3749543,python,[JIT],0x0000f0a3d1972f48
248054.0,3749336,python,[JIT],0x0000e82e995f81cc
248054.0,3749463,python,[JIT],0x0000e07d3f931544
248053.0,3749586,python,[JIT],0x0000f45d96aed140
248053.0,3749586,python,[JIT],0x0000f45d96af82ac
248053.0,3749240,python,[JIT],0x0000ee2d4d0f2f48
248053.0,3749543,python,[JIT],0x0000f0a3d1d8f030
248053.0,3749336,python,[JIT],0x0000e82e995fd1b4
248052.0,3749208,python,[JIT],0x0000e7243c7ce090
248052.0,3749336,python,[JIT],0x0000e82e995fd848
248051.0,3749586,python,[JIT],0x0000f45d96e17004
248051.0,3749543,python,python,PyObject_LengthHint
248051.0,3749463,python,[kernel.kallsyms],zone_statistics
248050.0,3749586,python,[JIT],0x0000f45d965177bc
248050.0,3749586,python,[JIT],0x0000f45d96549afc
248050.0,3749586,python,[JIT],0x0000f45d96575f70
248050.0,3749586,python,[JIT],0x0000f45d96e1ccf4
248050.0,3749543,python,[JIT],0x0000f0a3d19725b0
248049.0,3749240,python,[JIT],0x0000ee2d4d0f92dc
248049.0,3749543,python,[JIT],0x0000f0a3d1d8cac0
248049.0,3749463,python,[JIT],0x0000e07d3f9e1d40
248048.0,3749586,python,[JIT],0x0000f45d96517124
248048.0,3749586,python,[JIT],0x0000f45d96548080
248048.0,3749586,python,[JIT],0x0000f45d965798f8
248048.0,3749240,python,[JIT],0x0000ee2d4ca9b0a0
248048.0,3749463,python,[JIT],0x0000e07d3f9e1094
248048.0,3749463,python,[JIT],0x0000e07d3f9e12b8
248047.0,3749208,python,[JIT],0x0000e7243c8e7110
248047.0,3749336,python,[JIT],0x0000e82e995b5310
248047.0,3749463,python,[JIT],0x0000e07d3f09406c
248047.0,3749463,python,[JIT],0x0000e07d3f936908
248046.0,3749208,python,[JIT],0x0000e7243c80eae8
248046.0,3749463,python,[JIT],0x0000e07d3f9e10ac
248045.0,3749586,python,[JIT],0x0000f45d96ec2878
248045.0,3749240,python,[JIT],0x0000ee2d4ca938d4
248045.0,3749240,python,[JIT],0x0000ee2d4d2fd0a8
248045.0,3749463,python,[JIT],0x0000e07d3f09d740
248045.0,3749463,python,[JIT],0x0000e07d3f0da0b0
248044.0,3749586,python,[JIT],0x0000f45d965b97a8
248043.0,3749240,python,[JIT],0x0000ee2d4ca52834
248043.0,3749240,python,[JIT],0x0000ee2d4ca5aa28
248043.0,3749336,python,[JIT],0x0000e82e995b3500
248043.0,3749336,python,[JIT],0x0000e82e995b4270
248043.0,3749463,python,[JIT],0x0000e07d3f03c60c
248043.0,3749463,python,[JIT],0x0000e07d3f0660bc
248041.0,3749463,python,[JIT],0x0000e07d3f6ecdb8
248040.0,3749586,python,[JIT],0x0000f45d964b8600
248040.0,3749543,python,[JIT],0x0000f0a3d190cfe4
248040.0,3749336,python,[JIT],0x0000e82e99e41b9c
248038.0,3749336,python,[JIT],0x0000e82e99587480
248038.0,3749463,python,[JIT],0x0000e07d3f93b4e8
248037.0,3749586,python,[JIT],0x0000f45d96aed218
248037.0,3749586,python,[JIT],0x0000f45d96e117c8
248037.0,3749586,python,[JIT],0x0000f45d96ec26f4
248037.0,3749240,python,[JIT],0x0000ee2d4c995060
248036.0,3749240,python,[JIT],0x0000ee2d4d2f603c
248036.0,3749463,python,[JIT],0x0000e07d3f034c80
248036.0,3749463,python,[JIT],0x0000e07d3f06d804
248036.0,3749463,python,[JIT],0x0000e07d3f0d49cc
248035.0,3749240,python,[JIT],0x0000ee2d4d0eb42c
248035.0,3749240,python,[JIT],0x0000ee2d4d3a28c8
248034.0,3749586,python,[JIT],0x0000f45d96e1c668
248033.0,3749208,python,[JIT],0x0000e7243bf4caac
248033.0,3749586,python,[JIT],0x0000f45d964ee448
248033.0,3749463,python,[JIT],0x0000e07d3f6ee7a8
248032.0,3749586,python,[JIT],0x0000f45d965bb1d0
248032.0,3749463,python,[JIT],0x0000e07d3f0651ac
248031.0,3749586,python,[JIT],0x0000f45d96af80b8
248031.0,3749463,python,[JIT],0x0000e07d3f09c538
248030.0,3749240,python,python,_PyList_Extend
248030.0,3749240,python,[JIT],0x0000ee2d4ca5bcb4
248030.0,3749463,python,[JIT],0x0000e07d3f6f6264
248029.0,3749586,python,[JIT],0x0000f45d96af8188
248029.0,3749463,python,[JIT],0x0000e07d3f93d25c
248028.0,3749240,python,[JIT],0x0000ee2d4d2fcc94
248028.0,3749240,python,[JIT],0x0000ee2d4d3a35c4
248027.0,3749208,python,[JIT],0x0000e7243c805428
248027.0,3749543,python,python,emit__LOAD_ATTR_PROPERTY_FRAME_r11
248027.0,3749463,python,[JIT],0x0000e07d3efdc924
248027.0,3749463,python,[JIT],0x0000e07d3f0daf88
248026.0,3749586,python,[JIT],0x0000f45d96afe004
248026.0,3749463,python,[JIT],0x0000e07d3efd7130
248025.0,3749586,python,[JIT],0x0000f45d964e125c
248025.0,3749543,python,[JIT],0x0000f0a3d1d87d10
248024.0,3749208,python,[JIT],0x0000e7243bf749bc
248024.0,3749586,python,[JIT],0x0000f45d96ec23c0
248024.0,3749240,python,[JIT],0x0000ee2d4ca5538c
248024.0,3749543,python,[JIT],0x0000f0a3d1d877ec
248024.0,3749336,python,[JIT],0x0000e82e995b1654
248023.0,3749240,python,python,object_init
248023.0,3749240,python,[JIT],0x0000ee2d4d0ed814
248023.0,3749463,python,[JIT],0x0000e07d3f093104
248022.0,3749586,python,[JIT],0x0000f45d964ec854
248022.0,3749586,python,[JIT],0x0000f45d965171cc
248022.0,3749586,python,[JIT],0x0000f45d965b32e0
248021.0,3749463,python,[JIT],0x0000e07d3f6fd000
248021.0,3749463,python,[JIT],0x0000e07d3f9e1264
248018.0,3749208,python,[JIT],0x0000e7243bfba2c4
248017.0,3749586,python,[JIT],0x0000f45d96e16188
248016.0,3749240,python,[JIT],0x0000ee2d4d0ec730
248016.0,3749336,python,[JIT],0x0000e82e99ef5524
248015.0,3749586,python,[JIT],0x0000f45d96579b30
248015.0,3749463,python,[JIT],0x0000e07d3f6f44d0
248014.0,3749586,python,[JIT],0x0000f45d965bb5a8
248014.0,3749336,python,[JIT],0x0000e82e99efbfd8
248014.0,3749463,python,[JIT],0x0000e07d3f93d834
248013.0,3749543,python,[JIT],0x0000f0a3d1d86180
248013.0,3749463,python,[JIT],0x0000e07d3f00503c
248013.0,3749463,python,[JIT],0x0000e07d3f93f008
248012.0,3749463,python,[JIT],0x0000e07d3f939894
248012.0,3749463,python,[JIT],0x0000e07d3f93db6c
248012.0,3749463,python,[JIT],0x0000e07d3f9e1e58
248011.0,3749208,python,[JIT],0x0000e7243bfbc008
248009.0,3749586,python,[JIT],0x0000f45d96572a68
248009.0,3749586,python,[JIT],0x0000f45d965b9454
248008.0,3749586,python,[JIT],0x0000f45d964bc47c
248008.0,3749463,python,[JIT],0x0000e07d3f93da64
248007.0,3749336,python,[JIT],0x0000e82e995f2148
248006.0,3749586,python,[JIT],0x0000f45d964b3c24
248006.0,3749336,python,[JIT],0x0000e82e995211a0
248006.0,3749463,python,[JIT],0x0000e07d3f6f4088
248005.0,3749586,python,[JIT],0x0000f45d965b939c
248005.0,3749463,python,python,subtype_traverse
248004.0,3749208,python,[JIT],0x0000e7243c807468
248004.0,3749240,python,python,_PyUnicode_JoinArray
248004.0,3749543,python,[JIT],0x0000f0a3d1cd5600
248003.0,3749543,python,[JIT],0x0000f0a3d1d8ce68
248002.0,3749586,python,[JIT],0x0000f45d9651a340
248001.0,3749586,python,[JIT],0x0000f45d96e19098
248001.0,3749240,python,[JIT],0x0000ee2d4ca2e030
247998.0,3749463,python,[JIT],0x0000e07d3f0dba44
247997.0,3749586,python,[JIT],0x0000f45d9657272c
247997.0,3749463,python,[kernel.kallsyms],rcu_nocb_unlock_irqrestore
247995.0,3749240,python,[JIT],0x0000ee2d4ca9bf2c
247994.0,3749586,python,[JIT],0x0000f45d96e124a0
247993.0,3749240,python,[JIT],0x0000ee2d4d0f9458
247992.0,3749463,python,python,builtin_callable
247991.0,3749208,python,[JIT],0x0000e7243be8e210
247991.0,3749240,python,[JIT],0x0000ee2d4d3a160c
247991.0,3749463,python,[JIT],0x0000e07d3f6ef7b8
247991.0,3749463,python,[JIT],0x0000e07d3f9e92f8
247987.0,3749240,python,[JIT],0x0000ee2d4d2fd964
247985.0,3749240,python,[JIT],0x0000ee2d4ca583e0
247983.0,3749336,python,python,property_descr_get
247983.0,3749336,python,[JIT],0x0000e82e99589064
247979.0,3749586,python,[JIT],0x0000f45d96e1cd40
247977.0,3749586,python,[JIT],0x0000f45d965babd8
247977.0,3749240,python,[JIT],0x0000ee2d4d0f12f8
247976.0,3749586,python,[JIT],0x0000f45d96af016c
247976.0,3749463,python,[JIT],0x0000e07d3f93d354
247975.0,3749240,python,[kernel.kallsyms],zone_statistics
247975.0,3749240,python,[JIT],0x0000ee2d4d0f91b0
247974.0,3749208,python,[JIT],0x0000e7243bf4e29c
247969.0,3749240,python,[JIT],0x0000ee2d4d0f2f90
247966.0,3749586,python,[JIT],0x0000f45d96af904c
247960.0,3749543,python,[JIT],0x0000f0a3d1cde35c
247958.0,3749240,python,python,builtin_getattr
247958.0,3749240,python,[JIT],0x0000ee2d4ca24468
247955.0,3749240,python,[JIT],0x0000ee2d4ca52e5c
247955.0,3749543,python,[JIT],0x0000f0a3d1cd9004
247954.0,3749240,python,[JIT],0x0000ee2d4d2f922c
247951.0,3749240,python,[JIT],0x0000ee2d4d2f2568
247949.0,3749240,python,[JIT],0x0000ee2d4ca5ca64
247942.0,3749586,python,[JIT],0x0000f45d96e11c68
247939.0,3749586,python,[JIT],0x0000f45d96af7004
247938.0,3749586,python,[JIT],0x0000f45d96e190fc
247938.0,3749463,python,[JIT],0x0000e07d3f9310e4
247936.0,3749463,python,[JIT],0x0000e07d3f93b1a4
247935.0,3749586,python,[JIT],0x0000f45d965b9790
247934.0,3749336,python,[JIT],0x0000e82e995faecc
247930.0,3749543,python,[JIT],0x0000f0a3d193e8ec
247928.0,3749240,python,[JIT],0x0000ee2d4d2f7370
247927.0,3749543,python,[JIT],0x0000f0a3d1973e70
247926.0,3749463,python,[JIT],0x0000e07d3f099bc8
247923.0,3749463,python,[JIT],0x0000e07d3f0dbacc
247921.0,3749208,python,[JIT],0x0000e7243c80e544
247915.0,3749463,python,[JIT],0x0000e07d3f8fe78c
247912.0,3749543,python,[JIT],0x0000f0a3d1d84430
247909.0,3749208,python,[JIT],0x0000e7243c8b96ac
247894.0,3749240,python,[JIT],0x0000ee2d4d0fc1fc
247891.0,3749240,python,[JIT],0x0000ee2d4d2f7578
247884.0,3749208,python,[JIT],0x0000e7243bf741dc
247879.0,3749543,python,[kernel.kallsyms],blk_cgroup_congested
247878.0,3749463,python,[JIT],0x0000e07d3f93d958
247868.0,3749543,python,[JIT],0x0000f0a3d1cd2108
247864.0,3749240,python,[JIT],0x0000ee2d4d0eb324
247860.0,3749543,python,[JIT],0x0000f0a3d19741d4
247847.0,3749463,python,[JIT],0x0000e07d3f9367f8
247837.0,3749463,python,[JIT],0x0000e07d3f6fc208
247825.0,3749336,python,[JIT],0x0000e82e995b7dd8
247818.0,3749543,python,[JIT],0x0000f0a3d1d86170
247805.0,3749586,python,[JIT],0x0000f45d96e16a44
247804.0,3749463,python,libc.so.6,__strlen_asimd
247800.0,3749586,python,[JIT],0x0000f45d96e1cb6c
247787.0,3749543,python,[JIT],0x0000f0a3d1d87880
247783.0,3749543,python,[JIT],0x0000f0a3d18f0548
247775.0,3749208,python,[JIT],0x0000e7243c8bb668
247763.0,3749463,python,python,_PyObject_LookupSpecial
247759.0,3749208,python,[JIT],0x0000e7243c805978
247742.0,3749208,python,[JIT],0x0000e7243bee94d8
247733.0,3749208,python,[JIT],0x0000e7243c808690
247731.0,3749463,python,[JIT],0x0000e07d3f6f602c
247728.0,3749463,python,[JIT],0x0000e07d3f094068
247700.0,3749463,python,[JIT],0x0000e07d3f8fee84
247693.0,3749336,python,[JIT],0x0000e82e99efd388
247684.0,3749240,python,[JIT],0x0000ee2d4d2f60bc
247670.0,3749240,python,[JIT],0x0000ee2d4d2f299c
247662.0,3749463,python,[JIT],0x0000e07d3f9e99cc
247659.0,3749543,python,[JIT],0x0000f0a3d1d81158
247653.0,3749463,python,python,subtype_dealloc
247652.0,3749336,python,[JIT],0x0000e82e99e444f0
247609.0,3749543,python,[JIT],0x0000f0a3d13fb9e8
247599.0,3749208,python,[JIT],0x0000e7243c8b6218
247598.0,3749208,python,[JIT],0x0000e7243bf4e154
247576.0,3749240,python,[JIT],0x0000ee2d4c9c10c4
247573.0,3749208,python,[JIT],0x0000e7243c8b3dfc
247564.0,3749240,python,[kernel.kallsyms],__handle_mm_fault
247540.0,3749208,python,[JIT],0x0000e7243c8b8d60
247539.0,3749336,python,[JIT],0x0000e82e99e49934
247524.0,3749543,python,[JIT],0x0000f0a3d1cdf04c
247507.0,3749463,python,[JIT],0x0000e07d3f93f0ac
247500.0,3749336,python,[JIT],0x0000e82e99e4e3cc
247492.0,3749543,python,[JIT],0x0000f0a3d1d8c3d8
247485.0,3749586,python,[JIT],0x0000f45d965b140c
247470.0,3749463,python,python,_PyUnicode_InternMortal
247456.0,3749586,python,[JIT],0x0000f45d96e1ce84
247448.0,3749208,python,[JIT],0x0000e7243c808324
247445.0,3749240,python,[JIT],0x0000ee2d4ca52cf0
247429.0,3749463,python,[JIT],0x0000e07d3f9e233c
247418.0,3749208,python,[JIT],0x0000e7243c8b7df0
247385.0,3749336,python,[JIT],0x0000e82e99e0f318
247381.0,3749240,python,python,clear_slots
247374.0,3749336,python,[JIT],0x0000e82e99e490c4
247366.0,3749240,python,[JIT],0x0000ee2d4ca5d7d8
247345.0,3749586,python,[JIT],0x0000f45d965b5564
247342.0,3749586,python,[JIT],0x0000f45d96e1cbd0
247337.0,3749463,python,[JIT],0x0000e07d3f93f158
247312.0,3749463,python,[JIT],0x0000e07d3f6f5720
247294.0,3749336,python,[JIT],0x0000e82e99e433bc
247293.0,3749543,python,[JIT],0x0000f0a3d13c128c
247293.0,3749463,python,python,_PyObject_MakeTpCall
247291.0,3749586,python,[JIT],0x0000f45d96af90dc
247289.0,3749208,python,[JIT],0x0000e7243c8b8ef4
247257.0,3749463,python,[JIT],0x0000e07d3f9e184c
247255.0,3749208,python,[JIT],0x0000e7243c8bb478
247243.0,3749543,python,[JIT],0x0000f0a3d19782f8
247233.0,3749336,python,[JIT],0x0000e82e995b3290
247208.0,3749543,python,[JIT],0x0000f0a3d1d8d264
247193.0,3749240,python,[JIT],0x0000ee2d4ca962a4
247187.0,3749586,python,[JIT],0x0000f45d965411d4
247182.0,3749240,python,[JIT],0x0000ee2d4ca21044
247177.0,3749240,python,python,dict_traverse
247176.0,3749336,python,[JIT],0x0000e82e995fd228
247174.0,3749208,python,[JIT],0x0000e7243c8b3084
247095.0,3749463,python,[JIT],0x0000e07d3f9e210c
247060.0,3749240,python,[JIT],0x0000ee2d4c9f821c
247043.0,3749543,python,[JIT],0x0000f0a3d190915c
247028.0,3749208,python,[JIT],0x0000e7243c80c53c
247026.0,3749336,python,[JIT],0x0000e82e9958d11c
246999.0,3749336,python,[JIT],0x0000e82e99e445a8
246975.0,3749543,python,[JIT],0x0000f0a3d1906694
246919.0,3749463,python,[JIT],0x0000e07d3f6fda38
246883.0,3749586,python,[JIT],0x0000f45d9654c000
246872.0,3749208,python,[JIT],0x0000e7243c8b84c0
246872.0,3749543,python,[JIT],0x0000f0a3d18ff1b0
246858.0,3749586,python,[JIT],0x0000f45d965b52f8
246858.0,3749463,python,[JIT],0x0000e07d3f9332b8
246834.0,3749240,python,python,subtype_traverse
246831.0,3749240,python,[JIT],0x0000ee2d4ca21384
246825.0,3749208,python,[JIT],0x0000e7243c8058a4
246799.0,3749543,python,[JIT],0x0000f0a3d1d823ec
246782.0,3749586,python,[JIT],0x0000f45d96e17718
246677.0,3749586,python,[JIT],0x0000f45d965b1148
246665.0,3749240,python,[JIT],0x0000ee2d4d0faa4c
246656.0,3749336,python,[JIT],0x0000e82e99e47544
246639.0,3749463,python,[JIT],0x0000e07d3f0966c4
246637.0,3749208,python,[JIT],0x0000e7243c8b611c
246618.0,3749208,python,[JIT],0x0000e7243bf4576c
246612.0,3749463,python,[JIT],0x0000e07d3f09e87c
246584.0,3749336,python,[JIT],0x0000e82e99e4a894
246547.0,3749240,python,[JIT],0x0000ee2d4ca9b9e4
246523.0,3749586,python,[JIT],0x0000f45d965ba100
246511.0,3749543,python,[JIT],0x0000f0a3d1903174
246492.0,3749586,python,[JIT],0x0000f45d96545340
246479.0,3749208,python,[JIT],0x0000e7243bf1658c
246457.0,3749240,python,[JIT],0x0000ee2d4d0f27b0
246417.0,3749543,python,[JIT],0x0000f0a3d1d8da28
246385.0,3749240,python,[JIT],0x0000ee2d4ca5b9ac
246377.0,3749336,python,[JIT],0x0000e82e99e47e98
246283.0,3749240,python,[JIT],0x0000ee2d4d0ec504
246270.0,3749586,python,[JIT],0x0000f45d96af89dc
246237.0,3749586,python,[JIT],0x0000f45d96ec284c
246226.0,3749240,python,[JIT],0x0000ee2d4d0ec8a0
246210.0,3749208,python,[JIT],0x0000e7243c80b514
246181.0,3749208,python,[JIT],0x0000e7243c8b622c
246004.0,3749586,python,[JIT],0x0000f45d964b5b98
245979.0,3749208,python,[JIT],0x0000e7243bfb9044
245600.0,3749586,python,[JIT],0x0000f45d9651e000
245599.0,3749208,python,[JIT],0x0000e7243c80e6b4
245507.0,3749208,python,[JIT],0x0000e7243bf1649c
245491.0,3749586,python,[JIT],0x0000f45d96575054
245353.0,3749208,python,[JIT],0x0000e7243c8b3fe0
245280.0,3749463,python,[JIT],0x0000e07d3f065054
245247.0,3749463,python,[JIT],0x0000e07d3f099f78
245109.0,3749336,python,[JIT],0x0000e82e99e4926c
245015.0,3749586,python,[JIT],0x0000f45d9654742c
244987.0,3749208,python,[JIT],0x0000e7243c80581c
244889.0,3749463,python,[JIT],0x0000e07d3f9e9204
244870.0,3749463,python,[JIT],0x0000e07d3f931320
244698.0,3749208,python,[JIT],0x0000e7243bf4c610
244611.0,3749240,python,[JIT],0x0000ee2d4d2f9200
244579.0,3749463,python,[JIT],0x0000e07d3f0d27e4
244405.0,3749463,python,[kernel.kallsyms],_raw_spin_unlock_irqrestore
244332.0,3749240,python,[JIT],0x0000ee2d4ca59124
244290.0,3749463,python,[JIT],0x0000e07d3f6f63ec
244126.0,3749336,python,[JIT],0x0000e82e9958c8f0
243992.0,3749586,python,[JIT],0x0000f45d96af8524
243884.0,3749463,python,[JIT],0x0000e07d3f9357a8
243385.0,3749586,python,[JIT],0x0000f45d96e110c8
243224.0,3749543,python,[JIT],0x0000f0a3d139e744
243140.0,3749336,python,[JIT],0x0000e82e99552468
242843.0,3749543,python,[JIT],0x0000f0a3d1909c9c
242817.0,3749336,python,[JIT],0x0000e82e995b8bf4
242674.0,3749208,python,[JIT],0x0000e7243bf4cde4
242468.0,3749543,python,[JIT],0x0000f0a3d1d87e80
242389.0,3749463,python,[JIT],0x0000e07d3f9e56a0
241796.0,3749463,python,[JIT],0x0000e07d3f09c4ac
241617.0,3749543,python,[JIT],0x0000f0a3d1cdb274
241496.0,3749463,python,[JIT],0x0000e07d3f9e1810
241483.0,3749336,python,[JIT],0x0000e82e995b1fd8
241332.0,3749463,python,[JIT],0x0000e07d3f8fe1c4
241103.0,3749586,python,[JIT],0x0000f45d96af708c
241037.0,3749543,python,[JIT],0x0000f0a3d18f61b8
241030.0,3749463,python,[JIT],0x0000e07d3f9e1ea8
240400.0,3749208,python,[JIT],0x0000e7243bf75fec
240374.0,3749208,python,[JIT],0x0000e7243bf1a1dc
240297.0,3749240,python,[JIT],0x0000ee2d4ca299e0
240191.0,3749543,python,[JIT],0x0000f0a3d1974498
239831.0,3749208,python,[JIT],0x0000e7243bf4f20c
239496.0,3749463,python,[JIT],0x0000e07d3f6ee334
239350.0,3749543,python,[JIT],0x0000f0a3d1cdcdb8
239238.0,3749463,python,[JIT],0x0000e07d3f0d409c
239221.0,3749463,python,[JIT],0x0000e07d3f935548
238867.0,3749240,python,[JIT],0x0000ee2d4c9f4a38
238731.0,3749543,python,[JIT],0x0000f0a3d190a228
237982.0,3749240,python,[JIT],0x0000ee2d4d2ff034
237914.0,3749463,python,[JIT],0x0000e07d3f9e1158
237807.0,3749463,python,[JIT],0x0000e07d3f06b11c
237237.0,3749208,python,[JIT],0x0000e7243c80595c
237055.0,3749336,python,[JIT],0x0000e82e99e4eb28
235814.0,3749586,python,[JIT],0x0000f45d96afc4e4
235556.0,3749240,python,[JIT],0x0000ee2d4d0f969c
234786.0,3749463,python,[JIT],0x0000e07d3f034ca4
234765.0,3749543,python,[JIT],0x0000f0a3d1cd925c
234751.0,3749586,python,[JIT],0x0000f45d96e1c3e8
234634.0,3749208,python,[JIT],0x0000e7243bf42450
233714.0,3749240,python,[JIT],0x0000ee2d4d3a10b0
233584.0,3749543,python,[JIT],0x0000f0a3d1d8c830
233441.0,3749463,python,[JIT],0x0000e07d3f6fb084
233406.0,3749208,python,[JIT],0x0000e7243beb12e4
233310.0,3749586,python,python,_PyObject_MakeTpCall
233266.0,3749208,python,[JIT],0x0000e7243c805dfc
233143.0,3749240,python,[JIT],0x0000ee2d4d3d1110
232870.0,3749586,python,[JIT],0x0000f45d96e127f8
232870.0,3749463,python,[JIT],0x0000e07d3f6eb150
232833.0,3749208,python,[JIT],0x0000e7243beec004
232686.0,3749543,python,python,PyLong_AsLongAndOverflow
232682.0,3749208,python,[JIT],0x0000e7243c807214
232117.0,3749240,python,[JIT],0x0000ee2d4ca21038
232094.0,3749240,python,[JIT],0x0000ee2d4ca29dcc
231810.0,3749336,python,[JIT],0x0000e82e99e47e20
231680.0,3749240,python,[JIT],0x0000ee2d4ca562c0
230509.0,3749543,python,[JIT],0x0000f0a3d1d846e4
229689.0,3749240,python,[JIT],0x0000ee2d4d0f9ae8
229565.0,3749208,python,[JIT],0x0000e7243c8b456c
229263.0,3749240,python,[JIT],0x0000ee2d4d2fc5f0
228931.0,3749463,python,[JIT],0x0000e07d3f06b1e8
228774.0,3749543,python,python,emit__CHECK_STACK_SPACE_OPERAND_r00
227727.0,3749336,python,[JIT],0x0000e82e99ef6508
226387.0,3749208,python,python,PyErr_GetRaisedException
224614.0,3749543,python,[JIT],0x0000f0a3d1d8b48c
218674.0,3749208,python,python,_Py_Specialize_ToBool
214564.0,3749240,python,[JIT],0x0000ee2d4d2f7910
203747.0,3749463,python,[JIT],0x0000e07d3f6f7194
162848.0,3749240,python,python,PyTime_AsSecondsDouble
126042.0,3749240,python,python,PyDict_Watch
51500.0,3749543,python,python,_PyUnicode_BinarySlice
33950.0,3749383,python,[kernel.kallsyms],task_mm_cid_work
32606.0,3749586,python,[kernel.kallsyms],task_mm_cid_work
29788.0,3749336,python,[kernel.kallsyms],_find_next_bit
28617.0,3749463,python,[kernel.kallsyms],__rcu_read_unlock
27216.0,3749240,python,[kernel.kallsyms],task_mm_cid_work
17607.0,3749383,python,[kernel.kallsyms],_raw_spin_unlock_irq
14937.0,3749336,python,[kernel.kallsyms],task_mm_cid_work
14019.0,3749240,python,[kernel.kallsyms],do_notify_resume
12307.0,3749586,python,[kernel.kallsyms],__rcu_read_unlock
12307.0,3749586,python,[kernel.kallsyms],do_notify_resume
11695.0,3749586,python,[kernel.kallsyms],sched_mm_cid_remote_clear
10210.0,3749543,python,[kernel.kallsyms],do_notify_resume
7490.0,3749336,python,[kernel.kallsyms],do_notify_resume
5682.0,3749586,python,[kernel.kallsyms],__rcu_read_unlock
5494.0,3749586,python,[kernel.kallsyms],do_notify_resume
1.0,3749208,python,[kernel.kallsyms],finish_task_switch.isra.0
1.0,3749586,python,[kernel.kallsyms],finish_task_switch.isra.0
1.0,3749586,python,[kernel.kallsyms],finish_task_switch.isra.0
1.0,3749240,python,[kernel.kallsyms],finish_task_switch.isra.0
1.0,3749240,python,[kernel.kallsyms],finish_task_switch.isra.0
1.0,3749383,python,[kernel.kallsyms],finish_task_switch.isra.0
1.0,3749543,python,[kernel.kallsyms],finish_task_switch.isra.0
1.0,3749336,python,[kernel.kallsyms],finish_task_switch.isra.0
1.0,3749543,python,[kernel.kallsyms],finish_task_switch.isra.0
1.0,3749463,python,[kernel.kallsyms],finish_task_switch.isra.0
1.0,3749336,python,[kernel.kallsyms],finish_task_switch.isra.0
1.0,3749463,python,[kernel.kallsyms],finish_task_switch.isra.0
