self,pid,command,shared_obj,symbol
133025234.0,3763190,python,python,_PyEval_EvalFrameDefault
87048681.0,3763238,python,python,_PyEval_EvalFrameDefault
83687163.0,3763211,python,python,_PyEval_EvalFrameDefault
78608945.0,3763357,python,python,_PyEval_EvalFrameDefault
77440046.0,3763330,python,python,_PyEval_EvalFrameDefault
70423131.0,3763421,python,python,_PyEval_EvalFrameDefault
65329735.0,3763190,python,python,_PyObject_Malloc
59802330.0,3763357,python,python,_PyTypeCache_Lookup
58561406.0,3763421,python,python,_PyTypeCache_Lookup
55745422.0,3763238,python,python,_PyObject_Malloc
55600026.0,3763421,python,python,_PyObject_Malloc
55110707.0,3763190,python,python,_PyTypeCache_Lookup
54880513.0,3763238,python,python,_PyTypeCache_Lookup
51855051.0,3763357,python,python,_PyObject_Malloc
50926466.0,3763330,python,python,_PyTypeCache_Lookup
48116562.0,3763190,python,python,tuple_dealloc
47952682.0,3763211,python,python,_PyObject_Malloc
46617963.0,3763330,python,python,_PyObject_Malloc
44315181.0,3763211,python,python,_PyTypeCache_Lookup
42218644.0,3763190,python,python,PyArg_UnpackTuple
41672600.0,3763190,python,python,_Py_VectorCall_StackRefSteal
40479965.0,3763421,python,python,_PyFrame_ClearExceptCode
39213160.0,3763190,python,python,_Py_Dealloc
38688216.0,3763190,python,python,_PyFrame_ClearExceptCode
38413191.0,3763330,python,python,_Py_Dealloc
36704122.0,3763330,python,python,_PyFrame_ClearExceptCode
36235341.0,3763211,python,python,_PyFrame_ClearExceptCode
36182062.0,3763421,python,python,_Py_Dealloc
36014763.0,3763357,python,python,weakref___new__
35987132.0,3763211,python,python,_Py_Dealloc
35770344.0,3763357,python,python,_PyFrame_ClearExceptCode
35040555.0,3763238,python,python,tuple_dealloc
35002467.0,3763330,python,python,tuple_dealloc
34591021.0,3763421,python,python,_Py_VectorCall_StackRefSteal
34529403.0,3763190,python,python,PyTuple_FromArray.part.0
34500209.0,3763211,python,python,_Py_VectorCall_StackRefSteal
33756535.0,3763238,python,python,_Py_VectorCall_StackRefSteal
33305196.0,3763190,python,python,weakref___new__
32770106.0,3763357,python,python,_Py_Dealloc
32659431.0,3763421,python,python,weakref___new__
32518247.0,3763190,python,python,_PyObject_Free
32289088.0,3763238,python,python,_PyFrame_ClearExceptCode
31921986.0,3763211,python,python,weakref___new__
31469950.0,3763357,python,python,_Py_dict_lookup
31280541.0,3763357,python,python,tuple_dealloc
31087041.0,3763238,python,python,PyTuple_FromArray.part.0
30951838.0,3763299,python,python,_PyEval_EvalFrameDefault
30546926.0,3763238,python,python,weakref___new__
30537538.0,3763211,python,python,tuple_dealloc
30296772.0,3763421,python,python,tuple_dealloc
30237381.0,3763330,python,python,PyTuple_FromArray.part.0
29818631.0,3763238,python,python,PyArg_UnpackTuple
29790890.0,3763421,python,python,PyArg_UnpackTuple
29771530.0,3763421,python,python,PyTuple_FromArray.part.0
29548345.0,3763330,python,python,PyArg_UnpackTuple
29157580.0,3763357,python,python,_PyEval_EvalFrameDefault
29049847.0,3763357,python,python,PyArg_UnpackTuple
29008127.0,3763238,python,python,_Py_Dealloc
28858369.0,3763238,python,python,PyObject_RichCompareBool
28821908.0,3763421,python,python,_PyObject_Free
28794843.0,3763357,python,python,_PyObject_Free
28781483.0,3763357,python,python,PyTuple_FromArray.part.0
28557107.0,3763330,python,python,_Py_VectorCall_StackRefSteal
28343673.0,3763211,python,python,_PyEval_EvalFrameDefault
28295317.0,3763330,python,python,_Py_dict_lookup
28246255.0,3763211,python,python,PyArg_UnpackTuple
28022314.0,3763190,python,python,PyObject_RichCompareBool
27878071.0,3763421,python,python,_PyEval_EvalFrameDefault
27797614.0,3763190,python,python,_PyObject_MakeTpCall
27768943.0,3763190,python,python,_Py_dict_lookup
27544984.0,3763190,python,python,_PyType_LookupStackRefAndVersion
27258572.0,3763238,python,python,_PyEval_EvalFrameDefault
26584892.0,3763211,python,python,_PyObject_Free
26350209.0,3763190,python,python,_Py_type_getattro_stackref
26248536.0,3763357,python,python,PyObject_RichCompareBool
26076799.0,3763211,python,python,_Py_dict_lookup
25650746.0,3763330,python,python,_PyEval_EvalFrameDefault
25518455.0,3763330,python,python,weakref___new__
25312323.0,3763190,python,python,tuple_alloc
25265478.0,3763330,python,python,_PyObject_Free
24828329.0,3763238,python,python,_Py_dict_lookup
24823274.0,3763211,python,python,PyObject_RichCompareBool
24069583.0,3763330,python,python,_Py_type_getattro_stackref
23794543.0,3763211,python,python,PyTuple_FromArray.part.0
23564244.0,3763330,python,python,_PyObject_MakeTpCall
23326157.0,3763421,python,python,tuple_alloc
23085417.0,3763238,python,python,_PyType_LookupStackRefAndVersion
23075862.0,3763421,python,python,PyObject_RichCompareBool
22848735.0,3763238,python,python,_PyObject_Free
22844426.0,3763357,python,python,_PyObject_MakeTpCall
22584275.0,3763330,python,python,tuple_alloc
22387573.0,3763238,python,python,tuple_alloc
22358910.0,3763421,python,python,_Py_dict_lookup
22078153.0,3763330,python,python,PyObject_RichCompareBool
22072512.0,3763357,python,python,_Py_type_getattro_stackref
21922518.0,3763357,python,python,_Py_VectorCall_StackRefSteal
21848358.0,3763211,python,python,_Py_type_getattro_stackref
21614727.0,3763421,python,python,_Py_type_getattro_stackref
21113604.0,3763211,python,python,_PyObject_MakeTpCall
21082197.0,3763421,python,python,_PyObject_MakeTpCall
20613883.0,3763190,python,python,_PyEval_FrameClearAndPop
20601463.0,3763421,python,python,_PyType_LookupStackRefAndVersion
19387389.0,3763238,python,python,_Py_type_getattro_stackref
18621300.0,3763238,python,python,_PyObject_MakeTpCall
18363633.0,3763211,python,python,tuple_alloc
18123364.0,3763211,python,python,_PyType_LookupStackRefAndVersion
18100315.0,3763357,python,python,tuple_alloc
17885449.0,3763190,python,python,PyObject_GC_UnTrack
17863508.0,3763421,python,python,PyObject_GC_UnTrack
17625884.0,3763190,python,python,set_lookkey
17130452.0,3763211,python,python,PyObject_GC_UnTrack
17126554.0,3763330,python,python,_PyType_LookupStackRefAndVersion
16636819.0,3763238,python,python,PyObject_GC_UnTrack
16082295.0,3763357,python,python,_PyType_LookupStackRefAndVersion
15640533.0,3763330,python,python,_PyEval_FrameClearAndPop
15397328.0,3763357,python,python,PyObject_GC_UnTrack
15379918.0,3763421,python,python,PyObject_Vectorcall
14897337.0,3763190,python,python,PyObject_GetOptionalAttr
14643303.0,3763238,python,python,_Py_BuiltinCallFast_StackRef
14643179.0,3763190,python,python,unicodekeys_lookup_unicode
14590375.0,3763357,python,python,set_lookkey
14400039.0,3763211,python,python,set_lookkey
14399275.0,3763330,python,python,_Py_BuiltinCallFast_StackRef
14384481.0,3763190,python,python,PyObject_Vectorcall
14109286.0,3763190,python,python,_Py_BuiltinCallFast_StackRef
13656164.0,3763357,python,python,_PyEval_FrameClearAndPop
13655087.0,3763421,python,python,_Py_BuiltinCallFast_StackRef
13645933.0,3763330,python,python,_PyObject_GC_New
13412313.0,3763190,python,python,initialize_locals
13408035.0,3763190,python,python,_PyObject_GC_New
13393358.0,3763421,python,python,set_lookkey
13160190.0,3763357,python,python,unicodekeys_lookup_unicode
13159150.0,3763330,python,python,PyObject_GC_UnTrack
12915613.0,3763421,python,python,_Py_NewReference
12911398.0,3763238,python,python,_PyEval_FrameClearAndPop
12909785.0,3763357,python,python,_Py_BuiltinCallFast_StackRef
12908339.0,3763330,python,python,PyObject_GC_Del
12818901.0,3763238,python,python,_Py_NewReference
12663191.0,3763190,python,python,wrap_descr_get
12661184.0,3763330,python,python,set_lookkey
12657379.0,3763421,python,python,unicodekeys_lookup_unicode
12603004.0,3763330,python,python,PyObject_Vectorcall
12412348.0,3763357,python,python,PyObject_Vectorcall
12410834.0,3763190,python,python,PyObject_GC_Del
12353654.0,3763211,python,python,PyObject_Vectorcall
12069796.0,3763421,python,python,_PyEval_FrameClearAndPop
11920072.0,3763421,python,python,frame_dealloc
11918867.0,3763211,python,python,_Py_BuiltinCallFast_StackRef
11913553.0,3763211,python,python,_Py_NewReference
11670295.0,3763190,python,python,_Py_NewReference
11648257.0,3763190,python,python,getset_get
11609958.0,3763211,python,python,_PyEval_FrameClearAndPop
11425640.0,3763211,python,python,wrap_descr_get
11420125.0,3763238,python,python,_PyObject_GenericGetAttrWithDict
11412161.0,3763357,python,python,PyObject_GC_Del
11193100.0,3763238,python,python,frame_dealloc
11182795.0,3763190,python,python,_abc__abc_instancecheck
11173841.0,3763238,python,python,PyObject_GetOptionalAttr
11173734.0,3763238,python,python,unicodekeys_lookup_unicode
11172830.0,3763190,python,python,PyType_IsSubtype
11172802.0,3763238,python,python,initialize_locals
11172343.0,3763238,python,python,PyObject_Vectorcall
11077321.0,3763357,python,python,_PyEvalFramePushAndInit
10924430.0,3763421,python,python,PyObject_GC_Del
10924391.0,3763421,python,python,getset_get
10923579.0,3763330,python,python,PyType_IsSubtype
10921035.0,3763421,python,python,initialize_locals
10702148.0,3763211,python,python,getset_get
10678105.0,3763238,python,python,set_lookkey
10676681.0,3763421,python,python,PyType_IsSubtype
10675919.0,3763330,python,python,initialize_locals
10674812.0,3763238,python,python,PyObject_GC_Del
10671600.0,3763357,python,python,PyType_IsSubtype
10428443.0,3763357,python,python,_PyObject_GenericGetAttrWithDict
10425768.0,3763238,python,python,_PyObject_GC_New
10407620.0,3763190,python,python,_PyEvalFramePushAndInit
10181929.0,3763330,python,python,_Py_NewReference
10179329.0,3763330,python,python,_PyObject_GenericGetAttrWithDict
10177417.0,3763330,python,python,_PyEvalFramePushAndInit
10165594.0,3763330,python,python,wrap_descr_get
10139490.0,3763357,python,python,_Py_NewReference
9933671.0,3763357,python,python,frame_dealloc
9932126.0,3763238,python,python,wrap_descr_get
9929727.0,3763211,python,python,PyObject_GC_Del
9907541.0,3763357,python,python,initialize_locals
9706259.0,3763211,python,python,_PyThreadState_PopFrame
9684267.0,3763357,python,python,PyObject_GetOptionalAttr
9684024.0,3763190,python,python,_PyObject_GenericGetAttrWithDict
9683388.0,3763190,python,python,type_call
9679823.0,3763211,python,python,PySequence_Contains
9675328.0,3763421,python,python,wrap_descr_get
9666289.0,3763190,python,python,PyList_New.constprop.0
9459198.0,3763190,python,python,_PyJIT_Entry
9439810.0,3763211,python,python,unicodekeys_lookup_unicode
9436804.0,3763330,python,python,frame_dealloc
9434602.0,3763190,python,python,PySequence_Contains
9432251.0,3763211,python,python,frame_dealloc
9422065.0,3763190,python,python,frame_dealloc
9399504.0,3763330,python,python,unicodekeys_lookup_unicode
9216826.0,3763238,python,python,_PyObject_GetAttrStackRef
9187279.0,3763357,python,python,_PyObject_GC_New
9186825.0,3763357,python,python,wrap_descr_get
8943428.0,3763190,python,python,call_special_method
8940206.0,3763190,python,python,bounded_lru_cache_wrapper
8938434.0,3763211,python,python,initialize_locals
8937206.0,3763421,python,python,_PyObject_GC_New
8934821.0,3763330,python,python,getset_get
8930546.0,3763330,python,python,PySequence_Contains
8928938.0,3763357,python,python,type_call
8925162.0,3763421,python,python,PyObject_GetOptionalAttr
8690158.0,3763238,python,python,_PyEvalFramePushAndInit
8675640.0,3763357,python,python,_abc__abc_instancecheck
8668777.0,3763421,python,python,_PyEvalFramePushAndInit
8449639.0,3763238,python,python,PyType_IsSubtype
8444680.0,3763211,python,python,PyObject_GetOptionalAttr
8444058.0,3763211,python,python,PyWeakref_NewRef
8442229.0,3763357,python,python,getset_get
8442145.0,3763211,python,python,PyDictProxy_New
8433140.0,3763211,python,python,_PyObject_GC_Link
8209196.0,3763421,python,python,_abc__abc_instancecheck
8192579.0,3763211,python,python,PyObject_Hash
7946620.0,3763211,python,python,_PyEvalFramePushAndInit
7945789.0,3763238,python,python,PyWeakref_NewRef
7943309.0,3763238,python,python,getset_get
7942392.0,3763211,python,python,_PyObject_GC_New
7942015.0,3763190,python,python,PyObject_Malloc
7703341.0,3763357,python,python,tuple_hash
7697224.0,3763238,python,python,type_call
7696773.0,3763421,python,python,PyObject_Hash
7680642.0,3763190,python,python,_PyObject_GC_Link
7678616.0,3763421,python,python,PySequence_Contains
7470099.0,3763421,python,python,_PyEval_Vector
7453523.0,3763238,python,python,_abc__abc_instancecheck
7450222.0,3763211,python,python,type_call
7448414.0,3763330,python,python,_abc__abc_instancecheck
7446516.0,3763330,python,python,_PyObject_GC_NewVar
7442318.0,3763330,python,python,PyObject_GetOptionalAttr
7441110.0,3763357,python,python,_PyThreadState_PopFrame
7213051.0,3763421,python,python,PyWeakref_NewRef
7200527.0,3763421,python,python,type_call
7200498.0,3763238,python,python,PySequence_Contains
7200477.0,3763421,python,python,_PyObject_GetAttrStackRef
7197251.0,3763190,python,python,PyErr_GetRaisedException
7195130.0,3763190,python,python,object_richcompare
6954000.0,3763357,python,python,PyWeakref_NewRef
6953007.0,3763357,python,python,_PyObject_GC_Link
6952037.0,3763330,python,python,weakref_hash
6951584.0,3763190,python,python,_PyObject_GC_NewVar
6945126.0,3763330,python,python,setiter_iternext
6900621.0,3763357,python,python,PyObject_Malloc
6713608.0,3763421,python,python,_PyTypeCache_Lookup
6708517.0,3763238,python,python,bounded_lru_cache_wrapper
6705736.0,3763190,python,python,PyObject_Hash
6705328.0,3763211,python,python,PyObject_Malloc
6705297.0,3763357,python,python,PyDict_Contains
6703345.0,3763330,python,python,type_call
6701438.0,3763190,python,python,wrapper_call
6701249.0,3763190,python,python,_PyStaticType_GetState
6699129.0,3763421,python,python,_PyJIT_Entry
6692596.0,3763330,python,python,_PyThreadState_PopFrame
6692201.0,3763190,python,python,_PyThreadState_PopFrame
6613698.0,3763421,python,python,_PyObject_Malloc
6607962.0,3763190,python,python,PyDictProxy_New
6460974.0,3763330,python,python,tuple_hash
6460138.0,3763211,python,python,_PyObject_GenericGetAttrWithDict
6457071.0,3763190,python,python,_PyList_AppendTakeRefListResize
6456708.0,3763190,python,python,_PyObject_GetAttrStackRef
6455668.0,3763421,python,python,_PyThreadState_PopFrame
6455524.0,3763211,python,python,PyType_IsSubtype
6455445.0,3763421,python,python,call_special_method
6455095.0,3763421,python,python,do_raise
6454239.0,3763238,python,python,_PyTypeCache_Lookup
6454227.0,3763330,python,python,_PyJIT_Entry
6403599.0,3763357,python,python,PyObject_Hash
6227981.0,3763190,python,python,PyMapping_Check
6211970.0,3763238,python,python,builtin_getattr
6211725.0,3763190,python,python,PyWeakref_NewRef
6209992.0,3763190,python,python,setiter_iternext
6208787.0,3763190,python,python,list_dealloc
6208383.0,3763190,python,python,tuple_hash
6207724.0,3763211,python,python,_PyStaticType_GetState
6207473.0,3763238,python,python,_PyObject_GC_Link
6207460.0,3763211,python,python,tuple_hash
6207437.0,3763211,python,python,object_richcompare
6206761.0,3763238,python,python,tuple_hash
6204997.0,3763357,python,python,PyList_New.constprop.0
6204928.0,3763357,python,python,vgetargskeywords_impl.constprop.0
6203157.0,3763421,python,python,_PyObject_GenericGetAttrWithDict
6198270.0,3763190,python,python,builtin_getattr
6181474.0,3763357,python,python,_PyObject_GetAttrStackRef
5963486.0,3763211,python,python,PyObject_IsInstance
5963115.0,3763421,python,python,weakref_hash
5960075.0,3763357,python,python,PyDictProxy_New
5959307.0,3763211,python,python,PyMapping_Check
5959110.0,3763421,python,python,PyList_New.constprop.0
5958985.0,3763238,python,python,PyObject_Hash
5957970.0,3763330,python,python,PyTraceBack_Here
5957735.0,3763421,python,python,builtin_getattr
5957288.0,3763238,python,python,_PyThreadState_PopFrame
5956971.0,3763421,python,python,PyTraceBack_Here
5955583.0,3763190,python,python,type_get_mro
5946410.0,3763190,python,python,PySet_Contains
5946393.0,3763190,python,python,_PyEval_Vector
5924854.0,3763357,python,python,bounded_lru_cache_wrapper
5711819.0,3763357,python,python,call_special_method
5711722.0,3763190,python,python,_PyDict_GetItemRef_KnownHash_LockHeld
5711421.0,3763190,python,python,_Py_CheckFunctionResult
5711234.0,3763421,python,python,PyException_GetTraceback
5710958.0,3763357,python,python,lru_cache_make_key
5710442.0,3763421,python,python,setiter_iternext
5710283.0,3763330,python,python,PyObject_Malloc
5709396.0,3763330,python,python,PyObject_Hash
5708485.0,3763357,python,python,wrapper_call
5707313.0,3763357,python,python,PyTraceBack_Here
5702630.0,3763357,python,python,_PyTypeCache_Lookup
5702591.0,3763299,python,python,_PyFrame_ClearExceptCode
5690189.0,3763357,python,python,PySequence_Contains
5676583.0,3763357,python,python,weakref_hash
5647292.0,3763238,python,python,PyObject_Malloc
5529720.0,3763190,python,python,vgetargskeywords_impl.constprop.0
5494517.0,3763211,python,python,_abc__abc_instancecheck
5466321.0,3763190,python,python,dict_get
5464969.0,3763211,python,python,_PyDict_GetItemRef_KnownHash
5463376.0,3763421,python,python,PyObject_Malloc
5463158.0,3763238,python,python,_PyDict_GetItemRef_KnownHash_LockHeld
5463007.0,3763190,python,python,weakref_hash
5462900.0,3763211,python,python,AttributeError_init
5462847.0,3763238,python,python,PyObject_Free
5462829.0,3763211,python,python,wrapper_call
5462706.0,3763421,python,python,object_richcompare
5462669.0,3763238,python,python,wrapper_call
5462382.0,3763211,python,python,lru_cache_make_key
5462348.0,3763238,python,python,PyList_New.constprop.0
5461513.0,3763421,python,python,tuple_hash
5461017.0,3763357,python,python,PyMapping_Check
5459533.0,3763238,python,python,vgetargskeywords_impl.constprop.0
5458598.0,3763190,python,python,weakref_richcompare
5457871.0,3763190,python,python,PyTuple_FromArray
5456920.0,3763211,python,python,vgetargskeywords_impl.constprop.0
5456336.0,3763211,python,python,setiter_iternext
5452122.0,3763421,python,python,PyErr_GetRaisedException
5267255.0,3763211,python,python,_PyEval_Vector
5236615.0,3763238,python,python,setiter_iternext
5223026.0,3763330,python,python,PyWeakref_NewRef
5219008.0,3763190,python,python,PyTraceBack_Here
5216238.0,3763190,python,python,PyObject_Free
5214547.0,3763211,python,python,_PyJIT_Entry
5214464.0,3763357,python,python,_PyDict_GetItemRef_KnownHash
5214123.0,3763421,python,python,_PyObject_GC_NewVar
5213964.0,3763330,python,python,object_richcompare
5213873.0,3763421,python,python,weakref_richcompare
5213310.0,3763330,python,python,_PyTypeCache_Lookup
5212003.0,3763190,python,python,PyErr_SetRaisedException
5209426.0,3763357,python,python,mappingproxy_dealloc
5208970.0,3763238,python,python,PyTraceBack_Here
5207208.0,3763357,python,python,do_raise
5206300.0,3763299,python,python,_PyTypeCache_Lookup
5192695.0,3763421,python,python,PyDictProxy_New
5183283.0,3763238,python,python,PyDict_Contains
5182256.0,3763357,python,python,_PyDict_GetItemRef_KnownHash_LockHeld
4970247.0,3763211,python,python,do_raise
4967619.0,3763211,python,python,weakref___init__
4967484.0,3763238,python,python,_Py_Dealloc
4967256.0,3763190,python,python,PyObject_IsInstance
4966861.0,3763357,python,python,object_richcompare
4966498.0,3763238,python,python,_PyJIT_Entry
4966226.0,3763211,python,python,_PyObject_GetAttrStackRef
4966056.0,3763238,python,python,weakref___init__
4965867.0,3763211,python,python,_PyObject_GC_NewVar
4965810.0,3763330,python,python,PyList_New.constprop.0
4965312.0,3763421,python,python,lru_cache_make_key
4965281.0,3763357,python,python,setiter_iternext
4964943.0,3763190,python,python,PyDict_Contains
4964800.0,3763421,python,python,PyDict_Contains
4963375.0,3763190,python,python,weakref___init__
4956868.0,3763330,python,python,_PyStaticType_GetState
4954770.0,3763211,python,python,bounded_lru_cache_wrapper
4953002.0,3763357,python,python,PyObject_Free
4938401.0,3763330,python,python,PyDictProxy_New
4928378.0,3763238,python,python,type_get_mro
4922374.0,3763357,python,python,PyArg_ParseTupleAndKeywords
4760587.0,3763357,python,python,_PyObject_Malloc
4739829.0,3763330,python,python,vgetargskeywords_impl.constprop.0
4729739.0,3763238,python,[JIT],0x0000f6dc2ff85a20
4719596.0,3763330,python,python,AttributeError_init
4718991.0,3763421,python,python,_PyObject_GC_Link
4718523.0,3763238,python,python,PyDictProxy_New
4718169.0,3763357,python,python,type_dict
4717821.0,3763211,python,python,weakref_hash
4717613.0,3763330,python,python,call_special_method
4717594.0,3763211,python,python,PyDict_Contains
4717543.0,3763211,python,python,_PyDict_GetItemRef_KnownHash_LockHeld
4717192.0,3763330,python,python,weakref_richcompare
4716851.0,3763330,python,python,dict_get
4715631.0,3763238,python,python,PyException_GetTraceback
4715308.0,3763421,python,python,list_dealloc
4714816.0,3763211,python,python,PyList_New.constprop.0
4713025.0,3763330,python,python,PyMapping_Check
4711726.0,3763211,python,python,PyObject_Free
4711424.0,3763421,python,python,vgetargskeywords_impl.constprop.0
4709565.0,3763421,python,python,_Py_CheckFunctionResult
4490123.0,3763421,python,python,PyMapping_Check
4476759.0,3763190,python,python,_PyDict_GetItemRef_KnownHash
4471355.0,3763330,python,python,_PyObject_GetAttrStackRef
4470821.0,3763421,python,python,mappingproxy_dealloc
4470166.0,3763357,python,python,_Py_CheckFunctionResult
4469794.0,3763211,python,python,list_dealloc
4469778.0,3763357,python,python,_PyJIT_Entry
4469711.0,3763238,python,python,get_exception_handler.isra.0
4469566.0,3763190,python,python,_PyCallMethodDescriptorFast_StackRef
4469509.0,3763357,python,python,type_get_mro
4469480.0,3763211,python,python,_PyTypeCache_Lookup
4469480.0,3763357,python,python,PyTuple_FromArray
4469350.0,3763211,python,python,builtin_getattr
4469343.0,3763211,python,python,_Py_type_getattro
4469216.0,3763238,python,python,PyErr_GetRaisedException
4469172.0,3763357,python,python,PyErr_GetRaisedException
4469151.0,3763238,python,python,_PyStaticType_GetState
4469064.0,3763357,python,python,weakref___init__
4469057.0,3763421,python,python,type_dict
4468889.0,3763330,python,python,PyDict_Contains
4468577.0,3763330,python,python,_PyObject_Malloc
4463754.0,3763330,python,python,tuple_dealloc
4460957.0,3763330,python,python,_Py_CheckFunctionResult
4460301.0,3763330,python,python,PyObject_IsInstance
4432232.0,3763357,python,python,PyObject_RichCompareBool
4326368.0,3763330,python,python,builtin_getattr
4247912.0,3763357,python,python,tuple_richcompare
4226708.0,3763238,python,python,call_special_method
4223479.0,3763421,python,python,PySet_Contains
4221680.0,3763211,python,python,tuple_richcompare
4221612.0,3763357,python,python,PyObject_IsInstance
4221081.0,3763421,python,python,PyObject_Call
4220973.0,3763238,python,python,weakref_hash
4220960.0,3763421,python,python,_PyDict_GetItemRef_KnownHash_LockHeld
4220958.0,3763421,python,python,_Py_Dealloc
4220737.0,3763299,python,python,_Py_VectorCall_StackRefSteal
4220671.0,3763330,python,python,list_dealloc
4218982.0,3763238,python,python,dict_dealloc
4218420.0,3763190,python,python,tuple_richcompare
4218409.0,3763330,python,python,dict_dealloc
4218322.0,3763190,python,python,mappingproxy_dealloc
4217879.0,3763330,python,python,PyObject_GC_Track
4217466.0,3763238,python,python,_PyObject_Malloc
3993252.0,3763211,python,python,call_special_method
3983823.0,3763211,python,python,weakref_richcompare
3982845.0,3763211,python,python,type_get_mro
3978846.0,3763238,python,python,PySet_Contains
3976299.0,3763211,python,python,get_exception_handler.isra.0
3975663.0,3763238,python,python,PyObject_IsInstance
3973872.0,3763299,python,python,_PyObject_Malloc
3973369.0,3763421,python,python,PyArg_ParseTupleAndKeywords
3973358.0,3763190,python,python,PyObject_GenericGetDict
3973248.0,3763357,python,python,PyObject_RichCompare
3972988.0,3763330,python,python,lru_cache_call
3972721.0,3763357,python,python,_PyEval_Vector
3972686.0,3763330,python,python,type_get_mro
3972670.0,3763211,python,libc.so.6,strchr
3972657.0,3763238,python,python,_PyDict_GetItemRef_KnownHash
3972605.0,3763238,python,python,AttributeError_init
3972409.0,3763421,python,python,type_get_mro
3972383.0,3763421,python,python,_PyDict_GetItemRef_KnownHash
3972365.0,3763330,python,python,_PyObject_GC_Link
3972256.0,3763190,python,python,infinite_lru_cache_wrapper
3972155.0,3763421,python,python,PyTuple_FromArray
3970896.0,3763190,python,python,AttributeError_init
3969062.0,3763211,python,python,PyTraceBack_Here
3968096.0,3763330,python,python,PyObject_RichCompareBool
3965564.0,3763211,python,python,_Py_CheckFunctionResult
3965258.0,3763190,python,python,dict_dealloc
3963626.0,3763330,python,python,_PyDict_GetItemRef_KnownHash_LockHeld
3752441.0,3763238,python,python,PyMapping_Check
3750095.0,3763357,python,python,_Py_VectorCall_StackRefSteal
3727885.0,3763238,python,python,_PyObject_Free
3726727.0,3763357,python,python,builtin_getattr
3726423.0,3763190,python,python,do_raise
3725273.0,3763190,python,python,_PyEval_MonitorRaise
3725244.0,3763357,python,python,new_dict.constprop.0
3725078.0,3763190,python,python,PyException_GetTraceback
3725068.0,3763357,python,python,_PyEval_MonitorRaise
3725000.0,3763357,python,python,PyException_GetTraceback
3724977.0,3763357,python,python,_Py_Check_ArgsIterable
3724880.0,3763190,python,python,_PyThreadState_PushFrame
3724761.0,3763238,python,python,_Py_VectorCall_StackRefSteal
3724747.0,3763238,python,python,lru_cache_make_key
3724516.0,3763238,python,python,_Py_type_getattro
3724399.0,3763421,python,python,get_exception_handler.isra.0
3724398.0,3763421,python,python,dict_dealloc
3724390.0,3763211,python,python,_Py_dict_lookup
3724346.0,3763211,python,python,PyArg_UnpackTuple
3724307.0,3763330,python,python,PyObject_Free
3724218.0,3763421,python,python,_PyStaticType_GetState
3724139.0,3763211,python,python,_PyErr_SetObject.part.0
3724102.0,3763211,python,python,PyErr_GetRaisedException
3723963.0,3763330,python,python,_PyType_AllocNoTrack
3723846.0,3763238,python,python,object_richcompare
3723776.0,3763421,python,python,PyObject_Free
3722152.0,3763357,python,python,_PyStaticType_GetState
3719943.0,3763238,python,python,PyObject_RichCompare
3718071.0,3763238,python,python,_Py_CheckFunctionResult
3717649.0,3763357,python,python,_Py_dict_lookup
3712638.0,3763190,python,[JIT],0x0000f1ba7f513f74
3685723.0,3763330,python,python,_PyDict_GetItemRef_KnownHash
3680084.0,3763421,python,python,bounded_lru_cache_wrapper
3577685.0,3763238,python,python,tuple_dealloc
3510819.0,3763211,python,python,_PyObject_Malloc
3499542.0,3763357,python,python,_PyFrame_ClearExceptCode
3493568.0,3763211,python,python,mappingproxy_dealloc
3486419.0,3763357,python,python,_PyObject_GC_NewVar
3479607.0,3763357,python,python,_Py_type_getattro
3478036.0,3763421,python,python,PyArg_UnpackTuple
3477408.0,3763190,python,python,_PyErr_SetObject.part.0
3477153.0,3763190,python,python,get_exception_handler.isra.0
3477151.0,3763211,python,python,PySet_Contains
3476842.0,3763190,python,python,PyArg_ParseTupleAndKeywords
3476596.0,3763190,python,libc.so.6,strchr
3476504.0,3763357,python,libc.so.6,strchr
3476472.0,3763211,python,python,PyException_GetTraceback
3476463.0,3763238,python,python,type_dict
3476206.0,3763238,python,python,mappingproxy_dealloc
3476145.0,3763238,python,python,new_dict.constprop.0
3476131.0,3763357,python,python,AttributeError_init
3475983.0,3763211,python,python,dict_get
3475971.0,3763357,python,python,list_dealloc
3475959.0,3763330,python,python,PyErr_GetRaisedException
3475951.0,3763211,python,python,type_dict
3475893.0,3763330,python,python,PyObject_RichCompare
3475865.0,3763421,python,python,tuple_richcompare
3475524.0,3763421,python,python,PyObject_IsInstance
3475134.0,3763357,python,python,PyObject_GC_Track
3473616.0,3763330,python,python,bounded_lru_cache_wrapper
3473591.0,3763238,python,python,PyObject_RichCompareBool
3473499.0,3763357,python,python,get_exception_handler.isra.0
3466658.0,3763330,python,python,PyException_GetTraceback
3462279.0,3763330,python,python,do_raise
3457559.0,3763238,python,python,weakref___new__
3442392.0,3763330,python,python,_Py_Dealloc
3233936.0,3763357,python,python,PyErr_SetRaisedException
3228970.0,3763421,python,python,infinite_lru_cache_wrapper
3228940.0,3763421,python,python,PyDescr_IsData
3228890.0,3763211,python,python,_PyObject_Free
3228699.0,3763190,python,python,lru_cache_make_key
3228540.0,3763238,python,python,weakref_richcompare
3228359.0,3763211,python,python,_PyFrame_ClearExceptCode
3228182.0,3763299,python,python,_PyObject_MakeTpCall
3228178.0,3763357,python,python,_Py_Dealloc
3228114.0,3763211,python,python,PyTuple_FromArray
3228112.0,3763357,python,python,_PyFrame_New_NoTrack
3228038.0,3763330,python,python,_PyFrame_ClearExceptCode
3228001.0,3763421,python,python,_PyEval_MonitorRaise
3227962.0,3763330,python,python,_Py_type_getattro
3227942.0,3763421,python,python,_PyFrame_MakeAndSetFrameObject
3227926.0,3763238,python,python,_Py_BuildMap_StackRefSteal
3227920.0,3763211,python,python,PyObject_GC_Track
3227906.0,3763421,python,python,PyMem_Free
3227866.0,3763421,python,python,_PyFrame_ClearExceptCode
3227800.0,3763238,python,python,_PyEval_MonitorRaise
3227769.0,3763330,python,python,_PyFrame_New_NoTrack
3227673.0,3763211,python,python,new_dict.constprop.0
3227634.0,3763330,python,python,PyDescr_IsData
3227616.0,3763421,python,python,_PyList_AppendTakeRefListResize
3227598.0,3763421,python,python,weakref___init__
3227552.0,3763330,python,python,mappingproxy_dealloc
3227409.0,3763330,python,python,_PyEval_MonitorRaise
3227389.0,3763238,python,python,_PyObject_GC_NewVar
3226499.0,3763330,python,python,lru_cache_make_key
3225756.0,3763238,python,python,_PyEval_Vector
3225554.0,3763357,python,python,tuple_dealloc
3225444.0,3763357,python,python,lru_cache_call
3225341.0,3763190,python,python,AttributeError_dealloc
3225181.0,3763330,python,python,get_exception_handler.isra.0
3224704.0,3763190,python,python,PyDescr_IsData
3223526.0,3763421,python,python,AttributeError_init
3223356.0,3763357,python,python,PySequence_Tuple
3219499.0,3763299,python,python,PyArg_UnpackTuple
3214804.0,3763330,python,python,tuple_richcompare
3205842.0,3763299,python,python,_PyType_LookupStackRefAndVersion
3199531.0,3763330,python,python,weakref___init__
3188317.0,3763211,python,python,_PyEval_MonitorRaise
3068807.0,3763238,python,python,_PyErr_SetObject.part.0
3056908.0,3763357,python,python,PyArg_UnpackTuple
2993699.0,3763211,python,python,_PyObject_MakeTpCall
2989153.0,3763211,python,python,weakref___new__
2983258.0,3763211,python,python,PyObject_Call
2980131.0,3763421,python,python,PyObject_GC_Track
2980115.0,3763357,python,python,tuple_alloc
2980080.0,3763190,python,python,_Py_type_getattro
2979921.0,3763211,python,python,_Py_VectorCall_StackRefSteal
2979834.0,3763421,python,python,_Py_dict_lookup
2979824.0,3763211,python,python,PyTuple_FromArray.part.0
2979744.0,3763211,python,python,_PyList_AppendTakeRefListResize
2979604.0,3763330,python,python,wrapperdescr_call
2979578.0,3763190,python,python,PyObject_IsSubclass
2979561.0,3763330,python,python,PyArg_ParseTupleAndKeywords
2979539.0,3763190,python,python,_Py_type_getattro_impl
2979518.0,3763330,python,python,tb_dealloc
2979494.0,3763330,python,python,PyObject_Call
2979371.0,3763211,python,python,PyArg_ParseTupleAndKeywords
2979364.0,3763330,python,python,_Py_VectorCall_StackRefSteal
2979320.0,3763238,python,python,tuple_richcompare
2979209.0,3763330,python,python,PyObject_GenericGetDict
2979074.0,3763421,python,python,PyObject_RichCompare
2979006.0,3763238,python,python,PyObject_GC_Track
2978947.0,3763238,python,python,_PyObject_Realloc
2978107.0,3763330,python,python,new_dict.constprop.0
2975217.0,3763211,python,python,dict_dealloc
2973625.0,3763357,python,python,_PyObject_MakeTpCall
2972934.0,3763238,python,python,PyTuple_FromArray
2965774.0,3763299,python,python,tuple_dealloc
2956025.0,3763357,python,python,weakref_richcompare
2737740.0,3763238,python,python,_Py_type_getattro_impl
2735478.0,3763238,python,python,_PyThreadState_PushFrame
2731969.0,3763357,python,python,_PyType_AllocNoTrack
2731888.0,3763190,python,python,_PyErr_SetObject
2731858.0,3763190,python,python,PyObject_RichCompare
2731835.0,3763190,python,[JIT],0x0000f1ba7f51918c
2731531.0,3763211,python,python,_PyCallMethodDescriptorFast_StackRef
2731486.0,3763211,python,python,PyObject_GenericGetDict
2731476.0,3763238,python,libc.so.6,strchr
2731424.0,3763238,python,python,tuple_alloc
2731419.0,3763238,python,[JIT],0x0000f6dc2ff880c8
2731337.0,3763211,python,python,_Py_type_getattro_stackref
2731310.0,3763421,python,python,_PyType_AllocNoTrack
2731307.0,3763238,python,python,wrapperdescr_call
2731252.0,3763238,python,python,dict_get
2731220.0,3763421,python,python,wrapper_call
2731198.0,3763421,python,python,PySequence_Tuple
2731142.0,3763238,python,python,PyArg_ParseTupleAndKeywords
2731125.0,3763211,python,python,PyObject_RichCompare
2731081.0,3763330,python,python,_PyEval_Vector
2730966.0,3763421,python,python,new_dict.constprop.0
2730875.0,3763421,python,python,_PyErr_SetObject.part.0
2730833.0,3763330,python,python,type_dict
2730804.0,3763421,python,libc.so.6,strchr
2730780.0,3763421,python,[JIT],0x0000f70065d42f74
2730087.0,3763190,python,python,type_dict
2729862.0,3763421,python,python,lru_cache_call
2729860.0,3763238,python,python,PyErr_SetRaisedException
2729038.0,3763190,python,python,_PyFrame_MakeAndSetFrameObject
2726984.0,3763238,python,python,PyTuple_FromArray.part.0
2722360.0,3763190,python,python,PyMem_Free
2721103.0,3763330,python,python,weakref___new__
2587979.0,3763299,python,python,PyTuple_FromArray.part.0
2502074.0,3763211,python,python,PyErr_SetRaisedException
2497659.0,3763238,python,python,_PyType_AllocNoTrack
2489048.0,3763238,python,python,PySequence_Tuple
2485081.0,3763211,python,[JIT],0x0000e406ca5bd42c
2483699.0,3763421,python,python,_PyEval_CheckExceptTypeValid
2483629.0,3763238,python,python,_Py_dict_lookup
2483626.0,3763190,python,[JIT],0x0000f1ba7f51b0c8
2483514.0,3763190,python,python,new_dict.constprop.0
2483470.0,3763421,python,python,PyObject_RichCompareBool
2483333.0,3763238,python,python,tb_dealloc
2483261.0,3763238,python,python,_PyObject_MakeTpCall
2483114.0,3763330,python,python,PySet_Contains
2483114.0,3763211,python,python,subtype_dict
2483102.0,3763357,python,python,wrap_descr_get
2483066.0,3763421,python,python,_Py_type_getattro_impl
2483041.0,3763238,python,python,_PyList_AppendTakeRefListResize
2483030.0,3763330,python,python,_PyObject_RealIsSubclass
2483028.0,3763238,python,python,do_raise
2482952.0,3763299,python,python,tuple_alloc
2482860.0,3763330,python,python,PyErr_SetRaisedException
2482669.0,3763330,python,python,tuple_alloc
2482637.0,3763330,python,libc.so.6,strchr
2482596.0,3763330,python,[JIT],0x0000eb309a465a20
2482510.0,3763330,python,python,PyMem_Free
2482331.0,3763330,python,python,PyTuple_FromArray
2482217.0,3763330,python,[JIT],0x0000eb309a466564
2482138.0,3763190,python,[JIT],0x0000f1ba7f469450
2482089.0,3763211,python,python,infinite_lru_cache_wrapper
2479430.0,3763299,python,python,weakref___new__
2478890.0,3763330,python,python,subtype_dict
2477254.0,3763330,python,python,_PyThreadState_PushFrame
2474758.0,3763357,python,python,PyDescr_IsData
2448635.0,3763299,python,python,_Py_Dealloc
2438578.0,3763421,python,python,PyErr_SetRaisedException
2245847.0,3763211,python,python,_PyErr_SetObject
2245602.0,3763211,python,python,_PyObject_Realloc
2239067.0,3763357,python,python,weakref___new__
2237983.0,3763421,python,python,_PyObject_MakeTpCall
2236700.0,3763190,python,python,lru_cache_call
2236007.0,3763238,python,python,PyArg_UnpackTuple
2235155.0,3763190,python,python,PyObject_GC_Track
2235149.0,3763190,python,python,PyException_SetTraceback
2235133.0,3763421,python,python,_Py_VectorCall_StackRefSteal
2234966.0,3763211,python,python,wrapperdescr_call
2234966.0,3763357,python,python,PySet_Contains
2234962.0,3763330,python,python,_Py_Check_ArgsIterable
2234924.0,3763421,python,python,_PyType_LookupStackRefAndVersion
2234856.0,3763357,python,python,_Py_BuildMap_StackRefSteal
2234832.0,3763357,python,python,wrapperdescr_call
2234813.0,3763211,python,python,_PyThreadState_PushFrame
2234792.0,3763211,python,python,_PyType_AllocNoTrack
2234790.0,3763238,python,python,PyObject_GC_UnTrack
2234785.0,3763330,python,python,PyTuple_FromArray.part.0
2234751.0,3763421,python,python,dict_get
2234750.0,3763421,python,python,_Py_type_getattro_stackref
2234664.0,3763211,python,python,mappingproxy_contains
2234633.0,3763330,python,python,infinite_lru_cache_wrapper
2234623.0,3763238,python,python,infinite_lru_cache_wrapper
2234613.0,3763238,python,[JIT],0x0000f6dc2feda86c
2234598.0,3763238,python,python,_PyFrame_MakeAndSetFrameObject
2234570.0,3763330,python,python,_Py_dict_lookup
2234564.0,3763330,python,python,_PyType_LookupStackRefAndVersion
2234558.0,3763421,python,python,_PyCallMethodDescriptorFast_StackRef
2234520.0,3763211,python,python,PyMem_Free
2234500.0,3763330,python,python,PyArg_UnpackTuple
2234462.0,3763330,python,python,_PyObject_GenericGetAttrWithDict
2234412.0,3763421,python,python,_Py_type_getattro
2234380.0,3763238,python,python,PyObject_GetIter
2234105.0,3763211,python,python,PyDescr_IsData
2233672.0,3763357,python,python,_PyObject_Free
2233515.0,3763330,python,python,_Py_type_getattro_stackref
2233190.0,3763330,python,python,_PyCallMethodDescriptorFast_StackRef
2233025.0,3763421,python,python,_PyObject_RealIsSubclass
2228838.0,3763357,python,python,dict_dealloc
2222732.0,3763190,python,python,tuple_contains
2179176.0,3763238,python,python,_PyFrame_ClearExceptCode
2043004.0,3763211,python,python,tuple_contains
1988793.0,3763211,python,[JIT],0x0000e406ca5b486c
1986888.0,3763190,python,python,PyMem_Realloc
1986866.0,3763299,python,python,_PyObject_Free
1986851.0,3763190,python,[JIT],0x0000f1ba7f46e3b0
1986809.0,3763211,python,python,_Py_BuildMap_StackRefSteal
1986798.0,3763190,python,python,tb_dealloc
1986795.0,3763357,python,python,tuple_contains
1986789.0,3763357,python,python,object_get_class
1986786.0,3763357,python,python,PyObject_Vectorcall
1986777.0,3763357,python,python,_PyThreadState_PushFrame
1986749.0,3763357,python,python,_PyList_AppendTakeRefListResize
1986720.0,3763357,python,python,subtype_dict
1986716.0,3763190,python,python,_PyObject_Realloc
1986715.0,3763299,python,python,_Py_BuiltinCallFast_StackRef
1986710.0,3763357,python,python,dict_get
1986695.0,3763357,python,python,_Py_BuiltinCallFast_StackRef
1986669.0,3763211,python,python,_Py_Dealloc
1986656.0,3763357,python,python,_Py_type_getattro_stackref
1986644.0,3763211,python,python,lru_cache_call
1986543.0,3763330,python,python,PyObject_GetOptionalAttr
1986538.0,3763238,python,python,PyObject_Call
1986532.0,3763421,python,python,tuple_dealloc
1986453.0,3763421,python,python,_PyObject_Free
1986435.0,3763421,python,python,weakref___new__
1986431.0,3763421,python,python,_Py_BuildMap_StackRefSteal
1986430.0,3763357,python,python,PyObject_GenericGetDict
1986401.0,3763211,python,python,_PyFrame_New_NoTrack
1986387.0,3763238,python,python,lru_cache_call
1986383.0,3763330,python,python,wrapper_call
1986360.0,3763238,python,python,PyObject_IsSubclass
1986350.0,3763421,python,python,_Py_Check_ArgsIterable
1986336.0,3763421,python,[JIT],0x0000f70065d4c278
1986333.0,3763330,python,python,_PyObject_LookupSpecialMethod
1986317.0,3763211,python,python,set_iter
1986300.0,3763238,python,[JIT],0x0000f6dc2fedef74
1986295.0,3763211,python,python,PyObject_IsSubclass
1986258.0,3763421,python,python,_PyFrame_New_NoTrack
1986258.0,3763190,python,python,_PyFrame_New_NoTrack
1986174.0,3763330,python,python,frame_dealloc
1986110.0,3763421,python,python,PyType_GenericAlloc
1986075.0,3763238,python,python,_PyCallMethodDescriptorFast_StackRef
1986004.0,3763211,python,python,_PyObject_LookupSpecialMethod
1985999.0,3763421,python,python,wrapperdescr_call
1985624.0,3763330,python,python,PyException_SetTraceback
1984853.0,3763421,python,python,PyObject_GetIter
1984416.0,3763190,python,python,_Py_Check_ArgsIterable
1983699.0,3763330,python,python,initialize_locals
1983283.0,3763190,python,[JIT],0x0000f1ba7f46986c
1983007.0,3763421,python,[JIT],0x0000f70065d4c0cc
1970558.0,3763330,python,python,_PyObject_MakeTpCall
1969021.0,3763421,python,python,_PyThreadState_PushFrame
1968732.0,3763211,python,[JIT],0x0000e406ca6620cc
1958915.0,3763238,python,python,PyObject_GetOptionalAttr
1813028.0,3763211,python,python,setiter_dealloc
1793446.0,3763190,python,python,mappingproxy_contains
1748384.0,3763211,python,python,tuple_alloc
1742717.0,3763238,python,python,PyObject_GC_Del
1738961.0,3763421,python,python,tb_dealloc
1738657.0,3763190,python,python,_PyType_AllocNoTrack
1738605.0,3763357,python,[JIT],0x0000e7781b2dca20
1738534.0,3763357,python,python,_PyType_LookupStackRefAndVersion
1738518.0,3763421,python,python,setiter_dealloc
1738479.0,3763357,python,[JIT],0x0000e7781b308078
1738448.0,3763299,python,python,PyObject_RichCompareBool
1738425.0,3763190,python,python,object_get_class
1738350.0,3763357,python,python,mappingproxy_contains
1738343.0,3763299,python,python,PyObject_GC_UnTrack
1738339.0,3763357,python,python,_Py_type_getattro_impl
1738328.0,3763211,python,python,_Py_Check_ArgsIterable
1738317.0,3763357,python,python,infinite_lru_cache_wrapper
1738291.0,3763190,python,python,_PyErr_GetRaisedException
1738281.0,3763190,python,python,_PyObject_LookupSpecialMethod
1738268.0,3763357,python,python,PyTuple_GetSlice
1738267.0,3763211,python,python,PyObject_GC_UnTrack
1738260.0,3763421,python,python,PyException_SetTraceback
1738256.0,3763421,python,python,PyTuple_FromArray.part.0
1738250.0,3763357,python,python,PyTuple_New
1738244.0,3763211,python,python,PyObject_RichCompareBool
1738241.0,3763357,python,python,_PyErr_SetObject.part.0
1738229.0,3763238,python,[JIT],0x0000f6dc2ff86564
1738221.0,3763190,python,python,set_iter
1738199.0,3763357,python,python,_PyErr_SetObject
1738198.0,3763238,python,python,_PyFrame_New_NoTrack
1738195.0,3763330,python,python,PySequence_Tuple
1738189.0,3763211,python,python,frame_dealloc
1738180.0,3763421,python,python,unicodekeys_lookup_unicode
1738136.0,3763238,python,python,_PyObject_RealIsSubclass
1738130.0,3763357,python,[JIT],0x0000e7781b2d6f74
1738126.0,3763330,python,python,_Py_BuildMap_StackRefSteal
1738117.0,3763238,python,python,PyDescr_IsData
1738106.0,3763330,python,python,_Py_type_getattro_impl
1738101.0,3763357,python,python,_PyCallMethodDescriptorFast_StackRef
1738080.0,3763357,python,python,AttributeError_dealloc
1738031.0,3763421,python,python,subtype_dict
1738030.0,3763211,python,python,unicodekeys_lookup_unicode
1738013.0,3763421,python,python,tuple_alloc
1738013.0,3763238,python,python,PyException_SetTraceback
1738006.0,3763357,python,python,set_iter
1737981.0,3763330,python,[JIT],0x0000eb309a3be77c
1737974.0,3763330,python,python,PyTuple_GetSlice
1737941.0,3763330,python,python,PyObject_GC_UnTrack
1737939.0,3763421,python,python,_PyObject_GC_Link
1737909.0,3763238,python,[JIT],0x0000f6dc2ff8542c
1737872.0,3763330,python,[JIT],0x0000eb309a46542c
1737852.0,3763357,python,python,tb_dealloc
1737725.0,3763421,python,[JIT],0x0000f70065d753bc
1737670.0,3763330,python,python,_PyErr_SetObject
1737394.0,3763299,python,python,PyObject_GC_Del
1737337.0,3763330,python,python,set_iter
1736773.0,3763238,python,python,AttributeError_dealloc
1736522.0,3763211,python,[JIT],0x0000e406ca5bda20
1735129.0,3763357,python,python,BaseException_new
1733896.0,3763357,python,[JIT],0x0000e7781b3093bc
1731036.0,3763330,python,python,wrap_binaryfunc
1729631.0,3763330,python,python,PyObject_GC_Del
1712169.0,3763330,python,python,_PyObject_Free
1493267.0,3763330,python,python,_PyList_AppendTakeRefListResize
1492548.0,3763238,python,python,_Py_NewReference
1490724.0,3763330,python,python,PyObject_IsSubclass
1490159.0,3763190,python,python,setiter_dealloc
1490148.0,3763238,python,python,_PyObject_GC_New
1490148.0,3763190,python,python,_PyObject_RealIsSubclass
1490102.0,3763190,python,python,_PyType_GetDict
1490096.0,3763421,python,python,_Py_BuiltinCallFast_StackRef
1490075.0,3763211,python,python,_PyObject_RealIsSubclass
1490069.0,3763357,python,python,getset_get
1490066.0,3763357,python,[JIT],0x0000e7781b2d6f6c
1490061.0,3763357,python,[JIT],0x0000e7781b2dc42c
1490042.0,3763190,python,python,PyType_GenericAlloc
1490010.0,3763238,python,python,subtype_dict
1489985.0,3763357,python,[JIT],0x0000e7781b2e00c8
1489971.0,3763299,python,python,_PyEvalFramePushAndInit
1489965.0,3763357,python,python,PyTuple_FromArray.part.0
1489954.0,3763299,python,python,_PyObject_GenericGetAttrWithDict
1489948.0,3763190,python,[JIT],0x0000f1ba7f51302c
1489942.0,3763211,python,python,_PyEval_FrameClearAndPop
1489924.0,3763190,python,[JIT],0x0000f1ba7f51377c
1489888.0,3763357,python,[JIT],0x0000e7781b2e0278
1489868.0,3763211,python,[JIT],0x0000e406ca5bda08
1489865.0,3763238,python,python,set_lookkey
1489823.0,3763421,python,python,tuple_contains
1489820.0,3763421,python,python,PyObject_GetAttr
1489819.0,3763238,python,python,_PyEval_CheckExceptTypeValid
1489819.0,3763357,python,[JIT],0x0000e7781b22887c
1489780.0,3763330,python,python,PyObject_Vectorcall
1489779.0,3763238,python,python,list_dealloc
1489766.0,3763211,python,python,PyTuple_New
1489739.0,3763211,python,python,_PyEval_CheckExceptTypeValid
1489724.0,3763330,python,[JIT],0x0000eb309a3ba86c
1489723.0,3763238,python,python,_PyErr_GetRaisedException
1489722.0,3763421,python,python,_PyEval_FrameClearAndPop
1489717.0,3763211,python,[JIT],0x0000e406ca66118c
1489697.0,3763330,python,python,_Py_BuiltinCallFast_StackRef
1489684.0,3763421,python,python,_PyErr_SetObject
1489657.0,3763421,python,[JIT],0x0000f70065c99450
1489653.0,3763330,python,python,PyType_IsSubtype
1489649.0,3763238,python,python,PyMem_Free
1489580.0,3763421,python,python,_PyObject_Realloc
1489570.0,3763330,python,python,_PyErr_SetObject.part.0
1489315.0,3763330,python,python,PyObject_GetAttr
1489151.0,3763238,python,python,PyTuple_New
1489010.0,3763330,python,python,_PyFrame_MakeAndSetFrameObject
1488636.0,3763211,python,python,_Py_type_getattro_impl
1488076.0,3763330,python,python,AttributeError_dealloc
1487277.0,3763190,python,[JIT],0x0000f1ba7f51b090
1486117.0,3763238,python,python,_Py_BuiltinCallFast_StackRef
1455627.0,3763357,python,python,_Py_NewReference
1248788.0,3763421,python,python,set_iter
1245737.0,3763190,python,[JIT],0x0000f1ba7f51a120
1243711.0,3763421,python,[JIT],0x0000f70065d49024
1243610.0,3763330,python,python,_PyType_GetDict
1243480.0,3763238,python,python,_PyEvalFramePushAndInit
1242595.0,3763211,python,python,set_lookkey
1242013.0,3763299,python,python,type_get_mro
1241868.0,3763357,python,python,unicodekeys_lookup_unicode
1241864.0,3763238,python,python,builtin_getattr
1241839.0,3763299,python,python,PyWeakref_NewRef
1241834.0,3763299,python,python,_PyEval_MonitorRaise
1241826.0,3763421,python,python,PySequence_Contains
1241783.0,3763190,python,[JIT],0x0000f1ba7f46e5b4
1241756.0,3763238,python,python,PyObject_GetAttr
1241756.0,3763238,python,[JIT],0x0000f6dc2ff88278
1241738.0,3763299,python,python,_Py_NewReference
1241722.0,3763357,python,python,_PyObject_GC_New
1241714.0,3763238,python,python,_Py_CheckFunctionResult
1241709.0,3763190,python,python,subtype_dict
1241694.0,3763299,python,python,PyMapping_Check
1241687.0,3763211,python,python,tuple_dealloc
1241671.0,3763190,python,python,wrapperdescr_call
1241666.0,3763238,python,python,AttributeError_init
1241663.0,3763211,python,python,do_raise
1241635.0,3763211,python,[JIT],0x0000e406ca5bdc94
1241631.0,3763421,python,python,PyObject_GC_Del
1241630.0,3763330,python,python,PyDict_Contains
1241626.0,3763357,python,python,initialize_locals
1241624.0,3763238,python,python,unicodekeys_lookup_unicode
1241621.0,3763357,python,python,_PyJIT_Entry
1241617.0,3763357,python,python,PyException_SetTraceback
1241608.0,3763357,python,python,wrap_binaryfunc
1241605.0,3763299,python,python,set_lookkey
1241595.0,3763357,python,python,_PyFunction_Vectorcall
1241594.0,3763357,python,python,_PyObject_Realloc
1241592.0,3763299,python,python,PyObject_GetOptionalAttr
1241575.0,3763421,python,python,_PyObject_GenericGetAttrWithDict
1241570.0,3763238,python,[JIT],0x0000f6dc2fedcfbc
1241557.0,3763211,python,python,wrap_descr_get
1241548.0,3763421,python,python,bounded_lru_cache_wrapper
1241541.0,3763238,python,python,_PyErr_SetObject
1241509.0,3763190,python,[JIT],0x0000f1ba7f51b0cc
1241483.0,3763238,python,python,setiter_dealloc
1241477.0,3763421,python,[JIT],0x0000f70065d48a20
1241475.0,3763421,python,python,AttributeError_dealloc
1241466.0,3763238,python,[JIT],0x0000f6dc2feda450
1241460.0,3763211,python,[JIT],0x0000e406ca6620c8
1241457.0,3763421,python,python,_PyErr_GetRaisedException
1241454.0,3763330,python,python,setiter_dealloc
1241450.0,3763330,python,python,getset_get
1241441.0,3763211,python,python,_PyType_LookupStackRefAndVersion
1241441.0,3763421,python,python,_PyThreadState_PopFrame
1241432.0,3763211,python,python,tb_dealloc
1241423.0,3763421,python,python,PyTuple_GetSlice
1241408.0,3763330,python,python,PyMem_Realloc
1241406.0,3763421,python,python,call_special_method
1241400.0,3763211,python,[JIT],0x0000e406ca5b8f74
1241379.0,3763238,python,[JIT],0x0000f6dc2ff85440
1241366.0,3763211,python,python,PyException_SetTraceback
1241365.0,3763357,python,python,PyObject_GetIter
1241352.0,3763421,python,[JIT],0x0000f70065d4802c
1241315.0,3763299,python,python,PyObject_Vectorcall
1241296.0,3763421,python,python,PyObject_IsSubclass
1241290.0,3763211,python,python,_Py_BuiltinCallFast_StackRef
1241287.0,3763211,python,python,PyObject_GetIter
1241286.0,3763357,python,[JIT],0x0000e7781b2d3340
1241257.0,3763330,python,python,PyTuple_New
1241247.0,3763211,python,python,_PyFrame_MakeAndSetFrameObject
1241218.0,3763421,python,[JIT],0x0000f70065d4842c
1241218.0,3763330,python,python,PyErr_GivenExceptionMatches
1241055.0,3763211,python,python,_PyFunction_Vectorcall
1239688.0,3763190,python,python,PyTuple_GetSlice
1239590.0,3763299,python,python,frame_dealloc
1239253.0,3763357,python,[JIT],0x0000e7781b2d319c
1238045.0,3763357,python,[JIT],0x0000e7781b2dc120
1237881.0,3763330,python,python,_PyEval_CheckExceptTypeValid
1237455.0,3763211,python,[JIT],0x0000e406ca662278
1235021.0,3763190,python,python,BaseException_new
1231934.0,3763238,python,python,tuple_richcompare
1230364.0,3763238,python,python,_Py_type_getattro_stackref
1218477.0,3763238,python,python,frame_dealloc
1198819.0,3763357,python,[kernel.kallsyms],_raw_spin_unlock_irqrestore
1196223.0,3763238,python,python,PyObject_Malloc
1188726.0,3763238,python,python,wrap_descr_get
1021643.0,3763357,python,python,weakref___init__
998953.0,3763238,python,[kernel.kallsyms],task_mm_cid_work
998508.0,3763330,python,[JIT],0x0000eb309a4680cc
997948.0,3763357,python,python,PyList_New.constprop.0
997411.0,3763190,python,[kernel.kallsyms],handle_softirqs
995960.0,3763357,python,python,_PyEval_Vector
995892.0,3763190,python,[JIT],0x0000f1ba7f46e398
994479.0,3763211,python,[JIT],0x0000e406ca5be564
993571.0,3763357,python,python,setiter_iternext
993514.0,3763190,python,python,PySequence_Tuple
993513.0,3763357,python,python,set_lookkey
993497.0,3763238,python,python,PyType_IsSubtype
993469.0,3763299,python,python,_Py_dict_lookup
993452.0,3763299,python,python,dict_dealloc
993451.0,3763357,python,python,_PyObject_RealIsSubclass
993445.0,3763357,python,python,_PyEval_CheckExceptTypeValid
993438.0,3763190,python,[JIT],0x0000f1ba7f51a344
993437.0,3763190,python,[JIT],0x0000f1ba7f51360c
993431.0,3763211,python,python,_PyObject_GC_Link
993425.0,3763330,python,[JIT],0x0000eb309a46418c
993418.0,3763357,python,[JIT],0x0000e7781b2d6550
993414.0,3763211,python,python,_Py_NewReference
993413.0,3763299,python,python,tuple_hash
993411.0,3763238,python,python,PyErr_GetRaisedException
993410.0,3763357,python,python,PyObject_GC_Del
993410.0,3763238,python,[JIT],0x0000f6dc2ff85c94
993405.0,3763238,python,python,PyTuple_GetSlice
993399.0,3763211,python,[JIT],0x0000e406ca5bd02c
993398.0,3763421,python,python,PyObject_GC_UnTrack
993395.0,3763190,python,[JIT],0x0000f1ba7f51a144
993392.0,3763190,python,[JIT],0x0000f1ba7f5439a8
993384.0,3763190,python,[JIT],0x0000f1ba7f51b02c
993378.0,3763357,python,[JIT],0x0000e7781b2d65ac
993369.0,3763190,python,[JIT],0x0000f1ba7f46ee9c
993365.0,3763357,python,[JIT],0x0000e7781b2dcc9c
993353.0,3763190,python,[JIT],0x0000f1ba7f51b0b4
993353.0,3763211,python,[JIT],0x0000e406ca66119c
993349.0,3763421,python,python,lru_cache_make_key
993347.0,3763299,python,python,PyTraceBack_Here
993344.0,3763190,python,python,_PyErr_Restore
993342.0,3763357,python,python,_PyThreadState_PopFrame
993341.0,3763421,python,python,builtin_getattr
993339.0,3763357,python,python,_PyDict_FromItems
993337.0,3763357,python,[JIT],0x0000e7781b2d6688
993328.0,3763357,python,python,PyObject_GenericGetAttr
993326.0,3763190,python,[JIT],0x0000f1ba7f46e760
993323.0,3763330,python,[JIT],0x0000eb309a3be374
993318.0,3763211,python,[JIT],0x0000e406ca5b4450
993309.0,3763211,python,[JIT],0x0000e406ca5b85ac
993306.0,3763211,python,python,PyObject_Free
993301.0,3763211,python,python,_PyStaticType_GetState
993300.0,3763357,python,python,PyObject_Hash
993293.0,3763299,python,python,setiter_iternext
993292.0,3763299,python,python,_abc__abc_instancecheck
993292.0,3763299,python,python,weakref_richcompare
993291.0,3763357,python,[JIT],0x0000e7781b2e0038
993278.0,3763238,python,[JIT],0x0000f6dc2fede02c
993276.0,3763421,python,python,_PyJIT_Entry
993274.0,3763211,python,python,PyObject_GC_Del
993268.0,3763330,python,python,setiter_iternext
993265.0,3763238,python,python,_PyType_LookupStackRefAndVersion
993265.0,3763238,python,[JIT],0x0000f6dc2ff8615c
993263.0,3763421,python,[JIT],0x0000f70065c9986c
993259.0,3763357,python,python,_PyErr_GetRaisedException
993257.0,3763238,python,python,_PyObject_GenericGetAttrWithDict
993256.0,3763211,python,python,_PyObject_GetAttrStackRef
993250.0,3763421,python,python,vgetargskeywords_impl.constprop.0
993241.0,3763357,python,python,PySet_Contains
993227.0,3763211,python,[JIT],0x0000e406ca5be4b4
993220.0,3763211,python,[JIT],0x0000e406ca68b1cc
993219.0,3763330,python,[JIT],0x0000eb309a4680c8
993217.0,3763211,python,python,PyObject_GetAttr
993216.0,3763238,python,python,set_iter
993214.0,3763330,python,python,unicodekeys_lookup_unicode
993213.0,3763190,python,python,_PyFunction_Vectorcall
993208.0,3763421,python,[JIT],0x0000f70065c99398
993207.0,3763421,python,[JIT],0x0000f70065d7402c
993202.0,3763421,python,[JIT],0x0000f70065d753cc
993200.0,3763421,python,[JIT],0x0000f70065c9d194
993198.0,3763211,python,python,_PyDict_FromItems
993197.0,3763330,python,[JIT],0x0000eb309a465d78
993196.0,3763421,python,python,mappingproxy_contains
993193.0,3763330,python,python,set_lookkey
993180.0,3763421,python,python,PyObject_Hash
993179.0,3763211,python,python,_PyErr_GetRaisedException
993172.0,3763211,python,python,PyDictProxy_New
993171.0,3763211,python,[JIT],0x0000e406ca5bd120
993169.0,3763357,python,python,PyType_IsSubtype
993167.0,3763330,python,[JIT],0x0000eb309a3ba450
993166.0,3763421,python,python,_PyErr_Restore
993153.0,3763238,python,python,wrap_binaryfunc
993150.0,3763421,python,python,initialize_locals
993148.0,3763211,python,python,_PyThreadState_PopFrame
993146.0,3763211,python,python,get_exception_handler.isra.0
993146.0,3763211,python,python,object_get_class
993143.0,3763330,python,python,wrap_descr_get
993133.0,3763211,python,python,PyObject_GetItem
993128.0,3763238,python,[JIT],0x0000f6dc2ff85a08
993124.0,3763330,python,python,BaseException_new
993121.0,3763330,python,python,_Py_NewReference
993121.0,3763211,python,python,PySequence_Tuple
993111.0,3763211,python,[JIT],0x0000e406ca5b877c
993104.0,3763421,python,python,frame_dealloc
993104.0,3763238,python,[JIT],0x0000f6dc2ff880cc
993090.0,3763421,python,python,type_call
993089.0,3763330,python,python,_PyDict_FromItems
993083.0,3763211,python,[JIT],0x0000e406ca5b87ec
993083.0,3763357,python,python,PyObject_GetAttr
993075.0,3763421,python,python,set_lookkey
993074.0,3763238,python,[JIT],0x0000f6dc2ff8418c
993073.0,3763190,python,python,PyErr_GivenExceptionMatches
993072.0,3763211,python,python,PyObject_GenericGetAttr
993062.0,3763421,python,python,infinite_lru_cache_wrapper
993060.0,3763211,python,python,PyObject_GetOptionalAttr
993058.0,3763357,python,python,PyObject_GC_UnTrack
993056.0,3763330,python,python,_PyEvalFramePushAndInit
993049.0,3763211,python,python,_PyObject_GC_New
993041.0,3763238,python,python,_PyObject_LookupSpecialMethod
993027.0,3763330,python,python,PyErr_SetRaisedException
993010.0,3763421,python,python,wrap_descr_get
993009.0,3763421,python,[JIT],0x0000f70065d42748
992995.0,3763421,python,python,_PyObject_GC_New
992959.0,3763330,python,[JIT],0x0000eb309a46502c
992942.0,3763421,python,python,_PyDict_FromItems
992891.0,3763330,python,python,_PyObject_GC_New
992843.0,3763421,python,python,PyType_IsSubtype
992786.0,3763421,python,python,PyMem_Realloc
992752.0,3763238,python,python,PyMem_Realloc
992340.0,3763357,python,python,_PyFrame_MakeAndSetFrameObject
992310.0,3763299,python,python,_PyEval_FrameClearAndPop
990762.0,3763421,python,[JIT],0x0000f70065c9bfbc
989788.0,3763190,python,python,PyObject_GetIter
988781.0,3763330,python,python,_PyErr_GetRaisedException
971317.0,3763299,python,python,PyObject_GC_Track
967103.0,3763357,python,python,setiter_dealloc
868967.0,3763238,python,[JIT],0x0000f6dc2ffb000c
811964.0,3763238,python,python,_PyDict_FromItems
767516.0,3763211,python,python,getset_get
763767.0,3763211,python,python,_PyErr_SetObject.part.0
749915.0,3763238,python,python,lru_cache_make_key
749587.0,3763211,python,python,PyObject_Vectorcall
745506.0,3763211,python,[JIT],0x0000e406ca68a06c
745461.0,3763421,python,[JIT],0x0000f70065c997f4
745375.0,3763190,python,python,PyTuple_New
745366.0,3763421,python,python,_PyStaticType_GetState
745343.0,3763238,python,python,tuple_hash
745328.0,3763238,python,[JIT],0x0000f6dc2ff85120
745307.0,3763421,python,[JIT],0x0000f70065d481c8
745250.0,3763421,python,[JIT],0x0000f70065c9d340
745241.0,3763190,python,[JIT],0x0000f1ba7f54437c
745233.0,3763238,python,python,type_call
745179.0,3763190,python,[JIT],0x0000f1ba7f544084
745178.0,3763357,python,[JIT],0x0000e7781b2dc598
745164.0,3763190,python,[JIT],0x0000f1ba7f469a24
745154.0,3763330,python,python,type_get_mro
745151.0,3763211,python,python,_PyErr_Restore
745138.0,3763299,python,python,PyObject_Malloc
745135.0,3763421,python,python,_PyObject_GC_NewVar
745133.0,3763238,python,python,vgetargskeywords_impl.constprop.0
745127.0,3763357,python,[JIT],0x0000e7781b2d677c
745123.0,3763299,python,[JIT],0x0000f25744b653bc
745107.0,3763238,python,python,PyDict_Contains
745101.0,3763190,python,[JIT],0x0000f1ba7f513910
745098.0,3763357,python,[JIT],0x0000e7781b2e00d8
745088.0,3763357,python,python,PyObject_GetOptionalAttr
745088.0,3763299,python,python,_PyErr_SetObject.part.0
745088.0,3763357,python,[JIT],0x0000e7781b309088
745084.0,3763357,python,python,vgetargskeywords_impl.constprop.0
745083.0,3763357,python,[JIT],0x0000e7781b2dc46c
745082.0,3763211,python,python,weakref_hash
745078.0,3763190,python,[JIT],0x0000f1ba7f51b278
745078.0,3763211,python,python,PyObject_IsTrue
745070.0,3763190,python,[JIT],0x0000f1ba7f513464
745068.0,3763190,python,[JIT],0x0000f1ba7f46ea0c
745065.0,3763299,python,python,_PyObject_Realloc
745061.0,3763357,python,[JIT],0x0000e7781b22e450
745058.0,3763190,python,python,PyObject_Call
745058.0,3763330,python,python,mappingproxy_contains
745055.0,3763238,python,[JIT],0x0000f6dc2fede628
745055.0,3763357,python,[JIT],0x0000e7781b2dcc04
745054.0,3763330,python,python,PyObject_GetIter
745052.0,3763299,python,python,getset_get
745049.0,3763299,python,python,wrap_descr_get
745049.0,3763357,python,[JIT],0x0000e7781b309148
745048.0,3763299,python,python,wrapper_call
745040.0,3763357,python,[JIT],0x0000e7781b2dc424
745035.0,3763357,python,python,_PyDict_GetItemRef_KnownHash
745032.0,3763211,python,[JIT],0x0000e406ca5bf298
745026.0,3763357,python,[JIT],0x0000e7781b2d650c
745025.0,3763357,python,python,PySequence_Contains
745024.0,3763357,python,[JIT],0x0000e7781b2dc3e4
745024.0,3763357,python,[JIT],0x0000e7781b2dcd20
745021.0,3763357,python,python,_PyObject_GenericGetAttrWithDict
745021.0,3763421,python,python,_PyObject_GetAttrStackRef
745019.0,3763299,python,python,_Py_type_getattro_stackref
745017.0,3763190,python,python,_PyEval_CheckExceptTypeValid
745015.0,3763357,python,[JIT],0x0000e7781b2dcca8
745012.0,3763357,python,libc.so.6,__memset_zva64
745010.0,3763299,python,python,builtin_getattr
745010.0,3763357,python,[JIT],0x0000e7781b2d33f0
745005.0,3763238,python,python,PyObject_Vectorcall
745005.0,3763238,python,python,_PyEval_MonitorRaise
745004.0,3763211,python,[JIT],0x0000e406ca5bf278
745004.0,3763357,python,[JIT],0x0000e7781b2d632c
745002.0,3763357,python,[JIT],0x0000e7781b2dc5b4
745000.0,3763330,python,python,PyObject_IsInstance
744999.0,3763211,python,[JIT],0x0000e406ca5bd428
744998.0,3763421,python,[JIT],0x0000f70065d425b4
744997.0,3763421,python,[JIT],0x0000f70065d7509c
744995.0,3763330,python,python,PySequence_Contains
744988.0,3763357,python,python,PyObject_IsSubclass
744982.0,3763211,python,python,bounded_lru_cache_wrapper
744980.0,3763238,python,[JIT],0x0000f6dc2ff8502c
744980.0,3763190,python,[JIT],0x0000f1ba7f5191a4
744980.0,3763211,python,[JIT],0x0000e406ca5b8688
744974.0,3763421,python,python,_PyEval_Vector
744973.0,3763238,python,[JIT],0x0000f6dc2ff85ee0
744973.0,3763357,python,[JIT],0x0000e7781b30837c
744972.0,3763211,python,python,AttributeError_dealloc
744972.0,3763330,python,python,PyTraceBack_Here
744971.0,3763330,python,python,PyObject_Hash
744969.0,3763211,python,[JIT],0x0000e406ca5bd97c
744967.0,3763357,python,[JIT],0x0000e7781b2dc434
744966.0,3763330,python,[JIT],0x0000eb309a3ba588
744963.0,3763357,python,[JIT],0x0000e7781b2e0124
744960.0,3763421,python,[JIT],0x0000f70065d75450
744960.0,3763238,python,python,_PyType_GetDict
744958.0,3763211,python,python,wrap_binaryfunc
744957.0,3763211,python,python,PyObject_RichCompare
744954.0,3763299,python,python,PyList_New.constprop.0
744949.0,3763238,python,python,lru_cache_call
744946.0,3763357,python,python,builtin_getattr
744946.0,3763211,python,[JIT],0x0000e406ca68b37c
744945.0,3763330,python,python,PyObject_Call
744945.0,3763190,python,[JIT],0x0000f1ba7f469750
744940.0,3763357,python,python,_PyErr_Restore
744938.0,3763421,python,python,_PyErr_SetObject.part.0
744936.0,3763211,python,python,PyType_IsSubtype
744936.0,3763238,python,[JIT],0x0000f6dc2ff852a4
744936.0,3763357,python,[JIT],0x0000e7781b22823c
744935.0,3763330,python,[JIT],0x0000eb309a3be6e0
744932.0,3763238,python,python,PyObject_GenericGetAttr
744931.0,3763238,python,[JIT],0x0000f6dc2ff864b4
744930.0,3763421,python,python,_PyFunction_Vectorcall
744930.0,3763190,python,python,PyObject_GetAttr
744929.0,3763190,python,[JIT],0x0000f1ba7f513054
744929.0,3763190,python,[JIT],0x0000f1ba7f51a3ac
744928.0,3763211,python,[JIT],0x0000e406ca5b6fbc
744927.0,3763211,python,python,type_call
744924.0,3763330,python,python,vgetargskeywords_impl.constprop.0
744923.0,3763357,python,[JIT],0x0000e7781b22e2d4
744922.0,3763330,python,python,tuple_hash
744919.0,3763211,python,python,tuple_richcompare
744919.0,3763190,python,[JIT],0x0000f1ba7f513714
744917.0,3763238,python,[JIT],0x0000f6dc2ff88190
744910.0,3763190,python,[JIT],0x0000f1ba7f5430bc
744909.0,3763238,python,python,_PyFunction_Vectorcall
744908.0,3763330,python,python,_PyThreadState_PopFrame
744907.0,3763211,python,[JIT],0x0000e406ca5bdb30
744906.0,3763238,python,[JIT],0x0000f6dc2ff880b4
744903.0,3763211,python,python,PySet_Contains
744903.0,3763330,python,[JIT],0x0000eb309a465130
744900.0,3763330,python,[JIT],0x0000eb309a3be520
744898.0,3763330,python,[JIT],0x0000eb309a465d84
744897.0,3763357,python,python,tuple_hash
744897.0,3763421,python,[JIT],0x0000f70065d48a0c
744893.0,3763211,python,python,_PyJIT_Entry
744891.0,3763190,python,[JIT],0x0000f1ba7f51b27c
744890.0,3763421,python,[JIT],0x0000f70065c99878
744890.0,3763421,python,python,_PyCallMethodDescriptorFast_StackRef
744890.0,3763421,python,python,weakref___init__
744890.0,3763238,python,[JIT],0x0000f6dc2fede67c
744889.0,3763357,python,[JIT],0x0000e7781b2d624c
744889.0,3763357,python,[JIT],0x0000e7781b2e00cc
744888.0,3763421,python,python,_PyType_AllocNoTrack
744887.0,3763421,python,[JIT],0x0000f70065d48120
744887.0,3763357,python,python,PyType_GenericAlloc
744884.0,3763330,python,[JIT],0x0000eb309a3be48c
744876.0,3763238,python,[JIT],0x0000f6dc2ffb08f8
744874.0,3763357,python,[JIT],0x0000e7781b2dc440
744873.0,3763299,python,python,tuple_richcompare
744872.0,3763211,python,[JIT],0x0000e406ca5bdc70
744870.0,3763330,python,python,_PyEval_FrameClearAndPop
744866.0,3763211,python,python,_PyDict_GetItemRef_KnownHash_LockHeld
744865.0,3763330,python,python,PyType_GenericAlloc
744863.0,3763330,python,python,PyMem_Free
744862.0,3763211,python,python,AttributeError_dealloc
744858.0,3763211,python,python,PyObject_Hash
744858.0,3763330,python,python,tuple_richcompare
744855.0,3763421,python,python,tuple_hash
744850.0,3763357,python,[JIT],0x0000e7781b2de090
744849.0,3763421,python,[JIT],0x0000f70065c9d19c
744846.0,3763238,python,[JIT],0x0000f6dc2fede0ec
744842.0,3763357,python,[JIT],0x0000e7781b22ec20
744840.0,3763211,python,python,_PyObject_GC_NewVar
744836.0,3763238,python,python,_PyErr_Restore
744833.0,3763421,python,python,BaseException_new
744832.0,3763421,python,python,weakref_hash
744829.0,3763421,python,python,setiter_iternext
744825.0,3763421,python,[JIT],0x0000f70065c9d3f0
744822.0,3763330,python,python,_abc__abc_instancecheck
744822.0,3763357,python,[JIT],0x0000e7781b308040
744819.0,3763330,python,python,infinite_lru_cache_wrapper
744819.0,3763211,python,[JIT],0x0000e406ca68b02c
744817.0,3763211,python,[JIT],0x0000e406ca5be354
744812.0,3763421,python,[JIT],0x0000f70065d42268
744810.0,3763330,python,[JIT],0x0000eb309a467278
744808.0,3763238,python,[JIT],0x0000f6dc2ffb1194
744806.0,3763421,python,[JIT],0x0000f70065d42f6c
744806.0,3763330,python,[JIT],0x0000eb309a3bc050
744804.0,3763421,python,[JIT],0x0000f70065d48434
744800.0,3763421,python,[JIT],0x0000f70065c9b084
744800.0,3763238,python,[JIT],0x0000f6dc2feda398
744799.0,3763357,python,[JIT],0x0000e7781b309180
744795.0,3763421,python,[JIT],0x0000f70065d48eec
744795.0,3763330,python,[JIT],0x0000eb309a46553c
744789.0,3763421,python,[JIT],0x0000f70065d483e4
744789.0,3763330,python,[JIT],0x0000eb309a468090
744788.0,3763238,python,python,PyErr_GivenExceptionMatches
744786.0,3763357,python,python,PyMem_Free
744774.0,3763211,python,[JIT],0x0000e406ca5bd518
744773.0,3763238,python,[JIT],0x0000f6dc2ff88090
744772.0,3763211,python,python,initialize_locals
744771.0,3763330,python,[JIT],0x0000eb309a46562c
744771.0,3763330,python,[JIT],0x0000eb309a491040
744769.0,3763330,python,[JIT],0x0000eb309a468294
744768.0,3763421,python,python,AttributeError_dealloc
744764.0,3763357,python,[JIT],0x0000e7781b308368
744753.0,3763421,python,[JIT],0x0000f70065d4254c
744742.0,3763330,python,python,_PyFunction_Vectorcall
744739.0,3763211,python,[JIT],0x0000e406ca5bd194
744738.0,3763421,python,[JIT],0x0000f70065d7423c
744732.0,3763330,python,[JIT],0x0000eb309a4911b8
744727.0,3763238,python,[JIT],0x0000f6dc2ff85c04
744727.0,3763211,python,[JIT],0x0000e406ca5b8210
744726.0,3763421,python,python,PyObject_GetOptionalAttr
744724.0,3763238,python,python,BaseException_new
744723.0,3763357,python,[JIT],0x0000e7781b2dc02c
744712.0,3763330,python,[JIT],0x0000eb309a465c94
744710.0,3763421,python,python,_PyObject_LookupSpecialMethod
744706.0,3763330,python,python,_PyObject_Realloc
744699.0,3763190,python,[JIT],0x0000f1ba7f5441cc
744696.0,3763330,python,python,PyObject_Malloc
744694.0,3763421,python,[JIT],0x0000f70065d4c07c
744693.0,3763330,python,[JIT],0x0000eb309a465120
744679.0,3763357,python,python,_PyType_GetDict
744676.0,3763330,python,[JIT],0x0000eb309a3ba918
744667.0,3763421,python,python,PyErr_GetRaisedException
744662.0,3763330,python,[JIT],0x0000eb309a4653e4
744626.0,3763238,python,python,PyType_GenericAlloc
744616.0,3763330,python,[JIT],0x0000eb309a490064
744599.0,3763330,python,python,_PyObject_GetAttrStackRef
744545.0,3763238,python,[JIT],0x0000f6dc2ffb10e4
744532.0,3763190,python,[JIT],0x0000f1ba7f519168
744291.0,3763357,python,python,tuple_richcompare
744256.0,3763190,python,[JIT],0x0000f1ba7f5440a8
744216.0,3763190,python,[JIT],0x0000f1ba7f51919c
743893.0,3763421,python,python,memset@plt
743667.0,3763190,python,[JIT],0x0000f1ba7f46e658
743337.0,3763299,python,python,dict_get
742041.0,3763421,python,[JIT],0x0000f70065d4813c
737911.0,3763330,python,[JIT],0x0000eb309a3bef74
737691.0,3763421,python,[JIT],0x0000f70065d740a8
736163.0,3763211,python,[JIT],0x0000e406ca5bd050
732356.0,3763238,python,python,PyObject_GenericGetDict
731463.0,3763330,python,python,weakref_richcompare
729991.0,3763330,python,[JIT],0x0000eb309a3be748
725929.0,3763299,python,python,unicodekeys_lookup_unicode
723136.0,3763330,python,python,builtin_getattr
719957.0,3763357,python,[JIT],0x0000e7781b2d6070
675541.0,3763299,python,python,type_call
558904.0,3763421,python,[kernel.kallsyms],task_mm_cid_work
555861.0,3763357,python,[kernel.kallsyms],task_mm_cid_work
540411.0,3763421,python,python,PyObject_GenericGetDict
530344.0,3763211,python,python,dict_dealloc
520200.0,3763357,python,[JIT],0x0000e7781b2e0204
518969.0,3763211,python,python,_abc__abc_instancecheck
516179.0,3763238,python,[JIT],0x0000f6dc2ff85cd4
512533.0,3763211,python,[JIT],0x0000e406ca5bd728
511619.0,3763330,python,[JIT],0x0000eb309a465e30
510608.0,3763357,python,python,PyDictProxy_New
509016.0,3763330,python,[JIT],0x0000eb309a3ba878
504618.0,3763190,python,[kernel.kallsyms],task_mm_cid_work
502673.0,3763211,python,[JIT],0x0000e406ca5bd46c
502133.0,3763238,python,[JIT],0x0000f6dc2feda700
501153.0,3763421,python,[JIT],0x0000f70065d48ca4
500897.0,3763421,python,python,new_dict.constprop.0
499548.0,3763190,python,[JIT],0x0000f1ba7f4696c4
499239.0,3763357,python,[JIT],0x0000e7781b309004
499129.0,3763211,python,python,PyWeakref_NewRef
498530.0,3763211,python,[kernel.kallsyms],task_mm_cid_work
498135.0,3763330,python,[JIT],0x0000eb309a3be4f8
498131.0,3763211,python,python,PyObject_IsInstance
498041.0,3763421,python,python,PyObject_GC_Track
497988.0,3763238,python,[JIT],0x0000f6dc2ff86628
497758.0,3763421,python,[JIT],0x0000f70065d740a0
497734.0,3763421,python,python,set_iter
497327.0,3763190,python,[JIT],0x0000f1ba7f46228c
497321.0,3763238,python,python,tb_dealloc
497265.0,3763211,python,[JIT],0x0000e406ca5b4060
497250.0,3763421,python,[JIT],0x0000f70065d7427c
497198.0,3763357,python,[JIT],0x0000e7781b2e00d0
496985.0,3763357,python,[JIT],0x0000e7781b30818c
496883.0,3763211,python,python,_PyDict_GetItemRef_KnownHash
496848.0,3763211,python,[JIT],0x0000e406ca68a180
496841.0,3763190,python,[JIT],0x0000f1ba7f46e058
496840.0,3763190,python,[JIT],0x0000f1ba7f51a630
496833.0,3763357,python,python,PyErr_GetRaisedException
496825.0,3763238,python,python,bounded_lru_cache_wrapper
496820.0,3763299,python,python,object_richcompare
496819.0,3763357,python,python,PyErr_SetRaisedException
496815.0,3763190,python,[JIT],0x0000f1ba7f46efd8
496811.0,3763299,python,python,type_dict
496809.0,3763190,python,[JIT],0x0000f1ba7f462248
496808.0,3763190,python,[JIT],0x0000f1ba7f5191cc
496807.0,3763299,python,python,_PyJIT_Entry
496805.0,3763357,python,python,_PyStaticType_GetState
496805.0,3763238,python,[JIT],0x0000f6dc2fede548
496803.0,3763238,python,[JIT],0x0000f6dc2fedc994
496802.0,3763238,python,[JIT],0x0000f6dc2fedad28
496799.0,3763299,python,[JIT],0x0000f25744b65320
496798.0,3763357,python,[JIT],0x0000e7781b2dd008
496795.0,3763357,python,[JIT],0x0000e7781b2dc504
496794.0,3763357,python,[JIT],0x0000e7781b3081f0
496793.0,3763190,python,[JIT],0x0000f1ba7f46f030
496792.0,3763190,python,[JIT],0x0000f1ba7f46e0ac
496791.0,3763190,python,[JIT],0x0000f1ba7f51b174
496790.0,3763190,python,[JIT],0x0000f1ba7f544040
496790.0,3763357,python,[JIT],0x0000e7781b2d6088
496785.0,3763190,python,python,__aarch64_ldset8_acq_rel
496781.0,3763190,python,[JIT],0x0000f1ba7f544280
496781.0,3763357,python,[JIT],0x0000e7781b2dcc20
496779.0,3763357,python,[JIT],0x0000e7781b2d6084
496776.0,3763357,python,[JIT],0x0000e7781b22e124
496774.0,3763357,python,[JIT],0x0000e7781b2dc120
496771.0,3763190,python,[JIT],0x0000f1ba7f4693e8
496771.0,3763190,python,[JIT],0x0000f1ba7f46ef4c
496771.0,3763190,python,[JIT],0x0000f1ba7f51b218
496770.0,3763357,python,[JIT],0x0000e7781b2d62f0
496766.0,3763299,python,python,weakref___init__
496764.0,3763190,python,[JIT],0x0000f1ba7f543078
496763.0,3763357,python,python,_PyObject_GC_NewVar
496763.0,3763190,python,[JIT],0x0000f1ba7f46e4c0
496763.0,3763190,python,[JIT],0x0000f1ba7f46e67c
496762.0,3763421,python,[JIT],0x0000f70065d48874
496762.0,3763211,python,[JIT],0x0000e406ca68b03c
496761.0,3763211,python,[JIT],0x0000e406ca5bdf9c
496760.0,3763238,python,[JIT],0x0000f6dc2ff860f4
496759.0,3763190,python,[JIT],0x0000f1ba7f5191fc
496759.0,3763211,python,[JIT],0x0000e406ca5b2078
496758.0,3763421,python,python,_Py_NewReference
496756.0,3763357,python,python,get_exception_handler.isra.0
496756.0,3763190,python,[JIT],0x0000f1ba7f46ee28
496755.0,3763421,python,python,list_dealloc
496753.0,3763421,python,[JIT],0x0000f70065d75064
496751.0,3763190,python,[JIT],0x0000f1ba7f469138
496751.0,3763190,python,[JIT],0x0000f1ba7f51319c
496751.0,3763357,python,[JIT],0x0000e7781b2dc4e4
496750.0,3763330,python,python,_PyObject_GC_Link
496750.0,3763330,python,python,do_raise
496746.0,3763357,python,python,_PyEvalFramePushAndInit
496746.0,3763421,python,python,_Py_CheckFunctionResult
496745.0,3763211,python,[JIT],0x0000e406ca5b83c0
496744.0,3763357,python,[JIT],0x0000e7781b228470
496743.0,3763421,python,python,PyObject_Malloc
496742.0,3763357,python,[JIT],0x0000e7781b3090c0
496740.0,3763357,python,python,_PyObject_LookupSpecialMethod
496740.0,3763357,python,[JIT],0x0000e7781b2d30cc
496739.0,3763357,python,[JIT],0x0000e7781b308234
496738.0,3763211,python,[JIT],0x0000e406ca5b60e8
496736.0,3763190,python,[JIT],0x0000f1ba7f46e420
496735.0,3763190,python,[JIT],0x0000f1ba7f5135fc
496734.0,3763238,python,python,BaseException_new
496732.0,3763190,python,[JIT],0x0000f1ba7f543174
496731.0,3763299,python,python,PyException_SetTraceback
496730.0,3763238,python,[JIT],0x0000f6dc2ff841a4
496730.0,3763211,python,[JIT],0x0000e406ca5b48dc
496729.0,3763238,python,[JIT],0x0000f6dc2fed3884
496728.0,3763357,python,[JIT],0x0000e7781b228884
496727.0,3763238,python,python,_PyList_AppendTakeRefListResize
496727.0,3763421,python,[JIT],0x0000f70065d421d8
496727.0,3763421,python,[JIT],0x0000f70065d4922c
496727.0,3763190,python,[JIT],0x0000f1ba7f46e9b4
496727.0,3763190,python,[JIT],0x0000f1ba7f51a62c
496726.0,3763299,python,python,PyObject_GenericGetDict
496725.0,3763299,python,python,PyErr_GivenExceptionMatches
496725.0,3763299,python,python,_PyObject_RealIsSubclass
496725.0,3763190,python,python,_PyDict_FromItems
496724.0,3763330,python,python,_PyObject_Realloc
496724.0,3763190,python,[JIT],0x0000f1ba7f51374c
496723.0,3763211,python,[JIT],0x0000e406ca35c12c
496722.0,3763357,python,python,bounded_lru_cache_wrapper
496722.0,3763238,python,[JIT],0x0000f6dc2ff85a0c
496722.0,3763190,python,[JIT],0x0000f1ba7f4697f0
496722.0,3763190,python,[JIT],0x0000f1ba7f46e318
496721.0,3763330,python,python,_PyDict_GetItemRef_KnownHash_LockHeld
496721.0,3763357,python,[JIT],0x0000e7781b22e830
496720.0,3763421,python,[JIT],0x0000f70065d4c154
496720.0,3763238,python,[JIT],0x0000f6dc2ff855a4
496719.0,3763238,python,python,PyDictProxy_New
496718.0,3763211,python,python,mappingproxy_dealloc
496718.0,3763330,python,[JIT],0x0000eb309a3ba644
496718.0,3763357,python,[JIT],0x0000e7781b2d6154
496717.0,3763357,python,python,dict_get
496717.0,3763299,python,[JIT],0x0000f25744b38c94
496714.0,3763190,python,[JIT],0x0000f1ba7f513238
496714.0,3763357,python,[JIT],0x0000e7781b2dc270
496713.0,3763211,python,python,AttributeError_init
496713.0,3763330,python,python,_PyObject_GC_NewVar
496713.0,3763190,python,[JIT],0x0000f1ba7f46e7ac
496713.0,3763357,python,[JIT],0x0000e7781b2dd058
496713.0,3763357,python,[JIT],0x0000e7781b2e0094
496712.0,3763357,python,[JIT],0x0000e7781b22e6c0
496711.0,3763238,python,python,PyObject_Hash
496711.0,3763190,python,[JIT],0x0000f1ba7f46e690
496711.0,3763357,python,[JIT],0x0000e7781b2de39c
496710.0,3763190,python,[JIT],0x0000f1ba7f5135f4
496710.0,3763190,python,[JIT],0x0000f1ba7f5431a0
496710.0,3763190,python,[JIT],0x0000f1ba7f5441d4
496709.0,3763330,python,[JIT],0x0000eb309a3ba398
496709.0,3763211,python,[JIT],0x0000e406ca5bd434
496708.0,3763357,python,[JIT],0x0000e7781b2d67f8
496708.0,3763299,python,python,do_raise
496708.0,3763238,python,[JIT],0x0000f6dc2ffb003c
496707.0,3763211,python,[JIT],0x0000e406ca5b4394
496707.0,3763357,python,[JIT],0x0000e7781b22e81c
496703.0,3763238,python,[JIT],0x0000f6dc2ff85df0
496703.0,3763190,python,[JIT],0x0000f1ba7f54407c
496700.0,3763421,python,[JIT],0x0000f70065d4c210
496699.0,3763421,python,[JIT],0x0000f70065d48234
496699.0,3763190,python,[JIT],0x0000f1ba7f513688
496699.0,3763190,python,[JIT],0x0000f1ba7f544100
496698.0,3763190,python,[JIT],0x0000f1ba7f46bac0
496698.0,3763190,python,[JIT],0x0000f1ba7f46e768
496698.0,3763357,python,[JIT],0x0000e7781b2dcd84
496697.0,3763330,python,[JIT],0x0000eb309a3be008
496697.0,3763357,python,[JIT],0x0000e7781b3081c4
496696.0,3763421,python,[JIT],0x0000f70065d425d4
496696.0,3763330,python,python,set_iter
496695.0,3763299,python,[JIT],0x0000f25744b68020
496695.0,3763238,python,[JIT],0x0000f6dc2fed3168
496695.0,3763211,python,[JIT],0x0000e406ca5b85b0
496695.0,3763357,python,[JIT],0x0000e7781b2dcd74
496694.0,3763357,python,[JIT],0x0000e7781b308090
496693.0,3763238,python,[JIT],0x0000f6dc2fedef74
496693.0,3763238,python,[JIT],0x0000f6dc2feda750
496693.0,3763238,python,[JIT],0x0000f6dc2fede1b8
496693.0,3763190,python,[JIT],0x0000f1ba7f5131b8
496693.0,3763211,python,[JIT],0x0000e406ca6620b4
496691.0,3763330,python,[JIT],0x0000eb309a4680d8
496691.0,3763357,python,[JIT],0x0000e7781b30819c
496690.0,3763330,python,[JIT],0x0000eb309a468270
496690.0,3763357,python,python,PyMem_Realloc
496689.0,3763421,python,[JIT],0x0000f70065d42404
496688.0,3763190,python,[JIT],0x0000f1ba7f51a8d4
496688.0,3763330,python,[JIT],0x0000eb309a491234
496687.0,3763421,python,python,PyTuple_New
496687.0,3763330,python,[JIT],0x0000eb309a3ba9f0
496687.0,3763357,python,[JIT],0x0000e7781b2d6444
496685.0,3763421,python,[JIT],0x0000f70065d42550
496684.0,3763421,python,[JIT],0x0000f70065d427a8
496684.0,3763190,python,[JIT],0x0000f1ba7f469a18
496683.0,3763238,python,[JIT],0x0000f6dc2ff86000
496682.0,3763357,python,[JIT],0x0000e7781b2dc1f0
496680.0,3763211,python,python,subtype_dict
496680.0,3763190,python,[JIT],0x0000f1ba7f51a130
496680.0,3763211,python,[JIT],0x0000e406ca68b0d8
496680.0,3763357,python,[JIT],0x0000e7781b2d3170
496680.0,3763357,python,[JIT],0x0000e7781b2dc0d8
496679.0,3763238,python,python,_PyDict_GetItemRef_KnownHash
496679.0,3763190,python,[JIT],0x0000f1ba7f4650cc
496679.0,3763190,python,[JIT],0x0000f1ba7f513890
496678.0,3763421,python,python,PyList_New.constprop.0
496678.0,3763190,python,[JIT],0x0000f1ba7f5136d4
496678.0,3763330,python,[JIT],0x0000eb309a465b84
496677.0,3763421,python,[JIT],0x0000f70065c9d14c
496677.0,3763190,python,[JIT],0x0000f1ba7f462234
496677.0,3763190,python,[JIT],0x0000f1ba7f5193f8
496677.0,3763330,python,python,tuple_contains
496677.0,3763211,python,[JIT],0x0000e406ca5b8714
496677.0,3763211,python,[JIT],0x0000e406ca5bdd0c
496676.0,3763421,python,[JIT],0x0000f70065d48130
496676.0,3763190,python,[JIT],0x0000f1ba7f543770
496675.0,3763190,python,[JIT],0x0000f1ba7f51b1e4
496675.0,3763357,python,[JIT],0x0000e7781b2d6458
496674.0,3763211,python,[JIT],0x0000e406ca5bd570
496674.0,3763357,python,[JIT],0x0000e7781b2d640c
496673.0,3763190,python,[JIT],0x0000f1ba7f46ef48
496673.0,3763357,python,[JIT],0x0000e7781b2dd024
496671.0,3763357,python,[JIT],0x0000e7781b2d68dc
496671.0,3763190,python,[JIT],0x0000f1ba7f46e0a0
496670.0,3763190,python,[JIT],0x0000f1ba7f46e224
496670.0,3763190,python,[JIT],0x0000f1ba7f46eb58
496670.0,3763211,python,[JIT],0x0000e406ca5bd820
496668.0,3763238,python,[JIT],0x0000f6dc2ffb1200
496668.0,3763190,python,[JIT],0x0000f1ba7f51b280
496668.0,3763211,python,[JIT],0x0000e406ca5b87e0
496666.0,3763238,python,python,PyObject_IsTrue
496665.0,3763330,python,[JIT],0x0000eb309a4651ac
496664.0,3763238,python,[JIT],0x0000f6dc2feda438
496664.0,3763330,python,[JIT],0x0000eb309a49400c
496663.0,3763238,python,[JIT],0x0000f6dc2fedc0ec
496663.0,3763330,python,[JIT],0x0000eb309a465770
496662.0,3763357,python,[JIT],0x0000e7781b2d6050
496662.0,3763357,python,[JIT],0x0000e7781b309034
496661.0,3763330,python,python,dict_get
496660.0,3763190,python,[JIT],0x0000f1ba7f46e0ec
496659.0,3763357,python,[JIT],0x0000e7781b22e6e0
496658.0,3763211,python,[JIT],0x0000e406ca662144
496658.0,3763357,python,[JIT],0x0000e7781b2d3120
496658.0,3763357,python,[JIT],0x0000e7781b2d347c
496657.0,3763238,python,[JIT],0x0000f6dc2ff85418
496656.0,3763238,python,[JIT],0x0000f6dc2ff85278
496655.0,3763421,python,[JIT],0x0000f70065c99700
496655.0,3763238,python,[JIT],0x0000f6dc2ff854a8
496655.0,3763190,python,[JIT],0x0000f1ba7f46e340
496654.0,3763238,python,python,getset_get
496654.0,3763190,python,python,_Py_BuildMap_StackRefSteal
496654.0,3763190,python,[JIT],0x0000f1ba7f51367c
496654.0,3763330,python,[JIT],0x0000eb309a465cb8
496654.0,3763211,python,[JIT],0x0000e406ca5bd32c
496653.0,3763421,python,python,_PyErr_GetRaisedException
496652.0,3763238,python,python,_PyForIter_VirtualIteratorNext
496652.0,3763190,python,[JIT],0x0000f1ba7f46e860
496652.0,3763357,python,[JIT],0x0000e7781b2dcfe0
496651.0,3763330,python,python,weakref_hash
496651.0,3763357,python,[JIT],0x0000e7781b2dc58c
496651.0,3763357,python,[JIT],0x0000e7781b2dc62c
496651.0,3763357,python,[JIT],0x0000e7781b2dca08
496650.0,3763330,python,[JIT],0x0000eb309a3baa48
496650.0,3763330,python,[JIT],0x0000eb309a3be000
496650.0,3763357,python,[JIT],0x0000e7781b308370
496649.0,3763238,python,python,_PyObject_GC_Link
496649.0,3763211,python,python,_PyEvalFramePushAndInit
496649.0,3763190,python,[JIT],0x0000f1ba7f513324
496649.0,3763190,python,[JIT],0x0000f1ba7f513f70
496648.0,3763421,python,[JIT],0x0000f70065d75558
496647.0,3763238,python,[JIT],0x0000f6dc2ff85634
496647.0,3763238,python,[JIT],0x0000f6dc2ff858a0
496647.0,3763190,python,[JIT],0x0000f1ba7f46ee54
496647.0,3763330,python,[JIT],0x0000eb309a4655a8
496646.0,3763238,python,[JIT],0x0000f6dc2ff85a04
496645.0,3763211,python,python,PyObject_Call
496645.0,3763238,python,[JIT],0x0000f6dc2fede3c0
496645.0,3763211,python,[JIT],0x0000e406ca66202c
496644.0,3763421,python,[JIT],0x0000f70065c99c48
496644.0,3763299,python,python,PyObject_GetAttr
496644.0,3763238,python,[JIT],0x0000f6dc2ff85f58
496644.0,3763330,python,[JIT],0x0000eb309a3b31f4
496643.0,3763299,python,python,initialize_locals
496643.0,3763190,python,[JIT],0x0000f1ba7f513538
496643.0,3763330,python,[JIT],0x0000eb309a465074
496642.0,3763211,python,[JIT],0x0000e406ca5b8264
496642.0,3763211,python,[JIT],0x0000e406ca5bda88
496642.0,3763357,python,[JIT],0x0000e7781b2dc560
496641.0,3763211,python,[JIT],0x0000e406ca5b47ac
496641.0,3763211,python,[JIT],0x0000e406ca5be254
496639.0,3763238,python,[JIT],0x0000f6dc2ff850c8
496639.0,3763330,python,[JIT],0x0000eb309a3be688
496639.0,3763211,python,[JIT],0x0000e406ca5bd430
496638.0,3763421,python,[JIT],0x0000f70065d48de4
496638.0,3763421,python,[JIT],0x0000f70065d4c088
496638.0,3763211,python,python,setiter_iternext
496638.0,3763238,python,[JIT],0x0000f6dc2fede2ac
496637.0,3763421,python,[JIT],0x0000f70065c94240
496637.0,3763238,python,[JIT],0x0000f6dc2fede268
496636.0,3763299,python,python,PyObject_Hash
496636.0,3763330,python,[JIT],0x0000eb309a465460
496636.0,3763357,python,[JIT],0x0000e7781b2dc1ec
496635.0,3763421,python,python,strchr@plt
496635.0,3763299,python,python,lru_cache_call
496635.0,3763211,python,[JIT],0x0000e406ca5b6038
496634.0,3763238,python,[JIT],0x0000f6dc2ffb1060
496634.0,3763190,python,[JIT],0x0000f1ba7f51a090
496633.0,3763190,python,[JIT],0x0000f1ba7f5134b8
496633.0,3763330,python,[JIT],0x0000eb309a465620
496633.0,3763330,python,[JIT],0x0000eb309a468190
496632.0,3763330,python,[JIT],0x0000eb309a465d80
496632.0,3763211,python,[JIT],0x0000e406ca5bd894
496631.0,3763190,python,[JIT],0x0000f1ba7f513200
496631.0,3763330,python,[JIT],0x0000eb309a4659a8
496631.0,3763211,python,[JIT],0x0000e406ca5bd0d0
496630.0,3763211,python,[JIT],0x0000e406ca5be0b4
496629.0,3763238,python,python,_PyThreadState_PopFrame
496629.0,3763421,python,[JIT],0x0000f70065d74004
496629.0,3763421,python,python,PyTraceBack_Here
496629.0,3763238,python,[JIT],0x0000f6dc2ffb10a8
496629.0,3763190,python,python,PyObject_IsTrue
496629.0,3763330,python,[JIT],0x0000eb309a46657c
496628.0,3763211,python,python,new_dict.constprop.0
496628.0,3763421,python,python,PyTuple_FromArray
496628.0,3763238,python,[JIT],0x0000f6dc2fed3238
496628.0,3763211,python,[JIT],0x0000e406ca5b4750
496628.0,3763357,python,python,PyObject_IsTrue
496627.0,3763421,python,[JIT],0x0000f70065d48fe0
496627.0,3763238,python,[JIT],0x0000f6dc2ff85d78
496626.0,3763330,python,[JIT],0x0000eb309a4663c0
496625.0,3763299,python,[JIT],0x0000f25744b3c0d8
496625.0,3763357,python,[JIT],0x0000e7781b22e038
496624.0,3763421,python,[JIT],0x0000f70065c993f8
496624.0,3763238,python,[JIT],0x0000f6dc2ff88108
496623.0,3763421,python,[JIT],0x0000f70065d7421c
496623.0,3763238,python,[JIT],0x0000f6dc2fedb608
496623.0,3763190,python,[JIT],0x0000f1ba7f51a338
496622.0,3763190,python,[JIT],0x0000f1ba7f46914c
496622.0,3763190,python,[JIT],0x0000f1ba7f46e1cc
496622.0,3763330,python,[JIT],0x0000eb309a3be7c4
496622.0,3763330,python,[JIT],0x0000eb309a4651c8
496622.0,3763211,python,[JIT],0x0000e406ca5bdd9c
496622.0,3763211,python,[JIT],0x0000e406ca68b1dc
496621.0,3763238,python,python,PyList_New.constprop.0
496621.0,3763238,python,python,_PyObject_GetAttrStackRef
496621.0,3763421,python,[JIT],0x0000f70065d48bf0
496621.0,3763421,python,python,object_richcompare
496621.0,3763238,python,[JIT],0x0000f6dc2feda844
496621.0,3763211,python,[JIT],0x0000e406ca68a028
496620.0,3763421,python,[JIT],0x0000f70065d740f8
496620.0,3763238,python,[JIT],0x0000f6dc2ff88294
496620.0,3763190,python,[JIT],0x0000f1ba7f4693d8
496620.0,3763330,python,[JIT],0x0000eb309a3be90c
496620.0,3763211,python,[JIT],0x0000e406ca68b040
496620.0,3763211,python,[JIT],0x0000e406ca68b0fc
496620.0,3763357,python,[JIT],0x0000e7781b228874
496619.0,3763421,python,python,PyArg_ParseTupleAndKeywords
496619.0,3763421,python,python,_PyEvalFramePushAndInit
496619.0,3763211,python,[JIT],0x0000e406ca5b8768
496618.0,3763357,python,python,subtype_dict
496618.0,3763421,python,[JIT],0x0000f70065d4a328
496618.0,3763421,python,[JIT],0x0000f70065d7437c
496618.0,3763330,python,python,PyObject_IsSubclass
496618.0,3763211,python,[JIT],0x0000e406ca5be574
496618.0,3763357,python,[JIT],0x0000e7781b2d671c
496617.0,3763299,python,[JIT],0x0000f25744b32f74
496617.0,3763330,python,[JIT],0x0000eb309a3bc080
496617.0,3763357,python,[JIT],0x0000e7781b2d6674
496616.0,3763421,python,python,PyMem_Free
496616.0,3763190,python,[JIT],0x0000f1ba7f46f964
496616.0,3763190,python,[JIT],0x0000f1ba7f51326c
496616.0,3763357,python,[JIT],0x0000e7781b308168
496615.0,3763330,python,python,type_call
496615.0,3763357,python,[JIT],0x0000e7781b308110
496614.0,3763330,python,[JIT],0x0000eb309a3be8b4
496614.0,3763211,python,python,_PyType_GetDict
496614.0,3763211,python,[JIT],0x0000e406ca5bd074
496614.0,3763211,python,[JIT],0x0000e406ca5bdad8
496614.0,3763357,python,[JIT],0x0000e7781b2d12fc
496614.0,3763357,python,[JIT],0x0000e7781b2d64f8
496614.0,3763357,python,[JIT],0x0000e7781b3080b4
496613.0,3763421,python,[JIT],0x0000f70065d48550
496613.0,3763211,python,python,vgetargskeywords_impl.constprop.0
496613.0,3763299,python,python,_PyObject_GetAttrStackRef
496613.0,3763421,python,[JIT],0x0000f70065d4c0cc
496613.0,3763238,python,[JIT],0x0000f6dc2ff85a1c
496613.0,3763330,python,[JIT],0x0000eb309a3baa6c
496613.0,3763211,python,[JIT],0x0000e406ca6621f8
496612.0,3763421,python,[JIT],0x0000f70065d48d0c
496612.0,3763211,python,python,type_get_mro
496612.0,3763330,python,[JIT],0x0000eb309a3bcfbc
496612.0,3763357,python,[JIT],0x0000e7781b2dcde8
496611.0,3763357,python,python,do_raise
496611.0,3763357,python,python,lru_cache_make_key
496611.0,3763421,python,[JIT],0x0000f70065d4216c
496611.0,3763238,python,[JIT],0x0000f6dc2fede544
496611.0,3763330,python,python,PyErr_GetRaisedException
496611.0,3763357,python,[JIT],0x0000e7781b2dcd78
496610.0,3763211,python,python,_PyEval_MonitorRaise
496610.0,3763238,python,[JIT],0x0000f6dc2feda124
496610.0,3763190,python,[JIT],0x0000f1ba7f544004
496609.0,3763421,python,[JIT],0x0000f70065d48c00
496609.0,3763211,python,python,PyObject_GC_Track
496609.0,3763330,python,[JIT],0x0000eb309a3bc578
496609.0,3763330,python,[JIT],0x0000eb309a465a94
496608.0,3763238,python,[JIT],0x0000f6dc2ff85900
496608.0,3763330,python,python,_PyJIT_Entry
496608.0,3763190,python,[JIT],0x0000f1ba7f5137d8
496608.0,3763357,python,[JIT],0x0000e7781b309428
496607.0,3763421,python,[JIT],0x0000f70065c94650
496607.0,3763238,python,[JIT],0x0000f6dc2fed7180
496607.0,3763238,python,[JIT],0x0000f6dc2feda68c
496607.0,3763330,python,python,PyList_AsTuple
496607.0,3763211,python,[JIT],0x0000e406ca5bf308
496607.0,3763211,python,[JIT],0x0000e406ca661218
496607.0,3763357,python,[JIT],0x0000e7781b22ebb0
496606.0,3763211,python,[JIT],0x0000e406ca5bd318
496605.0,3763238,python,python,_Py_Check_ArgsIterable
496605.0,3763238,python,[JIT],0x0000f6dc2feda8b4
496604.0,3763421,python,[JIT],0x0000f70065d74374
496604.0,3763421,python,python,PyObject_Free
496604.0,3763330,python,libc.so.6,__memset_zva64
496604.0,3763330,python,[JIT],0x0000eb309a46554c
496602.0,3763330,python,[JIT],0x0000eb309a3be0e4
496602.0,3763211,python,[JIT],0x0000e406ca68b194
496601.0,3763421,python,[JIT],0x0000f70065d49180
496601.0,3763330,python,[JIT],0x0000eb309a3ba6e8
496601.0,3763211,python,[JIT],0x0000e406ca5b8554
496600.0,3763421,python,[JIT],0x0000f70065d4c280
496600.0,3763211,python,[JIT],0x0000e406ca66122c
496599.0,3763421,python,[JIT],0x0000f70065d74364
496599.0,3763330,python,[kernel.kallsyms],_raw_spin_lock
496598.0,3763238,python,python,_PyEval_FrameClearAndPop
496598.0,3763299,python,python,PySequence_Contains
496598.0,3763357,python,[JIT],0x0000e7781b2dc2f0
496597.0,3763238,python,[JIT],0x0000f6dc2ffb010c
496597.0,3763211,python,python,BaseException_new
496597.0,3763211,python,[JIT],0x0000e406ca5bdc9c
496596.0,3763238,python,[JIT],0x0000f6dc2fede008
496595.0,3763330,python,python,PyDictProxy_New
496595.0,3763211,python,[JIT],0x0000e406ca5b85fc
496595.0,3763211,python,[JIT],0x0000e406ca5bddf0
496595.0,3763357,python,[JIT],0x0000e7781b2d608c
496594.0,3763190,python,python,_PyDict_Subscript
496594.0,3763330,python,[JIT],0x0000eb309a464408
496594.0,3763357,python,python,PyObject_Call
496593.0,3763238,python,[JIT],0x0000f6dc2ff88204
496592.0,3763211,python,[JIT],0x0000e406ca662168
496592.0,3763211,python,[JIT],0x0000e406ca66226c
496592.0,3763357,python,[JIT],0x0000e7781b3092dc
496591.0,3763211,python,python,PyArg_ParseTupleAndKeywords
496591.0,3763330,python,[JIT],0x0000eb309a468204
496590.0,3763421,python,python,get_exception_handler.isra.0
496590.0,3763238,python,[JIT],0x0000f6dc2ff85cb8
496590.0,3763330,python,[JIT],0x0000eb309a46802c
496589.0,3763211,python,python,_PyErr_SetObject
496588.0,3763238,python,python,PyMapping_Check
496587.0,3763238,python,python,_PyFrame_New_NoTrack
496587.0,3763421,python,[JIT],0x0000f70065c94884
496587.0,3763299,python,python,call_special_method
496586.0,3763357,python,python,type_call
496586.0,3763421,python,[JIT],0x0000f70065d48190
496585.0,3763421,python,python,PyObject_Call
496585.0,3763238,python,[JIT],0x0000f6dc2feda698
496584.0,3763238,python,[JIT],0x0000f6dc2ff88094
496584.0,3763211,python,[JIT],0x0000e406ca5bd3e4
496583.0,3763330,python,[JIT],0x0000eb309a465fb4
496581.0,3763330,python,[JIT],0x0000eb309a466168
496581.0,3763330,python,[JIT],0x0000eb309a3be5c8
496580.0,3763357,python,python,weakref_richcompare
496580.0,3763330,python,[JIT],0x0000eb309a465144
496579.0,3763421,python,[JIT],0x0000f70065d7800c
496578.0,3763421,python,[JIT],0x0000f70065c996e4
496578.0,3763211,python,python,PyErr_GetRaisedException
496578.0,3763238,python,[JIT],0x0000f6dc2ff841cc
496578.0,3763330,python,python,PyList_New.constprop.0
496578.0,3763190,python,python,_PyEval_GetIter
496578.0,3763330,python,[JIT],0x0000eb309a465be0
496577.0,3763238,python,python,_PyStaticType_GetState
496577.0,3763421,python,python,_PyFrame_New_NoTrack
496576.0,3763357,python,python,_PyType_GetDict
496576.0,3763421,python,[JIT],0x0000f70065d488b8
496576.0,3763421,python,[JIT],0x0000f70065d49020
496576.0,3763357,python,[JIT],0x0000e7781b308064
496575.0,3763238,python,[JIT],0x0000f6dc2ff855c8
496574.0,3763357,python,[JIT],0x0000e7781b2d34ac
496573.0,3763238,python,[JIT],0x0000f6dc2fede77c
496573.0,3763238,python,[JIT],0x0000f6dc2ff85268
496573.0,3763238,python,[JIT],0x0000f6dc2ffb1068
496572.0,3763421,python,python,PyObject_GenericGetAttr
496572.0,3763238,python,[JIT],0x0000f6dc2feda300
496572.0,3763238,python,[JIT],0x0000f6dc2fedabb8
496572.0,3763238,python,[JIT],0x0000f6dc2fede220
496572.0,3763330,python,[JIT],0x0000eb309a4909a8
496571.0,3763421,python,[JIT],0x0000f70065c99d28
496571.0,3763357,python,[JIT],0x0000e7781b3093cc
496570.0,3763421,python,[JIT],0x0000f70065c99c70
496569.0,3763299,python,python,PyMem_Free
496569.0,3763330,python,[JIT],0x0000eb309a465e5c
496569.0,3763211,python,[JIT],0x0000e406ca68b0ec
496568.0,3763238,python,[JIT],0x0000f6dc2ff8802c
496568.0,3763211,python,[JIT],0x0000e406ca662280
496566.0,3763421,python,[JIT],0x0000f70065d4a378
496565.0,3763330,python,[JIT],0x0000eb309a465438
496564.0,3763421,python,[JIT],0x0000f70065c9d0c0
496563.0,3763330,python,libc.so.6,strchr
496562.0,3763211,python,python,_Py_CheckFunctionResult
496562.0,3763238,python,[JIT],0x0000f6dc2ff85380
496562.0,3763190,python,[JIT],0x0000f1ba7f4697fc
496562.0,3763211,python,[JIT],0x0000e406ca5bddd4
496561.0,3763357,python,python,_PyDict_GetItemRef_KnownHash_LockHeld
496561.0,3763357,python,[JIT],0x0000e7781b2dc140
496560.0,3763357,python,[JIT],0x0000e7781b22e808
496559.0,3763211,python,python,PyMapping_Check
496559.0,3763238,python,[JIT],0x0000f6dc2fede4a4
496559.0,3763211,python,python,PyErr_GivenExceptionMatches
496559.0,3763211,python,[JIT],0x0000e406ca5b8288
496558.0,3763421,python,[JIT],0x0000f70065c99524
496558.0,3763190,python,[JIT],0x0000f1ba7f469b28
496558.0,3763357,python,[JIT],0x0000e7781b2d65f4
496557.0,3763421,python,[JIT],0x0000f70065d741d4
496557.0,3763238,python,[JIT],0x0000f6dc2ff85760
496557.0,3763330,python,python,_PyEval_Vector
496557.0,3763330,python,[JIT],0x0000eb309a46808c
496557.0,3763211,python,[JIT],0x0000e406ca5bd35c
496557.0,3763211,python,[JIT],0x0000e406ca68a210
496556.0,3763357,python,python,PyMapping_Check
496556.0,3763299,python,python,_PyObject_GC_New
496556.0,3763211,python,[JIT],0x0000e406ca5b4170
496555.0,3763421,python,[JIT],0x0000f70065d750c0
496555.0,3763211,python,[JIT],0x0000e406ca5bd358
496555.0,3763238,python,[JIT],0x0000f6dc2fede684
496555.0,3763238,python,[JIT],0x0000f6dc2ff850fc
496555.0,3763238,python,[JIT],0x0000f6dc2ff85720
496555.0,3763330,python,[JIT],0x0000eb309a3be700
496555.0,3763330,python,[JIT],0x0000eb309a467274
496555.0,3763357,python,[JIT],0x0000e7781b2dcae0
496554.0,3763421,python,[JIT],0x0000f70065d419c0
496554.0,3763421,python,[JIT],0x0000f70065d740e4
496554.0,3763330,python,[JIT],0x0000eb309a465c88
496553.0,3763421,python,[JIT],0x0000f70065d48b04
496552.0,3763238,python,python,tuple_contains
496552.0,3763190,python,[JIT],0x0000f1ba7f513690
496552.0,3763357,python,[JIT],0x0000e7781b2dcf00
496552.0,3763357,python,[JIT],0x0000e7781b308038
496551.0,3763238,python,[JIT],0x0000f6dc2ffb1040
496551.0,3763330,python,[JIT],0x0000eb309a3ba03c
496551.0,3763330,python,[JIT],0x0000eb309a490070
496551.0,3763357,python,[JIT],0x0000e7781b22d384
496550.0,3763299,python,python,_PyObject_GC_Link
496550.0,3763330,python,[JIT],0x0000eb309a4911cc
496549.0,3763190,python,[JIT],0x0000f1ba7f46ef50
496549.0,3763211,python,[JIT],0x0000e406ca5b4a50
496549.0,3763211,python,[JIT],0x0000e406ca5b6120
496549.0,3763357,python,[JIT],0x0000e7781b2d683c
496548.0,3763421,python,[JIT],0x0000f70065c99ae4
496548.0,3763421,python,[JIT],0x0000f70065d42084
496547.0,3763421,python,[JIT],0x0000f70065d42578
496547.0,3763421,python,[JIT],0x0000f70065d42fa4
496547.0,3763330,python,python,PyObject_IsTrue
496545.0,3763421,python,[JIT],0x0000f70065c9d474
496545.0,3763190,python,[JIT],0x0000f1ba7f46ed60
496544.0,3763421,python,[JIT],0x0000f70065d480d4
496544.0,3763238,python,[JIT],0x0000f6dc2ff85c70
496543.0,3763211,python,python,PyObject_GenericGetDict
496543.0,3763238,python,[JIT],0x0000f6dc2ff880a8
496542.0,3763330,python,[JIT],0x0000eb309a3b323c
496541.0,3763190,python,[JIT],0x0000f1ba7f544230
496540.0,3763330,python,[JIT],0x0000eb309a491038
496538.0,3763330,python,[JIT],0x0000eb309a465c20
496538.0,3763211,python,[JIT],0x0000e406ca5bd784
496537.0,3763421,python,[JIT],0x0000f70065d4c114
496536.0,3763211,python,[JIT],0x0000e406ca5bdd78
496535.0,3763238,python,[JIT],0x0000f6dc2ff840ac
496534.0,3763421,python,[JIT],0x0000f70065c99874
496534.0,3763211,python,python,lru_cache_make_key
496533.0,3763421,python,[JIT],0x0000f70065d421b8
496533.0,3763211,python,python,PyObject_Malloc
496533.0,3763330,python,[JIT],0x0000eb309a3be3f0
496532.0,3763238,python,[JIT],0x0000f6dc2ff880f8
496531.0,3763330,python,python,_PyErr_Restore
496530.0,3763421,python,[JIT],0x0000f70065d427d8
496530.0,3763421,python,[JIT],0x0000f70065d485c8
496530.0,3763238,python,[JIT],0x0000f6dc2ffb00a8
496529.0,3763211,python,[JIT],0x0000e406ca5b4c70
496528.0,3763357,python,[JIT],0x0000e7781b228244
496527.0,3763421,python,[JIT],0x0000f70065d42814
496527.0,3763211,python,[JIT],0x0000e406ca662240
496527.0,3763211,python,[JIT],0x0000e406ca662298
496527.0,3763357,python,[JIT],0x0000e7781b22c0cc
496526.0,3763421,python,[JIT],0x0000f70065d48c04
496526.0,3763330,python,[JIT],0x0000eb309a465684
496526.0,3763357,python,[JIT],0x0000e7781b2dc61c
496525.0,3763421,python,[JIT],0x0000f70065d4c038
496525.0,3763211,python,[JIT],0x0000e406ca5b61e8
496524.0,3763238,python,[JIT],0x0000f6dc2ff85408
496524.0,3763211,python,[JIT],0x0000e406ca5bf2c8
496523.0,3763421,python,[JIT],0x0000f70065d48c98
496523.0,3763421,python,[JIT],0x0000f70065d4c0c8
496523.0,3763238,python,[JIT],0x0000f6dc2ff8513c
496523.0,3763238,python,[JIT],0x0000f6dc2ff85fac
496523.0,3763330,python,[JIT],0x0000eb309a3be684
496523.0,3763211,python,[JIT],0x0000e406ca5bd440
496522.0,3763238,python,[JIT],0x0000f6dc2feda918
496522.0,3763211,python,[JIT],0x0000e406ca35c168
496521.0,3763330,python,[JIT],0x0000eb309a466414
496521.0,3763211,python,[JIT],0x0000e406ca5bd13c
496520.0,3763211,python,[JIT],0x0000e406ca5bd2a4
496519.0,3763421,python,[JIT],0x0000f70065d42504
496519.0,3763421,python,[JIT],0x0000f70065d7503c
496519.0,3763238,python,[JIT],0x0000f6dc2fede830
496519.0,3763238,python,[JIT],0x0000f6dc2ff851f4
496519.0,3763330,python,[JIT],0x0000eb309a491098
496518.0,3763330,python,[JIT],0x0000eb309a466400
496516.0,3763421,python,python,getset_get
496516.0,3763190,python,[JIT],0x0000f1ba7f469878
496516.0,3763211,python,[JIT],0x0000e406ca5bd590
496515.0,3763421,python,python,_Py_type_getattro
496515.0,3763330,python,[JIT],0x0000eb309a3be398
496514.0,3763238,python,[JIT],0x0000f6dc2ff855dc
496514.0,3763190,python,[JIT],0x0000f1ba7f5430a8
496513.0,3763421,python,[JIT],0x0000f70065c9d000
496513.0,3763421,python,[JIT],0x0000f70065d41570
496513.0,3763421,python,python,_abc__abc_instancecheck
496513.0,3763238,python,[JIT],0x0000f6dc2ff86168
496512.0,3763421,python,[JIT],0x0000f70065d74060
496512.0,3763330,python,[JIT],0x0000eb309a4650fc
496512.0,3763330,python,[JIT],0x0000eb309a465428
496511.0,3763330,python,[JIT],0x0000eb309a3ba594
496511.0,3763330,python,[JIT],0x0000eb309a3be0c8
496510.0,3763211,python,[JIT],0x0000e406ca5bd924
496508.0,3763330,python,[JIT],0x0000eb309a465df0
496507.0,3763211,python,libc.so.6,__memset_zva64
496506.0,3763330,python,[JIT],0x0000eb309a3b36d4
496504.0,3763330,python,[JIT],0x0000eb309a3ba750
496504.0,3763330,python,[JIT],0x0000eb309a465b30
496504.0,3763330,python,[JIT],0x0000eb309a468038
496503.0,3763421,python,[JIT],0x0000f70065d48b2c
496503.0,3763238,python,python,PyList_AsTuple
496503.0,3763330,python,[JIT],0x0000eb309a3be0b0
496502.0,3763299,python,python,PyType_IsSubtype
496501.0,3763238,python,[JIT],0x0000f6dc2ff85ab4
496499.0,3763421,python,[JIT],0x0000f70065d42820
496498.0,3763421,python,python,wrap_binaryfunc
496498.0,3763330,python,python,_Py_type_getattro
496497.0,3763421,python,python,PyObject_IsTrue
496497.0,3763330,python,[JIT],0x0000eb309a3bb63c
496496.0,3763421,python,[JIT],0x0000f70065d42238
496496.0,3763211,python,[JIT],0x0000e406ca5bdbf0
496496.0,3763211,python,[JIT],0x0000e406ca68b1b0
496494.0,3763211,python,[JIT],0x0000e406ca5bde40
496493.0,3763330,python,[JIT],0x0000eb309a3baca8
496492.0,3763421,python,[JIT],0x0000f70065d48d84
496492.0,3763211,python,python,set_iter
496492.0,3763238,python,[JIT],0x0000f6dc2ff85da0
496492.0,3763211,python,[JIT],0x0000e406ca68a4ac
496491.0,3763421,python,[JIT],0x0000f70065c9d118
496491.0,3763421,python,[JIT],0x0000f70065d4208c
496491.0,3763421,python,[JIT],0x0000f70065d423a8
496491.0,3763330,python,[JIT],0x0000eb309a4662b0
496490.0,3763238,python,libc.so.6,__memset_zva64
496490.0,3763330,python,[JIT],0x0000eb309a3befa4
496490.0,3763330,python,[JIT],0x0000eb309a465000
496490.0,3763330,python,[JIT],0x0000eb309a49137c
496490.0,3763211,python,[JIT],0x0000e406ca35c2ac
496489.0,3763357,python,python,_Py_Check_ArgsIterable
496489.0,3763421,python,[JIT],0x0000f70065d489c8
496489.0,3763330,python,[JIT],0x0000eb309a3bac80
496489.0,3763330,python,[JIT],0x0000eb309a3be0e0
496488.0,3763190,python,python,tuple_traverse
496488.0,3763330,python,python,_PyDict_Subscript
496488.0,3763357,python,[JIT],0x0000e7781b2d3400
496487.0,3763330,python,[JIT],0x0000eb309a3be028
496486.0,3763421,python,[JIT],0x0000f70065d48460
496485.0,3763421,python,[JIT],0x0000f70065d42390
496484.0,3763357,python,[JIT],0x0000e7781b30910c
496483.0,3763421,python,[JIT],0x0000f70065d74070
496482.0,3763330,python,[JIT],0x0000eb309a465358
496481.0,3763238,python,[JIT],0x0000f6dc2ff84188
496480.0,3763238,python,[JIT],0x0000f6dc2fede6d4
496480.0,3763211,python,[JIT],0x0000e406ca5b8588
496479.0,3763238,python,[JIT],0x0000f6dc2ff84424
496478.0,3763330,python,python,PyWeakref_NewRef
496475.0,3763421,python,[JIT],0x0000f70065d4861c
496474.0,3763211,python,[JIT],0x0000e406ca5bded8
496473.0,3763238,python,[JIT],0x0000f6dc2fede670
496473.0,3763330,python,[JIT],0x0000eb309a3ba698
496473.0,3763330,python,[JIT],0x0000eb309a465c70
496468.0,3763211,python,[JIT],0x0000e406ca5b8284
496467.0,3763211,python,libc.so.6,strchr
496466.0,3763211,python,[JIT],0x0000e406ca5bd344
496464.0,3763330,python,[JIT],0x0000eb309a3be818
496461.0,3763421,python,[JIT],0x0000f70065d4211c
496461.0,3763211,python,[JIT],0x0000e406ca68b0a8
496460.0,3763238,python,[JIT],0x0000f6dc2fed32a8
496460.0,3763238,python,[JIT],0x0000f6dc2ff88298
496459.0,3763330,python,[JIT],0x0000eb309a3bef70
496457.0,3763421,python,[JIT],0x0000f70065c99124
496457.0,3763421,python,[JIT],0x0000f70065d48cb8
496454.0,3763211,python,[JIT],0x0000e406ca5b8634
496449.0,3763421,python,[JIT],0x0000f70065d48158
496448.0,3763211,python,[JIT],0x0000e406ca68b148
496446.0,3763330,python,[JIT],0x0000eb309a3bc068
496444.0,3763421,python,[JIT],0x0000f70065d48440
496442.0,3763330,python,[JIT],0x0000eb309a49102c
496441.0,3763330,python,[JIT],0x0000eb309a464194
496440.0,3763421,python,[JIT],0x0000f70065d48d68
496439.0,3763211,python,[JIT],0x0000e406ca5b83dc
496437.0,3763211,python,[JIT],0x0000e406ca661270
496434.0,3763330,python,python,call_special_method
496433.0,3763421,python,[JIT],0x0000f70065c9eb54
496433.0,3763421,python,python,_PyFrame_MakeAndSetFrameObject
496432.0,3763238,python,[JIT],0x0000f6dc2fedc904
496415.0,3763330,python,[JIT],0x0000eb309a465e34
496399.0,3763190,python,[JIT],0x0000f1ba7f469420
496387.0,3763190,python,[JIT],0x0000f1ba7f46e4ec
496386.0,3763238,python,python,initialize_locals
496372.0,3763238,python,python,do_raise
496370.0,3763238,python,[JIT],0x0000f6dc2fede688
496324.0,3763238,python,[JIT],0x0000f6dc2ff87278
496230.0,3763238,python,python,PySequence_Contains
496224.0,3763211,python,[JIT],0x0000e406ca68a770
496072.0,3763190,python,[JIT],0x0000f1ba7f51b038
495747.0,3763190,python,[JIT],0x0000f1ba7f5436c0
495729.0,3763330,python,[JIT],0x0000eb309a46522c
495721.0,3763421,python,[JIT],0x0000f70065d4c0f8
495696.0,3763211,python,[JIT],0x0000e406ca5bdd8c
495495.0,3763190,python,[JIT],0x0000f1ba7f5136e0
495395.0,3763357,python,[JIT],0x0000e7781b2d315c
495293.0,3763238,python,python,_PyEval_GetIter
495266.0,3763421,python,[JIT],0x0000f70065d492a8
495206.0,3763190,python,[JIT],0x0000f1ba7f5135ac
495156.0,3763238,python,[JIT],0x0000f6dc2fedaa6c
495122.0,3763211,python,python,PyMem_Realloc
495029.0,3763190,python,[JIT],0x0000f1ba7f46e6f4
494820.0,3763330,python,[JIT],0x0000eb309a4905d4
494175.0,3763421,python,[JIT],0x0000f70065d4212c
494073.0,3763238,python,[kernel.kallsyms],__perf_addr_filters_adjust
493364.0,3763190,python,[JIT],0x0000f1ba7f54420c
493358.0,3763330,python,python,_PyStaticType_GetState
493355.0,3763330,python,[JIT],0x0000eb309a4900e0
493298.0,3763330,python,[JIT],0x0000eb309a490220
493265.0,3763238,python,python,PyType_GenericAlloc
493183.0,3763190,python,[JIT],0x0000f1ba7f51b268
492547.0,3763357,python,[JIT],0x0000e7781b3080a8
490915.0,3763357,python,[JIT],0x0000e7781b2dccd4
490899.0,3763190,python,[JIT],0x0000f1ba7f469008
490518.0,3763330,python,python,_PyErr_SetObject.part.0
490299.0,3763299,python,python,mappingproxy_dealloc
489872.0,3763421,python,[JIT],0x0000f70065d48a08
483254.0,3763357,python,python,object_richcompare
479601.0,3763238,python,[JIT],0x0000f6dc2ff860d4
468756.0,3763211,python,[JIT],0x0000e406ca5bd334
455333.0,3763357,python,[JIT],0x0000e7781b22e750
366362.0,3763357,python,python,dict_dealloc
324024.0,3763190,python,[kernel.kallsyms],pipe_write
284579.0,3763330,python,[kernel.kallsyms],task_mm_cid_work
282743.0,3763211,python,[JIT],0x0000e406ca5be15c
278567.0,3763357,python,python,_PyEval_GetIter
275130.0,3763190,python,[JIT],0x0000f1ba7f544028
271532.0,3763211,python,[JIT],0x0000e406ca5be0d4
264939.0,3763238,python,[JIT],0x0000f6dc2ff88280
260934.0,3763190,python,[JIT],0x0000f1ba7f51a340
258901.0,3763330,python,[JIT],0x0000eb309a4901c0
258546.0,3763330,python,[JIT],0x0000eb309a466404
258518.0,3763211,python,[kernel.kallsyms],task_mm_cid_work
257213.0,3763238,python,[JIT],0x0000f6dc2ff84270
257146.0,3763357,python,[JIT],0x0000e7781b2dc8cc
255461.0,3763421,python,python,PyCMethod_New
254922.0,3763238,python,[JIT],0x0000f6dc2ffb12a0
254910.0,3763190,python,[JIT],0x0000f1ba7f46b994
254800.0,3763357,python,python,PyObject_Free
254544.0,3763211,python,[JIT],0x0000e406ca661214
254178.0,3763421,python,[JIT],0x0000f70065d4c05c
254097.0,3763190,python,[JIT],0x0000f1ba7f5132a0
253829.0,3763357,python,[JIT],0x0000e7781b2dc098
253607.0,3763421,python,[JIT],0x0000f70065c9d320
252802.0,3763330,python,[JIT],0x0000eb309a491268
252391.0,3763238,python,[JIT],0x0000f6dc2fed8400
252187.0,3763330,python,[JIT],0x0000eb309a49109c
252122.0,3763357,python,[JIT],0x0000e7781b2d615c
252067.0,3763190,python,[JIT],0x0000f1ba7f46e50c
251572.0,3763211,python,[JIT],0x0000e406ca68a224
251169.0,3763238,python,[JIT],0x0000f6dc2ff86378
251054.0,3763211,python,[JIT],0x0000e406ca5b8494
250953.0,3763357,python,python,_PyEval_CheckExceptTypeValid
250907.0,3763190,python,[JIT],0x0000f1ba7f462104
250678.0,3763421,python,[JIT],0x0000f70065d48ed8
250622.0,3763357,python,[JIT],0x0000e7781b22e75c
250593.0,3763238,python,[JIT],0x0000f6dc2ff85194
250355.0,3763421,python,[JIT],0x0000f70065d48b30
250182.0,3763238,python,[JIT],0x0000f6dc2fede86c
250161.0,3763330,python,[JIT],0x0000eb309a3bac2c
250074.0,3763330,python,[JIT],0x0000eb309a465c24
250073.0,3763211,python,python,_PyFrame_MakeAndSetFrameObject
250054.0,3763211,python,[JIT],0x0000e406ca68b100
249961.0,3763211,python,[JIT],0x0000e406ca68b234
249786.0,3763238,python,[JIT],0x0000f6dc2ff840b4
249731.0,3763238,python,python,PyWeakref_NewRef
249727.0,3763357,python,[JIT],0x0000e7781b2d3194
249725.0,3763421,python,[JIT],0x0000f70065c95a60
249569.0,3763211,python,[JIT],0x0000e406ca5bdd80
249510.0,3763357,python,[JIT],0x0000e7781b2d5820
249413.0,3763238,python,[JIT],0x0000f6dc2ff85358
249316.0,3763238,python,[JIT],0x0000f6dc2ff859e8
249273.0,3763357,python,[JIT],0x0000e7781b2d631c
249198.0,3763238,python,[JIT],0x0000f6dc2ff859c0
249179.0,3763238,python,[JIT],0x0000f6dc2fede284
249165.0,3763211,python,[JIT],0x0000e406ca5b87f8
249094.0,3763238,python,[JIT],0x0000f6dc2ff85e6c
249022.0,3763357,python,[JIT],0x0000e7781b30810c
248963.0,3763238,python,[JIT],0x0000f6dc2ff85914
248887.0,3763211,python,[JIT],0x0000e406ca5bd338
248790.0,3763357,python,[JIT],0x0000e7781b2d6634
248788.0,3763211,python,[JIT],0x0000e406ca6620c0
248757.0,3763330,python,[JIT],0x0000eb309a3be2e0
248731.0,3763357,python,[JIT],0x0000e7781b3080c0
248668.0,3763238,python,[JIT],0x0000f6dc2ffb1284
248651.0,3763357,python,[JIT],0x0000e7781b22f63c
248632.0,3763238,python,[JIT],0x0000f6dc2ffb1090
248620.0,3763238,python,[JIT],0x0000f6dc2fede3b4
248620.0,3763190,python,[JIT],0x0000f1ba7f46ec70
248607.0,3763330,python,[JIT],0x0000eb309a3be438
248598.0,3763211,python,python,dict_get
248573.0,3763421,python,[JIT],0x0000f70065d750f0
248569.0,3763211,python,[JIT],0x0000e406ca5b8150
248551.0,3763211,python,[JIT],0x0000e406ca5bdf34
248538.0,3763421,python,[JIT],0x0000f70065d42448
248527.0,3763211,python,[JIT],0x0000e406ca5b42b4
248526.0,3763421,python,[JIT],0x0000f70065d75094
248513.0,3763299,python,[kernel.kallsyms],mas_data_end
248513.0,3763190,python,[JIT],0x0000f1ba7f462250
248513.0,3763190,python,[JIT],0x0000f1ba7f46e0fc
248509.0,3763190,python,[JIT],0x0000f1ba7f46ef9c
248508.0,3763238,python,[JIT],0x0000f6dc2ff85c90
248500.0,3763357,python,[JIT],0x0000e7781b2dcb6c
248495.0,3763238,python,[JIT],0x0000f6dc2ffb0244
248493.0,3763421,python,python,PyErr_SetRaisedException
248492.0,3763330,python,[JIT],0x0000eb309a491280
248491.0,3763190,python,[JIT],0x0000f1ba7f5136c4
248478.0,3763190,python,[JIT],0x0000f1ba7f5190b8
248476.0,3763190,python,[JIT],0x0000f1ba7f543544
248474.0,3763330,python,[JIT],0x0000eb309a465668
248473.0,3763357,python,[JIT],0x0000e7781b2d60a8
248472.0,3763357,python,[JIT],0x0000e7781b3093bc
248472.0,3763190,python,[JIT],0x0000f1ba7f46e8a0
248471.0,3763190,python,[JIT],0x0000f1ba7f46e27c
248469.0,3763238,python,[JIT],0x0000f6dc2ff8522c
248468.0,3763190,python,[JIT],0x0000f1ba7f4698c4
248468.0,3763190,python,[JIT],0x0000f1ba7f51a3d0
248466.0,3763190,python,[JIT],0x0000f1ba7f544234
248462.0,3763238,python,[JIT],0x0000f6dc2ff88278
248462.0,3763190,python,[JIT],0x0000f1ba7f469990
248462.0,3763190,python,[JIT],0x0000f1ba7f51a2c0
248461.0,3763190,python,[JIT],0x0000f1ba7f469150
248460.0,3763190,python,[JIT],0x0000f1ba7f46bcd4
248460.0,3763190,python,[JIT],0x0000f1ba7f5135b8
248459.0,3763238,python,python,_PyType_AllocNoTrack
248458.0,3763190,python,[JIT],0x0000f1ba7f544008
248457.0,3763190,python,[JIT],0x0000f1ba7f5430a4
248456.0,3763238,python,[JIT],0x0000f6dc2ffb1070
248456.0,3763238,python,[JIT],0x0000f6dc2fedc9a0
248455.0,3763190,python,[JIT],0x0000f1ba7f46ecd0
248455.0,3763357,python,[JIT],0x0000e7781b308178
248454.0,3763357,python,[JIT],0x0000e7781b2281a4
248453.0,3763190,python,[JIT],0x0000f1ba7f462118
248453.0,3763190,python,[JIT],0x0000f1ba7f469874
248453.0,3763190,python,[JIT],0x0000f1ba7f46e1c0
248453.0,3763190,python,[JIT],0x0000f1ba7f46e3ac
248453.0,3763190,python,[JIT],0x0000f1ba7f46e514
248453.0,3763190,python,[JIT],0x0000f1ba7f543444
248450.0,3763299,python,python,_PyStaticType_GetState
248450.0,3763299,python,[JIT],0x0000f25744b389e8
248450.0,3763190,python,[JIT],0x0000f1ba7f519260
248450.0,3763357,python,[JIT],0x0000e7781b22eaa8
248450.0,3763357,python,[JIT],0x0000e7781b2dc770
248448.0,3763190,python,[JIT],0x0000f1ba7f51305c
248448.0,3763357,python,[JIT],0x0000e7781b2dd244
248447.0,3763190,python,[JIT],0x0000f1ba7f513048
248446.0,3763357,python,[JIT],0x0000e7781b2dc944
248444.0,3763357,python,[kernel.kallsyms],__memcg_slab_post_alloc_hook
248444.0,3763190,python,[JIT],0x0000f1ba7f46e068
248444.0,3763190,python,[JIT],0x0000f1ba7f513188
248443.0,3763357,python,python,PyObject_IsInstance
248443.0,3763357,python,[JIT],0x0000e7781b22e7cc
248442.0,3763190,python,[JIT],0x0000f1ba7f46303c
248442.0,3763190,python,[JIT],0x0000f1ba7f5430ac
248440.0,3763190,python,[JIT],0x0000f1ba7f51a318
248439.0,3763357,python,[JIT],0x0000e7781b3090ac
248439.0,3763190,python,[JIT],0x0000f1ba7f5131e4
248438.0,3763190,python,[JIT],0x0000f1ba7f46219c
248438.0,3763357,python,[JIT],0x0000e7781b22e080
248438.0,3763357,python,[JIT],0x0000e7781b22e730
248438.0,3763357,python,[JIT],0x0000e7781b3093c4
248437.0,3763421,python,[kernel.kallsyms],kmem_cache_alloc
248437.0,3763190,python,[JIT],0x0000f1ba7f462028
248437.0,3763190,python,[JIT],0x0000f1ba7f469060
248437.0,3763190,python,[JIT],0x0000f1ba7f46e0f8
248437.0,3763357,python,[JIT],0x0000e7781b2dd274
248436.0,3763238,python,[JIT],0x0000f6dc2ffb01e4
248436.0,3763238,python,[JIT],0x0000f6dc2ffb0298
248436.0,3763190,python,[JIT],0x0000f1ba7f46e8c4
248435.0,3763421,python,[JIT],0x0000f70065d48690
248435.0,3763238,python,[JIT],0x0000f6dc2ff86608
248435.0,3763190,python,[JIT],0x0000f1ba7f46537c
248434.0,3763190,python,[JIT],0x0000f1ba7f46e4dc
248433.0,3763190,python,[JIT],0x0000f1ba7f469ca8
248431.0,3763299,python,[JIT],0x0000f25744b3c280
248430.0,3763190,python,[JIT],0x0000f1ba7f51b1f0
248429.0,3763357,python,[JIT],0x0000e7781b308038
248429.0,3763357,python,[JIT],0x0000e7781b2dc23c
248429.0,3763357,python,[JIT],0x0000e7781b2dc2b4
248429.0,3763357,python,[JIT],0x0000e7781b2dcf5c
248429.0,3763357,python,[JIT],0x0000e7781b30918c
248428.0,3763238,python,[JIT],0x0000f6dc2ff85750
248428.0,3763190,python,[JIT],0x0000f1ba7f46210c
248427.0,3763190,python,[JIT],0x0000f1ba7f5137f8
248427.0,3763357,python,[JIT],0x0000e7781b2de31c
248426.0,3763238,python,[JIT],0x0000f6dc2ffb019c
248426.0,3763330,python,[JIT],0x0000eb309a3be40c
248425.0,3763238,python,[JIT],0x0000f6dc2feda5d0
248425.0,3763190,python,[JIT],0x0000f1ba7f46e83c
248425.0,3763190,python,[JIT],0x0000f1ba7f46f924
248425.0,3763357,python,[JIT],0x0000e7781b2dc0f8
248425.0,3763357,python,[JIT],0x0000e7781b2dd088
248424.0,3763238,python,[JIT],0x0000f6dc2fed859c
248424.0,3763330,python,python,_PyFrame_New_NoTrack
248424.0,3763357,python,[JIT],0x0000e7781b2dc278
248424.0,3763357,python,[JIT],0x0000e7781b2dcc58
248423.0,3763238,python,python,PyTuple_New
248423.0,3763190,python,[JIT],0x0000f1ba7f46e6e4
248423.0,3763357,python,[JIT],0x0000e7781b22d404
248423.0,3763357,python,[JIT],0x0000e7781b22e158
248422.0,3763357,python,[JIT],0x0000e7781b2d33f0
248422.0,3763211,python,[JIT],0x0000e406ca5bdc8c
248422.0,3763357,python,[JIT],0x0000e7781b2d3814
248421.0,3763357,python,python,infinite_lru_cache_wrapper
248421.0,3763238,python,[JIT],0x0000f6dc2ff880c8
248421.0,3763190,python,[JIT],0x0000f1ba7f5132c4
248421.0,3763357,python,[JIT],0x0000e7781b2d6320
248421.0,3763357,python,[JIT],0x0000e7781b308008
248420.0,3763357,python,[JIT],0x0000e7781b2df05c
248420.0,3763211,python,[JIT],0x0000e406ca5bdd34
248419.0,3763421,python,[JIT],0x0000f70065d74004
248419.0,3763238,python,[JIT],0x0000f6dc2fede200
248419.0,3763190,python,[JIT],0x0000f1ba7f513f6c
248419.0,3763211,python,[JIT],0x0000e406ca5b6a84
248418.0,3763357,python,[JIT],0x0000e7781b2e00d4
248418.0,3763238,python,[JIT],0x0000f6dc2ff85328
248418.0,3763357,python,[kernel.kallsyms],inet_twsk_bind_unhash
248418.0,3763357,python,[JIT],0x0000e7781b22e1d8
248418.0,3763357,python,[JIT],0x0000e7781b2d10fc
248417.0,3763357,python,python,_Py_BuildMap_StackRefSteal
248417.0,3763299,python,[JIT],0x0000f25744b38814
248417.0,3763190,python,[JIT],0x0000f1ba7f46e924
248417.0,3763211,python,[JIT],0x0000e406ca5b6180
248416.0,3763190,python,[JIT],0x0000f1ba7f46905c
248416.0,3763190,python,[JIT],0x0000f1ba7f4694f0
248416.0,3763357,python,[JIT],0x0000e7781b308070
248416.0,3763357,python,[JIT],0x0000e7781b308290
248415.0,3763190,python,[JIT],0x0000f1ba7f4677a4
248415.0,3763211,python,[JIT],0x0000e406ca6611f4
248415.0,3763357,python,[JIT],0x0000e7781b30955c
248414.0,3763357,python,python,PyArg_ParseTupleAndKeywords
248414.0,3763330,python,python,mappingproxy_dealloc
248414.0,3763190,python,[JIT],0x0000f1ba7f51a200
248414.0,3763190,python,[JIT],0x0000f1ba7f51b298
248414.0,3763190,python,[JIT],0x0000f1ba7f5440a0
248414.0,3763357,python,[JIT],0x0000e7781b22e7d8
248414.0,3763357,python,[JIT],0x0000e7781b2dc438
248413.0,3763211,python,[JIT],0x0000e406ca5b1130
248413.0,3763211,python,[JIT],0x0000e406ca5b8534
248413.0,3763357,python,[JIT],0x0000e7781b22e308
248413.0,3763357,python,[JIT],0x0000e7781b2dc85c
248412.0,3763238,python,python,tuple_contains
248412.0,3763238,python,[JIT],0x0000f6dc2ffb1038
248412.0,3763299,python,[JIT],0x0000f25744b65450
248412.0,3763190,python,python,PyObject_GenericGetAttr
248412.0,3763190,python,[JIT],0x0000f1ba7f513298
248411.0,3763238,python,[JIT],0x0000f6dc2ff86534
248411.0,3763190,python,[JIT],0x0000f1ba7f46bad4
248411.0,3763190,python,[JIT],0x0000f1ba7f5134a0
248411.0,3763330,python,[JIT],0x0000eb309a4656b0
248410.0,3763238,python,[JIT],0x0000f6dc2fede050
248410.0,3763238,python,[JIT],0x0000f6dc2ff858f8
248410.0,3763238,python,[JIT],0x0000f6dc2ff88074
248410.0,3763330,python,[JIT],0x0000eb309a49106c
248410.0,3763357,python,[JIT],0x0000e7781b3091cc
248409.0,3763190,python,[JIT],0x0000f1ba7f543008
248409.0,3763330,python,[JIT],0x0000eb309a46548c
248409.0,3763211,python,[JIT],0x0000e406ca5bdb84
248409.0,3763357,python,[kernel.kallsyms],__memcg_slab_free_hook
248409.0,3763357,python,[JIT],0x0000e7781b2d3420
248409.0,3763357,python,[JIT],0x0000e7781b2d64ac
248409.0,3763357,python,[JIT],0x0000e7781b2e0114
248408.0,3763421,python,python,PyObject_Vectorcall
248408.0,3763238,python,[JIT],0x0000f6dc2feda8c0
248407.0,3763238,python,[JIT],0x0000f6dc2ff8634c
248407.0,3763190,python,[JIT],0x0000f1ba7f46b990
248407.0,3763190,python,[JIT],0x0000f1ba7f46e8c8
248407.0,3763190,python,[JIT],0x0000f1ba7f513344
248407.0,3763190,python,[JIT],0x0000f1ba7f5137b4
248407.0,3763211,python,[JIT],0x0000e406ca5b88b4
248407.0,3763357,python,[JIT],0x0000e7781b228134
248406.0,3763357,python,python,BaseException_new
248406.0,3763357,python,[JIT],0x0000e7781b2e01e0
248406.0,3763299,python,[JIT],0x0000f25744b65174
248406.0,3763238,python,[JIT],0x0000f6dc2fede75c
248406.0,3763190,python,[JIT],0x0000f1ba7f46eb38
248406.0,3763190,python,[JIT],0x0000f1ba7f513168
248406.0,3763190,python,[JIT],0x0000f1ba7f5137f4
248406.0,3763330,python,[JIT],0x0000eb309a4914c4
248406.0,3763211,python,[JIT],0x0000e406ca5b8878
248406.0,3763357,python,[JIT],0x0000e7781b2dc004
248406.0,3763357,python,[JIT],0x0000e7781b2dc53c
248405.0,3763238,python,[JIT],0x0000f6dc2fede704
248405.0,3763238,python,[JIT],0x0000f6dc2ffb0108
248405.0,3763190,python,[JIT],0x0000f1ba7f46e550
248405.0,3763190,python,[JIT],0x0000f1ba7f46ebb0
248405.0,3763190,python,[JIT],0x0000f1ba7f543638
248405.0,3763211,python,[JIT],0x0000e406ca5b42f0
248405.0,3763211,python,[JIT],0x0000e406ca5bd16c
248404.0,3763357,python,python,PyTuple_GetSlice
248404.0,3763421,python,[JIT],0x0000f70065d4c244
248404.0,3763238,python,[JIT],0x0000f6dc2fed81e4
248404.0,3763238,python,[JIT],0x0000f6dc2ff86648
248404.0,3763190,python,[JIT],0x0000f1ba7f4697cc
248404.0,3763190,python,[JIT],0x0000f1ba7f518228
248404.0,3763330,python,[JIT],0x0000eb309a3ba2d4
248404.0,3763357,python,[JIT],0x0000e7781b2d1000
248404.0,3763357,python,[JIT],0x0000e7781b2d6504
248404.0,3763357,python,[JIT],0x0000e7781b309208
248403.0,3763238,python,python,_PyErr_SetObject.part.0
248403.0,3763421,python,[JIT],0x0000f70065d42298
248403.0,3763299,python,python,_PyOptimizer_Optimize
248403.0,3763238,python,[JIT],0x0000f6dc2fedc8d8
248403.0,3763330,python,python,weakref___init__
248403.0,3763190,python,[JIT],0x0000f1ba7f46ed0c
248403.0,3763211,python,[JIT],0x0000e406ca6620d8
248403.0,3763357,python,[JIT],0x0000e7781b2dc9ac
248402.0,3763238,python,python,PyObject_IsSubclass
248402.0,3763211,python,python,_PyJit_translate_single_bytecode_to_trace
248402.0,3763238,python,[JIT],0x0000f6dc2feda510
248402.0,3763238,python,[JIT],0x0000f6dc2feda98c
248402.0,3763190,python,[JIT],0x0000f1ba7f469b6c
248402.0,3763190,python,[JIT],0x0000f1ba7f469cc8
248402.0,3763190,python,[JIT],0x0000f1ba7f513578
248402.0,3763357,python,[JIT],0x0000e7781b2d6118
248401.0,3763211,python,python,PyList_New.constprop.0
248401.0,3763190,python,[JIT],0x0000f1ba7f46224c
248401.0,3763190,python,[JIT],0x0000f1ba7f4625e4
248401.0,3763190,python,[JIT],0x0000f1ba7f46e0a8
248401.0,3763190,python,[JIT],0x0000f1ba7f513330
248401.0,3763190,python,[JIT],0x0000f1ba7f5135c8
248401.0,3763190,python,[JIT],0x0000f1ba7f51a100
248401.0,3763211,python,[JIT],0x0000e406ca5b825c
248401.0,3763357,python,[JIT],0x0000e7781b22803c
248400.0,3763357,python,python,_PyErr_SetObject.part.0
248400.0,3763238,python,[JIT],0x0000f6dc2ff8639c
248400.0,3763190,python,[JIT],0x0000f1ba7f4679cc
248400.0,3763190,python,[JIT],0x0000f1ba7f46eac8
248400.0,3763190,python,[JIT],0x0000f1ba7f51338c
248400.0,3763330,python,[JIT],0x0000eb309a3ba744
248399.0,3763190,python,[JIT],0x0000f1ba7f46b1f4
248399.0,3763190,python,[JIT],0x0000f1ba7f519008
248399.0,3763211,python,[JIT],0x0000e406ca5b6af4
248399.0,3763357,python,[JIT],0x0000e7781b2d6464
248398.0,3763421,python,[JIT],0x0000f70065c9925c
248398.0,3763421,python,[JIT],0x0000f70065d490b8
248398.0,3763421,python,[JIT],0x0000f70065d75144
248398.0,3763299,python,python,PyErr_SetRaisedException
248398.0,3763238,python,[JIT],0x0000f6dc2fed3494
248398.0,3763190,python,[JIT],0x0000f1ba7f46e5f4
248398.0,3763190,python,[JIT],0x0000f1ba7f46e7cc
248398.0,3763190,python,[JIT],0x0000f1ba7f513294
248398.0,3763357,python,[JIT],0x0000e7781b309440
248397.0,3763421,python,[JIT],0x0000f70065d49264
248397.0,3763299,python,python,_PyDict_GetItemRef_KnownHash_LockHeld
248397.0,3763190,python,[JIT],0x0000f1ba7f4693bc
248397.0,3763211,python,[JIT],0x0000e406ca5bda94
248397.0,3763357,python,[kernel.kallsyms],__anon_vma_prepare
248397.0,3763357,python,[JIT],0x0000e7781b2dd59c
248396.0,3763421,python,[JIT],0x0000f70065d49144
248396.0,3763421,python,[JIT],0x0000f70065d751a0
248396.0,3763299,python,[JIT],0x0000f25744b640e0
248396.0,3763190,python,[JIT],0x0000f1ba7f469680
248396.0,3763190,python,[JIT],0x0000f1ba7f46e654
248396.0,3763190,python,[JIT],0x0000f1ba7f51a538
248396.0,3763330,python,[JIT],0x0000eb309a465b6c
248396.0,3763211,python,[JIT],0x0000e406ca5b4124
248396.0,3763211,python,[JIT],0x0000e406ca5be0c8
248395.0,3763357,python,[JIT],0x0000e7781b30821c
248395.0,3763238,python,python,_PyEval_CheckExceptTypeValid
248395.0,3763421,python,[JIT],0x0000f70065c99680
248395.0,3763421,python,[JIT],0x0000f70065d48098
248395.0,3763299,python,[JIT],0x0000f25744b3b4fc
248395.0,3763190,python,[JIT],0x0000f1ba7f513918
248395.0,3763190,python,[JIT],0x0000f1ba7f54307c
248395.0,3763330,python,[JIT],0x0000eb309a465040
248395.0,3763211,python,[JIT],0x0000e406ca68a1c4
248395.0,3763357,python,[JIT],0x0000e7781b2dd3b8
248394.0,3763421,python,[JIT],0x0000f70065c9d33c
248394.0,3763421,python,[JIT],0x0000f70065d426d8
248394.0,3763238,python,[JIT],0x0000f6dc2fed86d0
248394.0,3763190,python,[JIT],0x0000f1ba7f46f024
248394.0,3763330,python,[JIT],0x0000eb309a465944
248394.0,3763330,python,[JIT],0x0000eb309a4660a0
248394.0,3763330,python,[JIT],0x0000eb309a491188
248393.0,3763357,python,[JIT],0x0000e7781b3080a8
248393.0,3763421,python,[JIT],0x0000f70065d486d4
248393.0,3763238,python,[JIT],0x0000f6dc2ff859a4
248393.0,3763190,python,[JIT],0x0000f1ba7f4620ac
248393.0,3763190,python,[JIT],0x0000f1ba7f4698a4
248393.0,3763190,python,[JIT],0x0000f1ba7f513620
248393.0,3763357,python,[JIT],0x0000e7781b22e070
248393.0,3763357,python,[JIT],0x0000e7781b22e854
248393.0,3763357,python,[JIT],0x0000e7781b2dcf6c
248392.0,3763357,python,python,tb_dealloc
248392.0,3763238,python,[JIT],0x0000f6dc2ff850d4
248392.0,3763330,python,libgcc_s.so.1,__register_frame_info_bases
248392.0,3763190,python,[JIT],0x0000f1ba7f513210
248392.0,3763211,python,[JIT],0x0000e406ca5b4af4
248392.0,3763357,python,[JIT],0x0000e7781b2d6860
248392.0,3763357,python,[JIT],0x0000e7781b2dcb84
248391.0,3763238,python,[JIT],0x0000f6dc2ffb00a0
248391.0,3763238,python,[JIT],0x0000f6dc2ffb1214
248391.0,3763421,python,[JIT],0x0000f70065c9dfe4
248391.0,3763299,python,python,_PyObject_GC_NewVar
248391.0,3763190,python,[JIT],0x0000f1ba7f462368
248391.0,3763190,python,[JIT],0x0000f1ba7f469744
248391.0,3763190,python,[JIT],0x0000f1ba7f5133e0
248391.0,3763211,python,[JIT],0x0000e406ca5b11d8
248391.0,3763211,python,[JIT],0x0000e406ca5b8674
248391.0,3763211,python,[JIT],0x0000e406ca68e080
248391.0,3763357,python,[JIT],0x0000e7781b22d574
248390.0,3763421,python,[JIT],0x0000f70065c992c4
248390.0,3763421,python,[JIT],0x0000f70065d42520
248390.0,3763299,python,python,vgetargskeywords_impl.constprop.0
248390.0,3763238,python,[JIT],0x0000f6dc2fedac20
248390.0,3763190,python,[JIT],0x0000f1ba7f46edec
248390.0,3763190,python,[JIT],0x0000f1ba7f519190
248390.0,3763190,python,[JIT],0x0000f1ba7f5433c4
248390.0,3763330,python,[JIT],0x0000eb309a3ba5e4
248390.0,3763330,python,[JIT],0x0000eb309a49007c
248390.0,3763357,python,[JIT],0x0000e7781b22e00c
248389.0,3763357,python,python,PyMem_Realloc
248389.0,3763357,python,[JIT],0x0000e7781b2d1544
248389.0,3763238,python,[JIT],0x0000f6dc2ff85930
248389.0,3763421,python,[JIT],0x0000f70065c991a4
248389.0,3763421,python,[JIT],0x0000f70065d4c0e8
248389.0,3763211,python,python,PyTraceBack_Here
248389.0,3763299,python,python,_PyForIter_VirtualIteratorNext
248389.0,3763238,python,[JIT],0x0000f6dc2fedac48
248389.0,3763190,python,[JIT],0x0000f1ba7f46e1ec
248389.0,3763190,python,[JIT],0x0000f1ba7f46ec4c
248389.0,3763190,python,[JIT],0x0000f1ba7f46eda4
248389.0,3763190,python,[JIT],0x0000f1ba7f46ede8
248389.0,3763190,python,[JIT],0x0000f1ba7f513460
248389.0,3763190,python,[JIT],0x0000f1ba7f51a29c
248389.0,3763190,python,[JIT],0x0000f1ba7f51a6c4
248389.0,3763330,python,[JIT],0x0000eb309a3bc1b4
248389.0,3763330,python,[JIT],0x0000eb309a3bc894
248389.0,3763330,python,[JIT],0x0000eb309a465314
248389.0,3763330,python,[JIT],0x0000eb309a465de8
248389.0,3763357,python,[JIT],0x0000e7781b2e0280
248388.0,3763357,python,[JIT],0x0000e7781b2dc620
248388.0,3763421,python,[JIT],0x0000f70065c95934
248388.0,3763190,python,[JIT],0x0000f1ba7f4694d8
248388.0,3763190,python,[JIT],0x0000f1ba7f4695d0
248388.0,3763190,python,[JIT],0x0000f1ba7f5190e0
248388.0,3763190,python,[JIT],0x0000f1ba7f51b0a8
248388.0,3763330,python,[JIT],0x0000eb309a3ba9f8
248388.0,3763330,python,[JIT],0x0000eb309a3be910
248388.0,3763330,python,[JIT],0x0000eb309a4653c8
248388.0,3763357,python,[JIT],0x0000e7781b2291e4
248388.0,3763357,python,[JIT],0x0000e7781b2d1aa4
248388.0,3763357,python,[JIT],0x0000e7781b2d67d4
248388.0,3763357,python,[JIT],0x0000e7781b3090a8
248387.0,3763238,python,python,type_get_mro
248387.0,3763238,python,[JIT],0x0000f6dc2fede308
248387.0,3763238,python,[JIT],0x0000f6dc2ffb0078
248387.0,3763190,python,[JIT],0x0000f1ba7f544110
248387.0,3763211,python,[JIT],0x0000e406ca5bd004
248387.0,3763357,python,[JIT],0x0000e7781b2d31d8
248387.0,3763357,python,[JIT],0x0000e7781b2dc840
248387.0,3763357,python,[JIT],0x0000e7781b30925c
248386.0,3763357,python,[JIT],0x0000e7781b2dced8
248386.0,3763238,python,python,_PyCallMethodDescriptorFast_StackRef
248386.0,3763421,python,[JIT],0x0000f70065d421dc
248386.0,3763421,python,[JIT],0x0000f70065d486e4
248386.0,3763421,python,[JIT],0x0000f70065d48ee4
248386.0,3763190,python,[JIT],0x0000f1ba7f46b050
248386.0,3763190,python,[JIT],0x0000f1ba7f46effc
248386.0,3763190,python,[JIT],0x0000f1ba7f543240
248386.0,3763330,python,[JIT],0x0000eb309a490228
248386.0,3763211,python,[JIT],0x0000e406ca5b468c
248386.0,3763357,python,[JIT],0x0000e7781b228210
248386.0,3763357,python,[JIT],0x0000e7781b2d110c
248386.0,3763357,python,[JIT],0x0000e7781b3090a4
248385.0,3763421,python,[JIT],0x0000f70065c996f8
248385.0,3763421,python,[JIT],0x0000f70065c9b008
248385.0,3763421,python,[JIT],0x0000f70065d491c8
248385.0,3763299,python,python,subtype_dict
248385.0,3763238,python,[JIT],0x0000f6dc2fede12c
248385.0,3763190,python,[JIT],0x0000f1ba7f469800
248385.0,3763190,python,[JIT],0x0000f1ba7f469b2c
248385.0,3763190,python,[JIT],0x0000f1ba7f46ba84
248385.0,3763190,python,[JIT],0x0000f1ba7f46bbcc
248385.0,3763190,python,[JIT],0x0000f1ba7f46e980
248385.0,3763190,python,[JIT],0x0000f1ba7f46eaa4
248385.0,3763330,python,[JIT],0x0000eb309a464428
248385.0,3763330,python,[JIT],0x0000eb309a4903a4
248385.0,3763211,python,[JIT],0x0000e406ca5b811c
248385.0,3763211,python,[JIT],0x0000e406ca5b8504
248385.0,3763357,python,[JIT],0x0000e7781b22eab4
248385.0,3763357,python,[JIT],0x0000e7781b2dc928
248385.0,3763357,python,[JIT],0x0000e7781b309300
248384.0,3763357,python,[JIT],0x0000e7781b2dc3e4
248384.0,3763357,python,[JIT],0x0000e7781b2df47c
248384.0,3763238,python,python,_PyJIT_Entry
248384.0,3763238,python,python,weakref___init__
248384.0,3763238,python,[JIT],0x0000f6dc2ff85434
248384.0,3763421,python,[JIT],0x0000f70065c94238
248384.0,3763421,python,[JIT],0x0000f70065d741d0
248384.0,3763238,python,[JIT],0x0000f6dc2fede734
248384.0,3763238,python,[JIT],0x0000f6dc2ff8547c
248384.0,3763238,python,[JIT],0x0000f6dc2ff86544
248384.0,3763190,python,[JIT],0x0000f1ba7f46e808
248384.0,3763357,python,[JIT],0x0000e7781b2d457c
248384.0,3763357,python,[JIT],0x0000e7781b2de30c
248383.0,3763357,python,[JIT],0x0000e7781b2d660c
248383.0,3763238,python,[JIT],0x0000f6dc2fede140
248383.0,3763190,python,[JIT],0x0000f1ba7f46b904
248383.0,3763190,python,[JIT],0x0000f1ba7f46e1b8
248383.0,3763190,python,[JIT],0x0000f1ba7f5132dc
248383.0,3763330,python,[JIT],0x0000eb309a465a54
248383.0,3763211,python,[JIT],0x0000e406ca5b6260
248383.0,3763211,python,[JIT],0x0000e406ca5bd00c
248383.0,3763357,python,[JIT],0x0000e7781b2d4368
248383.0,3763357,python,[JIT],0x0000e7781b2dc2a0
248383.0,3763357,python,[JIT],0x0000e7781b2e01c4
248382.0,3763357,python,python,_PyForIter_VirtualIteratorNext
248382.0,3763238,python,[JIT],0x0000f6dc2ffb137c
248382.0,3763421,python,[JIT],0x0000f70065d47380
248382.0,3763421,python,[JIT],0x0000f70065d48260
248382.0,3763421,python,[JIT],0x0000f70065d48e54
248382.0,3763238,python,[JIT],0x0000f6dc2ff859a8
248382.0,3763238,python,[JIT],0x0000f6dc2ff85a54
248382.0,3763190,python,[JIT],0x0000f1ba7f46902c
248382.0,3763190,python,[JIT],0x0000f1ba7f46e5b0
248382.0,3763190,python,[JIT],0x0000f1ba7f5138c0
248382.0,3763190,python,[JIT],0x0000f1ba7f51a088
248382.0,3763190,python,[JIT],0x0000f1ba7f51a268
248382.0,3763190,python,[JIT],0x0000f1ba7f543070
248382.0,3763330,python,[JIT],0x0000eb309a3be5f4
248382.0,3763330,python,[JIT],0x0000eb309a3be7a8
248381.0,3763421,python,[JIT],0x0000f70065c94878
248381.0,3763421,python,[JIT],0x0000f70065d4904c
248381.0,3763238,python,[JIT],0x0000f6dc2ff8546c
248381.0,3763190,python,python,optimize_uops.isra.0
248381.0,3763190,python,[JIT],0x0000f1ba7f469058
248381.0,3763190,python,[JIT],0x0000f1ba7f46e684
248381.0,3763190,python,[JIT],0x0000f1ba7f5134a8
248381.0,3763190,python,[JIT],0x0000f1ba7f5134e4
248381.0,3763211,python,[JIT],0x0000e406ca5b45cc
248381.0,3763211,python,[JIT],0x0000e406ca5bdd84
248381.0,3763211,python,[JIT],0x0000e406ca68b4c8
248381.0,3763357,python,[JIT],0x0000e7781b2d6734
248381.0,3763357,python,[JIT],0x0000e7781b3092cc
248380.0,3763238,python,[JIT],0x0000f6dc2fede318
248380.0,3763421,python,[JIT],0x0000f70065c9423c
248380.0,3763421,python,[JIT],0x0000f70065d482b0
248380.0,3763421,python,[JIT],0x0000f70065d4a090
248380.0,3763211,python,python,PyDescr_IsData
248380.0,3763211,python,[JIT],0x0000e406ca5b6cd8
248380.0,3763238,python,[JIT],0x0000f6dc2fed3484
248380.0,3763330,python,[JIT],0x0000eb309a491084
248380.0,3763190,python,[JIT],0x0000f1ba7f46e2a4
248380.0,3763190,python,[JIT],0x0000f1ba7f46e6b0
248380.0,3763190,python,[JIT],0x0000f1ba7f46ea30
248380.0,3763190,python,[JIT],0x0000f1ba7f543160
248380.0,3763190,python,[JIT],0x0000f1ba7f544160
248380.0,3763357,python,[JIT],0x0000e7781b22ebdc
248380.0,3763357,python,[JIT],0x0000e7781b2d6704
248380.0,3763357,python,[JIT],0x0000e7781b2d6794
248380.0,3763357,python,[JIT],0x0000e7781b2dcf90
248379.0,3763299,python,[JIT],0x0000f25744b37380
248379.0,3763421,python,python,_Py_type_getattro_impl
248379.0,3763190,python,[JIT],0x0000f1ba7f4621d4
248379.0,3763190,python,[JIT],0x0000f1ba7f4696e0
248379.0,3763190,python,[JIT],0x0000f1ba7f46a608
248379.0,3763190,python,[JIT],0x0000f1ba7f46e1f0
248379.0,3763190,python,[JIT],0x0000f1ba7f519194
248379.0,3763190,python,[JIT],0x0000f1ba7f51a258
248379.0,3763190,python,[JIT],0x0000f1ba7f51a3e0
248379.0,3763330,python,[JIT],0x0000eb309a3b871c
248379.0,3763330,python,[JIT],0x0000eb309a3bac20
248379.0,3763330,python,[JIT],0x0000eb309a3bac58
248379.0,3763211,python,[JIT],0x0000e406ca35c23c
248379.0,3763357,python,[JIT],0x0000e7781b228194
248379.0,3763357,python,[JIT],0x0000e7781b2d32b4
248379.0,3763357,python,[JIT],0x0000e7781b30929c
248378.0,3763357,python,python,PyObject_GetIter
248378.0,3763238,python,[kernel.kallsyms],perf_iterate_ctx
248378.0,3763421,python,[JIT],0x0000f70065d427d0
248378.0,3763421,python,[JIT],0x0000f70065d48a04
248378.0,3763421,python,[JIT],0x0000f70065d740f4
248378.0,3763238,python,[JIT],0x0000f6dc2fed31fc
248378.0,3763238,python,[JIT],0x0000f6dc2ff859c8
248378.0,3763190,python,[JIT],0x0000f1ba7f466268
248378.0,3763190,python,[JIT],0x0000f1ba7f46ed94
248378.0,3763190,python,[JIT],0x0000f1ba7f513264
248378.0,3763190,python,[JIT],0x0000f1ba7f51a234
248378.0,3763211,python,[JIT],0x0000e406ca5b80b8
248378.0,3763357,python,[JIT],0x0000e7781b22e008
248378.0,3763357,python,[JIT],0x0000e7781b22ed1c
248378.0,3763357,python,[JIT],0x0000e7781b2d6818
248378.0,3763357,python,[JIT],0x0000e7781b2dc684
248378.0,3763357,python,[JIT],0x0000e7781b2dce10
248378.0,3763357,python,[JIT],0x0000e7781b3090d8
248378.0,3763357,python,[JIT],0x0000e7781b3093c8
248378.0,3763357,python,[JIT],0x0000e7781b30c00c
248377.0,3763299,python,python,list_dealloc
248377.0,3763421,python,python,_PyDict_GetItemRef_KnownHash
248377.0,3763421,python,python,_PyThreadState_PushFrame
248377.0,3763190,python,[JIT],0x0000f1ba7f46943c
248377.0,3763190,python,[JIT],0x0000f1ba7f46ea8c
248377.0,3763190,python,[JIT],0x0000f1ba7f46eb50
248377.0,3763211,python,[JIT],0x0000e406ca5bd890
248377.0,3763357,python,[JIT],0x0000e7781b2d32bc
248377.0,3763357,python,[JIT],0x0000e7781b2d6054
248377.0,3763357,python,[JIT],0x0000e7781b2d690c
248377.0,3763357,python,[JIT],0x0000e7781b2dc298
248377.0,3763357,python,[JIT],0x0000e7781b308100
248376.0,3763421,python,python,PySet_Contains
248376.0,3763421,python,python,wrapperdescr_call
248376.0,3763238,python,[JIT],0x0000f6dc2feda154
248376.0,3763190,python,python,wrap_binaryfunc
248376.0,3763190,python,[JIT],0x0000f1ba7f46ee74
248376.0,3763190,python,[JIT],0x0000f1ba7f51a3bc
248376.0,3763190,python,[JIT],0x0000f1ba7f543818
248376.0,3763357,python,[JIT],0x0000e7781b2d1070
248376.0,3763357,python,[JIT],0x0000e7781b2d6090
248375.0,3763421,python,[JIT],0x0000f70065d42110
248375.0,3763421,python,[JIT],0x0000f70065d48b94
248375.0,3763238,python,[JIT],0x0000f6dc2fedab4c
248375.0,3763190,python,[JIT],0x0000f1ba7f46b0c0
248375.0,3763190,python,[JIT],0x0000f1ba7f46e218
248375.0,3763190,python,[JIT],0x0000f1ba7f46eec0
248375.0,3763330,python,[JIT],0x0000eb309a4663a4
248375.0,3763211,python,[JIT],0x0000e406ca68b0b4
248375.0,3763211,python,[JIT],0x0000e406ca68b274
248375.0,3763357,python,[JIT],0x0000e7781b228270
248375.0,3763357,python,[JIT],0x0000e7781b2d10dc
248375.0,3763357,python,[JIT],0x0000e7781b2dc22c
248375.0,3763357,python,[JIT],0x0000e7781b2dc5f0
248375.0,3763357,python,[JIT],0x0000e7781b2dd17c
248374.0,3763238,python,[JIT],0x0000f6dc2ff85acc
248374.0,3763299,python,[JIT],0x0000f25744b64374
248374.0,3763238,python,[JIT],0x0000f6dc2ff85324
248374.0,3763238,python,[JIT],0x0000f6dc2ff86118
248374.0,3763330,python,[JIT],0x0000eb309a49105c
248374.0,3763190,python,[kernel.kallsyms],do_notify_resume
248374.0,3763190,python,[JIT],0x0000f1ba7f46e28c
248374.0,3763190,python,[JIT],0x0000f1ba7f46e2cc
248374.0,3763190,python,[JIT],0x0000f1ba7f513724
248374.0,3763190,python,[JIT],0x0000f1ba7f519068
248374.0,3763190,python,[JIT],0x0000f1ba7f544154
248374.0,3763211,python,[JIT],0x0000e406ca5bdb04
248374.0,3763211,python,[JIT],0x0000e406ca5bdb20
248374.0,3763357,python,[JIT],0x0000e7781b2e01f8
248373.0,3763421,python,[JIT],0x0000f70065d42044
248373.0,3763421,python,[JIT],0x0000f70065d48b6c
248373.0,3763421,python,[JIT],0x0000f70065d7538c
248373.0,3763238,python,[JIT],0x0000f6dc2fedcce0
248373.0,3763238,python,[JIT],0x0000f6dc2ff85a38
248373.0,3763238,python,[JIT],0x0000f6dc2ffb11cc
248373.0,3763330,python,[JIT],0x0000eb309a3baa4c
248373.0,3763211,python,[JIT],0x0000e406ca5b87d8
248373.0,3763211,python,[JIT],0x0000e406ca5be430
248373.0,3763357,python,[JIT],0x0000e7781b2dca58
248373.0,3763357,python,[JIT],0x0000e7781b2dd00c
248373.0,3763357,python,[JIT],0x0000e7781b3093a4
248372.0,3763357,python,python,PyDescr_IsData
248372.0,3763357,python,python,PyMem_Free
248372.0,3763357,python,[JIT],0x0000e7781b3090e8
248372.0,3763421,python,[JIT],0x0000f70065c94244
248372.0,3763421,python,[JIT],0x0000f70065d4221c
248372.0,3763421,python,[JIT],0x0000f70065d74194
248372.0,3763238,python,[JIT],0x0000f6dc2ffb01fc
248372.0,3763330,python,[JIT],0x0000eb309a4900fc
248372.0,3763190,python,[JIT],0x0000f1ba7f46e5ec
248372.0,3763190,python,[JIT],0x0000f1ba7f513744
248372.0,3763190,python,[JIT],0x0000f1ba7f5430f0
248372.0,3763190,python,[JIT],0x0000f1ba7f5440b8
248372.0,3763211,python,[JIT],0x0000e406ca5bd7ac
248372.0,3763211,python,[JIT],0x0000e406ca68a1e4
248372.0,3763357,python,python,emit__GUARD_BIT_IS_UNSET_POP_5_r00
248372.0,3763357,python,[JIT],0x0000e7781b22c364
248371.0,3763357,python,python,weakref_hash
248371.0,3763238,python,[JIT],0x0000f6dc2ff861cc
248371.0,3763421,python,[JIT],0x0000f70065d48f30
248371.0,3763299,python,python,PyTuple_FromArray
248371.0,3763190,python,[JIT],0x0000f1ba7f469158
248371.0,3763190,python,[JIT],0x0000f1ba7f469284
248371.0,3763190,python,[JIT],0x0000f1ba7f46bc54
248371.0,3763190,python,[JIT],0x0000f1ba7f46ea90
248371.0,3763190,python,[JIT],0x0000f1ba7f5191d8
248371.0,3763190,python,[JIT],0x0000f1ba7f544244
248371.0,3763357,python,[JIT],0x0000e7781b22ea78
248371.0,3763357,python,[JIT],0x0000e7781b2dc2f4
248371.0,3763357,python,[JIT],0x0000e7781b2dc308
248371.0,3763357,python,[JIT],0x0000e7781b2dc898
248371.0,3763357,python,[JIT],0x0000e7781b2e0214
248371.0,3763357,python,[JIT],0x0000e7781b3092c8
248370.0,3763238,python,[JIT],0x0000f6dc2ff850f8
248370.0,3763190,python,[JIT],0x0000f1ba7f465038
248370.0,3763190,python,[JIT],0x0000f1ba7f51350c
248370.0,3763190,python,[JIT],0x0000f1ba7f51a140
248370.0,3763330,python,[JIT],0x0000eb309a490170
248370.0,3763211,python,[JIT],0x0000e406ca68b374
248370.0,3763357,python,[JIT],0x0000e7781b228110
248370.0,3763357,python,[JIT],0x0000e7781b228878
248370.0,3763357,python,[JIT],0x0000e7781b22e614
248370.0,3763357,python,[JIT],0x0000e7781b2d602c
248370.0,3763357,python,[JIT],0x0000e7781b2dc750
248369.0,3763238,python,[JIT],0x0000f6dc2ff864b4
248369.0,3763299,python,[JIT],0x0000f25744b389f8
248369.0,3763190,python,[JIT],0x0000f1ba7f46e358
248369.0,3763190,python,[JIT],0x0000f1ba7f46ee60
248369.0,3763190,python,[JIT],0x0000f1ba7f5133f4
248369.0,3763190,python,[JIT],0x0000f1ba7f51a254
248369.0,3763190,python,[JIT],0x0000f1ba7f54367c
248369.0,3763190,python,[JIT],0x0000f1ba7f54409c
248369.0,3763190,python,[JIT],0x0000f1ba7f544108
248369.0,3763190,python,[JIT],0x0000f1ba7f5441dc
248369.0,3763211,python,[JIT],0x0000e406ca5b8684
248369.0,3763211,python,[JIT],0x0000e406ca5bd03c
248369.0,3763211,python,[JIT],0x0000e406ca68a034
248369.0,3763357,python,[JIT],0x0000e7781b22e374
248369.0,3763357,python,[JIT],0x0000e7781b2d165c
248369.0,3763357,python,[JIT],0x0000e7781b308230
248368.0,3763357,python,python,AttributeError_init
248368.0,3763299,python,[JIT],0x0000f25744b386e0
248368.0,3763421,python,python,_Py_uop_analyze_and_optimize
248368.0,3763238,python,[JIT],0x0000f6dc2feda10c
248368.0,3763190,python,[JIT],0x0000f1ba7f466028
248368.0,3763190,python,[JIT],0x0000f1ba7f4698ec
248368.0,3763190,python,[JIT],0x0000f1ba7f5132d4
248368.0,3763190,python,[JIT],0x0000f1ba7f5132e0
248368.0,3763190,python,[JIT],0x0000f1ba7f519200
248368.0,3763190,python,[JIT],0x0000f1ba7f54312c
248368.0,3763357,python,[JIT],0x0000e7781b3081cc
248367.0,3763421,python,[JIT],0x0000f70065d48134
248367.0,3763421,python,[JIT],0x0000f70065d48600
248367.0,3763299,python,python,_PyErr_Restore
248367.0,3763238,python,[JIT],0x0000f6dc2fedc7e4
248367.0,3763238,python,[JIT],0x0000f6dc2ff8648c
248367.0,3763190,python,[JIT],0x0000f1ba7f469b98
248367.0,3763190,python,[JIT],0x0000f1ba7f46e39c
248367.0,3763190,python,[JIT],0x0000f1ba7f513740
248367.0,3763330,python,[JIT],0x0000eb309a46535c
248367.0,3763211,python,[JIT],0x0000e406ca5b8758
248367.0,3763211,python,[JIT],0x0000e406ca5be46c
248367.0,3763357,python,[JIT],0x0000e7781b22819c
248367.0,3763357,python,[JIT],0x0000e7781b2d3fc0
248367.0,3763357,python,[JIT],0x0000e7781b2d6128
248367.0,3763357,python,[JIT],0x0000e7781b2d66a0
248367.0,3763357,python,[JIT],0x0000e7781b2dc078
248366.0,3763238,python,python,PyObject_GenericGetDict
248366.0,3763421,python,[JIT],0x0000f70065c9dc68
248366.0,3763190,python,[JIT],0x0000f1ba7f467770
248366.0,3763190,python,[JIT],0x0000f1ba7f46b544
248366.0,3763190,python,[JIT],0x0000f1ba7f46eb54
248366.0,3763190,python,[JIT],0x0000f1ba7f5430ec
248366.0,3763357,python,[JIT],0x0000e7781b2dcbbc
248365.0,3763357,python,python,wrap_binaryfunc
248365.0,3763421,python,[JIT],0x0000f70065c94404
248365.0,3763299,python,python,_Py_BuildMap_StackRefSteal
248365.0,3763238,python,[JIT],0x0000f6dc2fede664
248365.0,3763238,python,[JIT],0x0000f6dc2ff880b8
248365.0,3763238,python,[JIT],0x0000f6dc2ffb10a4
248365.0,3763190,python,[JIT],0x0000f1ba7f46bfb8
248365.0,3763190,python,[JIT],0x0000f1ba7f46e000
248365.0,3763190,python,[JIT],0x0000f1ba7f513360
248365.0,3763190,python,[JIT],0x0000f1ba7f54415c
248365.0,3763330,python,[JIT],0x0000eb309a3bc04c
248365.0,3763211,python,[JIT],0x0000e406ca5b8268
248365.0,3763357,python,[JIT],0x0000e7781b22e1f8
248365.0,3763357,python,[JIT],0x0000e7781b2dc570
248364.0,3763357,python,python,_PyDict_FromItems
248364.0,3763357,python,python,type_dict
248364.0,3763238,python,python,PyObject_GC_Track
248364.0,3763238,python,[JIT],0x0000f6dc2fede25c
248364.0,3763238,python,[JIT],0x0000f6dc2feda3d8
248364.0,3763238,python,[JIT],0x0000f6dc2ff86624
248364.0,3763190,python,[JIT],0x0000f1ba7f46966c
248364.0,3763190,python,[JIT],0x0000f1ba7f5130a4
248364.0,3763330,python,[JIT],0x0000eb309a4681a0
248364.0,3763211,python,[JIT],0x0000e406ca5be5f0
248364.0,3763357,python,[JIT],0x0000e7781b22827c
248364.0,3763357,python,[JIT],0x0000e7781b2d6830
248364.0,3763357,python,[JIT],0x0000e7781b2d6878
248364.0,3763357,python,[JIT],0x0000e7781b2dc044
248364.0,3763357,python,[JIT],0x0000e7781b2dcce4
248364.0,3763357,python,[JIT],0x0000e7781b2dce88
248363.0,3763421,python,[JIT],0x0000f70065c940b4
248363.0,3763421,python,[JIT],0x0000f70065c95880
248363.0,3763421,python,[JIT],0x0000f70065d428b0
248363.0,3763421,python,[JIT],0x0000f70065d74080
248363.0,3763211,python,[JIT],0x0000e406ca5bd4f4
248363.0,3763238,python,[JIT],0x0000f6dc2fede0a0
248363.0,3763190,python,[JIT],0x0000f1ba7f46bfbc
248363.0,3763190,python,[JIT],0x0000f1ba7f46f760
248363.0,3763211,python,[JIT],0x0000e406ca5bd840
248363.0,3763357,python,[JIT],0x0000e7781b2dcf50
248363.0,3763357,python,[JIT],0x0000e7781b2dd7f8
248362.0,3763357,python,python,_PyCallMethodDescriptorFast_StackRef
248362.0,3763238,python,python,AttributeError_dealloc
248362.0,3763238,python,[JIT],0x0000f6dc2feda71c
248362.0,3763238,python,[JIT],0x0000f6dc2ff85db0
248362.0,3763238,python,[JIT],0x0000f6dc2ff85e34
248362.0,3763190,python,[JIT],0x0000f1ba7f46e320
248362.0,3763190,python,[JIT],0x0000f1ba7f46e77c
248362.0,3763190,python,[JIT],0x0000f1ba7f46e95c
248362.0,3763190,python,[JIT],0x0000f1ba7f5138dc
248362.0,3763211,python,[JIT],0x0000e406ca5bd73c
248362.0,3763357,python,[JIT],0x0000e7781b2d16d0
248362.0,3763357,python,[JIT],0x0000e7781b2dc35c
248362.0,3763357,python,[JIT],0x0000e7781b2dc72c
248361.0,3763357,python,python,call_special_method
248361.0,3763238,python,python,_abc__abc_instancecheck
248361.0,3763421,python,[JIT],0x0000f70065d753b8
248361.0,3763211,python,[JIT],0x0000e406ca5bd02c
248361.0,3763299,python,python,memset@plt
248361.0,3763421,python,[JIT],0x0000f70065d472ac
248361.0,3763421,python,[JIT],0x0000f70065d483ec
248361.0,3763190,python,[JIT],0x0000f1ba7f469380
248361.0,3763190,python,[JIT],0x0000f1ba7f46e4fc
248361.0,3763190,python,[JIT],0x0000f1ba7f46ed4c
248361.0,3763190,python,[JIT],0x0000f1ba7f51324c
248361.0,3763190,python,[JIT],0x0000f1ba7f51a244
248361.0,3763190,python,[JIT],0x0000f1ba7f51a57c
248361.0,3763190,python,[JIT],0x0000f1ba7f54427c
248361.0,3763330,python,[JIT],0x0000eb309a3be8c4
248361.0,3763211,python,[JIT],0x0000e406ca5be1a4
248361.0,3763211,python,[JIT],0x0000e406ca66117c
248361.0,3763357,python,[JIT],0x0000e7781b2d3464
248361.0,3763357,python,[JIT],0x0000e7781b2dc49c
248360.0,3763421,python,[JIT],0x0000f70065d7513c
248360.0,3763211,python,[JIT],0x0000e406ca5bd074
248360.0,3763299,python,[JIT],0x0000f25744b38d84
248360.0,3763421,python,[JIT],0x0000f70065d74078
248360.0,3763238,python,[JIT],0x0000f6dc2ff85074
248360.0,3763238,python,[JIT],0x0000f6dc2ff85d20
248360.0,3763190,python,[JIT],0x0000f1ba7f4672f8
248360.0,3763190,python,[JIT],0x0000f1ba7f469588
248360.0,3763190,python,[JIT],0x0000f1ba7f46e338
248360.0,3763190,python,[JIT],0x0000f1ba7f46ea38
248360.0,3763190,python,[JIT],0x0000f1ba7f46efb4
248360.0,3763190,python,[JIT],0x0000f1ba7f513180
248360.0,3763190,python,[JIT],0x0000f1ba7f513190
248360.0,3763330,python,[JIT],0x0000eb309a464048
248360.0,3763330,python,[JIT],0x0000eb309a465a78
248360.0,3763211,python,[JIT],0x0000e406ca5b4ad0
248360.0,3763211,python,[JIT],0x0000e406ca5b821c
248360.0,3763211,python,[JIT],0x0000e406ca5b83d8
248360.0,3763357,python,[JIT],0x0000e7781b309140
248359.0,3763421,python,[JIT],0x0000f70065d4815c
248359.0,3763238,python,[JIT],0x0000f6dc2fedc1c8
248359.0,3763238,python,[JIT],0x0000f6dc2ff87244
248359.0,3763238,python,[JIT],0x0000f6dc2ffb11a8
248359.0,3763330,python,python,lru_cache_make_key
248359.0,3763190,python,[JIT],0x0000f1ba7f51905c
248359.0,3763190,python,[JIT],0x0000f1ba7f51b0d4
248359.0,3763190,python,[JIT],0x0000f1ba7f5431dc
248359.0,3763190,python,[JIT],0x0000f1ba7f543244
248359.0,3763330,python,[JIT],0x0000eb309a3ba854
248359.0,3763211,python,[JIT],0x0000e406ca5b49a8
248359.0,3763211,python,[JIT],0x0000e406ca68b364
248359.0,3763357,python,[JIT],0x0000e7781b22c3dc
248359.0,3763357,python,[JIT],0x0000e7781b2d6764
248358.0,3763299,python,python,_PyDict_GetItemRef_KnownHash
248358.0,3763421,python,[JIT],0x0000f70065d753ac
248358.0,3763238,python,[JIT],0x0000f6dc2feda830
248358.0,3763330,python,python,_Py_Check_ArgsIterable
248358.0,3763190,python,[JIT],0x0000f1ba7f467aa8
248358.0,3763190,python,[JIT],0x0000f1ba7f469418
248358.0,3763190,python,[JIT],0x0000f1ba7f469c18
248358.0,3763190,python,[JIT],0x0000f1ba7f46b23c
248358.0,3763190,python,[JIT],0x0000f1ba7f46e334
248358.0,3763190,python,[JIT],0x0000f1ba7f46ef38
248358.0,3763190,python,[JIT],0x0000f1ba7f5133dc
248358.0,3763190,python,[JIT],0x0000f1ba7f5191f8
248358.0,3763190,python,[JIT],0x0000f1ba7f543338
248358.0,3763190,python,[JIT],0x0000f1ba7f5441f8
248358.0,3763330,python,[JIT],0x0000eb309a3bc418
248358.0,3763357,python,[JIT],0x0000e7781b2d11c4
248358.0,3763357,python,[JIT],0x0000e7781b2dcea4
248358.0,3763357,python,[JIT],0x0000e7781b3095e8
248357.0,3763211,python,python,_PyDict_FromItems
248357.0,3763211,python,[JIT],0x0000e406ca661088
248357.0,3763421,python,python,_PyObject_RealIsSubclass
248357.0,3763238,python,[JIT],0x0000f6dc2fedcb84
248357.0,3763238,python,[JIT],0x0000f6dc2fede328
248357.0,3763238,python,[JIT],0x0000f6dc2ff8518c
248357.0,3763238,python,[JIT],0x0000f6dc2ff8571c
248357.0,3763190,python,[JIT],0x0000f1ba7f46997c
248357.0,3763190,python,[JIT],0x0000f1ba7f469a34
248357.0,3763190,python,[JIT],0x0000f1ba7f469c54
248357.0,3763330,python,[JIT],0x0000eb309a3ba1c8
248357.0,3763330,python,[JIT],0x0000eb309a4651dc
248357.0,3763211,python,python,memset@plt
248357.0,3763211,python,[JIT],0x0000e406ca5be404
248357.0,3763211,python,[JIT],0x0000e406ca6610ac
248357.0,3763211,python,[JIT],0x0000e406ca66123c
248357.0,3763357,python,[JIT],0x0000e7781b228050
248357.0,3763357,python,[JIT],0x0000e7781b22ec48
248357.0,3763357,python,[JIT],0x0000e7781b2d31b8
248356.0,3763238,python,[JIT],0x0000f6dc2ff85d58
248356.0,3763238,python,[kernel.kallsyms],__perf_addr_filters_adjust
248356.0,3763238,python,[JIT],0x0000f6dc2fede60c
248356.0,3763238,python,[JIT],0x0000f6dc2fede7f8
248356.0,3763238,python,[JIT],0x0000f6dc2ff85518
248356.0,3763330,python,python,PyObject_GenericGetAttr
248356.0,3763330,python,[kernel.kallsyms],_raw_spin_unlock_irqrestore
248356.0,3763190,python,[JIT],0x0000f1ba7f4677f8
248356.0,3763190,python,[JIT],0x0000f1ba7f467a3c
248356.0,3763190,python,[JIT],0x0000f1ba7f46e0b8
248356.0,3763190,python,[JIT],0x0000f1ba7f543098
248356.0,3763190,python,[JIT],0x0000f1ba7f544214
248356.0,3763330,python,[JIT],0x0000eb309a3b84e8
248356.0,3763330,python,[JIT],0x0000eb309a4659e0
248356.0,3763357,python,[JIT],0x0000e7781b22e338
248356.0,3763357,python,[JIT],0x0000e7781b22f5f8
248356.0,3763357,python,[JIT],0x0000e7781b2d3198
248356.0,3763357,python,[JIT],0x0000e7781b2d623c
248356.0,3763357,python,[JIT],0x0000e7781b2d6414
248356.0,3763357,python,[JIT],0x0000e7781b2dc254
248356.0,3763357,python,[JIT],0x0000e7781b308194
248355.0,3763357,python,python,wrapper_call
248355.0,3763357,python,python,wrapperdescr_call
248355.0,3763357,python,[JIT],0x0000e7781b2dc004
248355.0,3763357,python,[JIT],0x0000e7781b2dc440
248355.0,3763299,python,python,_PyThreadState_PopFrame
248355.0,3763238,python,[JIT],0x0000f6dc2fedef70
248355.0,3763238,python,[JIT],0x0000f6dc2ff840e0
248355.0,3763238,python,[JIT],0x0000f6dc2ff85580
248355.0,3763238,python,[JIT],0x0000f6dc2ffb4110
248355.0,3763190,python,[JIT],0x0000f1ba7f46b180
248355.0,3763190,python,[JIT],0x0000f1ba7f46b76c
248355.0,3763190,python,[JIT],0x0000f1ba7f46e384
248355.0,3763190,python,[JIT],0x0000f1ba7f51902c
248355.0,3763190,python,[JIT],0x0000f1ba7f519124
248355.0,3763190,python,[JIT],0x0000f1ba7f544094
248355.0,3763190,python,[JIT],0x0000f1ba7f544284
248355.0,3763211,python,[JIT],0x0000e406ca68b160
248355.0,3763357,python,[JIT],0x0000e7781b2d30e8
248355.0,3763357,python,[JIT],0x0000e7781b2d66d4
248355.0,3763357,python,[JIT],0x0000e7781b2db1bc
248354.0,3763421,python,python,_PyType_GetDict
248354.0,3763421,python,[JIT],0x0000f70065d48bcc
248354.0,3763238,python,[JIT],0x0000f6dc2fede190
248354.0,3763238,python,[JIT],0x0000f6dc2ff85704
248354.0,3763238,python,[JIT],0x0000f6dc2ff86068
248354.0,3763238,python,[JIT],0x0000f6dc2ffb005c
248354.0,3763190,python,[JIT],0x0000f1ba7f46e850
248354.0,3763330,python,[JIT],0x0000eb309a465100
248354.0,3763211,python,[JIT],0x0000e406ca5bdad4
248354.0,3763211,python,[JIT],0x0000e406ca6621b8
248354.0,3763357,python,[JIT],0x0000e7781b2dc71c
248353.0,3763357,python,python,PyTuple_FromArray
248353.0,3763357,python,[JIT],0x0000e7781b2de2e8
248353.0,3763238,python,[JIT],0x0000f6dc2ff85f7c
248353.0,3763211,python,python,object_richcompare
248353.0,3763299,python,python,_Py_CheckFunctionResult
248353.0,3763299,python,[JIT],0x0000f25744b38120
248353.0,3763238,python,[JIT],0x0000f6dc2feda674
248353.0,3763238,python,[JIT],0x0000f6dc2ff85a88
248353.0,3763238,python,[JIT],0x0000f6dc2ff86390
248353.0,3763330,python,python,PyObject_GetAttr
248353.0,3763190,python,python,__aarch64_cas4_acq_rel
248353.0,3763190,python,[JIT],0x0000f1ba7f467088
248353.0,3763190,python,[JIT],0x0000f1ba7f4691d8
248353.0,3763190,python,[JIT],0x0000f1ba7f46b0e8
248353.0,3763190,python,[JIT],0x0000f1ba7f46e938
248353.0,3763190,python,[JIT],0x0000f1ba7f46eb44
248353.0,3763190,python,[JIT],0x0000f1ba7f46ef64
248353.0,3763190,python,[JIT],0x0000f1ba7f5133fc
248353.0,3763190,python,[JIT],0x0000f1ba7f543180
248353.0,3763330,python,[JIT],0x0000eb309a3ba05c
248353.0,3763330,python,[JIT],0x0000eb309a4664b4
248353.0,3763330,python,[JIT],0x0000eb309a4680f8
248353.0,3763211,python,[JIT],0x0000e406ca5bdec0
248353.0,3763211,python,[JIT],0x0000e406ca5be1fc
248353.0,3763211,python,[JIT],0x0000e406ca661100
248353.0,3763211,python,[JIT],0x0000e406ca68a088
248353.0,3763357,python,[JIT],0x0000e7781b2282c4
248353.0,3763357,python,[JIT],0x0000e7781b22e918
248353.0,3763357,python,[JIT],0x0000e7781b22e9cc
248353.0,3763357,python,[JIT],0x0000e7781b2d3244
248353.0,3763357,python,[JIT],0x0000e7781b2d6614
248353.0,3763357,python,[JIT],0x0000e7781b2dcf88
248353.0,3763357,python,[JIT],0x0000e7781b2dd168
248352.0,3763357,python,python,_PyErr_Restore
248352.0,3763357,python,python,_PyObject_GC_Link
248352.0,3763238,python,python,_PyJit_translate_single_bytecode_to_trace
248352.0,3763421,python,[JIT],0x0000f70065d48c40
248352.0,3763421,python,[JIT],0x0000f70065d48fb0
248352.0,3763211,python,[JIT],0x0000e406ca5bd504
248352.0,3763238,python,[JIT],0x0000f6dc2ff85270
248352.0,3763238,python,[JIT],0x0000f6dc2ff8593c
248352.0,3763330,python,[JIT],0x0000eb309a465158
248352.0,3763190,python,[JIT],0x0000f1ba7f46e9d4
248352.0,3763190,python,[JIT],0x0000f1ba7f5436d8
248352.0,3763330,python,[JIT],0x0000eb309a3ba444
248352.0,3763330,python,[JIT],0x0000eb309a465dd0
248352.0,3763330,python,[JIT],0x0000eb309a466250
248352.0,3763211,python,[JIT],0x0000e406ca5b13a8
248352.0,3763357,python,[kernel.kallsyms],mas_empty_area_rev
248352.0,3763357,python,[JIT],0x0000e7781b22d13c
248352.0,3763357,python,[JIT],0x0000e7781b2dc450
248351.0,3763357,python,[JIT],0x0000e7781b2dd1b8
248351.0,3763421,python,[JIT],0x0000f70065c9974c
248351.0,3763421,python,[JIT],0x0000f70065d48088
248351.0,3763421,python,[JIT],0x0000f70065d486f0
248351.0,3763299,python,python,PyObject_IsInstance
248351.0,3763299,python,python,_PyFunction_Vectorcall
248351.0,3763238,python,[JIT],0x0000f6dc2ff841c8
248351.0,3763190,python,python,_Py_HandlePending
248351.0,3763190,python,[JIT],0x0000f1ba7f46b294
248351.0,3763190,python,[JIT],0x0000f1ba7f46e43c
248351.0,3763190,python,[JIT],0x0000f1ba7f51a158
248351.0,3763190,python,[JIT],0x0000f1ba7f54399c
248351.0,3763330,python,[JIT],0x0000eb309a3be654
248351.0,3763211,python,[JIT],0x0000e406ca5b4ae4
248351.0,3763211,python,[JIT],0x0000e406ca5b6d54
248351.0,3763211,python,[JIT],0x0000e406ca5be168
248351.0,3763211,python,[JIT],0x0000e406ca6610b4
248351.0,3763357,python,[JIT],0x0000e7781b22eb28
248351.0,3763357,python,[JIT],0x0000e7781b2d6644
248351.0,3763357,python,[JIT],0x0000e7781b2dcc94
248351.0,3763357,python,[JIT],0x0000e7781b2dd040
248351.0,3763357,python,[JIT],0x0000e7781b3092c4
248350.0,3763238,python,[JIT],0x0000f6dc2ff85804
248350.0,3763238,python,[JIT],0x0000f6dc2ff86380
248350.0,3763421,python,[JIT],0x0000f70065c9eb48
248350.0,3763421,python,[JIT],0x0000f70065d48dd0
248350.0,3763211,python,python,_PyThreadState_PushFrame
248350.0,3763299,python,[JIT],0x0000f25744b389bc
248350.0,3763421,python,[JIT],0x0000f70065d48234
248350.0,3763238,python,[JIT],0x0000f6dc2fed8808
248350.0,3763238,python,[JIT],0x0000f6dc2fed88e4
248350.0,3763238,python,[JIT],0x0000f6dc2fedc190
248350.0,3763238,python,[JIT],0x0000f6dc2fede238
248350.0,3763238,python,[JIT],0x0000f6dc2ff851ac
248350.0,3763238,python,[JIT],0x0000f6dc2ff8554c
248350.0,3763238,python,[JIT],0x0000f6dc2ff860e8
248350.0,3763238,python,[JIT],0x0000f6dc2ff8658c
248350.0,3763190,python,[JIT],0x0000f1ba7f46229c
248350.0,3763190,python,[JIT],0x0000f1ba7f469500
248350.0,3763190,python,[JIT],0x0000f1ba7f46e3f4
248350.0,3763190,python,[JIT],0x0000f1ba7f5136b8
248350.0,3763330,python,python,float_dealloc
248350.0,3763211,python,[JIT],0x0000e406ca5b41d4
248350.0,3763211,python,[JIT],0x0000e406ca5b6cb4
248350.0,3763211,python,[JIT],0x0000e406ca5b8168
248350.0,3763211,python,[JIT],0x0000e406ca5bd6e4
248350.0,3763211,python,[JIT],0x0000e406ca5be4a4
248350.0,3763211,python,[JIT],0x0000e406ca5be648
248350.0,3763211,python,[JIT],0x0000e406ca68b224
248350.0,3763357,python,[JIT],0x0000e7781b2dcbf8
248349.0,3763421,python,[JIT],0x0000f70065d48c64
248349.0,3763421,python,[JIT],0x0000f70065d49050
248349.0,3763421,python,[JIT],0x0000f70065d741d8
248349.0,3763299,python,python,PyDescr_IsData
248349.0,3763299,python,[JIT],0x0000f25744b65268
248349.0,3763421,python,python,PyDict_Contains
248349.0,3763238,python,[JIT],0x0000f6dc2feda620
248349.0,3763238,python,[JIT],0x0000f6dc2feda6e8
248349.0,3763238,python,[JIT],0x0000f6dc2feda804
248349.0,3763238,python,[JIT],0x0000f6dc2fede8a8
248349.0,3763238,python,[JIT],0x0000f6dc2ff86050
248349.0,3763238,python,[JIT],0x0000f6dc2ffb00c0
248349.0,3763238,python,[JIT],0x0000f6dc2ffb059c
248349.0,3763330,python,python,_PyList_AppendTakeRefListResize
248349.0,3763190,python,[JIT],0x0000f1ba7f46eb18
248349.0,3763330,python,[JIT],0x0000eb309a3bcd70
248349.0,3763330,python,[JIT],0x0000eb309a465784
248349.0,3763211,python,[JIT],0x0000e406ca57f3d4
248349.0,3763211,python,[JIT],0x0000e406ca5b28ac
248349.0,3763357,python,[JIT],0x0000e7781b2d3258
248349.0,3763357,python,[JIT],0x0000e7781b2d3358
248349.0,3763357,python,[JIT],0x0000e7781b2dc064
248349.0,3763357,python,[JIT],0x0000e7781b2dcb30
248349.0,3763357,python,[JIT],0x0000e7781b308088
248349.0,3763357,python,[JIT],0x0000e7781b308274
248348.0,3763357,python,python,PyTraceBack_Here
248348.0,3763421,python,[JIT],0x0000f70065c95740
248348.0,3763421,python,[JIT],0x0000f70065d42664
248348.0,3763421,python,python,emit__FATAL_ERROR_r00
248348.0,3763238,python,[JIT],0x0000f6dc2ff8612c
248348.0,3763238,python,[JIT],0x0000f6dc2ff880e8
248348.0,3763238,python,[JIT],0x0000f6dc2ffb0148
248348.0,3763238,python,[JIT],0x0000f6dc2ffb0910
248348.0,3763190,python,[JIT],0x0000f1ba7f4675bc
248348.0,3763190,python,[JIT],0x0000f1ba7f46b524
248348.0,3763190,python,[JIT],0x0000f1ba7f46bdfc
248348.0,3763330,python,[JIT],0x0000eb309a3ba560
248348.0,3763330,python,[JIT],0x0000eb309a4655b4
248348.0,3763330,python,[JIT],0x0000eb309a465c80
248348.0,3763211,python,[JIT],0x0000e406ca5b807c
248348.0,3763211,python,[JIT],0x0000e406ca5b879c
248348.0,3763211,python,[JIT],0x0000e406ca5bf244
248348.0,3763357,python,[JIT],0x0000e7781b228260
248348.0,3763357,python,[JIT],0x0000e7781b2299f0
248348.0,3763357,python,[JIT],0x0000e7781b22e334
248348.0,3763357,python,[JIT],0x0000e7781b2d11e8
248348.0,3763357,python,[JIT],0x0000e7781b2e00b8
248348.0,3763357,python,[JIT],0x0000e7781b2e0298
248348.0,3763357,python,[JIT],0x0000e7781b309430
248347.0,3763421,python,[JIT],0x0000f70065c9904c
248347.0,3763421,python,[JIT],0x0000f70065c996ec
248347.0,3763238,python,[JIT],0x0000f6dc2fedb63c
248347.0,3763238,python,[JIT],0x0000f6dc2ff84184
248347.0,3763238,python,[JIT],0x0000f6dc2ff862d0
248347.0,3763238,python,[JIT],0x0000f6dc2ffb1230
248347.0,3763330,python,python,PyDescr_IsData
248347.0,3763190,python,[JIT],0x0000f1ba7f469b68
248347.0,3763190,python,[JIT],0x0000f1ba7f46e99c
248347.0,3763190,python,[JIT],0x0000f1ba7f519204
248347.0,3763190,python,[JIT],0x0000f1ba7f5430cc
248347.0,3763190,python,[JIT],0x0000f1ba7f544228
248347.0,3763330,python,[JIT],0x0000eb309a3ba2cc
248347.0,3763330,python,[JIT],0x0000eb309a491294
248347.0,3763211,python,[JIT],0x0000e406ca5b819c
248347.0,3763211,python,[JIT],0x0000e406ca5bd460
248347.0,3763211,python,[JIT],0x0000e406ca5bdfe0
248347.0,3763211,python,[JIT],0x0000e406ca66203c
248347.0,3763211,python,[JIT],0x0000e406ca68a650
248347.0,3763357,python,python,PyObject_GetItem
248347.0,3763357,python,[JIT],0x0000e7781b22d324
248347.0,3763357,python,[JIT],0x0000e7781b22e180
248347.0,3763357,python,[JIT],0x0000e7781b2d3234
248347.0,3763357,python,[JIT],0x0000e7781b2dc404
248347.0,3763357,python,[JIT],0x0000e7781b2dd158
248347.0,3763357,python,[JIT],0x0000e7781b30907c
248347.0,3763357,python,[JIT],0x0000e7781b309314
248346.0,3763421,python,[JIT],0x0000f70065c99750
248346.0,3763299,python,python,PyException_GetTraceback
248346.0,3763238,python,[JIT],0x0000f6dc2ffb0184
248346.0,3763190,python,[JIT],0x0000f1ba7f46e750
248346.0,3763190,python,[JIT],0x0000f1ba7f513148
248346.0,3763190,python,[JIT],0x0000f1ba7f5190d4
248346.0,3763190,python,[JIT],0x0000f1ba7f543510
248346.0,3763330,python,[JIT],0x0000eb309a3b70ec
248346.0,3763330,python,[JIT],0x0000eb309a3be1a8
248346.0,3763211,python,[JIT],0x0000e406ca5b8114
248346.0,3763211,python,[JIT],0x0000e406ca5bda68
248346.0,3763211,python,[JIT],0x0000e406ca68a1a0
248346.0,3763357,python,[JIT],0x0000e7781b2280fc
248346.0,3763357,python,[JIT],0x0000e7781b22e5ec
248346.0,3763357,python,[JIT],0x0000e7781b2dcc50
248346.0,3763357,python,[JIT],0x0000e7781b2e01a0
248345.0,3763357,python,python,PyObject_IsTrue
248345.0,3763357,python,[kernel.kallsyms],folio_add_lru
248345.0,3763357,python,[JIT],0x0000e7781b2d31cc
248345.0,3763421,python,[JIT],0x0000f70065d4c2b8
248345.0,3763211,python,[JIT],0x0000e406ca68b228
248345.0,3763238,python,[JIT],0x0000f6dc2fede4b8
248345.0,3763238,python,[JIT],0x0000f6dc2ff85354
248345.0,3763238,python,[JIT],0x0000f6dc2ff853c4
248345.0,3763238,python,[JIT],0x0000f6dc2ff856a4
248345.0,3763238,python,[JIT],0x0000f6dc2ffb0174
248345.0,3763190,python,[JIT],0x0000f1ba7f4699fc
248345.0,3763190,python,[JIT],0x0000f1ba7f51b0e8
248345.0,3763211,python,[JIT],0x0000e406ca5b4748
248345.0,3763211,python,[JIT],0x0000e406ca5b8910
248345.0,3763211,python,[JIT],0x0000e406ca5b8f70
248345.0,3763211,python,[JIT],0x0000e406ca661030
248345.0,3763211,python,[JIT],0x0000e406ca68b060
248345.0,3763357,python,[JIT],0x0000e7781b22e118
248345.0,3763357,python,[JIT],0x0000e7781b22e1a4
248345.0,3763357,python,[JIT],0x0000e7781b2d4424
248345.0,3763357,python,[JIT],0x0000e7781b2dccb8
248345.0,3763357,python,[JIT],0x0000e7781b2e008c
248344.0,3763421,python,[JIT],0x0000f70065d422b4
248344.0,3763211,python,[JIT],0x0000e406ca68b07c
248344.0,3763421,python,[JIT],0x0000f70065d4c3b4
248344.0,3763238,python,python,_PyDict_Subscript
248344.0,3763238,python,[JIT],0x0000f6dc2fedc060
248344.0,3763238,python,[JIT],0x0000f6dc2fedc18c
248344.0,3763238,python,[JIT],0x0000f6dc2fede320
248344.0,3763238,python,[JIT],0x0000f6dc2fede504
248344.0,3763238,python,[JIT],0x0000f6dc2ffb103c
248344.0,3763190,python,[JIT],0x0000f1ba7f46981c
248344.0,3763190,python,[JIT],0x0000f1ba7f51347c
248344.0,3763190,python,[JIT],0x0000f1ba7f51b0b0
248344.0,3763330,python,[JIT],0x0000eb309a4665d0
248344.0,3763211,python,[JIT],0x0000e406ca5b4bdc
248344.0,3763211,python,[JIT],0x0000e406ca5b87c4
248344.0,3763211,python,[JIT],0x0000e406ca5bd814
248344.0,3763211,python,[JIT],0x0000e406ca5bdc50
248344.0,3763357,python,[JIT],0x0000e7781b2d6040
248344.0,3763357,python,[JIT],0x0000e7781b2dc0fc
248344.0,3763357,python,[JIT],0x0000e7781b2dc4d4
248344.0,3763357,python,[JIT],0x0000e7781b30c008
248343.0,3763357,python,python,_PyEval_FrameClearAndPop
248343.0,3763421,python,[JIT],0x0000f70065c94368
248343.0,3763421,python,[JIT],0x0000f70065c99620
248343.0,3763421,python,[JIT],0x0000f70065c99804
248343.0,3763421,python,[JIT],0x0000f70065d483ec
248343.0,3763421,python,[JIT],0x0000f70065d48814
248343.0,3763421,python,python,PyDictProxy_New
248343.0,3763421,python,[JIT],0x0000f70065d4b488
248343.0,3763238,python,[kernel.kallsyms],mas_wr_node_store
248343.0,3763238,python,[JIT],0x0000f6dc2ff857f8
248343.0,3763238,python,[JIT],0x0000f6dc2ffb0494
248343.0,3763190,python,[JIT],0x0000f1ba7f4692c0
248343.0,3763190,python,[JIT],0x0000f1ba7f519268
248343.0,3763211,python,[JIT],0x0000e406ca5b8f64
248343.0,3763211,python,[JIT],0x0000e406ca5bd9b4
248343.0,3763211,python,[JIT],0x0000e406ca5be164
248343.0,3763357,python,[JIT],0x0000e7781b228070
248343.0,3763357,python,[JIT],0x0000e7781b228250
248342.0,3763357,python,libc.so.6,__printf_buffer
248342.0,3763357,python,[JIT],0x0000e7781b2dca20
248342.0,3763421,python,[JIT],0x0000f70065c9d114
248342.0,3763211,python,python,_PyCallMethodDescriptorFast_StackRef
248342.0,3763299,python,[JIT],0x0000f25744b38ca4
248342.0,3763299,python,[JIT],0x0000f25744b652dc
248342.0,3763238,python,[JIT],0x0000f6dc2fede54c
248342.0,3763238,python,[JIT],0x0000f6dc2ff85f24
248342.0,3763238,python,[JIT],0x0000f6dc2ff880c4
248342.0,3763238,python,[JIT],0x0000f6dc2ffb1008
248342.0,3763330,python,[JIT],0x0000eb309a465c24
248342.0,3763190,python,[JIT],0x0000f1ba7f46ec00
248342.0,3763190,python,[JIT],0x0000f1ba7f5132f4
248342.0,3763330,python,[JIT],0x0000eb309a46508c
248342.0,3763211,python,[JIT],0x0000e406ca35c4d0
248342.0,3763211,python,[JIT],0x0000e406ca5b4cc8
248342.0,3763211,python,[JIT],0x0000e406ca5b8518
248342.0,3763211,python,[JIT],0x0000e406ca5bd06c
248342.0,3763211,python,[JIT],0x0000e406ca5be2a0
248342.0,3763211,python,[JIT],0x0000e406ca68b090
248342.0,3763211,python,[JIT],0x0000e406ca68b130
248342.0,3763357,python,[JIT],0x0000e7781b2d31a4
248342.0,3763357,python,[JIT],0x0000e7781b2d3348
248342.0,3763357,python,[JIT],0x0000e7781b2dc550
248341.0,3763421,python,[JIT],0x0000f70065c94130
248341.0,3763211,python,libc.so.6,__memset_zva64
248341.0,3763211,python,[JIT],0x0000e406ca66118c
248341.0,3763421,python,python,setiter_dealloc
248341.0,3763238,python,[JIT],0x0000f6dc2feda2f4
248341.0,3763238,python,[JIT],0x0000f6dc2ff85bbc
248341.0,3763238,python,[JIT],0x0000f6dc2ff85dec
248341.0,3763190,python,[JIT],0x0000f1ba7f5430fc
248341.0,3763330,python,[JIT],0x0000eb309a3be6a0
248341.0,3763330,python,[JIT],0x0000eb309a4659d4
248341.0,3763211,python,[JIT],0x0000e406ca5b1290
248341.0,3763357,python,[JIT],0x0000e7781b22eca8
248341.0,3763357,python,[JIT],0x0000e7781b2d33dc
248341.0,3763357,python,[JIT],0x0000e7781b2dca68
248341.0,3763357,python,[JIT],0x0000e7781b2dcca4
248340.0,3763421,python,[JIT],0x0000f70065c99138
248340.0,3763421,python,[JIT],0x0000f70065d426e0
248340.0,3763421,python,[JIT],0x0000f70065d7525c
248340.0,3763299,python,python,lru_cache_make_key
248340.0,3763238,python,[JIT],0x0000f6dc2ff840bc
248340.0,3763238,python,[JIT],0x0000f6dc2ff85ec4
248340.0,3763190,python,[JIT],0x0000f1ba7f469464
248340.0,3763330,python,[JIT],0x0000eb309a49410c
248340.0,3763211,python,[JIT],0x0000e406ca5b4564
248340.0,3763211,python,[JIT],0x0000e406ca5b81b8
248340.0,3763211,python,[JIT],0x0000e406ca5bdbdc
248340.0,3763211,python,[JIT],0x0000e406ca5be024
248340.0,3763211,python,[JIT],0x0000e406ca68a6d0
248340.0,3763357,python,[JIT],0x0000e7781b228538
248340.0,3763357,python,[JIT],0x0000e7781b22e424
248340.0,3763357,python,[JIT],0x0000e7781b22e7bc
248340.0,3763357,python,[JIT],0x0000e7781b2d6740
248340.0,3763357,python,[JIT],0x0000e7781b2d6804
248340.0,3763357,python,[JIT],0x0000e7781b2dc050
248340.0,3763357,python,[JIT],0x0000e7781b2e0108
248340.0,3763357,python,[JIT],0x0000e7781b309158
248339.0,3763421,python,[JIT],0x0000f70065c9d418
248339.0,3763421,python,[JIT],0x0000f70065d48254
248339.0,3763421,python,[JIT],0x0000f70065d48fac
248339.0,3763211,python,[JIT],0x0000e406ca5bf308
248339.0,3763299,python,[JIT],0x0000f25744b38dd0
248339.0,3763421,python,[kernel.kallsyms],invoke_syscall
248339.0,3763238,python,[JIT],0x0000f6dc2fede080
248339.0,3763190,python,libc.so.6,malloc
248339.0,3763190,python,[JIT],0x0000f1ba7f4622e8
248339.0,3763190,python,[JIT],0x0000f1ba7f4695dc
248339.0,3763190,python,[JIT],0x0000f1ba7f46e81c
248339.0,3763330,python,[JIT],0x0000eb309a3ba9bc
248339.0,3763330,python,[JIT],0x0000eb309a465e14
248339.0,3763211,python,[JIT],0x0000e406ca5b4144
248339.0,3763211,python,[JIT],0x0000e406ca5b4874
248339.0,3763211,python,[JIT],0x0000e406ca5b8204
248339.0,3763357,python,[JIT],0x0000e7781b22e950
248339.0,3763357,python,[JIT],0x0000e7781b2dc234
248339.0,3763357,python,[JIT],0x0000e7781b3091ac
248338.0,3763421,python,[JIT],0x0000f70065c95940
248338.0,3763421,python,[JIT],0x0000f70065d48330
248338.0,3763421,python,[JIT],0x0000f70065d49290
248338.0,3763421,python,python,AttributeError_init
248338.0,3763421,python,python,_PyEval_MonitorRaise
248338.0,3763330,python,python,_PyJit_FinalizeTracing
248338.0,3763190,python,[JIT],0x0000f1ba7f46f010
248338.0,3763330,python,[JIT],0x0000eb309a3ba81c
248338.0,3763330,python,[JIT],0x0000eb309a465344
248338.0,3763330,python,[JIT],0x0000eb309a490060
248338.0,3763211,python,[JIT],0x0000e406ca5b4bac
248338.0,3763211,python,[JIT],0x0000e406ca5b81c8
248338.0,3763357,python,[JIT],0x0000e7781b22967c
248338.0,3763357,python,[JIT],0x0000e7781b22e154
248338.0,3763357,python,[JIT],0x0000e7781b2d1060
248338.0,3763357,python,[JIT],0x0000e7781b2dd16c
248337.0,3763421,python,[JIT],0x0000f70065c99854
248337.0,3763211,python,python,PyException_GetTraceback
248337.0,3763299,python,python,_Py_Check_ArgsIterable
248337.0,3763299,python,python,weakref_hash
248337.0,3763238,python,[JIT],0x0000f6dc2fede6a0
248337.0,3763238,python,[JIT],0x0000f6dc2ff840ec
248337.0,3763238,python,[JIT],0x0000f6dc2ff85898
248337.0,3763238,python,[JIT],0x0000f6dc2ff858c0
248337.0,3763330,python,python,type_dict
248337.0,3763190,python,[JIT],0x0000f1ba7f46eacc
248337.0,3763190,python,[JIT],0x0000f1ba7f46eb40
248337.0,3763190,python,[JIT],0x0000f1ba7f5133d0
248337.0,3763330,python,[JIT],0x0000eb309a4641a4
248337.0,3763211,python,[JIT],0x0000e406ca5b48a8
248337.0,3763211,python,[JIT],0x0000e406ca5bd908
248337.0,3763357,python,[JIT],0x0000e7781b2d6008
248337.0,3763357,python,[JIT],0x0000e7781b2e03a8
248336.0,3763238,python,[JIT],0x0000f6dc2ff859ac
248336.0,3763238,python,[JIT],0x0000f6dc2ff8817c
248336.0,3763421,python,[JIT],0x0000f70065c99184
248336.0,3763421,python,[JIT],0x0000f70065d4260c
248336.0,3763421,python,[JIT],0x0000f70065d49134
248336.0,3763421,python,[JIT],0x0000f70065d4a2e8
248336.0,3763238,python,[JIT],0x0000f6dc2fedc9e0
248336.0,3763238,python,[JIT],0x0000f6dc2fede310
248336.0,3763238,python,[JIT],0x0000f6dc2ff85438
248336.0,3763238,python,[JIT],0x0000f6dc2ff881d4
248336.0,3763330,python,python,PyObject_GetItem
248336.0,3763190,python,[JIT],0x0000f1ba7f46b0b0
248336.0,3763190,python,[JIT],0x0000f1ba7f519174
248336.0,3763190,python,[JIT],0x0000f1ba7f5441b8
248336.0,3763211,python,[JIT],0x0000e406ca5b4154
248336.0,3763211,python,[JIT],0x0000e406ca5b41b8
248336.0,3763211,python,[JIT],0x0000e406ca6621a0
248336.0,3763357,python,[kernel.kallsyms],slab_update_freelist.isra.0
248336.0,3763357,python,[JIT],0x0000e7781b2d6028
248336.0,3763357,python,[JIT],0x0000e7781b2d6480
248336.0,3763357,python,[JIT],0x0000e7781b2dcd0c
248336.0,3763357,python,[JIT],0x0000e7781b30938c
248336.0,3763357,python,[JIT],0x0000e7781b309478
248335.0,3763421,python,[JIT],0x0000f70065c9d1e8
248335.0,3763421,python,[JIT],0x0000f70065d42470
248335.0,3763421,python,[JIT],0x0000f70065d48404
248335.0,3763421,python,[JIT],0x0000f70065d488a0
248335.0,3763421,python,[JIT],0x0000f70065d48da4
248335.0,3763421,python,[JIT],0x0000f70065d490e8
248335.0,3763421,python,[JIT],0x0000f70065d4c204
248335.0,3763421,python,[JIT],0x0000f70065d741b0
248335.0,3763238,python,[JIT],0x0000f6dc2fedacbc
248335.0,3763238,python,[JIT],0x0000f6dc2ff855a8
248335.0,3763238,python,[JIT],0x0000f6dc2ff860f8
248335.0,3763330,python,python,AttributeError_init
248335.0,3763190,python,[JIT],0x0000f1ba7f469698
248335.0,3763190,python,[JIT],0x0000f1ba7f51312c
248335.0,3763190,python,[JIT],0x0000f1ba7f51b2d0
248335.0,3763190,python,[JIT],0x0000f1ba7f5431b0
248335.0,3763330,python,[JIT],0x0000eb309a3babdc
248335.0,3763330,python,[JIT],0x0000eb309a46618c
248335.0,3763211,python,[JIT],0x0000e406ca5b8464
248335.0,3763211,python,[JIT],0x0000e406ca5bd928
248335.0,3763211,python,[JIT],0x0000e406ca5be2c8
248335.0,3763211,python,[JIT],0x0000e406ca5be56c
248335.0,3763211,python,[JIT],0x0000e406ca68a0a8
248335.0,3763357,python,[JIT],0x0000e7781b22b084
248335.0,3763357,python,[JIT],0x0000e7781b22d228
248335.0,3763357,python,[JIT],0x0000e7781b2dc26c
248335.0,3763357,python,[JIT],0x0000e7781b2dce34
248335.0,3763357,python,[JIT],0x0000e7781b30912c
248334.0,3763421,python,[JIT],0x0000f70065c99060
248334.0,3763421,python,[JIT],0x0000f70065d4b090
248334.0,3763421,python,[JIT],0x0000f70065d750b0
248334.0,3763211,python,python,PyException_SetTraceback
248334.0,3763421,python,[JIT],0x0000f70065c9d140
248334.0,3763238,python,[JIT],0x0000f6dc2fedc984
248334.0,3763238,python,[JIT],0x0000f6dc2ff85254
248334.0,3763238,python,[JIT],0x0000f6dc2ffb06dc
248334.0,3763238,python,[JIT],0x0000f6dc2ffb1154
248334.0,3763190,python,[JIT],0x0000f1ba7f46e994
248334.0,3763190,python,[JIT],0x0000f1ba7f513778
248334.0,3763330,python,python,memset@plt
248334.0,3763330,python,[JIT],0x0000eb309a3b3884
248334.0,3763330,python,[JIT],0x0000eb309a3be0b4
248334.0,3763330,python,[JIT],0x0000eb309a3be554
248334.0,3763330,python,[JIT],0x0000eb309a465ad8
248334.0,3763330,python,[JIT],0x0000eb309a49045c
248334.0,3763211,python,[JIT],0x0000e406ca35c1dc
248334.0,3763211,python,[JIT],0x0000e406ca5b8138
248334.0,3763211,python,[JIT],0x0000e406ca5b867c
248334.0,3763211,python,[JIT],0x0000e406ca68b070
248334.0,3763357,python,[JIT],0x0000e7781b22974c
248334.0,3763357,python,[JIT],0x0000e7781b22e8ec
248334.0,3763357,python,[JIT],0x0000e7781b22eb6c
248334.0,3763357,python,[JIT],0x0000e7781b2d33d0
248334.0,3763357,python,[JIT],0x0000e7781b2d3b90
248334.0,3763357,python,[JIT],0x0000e7781b2d67a4
248334.0,3763357,python,[JIT],0x0000e7781b2dc178
248334.0,3763357,python,[JIT],0x0000e7781b2dc204
248333.0,3763238,python,[JIT],0x0000f6dc2fede428
248333.0,3763421,python,[JIT],0x0000f70065c99144
248333.0,3763421,python,[JIT],0x0000f70065c99344
248333.0,3763421,python,[JIT],0x0000f70065d48610
248333.0,3763421,python,[JIT],0x0000f70065d4c0a8
248333.0,3763211,python,[JIT],0x0000e406ca5b6578
248333.0,3763238,python,[JIT],0x0000f6dc2fed8a64
248333.0,3763238,python,[JIT],0x0000f6dc2fede180
248333.0,3763238,python,[JIT],0x0000f6dc2ff85658
248333.0,3763238,python,[JIT],0x0000f6dc2ff86344
248333.0,3763190,python,[JIT],0x0000f1ba7f4673ec
248333.0,3763190,python,[JIT],0x0000f1ba7f513728
248333.0,3763330,python,[JIT],0x0000eb309a3bac34
248333.0,3763211,python,[JIT],0x0000e406ca5bd87c
248333.0,3763211,python,[JIT],0x0000e406ca5bdfd0
248333.0,3763211,python,[JIT],0x0000e406ca5be144
248333.0,3763211,python,[JIT],0x0000e406ca6621d0
248333.0,3763211,python,[JIT],0x0000e406ca68a258
248333.0,3763357,python,[JIT],0x0000e7781b22d4dc
248333.0,3763357,python,[JIT],0x0000e7781b2d1a28
248333.0,3763357,python,[JIT],0x0000e7781b2d1fbc
248333.0,3763357,python,[JIT],0x0000e7781b2d61b8
248333.0,3763357,python,[JIT],0x0000e7781b2d6fc0
248333.0,3763357,python,[JIT],0x0000e7781b2dc4a8
248333.0,3763357,python,[JIT],0x0000e7781b2dc73c
248332.0,3763421,python,python,object_get_class
248332.0,3763421,python,[JIT],0x0000f70065c9d41c
248332.0,3763421,python,[JIT],0x0000f70065d42544
248332.0,3763421,python,[JIT],0x0000f70065d74078
248332.0,3763421,python,[JIT],0x0000f70065d74268
248332.0,3763299,python,python,PyDictProxy_New
248332.0,3763421,python,[JIT],0x0000f70065d7507c
248332.0,3763238,python,[JIT],0x0000f6dc2feda034
248332.0,3763238,python,[JIT],0x0000f6dc2feda1b0
248332.0,3763238,python,[JIT],0x0000f6dc2ff88214
248332.0,3763190,python,[JIT],0x0000f1ba7f46e5e0
248332.0,3763330,python,[JIT],0x0000eb309a3ba658
248332.0,3763211,python,[JIT],0x0000e406ca5b48b4
248332.0,3763211,python,[JIT],0x0000e406ca5b493c
248332.0,3763211,python,[JIT],0x0000e406ca5b4d20
248332.0,3763211,python,[JIT],0x0000e406ca5bd144
248332.0,3763357,python,[JIT],0x0000e7781b2d32f8
248332.0,3763357,python,[JIT],0x0000e7781b2dd7f4
248332.0,3763357,python,[JIT],0x0000e7781b2e0144
248331.0,3763421,python,[JIT],0x0000f70065d410f4
248331.0,3763421,python,python,wrapper_call
248331.0,3763421,python,[JIT],0x0000f70065d489cc
248331.0,3763238,python,[JIT],0x0000f6dc2fed32ac
248331.0,3763238,python,[JIT],0x0000f6dc2fedac9c
248331.0,3763238,python,[JIT],0x0000f6dc2fede254
248331.0,3763190,python,[JIT],0x0000f1ba7f4690e0
248331.0,3763190,python,[JIT],0x0000f1ba7f46948c
248331.0,3763190,python,[JIT],0x0000f1ba7f469c34
248331.0,3763190,python,[JIT],0x0000f1ba7f46e45c
248331.0,3763190,python,[JIT],0x0000f1ba7f46e7fc
248331.0,3763190,python,[JIT],0x0000f1ba7f513534
248331.0,3763190,python,[JIT],0x0000f1ba7f51a248
248331.0,3763330,python,[JIT],0x0000eb309a3b35e0
248331.0,3763330,python,[JIT],0x0000eb309a490184
248331.0,3763211,python,[JIT],0x0000e406ca57f164
248331.0,3763211,python,[JIT],0x0000e406ca5bd268
248331.0,3763211,python,[JIT],0x0000e406ca5be368
248331.0,3763211,python,[JIT],0x0000e406ca6611a4
248331.0,3763357,python,[JIT],0x0000e7781b2e0158
248331.0,3763357,python,[JIT],0x0000e7781b2e0170
248331.0,3763357,python,[JIT],0x0000e7781b308004
248330.0,3763421,python,[JIT],0x0000f70065d48920
248330.0,3763421,python,[JIT],0x0000f70065d752ec
248330.0,3763211,python,python,_PyObject_LookupSpecialMethod
248330.0,3763211,python,[JIT],0x0000e406ca5b824c
248330.0,3763299,python,python,_PyEval_Vector
248330.0,3763421,python,[JIT],0x0000f70065d47668
248330.0,3763421,python,[JIT],0x0000f70065d48d48
248330.0,3763238,python,[JIT],0x0000f6dc2fed84ac
248330.0,3763238,python,[JIT],0x0000f6dc2fedb618
248330.0,3763238,python,[JIT],0x0000f6dc2ff85504
248330.0,3763238,python,[JIT],0x0000f6dc2ff85c88
248330.0,3763330,python,[JIT],0x0000eb309a3b6034
248330.0,3763330,python,[JIT],0x0000eb309a3bcc44
248330.0,3763330,python,[JIT],0x0000eb309a46543c
248330.0,3763330,python,[JIT],0x0000eb309a4658a0
248330.0,3763211,python,[JIT],0x0000e406ca5b8398
248330.0,3763211,python,[JIT],0x0000e406ca5b8800
248330.0,3763211,python,[JIT],0x0000e406ca5bd67c
248330.0,3763211,python,[JIT],0x0000e406ca5bdf10
248330.0,3763211,python,[JIT],0x0000e406ca66115c
248330.0,3763357,python,[JIT],0x0000e7781b2d3d88
248330.0,3763357,python,[JIT],0x0000e7781b2dc240
248330.0,3763357,python,[JIT],0x0000e7781b2dc338
248330.0,3763357,python,[JIT],0x0000e7781b2dcc80
248329.0,3763357,python,[kernel.kallsyms],_raw_spin_unlock_irqrestore
248329.0,3763357,python,[JIT],0x0000e7781b2dc0cc
248329.0,3763238,python,python,PySet_Contains
248329.0,3763238,python,python,PyTuple_FromArray
248329.0,3763421,python,[JIT],0x0000f70065d42634
248329.0,3763421,python,[JIT],0x0000f70065d741e8
248329.0,3763299,python,[JIT],0x0000f25744b39394
248329.0,3763421,python,python,mappingproxy_dealloc
248329.0,3763238,python,[JIT],0x0000f6dc2feda068
248329.0,3763238,python,[JIT],0x0000f6dc2feda584
248329.0,3763238,python,[JIT],0x0000f6dc2fede2e4
248329.0,3763238,python,[JIT],0x0000f6dc2fede448
248329.0,3763238,python,[JIT],0x0000f6dc2ff8408c
248329.0,3763330,python,python,bounded_lru_cache_wrapper
248329.0,3763190,python,[JIT],0x0000f1ba7f5134c4
248329.0,3763190,python,[JIT],0x0000f1ba7f5135a8
248329.0,3763190,python,[JIT],0x0000f1ba7f519220
248329.0,3763190,python,[JIT],0x0000f1ba7f51b124
248329.0,3763190,python,[JIT],0x0000f1ba7f5440e4
248329.0,3763211,python,[JIT],0x0000e406ca5b21a4
248329.0,3763211,python,[JIT],0x0000e406ca5bd704
248329.0,3763211,python,[JIT],0x0000e406ca68a10c
248329.0,3763211,python,[JIT],0x0000e406ca68a208
248329.0,3763357,python,[JIT],0x0000e7781b22e92c
248329.0,3763357,python,[JIT],0x0000e7781b2dcf9c
248329.0,3763357,python,[JIT],0x0000e7781b2e00f8
248328.0,3763421,python,[JIT],0x0000f70065c94008
248328.0,3763421,python,[JIT],0x0000f70065c99380
248328.0,3763421,python,[JIT],0x0000f70065d42860
248328.0,3763421,python,[JIT],0x0000f70065d48648
248328.0,3763211,python,python,type_dict
248328.0,3763211,python,[JIT],0x0000e406ca5bdc54
248328.0,3763299,python,python,get_exception_handler.isra.0
248328.0,3763421,python,[JIT],0x0000f70065d47334
248328.0,3763238,python,[JIT],0x0000f6dc2fedc094
248328.0,3763238,python,[JIT],0x0000f6dc2ff85ee4
248328.0,3763238,python,[JIT],0x0000f6dc2ffb109c
248328.0,3763238,python,[JIT],0x0000f6dc2ffb4124
248328.0,3763330,python,[JIT],0x0000eb309a491214
248328.0,3763190,python,[JIT],0x0000f1ba7f46eadc
248328.0,3763330,python,[JIT],0x0000eb309a3ba310
248328.0,3763330,python,[JIT],0x0000eb309a3be4dc
248328.0,3763330,python,[JIT],0x0000eb309a3be548
248328.0,3763330,python,[JIT],0x0000eb309a465ffc
248328.0,3763211,python,[JIT],0x0000e406ca5be2a8
248328.0,3763357,python,[JIT],0x0000e7781b2dc220
248327.0,3763421,python,python,_PyDict_Subscript
248327.0,3763421,python,[JIT],0x0000f70065c957d0
248327.0,3763421,python,[JIT],0x0000f70065d4113c
248327.0,3763421,python,[JIT],0x0000f70065d42440
248327.0,3763421,python,[JIT],0x0000f70065d480f8
248327.0,3763421,python,[JIT],0x0000f70065d4830c
248327.0,3763421,python,[JIT],0x0000f70065d49108
248327.0,3763421,python,[JIT],0x0000f70065d740d8
248327.0,3763238,python,[JIT],0x0000f6dc2fede3a8
248327.0,3763238,python,[JIT],0x0000f6dc2ff86408
248327.0,3763238,python,[JIT],0x0000f6dc2ff864c4
248327.0,3763238,python,[JIT],0x0000f6dc2ffb0998
248327.0,3763190,python,[JIT],0x0000f1ba7f4679b0
248327.0,3763330,python,[JIT],0x0000eb309a3ba8fc
248327.0,3763330,python,[JIT],0x0000eb309a3be304
248327.0,3763330,python,[JIT],0x0000eb309a491008
248327.0,3763211,python,[JIT],0x0000e406ca5b85b8
248327.0,3763211,python,[JIT],0x0000e406ca5bd2fc
248327.0,3763357,python,[JIT],0x0000e7781b22e144
248327.0,3763357,python,[JIT],0x0000e7781b2d1ba0
248327.0,3763357,python,[JIT],0x0000e7781b2d667c
248327.0,3763357,python,[JIT],0x0000e7781b2e02b8
248326.0,3763357,python,python,lru_cache_call
248326.0,3763421,python,[JIT],0x0000f70065c9d258
248326.0,3763421,python,[JIT],0x0000f70065d42170
248326.0,3763421,python,[JIT],0x0000f70065d42518
248326.0,3763421,python,[JIT],0x0000f70065d48918
248326.0,3763421,python,[JIT],0x0000f70065d48b4c
248326.0,3763421,python,[JIT],0x0000f70065d4913c
248326.0,3763238,python,[JIT],0x0000f6dc2ff84190
248326.0,3763238,python,[JIT],0x0000f6dc2ff85e8c
248326.0,3763238,python,[JIT],0x0000f6dc2ff86018
248326.0,3763330,python,python,_Py_CheckFunctionResult
248326.0,3763190,python,[JIT],0x0000f1ba7f46e3c8
248326.0,3763190,python,[JIT],0x0000f1ba7f46e564
248326.0,3763190,python,[JIT],0x0000f1ba7f46e6cc
248326.0,3763190,python,[JIT],0x0000f1ba7f51b274
248326.0,3763190,python,[JIT],0x0000f1ba7f54319c
248326.0,3763330,python,[JIT],0x0000eb309a3be690
248326.0,3763330,python,[JIT],0x0000eb309a4681e4
248326.0,3763211,python,[JIT],0x0000e406ca5bd008
248326.0,3763211,python,[JIT],0x0000e406ca68a7e8
248326.0,3763357,python,[JIT],0x0000e7781b22e350
248326.0,3763357,python,[JIT],0x0000e7781b2d6920
248326.0,3763357,python,[JIT],0x0000e7781b308268
248326.0,3763357,python,[JIT],0x0000e7781b3093b8
248325.0,3763357,python,[JIT],0x0000e7781b2db094
248325.0,3763238,python,python,_Py_BuildMap_StackRefSteal
248325.0,3763421,python,[JIT],0x0000f70065c944b0
248325.0,3763421,python,[JIT],0x0000f70065c99a7c
248325.0,3763238,python,[JIT],0x0000f6dc2fed7188
248325.0,3763238,python,[JIT],0x0000f6dc2feda434
248325.0,3763238,python,[JIT],0x0000f6dc2feda658
248325.0,3763238,python,[JIT],0x0000f6dc2fedab14
248325.0,3763238,python,[JIT],0x0000f6dc2ff85b30
248325.0,3763238,python,[JIT],0x0000f6dc2ff88274
248325.0,3763330,python,python,PyType_GenericAlloc
248325.0,3763330,python,[JIT],0x0000eb309a491128
248325.0,3763190,python,[JIT],0x0000f1ba7f46eba8
248325.0,3763330,python,[JIT],0x0000eb309a3b328c
248325.0,3763330,python,[JIT],0x0000eb309a3b71a4
248325.0,3763330,python,[JIT],0x0000eb309a3bc0a4
248325.0,3763211,python,[JIT],0x0000e406ca35c884
248325.0,3763211,python,[JIT],0x0000e406ca5bdde8
248325.0,3763211,python,[JIT],0x0000e406ca68b16c
248325.0,3763211,python,[JIT],0x0000e406ca68e01c
248325.0,3763357,python,[kernel.kallsyms],_raw_spin_lock
248325.0,3763357,python,[JIT],0x0000e7781b22eb4c
248325.0,3763357,python,[JIT],0x0000e7781b22ec2c
248325.0,3763357,python,[JIT],0x0000e7781b2dc0f0
248325.0,3763357,python,[JIT],0x0000e7781b2dc1dc
248324.0,3763421,python,[JIT],0x0000f70065d48764
248324.0,3763421,python,[JIT],0x0000f70065d48788
248324.0,3763421,python,[JIT],0x0000f70065d488f8
248324.0,3763421,python,[JIT],0x0000f70065d78124
248324.0,3763421,python,[JIT],0x0000f70065d74214
248324.0,3763238,python,[JIT],0x0000f6dc2feda59c
248324.0,3763238,python,[JIT],0x0000f6dc2ff84038
248324.0,3763238,python,[JIT],0x0000f6dc2ff85f44
248324.0,3763238,python,[JIT],0x0000f6dc2ff8631c
248324.0,3763330,python,[JIT],0x0000eb309a466564
248324.0,3763190,python,[JIT],0x0000f1ba7f4691dc
248324.0,3763190,python,[JIT],0x0000f1ba7f51a0cc
248324.0,3763330,python,[kernel.kallsyms],inet_twsk_bind_unhash
248324.0,3763211,python,[kernel.kallsyms],__find_get_block_slow
248324.0,3763211,python,[JIT],0x0000e406ca35c3d4
248324.0,3763211,python,[JIT],0x0000e406ca5b88fc
248324.0,3763211,python,[JIT],0x0000e406ca5bd61c
248324.0,3763211,python,[JIT],0x0000e406ca5bd804
248324.0,3763211,python,[JIT],0x0000e406ca68b180
248324.0,3763357,python,[JIT],0x0000e7781b22e328
248324.0,3763357,python,[JIT],0x0000e7781b22eaec
248324.0,3763357,python,[JIT],0x0000e7781b2dc784
248324.0,3763357,python,[JIT],0x0000e7781b2dcf14
248324.0,3763357,python,[JIT],0x0000e7781b309390
248323.0,3763421,python,[JIT],0x0000f70065c991dc
248323.0,3763421,python,[JIT],0x0000f70065d41580
248323.0,3763421,python,[JIT],0x0000f70065d75034
248323.0,3763238,python,[JIT],0x0000f6dc2ff85c58
248323.0,3763190,python,[JIT],0x0000f1ba7f46d09c
248323.0,3763190,python,[JIT],0x0000f1ba7f46e490
248323.0,3763190,python,[JIT],0x0000f1ba7f51a270
248323.0,3763330,python,[JIT],0x0000eb309a3ba674
248323.0,3763330,python,[JIT],0x0000eb309a3be498
248323.0,3763330,python,[JIT],0x0000eb309a4653ec
248323.0,3763330,python,[JIT],0x0000eb309a466198
248323.0,3763211,python,[JIT],0x0000e406ca5b4b8c
248323.0,3763211,python,[JIT],0x0000e406ca5b8580
248323.0,3763211,python,[JIT],0x0000e406ca5be4bc
248323.0,3763211,python,[JIT],0x0000e406ca68b0a4
248323.0,3763357,python,[JIT],0x0000e7781b2dc008
248323.0,3763357,python,[JIT],0x0000e7781b2dc390
248323.0,3763357,python,[JIT],0x0000e7781b2dc8b8
248323.0,3763357,python,[JIT],0x0000e7781b2dcad4
248323.0,3763357,python,[JIT],0x0000e7781b3080bc
248322.0,3763421,python,[JIT],0x0000f70065c9942c
248322.0,3763421,python,[JIT],0x0000f70065d42264
248322.0,3763421,python,[JIT],0x0000f70065d4227c
248322.0,3763421,python,[JIT],0x0000f70065d4908c
248322.0,3763421,python,[JIT],0x0000f70065d7502c
248322.0,3763211,python,[kernel.kallsyms],rmqueue
248322.0,3763211,python,python,tuple_hash
248322.0,3763211,python,python,wrapperdescr_call
248322.0,3763238,python,[JIT],0x0000f6dc2fed63b4
248322.0,3763238,python,[JIT],0x0000f6dc2feda500
248322.0,3763238,python,[JIT],0x0000f6dc2ff840a4
248322.0,3763238,python,[JIT],0x0000f6dc2ff85598
248322.0,3763238,python,[JIT],0x0000f6dc2ff86264
248322.0,3763238,python,[JIT],0x0000f6dc2ff8827c
248322.0,3763330,python,python,_Py_Specialize_ForIter
248322.0,3763190,python,[JIT],0x0000f1ba7f4678d8
248322.0,3763190,python,[JIT],0x0000f1ba7f469998
248322.0,3763330,python,[JIT],0x0000eb309a464120
248322.0,3763330,python,[JIT],0x0000eb309a465028
248322.0,3763330,python,[JIT],0x0000eb309a4901a0
248322.0,3763211,python,[JIT],0x0000e406ca5b86a0
248322.0,3763211,python,[JIT],0x0000e406ca68a000
248322.0,3763357,python,[JIT],0x0000e7781b2dd26c
248322.0,3763357,python,[JIT],0x0000e7781b308160
248321.0,3763421,python,[JIT],0x0000f70065d48310
248321.0,3763421,python,[JIT],0x0000f70065d48adc
248321.0,3763421,python,[JIT],0x0000f70065d49018
248321.0,3763421,python,[JIT],0x0000f70065d4c3a0
248321.0,3763421,python,[JIT],0x0000f70065d7528c
248321.0,3763238,python,[JIT],0x0000f6dc2ff84250
248321.0,3763238,python,[JIT],0x0000f6dc2ffb01a0
248321.0,3763330,python,[JIT],0x0000eb309a465e38
248321.0,3763190,python,[JIT],0x0000f1ba7f46e840
248321.0,3763190,python,[JIT],0x0000f1ba7f519210
248321.0,3763190,python,[JIT],0x0000f1ba7f51aafc
248321.0,3763190,python,[JIT],0x0000f1ba7f51b1a0
248321.0,3763330,python,[JIT],0x0000eb309a3bc120
248321.0,3763330,python,[JIT],0x0000eb309a490c80
248321.0,3763211,python,[JIT],0x0000e406ca5b44f0
248321.0,3763211,python,[JIT],0x0000e406ca5b6118
248321.0,3763211,python,[JIT],0x0000e406ca5b8654
248321.0,3763211,python,[JIT],0x0000e406ca5b8860
248321.0,3763211,python,[JIT],0x0000e406ca5bdcb8
248321.0,3763357,python,[JIT],0x0000e7781b22e740
248320.0,3763421,python,[JIT],0x0000f70065c99960
248320.0,3763421,python,[JIT],0x0000f70065c99be8
248320.0,3763421,python,[JIT],0x0000f70065c9b060
248320.0,3763421,python,[JIT],0x0000f70065d487e4
248320.0,3763211,python,[JIT],0x0000e406ca5bde14
248320.0,3763421,python,[JIT],0x0000f70065d75140
248320.0,3763238,python,[JIT],0x0000f6dc2fedaa60
248320.0,3763238,python,[JIT],0x0000f6dc2fedaab4
248320.0,3763238,python,[JIT],0x0000f6dc2fedab8c
248320.0,3763238,python,[JIT],0x0000f6dc2ff85188
248320.0,3763238,python,[JIT],0x0000f6dc2ffb07e8
248320.0,3763190,python,[JIT],0x0000f1ba7f4678e4
248320.0,3763330,python,[JIT],0x0000eb309a3ba438
248320.0,3763330,python,[JIT],0x0000eb309a3be098
248320.0,3763330,python,[JIT],0x0000eb309a3be4bc
248320.0,3763330,python,[JIT],0x0000eb309a4641cc
248320.0,3763330,python,[JIT],0x0000eb309a465c6c
248320.0,3763330,python,[JIT],0x0000eb309a4910b4
248320.0,3763211,python,[JIT],0x0000e406ca5bd384
248320.0,3763211,python,[JIT],0x0000e406ca5bdb5c
248320.0,3763357,python,[JIT],0x0000e7781b22e304
248320.0,3763357,python,[JIT],0x0000e7781b2dc97c
248319.0,3763238,python,[JIT],0x0000f6dc2ffb10a0
248319.0,3763421,python,[JIT],0x0000f70065d42290
248319.0,3763421,python,[JIT],0x0000f70065d424fc
248319.0,3763421,python,[JIT],0x0000f70065d481a4
248319.0,3763421,python,[JIT],0x0000f70065d48e34
248319.0,3763421,python,[JIT],0x0000f70065d48eac
248319.0,3763421,python,[JIT],0x0000f70065d75060
248319.0,3763299,python,[JIT],0x0000f25744b38004
248319.0,3763238,python,[JIT],0x0000f6dc2ff85100
248319.0,3763238,python,[JIT],0x0000f6dc2ff857f0
248319.0,3763190,python,[JIT],0x0000f1ba7f4697b8
248319.0,3763190,python,[JIT],0x0000f1ba7f46e290
248319.0,3763330,python,[JIT],0x0000eb309a3b313c
248319.0,3763330,python,[JIT],0x0000eb309a3be230
248319.0,3763211,python,[kernel.kallsyms],mas_start
248319.0,3763211,python,[JIT],0x0000e406ca57f0a0
248319.0,3763211,python,[JIT],0x0000e406ca5b41f4
248319.0,3763211,python,[JIT],0x0000e406ca5bd858
248319.0,3763211,python,[JIT],0x0000e406ca5bde74
248319.0,3763211,python,[JIT],0x0000e406ca5bdffc
248319.0,3763211,python,[JIT],0x0000e406ca68b084
248319.0,3763357,python,[JIT],0x0000e7781b2d6170
248319.0,3763357,python,[JIT],0x0000e7781b2dc8c4
248318.0,3763238,python,libc.so.6,__memset_zva64
248318.0,3763421,python,[JIT],0x0000f70065d4226c
248318.0,3763421,python,[JIT],0x0000f70065d48ca8
248318.0,3763421,python,[JIT],0x0000f70065d78010
248318.0,3763238,python,[JIT],0x0000f6dc2ff85b88
248318.0,3763190,python,[JIT],0x0000f1ba7f4691e4
248318.0,3763190,python,[JIT],0x0000f1ba7f46e7a8
248318.0,3763190,python,[JIT],0x0000f1ba7f51a8d0
248318.0,3763190,python,[JIT],0x0000f1ba7f51b094
248318.0,3763330,python,[JIT],0x0000eb309a465dc4
248318.0,3763211,python,[JIT],0x0000e406ca5b6030
248318.0,3763211,python,[JIT],0x0000e406ca5b83e0
248318.0,3763211,python,[JIT],0x0000e406ca5be4c8
248318.0,3763211,python,[JIT],0x0000e406ca68a358
248318.0,3763357,python,[JIT],0x0000e7781b22807c
248318.0,3763357,python,[JIT],0x0000e7781b22e608
248318.0,3763357,python,[JIT],0x0000e7781b2dcb4c
248318.0,3763357,python,[JIT],0x0000e7781b308148
248317.0,3763421,python,[JIT],0x0000f70065c9b530
248317.0,3763421,python,[JIT],0x0000f70065c9d3dc
248317.0,3763299,python,[JIT],0x0000f25744a8b9cc
248317.0,3763238,python,[JIT],0x0000f6dc2fede8f0
248317.0,3763238,python,[JIT],0x0000f6dc2ff85038
248317.0,3763238,python,[JIT],0x0000f6dc2ff85344
248317.0,3763330,python,[JIT],0x0000eb309a3b8a1c
248317.0,3763330,python,[JIT],0x0000eb309a3bac84
248317.0,3763211,python,[JIT],0x0000e406ca5b48b8
248317.0,3763211,python,[JIT],0x0000e406ca5b492c
248317.0,3763357,python,[JIT],0x0000e7781b2d1c74
248316.0,3763421,python,[JIT],0x0000f70065d482f0
248316.0,3763421,python,[JIT],0x0000f70065d74170
248316.0,3763421,python,[JIT],0x0000f70065d75170
248316.0,3763211,python,python,PyTuple_FromArray
248316.0,3763421,python,python,PyMapping_Check
248316.0,3763421,python,python,_PyErr_SetObject
248316.0,3763238,python,[JIT],0x0000f6dc2feda040
248316.0,3763238,python,[JIT],0x0000f6dc2feda444
248316.0,3763238,python,[JIT],0x0000f6dc2feda524
248316.0,3763238,python,[JIT],0x0000f6dc2ff85028
248316.0,3763238,python,[JIT],0x0000f6dc2ffb1364
248316.0,3763190,python,[JIT],0x0000f1ba7f46eae0
248316.0,3763190,python,[JIT],0x0000f1ba7f5133c0
248316.0,3763190,python,[JIT],0x0000f1ba7f513440
248316.0,3763330,python,[JIT],0x0000eb309a3be364
248316.0,3763211,python,[JIT],0x0000e406ca5be078
248316.0,3763357,python,[JIT],0x0000e7781b22d580
248316.0,3763357,python,[JIT],0x0000e7781b22e9a8
248315.0,3763357,python,[JIT],0x0000e7781b2dc140
248315.0,3763238,python,[JIT],0x0000f6dc2ffb0168
248315.0,3763421,python,[JIT],0x0000f70065c941f4
248315.0,3763421,python,[JIT],0x0000f70065c9944c
248315.0,3763421,python,[JIT],0x0000f70065d422c0
248315.0,3763421,python,[JIT],0x0000f70065d4710c
248315.0,3763421,python,[JIT],0x0000f70065d484f8
248315.0,3763421,python,[JIT],0x0000f70065d741c8
248315.0,3763238,python,[JIT],0x0000f6dc2fed33b8
248315.0,3763238,python,[JIT],0x0000f6dc2fede6c4
248315.0,3763238,python,[JIT],0x0000f6dc2ff85eec
248315.0,3763238,python,[JIT],0x0000f6dc2ffb121c
248315.0,3763190,python,[JIT],0x0000f1ba7f51b240
248315.0,3763190,python,[JIT],0x0000f1ba7f54341c
248315.0,3763330,python,[JIT],0x0000eb309a3bc590
248315.0,3763330,python,[JIT],0x0000eb309a3be688
248315.0,3763330,python,[JIT],0x0000eb309a465318
248315.0,3763330,python,[JIT],0x0000eb309a4655a4
248315.0,3763330,python,[JIT],0x0000eb309a466008
248315.0,3763330,python,[JIT],0x0000eb309a46604c
248315.0,3763330,python,[JIT],0x0000eb309a4663c4
248315.0,3763211,python,[JIT],0x0000e406ca5b2630
248315.0,3763211,python,[JIT],0x0000e406ca5bd39c
248315.0,3763211,python,[JIT],0x0000e406ca5be080
248315.0,3763357,python,[JIT],0x0000e7781b22e9b0
248314.0,3763421,python,[JIT],0x0000f70065c99520
248314.0,3763421,python,[JIT],0x0000f70065c9b4c0
248314.0,3763421,python,[JIT],0x0000f70065c9d0b4
248314.0,3763421,python,[JIT],0x0000f70065d4196c
248314.0,3763421,python,[JIT],0x0000f70065d491a4
248314.0,3763421,python,[JIT],0x0000f70065d7801c
248314.0,3763238,python,[JIT],0x0000f6dc2fede444
248314.0,3763238,python,[JIT],0x0000f6dc2fede5c8
248314.0,3763238,python,[JIT],0x0000f6dc2fede820
248314.0,3763238,python,[JIT],0x0000f6dc2ffb0088
248314.0,3763190,python,[JIT],0x0000f1ba7f519028
248314.0,3763330,python,[JIT],0x0000eb309a4681b8
248314.0,3763211,python,[JIT],0x0000e406ca5b8508
248314.0,3763211,python,[JIT],0x0000e406ca5b88ec
248314.0,3763357,python,[JIT],0x0000e7781b2d65e4
248314.0,3763357,python,[JIT],0x0000e7781b2dc0a0
248313.0,3763357,python,libc.so.6,strchr
248313.0,3763421,python,[JIT],0x0000f70065c9a608
248313.0,3763421,python,[JIT],0x0000f70065c9bd40
248313.0,3763421,python,[JIT],0x0000f70065c9d24c
248313.0,3763421,python,[JIT],0x0000f70065d422d0
248313.0,3763421,python,[JIT],0x0000f70065d425b8
248313.0,3763421,python,[JIT],0x0000f70065d74378
248313.0,3763421,python,[JIT],0x0000f70065d75278
248313.0,3763211,python,[JIT],0x0000e406ca5bde54
248313.0,3763421,python,[JIT],0x0000f70065d7517c
248313.0,3763238,python,[kernel.kallsyms],aa_file_perm
248313.0,3763238,python,[JIT],0x0000f6dc2ff841f4
248313.0,3763238,python,[JIT],0x0000f6dc2ff85648
248313.0,3763330,python,python,dict_dealloc
248313.0,3763190,python,[JIT],0x0000f1ba7f46e118
248313.0,3763190,python,[JIT],0x0000f1ba7f5137e0
248313.0,3763190,python,[JIT],0x0000f1ba7f51a314
248313.0,3763330,python,[JIT],0x0000eb309a3b3210
248313.0,3763330,python,[JIT],0x0000eb309a3ba700
248313.0,3763330,python,[JIT],0x0000eb309a3bccd4
248313.0,3763330,python,[JIT],0x0000eb309a3be38c
248313.0,3763330,python,[JIT],0x0000eb309a4640d8
248313.0,3763330,python,[JIT],0x0000eb309a465c9c
248313.0,3763330,python,[JIT],0x0000eb309a465e18
248313.0,3763211,python,[JIT],0x0000e406ca35c87c
248313.0,3763211,python,[JIT],0x0000e406ca5b60f8
248313.0,3763357,python,[JIT],0x0000e7781b22e844
248313.0,3763357,python,[JIT],0x0000e7781b2dc32c
248312.0,3763421,python,[JIT],0x0000f70065c94114
248312.0,3763421,python,[JIT],0x0000f70065c99630
248312.0,3763421,python,[JIT],0x0000f70065d42690
248312.0,3763421,python,[JIT],0x0000f70065d7540c
248312.0,3763238,python,[JIT],0x0000f6dc2fed7338
248312.0,3763238,python,[JIT],0x0000f6dc2fedabec
248312.0,3763238,python,[JIT],0x0000f6dc2ff84428
248312.0,3763238,python,[JIT],0x0000f6dc2ff8526c
248312.0,3763238,python,[JIT],0x0000f6dc2ff8628c
248312.0,3763238,python,[JIT],0x0000f6dc2ffb002c
248312.0,3763238,python,[JIT],0x0000f6dc2ffb06a0
248312.0,3763190,python,[JIT],0x0000f1ba7f46e370
248312.0,3763190,python,[JIT],0x0000f1ba7f46e788
248312.0,3763190,python,[JIT],0x0000f1ba7f5191c0
248312.0,3763190,python,[JIT],0x0000f1ba7f51a194
248312.0,3763330,python,[JIT],0x0000eb309a3bc8c4
248312.0,3763330,python,[JIT],0x0000eb309a3be60c
248312.0,3763330,python,[JIT],0x0000eb309a3be7d8
248312.0,3763330,python,[JIT],0x0000eb309a3be878
248312.0,3763211,python,[JIT],0x0000e406ca5b6240
248312.0,3763211,python,[JIT],0x0000e406ca5bd198
248312.0,3763211,python,[JIT],0x0000e406ca5bd760
248312.0,3763211,python,[JIT],0x0000e406ca5bdca8
248312.0,3763211,python,[JIT],0x0000e406ca68a0f0
248312.0,3763357,python,[JIT],0x0000e7781b22e1fc
248311.0,3763238,python,python,dict_dealloc
248311.0,3763238,python,[JIT],0x0000f6dc2ffb0248
248311.0,3763421,python,[JIT],0x0000f70065c99c58
248311.0,3763421,python,[JIT],0x0000f70065c9b3dc
248311.0,3763421,python,[JIT],0x0000f70065d48504
248311.0,3763421,python,[JIT],0x0000f70065d75074
248311.0,3763421,python,[JIT],0x0000f70065d75228
248311.0,3763299,python,python,PyList_AsTuple
248311.0,3763238,python,[JIT],0x0000f6dc2fed86b0
248311.0,3763238,python,[JIT],0x0000f6dc2ffb06c0
248311.0,3763190,python,[JIT],0x0000f1ba7f4696f4
248311.0,3763190,python,[JIT],0x0000f1ba7f513080
248311.0,3763330,python,[JIT],0x0000eb309a3b945c
248311.0,3763330,python,[JIT],0x0000eb309a465c04
248311.0,3763211,python,[JIT],0x0000e406ca5b4150
248311.0,3763211,python,[JIT],0x0000e406ca5bde64
248311.0,3763357,python,[JIT],0x0000e7781b2d6080
248311.0,3763357,python,[JIT],0x0000e7781b2d63d0
248311.0,3763357,python,[JIT],0x0000e7781b2dcdb0
248311.0,3763357,python,[JIT],0x0000e7781b30909c
248310.0,3763421,python,[JIT],0x0000f70065d4256c
248310.0,3763421,python,[JIT],0x0000f70065d48570
248310.0,3763421,python,[JIT],0x0000f70065d486a0
248310.0,3763211,python,python,builtin_getattr
248310.0,3763211,python,[JIT],0x0000e406ca5bd134
248310.0,3763299,python,python,_PyCallMethodDescriptorFast_StackRef
248310.0,3763299,python,python,_PyFrame_New_NoTrack
248310.0,3763421,python,python,PyObject_IsInstance
248310.0,3763238,python,[JIT],0x0000f6dc2ff84098
248310.0,3763238,python,[JIT],0x0000f6dc2ff856f4
248310.0,3763238,python,[JIT],0x0000f6dc2ff85870
248310.0,3763238,python,[JIT],0x0000f6dc2ff883a8
248310.0,3763190,python,[kernel.kallsyms],__perf_addr_filters_adjust
248310.0,3763190,python,[JIT],0x0000f1ba7f51ab20
248310.0,3763190,python,[JIT],0x0000f1ba7f544374
248310.0,3763330,python,[JIT],0x0000eb309a3ba10c
248310.0,3763330,python,[JIT],0x0000eb309a3ba5d4
248310.0,3763330,python,[JIT],0x0000eb309a3be338
248310.0,3763330,python,[JIT],0x0000eb309a4901b4
248310.0,3763330,python,[JIT],0x0000eb309a491060
248310.0,3763211,python,[JIT],0x0000e406ca5bd4d8
248310.0,3763211,python,[JIT],0x0000e406ca5bd98c
248310.0,3763211,python,[JIT],0x0000e406ca5bdc4c
248310.0,3763357,python,[JIT],0x0000e7781b2dc6a4
248310.0,3763357,python,[JIT],0x0000e7781b30815c
248309.0,3763421,python,[JIT],0x0000f70065c990f8
248309.0,3763421,python,[JIT],0x0000f70065c9b0ec
248309.0,3763421,python,[JIT],0x0000f70065d49204
248309.0,3763211,python,[JIT],0x0000e406ca5b8f6c
248309.0,3763299,python,[JIT],0x0000f25744b6423c
248309.0,3763421,python,[JIT],0x0000f70065d752cc
248309.0,3763238,python,[JIT],0x0000f6dc2fed328c
248309.0,3763238,python,[JIT],0x0000f6dc2fedc090
248309.0,3763238,python,[JIT],0x0000f6dc2fede370
248309.0,3763238,python,[JIT],0x0000f6dc2fede5dc
248309.0,3763238,python,[JIT],0x0000f6dc2ff84220
248309.0,3763238,python,[JIT],0x0000f6dc2ffb118c
248309.0,3763190,python,[JIT],0x0000f1ba7f469204
248309.0,3763190,python,[JIT],0x0000f1ba7f46d044
248309.0,3763190,python,[JIT],0x0000f1ba7f46e9e4
248309.0,3763190,python,[JIT],0x0000f1ba7f51a13c
248309.0,3763330,python,[JIT],0x0000eb309a3ba93c
248309.0,3763330,python,[JIT],0x0000eb309a4658c4
248309.0,3763330,python,[JIT],0x0000eb309a465ee0
248309.0,3763211,python,[JIT],0x0000e406ca5b102c
248309.0,3763211,python,[JIT],0x0000e406ca5b4aa0
248309.0,3763211,python,[JIT],0x0000e406ca5b6190
248309.0,3763211,python,[JIT],0x0000e406ca5bdf14
248309.0,3763357,python,[JIT],0x0000e7781b22e908
248309.0,3763357,python,[JIT],0x0000e7781b2d102c
248309.0,3763357,python,[JIT],0x0000e7781b2dce58
248309.0,3763357,python,[JIT],0x0000e7781b30820c
248308.0,3763421,python,[JIT],0x0000f70065c997d8
248308.0,3763421,python,[JIT],0x0000f70065c999c0
248308.0,3763421,python,[JIT],0x0000f70065d414a4
248308.0,3763421,python,[JIT],0x0000f70065d421ec
248308.0,3763421,python,[JIT],0x0000f70065d4c08c
248308.0,3763238,python,[JIT],0x0000f6dc2ff851ec
248308.0,3763238,python,[JIT],0x0000f6dc2ff85678
248308.0,3763330,python,python,subtype_dict
248308.0,3763190,python,[JIT],0x0000f1ba7f469304
248308.0,3763190,python,[JIT],0x0000f1ba7f4695d8
248308.0,3763190,python,[JIT],0x0000f1ba7f46e4e0
248308.0,3763190,python,[JIT],0x0000f1ba7f51b17c
248308.0,3763330,python,[JIT],0x0000eb309a466348
248308.0,3763330,python,[JIT],0x0000eb309a4680e8
248308.0,3763330,python,[JIT],0x0000eb309a4901a8
248308.0,3763211,python,[JIT],0x0000e406ca35c6d4
248308.0,3763211,python,[JIT],0x0000e406ca5b45c8
248308.0,3763211,python,[JIT],0x0000e406ca66205c
248308.0,3763357,python,[JIT],0x0000e7781b2d1ce0
248308.0,3763357,python,[JIT],0x0000e7781b2dc224
248308.0,3763357,python,[JIT],0x0000e7781b308140
248307.0,3763238,python,[JIT],0x0000f6dc2ff8403c
248307.0,3763421,python,[JIT],0x0000f70065c94068
248307.0,3763421,python,[JIT],0x0000f70065c9959c
248307.0,3763421,python,[JIT],0x0000f70065c9b004
248307.0,3763421,python,[JIT],0x0000f70065d422a0
248307.0,3763238,python,[JIT],0x0000f6dc2fede368
248307.0,3763238,python,[JIT],0x0000f6dc2ff8530c
248307.0,3763238,python,[JIT],0x0000f6dc2ffb05bc
248307.0,3763190,python,[JIT],0x0000f1ba7f462244
248307.0,3763330,python,[JIT],0x0000eb309a3ba0fc
248307.0,3763211,python,[JIT],0x0000e406ca5b6130
248307.0,3763211,python,[JIT],0x0000e406ca68b22c
248307.0,3763357,python,[JIT],0x0000e7781b2e03a0
248307.0,3763357,python,[JIT],0x0000e7781b308114
248307.0,3763357,python,[JIT],0x0000e7781b30945c
248306.0,3763357,python,python,_Py_Specialize_GetIter
248306.0,3763421,python,[JIT],0x0000f70065c95b64
248306.0,3763421,python,[JIT],0x0000f70065c99068
248306.0,3763421,python,[JIT],0x0000f70065c9ba8c
248306.0,3763421,python,[JIT],0x0000f70065c9d198
248306.0,3763421,python,[JIT],0x0000f70065d42610
248306.0,3763421,python,[JIT],0x0000f70065d48248
248306.0,3763421,python,[JIT],0x0000f70065d48804
248306.0,3763421,python,[JIT],0x0000f70065d48e9c
248306.0,3763421,python,[JIT],0x0000f70065d4c1d4
248306.0,3763421,python,[JIT],0x0000f70065d74130
248306.0,3763421,python,[JIT],0x0000f70065d74210
248306.0,3763211,python,python,_PyObject_GenericGetAttrWithDict
248306.0,3763421,python,[JIT],0x0000f70065d4862c
248306.0,3763238,python,[JIT],0x0000f6dc2fed85e0
248306.0,3763238,python,[JIT],0x0000f6dc2feda048
248306.0,3763238,python,[JIT],0x0000f6dc2fedcfb0
248306.0,3763238,python,[JIT],0x0000f6dc2ff85b6c
248306.0,3763238,python,[JIT],0x0000f6dc2ff88084
248306.0,3763190,python,[JIT],0x0000f1ba7f46e680
248306.0,3763190,python,[JIT],0x0000f1ba7f519228
248306.0,3763190,python,[JIT],0x0000f1ba7f51a1f4
248306.0,3763330,python,[JIT],0x0000eb309a3b3494
248306.0,3763330,python,[JIT],0x0000eb309a3ba118
248306.0,3763330,python,[JIT],0x0000eb309a3bac3c
248306.0,3763330,python,[JIT],0x0000eb309a3be2a0
248306.0,3763330,python,[JIT],0x0000eb309a3be404
248306.0,3763330,python,[JIT],0x0000eb309a3be5d4
248306.0,3763330,python,[JIT],0x0000eb309a465e58
248306.0,3763330,python,[JIT],0x0000eb309a468144
248306.0,3763211,python,[JIT],0x0000e406ca5b4604
248306.0,3763211,python,[JIT],0x0000e406ca5b60d4
248306.0,3763211,python,[JIT],0x0000e406ca5bd9c8
248306.0,3763211,python,[JIT],0x0000e406ca68a908
248306.0,3763357,python,[JIT],0x0000e7781b22e3e8
248306.0,3763357,python,[JIT],0x0000e7781b2db2c8
248306.0,3763357,python,[JIT],0x0000e7781b2dc7ac
248306.0,3763357,python,[JIT],0x0000e7781b2dccf0
248306.0,3763357,python,[JIT],0x0000e7781b2dd21c
248305.0,3763421,python,[JIT],0x0000f70065d4824c
248305.0,3763421,python,[JIT],0x0000f70065d48598
248305.0,3763421,python,[JIT],0x0000f70065d48e44
248305.0,3763421,python,[JIT],0x0000f70065d4915c
248305.0,3763421,python,[JIT],0x0000f70065d4c0d8
248305.0,3763211,python,[kernel.kallsyms],__perf_addr_filters_adjust
248305.0,3763421,python,python,PySequence_Tuple
248305.0,3763238,python,[JIT],0x0000f6dc2fede128
248305.0,3763238,python,[JIT],0x0000f6dc2fede494
248305.0,3763238,python,[JIT],0x0000f6dc2fede5ec
248305.0,3763238,python,[JIT],0x0000f6dc2ff84168
248305.0,3763238,python,[JIT],0x0000f6dc2ff84174
248305.0,3763238,python,[JIT],0x0000f6dc2ff856e4
248305.0,3763238,python,[JIT],0x0000f6dc2ff85e24
248305.0,3763238,python,[JIT],0x0000f6dc2ff85edc
248305.0,3763238,python,[JIT],0x0000f6dc2ff86498
248305.0,3763190,python,[JIT],0x0000f1ba7f5137a8
248305.0,3763330,python,[JIT],0x0000eb309a3b6328
248305.0,3763330,python,[JIT],0x0000eb309a3ba314
248305.0,3763330,python,[JIT],0x0000eb309a3be550
248305.0,3763211,python,[JIT],0x0000e406ca5b8690
248305.0,3763357,python,[JIT],0x0000e7781b2d1fa8
248305.0,3763357,python,[JIT],0x0000e7781b2dcdf0
248305.0,3763357,python,[JIT],0x0000e7781b3080f8
248304.0,3763421,python,[JIT],0x0000f70065c99698
248304.0,3763421,python,[JIT],0x0000f70065c9bfb0
248304.0,3763421,python,[JIT],0x0000f70065d74100
248304.0,3763421,python,[JIT],0x0000f70065d751e0
248304.0,3763211,python,[JIT],0x0000e406ca662278
248304.0,3763238,python,[JIT],0x0000f6dc2fed634c
248304.0,3763238,python,[JIT],0x0000f6dc2feda3dc
248304.0,3763238,python,[JIT],0x0000f6dc2fedc2d0
248304.0,3763238,python,[JIT],0x0000f6dc2ff85c00
248304.0,3763238,python,[JIT],0x0000f6dc2ff85c9c
248304.0,3763238,python,[JIT],0x0000f6dc2ff85ea4
248304.0,3763238,python,[JIT],0x0000f6dc2ffb090c
248304.0,3763330,python,[JIT],0x0000eb309a4660dc
248304.0,3763190,python,[JIT],0x0000f1ba7f513548
248304.0,3763190,python,[JIT],0x0000f1ba7f547084
248304.0,3763330,python,[JIT],0x0000eb309a3b71a8
248304.0,3763330,python,[JIT],0x0000eb309a3be838
248304.0,3763330,python,[JIT],0x0000eb309a466284
248304.0,3763330,python,[JIT],0x0000eb309a490994
248304.0,3763211,python,[JIT],0x0000e406ca5b444c
248304.0,3763211,python,[JIT],0x0000e406ca5b49c0
248304.0,3763211,python,[JIT],0x0000e406ca5b6250
248304.0,3763211,python,[JIT],0x0000e406ca5b84e4
248304.0,3763211,python,[JIT],0x0000e406ca5b88c4
248304.0,3763211,python,[JIT],0x0000e406ca5bdc10
248304.0,3763211,python,[JIT],0x0000e406ca5bdc88
248304.0,3763211,python,[JIT],0x0000e406ca68a038
248304.0,3763357,python,[JIT],0x0000e7781b2d2820
248304.0,3763357,python,[JIT],0x0000e7781b2d64c4
248303.0,3763238,python,[JIT],0x0000f6dc2fede450
248303.0,3763421,python,[JIT],0x0000f70065c99a6c
248303.0,3763421,python,[JIT],0x0000f70065d744c4
248303.0,3763211,python,python,list_dealloc
248303.0,3763299,python,python,PyObject_IsSubclass
248303.0,3763238,python,python,mappingproxy_contains
248303.0,3763238,python,[JIT],0x0000f6dc2fed3454
248303.0,3763238,python,[JIT],0x0000f6dc2fed60cc
248303.0,3763238,python,[JIT],0x0000f6dc2fede8c0
248303.0,3763238,python,[JIT],0x0000f6dc2ff858b8
248303.0,3763238,python,[JIT],0x0000f6dc2ff8611c
248303.0,3763190,python,[JIT],0x0000f1ba7f46d1f4
248303.0,3763190,python,[JIT],0x0000f1ba7f513120
248303.0,3763190,python,[JIT],0x0000f1ba7f543900
248303.0,3763330,python,[JIT],0x0000eb309a3b33a8
248303.0,3763330,python,[JIT],0x0000eb309a3ba150
248303.0,3763330,python,[JIT],0x0000eb309a3ba3c0
248303.0,3763330,python,[JIT],0x0000eb309a3baa8c
248303.0,3763330,python,[JIT],0x0000eb309a465518
248303.0,3763330,python,[JIT],0x0000eb309a465550
248303.0,3763330,python,[JIT],0x0000eb309a490308
248303.0,3763211,python,[JIT],0x0000e406ca5b414c
248303.0,3763211,python,[JIT],0x0000e406ca5b448c
248303.0,3763211,python,[JIT],0x0000e406ca5b6050
248303.0,3763211,python,[JIT],0x0000e406ca5bdc00
248303.0,3763211,python,[JIT],0x0000e406ca68a0b8
248303.0,3763357,python,[JIT],0x0000e7781b2d4190
248303.0,3763357,python,[JIT],0x0000e7781b2d620c
248303.0,3763357,python,[JIT],0x0000e7781b2dc8a4
248303.0,3763357,python,[JIT],0x0000e7781b2e005c
248303.0,3763357,python,[JIT],0x0000e7781b309008
248302.0,3763238,python,[JIT],0x0000f6dc2ff85df0
248302.0,3763421,python,[JIT],0x0000f70065d4215c
248302.0,3763421,python,[JIT],0x0000f70065d48c88
248302.0,3763211,python,[JIT],0x0000e406ca68a208
248302.0,3763421,python,python,type_get_mro
248302.0,3763238,python,python,object_get_class
248302.0,3763238,python,[JIT],0x0000f6dc2feda43c
248302.0,3763238,python,[JIT],0x0000f6dc2fede744
248302.0,3763238,python,[JIT],0x0000f6dc2ff85530
248302.0,3763238,python,[JIT],0x0000f6dc2ff85e44
248302.0,3763238,python,[JIT],0x0000f6dc2ff86438
248302.0,3763330,python,[JIT],0x0000eb309a465efc
248302.0,3763190,python,[JIT],0x0000f1ba7f469798
248302.0,3763190,python,[JIT],0x0000f1ba7f46efbc
248302.0,3763190,python,[JIT],0x0000f1ba7f543250
248302.0,3763190,python,[JIT],0x0000f1ba7f544090
248302.0,3763330,python,[JIT],0x0000eb309a3ba354
248302.0,3763330,python,[JIT],0x0000eb309a4657f0
248302.0,3763330,python,[JIT],0x0000eb309a468154
248302.0,3763211,python,[JIT],0x0000e406ca5bd610
248302.0,3763357,python,[JIT],0x0000e7781b22e9bc
248301.0,3763357,python,python,PyType_GenericAlloc
248301.0,3763421,python,[JIT],0x0000f70065c94360
248301.0,3763421,python,[JIT],0x0000f70065c99108
248301.0,3763421,python,[JIT],0x0000f70065c9938c
248301.0,3763421,python,[JIT],0x0000f70065c997cc
248301.0,3763421,python,[JIT],0x0000f70065d423d0
248301.0,3763421,python,[JIT],0x0000f70065d42478
248301.0,3763421,python,[JIT],0x0000f70065d485b4
248301.0,3763421,python,[JIT],0x0000f70065d497f8
248301.0,3763421,python,[JIT],0x0000f70065d4b300
248301.0,3763421,python,[JIT],0x0000f70065d4c240
248301.0,3763421,python,python,_PyForIter_VirtualIteratorNext
248301.0,3763238,python,[JIT],0x0000f6dc2ff85dc4
248301.0,3763190,python,[JIT],0x0000f1ba7f51a1dc
248301.0,3763330,python,[JIT],0x0000eb309a3bc030
248301.0,3763330,python,[JIT],0x0000eb309a3be54c
248301.0,3763330,python,[JIT],0x0000eb309a3be80c
248301.0,3763330,python,[JIT],0x0000eb309a464080
248301.0,3763330,python,[JIT],0x0000eb309a4660e8
248301.0,3763330,python,[JIT],0x0000eb309a468268
248301.0,3763211,python,[JIT],0x0000e406ca5b23b8
248301.0,3763211,python,[JIT],0x0000e406ca5b28c4
248301.0,3763211,python,[JIT],0x0000e406ca5be378
248301.0,3763211,python,[JIT],0x0000e406ca5bf2c4
248301.0,3763211,python,[JIT],0x0000e406ca68b178
248301.0,3763357,python,[JIT],0x0000e7781b2d65c8
248301.0,3763357,python,[JIT],0x0000e7781b2d6640
248301.0,3763357,python,[JIT],0x0000e7781b309304
248300.0,3763421,python,[JIT],0x0000f70065c9d294
248300.0,3763421,python,[JIT],0x0000f70065d48c24
248300.0,3763421,python,[JIT],0x0000f70065d491a4
248300.0,3763211,python,python,mappingproxy_contains
248300.0,3763238,python,[JIT],0x0000f6dc2fed7140
248300.0,3763238,python,[JIT],0x0000f6dc2fedabdc
248300.0,3763238,python,[JIT],0x0000f6dc2fede5d4
248300.0,3763238,python,[JIT],0x0000f6dc2ff85428
248300.0,3763238,python,[JIT],0x0000f6dc2ff85724
248300.0,3763238,python,[JIT],0x0000f6dc2ff857c0
248300.0,3763238,python,[JIT],0x0000f6dc2ffb01d0
248300.0,3763238,python,[JIT],0x0000f6dc2ffb022c
248300.0,3763190,python,[JIT],0x0000f1ba7f46767c
248300.0,3763190,python,[JIT],0x0000f1ba7f46ee98
248300.0,3763190,python,[JIT],0x0000f1ba7f544194
248300.0,3763330,python,[JIT],0x0000eb309a3be3ac
248300.0,3763330,python,[JIT],0x0000eb309a3be490
248300.0,3763330,python,[JIT],0x0000eb309a465544
248300.0,3763330,python,[JIT],0x0000eb309a465968
248300.0,3763330,python,[JIT],0x0000eb309a468078
248300.0,3763211,python,[JIT],0x0000e406ca57f1b0
248300.0,3763211,python,[JIT],0x0000e406ca5b21c0
248300.0,3763211,python,[JIT],0x0000e406ca5bd9e0
248300.0,3763211,python,[JIT],0x0000e406ca661068
248300.0,3763357,python,[JIT],0x0000e7781b229b88
248300.0,3763357,python,[JIT],0x0000e7781b22e874
248300.0,3763357,python,[JIT],0x0000e7781b2dcd80
248299.0,3763421,python,[JIT],0x0000f70065c94880
248299.0,3763421,python,[JIT],0x0000f70065d48bbc
248299.0,3763421,python,[JIT],0x0000f70065d48c70
248299.0,3763299,python,python,emit__TIER2_RESUME_CHECK_r00
248299.0,3763238,python,[JIT],0x0000f6dc2fed7300
248299.0,3763330,python,[JIT],0x0000eb309a468154
248299.0,3763190,python,[JIT],0x0000f1ba7f46ee48
248299.0,3763190,python,[JIT],0x0000f1ba7f5437ac
248299.0,3763330,python,[JIT],0x0000eb309a4640d4
248299.0,3763330,python,[JIT],0x0000eb309a465158
248299.0,3763330,python,[JIT],0x0000eb309a465ca8
248299.0,3763330,python,[JIT],0x0000eb309a4664a8
248299.0,3763330,python,[JIT],0x0000eb309a4910a8
248299.0,3763211,python,[JIT],0x0000e406ca5bd358
248299.0,3763211,python,[JIT],0x0000e406ca5bd8b8
248299.0,3763211,python,[JIT],0x0000e406ca5bd9ec
248298.0,3763238,python,[JIT],0x0000f6dc2ff88114
248298.0,3763421,python,[JIT],0x0000f70065c9506c
248298.0,3763421,python,[JIT],0x0000f70065c95630
248298.0,3763421,python,[JIT],0x0000f70065c9d180
248298.0,3763421,python,[JIT],0x0000f70065d48338
248298.0,3763211,python,python,PyObject_GenericGetAttr
248298.0,3763211,python,[JIT],0x0000e406ca68b284
248298.0,3763238,python,[JIT],0x0000f6dc2fed7358
248298.0,3763238,python,[JIT],0x0000f6dc2feda148
248298.0,3763238,python,[JIT],0x0000f6dc2ff8601c
248298.0,3763238,python,[JIT],0x0000f6dc2ffb0754
248298.0,3763238,python,[JIT],0x0000f6dc2ffb137c
248298.0,3763330,python,[JIT],0x0000eb309a465d78
248298.0,3763330,python,[JIT],0x0000eb309a466044
248298.0,3763330,python,[JIT],0x0000eb309a49137c
248298.0,3763190,python,[JIT],0x0000f1ba7f46e200
248298.0,3763190,python,[JIT],0x0000f1ba7f46e678
248298.0,3763190,python,[JIT],0x0000f1ba7f46e6a0
248298.0,3763190,python,[JIT],0x0000f1ba7f51b114
248298.0,3763330,python,[JIT],0x0000eb309a3bcd64
248298.0,3763330,python,[JIT],0x0000eb309a3bcfac
248298.0,3763330,python,[JIT],0x0000eb309a46503c
248298.0,3763330,python,[JIT],0x0000eb309a4661e8
248298.0,3763211,python,[JIT],0x0000e406ca5b4960
248298.0,3763211,python,[JIT],0x0000e406ca5bd3dc
248298.0,3763211,python,[JIT],0x0000e406ca5bd990
248298.0,3763211,python,[JIT],0x0000e406ca5bde10
248298.0,3763357,python,[JIT],0x0000e7781b2d1088
248298.0,3763357,python,[JIT],0x0000e7781b30807c
248297.0,3763238,python,python,PyErr_SetRaisedException
248297.0,3763238,python,[JIT],0x0000f6dc2ff85634
248297.0,3763421,python,[JIT],0x0000f70065c9d068
248297.0,3763421,python,[JIT],0x0000f70065d42058
248297.0,3763421,python,[JIT],0x0000f70065d485fc
248297.0,3763238,python,[JIT],0x0000f6dc2fed807c
248297.0,3763238,python,[JIT],0x0000f6dc2feda6ec
248297.0,3763238,python,[JIT],0x0000f6dc2ff840dc
248297.0,3763238,python,[JIT],0x0000f6dc2ff852b8
248297.0,3763190,python,[JIT],0x0000f1ba7f46e73c
248297.0,3763190,python,[JIT],0x0000f1ba7f547020
248297.0,3763330,python,[JIT],0x0000eb309a3bc10c
248297.0,3763330,python,[JIT],0x0000eb309a3be8b0
248297.0,3763330,python,[JIT],0x0000eb309a4653e0
248297.0,3763330,python,[JIT],0x0000eb309a465634
248297.0,3763330,python,[JIT],0x0000eb309a494084
248297.0,3763211,python,[JIT],0x0000e406ca35c330
248297.0,3763211,python,[JIT],0x0000e406ca5b443c
248297.0,3763211,python,[JIT],0x0000e406ca5bdc04
248297.0,3763211,python,[JIT],0x0000e406ca5bdcc8
248297.0,3763211,python,[JIT],0x0000e406ca68a604
248297.0,3763211,python,[JIT],0x0000e406ca68b0f8
248297.0,3763211,python,[JIT],0x0000e406ca68b1a8
248297.0,3763357,python,[JIT],0x0000e7781b22e748
248297.0,3763357,python,[JIT],0x0000e7781b2d1170
248297.0,3763357,python,[JIT],0x0000e7781b2d31cc
248297.0,3763357,python,[JIT],0x0000e7781b3080cc
248296.0,3763357,python,[JIT],0x0000e7781b2d6224
248296.0,3763238,python,python,wrapper_call
248296.0,3763421,python,[JIT],0x0000f70065d48768
248296.0,3763421,python,[JIT],0x0000f70065d48e24
248296.0,3763421,python,[JIT],0x0000f70065d48e7c
248296.0,3763421,python,[JIT],0x0000f70065d4c27c
248296.0,3763421,python,[JIT],0x0000f70065d75300
248296.0,3763299,python,[JIT],0x0000f25744b32908
248296.0,3763421,python,[JIT],0x0000f70065d49134
248296.0,3763238,python,[JIT],0x0000f6dc2fede460
248296.0,3763238,python,[JIT],0x0000f6dc2fedef6c
248296.0,3763238,python,[JIT],0x0000f6dc2ffb06d0
248296.0,3763238,python,[JIT],0x0000f6dc2ffb1110
248296.0,3763190,python,[JIT],0x0000f1ba7f4697e4
248296.0,3763190,python,[JIT],0x0000f1ba7f46e674
248296.0,3763190,python,[JIT],0x0000f1ba7f46e970
248296.0,3763190,python,[JIT],0x0000f1ba7f51a224
248296.0,3763330,python,[JIT],0x0000eb309a3b84cc
248296.0,3763330,python,[JIT],0x0000eb309a3be820
248296.0,3763330,python,[JIT],0x0000eb309a4903cc
248296.0,3763211,python,[JIT],0x0000e406ca5b41dc
248296.0,3763211,python,[JIT],0x0000e406ca5be1b8
248296.0,3763357,python,[JIT],0x0000e7781b309278
248295.0,3763238,python,[JIT],0x0000f6dc2fede48c
248295.0,3763238,python,[JIT],0x0000f6dc2ff86460
248295.0,3763238,python,[JIT],0x0000f6dc2ffb0254
248295.0,3763238,python,[JIT],0x0000f6dc2ffb127c
248295.0,3763190,python,[JIT],0x0000f1ba7f467bd4
248295.0,3763190,python,[JIT],0x0000f1ba7f46e4b0
248295.0,3763190,python,[JIT],0x0000f1ba7f51b084
248295.0,3763330,python,[JIT],0x0000eb309a4656f0
248295.0,3763330,python,[JIT],0x0000eb309a465a58
248295.0,3763330,python,[JIT],0x0000eb309a46601c
248295.0,3763211,python,[JIT],0x0000e406ca5b8540
248295.0,3763211,python,[JIT],0x0000e406ca68a16c
248294.0,3763238,python,python,_PyObject_Realloc
248294.0,3763238,python,libc.so.6,malloc
248294.0,3763421,python,python,_PyList_FromStackRefStealOnSuccess
248294.0,3763421,python,[JIT],0x0000f70065c942fc
248294.0,3763421,python,[JIT],0x0000f70065c9d468
248294.0,3763421,python,[JIT],0x0000f70065d421a0
248294.0,3763421,python,[JIT],0x0000f70065d480d0
248294.0,3763421,python,[JIT],0x0000f70065d48afc
248294.0,3763421,python,[JIT],0x0000f70065d49180
248294.0,3763421,python,[JIT],0x0000f70065d740a8
248294.0,3763238,python,[JIT],0x0000f6dc2fedc61c
248294.0,3763330,python,[kernel.kallsyms],__perf_addr_filters_adjust
248294.0,3763330,python,python,list_dealloc
248294.0,3763190,python,[JIT],0x0000f1ba7f46e17c
248294.0,3763190,python,[JIT],0x0000f1ba7f46e7bc
248294.0,3763190,python,[JIT],0x0000f1ba7f46ef28
248294.0,3763190,python,[JIT],0x0000f1ba7f5134dc
248294.0,3763330,python,[JIT],0x0000eb309a3ba4e0
248294.0,3763211,python,[JIT],0x0000e406ca35c358
248294.0,3763211,python,[JIT],0x0000e406ca5b4080
248294.0,3763211,python,[JIT],0x0000e406ca5b8550
248294.0,3763211,python,[JIT],0x0000e406ca5bdee8
248294.0,3763211,python,[JIT],0x0000e406ca68b108
248294.0,3763357,python,[JIT],0x0000e7781b2d1d40
248294.0,3763357,python,[JIT],0x0000e7781b2d3304
248293.0,3763421,python,[JIT],0x0000f70065c9d0b8
248293.0,3763421,python,[JIT],0x0000f70065c9d350
248293.0,3763211,python,[JIT],0x0000e406ca5b81b8
248293.0,3763211,python,[JIT],0x0000e406ca5be404
248293.0,3763238,python,[JIT],0x0000f6dc2fedcae0
248293.0,3763238,python,[JIT],0x0000f6dc2ff86364
248293.0,3763238,python,[JIT],0x0000f6dc2ff86574
248293.0,3763190,python,[JIT],0x0000f1ba7f469374
248293.0,3763190,python,[JIT],0x0000f1ba7f469868
248293.0,3763190,python,[JIT],0x0000f1ba7f4699b8
248293.0,3763190,python,[JIT],0x0000f1ba7f513504
248293.0,3763211,python,[JIT],0x0000e406ca5bd848
248293.0,3763211,python,[JIT],0x0000e406ca5be32c
248293.0,3763211,python,[JIT],0x0000e406ca68a684
248293.0,3763357,python,[JIT],0x0000e7781b2d6900
248293.0,3763357,python,[JIT],0x0000e7781b309290
248292.0,3763357,python,python,_PyFrame_New_NoTrack
248292.0,3763421,python,[JIT],0x0000f70065d4c1e4
248292.0,3763421,python,[JIT],0x0000f70065d751b8
248292.0,3763299,python,[JIT],0x0000f25744b38130
248292.0,3763299,python,[JIT],0x0000f25744b38550
248292.0,3763421,python,[JIT],0x0000f70065d481f4
248292.0,3763238,python,[JIT],0x0000f6dc2feda008
248292.0,3763238,python,[JIT],0x0000f6dc2feda99c
248292.0,3763238,python,[JIT],0x0000f6dc2fede1a4
248292.0,3763238,python,[JIT],0x0000f6dc2fedef60
248292.0,3763238,python,[JIT],0x0000f6dc2ff854d4
248292.0,3763238,python,[JIT],0x0000f6dc2ff85644
248292.0,3763238,python,[JIT],0x0000f6dc2ffb107c
248292.0,3763238,python,[JIT],0x0000f6dc2ffb10a0
248292.0,3763190,python,[JIT],0x0000f1ba7f469144
248292.0,3763190,python,[JIT],0x0000f1ba7f46b878
248292.0,3763190,python,[JIT],0x0000f1ba7f5190ec
248292.0,3763190,python,[JIT],0x0000f1ba7f51b0b8
248292.0,3763330,python,[JIT],0x0000eb309a3ba374
248292.0,3763330,python,[JIT],0x0000eb309a465384
248292.0,3763211,python,[JIT],0x0000e406ca5b4434
248292.0,3763211,python,[JIT],0x0000e406ca5b8280
248292.0,3763357,python,[JIT],0x0000e7781b228218
248292.0,3763357,python,[JIT],0x0000e7781b2d6298
248292.0,3763357,python,[JIT],0x0000e7781b2d6890
248292.0,3763357,python,[JIT],0x0000e7781b308098
248292.0,3763357,python,[JIT],0x0000e7781b3090b8
248291.0,3763238,python,python,get_exception_handler.isra.0
248291.0,3763421,python,[JIT],0x0000f70065c9dbec
248291.0,3763421,python,[JIT],0x0000f70065d75190
248291.0,3763238,python,[JIT],0x0000f6dc2ff85260
248291.0,3763238,python,[JIT],0x0000f6dc2ff85420
248291.0,3763330,python,[JIT],0x0000eb309a465164
248291.0,3763330,python,[JIT],0x0000eb309a468280
248291.0,3763190,python,[JIT],0x0000f1ba7f4621fc
248291.0,3763190,python,[JIT],0x0000f1ba7f46e26c
248291.0,3763190,python,[JIT],0x0000f1ba7f46e388
248291.0,3763190,python,[JIT],0x0000f1ba7f46e818
248291.0,3763330,python,[JIT],0x0000eb309a4640e4
248291.0,3763330,python,[JIT],0x0000eb309a465328
248291.0,3763330,python,[JIT],0x0000eb309a466000
248291.0,3763330,python,[JIT],0x0000eb309a490cb4
248291.0,3763211,python,[JIT],0x0000e406ca5b4bb8
248291.0,3763211,python,[JIT],0x0000e406ca68a194
248291.0,3763357,python,[JIT],0x0000e7781b22d1d0
248291.0,3763357,python,[JIT],0x0000e7781b2d65b8
248291.0,3763357,python,[JIT],0x0000e7781b2dcbc4
248291.0,3763357,python,[JIT],0x0000e7781b2dce00
248290.0,3763238,python,[JIT],0x0000f6dc2ffb02bc
248290.0,3763421,python,[JIT],0x0000f70065d42618
248290.0,3763421,python,[JIT],0x0000f70065d4897c
248290.0,3763421,python,[JIT],0x0000f70065d489b4
248290.0,3763421,python,[JIT],0x0000f70065d48d8c
248290.0,3763238,python,[JIT],0x0000f6dc2fedc1b4
248290.0,3763238,python,[JIT],0x0000f6dc2fedc1f4
248290.0,3763238,python,[JIT],0x0000f6dc2fede084
248290.0,3763238,python,[JIT],0x0000f6dc2fede534
248290.0,3763190,python,[JIT],0x0000f1ba7f46b1b4
248290.0,3763190,python,[JIT],0x0000f1ba7f51329c
248290.0,3763330,python,[JIT],0x0000eb309a3b7038
248290.0,3763330,python,[JIT],0x0000eb309a3bab60
248290.0,3763330,python,[JIT],0x0000eb309a4658a8
248290.0,3763330,python,[JIT],0x0000eb309a490240
248290.0,3763211,python,[JIT],0x0000e406ca5b81c0
248290.0,3763211,python,[JIT],0x0000e406ca5bda24
248290.0,3763211,python,[JIT],0x0000e406ca5bdf40
248290.0,3763211,python,[JIT],0x0000e406ca68b038
248290.0,3763357,python,[JIT],0x0000e7781b22e9c0
248290.0,3763357,python,[JIT],0x0000e7781b2dc658
248289.0,3763421,python,[JIT],0x0000f70065c9971c
248289.0,3763421,python,[JIT],0x0000f70065d490cc
248289.0,3763421,python,[JIT],0x0000f70065d4c26c
248289.0,3763421,python,libc.so.6,strchr
248289.0,3763238,python,[JIT],0x0000f6dc2fede3d0
248289.0,3763238,python,[JIT],0x0000f6dc2ff85c24
248289.0,3763330,python,python,AttributeError_dealloc
248289.0,3763190,python,[JIT],0x0000f1ba7f46e2b0
248289.0,3763190,python,[JIT],0x0000f1ba7f5135a0
248289.0,3763190,python,[JIT],0x0000f1ba7f51a1a0
248289.0,3763330,python,[JIT],0x0000eb309a3ba4bc
248289.0,3763211,python,[JIT],0x0000e406ca5b65b4
248289.0,3763211,python,[JIT],0x0000e406ca68a238
248289.0,3763357,python,[JIT],0x0000e7781b228658
248288.0,3763238,python,[JIT],0x0000f6dc2ff840b4
248288.0,3763238,python,[JIT],0x0000f6dc2ff86088
248288.0,3763421,python,[JIT],0x0000f70065c94250
248288.0,3763421,python,[JIT],0x0000f70065c9b43c
248288.0,3763421,python,[JIT],0x0000f70065c9d140
248288.0,3763421,python,[JIT],0x0000f70065c9d7ac
248288.0,3763421,python,[JIT],0x0000f70065d42474
248288.0,3763421,python,[JIT],0x0000f70065d48f58
248288.0,3763421,python,[JIT],0x0000f70065d4c090
248288.0,3763299,python,[JIT],0x0000f25744b38cc8
248288.0,3763330,python,python,wrapper_call
248288.0,3763190,python,[JIT],0x0000f1ba7f46b1a0
248288.0,3763190,python,[JIT],0x0000f1ba7f46eeac
248288.0,3763190,python,[JIT],0x0000f1ba7f544064
248288.0,3763190,python,[JIT],0x0000f1ba7f5444c8
248288.0,3763330,python,[JIT],0x0000eb309a3b3368
248288.0,3763330,python,[JIT],0x0000eb309a3bc034
248288.0,3763330,python,[JIT],0x0000eb309a3bc244
248288.0,3763211,python,[JIT],0x0000e406ca5b8428
248288.0,3763211,python,[JIT],0x0000e406ca5b862c
248288.0,3763211,python,[JIT],0x0000e406ca68b078
248288.0,3763357,python,[JIT],0x0000e7781b2d3934
248288.0,3763357,python,[JIT],0x0000e7781b2dd1b0
248288.0,3763357,python,[JIT],0x0000e7781b309114
248287.0,3763421,python,[JIT],0x0000f70065d75148
248287.0,3763238,python,[JIT],0x0000f6dc2feda2dc
248287.0,3763238,python,[JIT],0x0000f6dc2ff861fc
248287.0,3763190,python,[JIT],0x0000f1ba7f462004
248287.0,3763190,python,[JIT],0x0000f1ba7f46927c
248287.0,3763190,python,[JIT],0x0000f1ba7f469b70
248287.0,3763330,python,[JIT],0x0000eb309a3b7188
248287.0,3763330,python,[JIT],0x0000eb309a4654b4
248287.0,3763330,python,[JIT],0x0000eb309a465b20
248287.0,3763330,python,[JIT],0x0000eb309a465b5c
248287.0,3763330,python,[JIT],0x0000eb309a465e40
248287.0,3763330,python,[JIT],0x0000eb309a46631c
248287.0,3763330,python,[JIT],0x0000eb309a4680a8
248287.0,3763330,python,[JIT],0x0000eb309a490770
248287.0,3763211,python,[JIT],0x0000e406ca5b6040
248287.0,3763211,python,[JIT],0x0000e406ca5bd028
248287.0,3763357,python,[JIT],0x0000e7781b22d628
248287.0,3763357,python,[JIT],0x0000e7781b2d450c
248287.0,3763357,python,[JIT],0x0000e7781b3090f0
248286.0,3763357,python,[JIT],0x0000e7781b2dcdd4
248286.0,3763357,python,[JIT],0x0000e7781b2df09c
248286.0,3763421,python,[JIT],0x0000f70065d4247c
248286.0,3763421,python,[JIT],0x0000f70065d4803c
248286.0,3763421,python,[JIT],0x0000f70065d4829c
248286.0,3763211,python,python,weakref_richcompare
248286.0,3763238,python,python,PyObject_GetItem
248286.0,3763238,python,[JIT],0x0000f6dc2fed36d4
248286.0,3763190,python,[JIT],0x0000f1ba7f466290
248286.0,3763190,python,[JIT],0x0000f1ba7f513268
248286.0,3763190,python,[JIT],0x0000f1ba7f51a098
248286.0,3763330,python,[JIT],0x0000eb309a3b3134
248286.0,3763330,python,[JIT],0x0000eb309a3be8e4
248286.0,3763330,python,[JIT],0x0000eb309a4656d0
248286.0,3763330,python,[JIT],0x0000eb309a465880
248286.0,3763330,python,[JIT],0x0000eb309a465ac0
248286.0,3763211,python,[JIT],0x0000e406ca5b4878
248286.0,3763211,python,[JIT],0x0000e406ca5b4c80
248286.0,3763211,python,[JIT],0x0000e406ca5b6008
248286.0,3763211,python,[JIT],0x0000e406ca5bd324
248286.0,3763357,python,[JIT],0x0000e7781b22e380
248286.0,3763357,python,[JIT],0x0000e7781b22e564
248286.0,3763357,python,[JIT],0x0000e7781b2d3488
248286.0,3763357,python,[JIT],0x0000e7781b2dc858
248285.0,3763238,python,[JIT],0x0000f6dc2ff85c94
248285.0,3763421,python,[JIT],0x0000f70065c9b930
248285.0,3763421,python,[JIT],0x0000f70065c9ba9c
248285.0,3763421,python,[JIT],0x0000f70065d4296c
248285.0,3763421,python,[JIT],0x0000f70065d48d54
248285.0,3763211,python,python,BaseException_new
248285.0,3763211,python,[JIT],0x0000e406ca5bdccc
248285.0,3763238,python,[JIT],0x0000f6dc2feda564
248285.0,3763238,python,[JIT],0x0000f6dc2fede2c8
248285.0,3763238,python,[JIT],0x0000f6dc2ff85404
248285.0,3763238,python,[JIT],0x0000f6dc2ff858ec
248285.0,3763190,python,[JIT],0x0000f1ba7f54403c
248285.0,3763330,python,[JIT],0x0000eb309a3ba14c
248285.0,3763330,python,[JIT],0x0000eb309a465c64
248285.0,3763330,python,[JIT],0x0000eb309a466120
248285.0,3763211,python,[JIT],0x0000e406ca5be614
248285.0,3763357,python,[JIT],0x0000e7781b228198
248285.0,3763357,python,[JIT],0x0000e7781b2dc9f8
248285.0,3763357,python,[JIT],0x0000e7781b3081bc
248284.0,3763238,python,python,new_dict.constprop.0
248284.0,3763421,python,[JIT],0x0000f70065c9d3ec
248284.0,3763421,python,[JIT],0x0000f70065d423b4
248284.0,3763421,python,[JIT],0x0000f70065d484f4
248284.0,3763211,python,python,_PyEval_CheckExceptTypeValid
248284.0,3763238,python,[JIT],0x0000f6dc2fedc3b0
248284.0,3763238,python,[JIT],0x0000f6dc2ff8639c
248284.0,3763238,python,[JIT],0x0000f6dc2ff88154
248284.0,3763330,python,[JIT],0x0000eb309a3bccd0
248284.0,3763330,python,[JIT],0x0000eb309a3be224
248284.0,3763330,python,[JIT],0x0000eb309a4664bc
248284.0,3763211,python,[JIT],0x0000e406ca5b4d28
248284.0,3763211,python,[JIT],0x0000e406ca5bd4e4
248284.0,3763211,python,[JIT],0x0000e406ca5bde8c
248284.0,3763357,python,[JIT],0x0000e7781b2d57cc
248284.0,3763357,python,[JIT],0x0000e7781b2dc518
248283.0,3763421,python,[JIT],0x0000f70065c9b124
248283.0,3763299,python,python,wrap_binaryfunc
248283.0,3763238,python,[JIT],0x0000f6dc2fedaa50
248283.0,3763238,python,[JIT],0x0000f6dc2ff862f8
248283.0,3763190,python,[JIT],0x0000f1ba7f466194
248283.0,3763190,python,[JIT],0x0000f1ba7f46e414
248283.0,3763330,python,[JIT],0x0000eb309a3bc2f4
248283.0,3763330,python,[JIT],0x0000eb309a3be5fc
248283.0,3763330,python,[JIT],0x0000eb309a3be86c
248283.0,3763211,python,[JIT],0x0000e406ca35c04c
248283.0,3763211,python,[JIT],0x0000e406ca5b8008
248283.0,3763211,python,[JIT],0x0000e406ca5bf268
248283.0,3763357,python,[JIT],0x0000e7781b22f608
248283.0,3763357,python,[JIT],0x0000e7781b2d11b4
248282.0,3763421,python,[JIT],0x0000f70065c9b9dc
248282.0,3763421,python,[JIT],0x0000f70065d48430
248282.0,3763421,python,[JIT],0x0000f70065d48c9c
248282.0,3763421,python,[JIT],0x0000f70065d48efc
248282.0,3763211,python,[JIT],0x0000e406ca68a00c
248282.0,3763299,python,python,PySet_Contains
248282.0,3763299,python,[JIT],0x0000f25744a8b1c4
248282.0,3763238,python,[JIT],0x0000f6dc2fed3270
248282.0,3763238,python,[JIT],0x0000f6dc2ff85830
248282.0,3763238,python,[JIT],0x0000f6dc2ff8604c
248282.0,3763330,python,python,PyObject_Free
248282.0,3763190,python,[JIT],0x0000f1ba7f469ac8
248282.0,3763190,python,[JIT],0x0000f1ba7f513084
248282.0,3763190,python,[JIT],0x0000f1ba7f513830
248282.0,3763190,python,[JIT],0x0000f1ba7f544060
248282.0,3763330,python,[JIT],0x0000eb309a465164
248282.0,3763330,python,[JIT],0x0000eb309a490380
248282.0,3763330,python,[JIT],0x0000eb309a4905c0
248282.0,3763211,python,[JIT],0x0000e406ca5b42c4
248282.0,3763357,python,[JIT],0x0000e7781b2dc258
248282.0,3763357,python,[JIT],0x0000e7781b2dc8d0
248282.0,3763357,python,[JIT],0x0000e7781b2dccc8
248282.0,3763357,python,[JIT],0x0000e7781b2dcde4
248282.0,3763357,python,[JIT],0x0000e7781b2e0218
248281.0,3763421,python,[JIT],0x0000f70065c983dc
248281.0,3763421,python,[JIT],0x0000f70065c9d784
248281.0,3763421,python,[JIT],0x0000f70065d42334
248281.0,3763421,python,[JIT],0x0000f70065d424f4
248281.0,3763421,python,[JIT],0x0000f70065d491a8
248281.0,3763421,python,[JIT],0x0000f70065d75080
248281.0,3763238,python,[JIT],0x0000f6dc2ff8646c
248281.0,3763190,python,[JIT],0x0000f1ba7f46b578
248281.0,3763330,python,[JIT],0x0000eb309a4681f0
248281.0,3763330,python,[JIT],0x0000eb309a490034
248281.0,3763211,python,[JIT],0x0000e406ca35c128
248281.0,3763211,python,[JIT],0x0000e406ca5bd53c
248281.0,3763357,python,[JIT],0x0000e7781b22e6e4
248280.0,3763357,python,python,PyException_SetTraceback
248280.0,3763238,python,python,setiter_iternext
248280.0,3763238,python,[JIT],0x0000f6dc2fed815c
248280.0,3763238,python,[JIT],0x0000f6dc2fedad1c
248280.0,3763238,python,[JIT],0x0000f6dc2fede398
248280.0,3763238,python,[JIT],0x0000f6dc2fedef64
248280.0,3763238,python,[JIT],0x0000f6dc2ffb11b0
248280.0,3763190,python,[JIT],0x0000f1ba7f469974
248280.0,3763330,python,[JIT],0x0000eb309a3b3074
248280.0,3763330,python,[JIT],0x0000eb309a465140
248280.0,3763330,python,[JIT],0x0000eb309a465dec
248280.0,3763330,python,[JIT],0x0000eb309a468108
248280.0,3763211,python,[JIT],0x0000e406ca5bd8a4
248280.0,3763211,python,[JIT],0x0000e406ca5bde48
248280.0,3763211,python,[JIT],0x0000e406ca68b18c
248280.0,3763357,python,[JIT],0x0000e7781b2d6588
248280.0,3763357,python,[JIT],0x0000e7781b2d68d8
248280.0,3763357,python,[JIT],0x0000e7781b2dd000
248280.0,3763357,python,[JIT],0x0000e7781b3081fc
248279.0,3763421,python,[JIT],0x0000f70065c9bb08
248279.0,3763421,python,[JIT],0x0000f70065d4271c
248279.0,3763211,python,[JIT],0x0000e406ca5be1dc
248279.0,3763238,python,[JIT],0x0000f6dc2fede778
248279.0,3763238,python,[JIT],0x0000f6dc2ffb0188
248279.0,3763330,python,[JIT],0x0000eb309a49121c
248279.0,3763190,python,[JIT],0x0000f1ba7f469154
248279.0,3763190,python,[JIT],0x0000f1ba7f519038
248279.0,3763330,python,[JIT],0x0000eb309a3b3598
248279.0,3763330,python,[JIT],0x0000eb309a3bab28
248279.0,3763330,python,[JIT],0x0000eb309a468088
248279.0,3763211,python,[JIT],0x0000e406ca5b4814
248279.0,3763357,python,[JIT],0x0000e7781b2d33e8
248279.0,3763357,python,[JIT],0x0000e7781b2dc228
248278.0,3763357,python,python,_Py_CheckFunctionResult
248278.0,3763238,python,[JIT],0x0000f6dc2ff840ac
248278.0,3763421,python,[JIT],0x0000f70065c9a60c
248278.0,3763421,python,[JIT],0x0000f70065d42090
248278.0,3763421,python,[JIT],0x0000f70065d4224c
248278.0,3763421,python,[JIT],0x0000f70065d48038
248278.0,3763421,python,[JIT],0x0000f70065d48050
248278.0,3763299,python,python,new_dict.constprop.0
248278.0,3763238,python,[JIT],0x0000f6dc2feda4e0
248278.0,3763238,python,[JIT],0x0000f6dc2ff850d8
248278.0,3763238,python,[JIT],0x0000f6dc2ffb0084
248278.0,3763190,python,[JIT],0x0000f1ba7f4650c4
248278.0,3763190,python,[JIT],0x0000f1ba7f46925c
248278.0,3763211,python,[JIT],0x0000e406ca5bde78
248278.0,3763211,python,[JIT],0x0000e406ca5be20c
248278.0,3763357,python,[JIT],0x0000e7781b22e5b4
248278.0,3763357,python,[JIT],0x0000e7781b2d6264
248278.0,3763357,python,[JIT],0x0000e7781b2d6528
248278.0,3763357,python,[JIT],0x0000e7781b3092f4
248278.0,3763357,python,[JIT],0x0000e7781b3093e8
248277.0,3763357,python,python,PyDict_Contains
248277.0,3763357,python,[JIT],0x0000e7781b2df0cc
248277.0,3763421,python,[JIT],0x0000f70065c94260
248277.0,3763421,python,[JIT],0x0000f70065d4c124
248277.0,3763211,python,python,tuple_contains
248277.0,3763421,python,python,tb_dealloc
248277.0,3763421,python,[JIT],0x0000f70065d4c118
248277.0,3763238,python,[JIT],0x0000f6dc2feda758
248277.0,3763330,python,python,PyErr_GivenExceptionMatches
248277.0,3763190,python,[JIT],0x0000f1ba7f46ebf8
248277.0,3763190,python,[JIT],0x0000f1ba7f513400
248277.0,3763330,python,[JIT],0x0000eb309a465804
248277.0,3763330,python,[JIT],0x0000eb309a465e68
248277.0,3763211,python,[JIT],0x0000e406ca5b4284
248277.0,3763211,python,[JIT],0x0000e406ca5be088
248277.0,3763211,python,[JIT],0x0000e406ca68b230
248277.0,3763357,python,[JIT],0x0000e7781b22e650
248277.0,3763357,python,[JIT],0x0000e7781b2d1e64
248277.0,3763357,python,[JIT],0x0000e7781b2d6280
248277.0,3763357,python,[JIT],0x0000e7781b2de2e8
248276.0,3763357,python,python,_PyList_AppendTakeRefListResize
248276.0,3763421,python,[JIT],0x0000f70065d42374
248276.0,3763211,python,python,_PyFunction_Vectorcall
248276.0,3763238,python,[JIT],0x0000f6dc2ff85620
248276.0,3763238,python,[JIT],0x0000f6dc2ff85a78
248276.0,3763238,python,[JIT],0x0000f6dc2ffb0100
248276.0,3763190,python,[JIT],0x0000f1ba7f46efd4
248276.0,3763190,python,[JIT],0x0000f1ba7f51a0c4
248276.0,3763330,python,[JIT],0x0000eb309a3b3118
248276.0,3763330,python,[JIT],0x0000eb309a4911b0
248276.0,3763211,python,[JIT],0x0000e406ca35c1e4
248276.0,3763211,python,[JIT],0x0000e406ca5b8004
248276.0,3763211,python,[JIT],0x0000e406ca5bd8bc
248276.0,3763211,python,[JIT],0x0000e406ca68b1e8
248276.0,3763357,python,[JIT],0x0000e7781b22824c
248276.0,3763357,python,[JIT],0x0000e7781b2d1004
248276.0,3763357,python,[JIT],0x0000e7781b2d1ba4
248275.0,3763238,python,[JIT],0x0000f6dc2ffb1088
248275.0,3763421,python,[JIT],0x0000f70065c9d58c
248275.0,3763421,python,[JIT],0x0000f70065d42114
248275.0,3763421,python,[JIT],0x0000f70065d42878
248275.0,3763421,python,[JIT],0x0000f70065d752bc
248275.0,3763421,python,[JIT],0x0000f70065d753d4
248275.0,3763421,python,[JIT],0x0000f70065d75778
248275.0,3763211,python,[JIT],0x0000e406ca68b194
248275.0,3763238,python,[JIT],0x0000f6dc2fede2b4
248275.0,3763238,python,[JIT],0x0000f6dc2fede910
248275.0,3763238,python,[JIT],0x0000f6dc2ff854b4
248275.0,3763238,python,[JIT],0x0000f6dc2ff86104
248275.0,3763190,python,[JIT],0x0000f1ba7f46e538
248275.0,3763190,python,[JIT],0x0000f1ba7f54402c
248275.0,3763330,python,[JIT],0x0000eb309a3b83c0
248275.0,3763330,python,[JIT],0x0000eb309a46806c
248275.0,3763211,python,[JIT],0x0000e406ca5b4700
248275.0,3763211,python,[JIT],0x0000e406ca5b69dc
248275.0,3763357,python,[JIT],0x0000e7781b22e894
248275.0,3763357,python,[JIT],0x0000e7781b22e960
248275.0,3763357,python,[JIT],0x0000e7781b2dc314
248275.0,3763357,python,[JIT],0x0000e7781b2dcd3c
248274.0,3763357,python,python,PyObject_GC_Track
248274.0,3763421,python,[JIT],0x0000f70065c94420
248274.0,3763421,python,[JIT],0x0000f70065d741b8
248274.0,3763211,python,[JIT],0x0000e406ca5b8588
248274.0,3763299,python,[JIT],0x0000f25744b3862c
248274.0,3763238,python,[JIT],0x0000f6dc2ff84208
248274.0,3763190,python,[JIT],0x0000f1ba7f4690f0
248274.0,3763190,python,[JIT],0x0000f1ba7f547108
248274.0,3763330,python,python,PyObject_GetItem
248274.0,3763330,python,[JIT],0x0000eb309a465794
248274.0,3763330,python,[JIT],0x0000eb309a490038
248274.0,3763211,python,[JIT],0x0000e406ca5b4278
248274.0,3763211,python,[JIT],0x0000e406ca5b617c
248274.0,3763211,python,[JIT],0x0000e406ca5bd2b0
248274.0,3763211,python,[JIT],0x0000e406ca68a190
248274.0,3763357,python,[JIT],0x0000e7781b3092b8
248273.0,3763421,python,[JIT],0x0000f70065c950b4
248273.0,3763421,python,[JIT],0x0000f70065c9e2fc
248273.0,3763421,python,[JIT],0x0000f70065d4214c
248273.0,3763421,python,[JIT],0x0000f70065d425a0
248273.0,3763421,python,[JIT],0x0000f70065d488d0
248273.0,3763238,python,[JIT],0x0000f6dc2ff86280
248273.0,3763238,python,[JIT],0x0000f6dc2ffb11f8
248273.0,3763190,python,[JIT],0x0000f1ba7f4671d0
248273.0,3763190,python,[JIT],0x0000f1ba7f469808
248273.0,3763190,python,[JIT],0x0000f1ba7f513334
248273.0,3763330,python,[JIT],0x0000eb309a465c98
248273.0,3763330,python,[JIT],0x0000eb309a466294
248273.0,3763211,python,[JIT],0x0000e406ca5bd550
248273.0,3763211,python,[JIT],0x0000e406ca68b10c
248273.0,3763211,python,[JIT],0x0000e406ca68b1f0
248273.0,3763357,python,python,_PyOptimizer_Optimize
248273.0,3763357,python,[JIT],0x0000e7781b2dc9e8
248273.0,3763357,python,[JIT],0x0000e7781b2dcfc8
248272.0,3763357,python,python,PySequence_Tuple
248272.0,3763421,python,[JIT],0x0000f70065d48ca0
248272.0,3763421,python,[JIT],0x0000f70065d74084
248272.0,3763421,python,[JIT],0x0000f70065d4206c
248272.0,3763238,python,[JIT],0x0000f6dc2fed3870
248272.0,3763238,python,[JIT],0x0000f6dc2ff85308
248272.0,3763238,python,[JIT],0x0000f6dc2ff85430
248272.0,3763238,python,[JIT],0x0000f6dc2ff86538
248272.0,3763238,python,[JIT],0x0000f6dc2ffb0770
248272.0,3763238,python,[JIT],0x0000f6dc2ffb1160
248272.0,3763190,python,[JIT],0x0000f1ba7f46e5b8
248272.0,3763190,python,[JIT],0x0000f1ba7f46ea28
248272.0,3763330,python,[JIT],0x0000eb309a3ba1a0
248272.0,3763330,python,[JIT],0x0000eb309a3bacc8
248272.0,3763330,python,[JIT],0x0000eb309a3bc6c4
248272.0,3763211,python,[JIT],0x0000e406ca5b23e0
248272.0,3763211,python,[JIT],0x0000e406ca5bf2b8
248272.0,3763211,python,[JIT],0x0000e406ca6610b8
248272.0,3763357,python,[JIT],0x0000e7781b2d3250
248272.0,3763357,python,[JIT],0x0000e7781b2dc2f8
248272.0,3763357,python,[JIT],0x0000e7781b308244
248272.0,3763357,python,[JIT],0x0000e7781b309550
248271.0,3763238,python,[JIT],0x0000f6dc2ff8826c
248271.0,3763421,python,[JIT],0x0000f70065c94000
248271.0,3763421,python,[JIT],0x0000f70065c9bdac
248271.0,3763421,python,[JIT],0x0000f70065d4c064
248271.0,3763421,python,[JIT],0x0000f70065d78110
248271.0,3763211,python,python,setiter_dealloc
248271.0,3763421,python,[JIT],0x0000f70065d75070
248271.0,3763238,python,[JIT],0x0000f6dc2ff84058
248271.0,3763238,python,[JIT],0x0000f6dc2ff861e0
248271.0,3763238,python,[JIT],0x0000f6dc2ff881f0
248271.0,3763190,python,[JIT],0x0000f1ba7f469318
248271.0,3763190,python,[JIT],0x0000f1ba7f46b7d0
248271.0,3763190,python,[JIT],0x0000f1ba7f51a638
248271.0,3763190,python,[JIT],0x0000f1ba7f5435d4
248271.0,3763330,python,[JIT],0x0000eb309a3bc574
248271.0,3763330,python,[JIT],0x0000eb309a464158
248271.0,3763330,python,[JIT],0x0000eb309a4661cc
248271.0,3763330,python,[JIT],0x0000eb309a4911ac
248271.0,3763330,python,[JIT],0x0000eb309a4911d8
248271.0,3763211,python,python,PyList_AsTuple
248271.0,3763211,python,[kernel.kallsyms],perf_iterate_ctx
248271.0,3763211,python,[JIT],0x0000e406ca5b11a8
248271.0,3763211,python,[JIT],0x0000e406ca5be0e8
248271.0,3763357,python,[JIT],0x0000e7781b22832c
248271.0,3763357,python,[JIT],0x0000e7781b22ecbc
248271.0,3763357,python,[JIT],0x0000e7781b2d191c
248270.0,3763238,python,python,PyObject_RichCompare
248270.0,3763238,python,python,call_special_method
248270.0,3763238,python,[JIT],0x0000f6dc2ff85598
248270.0,3763238,python,[JIT],0x0000f6dc2ffb0358
248270.0,3763421,python,[JIT],0x0000f70065c9b394
248270.0,3763421,python,[JIT],0x0000f70065c9bdf0
248270.0,3763421,python,[JIT],0x0000f70065d423cc
248270.0,3763421,python,[JIT],0x0000f70065d48094
248270.0,3763421,python,[JIT],0x0000f70065d4a35c
248270.0,3763299,python,python,PyObject_RichCompare
248270.0,3763421,python,[JIT],0x0000f70065d42384
248270.0,3763238,python,[JIT],0x0000f6dc2feda2e8
248270.0,3763238,python,[JIT],0x0000f6dc2fedcbdc
248270.0,3763238,python,[JIT],0x0000f6dc2fede0e8
248270.0,3763190,python,[JIT],0x0000f1ba7f46e798
248270.0,3763190,python,[JIT],0x0000f1ba7f46ea5c
248270.0,3763330,python,[JIT],0x0000eb309a3b70ac
248270.0,3763330,python,[JIT],0x0000eb309a3ba8dc
248270.0,3763330,python,[JIT],0x0000eb309a464198
248270.0,3763330,python,[JIT],0x0000eb309a466590
248270.0,3763330,python,[JIT],0x0000eb309a4682d0
248270.0,3763211,python,[JIT],0x0000e406ca5bd3e0
248270.0,3763211,python,[JIT],0x0000e406ca5be568
248270.0,3763357,python,[JIT],0x0000e7781b22963c
248270.0,3763357,python,[JIT],0x0000e7781b22e4bc
248270.0,3763357,python,[JIT],0x0000e7781b2d60ec
248270.0,3763357,python,[JIT],0x0000e7781b2dc96c
248269.0,3763211,python,[JIT],0x0000e406ca661188
248269.0,3763238,python,[JIT],0x0000f6dc2fed7238
248269.0,3763238,python,[JIT],0x0000f6dc2feda418
248269.0,3763238,python,[JIT],0x0000f6dc2ffb0ca4
248269.0,3763190,python,[JIT],0x0000f1ba7f51392c
248269.0,3763190,python,[JIT],0x0000f1ba7f51b034
248269.0,3763190,python,[JIT],0x0000f1ba7f5440c0
248269.0,3763330,python,[JIT],0x0000eb309a3b89ac
248269.0,3763330,python,[JIT],0x0000eb309a3ba6fc
248269.0,3763330,python,[JIT],0x0000eb309a3be4d8
248269.0,3763330,python,[JIT],0x0000eb309a3be67c
248269.0,3763330,python,[JIT],0x0000eb309a465fec
248269.0,3763330,python,[JIT],0x0000eb309a46820c
248269.0,3763211,python,[JIT],0x0000e406ca5b6548
248269.0,3763211,python,[JIT],0x0000e406ca5bdecc
248269.0,3763211,python,[JIT],0x0000e406ca5be1ec
248268.0,3763357,python,python,PyWeakref_NewRef
248268.0,3763421,python,[JIT],0x0000f70065c9a6a8
248268.0,3763421,python,[JIT],0x0000f70065c9b194
248268.0,3763421,python,[JIT],0x0000f70065d48dc0
248268.0,3763211,python,[JIT],0x0000e406ca5bdc94
248268.0,3763238,python,[JIT],0x0000f6dc2feda744
248268.0,3763238,python,[JIT],0x0000f6dc2fede458
248268.0,3763238,python,[JIT],0x0000f6dc2fede930
248268.0,3763238,python,[JIT],0x0000f6dc2ff88170
248268.0,3763330,python,python,PyObject_GC_Track
248268.0,3763190,python,[JIT],0x0000f1ba7f4622fc
248268.0,3763330,python,[JIT],0x0000eb309a464160
248268.0,3763330,python,[JIT],0x0000eb309a465ce4
248268.0,3763330,python,[JIT],0x0000eb309a4901d0
248268.0,3763357,python,[JIT],0x0000e7781b2dcb5c
248268.0,3763357,python,[JIT],0x0000e7781b2dd258
248268.0,3763357,python,[JIT],0x0000e7781b2e0274
248267.0,3763421,python,[JIT],0x0000f70065c9d008
248267.0,3763421,python,[JIT],0x0000f70065d424b4
248267.0,3763421,python,[JIT],0x0000f70065d48da0
248267.0,3763421,python,[JIT],0x0000f70065d75240
248267.0,3763299,python,python,_PyList_AppendTakeRefListResize
248267.0,3763238,python,[JIT],0x0000f6dc2feda9a4
248267.0,3763238,python,[JIT],0x0000f6dc2fede860
248267.0,3763238,python,[JIT],0x0000f6dc2ff85e40
248267.0,3763238,python,[JIT],0x0000f6dc2ff85ed4
248267.0,3763330,python,[JIT],0x0000eb309a465c10
248267.0,3763190,python,[JIT],0x0000f1ba7f513794
248267.0,3763190,python,[JIT],0x0000f1ba7f543400
248267.0,3763330,python,[JIT],0x0000eb309a3b8008
248267.0,3763330,python,[JIT],0x0000eb309a3ba7ac
248267.0,3763330,python,[JIT],0x0000eb309a3babcc
248267.0,3763211,python,[JIT],0x0000e406ca5b11c4
248267.0,3763211,python,[JIT],0x0000e406ca5b7864
248267.0,3763211,python,[JIT],0x0000e406ca5be064
248267.0,3763211,python,[JIT],0x0000e406ca5be12c
248267.0,3763211,python,[JIT],0x0000e406ca68b284
248267.0,3763357,python,[JIT],0x0000e7781b2d619c
248267.0,3763357,python,[JIT],0x0000e7781b2dced4
248267.0,3763357,python,[JIT],0x0000e7781b3080f4
248266.0,3763421,python,[kernel.kallsyms],pipe_read
248266.0,3763421,python,[JIT],0x0000f70065c99668
248266.0,3763421,python,[JIT],0x0000f70065c99b64
248266.0,3763421,python,[JIT],0x0000f70065c9b90c
248266.0,3763421,python,[JIT],0x0000f70065d41304
248266.0,3763421,python,[JIT],0x0000f70065d42500
248266.0,3763421,python,[JIT],0x0000f70065d49080
248266.0,3763421,python,[JIT],0x0000f70065d48d78
248266.0,3763238,python,[JIT],0x0000f6dc2fede26c
248266.0,3763190,python,[JIT],0x0000f1ba7f5432a4
248266.0,3763330,python,[JIT],0x0000eb309a3ba3bc
248266.0,3763330,python,[JIT],0x0000eb309a3bc028
248266.0,3763330,python,[JIT],0x0000eb309a3be6c4
248266.0,3763330,python,[JIT],0x0000eb309a46541c
248266.0,3763330,python,[JIT],0x0000eb309a46583c
248266.0,3763330,python,[JIT],0x0000eb309a466040
248266.0,3763357,python,[JIT],0x0000e7781b2dcd68
248265.0,3763357,python,[JIT],0x0000e7781b30836c
248265.0,3763421,python,[JIT],0x0000f70065d4839c
248265.0,3763421,python,[JIT],0x0000f70065d7532c
248265.0,3763238,python,[JIT],0x0000f6dc2ff85098
248265.0,3763238,python,[JIT],0x0000f6dc2ffb10d8
248265.0,3763190,python,[JIT],0x0000f1ba7f4696fc
248265.0,3763190,python,[JIT],0x0000f1ba7f46e874
248265.0,3763330,python,[JIT],0x0000eb309a3b31a8
248265.0,3763330,python,[JIT],0x0000eb309a467288
248265.0,3763211,python,[JIT],0x0000e406ca5b4398
248265.0,3763211,python,[JIT],0x0000e406ca5b47dc
248265.0,3763211,python,[JIT],0x0000e406ca5be548
248265.0,3763357,python,[JIT],0x0000e7781b22e168
248265.0,3763357,python,[JIT],0x0000e7781b22e7dc
248265.0,3763357,python,[JIT],0x0000e7781b2d6004
248265.0,3763357,python,[JIT],0x0000e7781b2df0c4
248265.0,3763357,python,[JIT],0x0000e7781b309244
248264.0,3763238,python,[JIT],0x0000f6dc2ff87268
248264.0,3763190,python,[JIT],0x0000f1ba7f513444
248264.0,3763330,python,[JIT],0x0000eb309a3ba804
248264.0,3763330,python,[JIT],0x0000eb309a3be6a4
248264.0,3763330,python,[JIT],0x0000eb309a465560
248264.0,3763330,python,[JIT],0x0000eb309a468074
248264.0,3763211,python,[JIT],0x0000e406ca5b6c4c
248264.0,3763357,python,[JIT],0x0000e7781b2e027c
248264.0,3763357,python,[JIT],0x0000e7781b3082a0
248263.0,3763238,python,python,_PyDict_Subscript
248263.0,3763238,python,python,weakref_hash
248263.0,3763421,python,[JIT],0x0000f70065c998dc
248263.0,3763421,python,[JIT],0x0000f70065d424c4
248263.0,3763421,python,[JIT],0x0000f70065d4c094
248263.0,3763211,python,[JIT],0x0000e406ca5b8550
248263.0,3763238,python,[JIT],0x0000f6dc2ff865e0
248263.0,3763330,python,[JIT],0x0000eb309a46612c
248263.0,3763357,python,[JIT],0x0000e7781b22857c
248263.0,3763357,python,[JIT],0x0000e7781b229580
248263.0,3763357,python,[JIT],0x0000e7781b2d6498
248263.0,3763357,python,[JIT],0x0000e7781b2d66b4
248262.0,3763357,python,python,_PyObject_LookupSpecialMethod
248262.0,3763421,python,[JIT],0x0000f70065c94334
248262.0,3763421,python,[JIT],0x0000f70065c955c8
248262.0,3763211,python,python,PySequence_Contains
248262.0,3763238,python,[JIT],0x0000f6dc2fede1ec
248262.0,3763238,python,[JIT],0x0000f6dc2ff85f0c
248262.0,3763238,python,[JIT],0x0000f6dc2ffb11c4
248262.0,3763190,python,python,_Py_BloomFilter_Add
248262.0,3763190,python,[JIT],0x0000f1ba7f469bb8
248262.0,3763190,python,[JIT],0x0000f1ba7f46e234
248262.0,3763190,python,[JIT],0x0000f1ba7f544364
248262.0,3763330,python,[JIT],0x0000eb309a3bc060
248262.0,3763330,python,[JIT],0x0000eb309a3bcfb8
248262.0,3763330,python,[JIT],0x0000eb309a3be054
248262.0,3763330,python,[JIT],0x0000eb309a4656d4
248262.0,3763330,python,[JIT],0x0000eb309a466220
248262.0,3763211,python,[JIT],0x0000e406ca5b45b8
248262.0,3763211,python,[JIT],0x0000e406ca5b82e4
248262.0,3763211,python,[JIT],0x0000e406ca5bd354
248262.0,3763211,python,[JIT],0x0000e406ca5bdf2c
248262.0,3763211,python,[JIT],0x0000e406ca68a1d0
248262.0,3763357,python,python,_PyDict_Subscript
248262.0,3763357,python,[JIT],0x0000e7781b22e880
248262.0,3763357,python,[JIT],0x0000e7781b2d42d4
248262.0,3763357,python,[JIT],0x0000e7781b2d6484
248261.0,3763357,python,[JIT],0x0000e7781b2e00cc
248261.0,3763238,python,[JIT],0x0000f6dc2ff85f2c
248261.0,3763421,python,[JIT],0x0000f70065c990dc
248261.0,3763421,python,[JIT],0x0000f70065c9b18c
248261.0,3763421,python,[JIT],0x0000f70065d428a8
248261.0,3763211,python,python,lru_cache_call
248261.0,3763421,python,[JIT],0x0000f70065d421ac
248261.0,3763421,python,[JIT],0x0000f70065d490f8
248261.0,3763238,python,[JIT],0x0000f6dc2fede1e0
248261.0,3763238,python,[JIT],0x0000f6dc2ff881c0
248261.0,3763330,python,[kernel.kallsyms],__handle_mm_fault
248261.0,3763190,python,[JIT],0x0000f1ba7f46e074
248261.0,3763190,python,[JIT],0x0000f1ba7f46e8f8
248261.0,3763190,python,[JIT],0x0000f1ba7f544148
248261.0,3763330,python,[JIT],0x0000eb309a3ba71c
248261.0,3763330,python,[JIT],0x0000eb309a4682d4
248261.0,3763211,python,[JIT],0x0000e406ca5bd080
248261.0,3763211,python,[JIT],0x0000e406ca5bdbc8
248261.0,3763211,python,[JIT],0x0000e406ca5bdc58
248261.0,3763211,python,[JIT],0x0000e406ca5be360
248261.0,3763211,python,[JIT],0x0000e406ca68a328
248261.0,3763357,python,[JIT],0x0000e7781b2dc3d4
248261.0,3763357,python,[JIT],0x0000e7781b2dcc70
248260.0,3763421,python,[JIT],0x0000f70065c995d4
248260.0,3763421,python,[JIT],0x0000f70065c99798
248260.0,3763421,python,[JIT],0x0000f70065d4240c
248260.0,3763421,python,[JIT],0x0000f70065d49488
248260.0,3763211,python,[JIT],0x0000e406ca66202c
248260.0,3763421,python,[JIT],0x0000f70065d48ce4
248260.0,3763238,python,[JIT],0x0000f6dc2feda590
248260.0,3763238,python,[JIT],0x0000f6dc2feda5dc
248260.0,3763238,python,[JIT],0x0000f6dc2ff84218
248260.0,3763238,python,[JIT],0x0000f6dc2ff8500c
248260.0,3763238,python,[JIT],0x0000f6dc2ff85c50
248260.0,3763190,python,[JIT],0x0000f1ba7f46d2c8
248260.0,3763330,python,[JIT],0x0000eb309a3b8ba8
248260.0,3763330,python,[JIT],0x0000eb309a3b8cfc
248260.0,3763330,python,[JIT],0x0000eb309a4660bc
248260.0,3763330,python,[JIT],0x0000eb309a46634c
248260.0,3763357,python,[JIT],0x0000e7781b2dc3ec
248259.0,3763421,python,[JIT],0x0000f70065d421ac
248259.0,3763421,python,[JIT],0x0000f70065d4277c
248259.0,3763421,python,[JIT],0x0000f70065d7407c
248259.0,3763211,python,python,infinite_lru_cache_wrapper
248259.0,3763299,python,[JIT],0x0000f25744b3b17c
248259.0,3763421,python,[JIT],0x0000f70065d4b044
248259.0,3763238,python,[JIT],0x0000f6dc2feda960
248259.0,3763238,python,[JIT],0x0000f6dc2ff8576c
248259.0,3763238,python,[JIT],0x0000f6dc2ffb058c
248259.0,3763330,python,[JIT],0x0000eb309a4902cc
248259.0,3763190,python,[JIT],0x0000f1ba7f469cbc
248259.0,3763190,python,[JIT],0x0000f1ba7f5131f0
248259.0,3763190,python,[JIT],0x0000f1ba7f513240
248259.0,3763330,python,[JIT],0x0000eb309a3b3070
248259.0,3763330,python,[JIT],0x0000eb309a465dd4
248259.0,3763330,python,[JIT],0x0000eb309a4680c4
248259.0,3763330,python,[JIT],0x0000eb309a468274
248259.0,3763330,python,[JIT],0x0000eb309a49005c
248259.0,3763211,python,[JIT],0x0000e406ca5b6994
248259.0,3763211,python,[JIT],0x0000e406ca662210
248259.0,3763357,python,[JIT],0x0000e7781b2d6268
248259.0,3763357,python,[JIT],0x0000e7781b2dc07c
248258.0,3763421,python,[JIT],0x0000f70065c95830
248258.0,3763421,python,[JIT],0x0000f70065c99534
248258.0,3763421,python,[JIT],0x0000f70065c9c810
248258.0,3763238,python,[JIT],0x0000f6dc2fede474
248258.0,3763238,python,[JIT],0x0000f6dc2ff85234
248258.0,3763238,python,[JIT],0x0000f6dc2ff87254
248258.0,3763190,python,[JIT],0x0000f1ba7f519188
248258.0,3763330,python,[JIT],0x0000eb309a3b3224
248258.0,3763330,python,[JIT],0x0000eb309a4661dc
248258.0,3763330,python,[JIT],0x0000eb309a49013c
248258.0,3763211,python,[JIT],0x0000e406ca5b6d70
248258.0,3763211,python,[JIT],0x0000e406ca5bd234
248258.0,3763211,python,[JIT],0x0000e406ca6622b8
248258.0,3763357,python,[JIT],0x0000e7781b2d39f4
248258.0,3763357,python,[JIT],0x0000e7781b2d606c
248258.0,3763357,python,[JIT],0x0000e7781b2de378
248258.0,3763357,python,[JIT],0x0000e7781b309424
248257.0,3763421,python,[JIT],0x0000f70065d488c4
248257.0,3763299,python,libc.so.6,strchr
248257.0,3763421,python,python,subtype_dict
248257.0,3763238,python,[JIT],0x0000f6dc2ff85b00
248257.0,3763238,python,[JIT],0x0000f6dc2ff880d8
248257.0,3763330,python,[JIT],0x0000eb309a46565c
248257.0,3763330,python,[JIT],0x0000eb309a465894
248257.0,3763211,python,[JIT],0x0000e406ca5b48d0
248257.0,3763211,python,[JIT],0x0000e406ca5bd438
248257.0,3763211,python,[JIT],0x0000e406ca5be058
248257.0,3763357,python,[JIT],0x0000e7781b2d6364
248256.0,3763238,python,python,mappingproxy_contains
248256.0,3763421,python,[JIT],0x0000f70065c9d440
248256.0,3763421,python,[JIT],0x0000f70065d487c0
248256.0,3763421,python,[JIT],0x0000f70065d753bc
248256.0,3763238,python,[JIT],0x0000f6dc2ff861f0
248256.0,3763238,python,[JIT],0x0000f6dc2ffb082c
248256.0,3763190,python,[JIT],0x0000f1ba7f46e3b4
248256.0,3763190,python,[JIT],0x0000f1ba7f46eea4
248256.0,3763190,python,[JIT],0x0000f1ba7f51a618
248256.0,3763330,python,[JIT],0x0000eb309a466594
248256.0,3763211,python,[JIT],0x0000e406ca5bd6b0
248255.0,3763421,python,[JIT],0x0000f70065c944e0
248255.0,3763421,python,[JIT],0x0000f70065d48344
248255.0,3763421,python,[JIT],0x0000f70065d48c58
248255.0,3763421,python,[JIT],0x0000f70065d48f10
248255.0,3763211,python,python,PyMem_Free
248255.0,3763238,python,[JIT],0x0000f6dc2feda84c
248255.0,3763238,python,[JIT],0x0000f6dc2ffb115c
248255.0,3763190,python,[JIT],0x0000f1ba7f543004
248255.0,3763330,python,[JIT],0x0000eb309a3ba0f8
248255.0,3763330,python,[JIT],0x0000eb309a4650c8
248255.0,3763211,python,[JIT],0x0000e406ca5b4034
248255.0,3763211,python,[JIT],0x0000e406ca5bdfac
248255.0,3763357,python,[JIT],0x0000e7781b2281f4
248255.0,3763357,python,[JIT],0x0000e7781b22ecf4
248255.0,3763357,python,[JIT],0x0000e7781b2dc0cc
248255.0,3763357,python,[JIT],0x0000e7781b2dc848
248254.0,3763421,python,[JIT],0x0000f70065c95a44
248254.0,3763421,python,[JIT],0x0000f70065c99364
248254.0,3763421,python,[JIT],0x0000f70065d48cf0
248254.0,3763238,python,[kernel.kallsyms],rw_verify_area
248254.0,3763238,python,[JIT],0x0000f6dc2ff840d4
248254.0,3763238,python,[JIT],0x0000f6dc2ff8552c
248254.0,3763238,python,[JIT],0x0000f6dc2ffb015c
248254.0,3763330,python,[JIT],0x0000eb309a3b316c
248254.0,3763330,python,[JIT],0x0000eb309a3ba570
248254.0,3763330,python,[JIT],0x0000eb309a466058
248254.0,3763330,python,[JIT],0x0000eb309a467294
248254.0,3763211,python,[JIT],0x0000e406ca5b215c
248254.0,3763211,python,[JIT],0x0000e406ca5b469c
248254.0,3763211,python,[JIT],0x0000e406ca5b4a08
248254.0,3763211,python,[JIT],0x0000e406ca5bd320
248254.0,3763211,python,[JIT],0x0000e406ca5be638
248254.0,3763211,python,[JIT],0x0000e406ca68a400
248254.0,3763357,python,[JIT],0x0000e7781b2d61ec
248254.0,3763357,python,[JIT],0x0000e7781b2d6710
248254.0,3763357,python,[JIT],0x0000e7781b2e01e4
248253.0,3763238,python,python,list_dealloc
248253.0,3763238,python,[JIT],0x0000f6dc2ff8422c
248253.0,3763421,python,[JIT],0x0000f70065c9422c
248253.0,3763421,python,[JIT],0x0000f70065c99588
248253.0,3763421,python,[JIT],0x0000f70065d42750
248253.0,3763421,python,[JIT],0x0000f70065d75314
248253.0,3763421,python,[JIT],0x0000f70065d47280
248253.0,3763238,python,[JIT],0x0000f6dc2fed8928
248253.0,3763238,python,[JIT],0x0000f6dc2fedcda8
248253.0,3763238,python,[JIT],0x0000f6dc2ff86440
248253.0,3763190,python,[JIT],0x0000f1ba7f543238
248253.0,3763330,python,[JIT],0x0000eb309a4650d0
248253.0,3763330,python,[JIT],0x0000eb309a465440
248253.0,3763330,python,[JIT],0x0000eb309a468290
248253.0,3763357,python,[JIT],0x0000e7781b22ed3c
248253.0,3763357,python,[JIT],0x0000e7781b2d60e8
248252.0,3763421,python,[JIT],0x0000f70065d4b238
248252.0,3763421,python,[JIT],0x0000f70065d7575c
248252.0,3763211,python,[JIT],0x0000e406ca6621d4
248252.0,3763238,python,[JIT],0x0000f6dc2feda7e8
248252.0,3763238,python,[JIT],0x0000f6dc2fedc240
248252.0,3763211,python,[JIT],0x0000e406ca5bdfc8
248252.0,3763357,python,[JIT],0x0000e7781b22c108
248252.0,3763357,python,[JIT],0x0000e7781b2d3294
248252.0,3763357,python,[JIT],0x0000e7781b2d6858
248252.0,3763357,python,[JIT],0x0000e7781b2de328
248251.0,3763357,python,[JIT],0x0000e7781b2db19c
248251.0,3763421,python,[JIT],0x0000f70065c991d8
248251.0,3763330,python,python,PyLong_FromLong
248251.0,3763330,python,[JIT],0x0000eb309a3befa0
248251.0,3763330,python,[JIT],0x0000eb309a465230
248251.0,3763330,python,[JIT],0x0000eb309a4654b8
248251.0,3763211,python,[JIT],0x0000e406ca35c0dc
248251.0,3763211,python,[JIT],0x0000e406ca35c250
248251.0,3763211,python,[JIT],0x0000e406ca57f2c4
248251.0,3763211,python,[JIT],0x0000e406ca5b471c
248251.0,3763211,python,[JIT],0x0000e406ca5b6c04
248251.0,3763211,python,[JIT],0x0000e406ca5bd1dc
248251.0,3763357,python,[JIT],0x0000e7781b2d1260
248251.0,3763357,python,[JIT],0x0000e7781b309074
248251.0,3763357,python,[JIT],0x0000e7781b309258
248250.0,3763357,python,python,list_dealloc
248250.0,3763421,python,[JIT],0x0000f70065d414bc
248250.0,3763421,python,[JIT],0x0000f70065d74274
248250.0,3763238,python,[JIT],0x0000f6dc2feda7ac
248250.0,3763238,python,[JIT],0x0000f6dc2fedc12c
248250.0,3763238,python,[JIT],0x0000f6dc2fede520
248250.0,3763238,python,[JIT],0x0000f6dc2ff860d0
248250.0,3763238,python,[JIT],0x0000f6dc2ff88030
248250.0,3763238,python,[JIT],0x0000f6dc2ffb1098
248250.0,3763190,python,[JIT],0x0000f1ba7f46e55c
248250.0,3763330,python,[JIT],0x0000eb309a3ba6e0
248250.0,3763330,python,[JIT],0x0000eb309a3be5b8
248250.0,3763330,python,[JIT],0x0000eb309a465708
248250.0,3763211,python,[JIT],0x0000e406ca5b25e0
248250.0,3763211,python,[JIT],0x0000e406ca5b45a8
248249.0,3763421,python,python,PyDescr_IsData
248249.0,3763238,python,[JIT],0x0000f6dc2ff852b0
248249.0,3763330,python,[JIT],0x0000eb309a4640a4
248249.0,3763330,python,[JIT],0x0000eb309a465a68
248249.0,3763330,python,[JIT],0x0000eb309a491180
248249.0,3763211,python,[JIT],0x0000e406ca5b2218
248249.0,3763211,python,[JIT],0x0000e406ca661004
248249.0,3763357,python,[JIT],0x0000e7781b2d616c
248249.0,3763357,python,[JIT],0x0000e7781b2dd1c8
248249.0,3763357,python,[JIT],0x0000e7781b30932c
248248.0,3763421,python,[JIT],0x0000f70065c941e4
248248.0,3763421,python,[JIT],0x0000f70065d427f4
248248.0,3763421,python,[JIT],0x0000f70065d75028
248248.0,3763211,python,[JIT],0x0000e406ca5be3c8
248248.0,3763211,python,[JIT],0x0000e406ca5be450
248248.0,3763211,python,[JIT],0x0000e406ca68b168
248248.0,3763238,python,[JIT],0x0000f6dc2fede334
248248.0,3763330,python,[JIT],0x0000eb309a3bc0e8
248248.0,3763330,python,[JIT],0x0000eb309a4683a8
248248.0,3763211,python,[JIT],0x0000e406ca35c098
248248.0,3763211,python,[JIT],0x0000e406ca5b404c
248248.0,3763211,python,[JIT],0x0000e406ca5b4968
248248.0,3763211,python,[JIT],0x0000e406ca5bd1f0
248248.0,3763211,python,[JIT],0x0000e406ca5bd9fc
248248.0,3763357,python,[JIT],0x0000e7781b2dc8c0
248247.0,3763421,python,[JIT],0x0000f70065c9d300
248247.0,3763421,python,[JIT],0x0000f70065c9e390
248247.0,3763421,python,[JIT],0x0000f70065d48380
248247.0,3763299,python,[JIT],0x0000f25744b394e4
248247.0,3763238,python,[JIT],0x0000f6dc2feda6c4
248247.0,3763238,python,[JIT],0x0000f6dc2fede498
248247.0,3763238,python,[JIT],0x0000f6dc2ff858fc
248247.0,3763238,python,[JIT],0x0000f6dc2ff85f7c
248247.0,3763190,python,[JIT],0x0000f1ba7f469398
248247.0,3763211,python,[JIT],0x0000e406ca5b8290
248247.0,3763211,python,[JIT],0x0000e406ca5bd84c
248247.0,3763357,python,[JIT],0x0000e7781b2dca1c
248247.0,3763357,python,[JIT],0x0000e7781b3093b4
248246.0,3763421,python,[JIT],0x0000f70065c993e8
248246.0,3763421,python,[JIT],0x0000f70065c997fc
248246.0,3763421,python,[JIT],0x0000f70065c9d3fc
248246.0,3763421,python,[JIT],0x0000f70065d753f8
248246.0,3763299,python,[JIT],0x0000f25744b37214
248246.0,3763299,python,[JIT],0x0000f25744b65094
248246.0,3763299,python,[JIT],0x0000f25744b65264
248246.0,3763238,python,[JIT],0x0000f6dc2feda7fc
248246.0,3763238,python,[JIT],0x0000f6dc2ff85140
248246.0,3763238,python,[JIT],0x0000f6dc2ff85434
248246.0,3763238,python,[JIT],0x0000f6dc2ff8657c
248246.0,3763330,python,python,PyObject_RichCompare
248246.0,3763190,python,[JIT],0x0000f1ba7f469c60
248246.0,3763190,python,[JIT],0x0000f1ba7f5440f8
248246.0,3763330,python,[JIT],0x0000eb309a465fdc
248246.0,3763330,python,[JIT],0x0000eb309a49126c
248246.0,3763211,python,[JIT],0x0000e406ca5b4200
248246.0,3763211,python,[JIT],0x0000e406ca68e018
248246.0,3763357,python,[JIT],0x0000e7781b2286b8
248245.0,3763421,python,[JIT],0x0000f70065c99ab4
248245.0,3763421,python,[JIT],0x0000f70065c9d150
248245.0,3763421,python,[JIT],0x0000f70065d421b0
248245.0,3763421,python,[JIT],0x0000f70065d428a4
248245.0,3763421,python,[JIT],0x0000f70065d482f4
248245.0,3763211,python,[JIT],0x0000e406ca68b09c
248245.0,3763238,python,[JIT],0x0000f6dc2fed5044
248245.0,3763238,python,[JIT],0x0000f6dc2feda2b4
248245.0,3763238,python,[JIT],0x0000f6dc2feda72c
248245.0,3763238,python,[JIT],0x0000f6dc2fedcd64
248245.0,3763238,python,[JIT],0x0000f6dc2fede04c
248245.0,3763238,python,[JIT],0x0000f6dc2ffb11b8
248245.0,3763330,python,[JIT],0x0000eb309a4911c8
248245.0,3763330,python,[JIT],0x0000eb309a3be450
248245.0,3763330,python,[JIT],0x0000eb309a3be874
248245.0,3763330,python,[JIT],0x0000eb309a4655c8
248245.0,3763330,python,[JIT],0x0000eb309a465b2c
248244.0,3763357,python,[JIT],0x0000e7781b2dcd48
248244.0,3763421,python,[JIT],0x0000f70065c980c8
248244.0,3763421,python,[JIT],0x0000f70065c99724
248244.0,3763421,python,[JIT],0x0000f70065c9d7a8
248244.0,3763421,python,[JIT],0x0000f70065d41364
248244.0,3763421,python,[JIT],0x0000f70065d426b4
248244.0,3763421,python,[JIT],0x0000f70065d4917c
248244.0,3763211,python,[JIT],0x0000e406ca5bd914
248244.0,3763299,python,python,_PyEval_CheckExceptTypeValid
248244.0,3763421,python,python,BaseException_new
248244.0,3763421,python,[kernel.kallsyms],__perf_addr_filters_adjust
248244.0,3763238,python,[JIT],0x0000f6dc2fedc0d0
248244.0,3763238,python,[JIT],0x0000f6dc2ff85874
248244.0,3763190,python,[JIT],0x0000f1ba7f51b1c4
248244.0,3763330,python,[kernel.kallsyms],__rcu_read_lock
248244.0,3763330,python,[JIT],0x0000eb309a4640fc
248244.0,3763330,python,[JIT],0x0000eb309a465e10
248244.0,3763330,python,[JIT],0x0000eb309a465ec4
248244.0,3763330,python,[JIT],0x0000eb309a465ed0
248244.0,3763211,python,[JIT],0x0000e406ca5b27f8
248244.0,3763211,python,[JIT],0x0000e406ca5b61d0
248244.0,3763357,python,[JIT],0x0000e7781b2dc250
248244.0,3763357,python,[JIT],0x0000e7781b309310
248243.0,3763421,python,[JIT],0x0000f70065c942c8
248243.0,3763421,python,[JIT],0x0000f70065c97084
248243.0,3763421,python,[JIT],0x0000f70065d4267c
248243.0,3763421,python,[JIT],0x0000f70065d48d78
248243.0,3763421,python,[JIT],0x0000f70065d48f50
248243.0,3763299,python,[JIT],0x0000f25744b38bf0
248243.0,3763421,python,python,dict_dealloc
248243.0,3763238,python,[JIT],0x0000f6dc2fed300c
248243.0,3763330,python,python,PyTuple_FromArray
248243.0,3763330,python,[JIT],0x0000eb309a3ba1f4
248243.0,3763330,python,[JIT],0x0000eb309a4656c0
248243.0,3763211,python,[JIT],0x0000e406ca5b8090
248243.0,3763357,python,[JIT],0x0000e7781b2286d4
248243.0,3763357,python,[JIT],0x0000e7781b2d4744
248243.0,3763357,python,[JIT],0x0000e7781b2d61ac
248243.0,3763357,python,[JIT],0x0000e7781b2dcad0
248243.0,3763357,python,[JIT],0x0000e7781b308084
248242.0,3763421,python,[JIT],0x0000f70065c952f8
248242.0,3763421,python,python,_PyErr_Restore
248242.0,3763330,python,[JIT],0x0000eb309a491000
248242.0,3763190,python,[JIT],0x0000f1ba7f51a00c
248242.0,3763190,python,[JIT],0x0000f1ba7f51ab90
248242.0,3763330,python,[JIT],0x0000eb309a3bc07c
248242.0,3763330,python,[JIT],0x0000eb309a3be20c
248242.0,3763330,python,[JIT],0x0000eb309a465050
248242.0,3763330,python,[JIT],0x0000eb309a466560
248242.0,3763330,python,[JIT],0x0000eb309a4900a0
248242.0,3763330,python,[JIT],0x0000eb309a4910ec
248242.0,3763211,python,[JIT],0x0000e406ca5b4808
248242.0,3763211,python,[JIT],0x0000e406ca5b85e4
248242.0,3763211,python,[JIT],0x0000e406ca68a090
248242.0,3763211,python,[JIT],0x0000e406ca68a12c
248242.0,3763211,python,[JIT],0x0000e406ca68a4f8
248242.0,3763357,python,[JIT],0x0000e7781b2d335c
248242.0,3763357,python,[JIT],0x0000e7781b2dd038
248241.0,3763421,python,[JIT],0x0000f70065c942c4
248241.0,3763421,python,[JIT],0x0000f70065d491fc
248241.0,3763211,python,python,PyMem_Realloc
248241.0,3763211,python,[JIT],0x0000e406ca662208
248241.0,3763421,python,[JIT],0x0000f70065d425f4
248241.0,3763238,python,[JIT],0x0000f6dc2feda808
248241.0,3763238,python,[JIT],0x0000f6dc2ff85eb0
248241.0,3763238,python,[JIT],0x0000f6dc2ff862d8
248241.0,3763330,python,[JIT],0x0000eb309a4654f4
248241.0,3763190,python,[JIT],0x0000f1ba7f4675dc
248241.0,3763190,python,[JIT],0x0000f1ba7f51a038
248241.0,3763330,python,[JIT],0x0000eb309a3b72ac
248241.0,3763211,python,[JIT],0x0000e406ca5bd5f0
248241.0,3763211,python,[JIT],0x0000e406ca5bdd54
248241.0,3763211,python,[JIT],0x0000e406ca5be01c
248241.0,3763211,python,[JIT],0x0000e406ca661220
248241.0,3763211,python,[JIT],0x0000e406ca68a0a0
248241.0,3763357,python,[JIT],0x0000e7781b2d6758
248241.0,3763357,python,[JIT],0x0000e7781b2d67f8
248240.0,3763421,python,python,optimize_uops.isra.0
248240.0,3763421,python,[JIT],0x0000f70065d48358
248240.0,3763238,python,[JIT],0x0000f6dc2feda144
248240.0,3763238,python,[JIT],0x0000f6dc2fede898
248240.0,3763238,python,[JIT],0x0000f6dc2ffb0060
248240.0,3763330,python,[JIT],0x0000eb309a465300
248240.0,3763330,python,[JIT],0x0000eb309a4664cc
248240.0,3763211,python,[JIT],0x0000e406ca35c038
248240.0,3763357,python,[JIT],0x0000e7781b22d32c
248239.0,3763421,python,[JIT],0x0000f70065c9b408
248239.0,3763421,python,[JIT],0x0000f70065d4921c
248239.0,3763421,python,[JIT],0x0000f70065d75304
248239.0,3763211,python,libc.so.6,__memcpy_generic
248239.0,3763238,python,[JIT],0x0000f6dc2fedc4c0
248239.0,3763238,python,[JIT],0x0000f6dc2fede1b0
248239.0,3763330,python,python,PySequence_Tuple
248239.0,3763330,python,[JIT],0x0000eb309a3b71f0
248239.0,3763330,python,[JIT],0x0000eb309a3b8b74
248239.0,3763330,python,[JIT],0x0000eb309a3befc4
248239.0,3763330,python,[JIT],0x0000eb309a46419c
248239.0,3763330,python,[JIT],0x0000eb309a491364
248239.0,3763211,python,[JIT],0x0000e406ca5b80b0
248239.0,3763211,python,[JIT],0x0000e406ca5bd838
248239.0,3763211,python,[JIT],0x0000e406ca5bdb28
248239.0,3763211,python,[JIT],0x0000e406ca68b004
248239.0,3763357,python,[JIT],0x0000e7781b309404
248238.0,3763421,python,[JIT],0x0000f70065c95968
248238.0,3763421,python,[JIT],0x0000f70065d740f0
248238.0,3763238,python,[JIT],0x0000f6dc2fede3dc
248238.0,3763238,python,[JIT],0x0000f6dc2fede8f4
248238.0,3763238,python,[JIT],0x0000f6dc2ff856d0
248238.0,3763330,python,[JIT],0x0000eb309a466330
248238.0,3763211,python,[JIT],0x0000e406ca5b6b5c
248238.0,3763211,python,[JIT],0x0000e406ca5b82b4
248238.0,3763211,python,[JIT],0x0000e406ca5b88a4
248238.0,3763211,python,[JIT],0x0000e406ca5bd530
248238.0,3763211,python,[JIT],0x0000e406ca5bd9ac
248238.0,3763211,python,[JIT],0x0000e406ca5bddec
248237.0,3763421,python,[JIT],0x0000f70065c951c0
248237.0,3763421,python,[JIT],0x0000f70065d4923c
248237.0,3763211,python,[JIT],0x0000e406ca5be0a4
248237.0,3763421,python,[JIT],0x0000f70065d490a4
248237.0,3763238,python,[JIT],0x0000f6dc2fedc140
248237.0,3763238,python,[JIT],0x0000f6dc2fedc1d8
248237.0,3763238,python,[JIT],0x0000f6dc2ff86170
248237.0,3763330,python,[JIT],0x0000eb309a3be5ac
248237.0,3763330,python,[JIT],0x0000eb309a3ba2e0
248237.0,3763330,python,[JIT],0x0000eb309a3be544
248237.0,3763330,python,[JIT],0x0000eb309a3be5cc
248237.0,3763330,python,[JIT],0x0000eb309a3be794
248237.0,3763330,python,[JIT],0x0000eb309a4652ec
248237.0,3763330,python,[JIT],0x0000eb309a4681a4
248237.0,3763211,python,python,memcpy@plt
248237.0,3763211,python,[JIT],0x0000e406ca5b425c
248237.0,3763211,python,[JIT],0x0000e406ca5b4a14
248237.0,3763211,python,[JIT],0x0000e406ca5b6304
248237.0,3763211,python,[JIT],0x0000e406ca5bd718
248237.0,3763357,python,[JIT],0x0000e7781b2285e4
248237.0,3763357,python,[JIT],0x0000e7781b3092b4
248236.0,3763421,python,[JIT],0x0000f70065c940d8
248236.0,3763421,python,[JIT],0x0000f70065d424f8
248236.0,3763421,python,[JIT],0x0000f70065d4a37c
248236.0,3763238,python,[JIT],0x0000f6dc2fed3368
248236.0,3763238,python,[JIT],0x0000f6dc2feda8dc
248236.0,3763238,python,[JIT],0x0000f6dc2fede5e4
248236.0,3763190,python,[JIT],0x0000f1ba7f46e500
248236.0,3763190,python,[JIT],0x0000f1ba7f46e600
248236.0,3763330,python,[JIT],0x0000eb309a4904ac
248236.0,3763211,python,[JIT],0x0000e406ca35c048
248236.0,3763211,python,[JIT],0x0000e406ca5b288c
248236.0,3763211,python,[JIT],0x0000e406ca5b8678
248235.0,3763421,python,[JIT],0x0000f70065d482b8
248235.0,3763421,python,[JIT],0x0000f70065d48924
248235.0,3763421,python,[JIT],0x0000f70065d48e40
248235.0,3763238,python,[JIT],0x0000f6dc2fedc510
248235.0,3763238,python,[JIT],0x0000f6dc2ff85158
248235.0,3763330,python,[JIT],0x0000eb309a465890
248235.0,3763211,python,[JIT],0x0000e406ca5b820c
248235.0,3763211,python,[JIT],0x0000e406ca5b8900
248234.0,3763421,python,[JIT],0x0000f70065c9998c
248234.0,3763421,python,[JIT],0x0000f70065d4720c
248234.0,3763421,python,[JIT],0x0000f70065d48720
248234.0,3763299,python,[JIT],0x0000f25744a8bba4
248234.0,3763299,python,[JIT],0x0000f25744b32170
248234.0,3763238,python,[JIT],0x0000f6dc2feda878
248234.0,3763238,python,[JIT],0x0000f6dc2ff85334
248234.0,3763238,python,[JIT],0x0000f6dc2ff853d4
248234.0,3763190,python,[JIT],0x0000f1ba7f46ef18
248234.0,3763190,python,[JIT],0x0000f1ba7f5440b4
248234.0,3763190,python,[JIT],0x0000f1ba7f5440e8
248234.0,3763330,python,[JIT],0x0000eb309a3ba394
248234.0,3763330,python,[JIT],0x0000eb309a3baa34
248234.0,3763330,python,[JIT],0x0000eb309a3be7fc
248234.0,3763211,python,[JIT],0x0000e406ca5b85c8
248234.0,3763211,python,[JIT],0x0000e406ca5bdbe0
248234.0,3763211,python,[JIT],0x0000e406ca5be000
248234.0,3763211,python,[JIT],0x0000e406ca5be13c
248234.0,3763211,python,[JIT],0x0000e406ca661178
248234.0,3763357,python,python,PyErr_GivenExceptionMatches
248233.0,3763421,python,[JIT],0x0000f70065d420fc
248233.0,3763421,python,[JIT],0x0000f70065d750a0
248233.0,3763421,python,[JIT],0x0000f70065d75188
248233.0,3763421,python,[JIT],0x0000f70065d488c4
248233.0,3763330,python,[JIT],0x0000eb309a494108
248233.0,3763190,python,[JIT],0x0000f1ba7f46ee50
248233.0,3763330,python,[JIT],0x0000eb309a464204
248233.0,3763330,python,[JIT],0x0000eb309a4662bc
248233.0,3763330,python,[JIT],0x0000eb309a467308
248233.0,3763211,python,[JIT],0x0000e406ca5b64bc
248233.0,3763211,python,[JIT],0x0000e406ca5b84b8
248233.0,3763357,python,[kernel.kallsyms],inet_twsk_kill
248233.0,3763357,python,[JIT],0x0000e7781b2dcf58
248232.0,3763421,python,[JIT],0x0000f70065c9b038
248232.0,3763421,python,[JIT],0x0000f70065c9bc44
248232.0,3763421,python,[JIT],0x0000f70065d41558
248232.0,3763421,python,[JIT],0x0000f70065d42288
248232.0,3763238,python,[JIT],0x0000f6dc2fedac18
248232.0,3763330,python,[JIT],0x0000eb309a3be504
248232.0,3763330,python,[JIT],0x0000eb309a3be8d4
248232.0,3763330,python,[JIT],0x0000eb309a49118c
248232.0,3763357,python,[JIT],0x0000e7781b3081b8
248232.0,3763357,python,[JIT],0x0000e7781b3090f8
248231.0,3763421,python,[JIT],0x0000f70065d490f4
248231.0,3763238,python,[JIT],0x0000f6dc2feda81c
248231.0,3763238,python,[JIT],0x0000f6dc2ff86530
248231.0,3763238,python,[JIT],0x0000f6dc2ffb0104
248231.0,3763330,python,[JIT],0x0000eb309a465c58
248231.0,3763330,python,[JIT],0x0000eb309a3b85d8
248231.0,3763330,python,[JIT],0x0000eb309a4651f4
248231.0,3763211,python,[JIT],0x0000e406ca35c0b8
248231.0,3763211,python,[JIT],0x0000e406ca5b49b0
248231.0,3763211,python,[JIT],0x0000e406ca5bd1c8
248231.0,3763211,python,[JIT],0x0000e406ca6621c4
248230.0,3763421,python,[JIT],0x0000f70065c94a90
248230.0,3763421,python,[JIT],0x0000f70065c99a14
248230.0,3763421,python,[JIT],0x0000f70065c9a5f8
248230.0,3763421,python,[JIT],0x0000f70065d489e4
248230.0,3763421,python,[JIT],0x0000f70065d75550
248230.0,3763421,python,python,weakref_richcompare
248230.0,3763238,python,[JIT],0x0000f6dc2fede8d4
248230.0,3763330,python,[JIT],0x0000eb309a4664a4
248230.0,3763330,python,[JIT],0x0000eb309a490008
248230.0,3763330,python,[JIT],0x0000eb309a491230
248230.0,3763211,python,[JIT],0x0000e406ca5b85a8
248230.0,3763211,python,[JIT],0x0000e406ca662090
248230.0,3763357,python,[JIT],0x0000e7781b2dc8fc
248229.0,3763357,python,[JIT],0x0000e7781b2dc5b4
248229.0,3763238,python,[JIT],0x0000f6dc2ff85008
248229.0,3763421,python,[JIT],0x0000f70065c99b6c
248229.0,3763421,python,[JIT],0x0000f70065d410a4
248229.0,3763211,python,python,PyErr_SetRaisedException
248229.0,3763421,python,[JIT],0x0000f70065d471d8
248229.0,3763238,python,[JIT],0x0000f6dc2fedc19c
248229.0,3763238,python,[JIT],0x0000f6dc2fede7ec
248229.0,3763190,python,[JIT],0x0000f1ba7f4694cc
248229.0,3763190,python,[JIT],0x0000f1ba7f519198
248229.0,3763330,python,[JIT],0x0000eb309a3bca48
248229.0,3763330,python,[JIT],0x0000eb309a3be618
248229.0,3763211,python,[JIT],0x0000e406ca5b417c
248229.0,3763211,python,[JIT],0x0000e406ca5b60b4
248229.0,3763357,python,[JIT],0x0000e7781b22e040
248228.0,3763421,python,[JIT],0x0000f70065c94168
248228.0,3763421,python,[JIT],0x0000f70065c991b8
248228.0,3763421,python,[JIT],0x0000f70065c9d318
248228.0,3763421,python,[JIT],0x0000f70065d4848c
248228.0,3763238,python,[JIT],0x0000f6dc2feda74c
248228.0,3763330,python,[JIT],0x0000eb309a3be704
248228.0,3763330,python,[JIT],0x0000eb309a4903e8
248228.0,3763330,python,[JIT],0x0000eb309a4911bc
248228.0,3763211,python,[JIT],0x0000e406ca5b4830
248228.0,3763211,python,[JIT],0x0000e406ca5b64e0
248228.0,3763211,python,[JIT],0x0000e406ca5b85f4
248228.0,3763211,python,[JIT],0x0000e406ca68a570
248228.0,3763357,python,[JIT],0x0000e7781b2d64e8
248228.0,3763357,python,[JIT],0x0000e7781b2d68dc
248228.0,3763357,python,[JIT],0x0000e7781b2e006c
248227.0,3763421,python,libc.so.6,__memset_zva64
248227.0,3763421,python,[JIT],0x0000f70065d48c10
248227.0,3763421,python,[JIT],0x0000f70065d4a07c
248227.0,3763421,python,[JIT],0x0000f70065d75438
248227.0,3763238,python,[JIT],0x0000f6dc2ff85f74
248227.0,3763330,python,[JIT],0x0000eb309a3b61ec
248227.0,3763330,python,[JIT],0x0000eb309a3ba510
248227.0,3763330,python,[JIT],0x0000eb309a3ba800
248227.0,3763330,python,[JIT],0x0000eb309a465a1c
248226.0,3763421,python,[JIT],0x0000f70065d49078
248226.0,3763330,python,[JIT],0x0000eb309a3bc174
248226.0,3763330,python,[JIT],0x0000eb309a491140
248226.0,3763211,python,[JIT],0x0000e406ca5b83d0
248226.0,3763211,python,[JIT],0x0000e406ca5b8744
248226.0,3763211,python,[JIT],0x0000e406ca5bd8f8
248226.0,3763357,python,[JIT],0x0000e7781b2dc908
248225.0,3763421,python,[JIT],0x0000f70065d48634
248225.0,3763421,python,[JIT],0x0000f70065d488c0
248225.0,3763421,python,[JIT],0x0000f70065d490bc
248225.0,3763421,python,python,_PyDict_GetItemRef_KnownHash_LockHeld
248225.0,3763238,python,[JIT],0x0000f6dc2fedca18
248225.0,3763238,python,[JIT],0x0000f6dc2fede1f4
248225.0,3763238,python,[JIT],0x0000f6dc2ff860f0
248225.0,3763238,python,[JIT],0x0000f6dc2ff863c0
248225.0,3763330,python,python,_Py_type_getattro_impl
248225.0,3763330,python,[JIT],0x0000eb309a3b5084
248225.0,3763330,python,[JIT],0x0000eb309a465320
248225.0,3763330,python,[JIT],0x0000eb309a465998
248225.0,3763330,python,[JIT],0x0000eb309a4900ac
248225.0,3763211,python,[JIT],0x0000e406ca5b473c
248225.0,3763211,python,[JIT],0x0000e406ca68b21c
248224.0,3763238,python,python,_PyFrame_MakeAndSetFrameObject
248224.0,3763421,python,[JIT],0x0000f70065c9d1a4
248224.0,3763421,python,[JIT],0x0000f70065d48694
248224.0,3763421,python,[JIT],0x0000f70065d7507c
248224.0,3763238,python,[JIT],0x0000f6dc2fedc9cc
248224.0,3763238,python,[JIT],0x0000f6dc2ff840c4
248224.0,3763330,python,[JIT],0x0000eb309a3b874c
248224.0,3763330,python,[JIT],0x0000eb309a3b8864
248224.0,3763330,python,[JIT],0x0000eb309a3be32c
248224.0,3763330,python,[JIT],0x0000eb309a4681d4
248224.0,3763330,python,[JIT],0x0000eb309a46827c
248223.0,3763421,python,[JIT],0x0000f70065d422f0
248223.0,3763421,python,[JIT],0x0000f70065d4c218
248223.0,3763421,python,[JIT],0x0000f70065d750a4
248223.0,3763238,python,[JIT],0x0000f6dc2fedac98
248223.0,3763238,python,[JIT],0x0000f6dc2fedc0fc
248223.0,3763238,python,[JIT],0x0000f6dc2ffb01cc
248223.0,3763330,python,[JIT],0x0000eb309a3b8b9c
248223.0,3763330,python,[JIT],0x0000eb309a3ba758
248223.0,3763330,python,[JIT],0x0000eb309a3be370
248223.0,3763211,python,[JIT],0x0000e406ca5be290
248223.0,3763357,python,[JIT],0x0000e7781b2dd050
248222.0,3763421,python,[JIT],0x0000f70065d42f64
248222.0,3763238,python,[JIT],0x0000f6dc2fede90c
248222.0,3763238,python,[JIT],0x0000f6dc2ff85e28
248222.0,3763190,python,[JIT],0x0000f1ba7f46b028
248222.0,3763190,python,[JIT],0x0000f1ba7f519088
248222.0,3763330,python,[JIT],0x0000eb309a3ba008
248222.0,3763330,python,[JIT],0x0000eb309a464058
248222.0,3763211,python,[JIT],0x0000e406ca5bdc80
248222.0,3763357,python,[JIT],0x0000e7781b2d66a8
248221.0,3763421,python,[JIT],0x0000f70065d42528
248221.0,3763238,python,[JIT],0x0000f6dc2ff85190
248221.0,3763190,python,[JIT],0x0000f1ba7f544274
248221.0,3763330,python,[JIT],0x0000eb309a3be74c
248221.0,3763330,python,[JIT],0x0000eb309a4654fc
248221.0,3763330,python,[JIT],0x0000eb309a465c90
248221.0,3763330,python,[JIT],0x0000eb309a466540
248221.0,3763211,python,[JIT],0x0000e406ca5bdf5c
248221.0,3763211,python,[JIT],0x0000e406ca6610c4
248221.0,3763211,python,[JIT],0x0000e406ca661210
248220.0,3763421,python,python,PyList_AsTuple
248220.0,3763421,python,[JIT],0x0000f70065c99c18
248220.0,3763421,python,[JIT],0x0000f70065d4233c
248220.0,3763421,python,[JIT],0x0000f70065d48f98
248220.0,3763421,python,[JIT],0x0000f70065d4c280
248220.0,3763330,python,[JIT],0x0000eb309a3ba334
248220.0,3763330,python,[JIT],0x0000eb309a465934
248220.0,3763330,python,[JIT],0x0000eb309a465f00
248219.0,3763421,python,[JIT],0x0000f70065d750e0
248219.0,3763421,python,python,PyWeakref_NewRef
248219.0,3763238,python,[JIT],0x0000f6dc2fede288
248219.0,3763238,python,[JIT],0x0000f6dc2fedefa4
248219.0,3763238,python,[JIT],0x0000f6dc2ff85d34
248219.0,3763330,python,[JIT],0x0000eb309a3bef70
248219.0,3763330,python,[JIT],0x0000eb309a3bc0d0
248219.0,3763330,python,[JIT],0x0000eb309a3bc994
248219.0,3763330,python,[JIT],0x0000eb309a3be474
248219.0,3763330,python,[JIT],0x0000eb309a464224
248219.0,3763211,python,[JIT],0x0000e406ca5b8918
248219.0,3763357,python,[JIT],0x0000e7781b2d6744
248218.0,3763421,python,[JIT],0x0000f70065d48628
248218.0,3763421,python,[JIT],0x0000f70065d4c0d4
248218.0,3763238,python,[JIT],0x0000f6dc2fede358
248218.0,3763330,python,[JIT],0x0000eb309a4643f4
248218.0,3763330,python,[JIT],0x0000eb309a465738
248218.0,3763211,python,[JIT],0x0000e406ca6611fc
248218.0,3763211,python,[JIT],0x0000e406ca68e020
248218.0,3763357,python,[kernel.kallsyms],__slab_free
248217.0,3763238,python,python,PyObject_IsInstance
248217.0,3763421,python,[JIT],0x0000f70065d410a0
248217.0,3763211,python,[JIT],0x0000e406ca5b8070
248217.0,3763238,python,[JIT],0x0000f6dc2fede7d4
248217.0,3763238,python,[JIT],0x0000f6dc2ff856b4
248217.0,3763238,python,[JIT],0x0000f6dc2ff85f68
248217.0,3763330,python,[JIT],0x0000eb309a3b8b88
248217.0,3763330,python,[JIT],0x0000eb309a466194
248216.0,3763421,python,[JIT],0x0000f70065d48fcc
248216.0,3763238,python,[JIT],0x0000f6dc2ff85c20
248216.0,3763190,python,python,gc_collect_main
248216.0,3763330,python,[JIT],0x0000eb309a3ba6ec
248216.0,3763330,python,[JIT],0x0000eb309a3baa08
248216.0,3763330,python,[JIT],0x0000eb309a465eec
248216.0,3763211,python,[JIT],0x0000e406ca5bd08c
248215.0,3763421,python,[JIT],0x0000f70065d7505c
248215.0,3763330,python,[JIT],0x0000eb309a465f6c
248215.0,3763211,python,[JIT],0x0000e406ca5b4bf4
248215.0,3763211,python,[JIT],0x0000e406ca5b80a8
248215.0,3763211,python,[JIT],0x0000e406ca68b190
248215.0,3763357,python,[JIT],0x0000e7781b2dc190
248215.0,3763357,python,[JIT],0x0000e7781b2dc38c
248214.0,3763421,python,[JIT],0x0000f70065d48a78
248214.0,3763238,python,[JIT],0x0000f6dc2fed3248
248214.0,3763238,python,[JIT],0x0000f6dc2feda420
248214.0,3763238,python,[JIT],0x0000f6dc2ffb00cc
248214.0,3763211,python,[JIT],0x0000e406ca5b4890
248213.0,3763421,python,[JIT],0x0000f70065c9b42c
248213.0,3763421,python,[JIT],0x0000f70065c9b814
248213.0,3763238,python,[JIT],0x0000f6dc2ff85bf4
248213.0,3763238,python,[JIT],0x0000f6dc2ff860c8
248213.0,3763330,python,[JIT],0x0000eb309a3b60f8
248213.0,3763330,python,[JIT],0x0000eb309a3b864c
248213.0,3763330,python,[JIT],0x0000eb309a465a88
248213.0,3763211,python,[JIT],0x0000e406ca5be57c
248212.0,3763421,python,[JIT],0x0000f70065c99b10
248212.0,3763421,python,[JIT],0x0000f70065d425f4
248212.0,3763421,python,[JIT],0x0000f70065d48fbc
248212.0,3763421,python,[JIT],0x0000f70065d75008
248212.0,3763421,python,[JIT],0x0000f70065d751c0
248212.0,3763421,python,[JIT],0x0000f70065d753c4
248212.0,3763238,python,[JIT],0x0000f6dc2fedc1dc
248212.0,3763330,python,[JIT],0x0000eb309a4680cc
248212.0,3763330,python,[JIT],0x0000eb309a3be6d4
248212.0,3763330,python,[JIT],0x0000eb309a46600c
248212.0,3763211,python,[JIT],0x0000e406ca5b427c
248212.0,3763211,python,[JIT],0x0000e406ca5be158
248212.0,3763211,python,[JIT],0x0000e406ca68b0c4
248211.0,3763421,python,python,PyMem_Realloc
248211.0,3763238,python,[JIT],0x0000f6dc2ff85134
248211.0,3763330,python,[JIT],0x0000eb309a465e00
248211.0,3763330,python,[JIT],0x0000eb309a491084
248211.0,3763211,python,[JIT],0x0000e406ca5bda58
248211.0,3763211,python,[JIT],0x0000e406ca5bf254
248210.0,3763421,python,[JIT],0x0000f70065c995ec
248210.0,3763421,python,[JIT],0x0000f70065c99a44
248210.0,3763238,python,[JIT],0x0000f6dc2ffb410c
248210.0,3763330,python,[JIT],0x0000eb309a4682a8
248210.0,3763211,python,[JIT],0x0000e406ca5b41fc
248209.0,3763421,python,[JIT],0x0000f70065d4c298
248209.0,3763330,python,[JIT],0x0000eb309a3ba668
248209.0,3763330,python,[JIT],0x0000eb309a4640f4
248209.0,3763330,python,[JIT],0x0000eb309a46656c
248209.0,3763330,python,[JIT],0x0000eb309a49029c
248209.0,3763211,python,[JIT],0x0000e406ca35c3a8
248209.0,3763211,python,[JIT],0x0000e406ca5b4570
248208.0,3763421,python,[JIT],0x0000f70065c95bfc
248208.0,3763421,python,[JIT],0x0000f70065d75090
248208.0,3763238,python,[JIT],0x0000f6dc2fedc3a0
248208.0,3763330,python,[JIT],0x0000eb309a3ba3f8
248208.0,3763330,python,[JIT],0x0000eb309a4650e8
248207.0,3763211,python,[JIT],0x0000e406ca6610d4
248207.0,3763238,python,[JIT],0x0000f6dc2ff852bc
248207.0,3763330,python,[JIT],0x0000eb309a3b8cf4
248207.0,3763330,python,[JIT],0x0000eb309a466568
248207.0,3763211,python,[JIT],0x0000e406ca5bdb24
248206.0,3763421,python,[JIT],0x0000f70065c95474
248206.0,3763421,python,[JIT],0x0000f70065c9981c
248206.0,3763330,python,[JIT],0x0000eb309a466024
248206.0,3763330,python,[JIT],0x0000eb309a490088
248206.0,3763211,python,[JIT],0x0000e406ca5bf258
248206.0,3763211,python,[JIT],0x0000e406ca68b0f4
248205.0,3763238,python,[JIT],0x0000f6dc2fedc988
248205.0,3763211,python,[JIT],0x0000e406ca5b84b0
248204.0,3763421,python,[JIT],0x0000f70065c9d1d8
248204.0,3763330,python,python,_PyErr_Restore
248204.0,3763330,python,python,lru_cache_call
248204.0,3763330,python,[JIT],0x0000eb309a465c5c
248204.0,3763330,python,[JIT],0x0000eb309a3bcc64
248204.0,3763330,python,[JIT],0x0000eb309a4640b8
248203.0,3763421,python,[JIT],0x0000f70065c998a4
248203.0,3763421,python,[JIT],0x0000f70065d423f4
248203.0,3763330,python,[JIT],0x0000eb309a3ba304
248203.0,3763330,python,[JIT],0x0000eb309a3be13c
248203.0,3763330,python,[JIT],0x0000eb309a491078
248202.0,3763421,python,[JIT],0x0000f70065d41484
248202.0,3763421,python,[JIT],0x0000f70065d48140
248202.0,3763421,python,[JIT],0x0000f70065d48ea4
248202.0,3763238,python,[JIT],0x0000f6dc2fed8784
248202.0,3763330,python,[JIT],0x0000eb309a3bac04
248202.0,3763211,python,[JIT],0x0000e406ca5bd798
248201.0,3763330,python,[JIT],0x0000eb309a3be4a0
248201.0,3763211,python,[JIT],0x0000e406ca6610d8
248200.0,3763421,python,[JIT],0x0000f70065d48bf4
248199.0,3763238,python,[JIT],0x0000f6dc2fed34fc
248199.0,3763330,python,[JIT],0x0000eb309a3ba9fc
248199.0,3763330,python,[JIT],0x0000eb309a3be8ec
248199.0,3763330,python,[JIT],0x0000eb309a468208
248199.0,3763211,python,[JIT],0x0000e406ca5b46c4
248198.0,3763421,python,[JIT],0x0000f70065d741dc
248198.0,3763238,python,[JIT],0x0000f6dc2fede3fc
248198.0,3763238,python,[JIT],0x0000f6dc2ff85a68
248198.0,3763190,python,[JIT],0x0000f1ba7f51b07c
248198.0,3763330,python,[JIT],0x0000eb309a3b8540
248198.0,3763330,python,[JIT],0x0000eb309a465dd8
248198.0,3763211,python,[JIT],0x0000e406ca68a998
248197.0,3763421,python,[JIT],0x0000f70065d411bc
248197.0,3763421,python,[JIT],0x0000f70065d48188
248197.0,3763421,python,[JIT],0x0000f70065d75464
248197.0,3763238,python,[JIT],0x0000f6dc2fed32f4
248197.0,3763330,python,[JIT],0x0000eb309a3bab10
248197.0,3763330,python,[JIT],0x0000eb309a4640f8
248197.0,3763330,python,[JIT],0x0000eb309a46571c
248197.0,3763330,python,[JIT],0x0000eb309a490368
248196.0,3763421,python,[JIT],0x0000f70065d4c0c4
248196.0,3763421,python,[JIT],0x0000f70065d740cc
248196.0,3763238,python,[JIT],0x0000f6dc2ff85124
248196.0,3763330,python,python,tuple_contains
248195.0,3763421,python,[JIT],0x0000f70065c94358
248195.0,3763421,python,[JIT],0x0000f70065c9902c
248195.0,3763421,python,[JIT],0x0000f70065d75158
248195.0,3763330,python,python,patch_aarch64_33rx
248194.0,3763421,python,[JIT],0x0000f70065d490e0
248194.0,3763330,python,[JIT],0x0000eb309a3ba748
248193.0,3763421,python,[JIT],0x0000f70065c9424c
248193.0,3763238,python,[JIT],0x0000f6dc2fed3468
248193.0,3763330,python,[JIT],0x0000eb309a4658f8
248193.0,3763330,python,[JIT],0x0000eb309a465b00
248193.0,3763330,python,[JIT],0x0000eb309a490908
248193.0,3763330,python,[JIT],0x0000eb309a49123c
248192.0,3763421,python,[JIT],0x0000f70065c9b2d8
248192.0,3763238,python,[JIT],0x0000f6dc2ff85788
248192.0,3763330,python,[JIT],0x0000eb309a468094
248191.0,3763330,python,[JIT],0x0000eb309a3bcba0
248190.0,3763238,python,[JIT],0x0000f6dc2ff85ca0
248190.0,3763330,python,[JIT],0x0000eb309a465eb0
248189.0,3763421,python,[JIT],0x0000f70065d48e14
248189.0,3763421,python,python,_Py_BuildMap_StackRefSteal
248189.0,3763211,python,[JIT],0x0000e406ca5b84a0
248188.0,3763238,python,[JIT],0x0000f6dc2ffb114c
248188.0,3763421,python,[JIT],0x0000f70065c9402c
248188.0,3763421,python,[JIT],0x0000f70065c9487c
248188.0,3763238,python,[JIT],0x0000f6dc2ff85d84
248187.0,3763421,python,[JIT],0x0000f70065d48be0
248187.0,3763330,python,[JIT],0x0000eb309a3ba1e0
248186.0,3763330,python,[JIT],0x0000eb309a3ba768
248186.0,3763330,python,[JIT],0x0000eb309a3bcb08
248186.0,3763330,python,[JIT],0x0000eb309a490114
248185.0,3763421,python,[JIT],0x0000f70065d41318
248185.0,3763330,python,[JIT],0x0000eb309a46632c
248185.0,3763211,python,[JIT],0x0000e406ca5bd4a8
248184.0,3763421,python,[JIT],0x0000f70065c9409c
248184.0,3763421,python,[JIT],0x0000f70065d75324
248183.0,3763330,python,[JIT],0x0000eb309a3ba830
248182.0,3763238,python,[JIT],0x0000f6dc2ffb0908
248182.0,3763330,python,[JIT],0x0000eb309a465fe0
248181.0,3763238,python,[JIT],0x0000f6dc2ffb1170
248180.0,3763421,python,[JIT],0x0000f70065c997dc
248180.0,3763190,python,[JIT],0x0000f1ba7f5431e4
248179.0,3763357,python,[JIT],0x0000e7781b2dd174
248178.0,3763330,python,[JIT],0x0000eb309a3b3880
248178.0,3763330,python,[JIT],0x0000eb309a3b63c8
248178.0,3763330,python,[JIT],0x0000eb309a3be670
248177.0,3763357,python,[JIT],0x0000e7781b2d345c
248175.0,3763421,python,[kernel.kallsyms],kmem_cache_alloc
248175.0,3763190,python,[JIT],0x0000f1ba7f51a3d8
248174.0,3763211,python,python,PySequence_Tuple
248173.0,3763330,python,[JIT],0x0000eb309a3b3194
248173.0,3763211,python,[JIT],0x0000e406ca5bd79c
248172.0,3763421,python,[JIT],0x0000f70065c9d5f0
248172.0,3763421,python,[JIT],0x0000f70065d4c1a4
248172.0,3763421,python,python,tuple_contains
248172.0,3763421,python,[JIT],0x0000f70065d47244
248172.0,3763330,python,[JIT],0x0000eb309a4911f8
248170.0,3763421,python,[JIT],0x0000f70065d48a24
248169.0,3763421,python,[JIT],0x0000f70065d491e8
248168.0,3763238,python,python,_PyDict_GetItemRef_KnownHash_LockHeld
248168.0,3763421,python,python,mappingproxy_contains
248168.0,3763330,python,[JIT],0x0000eb309a3be138
248167.0,3763190,python,[JIT],0x0000f1ba7f4697dc
248166.0,3763238,python,[JIT],0x0000f6dc2fede844
248165.0,3763190,python,[JIT],0x0000f1ba7f4696f8
248164.0,3763238,python,[JIT],0x0000f6dc2fed8b64
248161.0,3763330,python,[JIT],0x0000eb309a3be82c
248158.0,3763190,python,[JIT],0x0000f1ba7f469be8
248158.0,3763330,python,[JIT],0x0000eb309a3be150
248157.0,3763238,python,[JIT],0x0000f6dc2fed944c
248157.0,3763238,python,[JIT],0x0000f6dc2fede1d0
248157.0,3763190,python,[JIT],0x0000f1ba7f46a60c
248157.0,3763330,python,python,strchr@plt
248154.0,3763211,python,[JIT],0x0000e406ca5bdfbc
248153.0,3763330,python,[JIT],0x0000eb309a3ba5a4
248152.0,3763330,python,[JIT],0x0000eb309a4905a0
248150.0,3763211,python,python,wrapper_call
248148.0,3763357,python,[JIT],0x0000e7781b2d62b4
248144.0,3763357,python,[JIT],0x0000e7781b3093a0
248143.0,3763238,python,[JIT],0x0000f6dc2ff85db4
248141.0,3763330,python,[JIT],0x0000eb309a464184
248132.0,3763211,python,[JIT],0x0000e406ca5b8200
248125.0,3763190,python,[JIT],0x0000f1ba7f51a330
248125.0,3763357,python,[JIT],0x0000e7781b30814c
248124.0,3763330,python,[JIT],0x0000eb309a49019c
248122.0,3763238,python,[JIT],0x0000f6dc2fedabd8
248107.0,3763190,python,[JIT],0x0000f1ba7f46e08c
248104.0,3763238,python,[JIT],0x0000f6dc2fede4f0
248102.0,3763357,python,[JIT],0x0000e7781b2dc11c
248092.0,3763238,python,[JIT],0x0000f6dc2ff852f8
248089.0,3763421,python,[JIT],0x0000f70065d48c50
248088.0,3763190,python,python,PyObject_IS_GC
248088.0,3763357,python,[JIT],0x0000e7781b2d63f4
248081.0,3763330,python,[JIT],0x0000eb309a465424
248070.0,3763238,python,[JIT],0x0000f6dc2feda9f8
248070.0,3763238,python,[JIT],0x0000f6dc2ff85044
248059.0,3763330,python,[JIT],0x0000eb309a4900b0
248054.0,3763190,python,[JIT],0x0000f1ba7f469c3c
248051.0,3763238,python,[JIT],0x0000f6dc2ff863fc
248047.0,3763190,python,[JIT],0x0000f1ba7f51a1a4
248033.0,3763211,python,[JIT],0x0000e406ca5b4668
248030.0,3763238,python,[JIT],0x0000f6dc2ff85384
248030.0,3763211,python,[JIT],0x0000e406ca5be048
248024.0,3763190,python,[JIT],0x0000f1ba7f513fa0
248018.0,3763421,python,[JIT],0x0000f70065d4c3a8
248016.0,3763421,python,[JIT],0x0000f70065d42160
248007.0,3763421,python,[JIT],0x0000f70065d48870
247999.0,3763421,python,[JIT],0x0000f70065c9e6c8
247995.0,3763299,python,python,_PyThreadState_PushFrame
247984.0,3763357,python,[JIT],0x0000e7781b2dcbf4
247973.0,3763190,python,[JIT],0x0000f1ba7f46edfc
247963.0,3763238,python,[JIT],0x0000f6dc2fede290
247959.0,3763190,python,python,strchr@plt
247951.0,3763357,python,[JIT],0x0000e7781b2d6844
247949.0,3763357,python,[JIT],0x0000e7781b2e0244
247930.0,3763190,python,[JIT],0x0000f1ba7f46efcc
247919.0,3763330,python,[JIT],0x0000eb309a46561c
247905.0,3763421,python,[JIT],0x0000f70065d49150
247846.0,3763421,python,[JIT],0x0000f70065c9d400
247837.0,3763421,python,[JIT],0x0000f70065d741ac
247827.0,3763330,python,[JIT],0x0000eb309a490160
247818.0,3763190,python,[JIT],0x0000f1ba7f51a180
247797.0,3763421,python,[JIT],0x0000f70065c99408
247778.0,3763190,python,[JIT],0x0000f1ba7f46bd48
247764.0,3763357,python,[JIT],0x0000e7781b2de35c
247758.0,3763190,python,[JIT],0x0000f1ba7f544278
247754.0,3763238,python,[JIT],0x0000f6dc2ff8503c
247732.0,3763357,python,[JIT],0x0000e7781b2d656c
247708.0,3763211,python,[JIT],0x0000e406ca5b8178
247689.0,3763330,python,[JIT],0x0000eb309a3b324c
247682.0,3763211,python,[JIT],0x0000e406ca35c124
247641.0,3763190,python,[JIT],0x0000f1ba7f469b1c
247618.0,3763238,python,python,PyMem_Free
247588.0,3763238,python,[JIT],0x0000f6dc2ff85fbc
247563.0,3763357,python,[JIT],0x0000e7781b2d127c
247535.0,3763211,python,[JIT],0x0000e406ca5bdab4
247512.0,3763211,python,[JIT],0x0000e406ca5b44cc
247504.0,3763421,python,python,PyErr_GivenExceptionMatches
247449.0,3763190,python,[JIT],0x0000f1ba7f46d184
247373.0,3763211,python,[JIT],0x0000e406ca5b11b4
247350.0,3763190,python,[JIT],0x0000f1ba7f5130d0
247346.0,3763190,python,[JIT],0x0000f1ba7f5431d0
247289.0,3763421,python,[JIT],0x0000f70065d48048
247276.0,3763357,python,[JIT],0x0000e7781b309210
247205.0,3763330,python,[JIT],0x0000eb309a3ba144
247201.0,3763357,python,[JIT],0x0000e7781b2dd320
247129.0,3763357,python,[JIT],0x0000e7781b2d41ac
247038.0,3763357,python,[JIT],0x0000e7781b2dc408
246991.0,3763330,python,[JIT],0x0000eb309a3be6d8
246892.0,3763330,python,[JIT],0x0000eb309a465e24
246834.0,3763330,python,[JIT],0x0000eb309a3be834
246819.0,3763330,python,[JIT],0x0000eb309a3ba8c4
246667.0,3763190,python,[JIT],0x0000f1ba7f51b170
246647.0,3763211,python,[JIT],0x0000e406ca5b8544
246641.0,3763330,python,[JIT],0x0000eb309a466628
246368.0,3763190,python,libc.so.6,memcmp
246305.0,3763357,python,[JIT],0x0000e7781b229cec
246269.0,3763190,python,[JIT],0x0000f1ba7f544268
245951.0,3763330,python,[JIT],0x0000eb309a490574
245791.0,3763330,python,[JIT],0x0000eb309a3be1b8
245718.0,3763190,python,[JIT],0x0000f1ba7f5131e0
245549.0,3763330,python,[JIT],0x0000eb309a465d48
245524.0,3763357,python,[JIT],0x0000e7781b2dceb8
245340.0,3763190,python,[JIT],0x0000f1ba7f469668
245297.0,3763421,python,[JIT],0x0000f70065d48df0
245272.0,3763238,python,[JIT],0x0000f6dc2fed8040
245264.0,3763238,python,[JIT],0x0000f6dc2fedc548
245028.0,3763330,python,[JIT],0x0000eb309a3be1bc
244798.0,3763238,python,[JIT],0x0000f6dc2ff85320
244697.0,3763211,python,[JIT],0x0000e406ca68a1d4
244450.0,3763330,python,[JIT],0x0000eb309a465450
244371.0,3763357,python,python,AttributeError_dealloc
243927.0,3763421,python,[JIT],0x0000f70065c94094
243220.0,3763357,python,[JIT],0x0000e7781b309408
243151.0,3763330,python,[JIT],0x0000eb309a3ba844
243032.0,3763357,python,python,_PyEval_MonitorRaise
242880.0,3763190,python,[JIT],0x0000f1ba7f46ebe4
242825.0,3763421,python,[JIT],0x0000f70065c99178
242675.0,3763330,python,[JIT],0x0000eb309a49009c
242558.0,3763190,python,[JIT],0x0000f1ba7f513220
242299.0,3763330,python,[JIT],0x0000eb309a3b64ac
241571.0,3763211,python,[JIT],0x0000e406ca5be3d8
241571.0,3763211,python,[JIT],0x0000e406ca68b20c
241496.0,3763357,python,[JIT],0x0000e7781b2d3590
241263.0,3763211,python,[JIT],0x0000e406ca5b1008
239689.0,3763421,python,[JIT],0x0000f70065d488fc
239209.0,3763238,python,[JIT],0x0000f6dc2ff881f8
239022.0,3763190,python,[JIT],0x0000f1ba7f5439a4
239022.0,3763211,python,[JIT],0x0000e406ca5b4070
238248.0,3763330,python,[JIT],0x0000eb309a3be8e0
237343.0,3763357,python,[JIT],0x0000e7781b2dce64
237121.0,3763330,python,[JIT],0x0000eb309a3ba8d0
236367.0,3763299,python,python,_PyType_AllocNoTrack
235730.0,3763357,python,[JIT],0x0000e7781b2d6778
234562.0,3763357,python,[JIT],0x0000e7781b2dc608
234126.0,3763190,python,[JIT],0x0000f1ba7f513524
231871.0,3763357,python,[JIT],0x0000e7781b2d1b70
230945.0,3763190,python,[JIT],0x0000f1ba7f513f64
229585.0,3763421,python,[JIT],0x0000f70065c9b994
227880.0,3763357,python,[JIT],0x0000e7781b22e320
227792.0,3763190,python,[JIT],0x0000f1ba7f51b208
223732.0,3763421,python,[JIT],0x0000f70065d42920
220924.0,3763238,python,[JIT],0x0000f6dc2ff85cf0
219798.0,3763421,python,[JIT],0x0000f70065d4a308
215509.0,3763211,python,[JIT],0x0000e406ca68b19c
209626.0,3763357,python,[JIT],0x0000e7781b22e6a8
204375.0,3763211,python,[JIT],0x0000e406ca662094
196156.0,3763330,python,python,PyObject_VectorcallMethod
191083.0,3763421,python,[JIT],0x0000f70065d4c0b4
185966.0,3763211,python,python,set_table_resize
167991.0,3763330,python,python,_PyType_AllocNoTrack
158524.0,3763190,python,python,PyDict_Next
52377.0,3763211,python,python,_PySet_Contains
41896.0,3763238,python,[kernel.kallsyms],task_mm_cid_work
36712.0,3763330,python,[kernel.kallsyms],task_mm_cid_work
31048.0,3763299,python,[kernel.kallsyms],task_mm_cid_work
23565.0,3763190,python,[kernel.kallsyms],_find_next_bit
22807.0,3763421,python,[kernel.kallsyms],task_mm_cid_work
21223.0,3763238,python,[kernel.kallsyms],__rcu_read_unlock
19351.0,3763357,python,[kernel.kallsyms],task_mm_cid_work
19269.0,3763238,python,[kernel.kallsyms],_find_next_bit
19079.0,3763330,python,[kernel.kallsyms],_find_next_bit
18855.0,3763330,python,[kernel.kallsyms],sched_mm_cid_remote_clear
16060.0,3763299,python,[kernel.kallsyms],_raw_spin_unlock_irq
16045.0,3763211,python,[kernel.kallsyms],sched_mm_cid_remote_clear
11672.0,3763421,python,[kernel.kallsyms],do_notify_resume
10640.0,3763211,python,[kernel.kallsyms],_raw_spin_trylock
10640.0,3763211,python,[kernel.kallsyms],mem_cgroup_from_task
2644.0,3763238,python,[kernel.kallsyms],handle_softirqs
1966.0,3763357,python,[kernel.kallsyms],sched_mm_cid_remote_clear
1463.0,3763357,python,[kernel.kallsyms],do_notify_resume
1392.0,3763211,python,[kernel.kallsyms],_raw_spin_unlock_irq
1392.0,3763211,python,[kernel.kallsyms],handle_softirqs
1.0,3763357,python,[kernel.kallsyms],finish_task_switch.isra.0
1.0,3763238,python,[kernel.kallsyms],finish_task_switch.isra.0
1.0,3763421,python,[kernel.kallsyms],finish_task_switch.isra.0
1.0,3763211,python,[kernel.kallsyms],finish_task_switch.isra.0
1.0,3763299,python,[kernel.kallsyms],finish_task_switch.isra.0
1.0,3763421,python,[kernel.kallsyms],finish_task_switch.isra.0
1.0,3763238,python,[kernel.kallsyms],finish_task_switch.isra.0
1.0,3763330,python,[kernel.kallsyms],finish_task_switch.isra.0
1.0,3763190,python,[kernel.kallsyms],finish_task_switch.isra.0
1.0,3763330,python,[kernel.kallsyms],finish_task_switch.isra.0
1.0,3763211,python,[kernel.kallsyms],finish_task_switch.isra.0
1.0,3763357,python,[kernel.kallsyms],finish_task_switch.isra.0
